t,bridge_q,tip_y,pan_y,pan_pitch,hinge_drift,pipes_inside,pipes_crossed,gate_q,bridge_prop_angle,rack_hand_work,bridge_hand_work,plastic_work,penetration,plastic_front,ke,pe
0.00277777777778,-4.93714014738e-06,0.599900901318,2.40002346039,2.65409926214e-06,7.64428114053e-06,0,0,0,0.0166674368083,0,0,0,0,0,1.90380870576,705562.058412
0.0138888888889,-7.43695782148e-05,0.598512709141,2.400370121,3.85711064155e-06,1.692981823e-05,0,0,0,0.0166674368083,0,0,0,0,0,47.5442228123,705508.579661
0.025,-0.000223165130592,0.595537006855,2.40111446381,3.85711064155e-06,7.62939453125e-06,0,0,0,0.0166674368083,0,0,0,0,0,154.047345255,705394.028029
0.0361111111111,-0.000451319559943,0.59097391367,2.40225505829,3.85711064155e-06,7.62939453125e-06,0,0,0,0.0166674368083,0,0,0,0,0,321.420842052,705218.342412
0.0472222222222,-0.00075883284444,0.584823668003,2.40379238129,3.85711064155e-06,8.74788293004e-06,0,0,0,0.0166674368083,0,0,0,0,0,549.678875458,704981.565553
0.0583333333333,-0.00102565239649,0.579487681389,2.40512537956,5.61235810892e-06,1.57474751177e-05,0,0,0,0.0166674368083,0,0,0,0,0,10.6321444602,704774.929337
0.0694444444444,-0.00102565239649,0.579487860203,2.40512633324,4.43056342192e-06,1.57572849275e-05,0,0,0,0.0166674368083,0,0,0,0,0,15.1231439277,704770.333308
0.0805555555556,-0.00102565239649,0.579487860203,2.40512728691,4.43056342192e-06,1.57572849275e-05,0,0,0,0.0166674368083,0,0,0,0,0,20.3343906493,704765.028714
0.0916666666667,-0.00102565239649,0.579487860203,2.40512824059,4.43056342192e-06,1.57572849275e-05,0,0,0,0.0166674368083,0,0,0,0,0,26.3895138285,704758.900831
0.102777777778,-0.00102565239649,0.579487860203,2.40512919426,4.43056342192e-06,1.57861195476e-05,0,0,0,0.0166674368083,0,0,0,0,0,33.1694423852,704752.024505
0.113888888889,-0.00102565239649,0.579487860203,2.40512919426,4.43056342192e-06,1.57861195476e-05,0,0,0,0.0166674368083,0,0,0,0,0,40.7820988668,704744.315535
0.125,-0.00102565239649,0.579487860203,2.40512919426,4.43056342192e-06,1.57861195476e-05,0,0,0,0.0166674368083,0,0,0,0,0,49.123231178,704735.895544
0.136111111111,-0.00102565239649,0.579487860203,2.40512919426,4.43056342192e-06,1.57861195476e-05,0,0,0,0.0166674368083,0,0,0,0,0,58.3383128603,704726.577421
0.147222222222,-0.00102565239649,0.579487860203,2.40512919426,4.43056342192e-06,1.57861195476e-05,0,0,0,0.0166674368083,0,0,0,0,0,68.2148949092,704716.62312
0.158333333333,-0.00102565239649,0.579487860203,2.40512919426,4.43056342192e-06,1.57861195476e-05,0,0,0,0.0166674368083,0,0,0,0,0,78.9231210382,704705.808109
0.169444444444,-0.00102565239649,0.579487860203,2.40512919426,4.43056342192e-06,1.57861195476e-05,0,0,0,0.0166674368083,0,0,0,0,0,90.4099653412,704694.244655
0.180555555556,-0.00102565239649,0.579487860203,2.40512919426,4.43056342192e-06,1.57861195476e-05,0,0,0,0.0166674368083,0,0,0,0,0,102.709301303,704681.82049
0.191666666667,-0.00102565239649,0.579487860203,2.40512919426,4.43056342192e-06,1.57861195476e-05,0,0,0,0.0166674368083,0,0,0,0,0,115.720247698,704668.722726
0.202777777778,-0.00102565239649,0.579487860203,2.40512919426,4.43056342192e-06,1.57861195476e-05,0,0,0,0.0166674368083,0,0,0,0,0,129.537185076,704654.839096
0.213888888889,-0.00102565239649,0.579487860203,2.40512919426,4.43056342192e-06,1.57861195476e-05,0,0,0,0.0166674368083,0,0,0,0,0,144.116948033,704640.207022
0.225,-0.00102565239649,0.579487860203,2.40512919426,4.43056342192e-06,1.57861195476e-05,0,0,0,0.0166674368083,0,0,0,0,0,159.483795297,704624.729207
0.236111111111,-0.00102565239649,0.579487860203,2.40512919426,4.43056342192e-06,1.57861195476e-05,0,0,0,0.0166674368083,0,0,0,0,0,175.639837571,704608.450558
0.247222222222,-0.00102565239649,0.579487860203,2.40512919426,4.43056342192e-06,1.57861195476e-05,0,0,0,0.0166674368083,0,0,0,0,0,192.584196075,704591.423464
0.258333333333,-0.00102565239649,0.579487860203,2.40512919426,4.43056342192e-06,1.57861195476e-05,0,0,0,0.0166674368083,0,0,0,0,0,210.319166554,704573.573083
0.269444444444,-0.00102565239649,0.579487860203,2.40512919426,4.43056342192e-06,1.57861195476e-05,0,0,0,0.0166674368083,0,0,0,0,0,228.847262867,704554.936836
0.280555555556,-0.00102565239649,0.579487860203,2.40512919426,4.43056342192e-06,1.57861195476e-05,0,0,0,0.0166674368083,0,0,0,0,0,248.026030489,704535.664412
0.291666666667,-0.00102565239649,0.579487860203,2.40512919426,4.43056342192e-06,1.57861195476e-05,0,0,0,0.0166674368083,0,0,0,0,0,268.034095711,704515.568699
0.302777777778,-0.00102565239649,0.579487860203,2.40512919426,4.43056342192e-06,1.57861195476e-05,0,0,8.9550143457e-05,0.0166674368083,0,0,0,0,0,232.049817594,704499.867427
0.313888888889,-0.00102565239649,0.579487860203,2.40512919426,4.43056342192e-06,2.29130055232e-05,0,0,-7.69877951825e-05,0.0166674368083,0,0,0,0,0,249.114616159,704481.062617
0.325,-0.00102565239649,0.579487860203,2.40512919426,4.43056342192e-06,2.29130055232e-05,0,0,-0.000164458222571,0.0166674368083,0,0,0,0,0,266.576883361,704463.470448
0.336111111111,-0.00102565239649,0.579487860203,2.40512919426,4.43056342192e-06,2.29130055232e-05,0,0,-0.000216384039959,0.0166674368083,0,0,0,0,0,284.889375577,704445.040023
0.347222222222,-0.00102565239649,0.579487860203,2.40512919426,4.43056342192e-06,2.29130055232e-05,0,0,-0.000231889280258,0.0166674368083,0,0,0,0,0,303.884991747,704425.919159
0.358333333333,-0.00102565239649,0.579487860203,2.40512919426,4.43056342192e-06,2.29130055232e-05,0,0,-0.000216646585613,0.0166674368083,0,0,0,0,0,323.709406237,704405.99746
0.369444444444,-0.00102565239649,0.579487860203,2.40512919426,4.43056342192e-06,2.29130055232e-05,0,0,-0.00014518496755,0.0166674368083,0,0,0,0,0,305.778578141,704388.351029
0.380555555556,-0.00102565239649,0.579487860203,2.40512919426,4.43056342192e-06,1.57861195476e-05,0,0,2.62536400442e-06,0.0166674368083,0,0,0,0,0,280.378349613,704382.788643
0.391666666667,-0.00102565239649,0.579487860203,2.40512919426,4.43056342192e-06,1.57861195476e-05,0,0,1.57377071446e-05,0.0166674368083,0,0,0,0,0,298.315246317,704353.872779
0.402777777778,-0.00102565239649,0.579487860203,2.40512919426,4.43056342192e-06,1.57861195476e-05,0,0,1.57377071446e-05,0.0166674368083,0,0,0,0,0,306.77251842,704334.667715
0.413888888889,-0.00102565239649,0.579487860203,2.40512919426,4.43056342192e-06,1.57861195476e-05,0,0,1.57377071446e-05,0.0166674368083,0,0,0,0,0,323.856820662,704317.535839
0.425,-0.00102565239649,0.579487860203,2.40512919426,4.43056342192e-06,1.57861195476e-05,0,0,1.57377071446e-05,0.0166674368083,0,0,0,0,0,341.407589913,704299.90812
0.436111111111,-0.00102565239649,0.579487860203,2.40512919426,4.43056342192e-06,1.57861195476e-05,0,0,1.57377071446e-05,0.0166674368083,0,0,0,0,0,294.130600364,704286.958174
0.447222222222,-0.00102565239649,0.579487860203,2.40512919426,4.43056342192e-06,1.57861195476e-05,0,0,3.42426246789e-05,0.0166674368083,0,0,0,0,0,258.178855789,704283.876925
0.458333333333,-0.00102565239649,0.579487860203,2.40512919426,4.43056342192e-06,1.57861195476e-05,0,0,3.42426246789e-05,0.0166674368083,0,0,0,0,0,264.664932252,704257.956543
0.469444444444,-0.00102565239649,0.579487860203,2.40512919426,4.43056342192e-06,1.57861195476e-05,0,0,3.42426246789e-05,0.0166674368083,0,0,0,0,0,277.517441184,704243.973745
0.480555555556,-0.00102565239649,0.579487860203,2.40512919426,4.43056342192e-06,1.57861195476e-05,0,0,3.42426246789e-05,0.0166674368083,0,0,0,0,0,290.774973673,704230.664545
0.491666666667,-0.00102565239649,0.579487860203,2.40512919426,4.43056342192e-06,1.57861195476e-05,0,0,3.42426246789e-05,0.0166674368083,0,0,0,0,0,242.01210983,704220.985297
0.502777777778,-0.00102565239649,0.579487860203,2.40512919426,4.43056342192e-06,1.57861195476e-05,0,0,4.1961302486e-05,0.0166674368083,0,0,0,0,0,176.701587936,704225.833341
0.513888888889,-0.00102565239649,0.579487860203,2.40512919426,4.43056342192e-06,1.57861195476e-05,0,0,4.1961302486e-05,0.0166674368083,0,0,0,0,0,174.159797406,704215.678715
0.525,-0.00102565239649,0.579487860203,2.40512919426,4.43056342192e-06,1.57861195476e-05,0,0,4.1961302486e-05,0.0166674368083,0,0,0,0,0,177.318272497,704196.838517
0.536111111111,-0.00102565239649,0.579487860203,2.40512919426,4.43056342192e-06,1.57861195476e-05,0,0,4.1961302486e-05,0.0166674368083,0,0,0,0,0,180.870974559,704187.529749
0.547222222222,-0.00102565239649,0.579487860203,2.40512919426,4.43056342192e-06,1.57861195476e-05,0,0,4.47087622888e-05,0.0166674368083,0,0,0,0,0,57.6613817601,704195.193601
0.558333333333,-0.00102565239649,0.579487860203,2.40512919426,4.43056342192e-06,1.57861195476e-05,0,0,4.47087622888e-05,0.0166674368083,0,0,0,0,0,19.5010594744,704203.839646
0.569444444444,-0.00102565239649,0.579487860203,2.40512919426,4.43056342192e-06,1.57861195476e-05,0,0,4.47087622888e-05,0.0166674368083,0,0,0,0,0,11.6701557568,704195.047187
0.580555555556,-0.00102565239649,0.579487860203,2.40512919426,4.43056342192e-06,1.57861195476e-05,0,0,4.47087622888e-05,0.0166674368083,0,0,0,0,0,0.458743603325,704181.086842
0.591666666667,-0.00102565239649,0.579487860203,2.40512919426,4.43056342192e-06,1.57861195476e-05,0,0,4.47087622888e-05,0.0166674368083,0,0,0,0,0,5.19367701017e-05,704181.086842
0.602777777778,-0.00102565239649,0.579487860203,2.40512919426,4.43056342192e-06,1.57861195476e-05,0,0,4.47087622888e-05,0.0166674368083,0,0,0,0,0,5.19360212704e-05,704181.086842
0.613888888889,-0.00102565239649,0.579487860203,2.40512919426,4.43056342192e-06,1.57861195476e-05,0,0,4.47087622888e-05,0.0166674368083,0,0,0,0,0,5.19359072445e-05,704181.086842
0.625,-0.00102565239649,0.579487860203,2.40512919426,4.43056342192e-06,1.57861195476e-05,0,0,4.47087622888e-05,0.0166674368083,0,0,0,0,0,5.19362658845e-05,704181.086842
0.636111111111,-0.00102565239649,0.579487860203,2.40512919426,4.43056342192e-06,1.57861195476e-05,0,0,4.47087622888e-05,0.0166674368083,0,0,0,0,0,5.19359320784e-05,704181.086842
0.647222222222,-0.00102565239649,0.579487860203,2.40512919426,4.43056342192e-06,1.57861195476e-05,0,0,4.47087622888e-05,0.0166674368083,0,0,0,0,0,5.19526710724e-05,704181.086842
0.658333333333,-0.00102565239649,0.579487860203,2.40512919426,4.43056342192e-06,1.57861195476e-05,0,0,4.47087622888e-05,0.0166674368083,0,0,0,0,0,5.19537674536e-05,704181.086842
0.669444444444,-0.00102565239649,0.579487860203,2.40512919426,4.43056342192e-06,1.57861195476e-05,0,0,4.47087622888e-05,0.0166674368083,0,0,0,0,0,5.19532694872e-05,704181.086842
0.680555555556,-0.00102565239649,0.579487860203,2.40512919426,4.43056342192e-06,1.57861195476e-05,0,0,4.47087622888e-05,0.0166674368083,0,0,0,0,0,5.19525472693e-05,704181.086842
0.691666666667,-0.00102565239649,0.579487860203,2.40512919426,4.43056342192e-06,1.57861195476e-05,0,0,4.47087622888e-05,0.0166674368083,0,0,0,0,0,5.19537634267e-05,704181.086842
0.702777777778,-0.00102565239649,0.579487860203,2.40512919426,4.43056342192e-06,1.57861195476e-05,0,0,4.47087622888e-05,0.0166674368083,0,0,0,0,0,5.19548275467e-05,704181.086842
0.713888888889,-0.00102565239649,0.579487860203,2.40512919426,4.43056342192e-06,1.57861195476e-05,0,0,4.47087622888e-05,0.0166674368083,0,0,0,0,0,5.19538517528e-05,704181.086842
0.725,-0.00102565239649,0.579487860203,2.40512919426,4.43056342192e-06,1.57861195476e-05,0,0,4.47087622888e-05,0.0166674368083,0,0,0,0,0,5.19537384328e-05,704181.086842
0.736111111111,-0.00102565239649,0.579487860203,2.40512919426,4.43056342192e-06,1.57861195476e-05,0,0,4.47087622888e-05,0.0166674368083,0,0,0,0,0,5.19549976781e-05,704181.086842
0.747222222222,-0.00102565239649,0.579487860203,2.40512919426,4.43056342192e-06,1.57861195476e-05,0,0,4.47087622888e-05,0.0166674368083,0,0,0,0,0,5.19673669608e-05,704181.086842
0.758333333333,-0.00102565239649,0.579487860203,2.40512919426,4.43056342192e-06,1.57861195476e-05,0,0,4.47087622888e-05,0.0166674368083,0,0,0,0,0,5.18147864831e-05,704181.086842
0.769444444444,-0.00102565239649,0.579487860203,2.40512919426,4.43056342192e-06,1.57861195476e-05,0,0,4.47087622888e-05,0.0166674368083,0,0,0,0,0,5.18148451519e-05,704181.086842
0.780555555556,-0.00102565239649,0.579487860203,2.40512919426,4.43056342192e-06,1.57861195476e-05,0,0,4.47087622888e-05,0.0166674368083,0,0,0,0,0,5.18147664018e-05,704181.086842
0.791666666667,-0.00102565239649,0.579487860203,2.40512919426,4.43056342192e-06,1.57861195476e-05,0,0,4.47087622888e-05,0.0166674368083,0,0,0,0,0,5.18145286209e-05,704181.086842
0.802777777778,-0.00102565239649,0.579487860203,2.40512919426,4.43056342192e-06,1.57861195476e-05,0,0,4.47087622888e-05,0.0166674368083,0,0,0,0,0,5.18149175565e-05,704181.086842
0.813888888889,-0.00102565239649,0.579487860203,2.40512919426,4.43056342192e-06,1.57861195476e-05,0,0,4.47087622888e-05,0.0166674368083,0,0,0,0,0,5.18136390337e-05,704181.086842
0.825,-0.00102565239649,0.579487860203,2.40512919426,4.43056342192e-06,1.57861195476e-05,0,0,4.47087622888e-05,0.0166674368083,0,0,0,0,0,5.18147919713e-05,704181.086842
0.836111111111,-0.00102565239649,0.579487860203,2.40512919426,4.43056342192e-06,1.57861195476e-05,0,0,4.47087622888e-05,0.0166674368083,0,0,0,0,0,5.18144940099e-05,704181.086842
0.847222222222,-0.00102565239649,0.579487860203,2.40512919426,4.43056342192e-06,1.57861195476e-05,0,0,4.47087622888e-05,0.0166674368083,0,0,0,0,0,5.181335343e-05,704181.086842
0.858333333333,-0.00102565239649,0.579487860203,2.40512919426,4.43056342192e-06,1.57861195476e-05,0,0,4.47087622888e-05,0.0166674368083,0,0,0,0,0,5.18435089055e-05,704181.086842
0.869444444444,-0.00102565239649,0.579487860203,2.40512919426,4.43056342192e-06,1.57861195476e-05,0,0,4.47087622888e-05,0.0166674368083,0,0,0,0,0,5.18477067734e-05,704181.086842
0.880555555556,-0.00102565239649,0.579487860203,2.40512919426,4.43056342192e-06,1.57861195476e-05,0,0,4.47087622888e-05,0.0166674368083,0,0,0,0,0,5.18476463174e-05,704181.086842
0.891666666667,-0.00102565239649,0.579487860203,2.40512919426,4.43056342192e-06,1.57861195476e-05,0,0,4.47087622888e-05,0.0166674368083,0,0,0,0,0,5.18485314065e-05,704181.086842
0.902777777778,-0.00102565239649,0.579487860203,2.40512919426,4.43056342192e-06,1.57861195476e-05,0,0,4.47087622888e-05,0.0166674368083,0,0,0,0,0,5.18496354191e-05,704181.086842
0.913888888889,-0.00102565239649,0.579487860203,2.40512919426,4.43056342192e-06,1.57861195476e-05,0,0,4.47087622888e-05,0.0166674368083,0,0,0,0,0,5.18497744308e-05,704181.086842
0.925,-0.00102565239649,0.579487860203,2.40512919426,4.43056342192e-06,1.57861195476e-05,0,0,4.47087622888e-05,0.0166674368083,0,0,0,0,0,5.18507250379e-05,704181.086842
0.936111111111,-0.00102565239649,0.579487860203,2.40512919426,4.43056342192e-06,1.57861195476e-05,0,0,4.47087622888e-05,0.0166674368083,0,0,0,0,0,5.18507728592e-05,704181.086842
0.947222222222,-0.00102565239649,0.579487860203,2.40512919426,4.43056342192e-06,1.57861195476e-05,0,0,4.47087622888e-05,0.0166674368083,0,0,0,0,0,5.18506760484e-05,704181.086842
0.958333333333,-0.00102565239649,0.579487860203,2.40512919426,4.43056342192e-06,1.57861195476e-05,0,0,4.47087622888e-05,0.0166674368083,0,0,0,0,0,5.185244513e-05,704181.086842
0.969444444444,-0.00102565239649,0.579487860203,2.40512919426,4.43056342192e-06,1.57861195476e-05,0,0,4.47087622888e-05,0.0166674368083,0,0,0,0,0,5.18520077634e-05,704181.086842
0.980555555556,-0.00102565239649,0.579487860203,2.40512919426,4.43056342192e-06,1.57861195476e-05,0,0,4.47087622888e-05,0.0166674368083,0,0,0,0,0,5.18527036982e-05,704181.086842
0.991666666667,-0.00102565239649,0.579487860203,2.40512919426,4.43056342192e-06,1.57861195476e-05,0,0,4.47087622888e-05,0.0166674368083,0,0,0,0,0,5.18529482502e-05,704181.086842
1.00277777778,-0.00102565239649,0.579487860203,2.40512919426,4.43056342192e-06,1.57861195476e-05,0,0,4.47087622888e-05,0.0166674368083,0,0,0,0,0,5.18542778946e-05,704181.086842
1.01388888889,-0.00102565239649,0.579487860203,2.40512919426,4.43056342192e-06,1.57861195476e-05,0,0,4.47087622888e-05,0.0166674368083,0,0,0,0,0,5.18546516993e-05,704181.086842
1.025,-0.00102565239649,0.579487860203,2.40512919426,4.43056342192e-06,1.57861195476e-05,0,0,4.47087622888e-05,0.0166674368083,0,0,0,0,0,5.18550756874e-05,704181.086842
1.03611111111,-0.00102565239649,0.579487860203,2.40512919426,4.43056342192e-06,1.57861195476e-05,0,0,4.47087622888e-05,0.0166674368083,0,0,0,0,0,5.1856658683e-05,704181.086842
1.04722222222,-0.00102565239649,0.579487860203,2.40512919426,4.43056342192e-06,1.57861195476e-05,0,0,4.47087622888e-05,0.0166674368083,0,0,0,0,0,5.18569284407e-05,704181.086842
1.05833333333,-0.00102565239649,0.579487860203,2.40512919426,4.43056342192e-06,1.57861195476e-05,0,0,4.47087622888e-05,0.0166674368083,0,0,0,0,0,5.18763754453e-05,704181.086842
1.06944444444,-0.00102565239649,0.579487860203,2.40512919426,4.43056342192e-06,1.57861195476e-05,0,0,4.47087622888e-05,0.0166674368083,0,0,0,0,0,5.1936290817e-05,704181.086842
1.08055555556,-0.00102565239649,0.579487860203,2.40512919426,4.43056342192e-06,1.57861195476e-05,0,0,4.47087622888e-05,0.0166674368083,0,0,0,0,0,5.19326702045e-05,704181.086842
1.09166666667,-0.00102565239649,0.579487860203,2.40512919426,4.43056342192e-06,1.57861195476e-05,0,0,4.47087622888e-05,0.0166674368083,0,0,0,0,0,5.21112222438e-05,704181.086842
1.10277777778,-0.00102565239649,0.579487860203,2.40512919426,4.43056342192e-06,1.57861195476e-05,0,0,4.47087622888e-05,0.0166674368083,0,0,0,0,0,5.22514440222e-05,704181.086842
1.11388888889,-0.00102565239649,0.579487860203,2.40512919426,4.43056342192e-06,1.57861195476e-05,0,0,4.47087622888e-05,0.0166674368083,0,0,0,0,0,5.22172088685e-05,704181.086842
1.125,-0.00102565239649,0.579487860203,2.40512919426,4.43056342192e-06,1.57861195476e-05,0,0,4.47087622888e-05,0.0166674368083,0,0,0,0,0,5.2195284566e-05,704181.086842
1.13611111111,-0.00102565239649,0.579487860203,2.40512919426,4.43056342192e-06,1.57861195476e-05,0,0,4.47087622888e-05,0.0166674368083,0,0,0,0,0,5.21700736494e-05,704181.086842
1.14722222222,-0.00102565239649,0.579487860203,2.40512919426,4.43056342192e-06,1.57861195476e-05,0,0,4.47087622888e-05,0.0166674368083,0,0,0,0,0,5.21436028494e-05,704181.086842
1.15833333333,-0.00102565239649,0.579487860203,2.40512919426,4.43056342192e-06,1.57861195476e-05,0,0,4.47087622888e-05,0.0166674368083,0,0,0,0,0,5.21194230784e-05,704181.086842
1.16944444444,-0.00102565239649,0.579487860203,2.40512919426,4.43056342192e-06,1.57861195476e-05,0,0,4.47087622888e-05,0.0166674368083,0,0,0,0,0,5.20991615178e-05,704181.086842
1.18055555556,-0.00102565239649,0.579487860203,2.40512919426,4.43056342192e-06,1.57861195476e-05,0,0,4.47087622888e-05,0.0166674368083,0,0,0,0,0,5.20835889786e-05,704181.086842
1.19166666667,-0.00102565239649,0.579487860203,2.40512919426,4.43056342192e-06,1.57861195476e-05,0,0,4.47087622888e-05,0.0166674368083,0,0,0,0,0,5.20711549443e-05,704181.086842
1.20277777778,-0.00102565239649,0.579487860203,2.40512919426,4.43056342192e-06,1.57861195476e-05,0,0,4.47087622888e-05,0.0166674368083,0,0,0,0,0,5.2060726096e-05,704181.086842
1.21388888889,-0.00102565239649,0.579487860203,2.40512919426,4.43056342192e-06,1.57861195476e-05,0,0,4.47087622888e-05,0.0166674368083,0,0,0,0,0,5.20532681351e-05,704181.086842
1.225,-0.00102565239649,0.579487860203,2.40512919426,4.43056342192e-06,1.57861195476e-05,0,0,4.47087622888e-05,0.0166674368083,0,0,0,0,0,5.20486742543e-05,704181.086842
1.23611111111,-0.00102565239649,0.579487860203,2.40512919426,4.43056342192e-06,1.57861195476e-05,0,0,4.47087622888e-05,0.0166674368083,0,0,0,0,0,5.20449153267e-05,704181.086842
1.24722222222,-0.00102565239649,0.579487860203,2.40512919426,4.43056342192e-06,1.57861195476e-05,0,0,4.47087622888e-05,0.0166674368083,0,0,0,0,0,5.20421003624e-05,704181.086842
1.25833333333,-0.00102565239649,0.579487860203,2.40512919426,4.43056342192e-06,1.57861195476e-05,0,0,4.47087622888e-05,0.0166674368083,0,0,0,0,0,5.20398451712e-05,704181.086842
1.26944444444,-0.00102565239649,0.579487860203,2.40512919426,4.43056342192e-06,1.57861195476e-05,0,0,4.47087622888e-05,0.0166674368083,0,0,0,0,0,5.20379718109e-05,704181.086842
1.28055555556,-0.00102565239649,0.579487860203,2.40512919426,4.43056342192e-06,1.57861195476e-05,0,0,4.47087622888e-05,0.0166674368083,0,0,0,0,0,5.20367696831e-05,704181.086842
1.29166666667,-0.00102565239649,0.579487860203,2.40512919426,4.43056342192e-06,1.57861195476e-05,0,0,4.47087622888e-05,0.0166674368083,0,0,0,0,0,5.20380156089e-05,704181.086842
1.30277777778,-0.00102565239649,0.579487860203,2.40512919426,4.43056342192e-06,1.57861195476e-05,0,0,4.47087622888e-05,0.0166674368083,0,0,0,0,0,5.20376847832e-05,704181.086842
1.31388888889,-0.00102565239649,0.579487860203,2.40512919426,4.43056342192e-06,1.57861195476e-05,0,0,4.47087622888e-05,0.0166674368083,0,0,0,0,0,5.20379162615e-05,704181.086842
1.325,-0.00102565239649,0.579487860203,2.40512919426,4.43056342192e-06,1.57861195476e-05,0,0,4.47087622888e-05,0.0166674368083,0,0,0,0,0,5.2038439929e-05,704181.086842
1.33611111111,-0.00102565239649,0.579487860203,2.40512919426,4.43056342192e-06,1.57861195476e-05,0,0,4.47087622888e-05,0.0166674368083,0,0,0,0,0,5.20394074766e-05,704181.086842
1.34722222222,-0.00102565239649,0.579487860203,2.40512919426,4.43056342192e-06,1.57861195476e-05,0,0,4.47087622888e-05,0.0166674368083,0,0,0,0,0,5.20407334602e-05,704181.086842
1.35833333333,-0.00102565239649,0.579487860203,2.40512919426,4.43056342192e-06,1.57861195476e-05,0,0,4.47087622888e-05,0.0166674368083,0,0,0,0,0,5.20419053179e-05,704181.086842
1.36944444444,-0.00102565239649,0.579487860203,2.40512919426,4.43056342192e-06,1.57861195476e-05,0,0,4.47087622888e-05,0.0166674368083,0,0,0,0,0,5.20426231148e-05,704181.086842
1.38055555556,-0.00102565239649,0.579487860203,2.40512919426,4.43056342192e-06,1.57861195476e-05,0,0,4.47087622888e-05,0.0166674368083,0,0,0,0,0,5.2044333496e-05,704181.086842
1.39166666667,-0.00102565239649,0.579487860203,2.40512919426,4.43056342192e-06,1.57861195476e-05,0,0,4.47087622888e-05,0.0166674368083,0,0,0,0,0,5.2045781607e-05,704181.086842
1.40277777778,-0.00102565239649,0.579487860203,2.40512919426,4.43056342192e-06,1.57861195476e-05,0,0,4.47087622888e-05,0.0166674368083,0,0,0,0,0,5.20464407162e-05,704181.086842
1.41388888889,-0.00102565239649,0.579487860203,2.40512919426,4.43056342192e-06,1.57861195476e-05,0,0,4.47087622888e-05,0.0166674368083,0,0,0,0,0,5.20476969613e-05,704181.086842
1.425,-0.00102565239649,0.579487860203,2.40512919426,4.43056342192e-06,1.57861195476e-05,0,0,4.47087622888e-05,0.0166674368083,0,0,0,0,0,5.20479386343e-05,704181.086842
1.43611111111,-0.00102565239649,0.579487860203,2.40512919426,4.43056342192e-06,1.57861195476e-05,0,0,4.47087622888e-05,0.0166674368083,0,0,0,0,0,5.2047783799e-05,704181.086842
1.44722222222,-0.00102565239649,0.579487860203,2.40512919426,4.43056342192e-06,1.57861195476e-05,0,0,4.47087622888e-05,0.0166674368083,0,0,0,0,0,5.20480814665e-05,704181.086842
1.45833333333,-0.00102565239649,0.579487860203,2.40512919426,4.43056342192e-06,1.57861195476e-05,0,0,4.47087622888e-05,0.0166674368083,0,0,0,0,0,5.20478060268e-05,704181.086842
1.46944444444,-0.00102565239649,0.579487860203,2.40512919426,4.43056342192e-06,1.57861195476e-05,0,0,4.47087622888e-05,0.0166674368083,0,0,0,0,0,5.20486032259e-05,704181.086842
1.48055555556,-0.00102565239649,0.579487860203,2.40512919426,4.43056342192e-06,1.57861195476e-05,0,0,4.47087622888e-05,0.0166674368083,0,0,0,0,0,5.20475752355e-05,704181.086842
1.49166666667,-0.00102565239649,0.579487860203,2.40512919426,4.43056342192e-06,1.57861195476e-05,0,0,4.47087622888e-05,0.0166674368083,0,0,0,0,0,5.20471561428e-05,704181.086842
1.50277777778,-0.00102565239649,0.579487860203,2.40512919426,4.43056342192e-06,1.57861195476e-05,0,0,4.47087622888e-05,0.0166674368083,0,0,0,0,0,5.20460143337e-05,704181.086842
1.51388888889,-0.00102565239649,0.579487860203,2.40512919426,4.43056342192e-06,1.57861195476e-05,0,0,4.47087622888e-05,0.0166674368083,0,0,0,0,0,5.20460315774e-05,704181.086842
1.525,-0.00102565239649,0.579487860203,2.40512919426,4.43056342192e-06,1.57861195476e-05,0,0,4.47087622888e-05,0.0166674368083,0,0,0,0,0,5.20462458665e-05,704181.086842
1.53611111111,-0.00102565239649,0.579487860203,2.40512919426,4.43056342192e-06,1.57861195476e-05,0,0,4.47087622888e-05,0.0166674368083,0,0,0,0,0,5.20450176932e-05,704181.086842
1.54722222222,-0.00102565239649,0.579487860203,2.40512919426,4.43056342192e-06,1.57861195476e-05,0,0,4.47087622888e-05,0.0166674368083,0,0,0,0,0,5.20443127874e-05,704181.086842
1.55833333333,-0.00102565239649,0.579487860203,2.40512919426,4.43056342192e-06,1.57861195476e-05,0,0,4.47087622888e-05,0.0166674368083,0,0,0,0,0,5.20449964647e-05,704181.086842
1.56944444444,-0.00102565239649,0.579487860203,2.40512919426,4.43056342192e-06,1.57861195476e-05,0,0,4.47087622888e-05,0.0166674368083,0,0,0,0,0,5.20446040291e-05,704181.086842
1.58055555556,-0.00102565239649,0.579487860203,2.40512919426,4.43056342192e-06,1.57861195476e-05,0,0,4.47087622888e-05,0.0166674368083,0,0,0,0,0,5.20440423855e-05,704181.086842
1.59166666667,-0.00102565239649,0.579487860203,2.40512919426,4.43056342192e-06,1.57861195476e-05,0,0,4.47087622888e-05,0.0166674368083,0,0,0,0,0,5.20445072623e-05,704181.086842
1.60277777778,-0.00102565239649,0.579487860203,2.40512919426,4.43056342192e-06,1.57861195476e-05,0,0,4.47087622888e-05,0.0166674368083,0,0,0,0,0,5.20441621698e-05,704181.086842
1.61388888889,-0.00102565239649,0.579487860203,2.40512919426,4.43056342192e-06,1.57861195476e-05,0,0,4.47087622888e-05,0.0166674368083,0,0,0,0,0,5.2043083265e-05,704181.086842
1.625,-0.00102565239649,0.579487860203,2.40512919426,4.43056342192e-06,1.57861195476e-05,0,0,4.47087622888e-05,0.0166674368083,0,0,0,0,0,5.20430216686e-05,704181.086842
1.63611111111,-0.00102565239649,0.579487860203,2.40512919426,4.43056342192e-06,1.57861195476e-05,0,0,4.47087622888e-05,0.0166674368083,0,0,0,0,0,5.20435607924e-05,704181.086842
1.64722222222,-0.00102565239649,0.579487860203,2.40512919426,4.43056342192e-06,1.57861195476e-05,0,0,4.47087622888e-05,0.0166674368083,0,0,0,0,0,5.20434104039e-05,704181.086842
1.65833333333,-0.00102565239649,0.579487860203,2.40512919426,4.43056342192e-06,1.57861195476e-05,0,0,4.47087622888e-05,0.0166674368083,0,0,0,0,0,5.20429741329e-05,704181.086842
1.66944444444,-0.00102565239649,0.579487860203,2.40512919426,4.43056342192e-06,1.57861195476e-05,0,0,4.47087622888e-05,0.0166674368083,0,0,0,0,0,5.20439431159e-05,704181.086842
1.68055555556,-0.00102565239649,0.579487860203,2.40512919426,4.43056342192e-06,1.57861195476e-05,0,0,4.47087622888e-05,0.0166674368083,0,0,0,0,0,5.20433584266e-05,704181.086842
1.69166666667,-0.00102565239649,0.579487860203,2.40512919426,4.43056342192e-06,1.57861195476e-05,0,0,4.47087622888e-05,0.0166674368083,0,0,0,0,0,5.2044243029e-05,704181.086842
1.70277777778,-0.00102565239649,0.579487860203,2.40512919426,4.43056342192e-06,1.57861195476e-05,0,0,4.47087622888e-05,0.0166674368083,0,0,0,0,0,5.20437842375e-05,704181.086842
1.71388888889,-0.00102565239649,0.579487860203,2.40512919426,4.43056342192e-06,1.57861195476e-05,0,0,4.47087622888e-05,0.0166674368083,0,0,0,0,0,5.2043117e-05,704181.086842
1.725,-0.00102565239649,0.579487860203,2.40512919426,4.43056342192e-06,1.57861195476e-05,0,0,4.47087622888e-05,0.0166674368083,0,0,0,0,0,5.20430723184e-05,704181.086842
1.73611111111,-0.00102565239649,0.579487860203,2.40512919426,4.43056342192e-06,1.57861195476e-05,0,0,4.47087622888e-05,0.0166674368083,0,0,0,0,0,5.20435848665e-05,704181.086842
1.74722222222,-0.00102565239649,0.579487860203,2.40512919426,4.43056342192e-06,1.57861195476e-05,0,0,4.47087622888e-05,0.0166674368083,0,0,0,0,0,5.20443307232e-05,704181.086842
1.75833333333,-0.00102565239649,0.579487860203,2.40512919426,4.43056342192e-06,1.57861195476e-05,0,0,4.47087622888e-05,0.0166674368083,0,0,0,0,0,5.2044019579e-05,704181.086842
1.76944444444,-0.00102565239649,0.579487860203,2.40512919426,4.43056342192e-06,1.57861195476e-05,0,0,4.47087622888e-05,0.0166674368083,0,0,0,0,0,5.20431201694e-05,704181.086842
1.78055555556,-0.00102565239649,0.579487860203,2.40512919426,4.43056342192e-06,1.57861195476e-05,0,0,4.47087622888e-05,0.0166674368083,0,0,0,0,0,5.20442156347e-05,704181.086842
1.79166666667,-0.00102565239649,0.579487860203,2.40512919426,4.43056342192e-06,1.57861195476e-05,0,0,4.47087622888e-05,0.0166674368083,0,0,0,0,0,5.20444191899e-05,704181.086842
1.80277777778,-0.00102565239649,0.579487860203,2.40512919426,4.43056342192e-06,1.57861195476e-05,0,0,4.47087622888e-05,0.0166674368083,0,0,0,0,0,5.20433490167e-05,704181.086842
1.81388888889,-0.00102565239649,0.579487860203,2.40512919426,4.43056342192e-06,1.57861195476e-05,0,0,4.47087622888e-05,0.0166674368083,0,0,0,0,0,5.20437268724e-05,704181.086842
1.825,-0.00102565239649,0.579487860203,2.40512919426,4.43056342192e-06,1.57861195476e-05,0,0,4.47087622888e-05,0.0166674368083,0,0,0,0,0,5.20434398623e-05,704181.086842
1.83611111111,-0.00102565239649,0.579487860203,2.40512919426,4.43056342192e-06,1.57861195476e-05,0,0,4.47087622888e-05,0.0166674368083,0,0,0,0,0,5.20435256118e-05,704181.086842
1.84722222222,-0.00102565239649,0.579487860203,2.40512919426,4.43056342192e-06,1.57861195476e-05,0,0,4.47087622888e-05,0.0166674368083,0,0,0,0,0,5.20439675689e-05,704181.086842
1.85833333333,-0.00102565239649,0.579487860203,2.40512919426,4.43056342192e-06,1.57861195476e-05,0,0,4.47087622888e-05,0.0166674368083,0,0,0,0,0,5.2043460949e-05,704181.086842
1.86944444444,-0.00102565239649,0.579487860203,2.40512919426,4.43056342192e-06,1.57861195476e-05,0,0,4.47087622888e-05,0.0166674368083,0,0,0,0,0,5.20437365462e-05,704181.086842
1.88055555556,-0.00102565239649,0.579487860203,2.40512919426,4.43056342192e-06,1.57861195476e-05,0,0,4.47087622888e-05,0.0166674368083,0,0,0,0,0,5.20441770141e-05,704181.086842
1.89166666667,-0.00102565239649,0.579487860203,2.40512919426,4.43056342192e-06,1.57861195476e-05,0,0,4.47087622888e-05,0.0166674368083,0,0,0,0,0,5.20435412097e-05,704181.086842
1.90277777778,-0.00102565239649,0.579487860203,2.40512919426,4.43056342192e-06,1.57861195476e-05,0,0,4.47087622888e-05,0.0166674368083,0,0,0,0,0,5.20438980317e-05,704181.086842
1.91388888889,-0.00102565239649,0.579487860203,2.40512919426,4.43056342192e-06,1.57861195476e-05,0,0,4.47087622888e-05,0.0166674368083,0,0,0,0,0,5.20439576567e-05,704181.086842
1.925,-0.00102565239649,0.579487860203,2.40512919426,4.43056342192e-06,1.57861195476e-05,0,0,4.47087622888e-05,0.0166674368083,0,0,0,0,0,5.20440428046e-05,704181.086842
1.93611111111,-0.00102565239649,0.579487860203,2.40512919426,4.43056342192e-06,1.57861195476e-05,0,0,4.47087622888e-05,0.0166674368083,0,0,0,0,0,5.20448293858e-05,704181.086842
1.94722222222,-0.00102565239649,0.579487860203,2.40512919426,4.43056342192e-06,1.57861195476e-05,0,0,4.47087622888e-05,0.0166674368083,0,0,0,0,0,5.20444450274e-05,704181.086842
1.95833333333,-0.00102565239649,0.579487860203,2.40512919426,4.43056342192e-06,1.57861195476e-05,0,0,4.47087622888e-05,0.0166674368083,0,0,0,0,0,5.20439949871e-05,704181.086842
1.96944444444,-0.00102565239649,0.579487860203,2.40512919426,4.43056342192e-06,1.57861195476e-05,0,0,4.47087622888e-05,0.0166674368083,0,0,0,0,0,5.20439001839e-05,704181.086842
1.98055555556,-0.00102565239649,0.579487860203,2.40512919426,4.43056342192e-06,1.57861195476e-05,0,0,4.47087622888e-05,0.0166674368083,0,0,0,0,0,5.204427077e-05,704181.086842
1.99166666667,-0.00102565239649,0.579487860203,2.40512919426,4.43056342192e-06,1.57861195476e-05,0,0,4.47087622888e-05,0.0166674368083,0,0,0,0,0,5.20437023003e-05,704181.086842
2.00277777778,-0.00102565239649,0.579487860203,2.40512919426,4.43056342192e-06,1.57861195476e-05,0,0,4.47087622888e-05,0.0166674368083,0,0,0,0,0,5.20439885321e-05,704181.086842
2.01388888889,-0.00102565239649,0.579487860203,2.40512919426,4.43056342192e-06,1.57861195476e-05,0,0,4.47087622888e-05,0.0166674368083,0,0,0,0,0,5.2044792683e-05,704181.086842
2.025,-0.00102565239649,0.579487860203,2.40512919426,4.43056342192e-06,1.57861195476e-05,0,0,4.47087622888e-05,0.0166674368083,0,0,0,0,0,5.20440834764e-05,704181.086842
2.03611111111,-0.00102565239649,0.579487860203,2.40512919426,4.43056342192e-06,1.57861195476e-05,0,0,4.47087622888e-05,0.0166674368083,0,0,0,0,0,5.20439659007e-05,704181.086842
2.04722222222,-0.00102565239649,0.579487860203,2.40512919426,4.43056342192e-06,1.57861195476e-05,0,0,4.47087622888e-05,0.0166674368083,0,0,0,0,0,5.20451039693e-05,704181.086842
2.05833333333,-0.00102565239649,0.579487860203,2.40512919426,4.43056342192e-06,1.57861195476e-05,0,0,4.47087622888e-05,0.0166674368083,0,0,0,0,0,5.20447611057e-05,704181.086842
2.06944444444,-0.00102565239649,0.579487860203,2.40512919426,4.43056342192e-06,1.57861195476e-05,0,0,4.47087622888e-05,0.0166674368083,0,0,0,0,0,5.20458178799e-05,704181.086842
2.08055555556,-0.00102565239649,0.579487860203,2.40512919426,4.43056342192e-06,1.57861195476e-05,0,0,4.47087622888e-05,0.0166674368083,0,0,0,0,0,5.20438772695e-05,704181.086842
2.09166666667,-0.00102565239649,0.579487860203,2.40512919426,4.43056342192e-06,1.57861195476e-05,0,0,4.47087622888e-05,0.0166674368083,0,0,0,0,0,5.20440672342e-05,704181.086842
2.10277777778,-0.00102565239649,0.579487860203,2.40512919426,4.43056342192e-06,1.57861195476e-05,0,0,4.47087622888e-05,0.0166674368083,0,0,0,0,0,5.20446175488e-05,704181.086842
2.11388888889,-0.00102565239649,0.579487860203,2.40512919426,4.43056342192e-06,1.57861195476e-05,0,0,4.47087622888e-05,0.0166674368083,0,0,0,0,0,5.20448941131e-05,704181.086842
2.125,-0.00102565239649,0.579487860203,2.40512919426,4.43056342192e-06,1.57861195476e-05,0,0,4.47087622888e-05,0.0166674368083,0,0,0,0,0,5.20447647667e-05,704181.086842
2.13611111111,-0.00102565239649,0.579487860203,2.40512919426,4.43056342192e-06,1.57861195476e-05,0,0,4.47087622888e-05,0.0166674368083,0,0,0,0,0,5.20256566307e-05,704181.086842
2.14722222222,-0.00102565239649,0.579487860203,2.40512919426,4.43056342192e-06,1.57861195476e-05,0,0,4.47087622888e-05,0.0166674368083,0,0,0,0,0,5.20254871106e-05,704181.086842
2.15833333333,-0.00102565239649,0.579487860203,2.40512919426,4.43056342192e-06,1.57861195476e-05,0,0,4.47087622888e-05,0.0166674368083,0,0,0,0,0,5.20256691633e-05,704181.086842
2.16944444444,-0.00102565239649,0.579487860203,2.40512919426,4.43056342192e-06,1.57861195476e-05,0,0,4.47087622888e-05,0.0166674368083,0,0,0,0,0,5.20253941226e-05,704181.086842
2.18055555556,-0.00102565239649,0.579487860203,2.40512919426,4.43056342192e-06,1.57861195476e-05,0,0,4.47087622888e-05,0.0166674368083,0,0,0,0,0,5.2025916844e-05,704181.086842
2.19166666667,-0.00102565239649,0.579487860203,2.40512919426,4.43056342192e-06,1.57861195476e-05,0,0,4.47087622888e-05,0.0166674368083,0,0,0,0,0,5.20254762827e-05,704181.086842
2.20277777778,-0.00102565239649,0.579487860203,2.40512919426,4.43056342192e-06,1.57861195476e-05,0,0,4.47087622888e-05,0.0166674368083,0,0,0,0,0,5.20259441462e-05,704181.086842
2.21388888889,-0.00102565239649,0.579487860203,2.40512919426,4.43056342192e-06,1.57861195476e-05,0,0,4.47087622888e-05,0.0166674368083,0,0,0,0,0,5.2025617674e-05,704181.086842
2.225,-0.00102565239649,0.579487860203,2.40512919426,4.43056342192e-06,1.57861195476e-05,0,0,4.47087622888e-05,0.0166674368083,0,0,0,0,0,5.20256236765e-05,704181.086842
2.23611111111,-0.00102565239649,0.579487860203,2.40512919426,4.43056342192e-06,1.57861195476e-05,0,0,4.47087622888e-05,0.0166674368083,0,0,0,0,0,5.2025631794e-05,704181.086842
2.24722222222,-0.00102565239649,0.579487860203,2.40512919426,4.43056342192e-06,1.57861195476e-05,0,0,4.47087622888e-05,0.0166674368083,0,0,0,0,0,5.20257533309e-05,704181.086842
2.25833333333,-0.00102565239649,0.579487860203,2.40512919426,4.43056342192e-06,1.57861195476e-05,0,0,4.47087622888e-05,0.0166674368083,0,0,0,0,0,5.20258279385e-05,704181.086842
2.26944444444,-0.00102565239649,0.579487860203,2.40512919426,4.43056342192e-06,1.57861195476e-05,0,0,4.47087622888e-05,0.0166674368083,0,0,0,0,0,5.20260475654e-05,704181.086842
2.28055555556,-0.00102565239649,0.579487860203,2.40512919426,4.43056342192e-06,1.57861195476e-05,0,0,4.47087622888e-05,0.0166674368083,0,0,0,0,0,5.20257721715e-05,704181.086842
2.29166666667,-0.00102565239649,0.579487860203,2.40512919426,4.43056342192e-06,1.57861195476e-05,0,0,4.47087622888e-05,0.0166674368083,0,0,0,0,0,5.20257107733e-05,704181.086842
2.30277777778,-0.00102565239649,0.579487860203,2.40512919426,4.43056342192e-06,1.57861195476e-05,0,0,4.47087622888e-05,0.0166674368083,0,0,0,0,0,5.20264981353e-05,704181.086842
2.31388888889,-0.00102565239649,0.579487860203,2.40512919426,4.43056342192e-06,1.57861195476e-05,0,0,4.47087622888e-05,0.0166674368083,0,0,0,0,0,5.20262282221e-05,704181.086842
2.325,-0.00102565239649,0.579487860203,2.40512919426,4.43056342192e-06,1.57861195476e-05,0,0,4.47087622888e-05,0.0166674368083,0,0,0,0,0,5.20272314308e-05,704181.086842
2.33611111111,-0.00102565239649,0.579487860203,2.40512919426,4.43056342192e-06,1.57861195476e-05,0,0,4.47087622888e-05,0.0166674368083,0,0,0,0,0,5.20260491146e-05,704181.086842
2.34722222222,-0.00102565239649,0.579487860203,2.40512919426,4.43056342192e-06,1.57861195476e-05,0,0,4.47087622888e-05,0.0166674368083,0,0,0,0,0,5.20266667527e-05,704181.086842
2.35833333333,-0.00102565239649,0.579487860203,2.40512919426,4.43056342192e-06,1.57861195476e-05,0,0,4.47087622888e-05,0.0166674368083,0,0,0,0,0,5.20276340772e-05,704181.086842
2.36944444444,-0.00102565239649,0.579487860203,2.40512919426,4.43056342192e-06,1.57861195476e-05,0,0,4.47087622888e-05,0.0166674368083,0,0,0,0,0,5.20268534143e-05,704181.086842
2.38055555556,-0.00102565239649,0.579487860203,2.40512919426,4.43056342192e-06,1.57861195476e-05,0,0,4.47087622888e-05,0.0166674368083,0,0,0,0,0,5.20268697843e-05,704181.086842
2.39166666667,-0.00102565239649,0.579487860203,2.40512919426,4.43056342192e-06,1.57861195476e-05,0,0,4.47087622888e-05,0.0166674368083,0,0,0,0,0,5.20266198747e-05,704181.086842
2.40277777778,-0.00102565239649,0.579487860203,2.40512919426,4.43056342192e-06,1.57861195476e-05,0,0,4.47087622888e-05,0.0166674368083,0,0,0,0,0,5.2026847734e-05,704181.086842
2.41388888889,-0.00102565239649,0.579487860203,2.40512919426,4.43056342192e-06,1.57861195476e-05,0,0,4.47087622888e-05,0.0166674368083,0,0,0,0,0,5.20269815823e-05,704181.086842
2.425,-0.00102565239649,0.579487860203,2.40512919426,4.43056342192e-06,1.57861195476e-05,0,0,4.47087622888e-05,0.0166674368083,0,0,0,0,0,5.202632452e-05,704181.086842
2.43611111111,-0.00102565239649,0.579487860203,2.40512919426,4.43056342192e-06,1.57861195476e-05,0,0,4.47087622888e-05,0.0166674368083,0,0,0,0,0,5.20276196984e-05,704181.086842
2.44722222222,-0.00102565239649,0.579487860203,2.40512919426,4.43056342192e-06,1.57861195476e-05,0,0,4.47087622888e-05,0.0166674368083,0,0,0,0,0,5.20260737611e-05,704181.086842
2.45833333333,-0.00102565239649,0.579487860203,2.40512919426,4.43056342192e-06,1.57861195476e-05,0,0,4.47087622888e-05,0.0166674368083,0,0,0,0,0,5.20263719582e-05,704181.086842
2.46944444444,-0.00102565239649,0.579487860203,2.40512919426,4.43056342192e-06,1.57861195476e-05,0,0,4.47087622888e-05,0.0166674368083,0,0,0,0,0,5.20266942374e-05,704181.086842
2.48055555556,-0.00102565239649,0.579487860203,2.40512919426,4.43056342192e-06,1.57861195476e-05,0,0,4.47087622888e-05,0.0166674368083,0,0,0,0,0,5.20264789826e-05,704181.086842
2.49166666667,-0.00102565239649,0.579487860203,2.40512919426,4.43056342192e-06,1.57861195476e-05,0,0,4.47087622888e-05,0.0166674368083,0,0,0,0,0,5.20271338645e-05,704181.086842
2.50277777778,-0.00102565239649,0.579487860203,2.40512919426,4.43056342192e-06,1.57861195476e-05,0,0,4.47087622888e-05,0.0166674368083,0,0,0,0,0,5.20266239108e-05,704181.086842
2.51388888889,-0.00102565239649,0.579487860203,2.40512919426,4.43056342192e-06,1.57861195476e-05,0,0,4.47087622888e-05,0.0166674368083,0,0,0,0,0,5.20272421089e-05,704181.086842
2.525,-0.00102565239649,0.579487860203,2.40512919426,4.43056342192e-06,1.57861195476e-05,0,0,4.47087622888e-05,0.0166674368083,0,0,0,0,0,5.2026348005e-05,704181.086842
2.53611111111,-0.00102565239649,0.579487860203,2.40512919426,4.43056342192e-06,1.57861195476e-05,0,0,4.47087622888e-05,0.0166674368083,0,0,0,0,0,5.20264227186e-05,704181.086842
2.54722222222,-0.00102565239649,0.579487860203,2.40512919426,4.43056342192e-06,1.57861195476e-05,0,0,4.47087622888e-05,0.0166674368083,0,0,0,0,0,5.20277539008e-05,704181.086842
2.55833333333,-0.00102565239649,0.579487860203,2.40512919426,4.43056342192e-06,1.57861195476e-05,0,0,4.47087622888e-05,0.0166674368083,0,0,0,0,0,5.20273406315e-05,704181.086842
2.56944444444,-0.00102565239649,0.579487860203,2.40512919426,4.43056342192e-06,1.57861195476e-05,0,0,4.47087622888e-05,0.0166674368083,0,0,0,0,0,5.20270948398e-05,704181.086842
2.58055555556,-0.00102565239649,0.579487860203,2.40512919426,4.43056342192e-06,1.57861195476e-05,0,0,4.47087622888e-05,0.0166674368083,0,0,0,0,0,5.20263857604e-05,704181.086842
2.59166666667,-0.00102565239649,0.579487860203,2.40512919426,4.43056342192e-06,1.57861195476e-05,0,0,4.47087622888e-05,0.0166674368083,0,0,0,0,0,5.20269774266e-05,704181.086842
2.60277777778,-0.00102565239649,0.579487860203,2.40512919426,4.43056342192e-06,1.57861195476e-05,0,0,4.47087622888e-05,0.0166674368083,0,0,0,0,0,5.20269116631e-05,704181.086842
2.61388888889,-0.00102565239649,0.579487860203,2.40512919426,4.43056342192e-06,1.57861195476e-05,0,0,4.47087622888e-05,0.0166674368083,0,0,0,0,0,5.20263535129e-05,704181.086842
2.625,-0.00102565239649,0.579487860203,2.40512919426,4.43056342192e-06,1.57861195476e-05,0,0,4.47087622888e-05,0.0166674368083,0,0,0,0,0,5.2027370652e-05,704181.086842
2.63611111111,-0.00102565239649,0.579487860203,2.40512919426,4.43056342192e-06,1.57861195476e-05,0,0,4.47087622888e-05,0.0166674368083,0,0,0,0,0,5.20275536496e-05,704181.086842
2.64722222222,-0.00102565239649,0.579487860203,2.40512919426,4.43056342192e-06,1.57861195476e-05,0,0,4.47087622888e-05,0.0166674368083,0,0,0,0,0,5.20275127736e-05,704181.086842
2.65833333333,-0.00102565239649,0.579487860203,2.40512919426,4.43056342192e-06,1.57861195476e-05,0,0,4.47087622888e-05,0.0166674368083,0,0,0,0,0,5.20270458034e-05,704181.086842
2.66944444444,-0.00102565239649,0.579487860203,2.40512919426,4.43056342192e-06,1.57861195476e-05,0,0,4.47087622888e-05,0.0166674368083,0,0,0,0,0,5.20271006647e-05,704181.086842
2.68055555556,-0.00102565239649,0.579487860203,2.40512919426,4.43056342192e-06,1.57861195476e-05,0,0,4.47087622888e-05,0.0166674368083,0,0,0,0,0,5.20270575895e-05,704181.086842
2.69166666667,-0.00102565239649,0.579487860203,2.40512919426,4.43056342192e-06,1.57861195476e-05,0,0,4.47087622888e-05,0.0166674368083,0,0,0,0,0,5.20271464489e-05,704181.086842
2.70277777778,-0.00102565239649,0.579487860203,2.40512919426,4.43056342192e-06,1.57861195476e-05,0,0,4.47087622888e-05,0.0166674368083,0,0,0,0,0,5.20267534111e-05,704181.086842
2.71388888889,-0.00102565239649,0.579487860203,2.40512919426,4.43056342192e-06,1.57861195476e-05,0,0,4.47087622888e-05,0.0166674368083,0,0,0,0,0,5.20274625601e-05,704181.086842
2.725,-0.00102565239649,0.579487860203,2.40512919426,4.43056342192e-06,1.57861195476e-05,0,0,4.47087622888e-05,0.0166674368083,0,0,0,0,0,5.20268951053e-05,704181.086842
2.73611111111,-0.00102565239649,0.579487860203,2.40512919426,4.43056342192e-06,1.57861195476e-05,0,0,4.47087622888e-05,0.0166674368083,0,0,0,0,0,5.20274399826e-05,704181.086842
2.74722222222,-0.00102565239649,0.579487860203,2.40512919426,4.43056342192e-06,1.57861195476e-05,0,0,4.47087622888e-05,0.0166674368083,0,0,0,0,0,5.20281227737e-05,704181.086842
2.75833333333,-0.00102565239649,0.579487860203,2.40512919426,4.43056342192e-06,1.57861195476e-05,0,0,4.47087622888e-05,0.0166674368083,0,0,0,0,0,5.20277683938e-05,704181.086842
2.76944444444,-0.00102565239649,0.579487860203,2.40512919426,4.43056342192e-06,1.57861195476e-05,0,0,4.47087622888e-05,0.0166674368083,0,0,0,0,0,5.20266931197e-05,704181.086842
2.78055555556,-0.00102565239649,0.579487860203,2.40512919426,4.43056342192e-06,1.57861195476e-05,0,0,4.47087622888e-05,0.0166674368083,0,0,0,0,0,5.2027741513e-05,704181.086842
2.79166666667,-0.00102565239649,0.579487860203,2.40512919426,4.43056342192e-06,1.57861195476e-05,0,0,4.47087622888e-05,0.0166674368083,0,0,0,0,0,5.20271137256e-05,704181.086842
2.80277777778,-0.00102565239649,0.579487860203,2.40512919426,4.43056342192e-06,1.57861195476e-05,0,0,4.47087622888e-05,0.0166674368083,0,0,0,0,0,5.20284682894e-05,704181.086842
2.81388888889,-0.00102565239649,0.579487860203,2.40512919426,4.43056342192e-06,1.57861195476e-05,0,0,4.47087622888e-05,0.0166674368083,0,0,0,0,0,5.20273621406e-05,704181.086842
2.825,-0.00102565239649,0.579487860203,2.40512919426,4.43056342192e-06,1.57861195476e-05,0,0,4.47087622888e-05,0.0166674368083,0,0,0,0,0,5.20283946279e-05,704181.086842
2.83611111111,-0.00102565239649,0.579487860203,2.40512919426,4.43056342192e-06,1.57861195476e-05,0,0,4.47087622888e-05,0.0166674368083,0,0,0,0,0,5.20273817859e-05,704181.086842
2.84722222222,-0.00102565239649,0.579487860203,2.40512919426,4.43056342192e-06,1.57861195476e-05,0,0,4.47087622888e-05,0.0166674368083,0,0,0,0,0,5.20271447655e-05,704181.086842
2.85833333333,-0.00102565239649,0.579487860203,2.40512919426,4.43056342192e-06,1.57861195476e-05,0,0,4.47087622888e-05,0.0166674368083,0,0,0,0,0,5.20276472717e-05,704181.086842
2.86944444444,-0.00102565239649,0.579487860203,2.40512919426,4.43056342192e-06,1.57861195476e-05,0,0,4.47087622888e-05,0.0166674368083,0,0,0,0,0,5.20280140029e-05,704181.086842
2.88055555556,-0.00102565239649,0.579487860203,2.40512919426,4.43056342192e-06,1.57861195476e-05,0,0,4.47087622888e-05,0.0166674368083,0,0,0,0,0,5.20272924841e-05,704181.086842
2.89166666667,-0.00102565239649,0.579487860203,2.40512919426,4.43056342192e-06,1.57861195476e-05,0,0,4.47087622888e-05,0.0166674368083,0,0,0,0,0,5.20276373923e-05,704181.086842
2.90277777778,-0.00102565239649,0.579487860203,2.40512919426,4.43056342192e-06,1.57861195476e-05,0,0,4.47087622888e-05,0.0166674368083,0,0,0,0,0,5.20280582522e-05,704181.086842
2.91388888889,-0.00102565239649,0.579487860203,2.40512919426,4.43056342192e-06,1.57861195476e-05,0,0,4.47087622888e-05,0.0166674368083,0,0,0,0,0,5.20275285117e-05,704181.086842
2.925,-0.00102565239649,0.579487860203,2.40512919426,4.43056342192e-06,1.57861195476e-05,0,0,4.47087622888e-05,0.0166674368083,0,0,0,0,0,5.20271153093e-05,704181.086842
2.93611111111,-0.00102565239649,0.579487860203,2.40512919426,4.43056342192e-06,1.57861195476e-05,0,0,4.47087622888e-05,0.0166674368083,0,0,0,0,0,5.20281398059e-05,704181.086842
2.94722222222,-0.00102565239649,0.579487860203,2.40512919426,4.43056342192e-06,1.57861195476e-05,0,0,4.47087622888e-05,0.0166674368083,0,0,0,0,0,5.20284755669e-05,704181.086842
2.95833333333,-0.00102565239649,0.579487860203,2.40512919426,4.43056342192e-06,1.57861195476e-05,0,0,4.47087622888e-05,0.0166674368083,0,0,0,0,0,5.20283139907e-05,704181.086842
2.96944444444,-0.00102565239649,0.579487860203,2.40512919426,4.43056342192e-06,1.57861195476e-05,0,0,4.47087622888e-05,0.0166674368083,0,0,0,0,0,5.20274061106e-05,704181.086842
2.98055555556,-0.00102565239649,0.579487860203,2.40512919426,4.43056342192e-06,1.57861195476e-05,0,0,4.47087622888e-05,0.0166674368083,0,0,0,0,0,5.20281231836e-05,704181.086842
2.99166666667,-0.00102565239649,0.579487860203,2.40512919426,4.43056342192e-06,1.57861195476e-05,0,0,4.47087622888e-05,0.0166674368083,0,0,0,0,0,5.20278404376e-05,704181.086842
3.00277777778,-0.00102565239649,0.579487860203,2.40512919426,4.43056342192e-06,1.57861195476e-05,0,0,4.47087622888e-05,0.0166674368083,0.00343322753906,0,0,0,0,0.00172975245504,704181.086842
3.01388888889,-0.00102565239649,0.579487860203,2.40512919426,4.43056342192e-06,1.57861195476e-05,0,0,4.47087622888e-05,0.0166674368083,0.025749206543,0,0,0,0,0.01097405789,704181.086842
3.025,-0.00102565239649,0.579487860203,2.40512919426,4.43056342192e-06,1.57861195476e-05,0,0,4.47087622888e-05,0.0166674368083,0.0682353973389,0,0,0,0,0.0311032991334,704181.086842
3.03611111111,-0.00102565239649,0.579487860203,2.40512919426,4.43056342192e-06,1.57861195476e-05,0,0,4.47087622888e-05,0.0166674368083,0.131464004517,0,0,0,0,0.0628798412259,704181.086842
3.04722222222,-0.00102565239649,0.579487860203,2.40512919426,4.43056342192e-06,2.2919206458e-05,0,0,4.47087622888e-05,0.0166674368083,0.216579437256,0,0,0,0,0.108361297097,704181.086842
3.05833333333,-0.00102565239649,0.579487860203,2.40512919426,4.43056342192e-06,2.2919206458e-05,0,0,4.47087622888e-05,0.0166674368083,0.325012207031,0,0,0,0,0.170615573988,704181.086842
3.06944444444,-0.00102565239649,0.579487860203,2.40512919426,4.43056342192e-06,1.57861195476e-05,0,0,4.47087622888e-05,0.0166674368083,0.458478927612,0,0,0,0,0.253997651555,704181.086842
3.08055555556,-0.00102565239649,0.579487860203,2.40512919426,4.43056342192e-06,2.28931494348e-05,0,0,4.47087622888e-05,0.0166674368083,0.614404678345,0,0,0,0,0.331643823279,704181.086842
3.09166666667,-0.00102565239649,0.579487860203,2.40512919426,4.43056342192e-06,2.28931494348e-05,0,0,4.47087622888e-05,0.0166674368083,0.792503356934,0,0,0,0,0.432472188612,704181.086842
3.10277777778,-0.00102565239649,0.579487860203,2.40512919426,4.43056342192e-06,1.57861195476e-05,0,0,4.47087622888e-05,0.0166674368083,0.995492935181,0,0,0,0,0.552778456878,704181.086842
3.11388888889,-0.00102565239649,0.579487860203,2.40512919426,4.43056342192e-06,2.2919206458e-05,0,0,4.47087622888e-05,0.0166674368083,1.22008323669,0,0,0,0,0.671854109277,704181.086842
3.125,-0.00102565239649,0.579487860203,2.40512919426,4.43056342192e-06,1.57861195476e-05,0,0,4.47087622888e-05,0.0166674368083,1.46884918213,0,0,0,0,0.816182701052,704181.086842
3.13611111111,-0.00102565239649,0.579487860203,2.40512919426,4.43056342192e-06,1.57861195476e-05,0,0,4.47087622888e-05,0.0166674368083,1.73950195312,0,0,0,0,0.962973851111,704181.086842
3.14722222222,-0.00102565239649,0.579487860203,2.40512919426,4.43056342192e-06,2.29786528507e-05,0,0,4.47087622888e-05,0.0166674368083,2.0339012146,0,0,0,0,1.12765644209,704181.087403
3.15833333333,-0.00102565239649,0.579487860203,2.40512919426,4.43056342192e-06,2.28931494348e-05,0,0,4.47087622888e-05,0.0166674368083,2.35047340393,0,0,0,0,1.31583730241,704181.087403
3.16944444444,-0.00102565239649,0.579487860203,2.40512919426,4.43056342192e-06,2.29130055232e-05,0,0,4.47087622888e-05,0.0166674368083,2.68979072571,0,0,0,0,1.49487495266,704181.087684
3.18055555556,-0.00102565239649,0.579487860203,2.40512919426,4.43056342192e-06,2.29130055232e-05,0,0,4.47087622888e-05,0.0166674368083,3.05299758911,0,0,0,0,1.70280294501,704181.087964
3.19166666667,-0.00102565239649,0.579487860203,2.40512919426,4.43056342192e-06,2.29724682868e-05,0,0,4.47087622888e-05,0.0166674368083,3.4393787384,0,0,0,0,1.92477900892,704181.088245
3.20277777778,-0.00102565239649,0.579487860203,2.40512919426,4.43056342192e-06,2.29390388995e-05,0,0,4.47087622888e-05,0.0166674368083,3.84879112244,0,0,0,0,2.17172882283,704181.088245
3.21388888889,-0.00102565239649,0.579487860203,2.40512919426,4.43056342192e-06,1.57861195476e-05,0,0,4.47087622888e-05,0.0166674368083,4.28137779236,0,0,0,0,2.41479359676,704181.088245
3.225,-0.00102565239649,0.579487860203,2.40512919426,4.43056342192e-06,2.29130055232e-05,0,0,4.47087622888e-05,0.0166674368083,4.73713874817,0,0,0,0,2.67612320749,704181.088245
3.23611111111,-0.00102565239649,0.579487860203,2.40512919426,4.43056342192e-06,2.29724682868e-05,0,0,4.47087622888e-05,0.0166674368083,5.21650314331,0,0,0,0,2.95722720713,704181.088245
3.24722222222,-0.00102565239649,0.579487860203,2.40512919426,4.43056342192e-06,2.30675359489e-05,0,0,4.47087622888e-05,0.0166674368083,5.72004318237,0,0,0,0,3.26019648361,704181.087122
3.25833333333,-0.00102565239649,0.579487860203,2.40512919426,4.43056342192e-06,2.29687557294e-05,0,0,4.47087622888e-05,0.0166674368083,6.24847412109,0,0,0,0,3.58725513358,704181.08628
3.26944444444,-0.00102565239649,0.579487860203,2.40512919426,4.43056342192e-06,2.29092838708e-05,0,0,4.47087622888e-05,0.0166674368083,6.80251121521,0,0,0,0,3.94108166433,704181.086
3.28055555556,-0.00102565239649,0.579487860203,2.40512919426,4.43056342192e-06,2.29130055232e-05,0,0,4.47087622888e-05,0.0166674368083,7.38229751587,0,0,0,0,4.28443132206,704181.086
3.29166666667,-0.00102565239649,0.579487860203,2.40512919426,4.43056342192e-06,2.29092838708e-05,0,0,4.47087622888e-05,0.0166674368083,7.98726081848,0,0,0,0,4.66798828708,704181.085719
3.30277777778,-0.00102565239649,0.579487860203,2.40512919426,4.43056342192e-06,2.29092838708e-05,0,0,4.47087622888e-05,0.0166674368083,8.61897468567,0,0,0,0,5.09914565548,704181.085719
3.31388888889,-0.00102565239649,0.579487860203,2.40512919426,4.43056342192e-06,1.57861195476e-05,0,0,4.47087622888e-05,0.0166674368083,9.27772521973,0,0,0,0,5.53170236492,704181.085719
3.325,-0.00102565239649,0.579487860203,2.40512919426,4.43056342192e-06,1.57861195476e-05,0,0,4.47087622888e-05,0.0166674368083,9.96494293213,0,0,0,0,6.01968738987,704181.087403
3.33611111111,-0.00102565239649,0.579487860203,2.40512919426,4.43056342192e-06,2.30675359489e-05,0,0,4.47087622888e-05,0.0166674368083,10.6822013855,0,0,0,0,6.57247302506,704181.087403
3.34722222222,-0.00102565239649,0.579487860203,2.40512919426,4.43056342192e-06,2.29675188166e-05,0,0,4.47087622888e-05,0.0166674368083,11.4297866821,0,0,0,0,7.12816200034,704181.087122
3.35833333333,-0.00102565239649,0.579487860203,2.40512919426,4.43056342192e-06,2.29080433201e-05,0,0,4.47087622888e-05,0.0166674368083,12.2098445892,0,0,0,0,7.75925693684,704181.087122
3.36944444444,-0.00102565239649,0.579487860203,2.40512919426,4.43056342192e-06,2.29080433201e-05,0,0,4.47087622888e-05,0.0166674368083,13.0242347717,0,0,0,0,8.4778162132,704181.087122
3.38055555556,-0.00102565239649,0.579487860203,2.40512919426,4.43056342192e-06,1.57861195476e-05,0,0,4.47087622888e-05,0.0166674368083,13.8735294342,0,0,0,0,9.20148557233,704181.087403
3.39166666667,-0.00102565239649,0.579487860203,2.40512919426,4.43056342192e-06,3.0517578125e-05,0,0,4.47087622888e-05,0.0166674368083,14.758014679,0,0,0,0,9.95675100473,704181.087403
3.40277777778,-0.00102565239649,0.579487860203,2.40512919426,4.43056342192e-06,2.29675188166e-05,0,0,4.47087622888e-05,0.0166674368083,15.6782627106,0,0,0,0,10.7796390413,704181.087403
3.41388888889,-0.00102565239649,0.579487860203,2.40512919426,4.43056342192e-06,2.30663044931e-05,0,0,4.47087622888e-05,0.0166674368083,16.6358470917,0,0,0,0,11.6763316635,704181.087403
3.425,-0.00102565239649,0.579487860203,2.40512919426,4.43056342192e-06,2.30663044931e-05,0,0,4.47087622888e-05,0.0166674368083,17.632484436,0,0,0,0,12.6530711806,704181.087403
3.43611111111,-0.00102565239649,0.579487860203,2.40512919426,4.43056342192e-06,1.57861195476e-05,0,0,4.47087622888e-05,0.0166674368083,18.6698913574,0,0,0,0,13.7159139799,704181.087403
3.44722222222,-0.00102565239649,0.579487860203,2.40512919426,4.43056342192e-06,1.57861195476e-05,0,0,4.47087622888e-05,0.0166674368083,19.7499275208,0,0,0,0,14.8699076954,704181.087403
3.45833333333,-0.00102565239649,0.579487860203,2.40512919426,4.43056342192e-06,2.28881835938e-05,0,0,4.47087622888e-05,0.0166674368083,20.8744525909,0,0,0,0,16.119842833,704181.087403
3.46944444444,-0.00102565239649,0.579487860203,2.40512919426,4.43056342192e-06,1.57861195476e-05,0,0,4.47087622888e-05,0.0166674368083,22.0450401306,0,0,0,0,17.469112272,704181.087403
3.48055555556,-0.00102565239649,0.579487860203,2.40512919426,4.43056342192e-06,1.57861195476e-05,0,0,4.47087622888e-05,0.0166674368083,23.2629776001,0,0,0,0,18.918744508,704181.087403
3.49166666667,-0.00102565239649,0.579487860203,2.40512919426,4.43056342192e-06,1.57861195476e-05,0,0,4.47087622888e-05,0.0166674368083,24.5301246643,0,0,0,0,20.4679521117,704181.087403
3.50277777778,-0.00102565239649,0.579487860203,2.40512919426,4.43056342192e-06,1.57861195476e-05,0,0,4.47087622888e-05,0.0166674368083,25.847196579,0,0,0,0,22.111290344,704181.087403
3.51388888889,-0.00102565239649,0.579487860203,2.40512919426,4.43056342192e-06,1.57861195476e-05,0,0,4.47087622888e-05,0.0166674368083,27.2151947021,0,0,0,0,23.8396180247,704181.08752
3.525,-0.00102565239649,0.579487860203,2.40512919426,4.43056342192e-06,1.57861195476e-05,0,0,4.47087622888e-05,0.0166674368083,28.634262085,0,0,0,0,25.6369352103,704181.08752
3.53611111111,-0.00102565239649,0.579487860203,2.40512919426,4.43056342192e-06,2.29724682868e-05,0,0,4.47087622888e-05,0.0166674368083,30.103969574,0,0,0,0,27.4808989989,704181.087637
3.54722222222,-0.00102565239649,0.579487860203,2.40512919426,4.43056342192e-06,1.57861195476e-05,0,0,4.47087622888e-05,0.0166674368083,31.6234588623,0,0,0,0,29.3400492123,704181.087754
3.55833333333,-0.00102565239649,0.579487860203,2.40512919426,4.43056342192e-06,1.57861195476e-05,0,0,4.5654913265e-05,0.0166674368083,33.190870285,0,0,0,0,31.1871751139,704181.058378
3.56944444444,-0.00102565239649,0.579487860203,2.40512919426,4.43056342192e-06,1.57861195476e-05,0,0,4.77819485241e-05,0.0166674368083,34.8033428192,0,0,0,0,32.9501538537,704180.993637
3.58055555556,-0.00102565239649,0.579487860203,2.40512919426,4.43056342192e-06,1.57861195476e-05,0,0,5.1799146604e-05,0.0166674368083,36.4573001862,0,0,0,0,34.6346300872,704180.878868
3.59166666667,-0.00102565239649,0.579487860203,2.40512919426,4.43056342192e-06,2.30970890698e-05,0,0,6.67051499477e-05,0.0166674368083,38.1488800049,0,0,0,0,36.2913633646,704180.567586
3.60277777778,-0.00102565239649,0.579487860203,2.40512919426,4.43056342192e-06,1.57861195476e-05,0,0,8.98945145309e-05,0.0166674368083,39.8776531219,0,0,0,0,37.9498023896,704180.116017
3.61388888889,-0.00102565239649,0.579487860203,2.40512919426,4.43056342192e-06,2.29278848565e-05,0,0,0.000109761676867,0.0166674368083,41.5200233459,0,0,0,0,26.1227825529,704179.658437
3.625,-0.00102565239649,0.579487860203,2.40512919426,4.43056342192e-06,2.36226969719e-05,0,0,0.00013097396004,0.0166674368083,41.5200233459,0,0,0,0,11.6169279698,704179.211523
3.63611111111,-0.00102565239649,0.579487860203,2.40512919426,4.43056342192e-06,2.29278848565e-05,0,0,0.00015452876687,0.0166674368083,41.5200233459,0,0,0,0,11.6407856648,704178.670375
3.64722222222,-0.00102565239649,0.579487860203,2.40512919426,4.43056342192e-06,2.29278848565e-05,0,0,0.000179381691851,0.0166674368083,41.5200233459,0,0,0,0,11.6333971968,704178.056253
3.65833333333,-0.00102565239649,0.579487860203,2.40512919426,4.43056342192e-06,2.29278848565e-05,0,0,0.000206345095648,0.0166674368083,41.5200233459,0,0,0,0,11.6215356253,704177.428917
3.66944444444,-0.00102565239649,0.579487860203,2.40512919426,4.43056342192e-06,2.29278848565e-05,0,0,0.000232853068155,0.0166674368083,41.5200233459,0,0,0,0,11.614438453,704176.806797
3.68055555556,-0.00102565239649,0.579487860203,2.40512919426,4.43056342192e-06,2.29278848565e-05,0,0,0.000261773820966,0.0166674368083,41.5200233459,0,0,0,0,11.6394314289,704176.164211
3.69166666667,-0.00102565239649,0.579487860203,2.40512919426,4.43056342192e-06,2.29278848565e-05,0,0,0.000293183256872,0.0166674368083,41.5200233459,0,0,0,0,11.5787526286,704175.515334
3.70277777778,-0.00102565239649,0.579487860203,2.40512919426,4.43056342192e-06,2.29278848565e-05,0,0,0.000324748078128,0.0166674368083,41.5200233459,0,0,0,0,11.6047320297,704174.839185
3.71388888889,-0.00102565239649,0.579487860203,2.40512919426,4.43056342192e-06,2.30970890698e-05,0,0,0.000359075434972,0.0166674368083,41.5200233459,0,0,0,0,11.6351088922,704174.034491
3.725,-0.00102565239649,0.579487860203,2.40512919426,4.43056342192e-06,2.29278848565e-05,0,0,0.000394853996113,0.0166674368083,41.5200233459,0,0,0,0,11.6546187457,704173.206104
3.73611111111,-0.00102565239649,0.579487860203,2.40512919426,4.43056342192e-06,2.29278848565e-05,0,0,0.000432188186096,0.0166674368083,41.5200233459,0,0,0,0,11.6834551937,704172.354633
3.74722222222,-0.00102565239649,0.579487860203,2.40512919426,4.43056342192e-06,2.29278848565e-05,0,0,0.000471038016258,0.0166674368083,41.5200233459,0,0,0,0,11.7166345268,704171.462114
3.75833333333,-0.00102565239649,0.579487860203,2.40512919426,4.43056342192e-06,2.30860114243e-05,0,0,0.000511444290169,0.0166674368083,41.5200233459,0,0,0,0,11.7580176996,704170.56211
3.76944444444,-0.00102565239649,0.579487860203,2.40512919426,4.43056342192e-06,2.29786528507e-05,0,0,0.000553334888536,0.0166674368083,41.5200233459,0,0,0,0,11.7986453563,704169.663183
3.78055555556,-0.00102565239649,0.579487860203,2.40512919426,4.43056342192e-06,2.30773912335e-05,0,0,0.000596844241954,0.0166674368083,41.5200233459,0,0,0,0,11.8481680307,704168.76505
3.79166666667,-0.00102565239649,0.579487860203,2.40512919426,4.43056342192e-06,2.29786528507e-05,0,0,0.000641896214802,0.0166674368083,41.5200233459,0,0,0,0,11.9011800962,704167.856206
3.80277777778,-0.00102565239649,0.579487860203,2.40512919426,4.43056342192e-06,2.29786528507e-05,0,0,0.000688519328833,0.0166674368083,41.5200233459,0,0,0,0,11.9585045378,704166.851935
3.81388888889,-0.00102565239649,0.579487860203,2.40512919426,4.43056342192e-06,2.29278848565e-05,0,0,0.00073672295548,0.0166674368083,41.5200233459,0,0,0,0,12.0215947014,704165.802196
3.825,-0.00102565239649,0.579487860203,2.40512919426,4.43056342192e-06,2.29278848565e-05,0,0,0.00078643206507,0.0166674368083,41.5200233459,0,0,0,0,12.1054824706,704164.743545
3.83611111111,-0.00102565239649,0.579487860203,2.40512919426,4.43056342192e-06,2.30860114243e-05,0,0,0.000838161155116,0.0166674368083,41.5200233459,0,0,0,0,12.1679774079,704163.676218
3.84722222222,-0.00102565239649,0.579487860203,2.40512919426,4.43056342192e-06,2.29278848565e-05,0,0,0.000890689028893,0.0166674368083,41.5200233459,0,0,0,0,12.2325082992,704162.615697
3.85833333333,-0.00102565239649,0.579487860203,2.40512919426,4.43056342192e-06,2.29278848565e-05,0,0,0.000944118655752,0.0166674368083,41.5200233459,0,0,0,0,12.3083417982,704161.485944
3.86944444444,-0.00102565239649,0.579487860203,2.40512919426,4.43056342192e-06,2.29278848565e-05,0,0,0.00100017210934,0.0166674368083,41.5200233459,0,0,0,0,12.4440891994,704160.28944
3.88055555556,-0.00102565239649,0.579487860203,2.40512919426,4.43056342192e-06,2.29278848565e-05,0,0,0.0010582517134,0.0166674368083,41.5200233459,0,0,0,0,12.5311937051,704159.090738
3.89166666667,-0.00102565239649,0.579487860203,2.40512919426,4.43056342192e-06,2.29278848565e-05,0,0,0.00111799000297,0.0166674368083,41.5200233459,0,0,0,0,12.6397084533,704157.855805
3.90277777778,-0.00102565239649,0.579487860203,2.40512919426,4.43056342192e-06,2.29278848565e-05,0,0,0.0011794770835,0.0166674368083,41.5200233459,0,0,0,0,12.7548482042,704156.516091
3.91388888889,-0.00102565239649,0.579487860203,2.40512919426,4.43056342192e-06,2.29278848565e-05,0,0,0.00124268315267,0.0166674368083,41.5200233459,0,0,0,0,12.8716853056,704155.166624
3.925,-0.00102565239649,0.579487860203,2.40512919426,4.43056342192e-06,2.29278848565e-05,0,0,0.00130992743652,0.0166674368083,41.5200233459,0,0,0,0,13.0898133099,704153.726268
3.93611111111,-0.00102565239649,0.579487860203,2.40512919426,4.43056342192e-06,2.29278848565e-05,0,0,0.0013744966127,0.0166674368083,41.5200233459,0,0,0,0,13.0204887746,704152.379069
3.94722222222,-0.00102565239649,0.579487860203,2.40512919426,4.43056342192e-06,2.29278848565e-05,0,0,0.00144195347093,0.0166674368083,41.5200233459,0,0,0,0,13.2797917868,704150.980275
3.95833333333,-0.00102565239649,0.579487860203,2.40512919426,4.43056342192e-06,2.29278848565e-05,0,0,0.00151246716268,0.0166674368083,41.5200233459,0,0,0,0,13.4043982758,704149.482826
3.96944444444,-0.00102565239649,0.579487860203,2.40512919426,4.43056342192e-06,2.29873094213e-05,0,0,0.00158456165809,0.0166674368083,41.5200233459,0,0,0,0,13.561858292,704147.984582
3.98055555556,-0.00102565239649,0.579487860203,2.40512919426,4.43056342192e-06,2.29687557294e-05,0,0,0.00165871554054,0.0166674368083,41.5200233459,0,0,0,0,13.7302206373,704146.456354
3.99166666667,-0.00102565239649,0.579487860203,2.40512919426,4.43056342192e-06,2.29278848565e-05,0,0,0.00175017735455,0.0166674368083,41.5200233459,0,0,0,0,15.0985324296,704144.547401
4.00277777778,-0.00102565239649,0.579487860203,2.40512919426,4.43056342192e-06,2.29278848565e-05,0,0,0.00187297351658,0.0166674368083,41.5200233459,0,0,0,0,17.1652627837,704141.940946
4.01388888889,-0.00102565239649,0.579487860203,2.40512919426,4.43056342192e-06,2.29278848565e-05,0,0,0.00202531390823,0.0166674368083,41.5200233459,0,0,0,0,19.482778922,704138.730521
4.025,-0.00102565239649,0.579487860203,2.40512919426,4.43056342192e-06,2.29278848565e-05,0,0,0.00220423191786,0.0166674368083,41.5200233459,0,0,0,0,22.1665678178,704135.007107
4.03611111111,-0.00102565239649,0.579487860203,2.40512919426,4.43056342192e-06,2.29278848565e-05,0,0,0.00241037691012,0.0166674368083,41.5200233459,0,0,0,0,25.3495990869,704130.690856
4.04722222222,-0.00102565239649,0.579487860203,2.40512919426,4.43056342192e-06,2.29278848565e-05,0,0,0.00264491792768,0.0166674368083,41.5200233459,0,0,0,0,29.2737914536,704125.718804
4.05833333333,-0.00102565239649,0.579487860203,2.40512919426,4.43056342192e-06,2.29278848565e-05,0,0,0.00290706707165,0.0166674368083,41.5200233459,0,0,0,0,33.0394310483,704120.223988
4.06944444444,-0.00102565239649,0.579487860203,2.40512919426,4.43056342192e-06,2.29278848565e-05,0,0,0.00319546926767,0.0166674368083,41.5200233459,0,0,0,0,37.6436075409,704114.163512
4.08055555556,-0.00102565239649,0.579487860203,2.40512919426,4.43056342192e-06,2.29278848565e-05,0,0,0.00351157411933,0.0166674368083,41.5200233459,0,0,0,0,42.6525726746,704107.522034
4.09166666667,-0.00102565239649,0.579487860203,2.40512919426,4.43056342192e-06,2.29278848565e-05,0,0,0.00385595718399,0.0166674368083,41.5200233459,0,0,0,0,48.2092769417,704100.296722
4.10277777778,-0.00102565239649,0.579487860203,2.40512919426,4.43056342192e-06,2.29278848565e-05,0,0,0.00422816211358,0.0166674368083,41.5200233459,0,0,0,0,54.038739884,704092.483181
4.11388888889,-0.00102565239649,0.579487860203,2.40512919426,4.43056342192e-06,2.29278848565e-05,0,0,0.00462862383574,0.0166674368083,41.5200233459,0,0,0,0,60.4939340648,704084.084965
4.125,-0.00102565239649,0.579487860203,2.40512919426,4.43056342192e-06,2.29278848565e-05,0,0,0.00505694095045,0.0166674368083,41.5200233459,0,0,0,0,67.5366450161,704075.125299
4.13611111111,-0.00102565239649,0.579487860203,2.40512919426,4.43056342192e-06,2.29278848565e-05,0,0,0.00551335560158,0.0166674368083,41.5200233459,0,0,0,0,74.8911273643,704065.505062
4.14722222222,-0.00102565239649,0.579487860203,2.40512919426,4.43056342192e-06,2.29687557294e-05,0,0,0.00599862774834,0.0166674368083,41.5200233459,0,0,0,0,82.5929063176,704055.341758
4.15833333333,-0.00102565239649,0.579487860203,2.40512919426,4.43056342192e-06,2.29687557294e-05,0,0,0.00651255249977,0.0166674368083,41.5200233459,0,0,0,0,91.4073522817,704044.550767
4.16944444444,-0.00102565239649,0.579487860203,2.40512919426,4.43056342192e-06,2.29278848565e-05,0,0,0.00705569796264,0.0166674368083,41.5200233459,0,0,0,0,100.243493212,704033.144673
4.18055555556,-0.00102565239649,0.579487860203,2.40512919426,4.43056342192e-06,2.32234870055e-05,0,0,0.00762813864276,0.0166674368083,41.5200233459,0,0,0,0,109.613874091,704021.122773
4.19166666667,-0.00102565239649,0.579487860203,2.40512919426,4.43056342192e-06,2.30773912335e-05,0,0,0.0082294465974,0.0166674368083,41.5200233459,0,0,0,0,120.050602143,704008.520105
4.20277777778,-0.00102565239649,0.579487860203,2.40512919426,4.43056342192e-06,2.29278848565e-05,0,0,0.00886027980596,0.0166674368083,41.5200233459,0,0,0,0,130.630104088,703995.278757
4.21388888889,-0.00102565239649,0.579487860203,2.40512919426,4.43056342192e-06,2.29278848565e-05,0,0,0.00952068716288,0.0166674368083,41.5200233459,0,0,0,0,141.536049749,703981.425158
4.225,-0.00102565239649,0.579487860203,2.40512919426,4.43056342192e-06,2.29278848565e-05,0,0,0.0102108540013,0.0166674368083,41.5200233459,0,0,0,0,153.834978264,703966.966115
4.23611111111,-0.00102565239649,0.579487860203,2.40512919426,4.43056342192e-06,2.29278848565e-05,0,0,0.0109305428341,0.0166674368083,41.5200233459,0,0,0,0,166.200641518,703951.86851
4.24722222222,-0.00102565239649,0.579487860203,2.40512919426,4.43056342192e-06,2.29278848565e-05,0,0,0.0116801625118,0.0166674368083,41.5200233459,0,0,0,0,178.393872632,703936.150421
4.25833333333,-0.00102565239649,0.579487860203,2.40512919426,4.43056342192e-06,2.29278848565e-05,0,0,0.0124603491277,0.0166674368083,41.5200233459,0,0,0,0,192.145424286,703919.81358
4.26944444444,-0.00102565239649,0.579487860203,2.40512919426,4.43056342192e-06,2.29278848565e-05,0,0,0.0132696954533,0.0166674368083,41.5200233459,0,0,0,0,206.375413308,703902.81191
4.28055555556,-0.00102565239649,0.579487860203,2.40512919426,4.43056342192e-06,2.29278848565e-05,0,0,0.0141091616824,0.0166674368083,41.5200233459,0,0,0,0,220.89383384,703885.152289
4.29166666667,-0.00102565239649,0.579487860203,2.40512919426,4.43056342192e-06,2.29278848565e-05,0,0,0.014979923144,0.0166674368083,41.5200233459,0,0,0,0,236.556948196,703866.832072
4.30277777778,-0.00102565239649,0.579487860203,2.40512919426,4.43056342192e-06,2.29278848565e-05,0,0,0.0158775672317,0.0166674368083,41.5200233459,0,0,0,0,253.104732677,703847.877549
4.31388888889,-0.00102565239649,0.579487860203,2.40512919426,4.43056342192e-06,2.29278848565e-05,0,0,0.0168099161237,0.0166674368083,41.5200233459,0,0,0,0,268.957093463,703828.368289
4.325,-0.00102565239649,0.579487860203,2.40512919426,4.43056342192e-06,2.29278848565e-05,0,0,0.0177770536393,0.0166674368083,41.5200233459,0,0,0,0,286.169910192,703808.174203
4.33611111111,-0.00102565239649,0.579487860203,2.40512919426,4.43056342192e-06,2.29278848565e-05,0,0,0.0187737625092,0.0166674368083,41.5200233459,0,0,0,0,303.75851629,703787.267225
4.34722222222,-0.00102565239649,0.579487860203,2.40512919426,4.43056342192e-06,2.29278848565e-05,0,0,0.0198028497398,0.0166674368083,41.5200233459,0,0,0,0,322.051301781,703765.786705
4.35833333333,-0.00102565239649,0.579487860203,2.40512919426,4.43056342192e-06,2.29278848565e-05,0,0,0.0208636038005,0.0166674368083,41.5200233459,0,0,0,0,340.872369204,703743.631579
4.36944444444,-0.00102565239649,0.579487860203,2.40512919426,4.43056342192e-06,2.29278848565e-05,0,0,0.0219546109438,0.0166674368083,41.5200233459,0,0,0,0,360.030623349,703720.747166
4.38055555556,-0.00102565239649,0.579487860203,2.40512919426,4.43056342192e-06,2.29278848565e-05,0,0,0.023078257218,0.0166674368083,41.5200233459,0,0,0,0,379.914731024,703697.298122
4.39166666667,-0.00102565239649,0.579487860203,2.40512919426,4.43056342192e-06,2.29278848565e-05,0,0,0.0242321249098,0.0166674368083,41.5200233459,0,0,0,0,400.452257247,703673.160627
4.40277777778,-0.00102565239649,0.579487860203,2.40512919426,4.43056342192e-06,2.29873094213e-05,0,0,0.025418177247,0.0166674368083,41.5200233459,0,0,0,0,421.653207599,703648.293399
4.41388888889,-0.00102565239649,0.579487860203,2.40512919426,4.43056342192e-06,2.29278848565e-05,0,0,0.0266344565898,0.0166674368083,41.5200233459,0,0,0,0,443.268196675,703622.877937
4.425,-0.00102565239649,0.579487860203,2.40512919426,4.43056342192e-06,2.29278848565e-05,0,0,0.0278784707189,0.0166674368083,41.5200233459,0,0,0,0,465.631878894,703596.757954
4.43611111111,-0.00102565239649,0.579487860203,2.40512919426,4.43056342192e-06,2.29278848565e-05,0,0,0.0291585642844,0.0166674368083,41.5200233459,0,0,0,0,488.048249078,703569.871613
4.44722222222,-0.00102565239649,0.579487860203,2.40512919426,4.43056342192e-06,2.29278848565e-05,0,0,0.0304652545601,0.0166674368083,41.5200233459,0,0,0,0,511.80591618,703542.457618
4.45833333333,-0.00102565239649,0.579487860203,2.40512919426,4.43056342192e-06,2.29278848565e-05,0,0,0.0318098887801,0.0166674368083,41.5200233459,0,0,0,0,537.006435895,703514.435514
4.46944444444,-0.00102565239649,0.579487860203,2.40512919426,4.43056342192e-06,2.29278848565e-05,0,0,0.0331836603582,0.0166674368083,41.5200233459,0,0,0,0,562.307446387,703485.807169
4.48055555556,-0.00102565239649,0.579487860203,2.40512919426,4.43056342192e-06,2.29278848565e-05,0,0,0.0345909297466,0.0166674368083,41.5200233459,0,0,0,0,587.917797918,703456.482772
4.49166666667,-0.00102565239649,0.579487860203,2.40512919426,4.43056342192e-06,2.29278848565e-05,0,0,0.0360274203122,0.0166674368083,41.5200233459,0,0,0,0,613.070065379,703426.50723
4.50277777778,-0.00102565239649,0.579487860203,2.40512919426,4.43056342192e-06,2.29278848565e-05,0,0,0.0374974086881,0.0166674368083,41.5200233459,0,0,0,0,639.480603811,703395.897381
4.51388888889,-0.00102565239649,0.579487860203,2.40512919426,4.43056342192e-06,2.29278848565e-05,0,0,0.0389968305826,0.0166674368083,41.5200233459,0,0,0,0,666.193159634,703364.595222
4.525,-0.00102565239649,0.579487860203,2.40512919426,4.43056342192e-06,2.29278848565e-05,0,0,0.0405305884778,0.0166674368083,41.5200233459,0,0,0,0,692.863603791,703332.654827
4.53611111111,-0.00102565239649,0.579487860203,2.40512919426,4.43056342192e-06,2.29278848565e-05,0,0,0.0420906171203,0.0166674368083,41.5200233459,0,0,0,0,721.538008992,703300.059544
4.54722222222,-0.00102565239649,0.579487860203,2.40512919426,4.43056342192e-06,2.29278848565e-05,0,0,0.0436867363751,0.0166674368083,41.5200233459,0,0,0,0,749.183717653,703266.794404
4.55833333333,-0.00102565239649,0.579487860203,2.40512919426,4.43056342192e-06,2.29278848565e-05,0,0,0.0452998392284,0.0166674368083,41.5200233459,0,0,0,0,780.377632336,703232.844439
4.56944444444,-0.00102565239649,0.579487860203,2.40512919426,4.43056342192e-06,2.29278848565e-05,0,0,0.0469572916627,0.0166674368083,41.5200233459,0,0,0,0,808.354826573,703198.28262
4.58055555556,-0.00102565239649,0.579487860203,2.40512919426,4.43056342192e-06,2.29278848565e-05,0,0,0.0486372485757,0.0166674368083,41.5200233459,0,0,0,0,839.387957365,703163.019136
4.59166666667,-0.00102565239649,0.579487860203,2.40512919426,4.43056342192e-06,2.29278848565e-05,0,0,0.0503598377109,0.0166674368083,41.5200233459,0,0,0,0,869.74471795,703127.104318
4.60277777778,-0.00102565239649,0.579487860203,2.40512919426,4.43056342192e-06,2.29278848565e-05,0,0,0.0521131195128,0.0166674368083,41.5200233459,0,0,0,0,901.379215216,703090.521515
4.61388888889,-0.00102565239649,0.579487860203,2.40512919426,4.43056342192e-06,2.29278848565e-05,0,0,0.0538985915482,0.0166674368083,41.5200233459,0,0,0,0,933.546009682,703053.296921
4.625,-0.00102565239649,0.579487860203,2.40512919426,4.43056342192e-06,2.29278848565e-05,0,0,0.0557162947953,0.0166674368083,41.5200233459,0,0,0,0,965.942582808,703015.365048
4.63611111111,-0.00102565239649,0.579487860203,2.40512919426,4.43056342192e-06,2.29278848565e-05,0,0,0.0575645677745,0.0166674368083,41.5200233459,0,0,0,0,999.107269008,702976.82034
4.64722222222,-0.00102565239649,0.579487860203,2.40512919426,4.43056342192e-06,2.29278848565e-05,0,0,0.0594470538199,0.0166674368083,41.5200233459,0,0,0,0,1032.91431868,702937.585987
4.65833333333,-0.00102565239649,0.579487860203,2.40512919426,4.43056342192e-06,2.29278848565e-05,0,0,0.0613577775657,0.0166674368083,41.5200233459,0,0,0,0,1068.00565544,702897.663067
4.66944444444,-0.00102565239649,0.579487860203,2.40512919426,4.43056342192e-06,2.29278848565e-05,0,0,0.0633030161262,0.0166674368083,41.5200233459,0,0,0,0,1103.33302725,702857.090872
4.68055555556,-0.00102565239649,0.579487860203,2.40512919426,4.43056342192e-06,2.29278848565e-05,0,0,0.065272398293,0.0166674368083,41.5200233459,0,0,0,0,1137.19900445,702815.854433
4.69166666667,-0.00102565239649,0.579487860203,2.40512919426,4.43056342192e-06,2.29278848565e-05,0,0,0.0672783628106,0.0166674368083,41.5200233459,0,0,0,0,1174.73079782,702773.938594
4.70277777778,-0.00102565239649,0.579487860203,2.40512919426,4.43056342192e-06,2.29278848565e-05,0,0,0.0693013891578,0.0166674368083,41.5200233459,0,0,0,0,1210.22969814,702731.315476
4.71388888889,-0.00102565239649,0.579487860203,2.40512919426,4.43056342192e-06,2.29278848565e-05,0,0,0.0713688880205,0.0166674368083,41.5200233459,0,0,0,0,1248.90475,702688.076763
4.725,-0.00102565239649,0.579487860203,2.40512919426,4.43056342192e-06,2.29278848565e-05,0,0,0.073475189507,0.0166674368083,41.5200233459,0,0,0,0,1283.40166474,702644.192424
4.73611111111,-0.00102565239649,0.579487860203,2.40512919426,4.43056342192e-06,2.29278848565e-05,0,0,0.0756062492728,0.0166674368083,41.5200233459,0,0,0,0,1323.4447612,702599.600712
4.74722222222,-0.00102565239649,0.579487860203,2.40512919426,4.43056342192e-06,2.29278848565e-05,0,0,0.0777764394879,0.0166674368083,41.5200233459,0,0,0,0,1362.65539174,702554.357854
4.75833333333,-0.00102565239649,0.579487860203,2.40512919426,4.43056342192e-06,2.29278848565e-05,0,0,0.079975232482,0.0166674368083,41.5200233459,0,0,0,0,1400.69745643,702508.452623
4.76944444444,-0.00102565239649,0.579487860203,2.40512919426,4.43056342192e-06,2.29278848565e-05,0,0,0.0822075977921,0.0166674368083,41.5200233459,0,0,0,0,1442.73173773,702461.867993
4.78055555556,-0.00102565239649,0.579487860203,2.40512919426,4.43056342192e-06,2.29724682868e-05,0,0,0.0844709575176,0.0166674368083,41.5200233459,0,0,0,0,1481.7771649,702414.617248
4.79166666667,-0.00102565239649,0.579487860203,2.40512919426,4.43056342192e-06,2.29278848565e-05,0,0,0.0867616534233,0.0166674368083,41.5200233459,0,0,0,0,1526.36642503,702366.672321
4.80277777778,-0.00102565239649,0.579487860203,2.40512919426,4.43056342192e-06,2.29278848565e-05,0,0,0.0890873223543,0.0166674368083,41.5200233459,0,0,0,0,1566.43836465,702318.030266
4.81388888889,-0.00102565239649,0.579487860203,2.40512919426,4.43056342192e-06,2.29278848565e-05,0,0,0.091436304152,0.0166674368083,41.5200233459,0,0,0,0,1613.34411213,702268.68182
4.825,-0.00102565239649,0.579487860203,2.40512919426,4.43056342192e-06,2.29278848565e-05,0,0,0.0938300043344,0.0166674368083,41.5200233459,0,0,0,0,1652.09415974,702218.714926
4.83611111111,-0.00102565239649,0.579487860203,2.40512919426,4.43056342192e-06,2.29278848565e-05,0,0,0.0962356328964,0.0166674368083,41.5200233459,0,0,0,0,1699.82953896,702168.024708
4.84722222222,-0.00102565239649,0.579487860203,2.40512919426,4.43056342192e-06,2.29278848565e-05,0,0,0.0986907929182,0.0166674368083,41.5200233459,0,0,0,0,1741.55025783,702116.690829
4.85833333333,-0.00102565239649,0.579487860203,2.40512919426,4.43056342192e-06,2.29278848565e-05,0,0,0.101176552474,0.0166674368083,41.5200233459,0,0,0,0,1786.02560993,702064.670159
4.86944444444,-0.00102565239649,0.579487860203,2.40512919426,4.43056342192e-06,2.29873094213e-05,0,0,0.103694930673,0.0166674368083,41.5200233459,0,0,0,0,1834.33903793,702011.957085
4.88055555556,-0.00102565239649,0.579487860203,2.40512919426,4.43056342192e-06,2.29278848565e-05,0,0,0.106247790158,0.0166674368083,41.5200233459,0,0,0,0,1877.22845158,701958.560962
4.89166666667,-0.00102565239649,0.579487860203,2.40512919426,4.43056342192e-06,2.29873094213e-05,0,0,0.108822964132,0.0166674368083,41.5200233459,0,0,0,0,1928.34948177,701904.46308
4.90277777778,-0.00102565239649,0.579487860203,2.40512919426,4.43056342192e-06,2.29278848565e-05,0,0,0.111442618072,0.0166674368083,41.5200233459,0,0,0,0,1972.77418767,701849.732763
4.91388888889,-0.00102565239649,0.579487860203,2.40512919426,4.43056342192e-06,2.29278848565e-05,0,0,0.11407738179,0.0166674368083,41.5200233459,0,0,0,0,2025.9366942,701794.252927
4.925,-0.00102565239649,0.579487860203,2.40512919426,4.43056342192e-06,2.29278848565e-05,0,0,0.11675401032,0.0166674368083,41.5200233459,0,0,0,0,2071.47847059,701738.861921
4.93611111111,-0.00102565239649,0.579487860203,2.40512919426,4.43056342192e-06,2.29278848565e-05,0,0,0.119455061853,0.0166674368083,41.5200233459,0,0,0,0,2118.65971455,701682.858969
4.94722222222,-0.00102565239649,0.579487860203,2.40512919426,4.43056342192e-06,2.29278848565e-05,0,0,0.12219529599,0.0166674368083,41.5200233459,0,0,0,0,2170.41275145,701626.197294
4.95833333333,-0.00102565239649,0.579487860203,2.40512919426,4.43056342192e-06,2.29278848565e-05,0,0,0.124961189926,0.0166674368083,41.5200233459,0,0,0,0,2216.86782476,701568.843214
4.96944444444,-0.00102565239649,0.579487860203,2.40512919426,4.43056342192e-06,2.29278848565e-05,0,0,0.127765774727,0.0166674368083,41.5200233459,0,0,0,0,2271.12989904,701510.858477
4.98055555556,-0.00102565239649,0.579487860203,2.40512919426,4.43056342192e-06,2.29278848565e-05,0,0,0.130594685674,0.0166674368083,41.5200233459,0,0,0,0,2320.96617331,701452.179465
4.99166666667,-0.00102565239649,0.579487860203,2.40512919426,4.43056342192e-06,2.29278848565e-05,0,0,0.133450970054,0.0166674368083,41.5200233459,0,0,0,0,2374.53715,701392.804307
5.00277777778,-0.00102565239649,0.579487860203,2.40512919426,4.43056342192e-06,2.29278848565e-05,0,0,0.136355951428,0.0166674368083,41.5200233459,0,0,0,0,2423.76858087,701332.838673
5.01388888889,-0.00102565239649,0.579487860203,2.40512919426,4.43056342192e-06,2.29278848565e-05,0,0,0.139277592301,0.0166674368083,41.5200233459,0,0,0,0,2476.64220195,701272.183489
5.025,-0.00102565239649,0.579487860203,2.40512919426,4.43056342192e-06,2.29278848565e-05,0,0,0.142243057489,0.0166674368083,41.5200233459,0,0,0,0,2532.78465375,701210.880714
5.03611111111,-0.00102565239649,0.579487860203,2.40512919426,4.43056342192e-06,2.29278848565e-05,0,0,0.145233184099,0.0166674368083,41.5200233459,0,0,0,0,2583.55070516,701148.906211
5.04722222222,-0.00102565239649,0.579487860203,2.40512919426,4.43056342192e-06,2.29278848565e-05,0,0,0.148251667619,0.0166674368083,41.5200233459,0,0,0,0,2642.36458779,701086.256051
5.05833333333,-0.00102565239649,0.579487860203,2.40512919426,4.43056342192e-06,3.05213034153e-05,0,0,0.151301234961,0.0166674368083,41.5200233459,0,0,0,0,2696.32024025,701022.907873
5.06944444444,-0.00102565239649,0.579487860203,2.40512919426,4.43056342192e-06,2.29278848565e-05,0,0,0.154381915927,0.0166674368083,41.5200233459,0,0,0,0,2757.62042723,700958.884131
5.08055555556,-0.00102565239649,0.579487860203,2.40512919426,4.43056342192e-06,2.29278848565e-05,0,0,0.157495245337,0.0166674368083,41.5200233459,0,0,0,0,2809.48667597,700894.221265
5.09166666667,-0.00102565239649,0.579487860203,2.40512919426,4.43056342192e-06,2.29278848565e-05,0,0,0.160624235868,0.0166674368083,41.5200233459,0,0,0,0,2872.88879584,700828.844524
5.10277777778,-0.00102565239649,0.579487860203,2.40512919426,4.43056342192e-06,2.29278848565e-05,0,0,0.163818389177,0.0166674368083,41.5200233459,0,0,0,0,2920.27452211,700762.913748
5.11388888889,-0.00102565239649,0.579487860203,2.40512919426,4.43056342192e-06,2.29278848565e-05,0,0,0.16702362895,0.0166674368083,41.5200233459,0,0,0,0,2982.55421926,700696.272839
5.125,-0.00102565239649,0.579487860203,2.40512919426,4.43056342192e-06,2.29278848565e-05,0,0,0.170236647129,0.0166674368083,41.5200233459,0,0,0,0,3049.54635758,700628.886153
5.13611111111,-0.00102565239649,0.579487860203,2.40512919426,4.43056342192e-06,2.29278848565e-05,0,0,0.173482432961,0.0166674368083,41.5200233459,0,0,0,0,3101.3913447,700560.788351
5.14722222222,-0.00102565239649,0.579487860203,2.40512919426,4.43056342192e-06,2.29278848565e-05,0,0,0.17681081593,0.0166674368083,41.5200233459,0,0,0,0,3158.04319488,700492.16547
5.15833333333,-0.00102565239649,0.579487860203,2.40512919426,4.43056342192e-06,2.29278848565e-05,0,0,0.180151209235,0.0166674368083,41.5200233459,0,0,0,0,3223.93746536,700422.851167
5.16944444444,-0.00102565239649,0.579487860203,2.40512919426,4.43056342192e-06,2.29278848565e-05,0,0,0.183512359858,0.0166674368083,41.5200233459,0,0,0,0,3287.62576226,700352.821913
5.18055555556,-0.00102565239649,0.579487860203,2.40512919426,4.43056342192e-06,2.29278848565e-05,0,0,0.186886355281,0.0166674368083,41.5200233459,0,0,0,0,3355.55807319,700282.050718
5.19166666667,-0.00102565239649,0.579487860203,2.40512919426,4.43056342192e-06,2.29278848565e-05,0,0,0.190338358283,0.0166674368083,41.5200233459,0,0,0,0,3409.22953536,700210.713278
5.20277777778,-0.00102565239649,0.579487860203,2.40512919426,4.43056342192e-06,2.29724682868e-05,0,0,0.193813070655,0.0166674368083,41.5200233459,0,0,0,0,3477.75923241,700138.66187
5.21388888889,-0.00102565239649,0.579487860203,2.40512919426,4.43056342192e-06,2.30712321354e-05,0,0,0.197297126055,0.0166674368083,41.5200233459,0,0,0,0,3548.91656681,700065.844103
5.225,-0.00102565239649,0.579487860203,2.40512919426,4.43056342192e-06,2.29278848565e-05,0,0,0.200790837407,0.0166674368083,41.5200233459,0,0,0,0,3618.60294348,699992.306847
5.23611111111,-0.00102565239649,0.579487860203,2.40512919426,4.43056342192e-06,2.29278848565e-05,0,0,0.20429430902,0.0166674368083,41.5200233459,0,0,0,0,3691.51838198,699918.008844
5.24722222222,-0.00102565239649,0.579487860203,2.40512919426,4.43056342192e-06,2.29278848565e-05,0,0,0.207875192165,0.0166674368083,41.5200233459,0,0,0,0,3743.35175682,699843.194229
5.25833333333,-0.00102565239649,0.579487860203,2.40512919426,4.43056342192e-06,2.29278848565e-05,0,0,0.211466267705,0.0166674368083,41.5200233459,0,0,0,0,3817.90146151,699767.616014
5.26944444444,-0.00102565239649,0.579487860203,2.40512919426,4.43056342192e-06,2.29278848565e-05,0,0,0.21510605514,0.0166674368083,41.5200233459,0,0,0,0,3883.24945337,699691.378093
5.28055555556,-0.00102565239649,0.579487860203,2.40512919426,4.43056342192e-06,2.29278848565e-05,0,0,0.218757167459,0.0166674368083,41.5200233459,0,0,0,0,3957.52519067,699614.383167
5.29166666667,-0.00102565239649,0.579487860203,2.40512919426,4.43056342192e-06,2.29278848565e-05,0,0,0.222434163094,0.0166674368083,41.5200233459,0,0,0,0,4026.94071814,699536.696727
5.30277777778,-0.00102565239649,0.579487860203,2.40512919426,4.43056342192e-06,2.29278848565e-05,0,0,0.226141914725,0.0166674368083,41.5200233459,0,0,0,0,4088.64860547,699458.306562
5.31388888889,-0.00102565239649,0.579487860203,2.40512919426,4.43056342192e-06,2.29278848565e-05,0,0,0.229923173785,0.0166674368083,41.5200233459,0,0,0,0,4155.97611623,699379.37546
5.325,-0.00102565239649,0.579487860203,2.40512919426,4.43056342192e-06,2.29278848565e-05,0,0,0.233718767762,0.0166674368083,41.5200233459,0,0,0,0,4234.27004059,699299.692967
5.33611111111,-0.00102565239649,0.579487860203,2.40512919426,4.43056342192e-06,2.29278848565e-05,0,0,0.237526133657,0.0166674368083,41.5200233459,0,0,0,0,4313.72571214,699219.246874
5.34722222222,-0.00102565239649,0.579487860203,2.40512919426,4.43056342192e-06,2.29278848565e-05,0,0,0.241345450282,0.0166674368083,41.5200233459,0,0,0,0,4394.27132261,699138.033534
5.35833333333,-0.00102565239649,0.579487860203,2.40512919426,4.43056342192e-06,2.29278848565e-05,0,0,0.245214343071,0.0166674368083,41.5200233459,0,0,0,0,4458.79956746,699056.179104
5.36944444444,-0.00102565239649,0.579487860203,2.40512919426,4.43056342192e-06,2.29278848565e-05,0,0,0.249105855823,0.0166674368083,41.5200233459,0,0,0,0,4537.99988775,698973.612577
5.38055555556,-0.00102565239649,0.579487860203,2.40512919426,4.43056342192e-06,2.29278848565e-05,0,0,0.253060758114,0.0166674368083,41.5200233459,0,0,0,0,4603.36971897,698890.45361
5.39166666667,-0.00102565239649,0.579487860203,2.40512919426,4.43056342192e-06,2.29278848565e-05,0,0,0.257028460503,0.0166674368083,41.5200233459,0,0,0,0,4686.04720478,698806.523559
5.40277777778,-0.00102565239649,0.579487860203,2.40512919426,4.43056342192e-06,2.29278848565e-05,0,0,0.261009395123,0.0166674368083,41.5200233459,0,0,0,0,4770.18856808,698721.830002
5.41388888889,-0.00102565239649,0.579487860203,2.40512919426,4.43056342192e-06,2.29278848565e-05,0,0,0.265003591776,0.0166674368083,41.5200233459,0,0,0,0,4852.9180279,698636.374716
5.425,-0.00102565239649,0.579487860203,2.40512919426,4.43056342192e-06,2.29278848565e-05,0,0,0.269011378288,0.0166674368083,41.5200233459,0,0,0,0,4938.32821154,698550.158684
5.43611111111,-0.00102565239649,0.579487860203,2.40512919426,4.43056342192e-06,2.29278848565e-05,0,0,0.273032963276,0.0166674368083,41.5200233459,0,0,0,0,5024.02242222,698463.172551
5.44722222222,-0.00102565239649,0.579487860203,2.40512919426,4.43056342192e-06,2.29278848565e-05,0,0,0.277068585157,0.0166674368083,41.5200233459,0,0,0,0,5110.92828026,698375.420946
5.45833333333,-0.00102565239649,0.579487860203,2.40512919426,4.43056342192e-06,2.29278848565e-05,0,0,0.281118512154,0.0166674368083,41.5200233459,0,0,0,0,5198.33207606,698286.893627
5.46944444444,-0.00102565239649,0.579487860203,2.40512919426,4.43056342192e-06,2.29278848565e-05,0,0,0.285182952881,0.0166674368083,41.5200233459,0,0,0,0,5287.11849121,698197.594335
5.48055555556,-0.00102565239649,0.579487860203,2.40512919426,4.43056342192e-06,2.29278848565e-05,0,0,0.289339125156,0.0166674368083,41.5200233459,0,0,0,0,5318.81926525,698107.785726
5.49166666667,-0.00102565239649,0.579487860203,2.40512919426,4.43056342192e-06,2.29278848565e-05,0,0,0.293574810028,0.0166674368083,41.5200233459,0,0,0,0,5403.74261924,698017.490349
5.50277777778,-0.00102565239649,0.579487860203,2.40512919426,4.43056342192e-06,2.29278848565e-05,0,0,0.29782563448,0.0166674368083,41.5200233459,0,0,0,0,5493.17340193,697926.440728
5.51388888889,-0.00102565239649,0.579487860203,2.40512919426,4.43056342192e-06,2.29278848565e-05,0,0,0.302091956139,0.0166674368083,41.5200233459,0,0,0,0,5583.39775462,697834.628489
5.525,-0.00102565239649,0.579487860203,2.40512919426,4.43056342192e-06,2.30712321354e-05,0,0,0.306374013424,0.0166674368083,41.5200233459,0,0,0,0,5675.39732183,697742.042313
5.53611111111,-0.00102565239649,0.579487860203,2.40512919426,4.43056342192e-06,2.29724682868e-05,0,0,0.310672074556,0.0166674368083,41.5200233459,0,0,0,0,5768.39772927,697648.682293
5.54722222222,-0.00102565239649,0.579487860203,2.40512919426,4.43056342192e-06,2.30860114243e-05,0,0,0.31498631835,0.0166674368083,41.5200233459,0,0,0,0,5862.1085602,697554.545575
5.55833333333,-0.00102565239649,0.579487860203,2.40512919426,4.43056342192e-06,2.29278848565e-05,0,0,0.319337636232,0.0166674368083,41.5200233459,0,0,0,0,5924.70649532,697459.704151
5.56944444444,-0.00102565239649,0.579487860203,2.40512919426,4.43056342192e-06,2.29278848565e-05,0,0,0.323767244816,0.0166674368083,41.5200233459,0,0,0,0,6017.14802792,697364.307616
5.58055555556,-0.00102565239649,0.579487860203,2.40512919426,4.43056342192e-06,2.29278848565e-05,0,0,0.328213870525,0.0166674368083,41.5200233459,0,0,0,0,6112.78224998,697268.129658
5.59166666667,-0.00102565239649,0.579487860203,2.40512919426,4.43056342192e-06,2.29278848565e-05,0,0,0.332677721977,0.0166674368083,41.5200233459,0,0,0,0,6207.90478291,697171.183471
5.60277777778,-0.00102565239649,0.579487860203,2.40512919426,4.43056342192e-06,2.29278848565e-05,0,0,0.33715903759,0.0166674368083,41.5200233459,0,0,0,0,6304.86827855,697073.459603
5.61388888889,-0.00102565239649,0.579487860203,2.40512919426,4.43056342192e-06,2.29278848565e-05,0,0,0.341658145189,0.0166674368083,41.5200233459,0,0,0,0,6402.64076412,696974.966522
5.625,-0.00102565239649,0.579487860203,2.40512919426,4.43056342192e-06,2.29278848565e-05,0,0,0.346175253391,0.0166674368083,41.5200233459,0,0,0,0,6501.48214077,696875.693002
5.63611111111,-0.00102565239649,0.579487860203,2.40512919426,4.43056342192e-06,2.29724682868e-05,0,0,0.350710630417,0.0166674368083,41.5200233459,0,0,0,0,6601.23805545,696775.63806
5.64722222222,-0.00102565239649,0.579487860203,2.40512919426,4.43056342192e-06,2.29724682868e-05,0,0,0.355264574289,0.0166674368083,41.5200233459,0,0,0,0,6701.76119434,696674.804549
5.65833333333,-0.00102565239649,0.579487860203,2.40512919426,4.43056342192e-06,2.29278848565e-05,0,0,0.35983723402,0.0166674368083,41.5200233459,0,0,0,0,6802.35021391,696573.184003
5.66944444444,-0.00102565239649,0.579487860203,2.40512919426,4.43056342192e-06,2.29278848565e-05,0,0,0.364428848028,0.0166674368083,41.5200233459,0,0,0,0,6904.02217624,696470.794244
5.68055555556,-0.00102565239649,0.579487860203,2.40512919426,4.43056342192e-06,2.29278848565e-05,0,0,0.369039773941,0.0166674368083,41.5200233459,0,0,0,0,7006.78475235,696367.625916
5.69166666667,-0.00102565239649,0.579487860203,2.40512919426,4.43056342192e-06,2.29278848565e-05,0,0,0.37367027998,0.0166674368083,41.5200233459,0,0,0,0,7110.32587346,696263.678038
5.70277777778,-0.00102565239649,0.579487860203,2.40512919426,4.43056342192e-06,2.29278848565e-05,0,0,0.37832057476,0.0166674368083,41.5200233459,0,0,0,0,7214.35845353,696158.948738
5.71388888889,-0.00102565239649,0.579487860203,2.40512919426,4.43056342192e-06,2.29278848565e-05,0,0,0.382990896702,0.0166674368083,41.5200233459,0,0,0,0,7319.20704052,696053.444611
5.725,-0.00102565239649,0.579487860203,2.40512919426,4.43056342192e-06,2.29278848565e-05,0,0,0.387681633234,0.0166674368083,41.5200233459,0,0,0,0,7424.51632739,695947.153449
5.73611111111,-0.00102565239649,0.579487860203,2.40512919426,4.43056342192e-06,2.29278848565e-05,0,0,0.392392992973,0.0166674368083,41.5200233459,0,0,0,0,7530.95743492,695840.079883
5.74722222222,-0.00102565239649,0.579487860203,2.40512919426,4.43056342192e-06,2.29278848565e-05,0,0,0.397125124931,0.0166674368083,41.5200233459,0,0,0,0,7634.00677759,695732.244588
5.75833333333,-0.00102565239649,0.579487860203,2.40512919426,4.43056342192e-06,2.29278848565e-05,0,0,0.401878386736,0.0166674368083,41.5200233459,0,0,0,0,7740.98038551,695623.655049
5.76944444444,-0.00102565239649,0.579487860203,2.40512919426,4.43056342192e-06,2.29724682868e-05,0,0,0.406652897596,0.0166674368083,41.5200233459,0,0,0,0,7849.93859994,695514.275622
5.78055555556,-0.00102565239649,0.579487860203,2.40512919426,4.43056342192e-06,2.29278848565e-05,0,0,0.411449313164,0.0166674368083,41.5200233459,0,0,0,0,7959.3443256,695404.116643
5.79166666667,-0.00102565239649,0.579487860203,2.40512919426,4.43056342192e-06,2.29278848565e-05,0,0,0.416267573833,0.0166674368083,41.5200233459,0,0,0,0,8068.70338295,695293.18747
5.80277777778,-0.00102565239649,0.579487860203,2.40512919426,4.43056342192e-06,2.29278848565e-05,0,0,0.421107947826,0.0166674368083,41.5200233459,0,0,0,0,8179.89328296,695181.473132
5.81388888889,-0.00102565239649,0.579487860203,2.40512919426,4.43056342192e-06,2.29278848565e-05,0,0,0.425970703363,0.0166674368083,41.5200233459,0,0,0,0,8291.997728,695068.975501
5.825,-0.00102565239649,0.579487860203,2.40512919426,4.43056342192e-06,2.29278848565e-05,0,0,0.430856138468,0.0166674368083,41.5200233459,0,0,0,0,8404.88674155,694955.693595
5.83611111111,-0.00102565239649,0.579487860203,2.40512919426,4.43056342192e-06,2.29278848565e-05,0,0,0.43576464057,0.0166674368083,41.5200233459,0,0,0,0,8518.61741615,694841.629377
5.84722222222,-0.00102565239649,0.579487860203,2.40512919426,4.43056342192e-06,2.29278848565e-05,0,0,0.440696388483,0.0166674368083,41.5200233459,0,0,0,0,8632.87977942,694726.774289
5.85833333333,-0.00102565239649,0.579487860203,2.40512919426,4.43056342192e-06,2.29278848565e-05,0,0,0.445651590824,0.0166674368083,41.5200233459,0,0,0,0,8748.1305665,694611.138762
5.86944444444,-0.00102565239649,0.579487860203,2.40512919426,4.43056342192e-06,2.29278848565e-05,0,0,0.450630575418,0.0166674368083,41.5200233459,0,0,0,0,8863.81420157,694494.712363
5.88055555556,-0.00102565239649,0.579487860203,2.40512919426,4.43056342192e-06,2.29724682868e-05,0,0,0.455633699894,0.0166674368083,41.5200233459,0,0,0,0,8977.00316547,694377.526995
5.89166666667,-0.00102565239649,0.579487860203,2.40512919426,4.43056342192e-06,2.29724682868e-05,0,0,0.460661232471,0.0166674368083,41.5200233459,0,0,0,0,9094.64432522,694259.562077
5.90277777778,-0.00102565239649,0.579487860203,2.40512919426,4.43056342192e-06,2.29278848565e-05,0,0,0.46571329236,0.0166674368083,41.5200233459,0,0,0,0,9212.64131454,694140.802545
5.91388888889,-0.00102565239649,0.579487860203,2.40512919426,4.43056342192e-06,2.29278848565e-05,0,0,0.470790207386,0.0166674368083,41.5200233459,0,0,0,0,9331.82291814,694021.261592
5.925,-0.00102565239649,0.579487860203,2.40512919426,4.43056342192e-06,2.29278848565e-05,0,0,0.47589224577,0.0166674368083,41.5200233459,0,0,0,0,9451.78861373,693900.934492
5.93611111111,-0.00102565239649,0.579487860203,2.40512919426,4.43056342192e-06,2.29278848565e-05,0,0,0.481019794941,0.0166674368083,41.5200233459,0,0,0,0,9572.15852437,693779.819374
5.94722222222,-0.00102565239649,0.579487860203,2.40512919426,4.43056342192e-06,2.29278848565e-05,0,0,0.486173093319,0.0166674368083,41.5200233459,0,0,0,0,9692.3366138,693657.927465
5.95833333333,-0.00102565239649,0.579487860203,2.40512919426,4.43056342192e-06,2.32234870055e-05,0,0,0.491352319717,0.0166674368083,41.5200233459,0,0,0,0,9814.72264196,693535.247539
5.96944444444,-0.00102565239649,0.579487860203,2.40512919426,4.43056342192e-06,2.29278848565e-05,0,0,0.496557891369,0.0166674368083,41.5200233459,0,0,0,0,9937.87800881,693411.773982
5.98055555556,-0.00102565239649,0.579487860203,2.40512919426,4.43056342192e-06,2.29278848565e-05,0,0,0.501789987087,0.0166674368083,41.5200233459,0,0,0,0,10061.6576869,693287.514278
5.99166666667,-0.00102565239649,0.579487860203,2.40512919426,4.43056342192e-06,2.30712321354e-05,0,0,0.507048845291,0.0166674368083,41.5200233459,0,0,0,0,10186.4198754,693162.466557
6.00277777778,-0.00102565239649,0.579487860203,2.40512919426,4.43056342192e-06,2.33990558627e-05,0,0,0.512335002422,0.0166674368083,41.5200233459,0,0,0,0,10311.8509054,693036.626093
6.01388888889,-0.00102565239649,0.579487860203,2.40512919426,4.43056342192e-06,2.29724682868e-05,0,0,0.517648339272,0.0166674368083,41.5200233459,0,0,0,0,10438.1282319,692909.989146
6.025,-0.00102565239649,0.579487860203,2.40512919426,4.43056342192e-06,2.29278848565e-05,0,0,0.522989392281,0.0166674368083,41.5200233459,0,0,0,0,10565.1095093,692782.571664
6.03611111111,-0.00102565239649,0.579487860203,2.40512919426,4.43056342192e-06,2.29278848565e-05,0,0,0.528358280659,0.0166674368083,41.5200233459,0,0,0,0,10692.8947312,692654.355828
6.04722222222,-0.00102565239649,0.579487860203,2.40512919426,4.43056342192e-06,2.29278848565e-05,0,0,0.533755421638,0.0166674368083,41.5200233459,0,0,0,0,10821.5799583,692525.351974
6.05833333333,-0.00102565239649,0.579487860203,2.40512919426,4.43056342192e-06,2.29278848565e-05,0,0,0.539181172848,0.0166674368083,41.5200233459,0,0,0,0,10950.7692252,692395.557249
6.06944444444,-0.00102565239649,0.579487860203,2.40512919426,4.43056342192e-06,2.29278848565e-05,0,0,0.544635474682,0.0166674368083,41.5200233459,0,0,0,0,11081.0589864,692264.96791
6.08055555556,-0.00102565239649,0.579487860203,2.40512919426,4.43056342192e-06,2.29278848565e-05,0,0,0.550119042397,0.0166674368083,41.5200233459,0,0,0,0,11211.5334605,692133.585829
6.09166666667,-0.00102565239649,0.579487860203,2.40512919426,4.43056342192e-06,2.29278848565e-05,0,0,0.555631816387,0.0166674368083,41.5200233459,0,0,0,0,11343.4081351,692001.420362
6.10277777778,-0.00102565239649,0.579487860203,2.40512919426,4.43056342192e-06,2.29278848565e-05,0,0,0.561174333096,0.0166674368083,41.5200233459,0,0,0,0,11475.8056693,691868.457428
6.11388888889,-0.00102565239649,0.579487860203,2.40512919426,4.43056342192e-06,2.29278848565e-05,0,0,0.566746652126,0.0166674368083,41.5200233459,0,0,0,0,11609.2448842,691734.700863
6.125,-0.00102565239649,0.579487860203,2.40512919426,4.43056342192e-06,2.29278848565e-05,0,0,0.572349309921,0.0166674368083,41.5200233459,0,0,0,0,11743.5075349,691600.150574
6.13611111111,-0.00102565239649,0.579487860203,2.40512919426,4.43056342192e-06,2.29278848565e-05,0,0,0.577982187271,0.0166674368083,41.5200233459,0,0,0,0,11878.5653595,691464.800058
6.14722222222,-0.00102565239649,0.579487860203,2.40512919426,4.43056342192e-06,2.29278848565e-05,0,0,0.583646118641,0.0166674368083,41.5200233459,0,0,0,0,12009.9980442,691328.679253
6.15833333333,-0.00102565239649,0.579487860203,2.40512919426,4.43056342192e-06,2.29278848565e-05,0,0,0.589341044426,0.0166674368083,41.5200233459,0,0,0,0,12146.2769401,691191.768465
6.16944444444,-0.00102565239649,0.579487860203,2.40512919426,4.43056342192e-06,3.05361973005e-05,0,0,0.595067203045,0.0166674368083,41.5200233459,0,0,0,0,12282.6930552,691054.070549
6.18055555556,-0.00102565239649,0.579487860203,2.40512919426,4.43056342192e-06,3.05213034153e-05,0,4,0.600825190544,0.0166674368083,41.5200233459,0,0,0,0,12420.76396,690915.573296
6.19166666667,-0.00102565239649,0.579487860203,2.40512919426,4.43056342192e-06,2.29278848565e-05,0,4,0.606614947319,0.0166674368083,41.5200233459,0,0,0,0,12559.8640926,690776.172904
6.20277777778,-0.00102565239649,0.579487860203,2.40512919426,4.43056342192e-06,2.29278848565e-05,0,4,0.612436950207,0.0166674368083,41.5200233459,0,0,0,0,12702.4199104,690632.76324
6.21388888889,-0.00102565239649,0.579487860203,2.40512919426,4.43056342192e-06,2.29278848565e-05,0,4,0.618291378021,0.0166674368083,41.5200233459,0,0,0,0,12853.3688614,690480.846251
6.225,-0.00102565239649,0.579487860203,2.40512919426,4.43056342192e-06,2.29278848565e-05,0,4,0.624178528786,0.0166674368083,41.5200233459,0,0,0,0,13013.4932152,690320.054217
6.23611111111,-0.00102565239649,0.579487860203,2.40512919426,4.43056342192e-06,2.29278848565e-05,4,4,0.630098700523,0.0166674368083,41.5200233459,0,0,0,0,13182.3753783,690150.086779
6.24722222222,-0.00102565239649,0.579487860203,2.40512919426,4.43056342192e-06,2.29278848565e-05,4,4,0.636052370071,0.0166674368083,41.5200233459,0,0,0,0,13360.8169712,689970.723144
6.25833333333,-0.00102565239649,0.579487860203,2.40512919426,4.43056342192e-06,2.29278848565e-05,4,4,0.642039656639,0.0166674368083,41.5200233459,0,0,0,0,13549.3938565,689781.49376
6.26944444444,-0.00102565239649,0.579487860203,2.40512919426,4.43056342192e-06,2.29278848565e-05,4,4,0.64806073904,0.0166674368083,41.5200233459,0,0,0,0,13747.8894217,689582.055229
6.28055555556,-0.00102565239649,0.579487860203,2.40512919426,4.43056342192e-06,2.29278848565e-05,4,4,0.654116153717,0.0166674368083,41.5200233459,0,0,0,0,13956.4489166,689371.965971
6.29166666667,-0.00102565239649,0.579487860203,2.40512919426,4.43056342192e-06,2.29278848565e-05,4,4,0.660206079483,0.0166674368083,41.5200233459,0,0,0,0,14176.8507386,689150.751613
6.30277777778,-0.00102565239649,0.579487860203,2.40512919426,4.43056342192e-06,2.29278848565e-05,4,4,0.666330873966,0.0166674368083,41.5200233459,0,0,0,0,14408.8833321,688917.873274
6.31388888889,-0.00102565239649,0.579487860203,2.40512919426,4.43056342192e-06,2.29278848565e-05,4,4,0.672490775585,0.0166674368083,41.5200233459,0,0,0,0,14652.352429,688672.685423
6.325,-0.00102565239649,0.579487860203,2.40512919426,4.43056342192e-06,2.29724682868e-05,4,4,0.678685963154,0.0166674368083,41.5200233459,0,0,0,0,14909.1306994,688414.121528
6.33611111111,-0.00102565239649,0.579487860203,2.40512919426,4.43056342192e-06,2.29278848565e-05,4,4,0.684916853905,0.0166674368083,41.5200233459,0,0,0,0,15179.6487659,688142.468849
6.34722222222,-0.00102565239649,0.579487860203,2.40512919426,4.43056342192e-06,2.29278848565e-05,4,4,0.691183805466,0.0166674368083,41.5200233459,0,0,0,0,15464.3383897,687856.438101
6.35833333333,-0.00102565239649,0.579487860203,2.40512919426,4.43056342192e-06,2.29278848565e-05,4,4,0.697487056255,0.0166674368083,41.5200233459,0,0,0,0,15764.1482704,687555.252864
6.36944444444,-0.00102565239649,0.579487860203,2.40512919426,4.43056342192e-06,2.29278848565e-05,4,4,0.703826785088,0.0166674368083,41.5200233459,0,0,0,0,16079.8588361,687238.094391
6.38055555556,-0.00102565239649,0.579487860203,2.40512919426,4.43056342192e-06,2.29278848565e-05,4,4,0.710203409195,0.0166674368083,41.5200233459,0,0,0,0,16412.3088161,686904.137707
6.39166666667,-0.00102565239649,0.579487860203,2.40512919426,4.43056342192e-06,2.29278848565e-05,4,4,0.716617166996,0.0166674368083,41.5200233459,0,0,0,0,16762.2074351,686552.548111
6.40277777778,-0.00102565239649,0.579487860203,2.40512919426,4.43056342192e-06,2.29278848565e-05,4,4,0.723068058491,0.0166674368083,41.5200233459,0,0,0,0,17130.7524845,686182.129077
6.41388888889,-0.00102565239649,0.579487860203,2.40512919426,4.43056342192e-06,2.29278848565e-05,4,4,0.729556977749,0.0166674368083,41.5200233459,0,0,0,0,17518.908155,685792.023729
6.425,-0.00102565239649,0.579487860203,2.40512919426,4.43056342192e-06,2.29278848565e-05,4,4,0.73608404398,0.0166674368083,41.5200233459,0,0,0,0,17927.5698785,685381.093357
6.43611111111,-0.00102565239649,0.579487860203,2.40512919426,4.43056342192e-06,2.29278848565e-05,4,4,0.742649257183,0.0166674368083,41.5200233459,0,0,0,0,18357.7236963,684947.266736
6.44722222222,-0.00102565239649,0.579487860203,2.40512919426,4.43056342192e-06,2.29278848565e-05,4,4,0.749253153801,0.0166674368083,41.5200233459,0,0,0,0,18812.0388445,684487.93456
6.45833333333,-0.00102565239649,0.579487860203,2.40512919426,4.43056342192e-06,2.29278848565e-05,4,4,0.755895972252,0.0166674368083,41.5200233459,0,0,0,0,19293.2514121,684000.043176
6.46944444444,-0.00102565239649,0.579487860203,2.40512919426,4.43056342192e-06,2.29278848565e-05,4,4,0.762578070164,0.0166674368083,41.5200233459,0,0,0,0,19805.8657194,683480.015025
6.48055555556,-0.00102565239649,0.579487860203,2.40512919426,4.43056342192e-06,2.29278848565e-05,4,4,0.769299507141,0.0166674368083,41.5200233459,0,0,0,0,20352.0614798,682925.198745
6.49166666667,-0.00102565239649,0.579487860203,2.40512919426,4.43056342192e-06,2.29724682868e-05,4,4,0.776060819626,0.0166674368083,41.5200233459,0,0,0,0,20933.8796186,682335.653229
6.50277777778,-0.00102497125044,0.579489648342,2.40506529808,0.000149349652929,3.90490022255e-05,4,4,0.782862007618,0.0166674368083,41.5200233459,0,0,0,0,21395.716068,681733.265355
6.51388888889,-0.00102474784944,0.579492986202,2.40505599976,0.000168832644704,4.48936552857e-05,4,4,0.789703607559,0.0166674368083,41.5200233459,0,0,0,0,21757.1491498,681195.067004
6.525,-0.00102627766319,0.579482376575,2.40515041351,-4.55760964542e-05,3.17804006045e-05,4,4,0.796585917473,0.0166674368083,41.5200233459,0,0,0,0,22290.8815647,680663.831926
6.53611111111,-0.00102627766319,0.579478859901,2.40514135361,-3.62351638614e-05,2.3611866709e-05,4,4,0.803508996964,0.0166674368083,41.5200233459,0,0,0,0,22857.5303412,680091.645578
6.54722222222,-0.00102627766319,0.579477727413,2.40514135361,-3.62351638614e-05,2.35938041442e-05,4,4,0.810473442078,0.0166674368083,41.5200233459,0,0,0,0,23462.6260143,679481.115082
6.55833333333,-0.00102627766319,0.579477488995,2.40514135361,-3.62351638614e-05,2.35552251979e-05,4,4,0.817479491234,0.0166674368083,41.5200233459,0,0,0,0,24105.7746642,678831.987229
6.56944444444,-0.00102627766319,0.579477488995,2.40514135361,-3.62351638614e-05,2.38430493482e-05,4,4,0.824527263641,0.0166674368083,41.5200233459,0,0,0,0,24788.4928043,678144.208763
6.58055555556,-0.00102627766319,0.579477488995,2.40514135361,-3.62351638614e-05,2.35938041442e-05,4,4,0.831616818905,0.0166674368083,41.5200233459,0,0,0,0,25509.590795,677417.754892
6.59166666667,-0.00102627766319,0.579477488995,2.40514135361,-3.62351638614e-05,2.35552251979e-05,4,4,0.838749110699,0.0166674368083,41.5200233459,0,0,0,0,26269.6625144,676652.613407
6.60277777778,-0.00102627766319,0.579477488995,2.40514135361,-3.62351638614e-05,2.35552251979e-05,4,4,0.845924079418,0.0166674368083,41.5200233459,0,0,0,0,27068.4129297,675848.794646
6.61388888889,-0.00102627766319,0.579477488995,2.40514135361,-3.62351638614e-05,2.35552251979e-05,4,4,0.853141963482,0.0166674368083,41.5200233459,0,0,0,0,27905.8449847,675006.298608
6.625,-0.00102627766319,0.579477488995,2.40514135361,-3.62351638614e-05,2.35552251979e-05,4,4,0.860403120518,0.0166674368083,41.5200233459,0,0,0,0,28781.5498034,674125.115939
6.63611111111,-0.000999503186904,0.579972326756,2.40482473373,0.000411135028116,0.000111616820504,4,4,0.867707788944,0.0166674368083,41.5200233459,0,0,0,0,27604.0337621,673333.563209
6.64722222222,-0.000813870865386,0.583607971668,2.40354394913,0.00119218265172,0.000314494624035,4,4,0.875056445599,0.0166674368083,41.5200233459,0,0,0,0,22238.8728474,673126.187389
6.65833333333,-0.000593162258156,0.588195621967,2.40320920944,-0.000422779499786,0.000129106250824,4,4,0.882449030876,0.0166674368083,41.5200233459,0,0,0,0,22529.1131419,673265.441387
6.66944444444,-0.000436609087046,0.591303348541,2.40233850479,-0.000307234266074,7.86943855928e-05,4,4,0.889886438847,0.0166674368083,41.5200233459,0,0,0,0,22480.8840601,673298.310053
6.68055555556,-0.000355613970896,0.592912316322,2.40189290047,-0.000256556231761,6.84007900418e-05,4,4,0.897368073463,0.0166674368083,41.5200233459,0,0,0,0,22506.196581,673246.169686
6.69166666667,-0.000347035616869,0.593079686165,2.40183877945,-0.000257893552771,6.13268930465e-05,4,4,0.904894948006,0.0166674368083,41.5200233459,0,0,0,0,22622.883806,673117.519589
6.70277777778,-0.000412355060689,0.59177094698,2.40215182304,-0.000234758525039,6.05038512731e-05,4,4,0.912467122078,0.0166674368083,41.5200233459,0,0,0,0,22822.5904687,672906.203787
6.71388888889,-0.000551402161364,0.588989198208,2.40284132957,-0.000215738342376,5.76815291424e-05,4,4,0.920084893703,0.0166674368083,41.5200233459,0,0,0,0,23104.3897028,672612.931281
6.725,-0.000764118216466,0.584734201431,2.40389633179,-0.000203262257855,6.06432076893e-05,4,4,0.927748382092,0.0166674368083,41.5200233459,0,0,0,0,23468.2649479,672237.429871
6.73611111111,-0.0010257930262,0.579488575459,2.40518045425,-0.000173246240593,4.95916392538e-05,4,4,0.935458064079,0.0166674368083,41.5200233459,0,0,0,0,23617.1377246,671800.516228
6.74722222222,-0.0010257930262,0.579483270645,2.4051296711,-7.44922072045e-05,3.26067383867e-05,4,4,0.943214118481,0.0166674368083,41.5200233459,0,0,0,0,23412.4270667,671590.618268
6.75833333333,-0.0010257930262,0.579491615295,2.40518546104,-0.000171220381162,4.50415536761e-05,4,4,0.951016902924,0.0166674368083,41.5200233459,0,0,0,0,23560.5809966,671420.514987
6.76944444444,-0.0010257930262,0.579489052296,2.40518760681,-0.000187873389223,5.16626168974e-05,4,4,0.958866417408,0.0166674368083,41.5200233459,0,0,0,0,23732.9428877,671247.683126
6.78055555556,-0.0010257930262,0.579487204552,2.40516901016,-0.000152340377099,4.36299487774e-05,4,4,0.96676337719,0.0166674368083,41.5200233459,0,0,0,0,23906.9716597,671070.367584
6.79166666667,-0.0010257930262,0.579488694668,2.40517568588,-0.000162242766237,4.24157296948e-05,4,4,0.974707782269,0.0166674368083,41.5200233459,0,0,0,0,24081.7327008,670896.137864
6.80277777778,-0.0010257930262,0.579488694668,2.40517616272,-0.000165793317137,4.92898325319e-05,4,4,0.982699871063,0.0166674368083,41.5200233459,0,0,0,0,24257.1957385,670720.508192
6.81388888889,-0.0010257930262,0.57948833704,2.40517139435,-0.000160926239914,4.84641095682e-05,4,4,0.990739822388,0.0166674368083,41.5200233459,0,0,0,0,24433.4027944,670543.283458
6.825,-0.0010257930262,0.579488694668,2.40517377853,-0.000163880904438,4.89472804475e-05,4,4,0.998828113079,0.0166674368083,41.5200233459,0,0,0,0,24610.3496552,670366.302787
6.83611111111,-0.0010257930262,0.579488694668,2.40517520905,-0.000163482545759,4.93152001582e-05,4,4,1.00696492195,0.0166674368083,41.5200233459,0,0,0,0,24788.0115325,670188.417423
6.84722222222,-0.0010257930262,0.579488694668,2.40517473221,-0.000163144155522,4.92280960316e-05,4,4,1.01515078545,0.0166674368083,41.5200233459,0,0,0,0,24966.2558084,670009.616876
6.85833333333,-0.0010257930262,0.579488694668,2.40517520905,-0.000163128774147,4.93152001582e-05,4,4,1.02338552475,0.0166674368083,41.5200233459,0,0,0,0,25145.4009487,669830.236916
6.86944444444,-0.0010257930262,0.579488694668,2.40517520905,-0.000163133678143,4.93152001582e-05,4,4,1.03166985512,0.0166674368083,41.5200233459,0,0,0,0,25325.2299922,669649.997556
6.88055555556,-0.0010257930262,0.579488694668,2.40517520905,-0.000163113276358,4.93152001582e-05,4,4,1.04000365734,0.0166674368083,41.5200233459,0,0,0,0,25505.807539,669469.094701
6.89166666667,-0.0010257930262,0.579488694668,2.40517520905,-0.000163127915584,4.93152001582e-05,4,4,1.04838752747,0.0166674368083,41.5200233459,0,0,0,0,25687.1099648,669287.449577
6.90277777778,-0.0010257930262,0.579488694668,2.40517520905,-0.000163124641404,4.93152001582e-05,4,4,1.05682110786,0.0166674368083,41.5200233459,0,0,0,0,25869.1195207,669105.057319
6.91388888889,-0.0010257930262,0.579488694668,2.40517520905,-0.000163125383551,4.93152001582e-05,4,4,1.065305233,0.0166674368083,41.5200233459,0,0,0,0,26051.8758765,668921.98234
6.925,-0.0010257930262,0.579488694668,2.40517520905,-0.000163117641932,4.93152001582e-05,4,5,1.0738401413,0.0166674368083,41.5200233459,0,0,0,0,26235.3424852,668738.10138
6.93611111111,-0.0010257930262,0.579488694668,2.40517520905,-0.000163119504577,4.93152001582e-05,4,8,1.08242619038,0.0166674368083,41.5200233459,0,0,0,0,26419.6949896,668553.426042
6.94722222222,-0.0010257930262,0.579488694668,2.40517520905,-0.00016313654487,4.93152001582e-05,4,8,1.09106302261,0.0166674368083,41.5200233459,0,0,0,0,26608.1003063,668364.215696
6.95833333333,-0.0010257930262,0.579488694668,2.40517520905,-0.000163140095538,4.93152001582e-05,4,8,1.09975135326,0.0166674368083,41.5200233459,0,0,0,0,26810.0335746,668161.2483
6.96944444444,-0.0010257930262,0.579488694668,2.40517520905,-0.000163142351084,4.93152001582e-05,6,8,1.10849130154,0.0166674368083,41.5200233459,0,0,0,0,27027.4563958,667942.690169
6.98055555556,-0.0010257930262,0.579488694668,2.40517520905,-0.000163147400599,4.93152001582e-05,8,8,1.11728310585,0.0166674368083,41.5200233459,0,0,0,0,27260.8219946,667708.157723
6.99166666667,-0.0010257930262,0.579488694668,2.40517520905,-0.000163149932632,4.93152001582e-05,8,8,1.12612652779,0.0166674368083,41.5200233459,0,0,0,0,27510.7236255,667456.736974
7.00277777778,-0.0010257930262,0.579488694668,2.40517520905,-0.000163155229529,4.93152001582e-05,8,8,1.13502240181,0.0166674368083,41.5200233459,0,0,0,0,27777.3023367,667188.864779
7.01388888889,-0.0010257930262,0.579488694668,2.40517520905,-0.000163144301041,4.93152001582e-05,8,8,1.14397096634,0.0166674368083,41.5200233459,0,0,0,0,28061.1910379,666903.577515
7.025,-0.0010257930262,0.579488694668,2.40517520905,-0.000163149597938,4.93152001582e-05,8,8,1.15297222137,0.0166674368083,41.5200233459,0,0,0,0,28363.0700167,666600.191247
7.03611111111,-0.0010257930262,0.579488694668,2.40517520905,-0.000163153556059,4.93152001582e-05,8,8,1.16202628613,0.0166674368083,41.5200233459,0,0,0,0,28683.6373941,666278.000542
7.04722222222,-0.0010257930262,0.579488694668,2.40517520905,-0.000163145232364,4.93152001582e-05,8,8,1.17113363743,0.0166674368083,41.5200233459,0,0,0,0,29023.6431258,665936.256209
7.05833333333,-0.0010257930262,0.579488694668,2.40517520905,-0.000163150529261,4.93152001582e-05,8,8,1.18029439449,0.0166674368083,41.5200233459,0,0,0,0,29383.8484428,665574.165645
7.06944444444,-0.0010257930262,0.579488694668,2.40517520905,-0.000163155826158,4.93152001582e-05,8,8,1.18950867653,0.0166674368083,41.5200233459,0,0,0,0,29765.1237088,665190.825245
7.08055555556,-0.0010257930262,0.579488694668,2.40517520905,-0.000163147502462,4.93152001582e-05,8,8,1.19877696037,0.0166674368083,41.5200233459,0,0,0,0,30168.4394111,664785.299432
7.09166666667,-0.0010257930262,0.579488694668,2.40517520905,-0.00016315279936,4.93152001582e-05,8,8,1.20809936523,0.0166674368083,41.5200233459,0,0,0,0,30594.7114791,664356.472042
7.10277777778,-0.0010257930262,0.579488694668,2.40517520905,-0.000163158096257,4.93152001582e-05,8,8,1.21747612953,0.0166674368083,41.5200233459,0,0,0,0,31045.1957993,663902.606568
7.11388888889,-0.0010257930262,0.579488694668,2.40517520905,-0.000163149772561,4.93152001582e-05,8,8,1.22690713406,0.0166674368083,41.5200233459,0,0,0,0,31521.7637786,663421.25298
7.125,-0.0010257930262,0.579488694668,2.40517520905,-0.000163155069458,4.93152001582e-05,8,8,1.23639261723,0.0166674368083,41.5200233459,0,0,0,0,32027.6065168,662909.322054
7.13611111111,-0.0010257930262,0.579488694668,2.40517520905,-0.000163160089869,4.93152001582e-05,8,8,1.24593317509,0.0166674368083,41.5200233459,0,0,0,0,32567.3458943,662363.338158
7.14722222222,-0.0010257930262,0.579488694668,2.40517520905,-0.000163151766174,4.93152001582e-05,8,8,1.25552892685,0.0166674368083,41.5200233459,0,0,0,0,33145.4969749,661779.919309
7.15833333333,-0.0010257930262,0.579488694668,2.40517520905,-0.000163157063071,4.93152001582e-05,8,8,1.26517963409,0.0166674368083,41.5200233459,0,0,0,0,33762.3942296,661157.916551
7.16944444444,-0.0010257930262,0.579488694668,2.40517520905,-0.000163162359968,4.93152001582e-05,8,8,1.27488589287,0.0166674368083,41.5200233459,0,0,0,0,34417.8878999,660497.318753
7.18055555556,-0.0010257930262,0.579485058784,2.40515017509,-0.000113183312351,3.37343335559e-05,8,8,1.28464746475,0.0166674368083,41.5200233459,0,0,0,0,35047.637277,659798.858008
7.19166666667,-0.00102500605863,0.579485118389,2.40506196022,6.37496486888e-05,3.26067383867e-05,8,8,1.29446470737,0.0166674368083,41.5200233459,0,0,0,0,35542.64237,659099.615175
7.20277777778,-0.00102496321779,0.579491734505,2.40508985519,4.86938733957e-05,2.79061787296e-05,8,8,1.30433773994,0.0166674368083,41.5200233459,0,0,0,0,36040.9243023,658471.028148
7.21388888889,-0.00102671748027,0.579485177994,2.40521407127,-0.000200201568077,5.55776168767e-05,8,8,1.31426692009,0.0166674368083,41.5200233459,0,0,0,0,36674.1674934,657843.106113
7.225,-0.00102671748027,0.57947653532,2.40516901016,-0.000131237567984,3.66141393897e-05,8,8,1.32425224781,0.0166674368083,41.5200233459,0,0,0,0,37351.8376761,657151.500048
7.23611111111,-0.00102671748027,0.579476118088,2.40517377853,-0.000138040762977,4.0833663661e-05,8,8,1.33429408073,0.0166674368083,41.5200233459,0,0,0,0,38069.6637501,656428.830098
7.24722222222,-0.00102671748027,0.579475522041,2.40516638756,-0.000140648815432,3.97594703827e-05,8,8,1.34439253807,0.0166674368083,41.5200233459,0,0,0,0,38826.2728805,655666.626407
7.25833333333,-0.00102671748027,0.57947486639,2.40516638756,-0.000141095515573,3.96090690629e-05,8,8,1.3545473814,0.0166674368083,41.5200233459,0,0,0,0,39621.4872599,654866.064767
7.26944444444,-0.00102671748027,0.57947486639,2.40516638756,-0.000141157666803,4.35464862676e-05,8,8,1.36475896835,0.0166674368083,41.5200233459,0,0,0,0,40455.3035103,654027.216598
7.28055555556,-0.00102671748027,0.57947486639,2.40516638756,-0.000140964257298,3.98166157538e-05,8,8,1.37502753735,0.0166674368083,41.5200233459,0,0,0,0,41327.7148191,653149.628376
7.29166666667,-0.00102671748027,0.57947486639,2.40516662598,-0.000140814910992,3.97873409383e-05,8,8,1.38535344601,0.0166674368083,41.5200233459,0,0,0,0,42238.7786495,652233.504474
7.30277777778,-0.00100841140375,0.579777896404,2.40481162071,0.000459233764559,0.000139560230309,8,8,1.39573633671,0.0166674368083,41.5200233459,0,0,0,0,41047.6007657,651335.948722
7.31388888889,-0.00095040013548,0.580926716328,2.40448617935,0.000485447235405,0.000141147829709,8,8,1.40617632866,0.0166674368083,41.5200233459,0,0,0,0,38860.4502521,650666.478051
7.325,-0.000736853573471,0.585247695446,2.40357732773,0.000308534421492,0.000104257364001,8,8,1.41667377949,0.0166674368083,41.5200233459,0,0,0,0,36071.4572344,650572.943912
7.33611111111,-0.000517165055498,0.589716017246,2.40284252167,-0.000471622479381,0.000143385332194,8,8,1.42722845078,0.0166674368083,41.5200233459,0,0,0,0,36023.1244946,650639.289313
7.34722222222,-0.000370146823116,0.592637300491,2.40204191208,-0.000387709471397,0.00011461959366,8,8,1.43784070015,0.0166674368083,41.5200233459,0,0,0,0,36080.120939,650562.27216
7.35833333333,-0.000287702278001,0.594274818897,2.40157914162,-0.000296515820082,7.75296721258e-05,8,8,1.44851064682,0.0166674368083,41.5200233459,0,0,0,0,36180.4385499,650391.05015
7.36944444444,-0.000241461981204,0.595196127892,2.4013299942,-0.000265859940555,6.6485874413e-05,8,8,1.45923829079,0.0166674368083,41.5200233459,0,0,0,0,36322.8462396,650201.514615
7.38055555556,-0.000247526186286,0.595071971416,2.40134525299,-0.000258289132034,6.67955100653e-05,8,8,1.47002387047,0.0166674368083,41.5200233459,0,0,0,0,36557.7842629,649957.108479
7.39166666667,-0.000306689675199,0.593884825706,2.40162467957,-0.000237935746554,6.02326690569e-05,8,8,1.48086738586,0.0166674368083,41.5200233459,0,0,0,0,36851.5775911,649653.227587
7.40277777778,-0.000386963802157,0.592248260975,2.40190172195,1.10645405584e-05,2.29278848565e-05,8,8,1.49176859856,0.0166674368083,41.5200233459,0,0,0,0,36896.2177391,649359.315451
7.41388888889,-0.00048405941925,0.590335071087,2.40248680115,-0.000164695855347,4.7313325922e-05,8,8,1.50272798538,0.0166674368083,41.5200233459,0,0,0,0,37144.8390575,649136.960341
7.425,-0.000622976047453,0.587566435337,2.40322160721,-0.000258342857705,6.56348638586e-05,8,8,1.51374554634,0.0166674368083,41.5200233459,0,0,0,0,37398.5289124,648884.857359
7.43611111111,-0.000807183561847,0.583863198757,2.40407466888,-0.000126207916765,3.90074928873e-05,8,8,1.52482116222,0.0166674368083,41.5200233459,0,0,0,0,37680.3391427,648583.441485
7.44722222222,-0.00102583703119,0.579491555691,2.40517091751,-0.00012299962691,4.00656717829e-05,8,8,1.53595495224,0.0166674368083,41.5200233459,0,0,0,0,37957.8766759,648282.44342
7.45833333333,-0.0010264175944,0.579485058784,2.40522241592,-0.000244555616518,5.81819513172e-05,8,8,1.54714655876,0.0166674368083,41.5200233459,0,0,0,0,37878.5260774,648109.67934
7.46944444444,-0.00102550559677,0.579485654831,2.40514397621,-0.00011298442405,4.33187597082e-05,8,8,1.55839645863,0.0166674368083,41.5200233459,0,0,0,0,38094.3352717,647867.813924
7.48055555556,-0.00102491059806,0.579491019249,2.40510630608,-9.80534969131e-06,3.29397516907e-05,8,8,1.5697042942,0.0166674368083,41.5200233459,0,0,0,0,38285.4006215,647650.711937
7.49166666667,-0.00102552759927,0.579491913319,2.40518403053,-0.000160033538123,4.11719265685e-05,8,8,1.58107066154,0.0166674368083,41.5200233459,0,0,0,0,38492.3875188,647461.665255
7.50277777778,-0.00102552759927,0.579488098621,2.40516519547,-0.000144332880154,4.01252182201e-05,8,8,1.59249508381,0.0166674368083,41.5200233459,0,0,0,0,38698.1310378,647252.247211
7.51388888889,-0.00102552759927,0.579486310482,2.40513753891,-9.28812369239e-05,3.31358933181e-05,8,10,1.60397815704,0.0166674368083,41.5200233459,0,0,0,0,38904.74635,647038.255054
7.525,-0.00102552759927,0.57948923111,2.40515756607,-0.000122762387036,3.45122716681e-05,8,12,1.61551904678,0.0166674368083,41.5200233459,0,0,0,0,39113.6266187,646832.399473
7.53611111111,-0.00102552759927,0.579488754272,2.40515899658,-0.000127474602778,3.68123219232e-05,8,12,1.62711775303,0.0166674368083,41.5200233459,0,0,0,0,39332.2256466,646613.333195
7.54722222222,-0.00102552759927,0.57948833704,2.40515112877,-0.000123429359519,4.03829290008e-05,9,12,1.6387745142,0.0166674368083,41.5200233459,0,0,0,0,39571.9354565,646370.035048
7.55833333333,-0.00102552759927,0.579488813877,2.4051554203,-0.000128024636069,3.85501552955e-05,12,12,1.65048968792,0.0166674368083,41.5200233459,0,0,0,0,39834.125084,646106.208717
7.56944444444,-0.00102552759927,0.579488813877,2.40515756607,-0.000127769395476,3.36719276675e-05,12,12,1.66226255894,0.0166674368083,41.5200233459,0,0,0,0,40119.5059639,645818.834921
7.58055555556,-0.00102552759927,0.579488635063,2.40515565872,-0.000127394872834,3.47797067661e-05,12,12,1.6740937233,0.0166674368083,41.5200233459,0,0,0,0,40427.9636538,645507.732924
7.59166666667,-0.00102552759927,0.579488754272,2.40515589714,-0.00012710991723,3.32848030666e-05,12,12,1.68598246574,0.0166674368083,41.5200233459,0,0,0,0,40760.6272472,645172.453694
7.60277777778,-0.00102552759927,0.579488754272,2.40515589714,-0.000127380379126,3.37983037753e-05,12,12,1.69792950153,0.0166674368083,41.5200233459,0,0,0,0,41117.2889469,644813.430709
7.61388888889,-0.00102552759927,0.579488694668,2.40515565872,-0.000127101360704,3.34755313816e-05,12,12,1.7099339962,0.0166674368083,41.5200233459,0,0,0,0,41499.3829577,644428.471063
7.625,-0.00102552759927,0.579488694668,2.40515589714,-0.000127372259158,3.37983037753e-05,12,12,1.72199559212,0.0166674368083,41.5200233459,0,0,0,0,41907.6081341,644017.301342
7.63611111111,-0.00102552759927,0.579488694668,2.40515565872,-0.000127065635752,3.33794523613e-05,12,12,1.73411476612,0.0166674368083,41.5200233459,0,0,0,0,42343.035248,643578.117737
7.64722222222,-0.00102552759927,0.579488694668,2.40515565872,-0.000127346458612,3.37983037753e-05,12,12,1.74629127979,0.0166674368083,41.5200233459,0,0,0,0,42807.5718366,643108.659293
7.65833333333,-0.00102552759927,0.579488754272,2.40515589714,-0.000127609833726,3.99548553105e-05,12,12,1.75852560997,0.0166674368083,41.5200233459,0,0,0,0,43304.4300869,642606.167248
7.66944444444,-0.00102552759927,0.579488694668,2.40515589714,-0.000127328225062,3.37983037753e-05,12,12,1.7708170414,0.0166674368083,41.5200233459,0,0,0,0,43837.524539,642067.459651
7.68055555556,-0.00102552759927,0.579488754272,2.40515589714,-0.0001275971008,4.0212951717e-05,12,12,1.78316509724,0.0166674368083,41.5200233459,0,0,0,0,44409.1842332,641490.694676
7.69166666667,-0.00102552759927,0.579488694668,2.40515589714,-0.000127313425764,3.37983037753e-05,12,12,1.79557013512,0.0166674368083,41.5200233459,0,0,0,0,45019.2790126,640875.363674
7.70277777778,-0.00102552759927,0.579488694668,2.40515589714,-0.000127588864416,4.0212951717e-05,12,12,1.80803155899,0.0166674368083,41.5200233459,0,0,0,0,45667.8531124,640221.672748
7.71388888889,-0.00102552759927,0.579488754272,2.40515589714,-0.000127275969135,3.37983037753e-05,12,12,1.82054936886,0.0166674368083,41.5200233459,0,0,0,0,46354.8491702,639529.474079
7.725,-0.00102552759927,0.579488694668,2.40515589714,-0.000127561943373,4.0212951717e-05,12,12,1.83312368393,0.0166674368083,41.5200233459,0,0,0,0,47080.2900249,638798.85333
7.73611111111,-0.00102552759927,0.579488694668,2.40515589714,-0.000127269289806,3.37983037753e-05,12,12,1.84575426579,0.0166674368083,41.5200233459,0,0,0,0,47844.1862234,638029.793369
7.74722222222,-0.00102552759927,0.579488098621,2.405148983,-0.000114581569505,3.24704742525e-05,12,12,1.85844063759,0.0166674368083,41.5200233459,0,0,0,0,48625.0353477,637222.783934
7.75833333333,-0.00102552759927,0.579485058784,2.40512275696,-5.81491294724e-05,2.29278848565e-05,12,12,1.87118256092,0.0166674368083,41.5200233459,0,0,0,0,49356.8153472,636386.55796
7.76944444444,-0.00102552759927,0.579489409924,2.40515613556,-0.000113374982902,3.68401051674e-05,12,12,1.8839802742,0.0166674368083,41.5200233459,0,0,0,0,50163.8057209,635538.048354
7.78055555556,-0.00102552759927,0.579489290714,2.40517044067,-0.000150232124724,4.27162012784e-05,12,12,1.89662861824,0.0166674368083,41.5200233459,0,0,0,0,50912.6324777,634650.789725
7.79166666667,-0.00102552759927,0.579488217831,2.40515375137,-0.00012177053577,3.73914517695e-05,12,12,1.89662206173,0.0166674368083,41.5200233459,0,0,0,0,50859.6935994,633728.914829
7.80277777778,-0.00102552759927,0.5794891119,2.40516066551,-0.000132164743263,3.88673470297e-05,12,12,1.89662480354,0.0166674368083,41.5200233459,0,0,0,0,51812.5883666,632772.271976
7.81388888889,-0.00102552759927,0.579488635063,2.40515804291,-0.000130262458697,3.60918784281e-05,12,12,1.89662480354,0.0166674368083,41.5200233459,0,0,0,0,52803.9032903,631776.001837
7.825,-0.00102552759927,0.579488635063,2.40515637398,-0.000129923952045,3.73549482902e-05,12,12,1.89662480354,0.0166674368083,41.5200233459,0,0,0,0,53833.6665329,630741.126449
7.83611111111,-0.00098494742997,0.580272316933,2.40479588509,0.000277312967228,7.92181381257e-05,12,12,1.89662480354,0.0166674368083,41.5200233459,0,0,0,0,52170.6915411,629819.636706
7.84722222222,-0.000792492646724,0.584017157555,2.40336608887,0.00128838187084,0.000359045807272,12,12,1.89662480354,0.0166674368083,41.5200233459,0,0,0,0,45024.3950134,629397.659951
7.85833333333,-0.000497744826134,0.590143680573,2.40288162231,-0.000608438451309,0.000227699609241,12,12,1.89662480354,0.0166674368083,41.5200233459,0,0,0,0,45571.8460819,629505.038149
7.86944444444,-0.000234565712162,0.595367610455,2.40144348145,-0.000574127421714,0.000171451974893,12,12,1.89662480354,0.0166674368083,41.5200233459,0,0,0,0,45453.7570849,629516.583813
7.88055555556,-2.48140477197e-05,0.59954637289,2.4003329277,-0.000532994512469,0.000159643634106,12,12,1.89662480354,0.0166674368083,41.5200233459,0,0,0,0,45503.3180825,629421.210269
7.89166666667,0.000116442388389,0.602359414101,2.39955449104,-0.00042551549268,0.000114984017273,12,12,1.89662480354,0.0167130716145,41.5200233459,0,0,0,0,45598.5455742,629222.975494
7.90277777778,0.000169185906998,0.603402972221,2.39925646782,-0.000397462776164,0.000103880483948,12,12,1.89662480354,0.0167297068983,41.5200233459,0,0,0,0,45631.9440077,628975.547696
7.91388888889,0.000126113882288,0.602544128895,2.39949536324,-0.00033651231206,9.7229189123e-05,12,12,1.89662480354,0.0167316701263,41.5200233459,0,0,0,0,45919.7138523,628698.904314
7.925,1.39420671985e-05,0.600271940231,2.39995145798,-0.000128596890136,5.4194490076e-05,12,12,1.89662480354,0.0166643038392,41.5200233459,0,0,0,0,46020.5675474,628387.8298
7.93611111111,-0.000103059763205,0.597956240177,2.40058660507,-0.000145327256178,3.8761903852e-05,12,12,1.89662480354,0.0164962578565,41.5200233459,0,0,0,0,46239.7557971,628159.285094
7.94722222222,-0.000239190732827,0.595252692699,2.40135574341,-0.000333903968567,8.04206065368e-05,12,12,1.89662480354,0.0163262058049,41.5200233459,0,0,0,0,46474.6555143,627945.116077
7.95833333333,-0.000405680970289,0.591908574104,2.40213704109,-0.00024927733466,6.69765286148e-05,12,12,1.89662480354,0.0161709785461,41.5200233459,0,0,0,0,46722.1547951,627684.591034
7.96944444444,-0.000595885503571,0.588092923164,2.40303754807,-0.000138725459692,4.324258407e-05,12,12,1.89662480354,0.0160303041339,41.5200233459,0,0,0,0,46972.4197898,627415.720671
7.98055555556,-0.000806494499557,0.583887696266,2.40410876274,-0.000182537070941,4.33371278632e-05,12,12,1.89662480354,0.0159044079483,41.5200233459,0,0,0,0,47232.8911038,627159.724873
7.99166666667,-0.00102647754829,0.579486608505,2.4052324295,-0.000216412416194,5.6497658079e-05,12,12,1.89662480354,0.0157929994166,41.5200233459,0,0,0,0,47359.9775451,626900.12574
8.00277777778,-0.00102660572156,0.579485833645,2.40523099899,-0.000249858334428,6.55820113025e-05,12,12,1.89662480354,0.0156961996108,41.5200233459,0,0,0,0,47356.6200599,626723.757389
8.01388888889,-0.00102482782677,0.579491555691,2.40510749817,-7.58824826335e-05,3.72574322682e-05,12,15,1.89662480354,0.0156137533486,41.5200233459,0,0,0,0,47565.6248136,626468.335319
8.025,-0.00102482782677,0.579495072365,2.40511703491,-3.47348941432e-05,3.28706519213e-05,12,16,1.89662480354,0.015545883216,41.5200233459,0,0,0,0,47761.3849088,626259.609293
8.03611111111,-0.00102553586476,0.579494535923,2.40519022942,-0.000183005526196,5.40095716133e-05,13,16,1.89662480354,0.0154924644157,41.5200233459,0,0,0,0,47982.8414044,626053.791847
8.04722222222,-0.00102553586476,0.579489707947,2.40516781807,-0.000156391979544,4.25321632065e-05,15,16,1.89662480354,0.0154532184824,41.5200233459,0,0,0,0,48232.3089527,625797.32295
8.05833333333,-0.00102553586476,0.579488933086,2.4051399231,-0.000104054124677,3.129192919e-05,16,16,1.89662480354,0.0154277617112,41.5200233459,0,0,0,0,48511.2080293,625507.372192
8.06944444444,-0.00102553586476,0.579491913319,2.40516233444,-0.000133500696393,3.50142654497e-05,16,16,1.89662480354,0.0154161565006,41.5200233459,0,0,0,0,48821.3527358,625197.975348
8.08055555556,-0.00102553586476,0.579491376877,2.40517044067,-0.000148681880091,4.24492209277e-05,16,16,1.89662480354,0.0154153052717,41.5200233459,0,0,0,0,49159.9261529,624858.189352
8.09166666667,-0.00102553586476,0.579490602016,2.40516257286,-0.000134203219204,3.66017156921e-05,16,16,1.89662480354,0.0154152959585,41.5200233459,0,0,0,0,49529.9777209,624482.535129
8.10277777778,-0.00102553586476,0.579491198063,2.40516424179,-0.00013684266014,3.49207948602e-05,16,16,1.89662480354,0.0154152959585,41.5200233459,0,0,0,0,49932.1845573,624076.128701
8.11388888889,-0.00102553586476,0.579491376877,2.40516710281,-0.000138410250656,3.60509075108e-05,16,16,1.89662480354,0.0154152959585,41.5200233459,0,0,0,0,50369.7633303,623634.545245
8.125,-0.00102553586476,0.579490840435,2.40516328812,-0.000134261674248,3.49338151864e-05,16,16,1.89662480354,0.0154152959585,41.5200233459,0,0,0,0,50845.0808415,623153.544303
8.13611111111,-0.00102553586476,0.579491078854,2.40516376495,-0.000136210946948,3.52762835973e-05,16,16,1.89662480354,0.0154152959585,41.5200233459,0,0,0,0,51358.7362275,622635.209587
8.14722222222,-0.00102553586476,0.579491078854,2.40516519547,-0.000136698872666,3.44190884789e-05,16,16,1.89662480354,0.0154152959585,41.5200233459,0,0,0,0,51910.7108389,622078.930532
8.15833333333,-0.00102553586476,0.579490840435,2.40516424179,-0.000135169699206,3.48841494997e-05,16,16,1.89662480354,0.0154152959585,41.5200233459,0,0,0,0,52501.0286756,621483.377188
8.16944444444,-0.00102553586476,0.579491078854,2.40516519547,-0.000135695867357,3.49175388692e-05,16,16,1.89662480354,0.0154152959585,41.5200233459,0,0,0,0,53129.711604,620850.112809
8.18055555556,-0.00102553586476,0.579490959644,2.40516471863,-0.000136595816002,3.51082999259e-05,16,16,1.89662480354,0.0154152959585,41.5200233459,0,0,0,0,53796.7175273,620178.418538
8.19166666667,-0.00102553586476,0.579491019249,2.40516471863,-0.000135358364787,3.52214519808e-05,16,16,1.89662480354,0.0154152959585,41.5200233459,0,0,0,0,54502.0691643,619468.082646
8.20277777778,-0.00102553586476,0.579491257668,2.40516519547,-0.000136001661303,3.45575390384e-05,16,16,1.89662480354,0.0154152959585,41.5200233459,0,0,0,0,55245.7854077,618719.851824
8.21388888889,-0.00102553586476,0.579491078854,2.40516471863,-0.00013570219744,3.52214519808e-05,16,16,1.89662480354,0.0154152959585,41.5200233459,0,0,0,0,56027.7973017,617932.900854
8.225,-0.00102553586476,0.579491138458,2.40516519547,-0.000135701455292,3.56959681085e-05,16,16,1.89662480354,0.0154152959585,41.5200233459,0,0,0,0,56848.1249149,617107.746045
8.23611111111,-0.00102553586476,0.579491317272,2.4051656723,-0.000136078946525,3.54538933607e-05,16,16,1.89662480354,0.0154152959585,41.5200233459,0,0,0,0,57706.8107826,616244.385
8.24722222222,-0.00102553586476,0.579491078854,2.40516519547,-0.000135364811285,3.50288755726e-05,16,16,1.89662480354,0.0154152959585,41.5200233459,0,0,0,0,58603.8409177,615342.427417
8.25833333333,-0.00102521118242,0.579488754272,2.4051194191,-4.28145031037e-05,2.29278848565e-05,16,16,1.89662480354,0.0154152959585,41.5200233459,0,0,0,0,58556.26193,614408.397445
8.26944444444,-0.00102521118242,0.579487323761,2.40509080887,4.97103792441e-05,2.29278848565e-05,16,16,1.89662480354,0.0154152959585,41.5200233459,0,0,0,0,57175.2347894,613480.340988
8.28055555556,-0.00102521118242,0.579495549202,2.40516877174,-0.00011506521696,3.57381431968e-05,16,16,1.89662480354,0.0154152959585,41.5200233459,0,0,0,0,57271.3167237,612563.722522
8.29166666667,-0.00102521118242,0.579492926598,2.40518379211,-0.000175313660293,4.74979824503e-05,16,16,1.89662480354,0.0154152959585,41.5200233459,0,0,0,0,58222.6493144,611606.23122
8.30277777778,-0.00101065344643,0.579751193523,2.40490698814,0.000280795415165,8.20399000077e-05,16,16,1.89662480354,0.0154152959585,41.5200233459,0,0,0,0,57245.6482491,610637.550469
8.31388888889,-0.000946431071497,0.581080317497,2.40473842621,2.32105321629e-05,3.28152673319e-05,16,16,1.89662480354,0.0154152959585,41.5200233459,0,0,0,0,56852.2833617,609865.127488
8.325,-0.000736246758606,0.585174322128,2.40320682526,0.0011081622215,0.000301915890304,16,16,1.89662480354,0.0154152959585,41.5200233459,0,0,0,0,51036.9440652,609518.581807
8.33611111111,-0.000460026727524,0.590875923634,2.40260386467,-0.000481146096718,0.00016207167937,16,16,1.89662480354,0.0154152959585,41.5200233459,0,0,0,0,51499.4027695,609526.417585
8.34722222222,-0.000215617343201,0.595732271671,2.4012901783,-0.000461052695755,0.000127493098262,16,16,1.89662480354,0.0154152959585,41.5200233459,0,0,0,0,51501.884278,609413.850358
8.35833333333,1.83820320672e-05,0.600401818752,2.40006756783,-0.000356967007974,9.09209775273e-05,16,16,1.89662480354,0.0154228685424,41.5200233459,0,0,0,0,51551.0178657,609297.37608
8.36944444444,0.000197760949959,0.603981256485,2.399122715,-0.000285589223495,9.58555392572e-05,16,16,1.89662480354,0.0155041534454,41.5200233459,0,0,0,0,51537.1596899,609148.128514
8.38055555556,0.000257097417489,0.605169594288,2.39884114265,-0.000311870797304,7.83233190305e-05,16,16,1.89662480354,0.0155260805041,41.5200233459,0,0,0,0,51624.407678,608950.413022
8.39166666667,0.000184934528079,0.603722035885,2.39920258522,-0.00029160871054,7.31039763195e-05,16,16,1.89662480354,0.0155868660659,41.5200233459,0,0,0,0,51943.7737208,608690.215528
8.40277777778,2.10957841773e-05,0.60044080019,2.40001487732,-0.000247580581345,9.56248768489e-05,16,16,1.89662480354,0.0154486717656,41.5200233459,0,0,0,0,52335.4785127,608378.678905
8.41388888889,-0.000142994977068,0.597131431103,2.40070271492,1.77846159204e-05,3.10951218125e-05,16,16,1.89662480354,0.0153124099597,41.5200233459,0,0,0,0,52266.9297296,608100.611688
8.425,-0.000297258899081,0.594070494175,2.40154409409,-0.000100995916,4.16352850152e-05,16,16,1.89662480354,0.015189233236,41.5200233459,0,0,0,0,52479.5660278,607906.512306
8.43611111111,-0.000461746822111,0.590797364712,2.40244841576,-0.000307821959723,7.61627015891e-05,16,16,1.89662480354,0.0150799546391,41.5200233459,0,0,0,0,52683.3679701,607713.881862
8.44722222222,-0.000639248115476,0.587232410908,2.40328288078,-0.000214973304537,6.35482792859e-05,16,17,1.89662480354,0.0149850063026,41.5200233459,0,0,0,0,52899.7506968,607486.306117
8.45833333333,-0.000825797207654,0.583487093449,2.40415620804,-8.17370528239e-05,3.28152673319e-05,16,19,1.89662480354,0.0149037363008,41.5200233459,0,0,0,0,53112.2207855,607255.028032
8.46944444444,-0.0010199949611,0.579609155655,2.40514874458,-0.000126127517433,3.66017156921e-05,16,20,1.89662480354,0.0148366792127,41.5200233459,0,0,0,0,53336.3277784,607034.05204
8.48055555556,-0.0010262314463,0.57948243618,2.4051823616,-0.000157835631398,5.03193114127e-05,17,20,1.89662480354,0.014783510007,41.5200233459,0,0,0,0,53023.046013,606841.587064
8.49166666667,-0.00102258997504,0.57953029871,2.40507411957,-2.72005690931e-05,3.05222347379e-05,20,20,1.89662480354,0.0147439250723,41.5200233459,0,0,0,0,52619.3450533,606566.974723
8.50277777778,-0.00100839592051,0.579814314842,2.40499329567,5.72388635192e-05,2.48870619544e-05,20,20,1.89662480354,0.0147185279056,41.5200233459,0,0,0,0,51718.6021125,606335.149444
8.51388888889,-0.000993045978248,0.58013510704,2.40496587753,-4.00986318709e-05,3.20298313454e-05,20,20,1.89662480354,0.0147069049999,41.5200233459,0,0,0,0,51502.9930441,606126.979019
8.525,-0.000973965623416,0.580515146255,2.40486264229,-3.02983480651e-05,2.37391159317e-05,20,20,1.89662480354,0.0147062959149,41.5200233459,0,0,0,0,50202.8199044,605932.785896
8.53611111111,-0.000957090640441,0.580857157707,2.40479898453,-9.34754716582e-05,3.97015246563e-05,20,20,1.89662480354,0.0147061944008,41.5200233459,0,0,0,0,49968.4074447,605738.4111
8.54722222222,-0.00094521936262,0.5810983181,2.40475845337,-0.000147335347719,4.05655046052e-05,20,20,1.89662480354,0.0147062735632,41.5200233459,0,0,0,0,49873.6070577,605526.28556
8.55833333333,-0.000933564500883,0.58131814003,2.40464544296,-1.93853447854e-05,3.08326016238e-05,20,20,1.89662480354,0.0147063853219,41.5200233459,0,0,0,0,48248.2847863,605304.998719
8.56944444444,-0.000918389065191,0.581617116928,2.40455174446,3.19398277497e-05,3.05222347379e-05,20,20,1.89662480354,0.0147062437609,41.5200233459,0,0,0,0,47651.7521586,605111.418326
8.58055555556,-0.00090408383403,0.581920146942,2.40454530716,-0.000127023406094,4.10114625993e-05,20,20,1.89662480354,0.0147063434124,41.5200233459,0,0,0,0,47273.5537113,604934.89549
8.59166666667,-0.000894172873814,0.582123279572,2.40452098846,-0.000193757252418,4.95824679092e-05,20,20,1.89662480354,0.0147062176839,41.5200233459,0,0,0,0,47164.9994378,604737.514231
8.60277777778,-0.000891331525054,0.582182109356,2.40447950363,-0.000131792025059,3.59118857887e-05,20,20,1.89662480354,0.0147063061595,41.5200233459,0,0,0,0,47099.4070087,604509.60957
8.61388888889,-0.000891331525054,0.582170188427,2.40446281433,-8.71176016517e-05,3.97036747017e-05,20,20,1.89662480354,0.0147061944008,41.5200233459,0,0,0,0,46928.0906116,604265.73429
8.625,-0.000893768796232,0.582118928432,2.40448069572,-0.000103583159216,3.19231694448e-05,20,20,1.89662480354,0.0147062735632,41.5200233459,0,0,0,0,46731.0937962,604015.440639
8.63611111111,-0.000901612802409,0.581969439983,2.40453600883,-0.0001378479501,3.31358933181e-05,20,20,1.89662480354,0.0147063853219,41.5200233459,0,0,0,0,46609.041267,603752.244403
8.64722222222,-0.000913692405447,0.581729054451,2.40459656715,-0.000144347373862,4.01025426982e-05,20,20,1.89662480354,0.0147062437609,41.5200233459,0,0,0,0,46532.7962329,603470.404319
8.65833333333,-0.000930277863517,0.581396698952,2.40467739105,-0.000134313871968,3.9320999349e-05,20,20,1.89662480354,0.0147063434124,41.5200233459,0,0,0,0,46482.5386775,603170.424827
8.66944444444,-0.000951483903918,0.580973267555,2.40478515625,-0.000135111913551,3.95659917558e-05,20,20,1.89662480354,0.0147062176839,41.5200233459,0,0,0,0,46442.5423357,602854.164755
8.68055555556,-0.000977283343673,0.580458283424,2.40491700172,-0.00014192974777,3.97937692469e-05,20,20,1.89662480354,0.0147063061595,41.5200233459,0,0,0,0,46439.1998079,602521.319114
8.69166666667,-0.00100815284532,0.579842090607,2.40507531166,-0.000150477149873,4.74500884593e-05,20,20,1.89662480354,0.0147061944008,41.5200233459,0,0,0,0,46486.2345696,602169.364654
8.70277777778,-0.00102604855783,0.579486191273,2.40517497063,-0.000148690029164,4.96122665936e-05,20,20,1.89662480354,0.0147062735632,41.5200233459,0,0,0,0,46572.1305929,601801.407649
8.71388888889,-0.00102604855783,0.579481899738,2.40515756607,-0.000153072032845,4.64482000098e-05,20,20,1.89662480354,0.0147063853219,41.5200233459,0,0,0,0,46685.0343828,601407.183428
8.725,-0.00102604029234,0.579499602318,2.40520381927,-0.000203754636459,5.29745484528e-05,20,20,1.89662480354,0.0147062437609,41.5200233459,0,0,0,0,44180.5414906,601069.286258
8.73611111111,-0.00102604029234,0.579485654831,2.40515494347,-0.00016176851932,4.79594855278e-05,20,20,1.89662480354,0.0147063434124,41.5200233459,0,0,0,0,41769.7799966,600730.31665
8.74722222222,-0.00102660362609,0.579486012459,2.40520882607,-3.53660798282e-05,4.60240480606e-05,20,20,1.89662480354,0.0147062176839,41.5200233459,0,0,0,0,36615.8264735,600591.365746
8.75833333333,-0.00102660362609,0.579474687576,2.40515208244,-9.78104708338e-06,3.93932132283e-05,20,20,1.89662480354,0.0147063061595,41.5200233459,0,0,0,0,36526.8410378,600383.061011
8.76944444444,-0.00102660362609,0.579477965832,2.40517902374,-6.28824200248e-05,2.88988503598e-05,20,20,1.89662480354,0.0147061944008,41.5200233459,0,0,0,0,36558.4621829,600130.232123
8.78055555556,-0.00102660362609,0.57947742939,2.40517902374,-7.8483208199e-05,3.47666282323e-05,20,20,1.89662480354,0.0147062735632,41.5200233459,0,0,0,0,36749.594944,599807.071575
8.79166666667,-0.00102660362609,0.579475224018,2.40516614914,-5.49120522919e-05,2.93980847346e-05,20,20,1.89662480354,0.0147063853219,41.5200233459,0,0,0,0,36965.3756609,599414.925806
8.80277777778,-0.00102660362609,0.579475283623,2.40516972542,-6.19101338089e-05,3.09650567942e-05,20,20,1.89662480354,0.0147062437609,41.5200233459,0,0,0,0,37253.2616937,598959.164196
8.81388888889,-0.00102660362609,0.579475283623,2.40517187119,-7.81439593993e-05,2.91495362035e-05,20,20,1.89662480354,0.0147063434124,41.5200233459,0,0,0,0,37649.8675435,598435.903435
8.825,-0.00102660362609,0.579475283623,2.40517163277,-7.98430919531e-05,3.49915317202e-05,20,20,1.89662480354,0.0147062176839,41.5200233459,0,0,0,0,38150.2761982,597841.491058
8.83611111111,-0.000998739153147,0.579992115498,2.40484833717,0.000398665200919,9.6085939731e-05,20,20,1.89662480354,0.0147063061595,41.5200233459,0,0,0,0,36456.508105,597270.499354
8.84722222222,-0.000954407965764,0.58093982935,2.40486073494,-0.000130747619551,6.30998983979e-05,20,20,1.89662480354,0.0147061944008,41.5200233459,0,0,0,0,36579.0417332,596799.229871
8.85833333333,-0.000930415524635,0.581425487995,2.4048037529,-0.000323110609315,8.4253224486e-05,20,20,1.89662480354,0.0147062735632,41.5200233459,0,0,0,0,37049.1472552,596248.975377
8.86944444444,-0.000929776520934,0.581418931484,2.40471220016,-0.000158003545948,5.39669272257e-05,20,20,1.89662480354,0.0147063853219,41.5200233459,0,0,0,0,31529.0684537,595645.19921
8.88055555556,-0.000991443521343,0.580159962177,2.40491986275,0.000150814870722,4.81876923004e-05,20,20,1.89662480354,0.0147062437609,41.5200233459,0,0,0,0,27808.6412932,595088.524536
8.89166666667,-0.00102560361847,0.579492866993,2.40518426895,-8.35280152387e-05,4.44572324341e-05,20,20,1.89662480354,0.0147063434124,41.5200233459,0,0,0,0,28290.6603233,594494.1597
8.90277777778,-0.00102621130645,0.579487323761,2.4052131176,-0.000189915343071,5.68876930629e-05,20,20,1.89662480354,0.0147062176839,41.5200233459,0,0,0,0,28949.4467433,593800.820437
8.91388888889,-0.00102203618735,0.579570353031,2.40520095825,-0.00020756869344,5.52308374608e-05,20,20,1.89662480354,0.0147063061595,41.5200233459,0,0,0,0,29257.7542242,593074.160405
8.925,-0.00102553493343,0.579499423504,2.4052093029,-0.000199392045033,5.87420036027e-05,20,20,1.89662480354,0.0147061944008,41.5200233459,0,0,0,0,29521.6779666,592329.978663
8.93611111111,-0.000976823386736,0.5804438591,2.40480661392,0.000138781731948,4.27561026299e-05,20,20,1.89662480354,0.0147062735632,41.5200233459,0,0,0,0,26788.9116458,591727.228271
8.94722222222,-0.000876550388057,0.582512199879,2.40456366539,-0.000272425677394,9.20493330341e-05,20,20,1.89662480354,0.0147063853219,41.5200233459,0,0,0,0,26973.4775711,591341.019875
8.95833333333,-0.000804096926004,0.583943009377,2.40413284302,-0.000220324713155,5.98254882789e-05,20,20,1.89662480354,0.0147062437609,41.5200233459,0,0,0,0,27326.7730281,590831.12836
8.96944444444,-0.000724389159586,0.585485577583,2.40354251862,0.000121106073493,5.50906879653e-05,20,20,1.89662480354,0.0147063434124,41.5200233459,0,0,0,0,23866.0845808,590341.145271
8.98055555556,-0.000615528551862,0.587715089321,2.40318202972,-0.000205824369914,4.72814754175e-05,20,20,1.89662480354,0.0147062176839,41.5200233459,0,0,0,0,18152.2194601,590002.765173
8.99166666667,-0.000461360730696,0.59080529213,2.40244817734,-0.000211209073314,7.22833065083e-05,20,20,1.89662480354,0.0147063061595,41.5200233459,0,0,0,0,14874.310382,589870.372087
9.00277777778,-0.000280723674223,0.594409525394,2.40150237083,-0.000111177112558,5.1264429203e-05,20,20,1.89662480354,0.0147061944008,41.5200233459,0,0,0,0,12863.0766292,589868.571251
9.01388888889,-7.81397466199e-05,0.598466873169,2.40051794052,-0.00013984402176,6.43116145511e-05,20,20,1.89662480354,0.0147062735632,41.5200233459,0,0,0,0,11011.4472917,590017.707234
9.025,0.000100880977698,0.602060496807,2.3996925354,-0.000408999592764,0.000104409919004,20,20,1.89662480354,0.014749892056,41.5200233459,0,0,0,0,10634.4024337,590197.629981
9.03611111111,0.000208440935239,0.604208350182,2.39914107323,-0.000478140398627,0.000132209068397,20,20,1.89662480354,0.0147930970415,41.5200233459,0,0,0,0,10331.2510166,590327.199781
9.04722222222,0.000213300241739,0.604290366173,2.39905810356,-0.000329041940859,8.57047634781e-05,20,20,1.89662480354,0.0148082496598,41.5200233459,0,0,0,0,10220.6359458,590396.782179
9.05833333333,0.000124373545987,0.602499246597,2.39945721626,-0.000186668126844,5.41267945664e-05,20,20,1.89662480354,0.0148287508637,41.5200233459,0,0,0,0,10222.4202408,590422.281718
9.06944444444,-1.63111672009e-05,0.599687874317,2.4001660347,-0.00017964062863,6.2696832174e-05,20,20,1.89662480354,0.0147084752098,41.5200233459,0,0,0,0,8694.72187773,590427.679876
9.08055555556,-0.000174999644514,0.596520602703,2.40096926689,-0.000228263495956,6.10608767602e-05,20,20,1.89662480354,0.014623307623,41.5200233459,0,0,0,0,8338.09854763,590418.133428
9.09166666667,-0.000356618635124,0.592880487442,2.40185523033,-0.000196255699848,6.10427232459e-05,20,20,1.89662480354,0.014549872838,41.5200233459,0,0,0,0,8307.97268657,590366.162212
9.10277777778,-0.000551488366909,0.588984489441,2.40283417702,-0.000220677524339,6.28919078736e-05,20,20,1.89662480354,0.0144900307059,41.5200233459,0,0,0,0,8386.00015073,590271.134086
9.11388888889,-0.000755663961172,0.584895849228,2.40384411812,-0.000240985013079,6.10398128629e-05,20,20,1.89662480354,0.0144437998533,41.5200233459,0,0,0,0,8350.51181818,590136.041655
9.125,-0.000960945908446,0.580796122551,2.40488147736,-0.000209684556467,6.10430724919e-05,20,20,1.89662480354,0.0144112566486,41.5200233459,0,0,0,0,8428.68840679,589986.096358
9.13611111111,-0.00102597789373,0.579485952854,2.40518188477,-0.000144525183714,6.10430724919e-05,20,20,1.89662480354,0.0143923666328,41.5200233459,0,0,0,0,8174.82958276,589853.846426
9.14722222222,-0.00102429173421,0.579499602318,2.40509772301,-0.000102659061668,6.10394636169e-05,20,20,1.89662480354,0.0143871782348,41.5200233459,0,0,0,0,8185.62122918,589664.451822
9.15833333333,-0.00101467291825,0.579702138901,2.40507864952,-8.76976264408e-05,6.10394636169e-05,20,20,1.89662480354,0.0143872257322,41.5200233459,0,0,0,0,6983.87955826,589507.115282
9.16944444444,-0.00101290759631,0.579746186733,2.40508890152,-0.000148461418576,6.10394636169e-05,20,20,1.89662480354,0.0143872313201,41.5200233459,0,0,0,0,6620.36288383,589353.276137
9.18055555556,-0.00101138057653,0.57976680994,2.4050579071,-0.000157227987074,6.10394636169e-05,20,20,1.89662480354,0.0143872350454,41.5200233459,0,0,0,0,6381.74742809,589198.608325
9.19166666667,-0.000989976106212,0.580195724964,2.40496516228,-0.000104617152829,6.10394636169e-05,20,20,1.89662480354,0.0143872406334,41.5200233459,0,0,0,0,5371.62157744,589120.932092
9.20277777778,-0.000967205967754,0.580648779869,2.40482926369,-4.14572132286e-05,6.10371353105e-05,20,20,1.89662480354,0.0143872434273,41.5200233459,0,0,0,0,3948.89326503,589078.822604
9.21388888889,-0.000955596507993,0.580891430378,2.40480852127,-0.00011778256885,6.10371353105e-05,20,20,1.89662480354,0.0143872480839,41.5200233459,0,0,0,0,3696.72894306,589048.560687
9.225,-0.000962785677984,0.58074837923,2.40485739708,-0.000167009056895,6.10394636169e-05,20,20,1.89662480354,0.0143872210756,41.5200233459,0,0,0,0,3609.3300071,588983.866036
9.23611111111,-0.000969027227256,0.580617547035,2.40487360954,-4.87802863063e-05,6.10394636169e-05,20,20,1.89662480354,0.0143872257322,41.5200233459,0,0,0,0,2432.86505561,588948.95839
9.24722222222,-0.000982108758762,0.580362737179,2.40495491028,-7.14071793482e-05,6.10394636169e-05,20,20,1.89662480354,0.0143872313201,41.5200233459,0,0,0,0,2006.96687394,588944.435102
9.25833333333,-0.00100450962782,0.579922795296,2.40510725975,-0.000222377551836,6.10394636169e-05,20,20,1.89662480354,0.0143872350454,41.5200233459,0,0,0,0,1965.59639984,588932.162732
9.26944444444,-0.00102628686,0.579486310482,2.40522670746,-0.000241677000304,6.10394636169e-05,20,20,1.89662480354,0.0143872406334,41.5200233459,0,0,0,0,1876.12525599,588892.027617
9.28055555556,-0.00102628686,0.579478442669,2.40516328812,-0.000123997335322,6.10371353105e-05,20,20,1.89662480354,0.0143872434273,41.5200233459,0,0,0,0,1674.11070795,588838.337368
9.29166666667,-0.00102227460593,0.579560756683,2.40513849258,-0.000100809455034,6.10371353105e-05,20,20,1.89662480354,0.0143872480839,41.5200233459,0,0,0,0,1441.2794718,588792.854856
9.30277777778,-0.0010180149693,0.579654455185,2.40513896942,-0.000151070853462,6.10394636169e-05,20,20,1.89662480354,0.0143872210756,41.5200233459,0,0,0,0,1407.17960895,588748.175751
9.31388888889,-0.00101044087205,0.57979786396,2.40509271622,-0.000163017961313,6.10394636169e-05,20,20,1.89662480354,0.0143872257322,41.5200233459,0,0,0,0,1297.36721719,588695.220672
9.325,-0.000997855677269,0.580048978329,2.40503168106,-0.000130996631924,6.10394636169e-05,20,20,1.89662480354,0.0143872313201,41.5200233459,0,0,0,0,1297.68368582,588649.174195
9.33611111111,-0.000989166437648,0.580219686031,2.40497708321,-0.000124799815239,6.10394636169e-05,20,20,1.89662480354,0.0143872350454,41.5200233459,0,0,0,0,1310.63686994,588584.029542
9.34722222222,-0.000970143941231,0.580596506596,2.40486741066,-7.29912062525e-05,6.10394636169e-05,20,20,1.89662480354,0.0143872406334,41.5200233459,0,0,0,0,1227.82109095,588535.162075
9.35833333333,-0.000952473550569,0.580952882767,2.40479063988,-0.000103477483208,6.10371353105e-05,20,20,1.89662480354,0.0143872434273,41.5200233459,0,0,0,0,1251.9721145,588482.751781
9.36944444444,-0.000925831205677,0.58148676157,2.40466165543,-0.000115573377116,6.10371353105e-05,20,20,1.89662480354,0.0143872480839,41.5200233459,0,0,0,0,1154.07805623,588449.153734
9.38055555556,-0.000896957586519,0.58206319809,2.40451431274,-0.000114595932246,6.10394636169e-05,20,20,1.89662480354,0.0143872210756,41.5200233459,0,0,0,0,1176.70503915,588415.319869
9.39166666667,-0.000862731307279,0.58274024725,2.40431642532,-4.02734076488e-05,6.10394636169e-05,20,20,1.89662480354,0.0143872257322,41.5200233459,0,0,0,0,794.452098516,588397.888088
9.40277777778,-0.000832579506095,0.583349466324,2.40418672562,-7.9030804045e-05,6.10394636169e-05,20,20,1.89662480354,0.0143872313201,41.5200233459,0,0,0,0,774.636638824,588386.489581
9.41388888889,-0.000801438232884,0.583968698978,2.40402388573,-0.000112664216431,6.10394636169e-05,20,20,1.89662480354,0.0143872350454,41.5200233459,0,0,0,0,640.349603493,588376.366938
9.425,-0.000762262323406,0.584761321545,2.4038567543,-0.000113371504995,6.10394636169e-05,20,20,1.89662480354,0.0143872406334,41.5200233459,0,0,0,0,633.388532285,588388.4857
9.43611111111,-0.000726543483324,0.585473060608,2.40366506577,-0.000119311487651,6.10371353105e-05,20,20,1.89662480354,0.0143872434273,41.5200233459,0,0,0,0,634.069241383,588382.036745
9.44722222222,-0.000692044268362,0.586162090302,2.4034819603,-0.000106428473373,6.10371353105e-05,20,20,1.89662480354,0.0143872480839,41.5200233459,0,0,0,0,629.155033395,588369.292618
9.45833333333,-0.000659730110783,0.586806833744,2.40330982208,-9.47375228861e-05,6.10394636169e-05,20,20,1.89662480354,0.0143872210756,41.5200233459,0,0,0,0,644.647795258,588347.75691
9.46944444444,-0.000628729292657,0.587426781654,2.40315723419,-0.000104119106254,6.10394636169e-05,20,20,1.89662480354,0.0143872257322,41.5200233459,0,0,0,0,670.641907939,588319.098357
9.48055555556,-0.000598591053858,0.588029384613,2.40300607681,-0.000113640540803,6.10394636169e-05,20,20,1.89662480354,0.0143872313201,41.5200233459,0,0,0,0,694.410213506,588282.432393
9.49166666667,-0.000561061082408,0.588771879673,2.40278983116,-5.52781275474e-05,6.10394636169e-05,20,20,1.89662480354,0.0143872350454,41.5200233459,0,0,0,0,629.942712918,588255.744937
9.50277777778,-0.000517378910445,0.589646577835,2.40257453918,-3.80723686249e-05,6.10394636169e-05,20,20,1.89662480354,0.0143872406334,41.5200233459,0,0,0,0,533.238246656,588251.649602
9.51388888889,-0.000471989595098,0.590558588505,2.40235567093,-3.68299079128e-05,6.10371353105e-05,20,20,1.89662480354,0.0143872434273,41.5200233459,0,0,0,0,330.561440745,588268.279842
9.525,-0.000430977961514,0.591383099556,2.40217471123,-0.000100624936749,6.10371353105e-05,20,20,1.89662480354,0.0143872480839,41.5200233459,0,0,0,0,307.417005731,588285.753836
9.53611111111,-0.000390685221646,0.592192173004,2.40198969841,-0.000148119870573,6.10394636169e-05,20,20,1.89662480354,0.0143872210756,41.5200233459,0,0,0,0,297.113497256,588294.778661
9.54722222222,-0.000349577225279,0.593011200428,2.40177130699,-0.000124363607028,6.10394636169e-05,20,20,1.89662480354,0.0143872257322,41.5200233459,0,0,0,0,297.938647373,588292.06672
9.55833333333,-0.000309567229124,0.593809306622,2.40156149864,-9.93213470792e-05,6.10394636169e-05,20,20,1.89662480354,0.0143872313201,41.5200233459,0,0,0,0,306.423741546,588280.282706
9.56944444444,-0.000271955039352,0.594562411308,2.40137887001,-0.000107448438939,6.10394636169e-05,20,20,1.89662480354,0.0143872350454,41.5200233459,0,0,0,0,320.557397867,588260.864099
9.58055555556,-0.000232909369515,0.595342218876,2.40118002892,-0.000104710197775,6.10394636169e-05,20,20,1.89662480354,0.0143872406334,41.5200233459,0,0,0,0,307.322173434,588239.30506
9.59166666667,-0.000190975959413,0.596176922321,2.40095901489,-8.82048261701e-05,6.10371353105e-05,20,20,1.89662480354,0.0143872434273,41.5200233459,0,0,0,0,290.524808782,588219.484399
9.60277777778,-0.00014219066361,0.597155332565,2.40072011948,-6.0861089878e-05,6.10371353105e-05,20,20,1.89662480354,0.0143872480839,41.5200233459,0,0,0,0,289.891440355,588216.746904
9.61388888889,-9.401794523e-05,0.598120510578,2.40048718452,-9.54228962655e-05,6.10394636169e-05,20,20,1.89662480354,0.0143872210756,41.5200233459,0,0,0,0,294.04024435,588213.565081
9.625,-4.37784656242e-05,0.59912699461,2.40024280548,-0.000120532014989,6.10394636169e-05,20,20,1.89662480354,0.0143872257322,41.5200233459,0,0,0,0,297.556698518,588210.580191
9.63611111111,9.32517104957e-06,0.600183188915,2.39995288849,-5.65934387851e-05,5.50003278477e-05,20,20,1.89662480354,0.0143972532824,41.5200233459,0,0,0,0,153.856903738,588214.423271
9.64722222222,4.69065998914e-05,0.600932300091,2.39976930618,-7.34572531655e-05,3.93910486309e-05,20,20,1.89662480354,0.0144128706306,41.5200233459,0,0,0,0,108.85566318,588224.011066
9.65833333333,5.75000049139e-05,0.601145923138,2.3997323513,-0.000126213650219,3.85501552955e-05,20,20,1.89662480354,0.0144163491204,41.5200233459,0,0,0,0,75.1013727319,588236.09077
9.66944444444,4.01065371989e-05,0.600796341896,2.39981603622,-0.000106445717392,3.86738174711e-05,20,20,1.89662480354,0.0144323017448,41.5200233459,0,0,0,0,21.8105840302,588250.331724
9.68055555556,7.29010992018e-07,0.600010514259,2.40001630783,-0.00012053194223,5.47387462575e-05,20,20,1.89662480354,0.0144046945497,41.5200233459,0,0,0,0,23.1968175005,588255.258883
9.69166666667,-4.51344167232e-05,0.599097371101,2.40024805069,-0.000124415222672,5.34594837518e-05,20,20,1.89662480354,0.0143780708313,41.5200233459,0,0,0,0,27.964977074,588251.290322
9.70277777778,-8.85084227775e-05,0.598226010799,2.40044474602,-9.35227290029e-05,5.34062928637e-05,20,20,1.89662480354,0.0143660530448,41.5200233459,0,0,0,0,14.9150728907,588242.909042
9.71388888889,-0.000129789797938,0.597403585911,2.40065789223,-9.26734574023e-05,5.34062928637e-05,20,20,1.89662480354,0.014365199022,41.5200233459,0,0,0,0,17.7837350795,588240.181786
9.725,-0.000171866980963,0.596564471722,2.40087652206,-0.000118183954328,5.37817577424e-05,20,20,1.89662480354,0.014365199022,41.5200233459,0,0,0,0,24.9943906507,588232.571344
9.73611111111,-0.000212587852729,0.595751345158,2.40108346939,-0.000122608835227,5.34062928637e-05,20,20,1.89662480354,0.014365199022,41.5200233459,0,0,0,0,36.0508883542,588220.776634
9.74722222222,-0.000250158831477,0.594993233681,2.40124464035,-8.24894741527e-05,5.34062928637e-05,20,20,1.89662480354,0.014365199022,41.5200233459,0,0,0,0,10.563085272,588206.241042
9.75833333333,-0.00028101800126,0.594379603863,2.40140986443,-6.33762829239e-05,5.34062928637e-05,20,20,1.89662480354,0.014365199022,41.5200233459,0,0,0,0,8.21867194222,588209.510047
9.76944444444,-0.000312596792355,0.593750596046,2.40157985687,-0.000104348124296,5.34062928637e-05,20,20,1.89662480354,0.014365199022,41.5200233459,0,0,0,0,7.76568625201,588211.159724
9.78055555556,-0.000341528124409,0.593173623085,2.40173482895,-0.000123632256873,5.34062928637e-05,20,20,1.89662480354,0.014365199022,41.5200233459,0,0,0,0,6.56202793809,588212.929678
9.79166666667,-0.000367441243725,0.592653572559,2.40185546875,-0.000103611178929,5.34062928637e-05,20,20,1.89662480354,0.014365199022,41.5200233459,0,0,0,0,5.95620704222,588212.720758
9.80277777778,-0.000391384819523,0.592173278332,2.40197038651,-8.79984800122e-05,5.34062928637e-05,20,20,1.89662480354,0.014365199022,41.5200233459,0,0,0,0,5.16716289394,588212.617323
9.81388888889,-0.000413983798353,0.591722071171,2.40208721161,-9.14767733775e-05,5.34062928637e-05,20,20,1.89662480354,0.014365199022,41.5200233459,0,0,0,0,4.54466131518,588213.493588
9.825,-0.000434686313383,0.591308832169,2.40219426155,-9.72989291768e-05,5.34062928637e-05,20,20,1.89662480354,0.014365199022,41.5200233459,0,0,0,0,3.94313674101,588214.394528
9.83611111111,-0.000452938693343,0.590943753719,2.40228414536,-9.02697283891e-05,5.34062928637e-05,20,20,1.89662480354,0.014365199022,41.5200233459,0,0,0,0,3.45363368186,588214.596316
9.84722222222,-0.000469224876724,0.590617656708,2.40236377716,-8.22189686005e-05,5.34062928637e-05,20,20,1.89662480354,0.014365199022,41.5200233459,0,0,0,0,2.95541903715,588214.711975
9.85833333333,-0.000483750831336,0.590327382088,2.4024374485,-8.39363565319e-05,5.34062928637e-05,20,20,1.89662480354,0.014365199022,41.5200233459,0,0,0,0,2.53932155985,588215.125491
9.86944444444,-0.000496417167597,0.590074300766,2.40250301361,-8.85333865881e-05,5.34062928637e-05,20,20,1.89662480354,0.014365199022,41.5200233459,0,0,0,0,2.18225196348,588215.630341
9.88055555556,-0.000506993907038,0.589862763882,2.40255618095,-8.71440424817e-05,5.34062928637e-05,20,20,1.89662480354,0.014365199022,41.5200233459,0,0,0,0,1.8755829148,588215.90709
9.89166666667,-0.000515526684467,0.589692056179,2.40259766579,-7.67227465985e-05,5.34062928637e-05,20,20,1.89662480354,0.014365199022,41.5200233459,0,0,0,0,1.6277220283,588215.94691
9.90277777778,-0.000522275804542,0.589556992054,2.40262889862,-6.43293315079e-05,5.34062928637e-05,20,20,1.89662480354,0.014365199022,41.5200233459,0,0,0,0,1.43539267621,588215.598592
9.91388888889,-0.00052599265473,0.589475810528,2.40264558792,-6.89089647494e-05,5.34062928637e-05,20,20,1.89662480354,0.014365199022,41.5200233459,0,0,0,0,1.28855219274,588215.587892
9.925,-0.00052599265473,0.589465856552,2.40264034271,-6.85455088387e-05,5.34062928637e-05,20,20,1.89662480354,0.014365199022,41.5200233459,0,0,0,0,1.21467318832,588216.155422
9.93611111111,-0.00052599265473,0.589470922947,2.40263557434,-6.63606915623e-05,5.34062928637e-05,20,20,1.89662480354,0.014365199022,41.5200233459,0,0,0,0,1.17647976576,588215.736937
9.94722222222,-0.00052599265473,0.589484095573,2.4026389122,-6.70283770887e-05,5.34062928637e-05,20,20,1.89662480354,0.014365199022,41.5200233459,0,0,0,0,1.17674894114,588216.0652
9.95833333333,-0.000525905517861,0.589497566223,2.40264248848,-6.72361857141e-05,5.34062928637e-05,20,20,1.89662480354,0.014365199022,41.5200233459,0,0,0,0,1.22082309444,588215.255711
9.96944444444,-0.000523399387021,0.589551329613,2.40263724327,-6.63867322146e-05,5.34062928637e-05,20,20,1.89662480354,0.014365199022,41.5200233459,0,0,0,0,1.29405537644,588214.435639
9.98055555556,-0.000517719017807,0.589661359787,2.4026093483,-6.23561791144e-05,5.34062928637e-05,20,20,1.89662480354,0.014365199022,41.5200233459,0,0,0,0,1.40232384836,588213.988619
9.99166666667,-0.000510481128003,0.589804768562,2.40257239342,-6.79359654896e-05,5.34062928637e-05,20,20,1.89662480354,0.014365199022,41.5200233459,0,0,0,0,1.5427119674,588213.673454
10.0027777778,-0.0005017449148,0.589978575706,2.40252995491,-7.94907027739e-05,5.34062928637e-05,20,20,1.89662480354,0.014365199022,41.5200233459,0,0,0,0,1.71636468676,588213.416702
10.0138888889,-0.000491482031066,0.590183854103,2.4024810791,-8.59271240188e-05,5.34062928637e-05,20,20,1.89662480354,0.014365199022,41.5200233459,0,0,0,0,1.92292909389,588213.231052
10.025,-0.00047965318663,0.590420424938,2.40242314339,-8.13257793197e-05,5.34062928637e-05,20,20,1.89662480354,0.014365199022,41.5200233459,0,0,0,0,2.16241767226,588212.934656
10.0361111111,-0.000466266908916,0.590688169003,2.40235543251,-7.25071367924e-05,5.34062928637e-05,20,20,1.89662480354,0.014365199022,41.5200233459,0,0,0,0,2.43497181685,588212.56096
10.0472222222,-0.00045134726679,0.59098649025,2.40228033066,-6.23450832791e-05,5.34062928637e-05,20,20,1.89662480354,0.014365199022,41.5200233459,0,0,0,0,2.74048864679,588212.172938
10.0583333333,-0.000434885121649,0.591314971447,2.40219497681,-5.73151592107e-05,5.34062928637e-05,20,20,1.89662480354,0.014365199022,41.5200233459,0,0,0,0,3.0791242995,588211.630432
10.0694444444,-0.000416879396653,0.591674745083,2.40210127831,-5.73151592107e-05,5.34062928637e-05,20,20,1.89662480354,0.014365199022,41.5200233459,0,0,0,0,3.4508390949,588211.160782
10.0805555556,-0.000397323135985,0.592065095901,2.40200018883,-6.4026848122e-05,5.34062928637e-05,20,20,1.89662480354,0.014365199022,41.5200233459,0,0,0,0,3.85574796656,588210.545947
10.0916666667,-0.000376221432816,0.592487156391,2.40189433098,-6.4026848122e-05,5.34062928637e-05,20,20,1.89662480354,0.014365199022,41.5200233459,0,0,0,0,4.29386400091,588209.989407
10.1027777778,-0.00035357681918,0.592939198017,2.40178060532,-6.4026848122e-05,5.34062928637e-05,20,20,1.89662480354,0.014365199022,41.5200233459,0,0,0,0,4.76527043788,588209.310544
10.1138888889,-0.000329384027282,0.593423068523,2.40165948868,-6.24431340839e-05,5.34062928637e-05,20,20,1.89662480354,0.014365199022,41.5200233459,0,0,0,0,5.27001985632,588208.704186
10.125,-0.000303639884805,0.593937456608,2.40153074265,-6.00498133281e-05,5.34062928637e-05,20,20,1.89662480354,0.014365199022,41.5200233459,0,0,0,0,5.80817179622,588208.025323
10.1361111111,-0.00027634575963,0.594482958317,2.40139555931,-5.76457423449e-05,5.34062928637e-05,20,20,1.89662480354,0.014365199022,41.5200233459,0,0,0,0,6.37979655624,588207.377742
10.1472222222,-0.000247502495768,0.595059812069,2.40125107765,-5.76457423449e-05,5.34062928637e-05,20,20,1.89662480354,0.014365199022,41.5200233459,0,0,0,0,6.98500191195,588206.743318
10.1583333333,-0.000217108070501,0.595667719841,2.40109944344,-5.76457423449e-05,5.34062928637e-05,20,20,1.89662480354,0.014365199022,41.5200233459,0,0,0,0,7.62385521381,588206.089013
10.1694444444,-0.000185160359251,0.596306562424,2.40093970299,-5.76457423449e-05,5.34062928637e-05,20,20,1.89662480354,0.014365199022,41.5200233459,0,0,0,0,8.29641825798,588205.349864
10.1805555556,-0.000151658634422,0.596976697445,2.40077185631,-5.76457423449e-05,5.34062928637e-05,20,20,1.89662480354,0.014365199022,41.5200233459,0,0,0,0,9.00280027822,588204.440328
10.1916666667,-0.000116602546768,0.597677767277,2.40059638023,-5.76457423449e-05,5.34062928637e-05,20,20,1.89662480354,0.014365199022,41.5200233459,0,0,0,0,9.74310359139,588203.504771
10.2027777778,-7.99908011686e-05,0.598409891129,2.40041351318,-5.76457423449e-05,5.34062928637e-05,20,20,1.89662480354,0.014365199022,41.5200233459,0,0,0,0,10.517427704,588202.546118
10.2138888889,-4.18080890086e-05,0.599173545837,2.40022277832,-5.35480539838e-05,5.34062928637e-05,20,20,1.89662480354,0.014365199022,41.5200233459,0,0,0,0,11.3278541382,588201.579337
10.225,-2.96140115097e-06,0.599950134754,2.4000248909,-5.35480539838e-05,4.6536228183e-05,20,20,1.89662480354,0.0143694309518,41.5200233459,0,0,0,0,11.0403425137,588200.110046
10.2361111111,2.77274466498e-05,0.600560665131,2.39987134933,-5.88993389101e-05,3.16459700116e-05,20,20,1.89662480354,0.0143806673586,41.5200233459,0,0,0,0,5.53280638854,588197.950843
10.2472222222,4.06517756346e-05,0.600817084312,2.39980840683,-6.64811595925e-05,3.28602727677e-05,20,20,1.89662480354,0.0143849775195,41.5200233459,0,0,0,0,1.14160184355,588197.285955
10.2583333333,3.32685231115e-05,0.600668609142,2.39984488487,-6.8981651566e-05,3.31770388584e-05,20,20,1.89662480354,0.0143932066858,41.5200233459,0,0,0,0,2.44735840149,588197.6486
10.2694444444,9.78464140644e-06,0.600199878216,2.39996147156,-6.17307450739e-05,3.88680782635e-05,20,20,1.89662480354,0.0143858063966,41.5200233459,0,0,0,0,6.51858508134,588198.905461
10.2805555556,-2.10613779927e-05,0.599585652351,2.40011191368,-5.40947039553e-05,5.37833439012e-05,20,20,1.89662480354,0.0143632311374,41.5200233459,0,0,0,0,7.95602062011,588200.624193
10.2916666667,-5.16222826263e-05,0.598976194859,2.40026330948,-5.0566453865e-05,5.34110840817e-05,20,20,1.89662480354,0.0143566736951,41.5200233459,0,0,0,0,7.11127048581,588201.566064
10.3027777778,-8.04080846137e-05,0.598401546478,2.40040850639,-4.65449011244e-05,5.34110840817e-05,20,20,1.89662480354,0.0143567472696,41.5200233459,0,0,0,0,6.31788329828,588202.368246
10.3138888889,-0.000107114508864,0.59786772728,2.40054225922,-5.04672025272e-05,5.34110840817e-05,20,20,1.89662480354,0.0143567528576,41.5200233459,0,0,0,0,5.55764881675,588203.065703
10.325,-0.000131820197566,0.597374081612,2.40066623688,-6.12091389485e-05,5.34110840817e-05,20,20,1.89662480354,0.0143567528576,41.5200233459,0,0,0,0,4.8645229417,588203.659372
10.3361111111,-0.000154544904944,0.596919715405,2.40078020096,-6.28847556072e-05,5.34110840817e-05,20,20,1.89662480354,0.0143567528576,41.5200233459,0,0,0,0,4.22433560515,588204.20796
10.3472222222,-0.00017533582286,0.596503973007,2.4008846283,-6.28874331596e-05,5.34110840817e-05,20,20,1.89662480354,0.0143567528576,41.5200233459,0,0,0,0,3.6403255898,588204.743449
10.3583333333,-0.000194139487576,0.596128821373,2.40097999573,-5.88864022575e-05,5.34110840817e-05,20,20,1.89662480354,0.0143567528576,41.5200233459,0,0,0,0,3.11056605394,588205.341445
10.3694444444,-0.000210923375562,0.595793187618,2.40106511116,-5.8002086007e-05,5.34110840817e-05,20,20,1.89662480354,0.0143567528576,41.5200233459,0,0,0,0,2.63585637686,588205.766889
10.3805555556,-0.000225712748943,0.595497429371,2.40114355087,-7.1053065767e-05,5.34110840817e-05,20,20,1.89662480354,0.0143567528576,41.5200233459,0,0,0,0,2.21571576958,588206.198648
10.3916666667,-0.000238532142248,0.595241189003,2.40120863914,-8.15548264654e-05,5.34110840817e-05,20,20,1.89662480354,0.0143567528576,41.5200233459,0,0,0,0,1.85023080859,588206.556323
10.4027777778,-0.000249372038525,0.595024883747,2.40126490593,-8.10756901046e-05,5.34110840817e-05,20,20,1.89662480354,0.0143567528576,41.5200233459,0,0,0,0,1.53931906868,588206.905578
10.4138888889,-0.000258216954535,0.594848394394,2.40130901337,-7.19476447557e-05,5.34110840817e-05,20,20,1.89662480354,0.0143567528576,41.5200233459,0,0,0,0,1.28291837952,588207.142917
10.425,-0.000265070120804,0.594711244106,2.40134382248,-6.08697300777e-05,5.34110840817e-05,20,20,1.89662480354,0.0143567528576,41.5200233459,0,0,0,0,1.08102517379,588207.280853
10.4361111111,-0.000269941490842,0.594613850117,2.40136599541,-5.95394012635e-05,5.34110840817e-05,20,20,1.89662480354,0.0143567528576,41.5200233459,0,0,0,0,0.933585316078,588207.368913
10.4472222222,-0.000269941490842,0.594600319862,2.40136146545,-5.99418162892e-05,5.34110840817e-05,20,20,1.89662480354,0.0143567528576,41.5200233459,0,0,0,0,0.840595753799,588208.387849
10.4583333333,-0.000269941490842,0.59460490942,2.40135836601,-5.86654969084e-05,5.34110840817e-05,20,20,1.89662480354,0.0143567528576,41.5200233459,0,0,0,0,0.80210534657,588209.462918
10.4694444444,-0.000269941490842,0.594614684582,2.40136003494,-5.92095057073e-05,5.34110840817e-05,20,20,1.89662480354,0.0143567528576,41.5200233459,0,0,0,0,0.808248326179,588209.715518
10.4805555556,-0.000269820680842,0.594627559185,2.40136194229,-5.87812428421e-05,5.34110840817e-05,20,20,1.89662480354,0.0143567528576,41.5200233459,0,0,0,0,0.847673503468,588208.951579
10.4916666667,-0.00026699990849,0.594680905342,2.40135145187,-5.63316425541e-05,5.34110840817e-05,20,20,1.89662480354,0.0143567528576,41.5200233459,0,0,0,0,0.92031858621,588207.774651
10.5027777778,-0.000261533452431,0.594785571098,2.40132379532,-5.3921554354e-05,5.34110840817e-05,20,20,1.89662480354,0.0143567528576,41.5200233459,0,0,0,0,1.02619176476,588207.198174
10.5138888889,-0.000254517304711,0.594924092293,2.40128898621,-6.5868756792e-05,5.34110840817e-05,20,20,1.89662480354,0.0143567528576,41.5200233459,0,0,0,0,1.16530954026,588206.86839
10.525,-0.000245950475801,0.595095336437,2.4012465477,-7.8222459706e-05,5.34110840817e-05,20,20,1.89662480354,0.0143567528576,41.5200233459,0,0,0,0,1.33769064665,588206.664614
10.5361111111,-0.000235831408645,0.595297038555,2.40120172501,-8.66251502885e-05,5.34110840817e-05,20,20,1.89662480354,0.0143567528576,41.5200233459,0,0,0,0,1.54336091964,588206.453237
10.5472222222,-0.000224159914069,0.595530450344,2.40114450455,-7.8486984421e-05,5.34110840817e-05,20,20,1.89662480354,0.0143567528576,41.5200233459,0,0,0,0,1.78234376734,588206.189234
10.5583333333,-0.000210936457734,0.595794916153,2.40107774734,-6.95139315212e-05,5.34110840817e-05,20,20,1.89662480354,0.0143567528576,41.5200233459,0,0,0,0,2.05467737035,588205.870268
10.5694444444,-0.000196160617634,0.596090495586,2.40100264549,-5.77793834964e-05,5.34110840817e-05,20,20,1.89662480354,0.0143567528576,41.5200233459,0,0,0,0,2.36039311748,588205.516978
10.5805555556,-0.000179831375135,0.596416294575,2.40091466904,-5.10783320351e-05,5.34110840817e-05,20,20,1.89662480354,0.0143567528576,41.5200233459,0,0,0,0,2.69954163284,588204.889863
10.5916666667,-0.000161948046298,0.596772909164,2.40082406998,-5.10783320351e-05,5.34110840817e-05,20,20,1.89662480354,0.0143567528576,41.5200233459,0,0,0,0,3.07216832811,588204.326951
10.6027777778,-0.000142510296428,0.597161650658,2.40072631836,-5.89236769883e-05,5.34110840817e-05,20,20,1.89662480354,0.0143567528576,41.5200233459,0,0,0,0,3.47832720103,588203.816195
10.6138888889,-0.000121517579828,0.597581505775,2.40062141418,-6.0281559854e-05,5.34110840817e-05,20,20,1.89662480354,0.0143567528576,41.5200233459,0,0,0,0,3.9180636995,588203.307194
10.625,-9.89691179711e-05,0.598032057285,2.40050840378,-6.0281559854e-05,5.34110840817e-05,20,20,1.89662480354,0.0143567528576,41.5200233459,0,0,0,0,4.39143923116,588202.742644
10.6361111111,-7.48640741222e-05,0.598513662815,2.40038776398,-6.0281559854e-05,5.34110840817e-05,20,20,1.89662480354,0.0143567528576,41.5200233459,0,0,0,0,4.89851863273,588202.163183
10.6472222222,-4.92016697535e-05,0.599026679993,2.40025877953,-5.63391695323e-05,5.34110840817e-05,20,20,1.89662480354,0.0143567528576,41.5200233459,0,0,0,0,5.43936996855,588201.489875
10.6583333333,-2.1981091777e-05,0.599570393562,2.40012311935,-5.39439533895e-05,5.34110840817e-05,20,20,1.89662480354,0.0143567528576,41.5200233459,0,0,0,0,6.01407728975,588200.752539
10.6694444444,3.98517522626e-06,0.600088477135,2.39999294281,-5.39439533895e-05,3.88300359191e-05,20,20,1.89662480354,0.0143650202081,41.5200233459,0,0,0,0,4.72135457955,588199.244716
10.6805555556,2.09878198802e-05,0.600426852703,2.39991021156,-6.00951825618e-05,3.19729879266e-05,20,20,1.89662480354,0.014371288009,41.5200233459,0,0,0,0,1.71967731845,588198.218412
10.6916666667,2.42444002652e-05,0.600487112999,2.39989423752,-6.00951825618e-05,3.05334069708e-05,20,20,1.89662480354,0.0143720507622,41.5200233459,0,0,0,0,0.711239355847,588198.055041
10.7027777778,1.35614582177e-05,0.600275456905,2.39994645119,-5.9011963458e-05,3.20617582474e-05,20,20,1.89662480354,0.0143803628162,41.5200233459,0,0,0,0,2.27258699148,588198.786119
10.7138888889,-6.02496538704e-06,0.599885582924,2.40004611015,-5.39995344297e-05,4.61629424535e-05,20,20,1.89662480354,0.0143651524559,41.5200233459,0,0,0,0,3.96951476045,588199.975268
10.725,-2.77967938018e-05,0.59945243597,2.40015530586,-5.18310407642e-05,6.86852436047e-05,20,20,1.89662480354,0.0143544897437,41.5200233459,0,0,0,0,3.84993612898,588201.181959
10.7361111111,-4.81218812638e-05,0.599046826363,2.40025639534,-5.18310407642e-05,6.86649655108e-05,20,20,1.89662480354,0.0143538545817,41.5200233459,0,0,0,0,3.2763620889,588201.668624
10.7472222222,-6.64926919853e-05,0.598680436611,2.40034914017,-5.18310407642e-05,6.86649655108e-05,20,20,1.89662480354,0.0143538545817,41.5200233459,0,0,0,0,2.75997421102,588202.310299
10.7583333333,-8.28324627946e-05,0.598353683949,2.40043067932,-5.18310407642e-05,6.86649655108e-05,20,20,1.89662480354,0.0143538545817,41.5200233459,0,0,0,0,2.29733005664,588202.747145
10.7694444444,-9.71344634308e-05,0.598067581654,2.40050148964,-5.18310407642e-05,6.86649655108e-05,20,20,1.89662480354,0.0143538545817,41.5200233459,0,0,0,0,1.8906420402,588203.083712
10.7805555556,-0.000109463231638,0.597820937634,2.4005651474,-5.18310407642e-05,6.86649655108e-05,20,20,1.89662480354,0.0143538545817,41.5200233459,0,0,0,0,1.5381998202,588203.399345
10.7916666667,-0.000119830139738,0.597614407539,2.40061759949,-5.18310407642e-05,6.86649655108e-05,20,20,1.89662480354,0.0143538545817,41.5200233459,0,0,0,0,1.24098734122,588203.739186
10.8027777778,-0.00012820136908,0.597446978092,2.40065956116,-5.18310407642e-05,6.86649655108e-05,20,20,1.89662480354,0.0143538545817,41.5200233459,0,0,0,0,0.998311416225,588203.91051
10.8138888889,-0.000134564266773,0.597319722176,2.40069127083,-5.18310407642e-05,6.86649655108e-05,20,20,1.89662480354,0.0143538545817,41.5200233459,0,0,0,0,0.810498360362,588204.01272
10.825,-0.000138029208756,0.597244262695,2.40070819855,-5.18310407642e-05,6.86649655108e-05,20,20,1.89662480354,0.0143538545817,41.5200233459,0,0,0,0,0.677320359683,588204.238072
10.8361111111,-0.000138029208756,0.59723764658,2.4006998539,-5.18310407642e-05,6.86649655108e-05,20,20,1.89662480354,0.0143538545817,41.5200233459,0,0,0,0,0.599080277149,588205.425115
10.8472222222,-0.000138029208756,0.597243607044,2.40069818497,-5.18310407642e-05,6.86649655108e-05,20,20,1.89662480354,0.0143538545817,41.5200233459,0,0,0,0,0.575058662811,588206.004223
10.8583333333,-0.000138029208756,0.597254276276,2.40070390701,-5.18310407642e-05,6.86649655108e-05,20,20,1.89662480354,0.0143538545817,41.5200233459,0,0,0,0,0.590503090627,588206.038079
10.8694444444,-0.000137889030157,0.597267568111,2.40070915222,-5.18310407642e-05,6.86649655108e-05,20,20,1.89662480354,0.0143538545817,41.5200233459,0,0,0,0,0.639771115878,588204.984176
10.8805555556,-0.000134218542371,0.597334384918,2.40069389343,-5.18310407642e-05,6.86649655108e-05,20,20,1.89662480354,0.0143538545817,41.5200233459,0,0,0,0,0.722388448122,588203.87455
10.8916666667,-0.000128341955133,0.597447931767,2.40066337585,-5.18310407642e-05,6.86649655108e-05,20,20,1.89662480354,0.0143538545817,41.5200233459,0,0,0,0,0.838451343969,588203.37777
10.9027777778,-0.000120902448543,0.597595214844,2.40062427521,-5.18310407642e-05,6.86649655108e-05,20,20,1.89662480354,0.0143538545817,41.5200233459,0,0,0,0,0.987966938737,588203.071434
10.9138888889,-0.000111914851004,0.597774386406,2.40057849884,-5.18310407642e-05,6.86649655108e-05,20,20,1.89662480354,0.0143538545817,41.5200233459,0,0,0,0,1.17092843244,588202.8431
10.925,-0.000101376717794,0.597984671593,2.40052509308,-5.18310407642e-05,6.86649655108e-05,20,20,1.89662480354,0.0143538545817,41.5200233459,0,0,0,0,1.38738939976,588202.538225
10.9361111111,-8.92786993063e-05,0.598226368427,2.40046429634,-5.18310407642e-05,6.86649655108e-05,20,20,1.89662480354,0.0143538545817,41.5200233459,0,0,0,0,1.63735349661,588202.20505
10.9472222222,-7.56199369789e-05,0.598499536514,2.40039563179,-5.18310407642e-05,6.86649655108e-05,20,20,1.89662480354,0.0143538545817,41.5200233459,0,0,0,0,1.9208752945,588201.797616
10.9583333333,-6.04051456321e-05,0.598803758621,2.40031909943,-4.8503796279e-05,6.86649655108e-05,20,20,1.89662480354,0.0143538545817,41.5200233459,0,0,0,0,2.23798045868,588201.358489
10.9694444444,-4.36350383097e-05,0.599138379097,2.40023231506,-4.5949149353e-05,6.86649655108e-05,20,20,1.89662480354,0.0143538545817,41.5200233459,0,0,0,0,2.58872394353,588200.804932
10.9805555556,-2.53062153206e-05,0.599503993988,2.40013933182,-4.5949149353e-05,6.86649655108e-05,20,20,1.89662480354,0.0143538545817,41.5200233459,0,0,0,0,2.9731498592,588200.273711
10.9916666667,-6.47505612505e-06,0.599879741669,2.40004062653,-4.5949149353e-05,5.36533189006e-05,20,20,1.89662480354,0.0143571980298,41.5200233459,0,0,0,0,2.808835853,588199.29015
11.0027777778,7.59739896239e-06,0.600159227848,2.39996767044,-4.80833659822e-05,6.11636569374e-05,20,20,1.89662480354,0.0143621256575,41.5200233459,0,0,0,0,1.39920560107,588198.269517
11.0138888889,1.13689447971e-05,0.600240290165,2.3999505043,-4.9188714911e-05,6.10483111814e-05,20,20,1.89662480354,0.014363146387,41.5200233459,0,0,0,0,0.498795135333,588197.696081
11.025,7.87798853707e-06,0.600160777569,2.3999671936,-4.9188714911e-05,6.10635543126e-05,20,20,1.89662480354,0.0143689680845,41.5200233459,0,0,0,0,0.949981424804,588198.048844
11.0361111111,-4.13930365539e-06,0.59992235899,2.40002584457,-4.61581876152e-05,5.35301478521e-05,20,20,1.89662480354,0.0143637591973,41.5200233459,0,0,0,0,1.86759512992,588198.785418
11.0472222222,-1.90208302229e-05,0.599626421928,2.40010118484,-4.61581876152e-05,4.59673537989e-05,20,20,1.89662480354,0.0143531663343,41.5200233459,0,0,0,0,2.04957349174,588199.746
11.0583333333,-3.28922978952e-05,0.599350094795,2.40017175674,-4.61581876152e-05,4.57825772173e-05,20,20,1.89662480354,0.0143515979871,41.5200233459,0,0,0,0,1.66523602346,588200.297685
11.0694444444,-4.48635801149e-05,0.599111735821,2.40023231506,-4.61581876152e-05,4.57825772173e-05,20,20,1.89662480354,0.0143515979871,41.5200233459,0,0,0,0,1.32513729609,588200.748155
11.0805555556,-5.48249372514e-05,0.598913013935,2.40028476715,-4.61581876152e-05,5.34110840817e-05,20,20,1.89662480354,0.0143515979871,41.5200233459,0,0,0,0,1.03910388874,588201.09051
11.0916666667,-6.27590125077e-05,0.598754346371,2.40032529831,-4.61581876152e-05,5.34110840817e-05,20,20,1.89662480354,0.0143515979871,41.5200233459,0,0,0,0,0.808512906087,588201.249438
11.1027777778,-6.87007413944e-05,0.598635494709,2.40035533905,-4.61581876152e-05,4.57825772173e-05,20,20,1.89662480354,0.0143515979871,41.5200233459,0,0,0,0,0.632512865043,588201.350479
11.1138888889,-7.09327505319e-05,0.598580658436,2.40036487579,-4.61581876152e-05,4.57825772173e-05,20,20,1.89662480354,0.0143515979871,41.5200233459,0,0,0,0,0.511480782357,588201.858836
11.125,-7.10153326509e-05,0.598575651646,2.40035867691,-4.61581876152e-05,4.57825772173e-05,20,20,1.89662480354,0.0143515979871,41.5200233459,0,0,0,0,0.446846987569,588202.946593
11.1361111111,-7.10153326509e-05,0.598582267761,2.40035915375,-4.61581876152e-05,4.57825772173e-05,20,20,1.89662480354,0.0143515979871,41.5200233459,0,0,0,0,0.432426466673,588203.207671
11.1472222222,-7.10153326509e-05,0.598593056202,2.40036296844,-4.61581876152e-05,4.57825772173e-05,20,20,1.89662480354,0.0143515979871,41.5200233459,0,0,0,0,0.455212006661,588203.001499
11.1583333333,-7.09109881427e-05,0.598606348038,2.40036678314,-4.63443429908e-05,4.57825772173e-05,20,20,1.89662480354,0.0143515979871,41.5200233459,0,0,0,0,0.512287741124,588201.708854
11.1694444444,-6.62889506202e-05,0.59868991375,2.40034723282,-4.63443429908e-05,4.57825772173e-05,20,20,1.89662480354,0.0143515979871,41.5200233459,0,0,0,0,0.602584090852,588200.885566
11.1805555556,-6.00869752816e-05,0.598810791969,2.40031337738,-4.63443429908e-05,4.57825772173e-05,20,20,1.89662480354,0.0143515979871,41.5200233459,0,0,0,0,0.72656216163,588200.447726
11.1916666667,-5.23208982486e-05,0.598964869976,2.40027284622,-4.63443429908e-05,4.57825772173e-05,20,20,1.89662480354,0.0143515979871,41.5200233459,0,0,0,0,0.884038176695,588200.16168
11.2027777778,-4.30093714385e-05,0.599150598049,2.40022563934,-4.63443429908e-05,4.57825772173e-05,20,20,1.89662480354,0.0143515979871,41.5200233459,0,0,0,0,1.07509213822,588199.888498
11.2138888889,-3.21451589116e-05,0.599367320538,2.40017032623,-4.63443429908e-05,4.57825772173e-05,20,20,1.89662480354,0.0143515979871,41.5200233459,0,0,0,0,1.29974817501,588199.568011
11.225,-1.97157842194e-05,0.599615693092,2.40010786057,-4.63443429908e-05,5.34110840817e-05,20,20,1.89662480354,0.0143515979871,41.5200233459,0,0,0,0,1.55801507749,588199.23928
11.2361111111,-7.19609306543e-06,0.599865376949,2.40004301071,-4.63443429908e-05,6.11334471614e-05,20,20,1.89662480354,0.0143554247916,41.5200233459,0,0,0,0,1.36723286879,588198.39307
11.2472222222,1.51341703258e-06,0.600038647652,2.39999866486,-4.63443429908e-05,5.34594837518e-05,20,20,1.89662480354,0.0143576040864,41.5200233459,0,0,0,0,0.693833710339,588197.859745
11.2583333333,2.73361024483e-06,0.600066781044,2.39999628067,-4.63443429908e-05,5.34062928637e-05,20,20,1.89662480354,0.0143577903509,41.5200233459,0,0,0,0,0.375339503049,588197.348113
11.2694444444,-2.62386867789e-09,0.600003898144,2.40000629425,-4.63443429908e-05,6.10497081652e-05,20,20,1.89662480354,0.0143620250747,41.5200233459,0,0,0,0,0.642529639998,588197.795075
11.2805555556,-8.51474305819e-06,0.599835693836,2.40004968643,-4.63443429908e-05,6.10883362242e-05,20,20,1.89662480354,0.0143580306321,41.5200233459,0,0,0,0,1.02515904492,588198.378335
11.2916666667,-1.84183627425e-05,0.599639236927,2.40010070801,-4.63443429908e-05,4.58602662547e-05,20,20,1.89662480354,0.0143514182419,41.5200233459,0,0,0,0,1.03003195014,588199.032347
11.3027777778,-2.70300042757e-05,0.599467992783,2.40014362335,-4.63443429908e-05,4.5786920964e-05,20,20,1.89662480354,0.0143503006548,41.5200233459,0,0,0,0,0.786829000005,588199.372889
11.3138888889,-3.36715456797e-05,0.599335432053,2.40017700195,-4.55181179859e-05,4.5786920964e-05,20,20,1.89662480354,0.0143503108993,41.5200233459,0,0,0,0,0.602251817562,588199.538775
11.325,-3.73517759726e-05,0.599255144596,2.4001955986,-4.3129461119e-05,4.5786920964e-05,20,20,1.89662480354,0.0143503108993,41.5200233459,0,0,0,0,0.452314285417,588199.813594
11.3361111111,-3.75143245037e-05,0.599242806435,2.40019035339,-4.3129461119e-05,4.5786920964e-05,20,20,1.89662480354,0.0143503108993,41.5200233459,0,0,0,0,0.367420654902,588200.919245
11.3472222222,-3.75143245037e-05,0.599247097969,2.40018844604,-4.3129461119e-05,4.5786920964e-05,20,20,1.89662480354,0.0143503108993,41.5200233459,0,0,0,0,0.33771157219,588201.702304
11.3583333333,-3.75143245037e-05,0.599256873131,2.40019130707,-4.3129461119e-05,4.5786920964e-05,20,20,1.89662480354,0.0143503108993,41.5200233459,0,0,0,0,0.351032965159,588201.74838
11.3694444444,-3.75143245037e-05,0.599267840385,2.40019655228,-4.3129461119e-05,4.5786920964e-05,20,20,1.89662480354,0.0143503108993,41.5200233459,0,0,0,0,0.398307568163,588200.765697
11.3805555556,-3.50366062776e-05,0.599318087101,2.40018987656,-4.3129461119e-05,4.5786920964e-05,20,20,1.89662480354,0.0143503108993,41.5200233459,0,0,0,0,0.479120474876,588199.46855
11.3916666667,-2.93134125968e-05,0.599427103996,2.40016031265,-4.3129461119e-05,4.5786920964e-05,20,20,1.89662480354,0.0143503108993,41.5200233459,0,0,0,0,0.593517147248,588198.861901
11.4027777778,-2.20314086619e-05,0.599570453167,2.40012121201,-4.3129461119e-05,4.5786920964e-05,20,20,1.89662480354,0.0143503108993,41.5200233459,0,0,0,0,0.7414900507,588198.515453
11.4138888889,-1.35572236104e-05,0.599739193916,2.40007781982,-4.3129461119e-05,4.58236863778e-05,20,20,1.89662480354,0.0143517432734,41.5200233459,0,0,0,0,0.826098572474,588198.131232
11.425,-6.22612742518e-06,0.599884927273,2.40003967285,-4.48066784884e-05,4.58218237327e-05,20,20,1.89662480354,0.0143543984741,41.5200233459,0,0,0,0,0.595459290824,588197.639539
11.4361111111,-3.78005961466e-06,0.599941313267,2.40002822876,-4.82719551655e-05,5.34144091944e-05,20,20,1.89662480354,0.014355737716,41.5200233459,0,0,0,0,0.340880004588,588197.066512
11.4472222222,-3.78005961466e-06,0.599931716919,2.40002965927,-4.82719551655e-05,5.34084210813e-05,20,20,1.89662480354,0.0143564622849,41.5200233459,0,0,0,0,0.330457858868,588196.725502
11.4583333333,-6.24558242635e-06,0.599876463413,2.40004110336,-5.09258788952e-05,4.58050744783e-05,20,20,1.89662480354,0.0143593214452,41.5200233459,0,0,0,0,0.492672931484,588197.673044
11.4694444444,-1.2421415704e-05,0.599757254124,2.40007543564,-5.09258788952e-05,4.58167050965e-05,20,20,1.89662480354,0.0143547998741,41.5200233459,0,0,0,0,0.587235932384,588198.390381
11.4805555556,-1.8427375835e-05,0.599639415741,2.40010786057,-5.09258788952e-05,5.34367536602e-05,20,20,1.89662480354,0.014351204969,41.5200233459,0,0,0,0,0.498611778014,588198.924641
11.4916666667,-2.18357945414e-05,0.599566102028,2.40012454987,-5.09258788952e-05,5.3414809372e-05,20,20,1.89662480354,0.0143503202125,41.5200233459,0,0,0,0,0.368448263014,588199.225948
11.5027777778,-2.19157900574e-05,0.599557697773,2.40011739731,-5.09258788952e-05,5.3414809372e-05,20,20,1.89662480354,0.0143503183499,41.5200233459,0,0,0,0,0.293492282188,588200.320021
11.5138888889,-2.19157900574e-05,0.599563241005,2.40011644363,-5.09258788952e-05,4.5786920964e-05,20,20,1.89662480354,0.0143503183499,41.5200233459,0,0,0,0,0.272893442201,588201.075832
11.525,-2.19157900574e-05,0.599572956562,2.40012121201,-5.09258788952e-05,5.3414809372e-05,20,20,1.89662480354,0.0143503183499,41.5200233459,0,0,0,0,0.29220526554,588200.963039
11.5361111111,-2.19157900574e-05,0.599584281445,2.40012693405,-5.09258788952e-05,5.3414809372e-05,20,20,1.89662480354,0.0143503183499,41.5200233459,0,0,0,0,0.345115660407,588199.77927
11.5472222222,-1.83543670573e-05,0.599650204182,2.40011405945,-5.09258788952e-05,5.3414809372e-05,20,20,1.89662480354,0.0143503183499,41.5200233459,0,0,0,0,0.43159798915,588198.641051
11.5583333333,-1.29125573949e-05,0.599754333496,2.40008354187,-5.09258788952e-05,5.34330283699e-05,20,20,1.89662480354,0.014351320453,41.5200233459,0,0,0,0,0.471518345493,588197.931316
11.5694444444,-8.17517047835e-06,0.599846959114,2.40005779266,-5.09258788952e-05,4.57957648905e-05,20,20,1.89662480354,0.0143531216308,41.5200233459,0,0,0,0,0.373446968257,588197.484647
11.5805555556,-8.17517047835e-06,0.599856972694,2.40006113052,-5.09258788952e-05,5.34122809768e-05,20,20,1.89662480354,0.014353970997,41.5200233459,0,0,0,0,0.262629596699,588196.41712
11.5916666667,-8.17517047835e-06,0.599847376347,2.40006113052,-5.09258788952e-05,5.34062928637e-05,20,20,1.89662480354,0.0143544422463,41.5200233459,0,0,0,0,0.255738878725,588195.836609
11.6027777778,-8.17517047835e-06,0.599833488464,2.40005636215,-5.09258788952e-05,5.34170685569e-05,20,20,1.89662480354,0.0143565051258,41.5200233459,0,0,0,0,0.313167980268,588196.589496
11.6138888889,-8.63281184138e-06,0.599809527397,2.4000544548,-5.09146593686e-05,4.57895584987e-05,20,20,1.89662480354,0.0143545521423,41.5200233459,0,0,0,0,0.346701857099,588198.007329
11.625,-9.50372759689e-06,0.599784553051,2.40005135536,-5.11741855007e-05,4.5786920964e-05,20,20,1.89662480354,0.0143522145227,41.5200233459,0,0,0,0,0.312367317858,588199.595667
11.6361111111,-1.02625954241e-05,0.59977042675,2.40005230904,-5.11741855007e-05,5.34144091944e-05,20,20,1.89662480354,0.0143507625908,41.5200233459,0,0,0,0,0.25196351083,588200.910355
11.6472222222,-1.02625954241e-05,0.599775314331,2.40005254745,-5.11741855007e-05,5.34084210813e-05,20,20,1.89662480354,0.0143500128761,41.5200233459,0,0,0,0,0.22623083802,588201.227684
11.6583333333,-1.02625954241e-05,0.599785327911,2.40005493164,-5.11741855007e-05,5.34090868314e-05,20,20,1.89662480354,0.0143500138074,41.5200233459,0,0,0,0,0.236112758791,588201.368368
11.6694444444,-1.02625954241e-05,0.599792897701,2.40006113052,-5.11741855007e-05,5.34144091944e-05,20,20,1.89662480354,0.0143502941355,41.5200233459,0,0,0,0,0.250381570708,588200.569404
11.6805555556,-1.02625954241e-05,0.599796712399,2.40006613731,-5.11741855007e-05,4.57864553027e-05,20,20,1.89662480354,0.0143511360511,41.5200233459,0,0,0,0,0.243109882995,588199.28939
11.6916666667,-1.02625954241e-05,0.599795401096,2.40006732941,-5.11741855007e-05,5.34084210813e-05,20,20,1.89662480354,0.0143516324461,41.5200233459,0,0,0,0,0.220822241874,588197.919855
11.7027777778,-1.02625954241e-05,0.59978967905,2.40006613731,-5.11741855007e-05,5.34068276465e-05,20,20,1.89662480354,0.0143518075347,41.5200233459,0,0,0,0,0.206917700259,588196.996287
11.7138888889,-1.02625954241e-05,0.599783420563,2.40006089211,-5.11741855007e-05,5.34064274689e-05,20,20,1.89662480354,0.014352270402,41.5200233459,0,0,0,0,0.20653294945,588196.748716
11.725,-1.02625954241e-05,0.599778413773,2.40005683899,-5.11741855007e-05,5.34068276465e-05,20,20,1.89662480354,0.0143534298986,41.5200233459,0,0,0,0,0.208332769874,588197.033066
11.7361111111,-1.02625954241e-05,0.599775671959,2.40005517006,-5.11741855007e-05,4.57776077383e-05,20,20,1.89662480354,0.0143534298986,41.5200233459,0,0,0,0,0.205355440964,588197.690352
11.7472222222,-1.02625954241e-05,0.599775850773,2.40005517006,-5.11741855007e-05,5.34062928637e-05,20,20,1.89662480354,0.0143533218652,41.5200233459,0,0,0,0,0.197322562802,588198.46581
11.7583333333,-1.02625954241e-05,0.599778473377,2.40005517006,-5.11741855007e-05,5.34062928637e-05,20,20,1.89662480354,0.0143529595807,41.5200233459,0,0,0,0,0.189778701563,588199.054215
11.7694444444,-1.02625954241e-05,0.599781274796,2.40005517006,-5.11741855007e-05,4.57776077383e-05,20,20,1.89662480354,0.0143529418856,41.5200233459,0,0,0,0,0.18607365258,588199.263019
11.7805555556,-1.02625954241e-05,0.599783241749,2.4000556469,-5.11741855007e-05,5.34084210813e-05,20,20,1.89662480354,0.0143527183682,41.5200233459,0,0,0,0,0.183006239304,588199.312487
11.7916666667,-1.02625954241e-05,0.599784135818,2.40005660057,-5.11741855007e-05,5.34110840817e-05,20,20,1.89662480354,0.0143524054438,41.5200233459,0,0,0,0,0.179824037285,588199.157652
11.8027777778,-1.02625954241e-05,0.599784374237,2.40005707741,-5.11741855007e-05,5.3414809372e-05,20,20,1.89662480354,0.0143522592261,41.5200233459,0,0,0,0,0.176324000744,588198.979897
11.8138888889,-1.02625954241e-05,0.599784076214,2.40005660057,-5.11741855007e-05,5.3414809372e-05,20,20,1.89662480354,0.014352267608,41.5200233459,0,0,0,0,0.172742499519,588198.810445
11.825,-1.02625954241e-05,0.599783360958,2.40005660057,-5.11741855007e-05,4.5786920964e-05,20,20,1.89662480354,0.014352267608,41.5200233459,0,0,0,0,0.169406409355,588198.73981
11.8361111111,-1.02625954241e-05,0.599783360958,2.40005660057,-5.11741855007e-05,5.3414809372e-05,20,20,1.89662480354,0.014352267608,41.5200233459,0,0,0,0,0.166184827063,588198.737179
11.8472222222,-1.02625954241e-05,0.599783360958,2.40005660057,-5.11741855007e-05,5.3414809372e-05,20,20,1.89662480354,0.014352267608,41.5200233459,0,0,0,0,0.162990735923,588198.737179
11.8583333333,-1.02625954241e-05,0.599783360958,2.40005660057,-5.11741855007e-05,5.3414809372e-05,20,20,1.89662480354,0.014352267608,41.5200233459,0,0,0,0,0.159830008954,588198.737179
11.8694444444,-1.02625954241e-05,0.599783360958,2.40005660057,-5.11741855007e-05,5.3414809372e-05,20,20,1.89662480354,0.014352267608,41.5200233459,0,0,0,0,0.156699661512,588198.737179
11.8805555556,-1.02625954241e-05,0.599783360958,2.40005660057,-5.11741855007e-05,4.5786920964e-05,20,20,1.89662480354,0.014352267608,41.5200233459,0,0,0,0,0.153600434763,588198.737179
11.8916666667,-1.02625954241e-05,0.599783360958,2.40005660057,-5.11741855007e-05,5.3414809372e-05,20,20,1.89662480354,0.014352267608,41.5200233459,0,0,0,0,0.150532348965,588198.736945
11.9027777778,-1.02625954241e-05,0.599783360958,2.40005660057,-5.11741855007e-05,5.3414809372e-05,20,20,1.89662480354,0.014352267608,41.5200233459,0,0,0,0,0.147494973409,588198.736945
11.9138888889,-1.02625954241e-05,0.599783360958,2.40005660057,-5.11741855007e-05,4.5786920964e-05,20,20,1.89662480354,0.014352267608,41.5200233459,0,0,0,0,0.144488781739,588198.736945
11.925,-1.02625954241e-05,0.599783360958,2.40005660057,-5.11741855007e-05,5.3414809372e-05,20,20,1.89662480354,0.014352267608,41.5200233459,0,0,0,0,0.141513353744,588198.736945
11.9361111111,-1.02625954241e-05,0.599783360958,2.40005660057,-5.11741855007e-05,5.3414809372e-05,20,20,1.89662480354,0.014352267608,41.5200233459,0,0,0,0,0.138569057958,588198.736945
11.9472222222,-1.02625954241e-05,0.599783360958,2.40005660057,-5.11741855007e-05,5.3414809372e-05,20,20,1.89662480354,0.014352267608,41.5200233459,0,0,0,0,0.135655770059,588198.736945
11.9583333333,-1.02625954241e-05,0.599783360958,2.40005660057,-5.11741855007e-05,5.3414809372e-05,20,20,1.89662480354,0.014352267608,41.5200233459,0,0,0,0,0.132773418416,588198.736828
11.9694444444,-1.02625954241e-05,0.599783360958,2.40005660057,-5.11741855007e-05,4.5786920964e-05,20,20,1.89662480354,0.014352267608,41.5200233459,0,0,0,0,0.129922020331,588198.736828
11.9805555556,-1.02625954241e-05,0.599783360958,2.40005660057,-5.11741855007e-05,5.3414809372e-05,20,20,1.89662480354,0.014352267608,41.5200233459,0,0,0,0,0.127101599268,588198.736828
11.9916666667,-1.02625954241e-05,0.599783360958,2.40005660057,-5.11741855007e-05,5.3414809372e-05,20,20,1.89662480354,0.014352267608,41.5200233459,0,0,0,0,0.124312106951,588198.736828
12.0027777778,-1.02625954241e-05,0.599783360958,2.40005660057,-5.11741855007e-05,5.3414809372e-05,20,20,1.89662480354,0.014352267608,41.5200233459,0,0,0,0,0.121553539787,588198.736828
12.0138888889,-1.02625954241e-05,0.599783360958,2.40005660057,-5.11741855007e-05,5.3414809372e-05,20,20,1.89662480354,0.014352267608,41.5200233459,0,0,0,0,0.118825876086,588198.736828
12.025,-1.02625954241e-05,0.599783360958,2.40005660057,-5.11741855007e-05,4.5786920964e-05,20,20,1.89662480354,0.014352267608,41.5200233459,0,0,0,0,0.116129190169,588198.736828
12.0361111111,-1.02625954241e-05,0.599783360958,2.40005660057,-5.11741855007e-05,5.3414809372e-05,20,20,1.89662480354,0.014352267608,41.5200233459,0,0,0,0,0.113463464914,588198.736828
12.0472222222,-1.02625954241e-05,0.599783360958,2.40005660057,-5.11741855007e-05,5.3414809372e-05,20,20,1.89662480354,0.014352267608,41.5200233459,0,0,0,0,0.110828727385,588198.736828
12.0583333333,-1.02625954241e-05,0.599783360958,2.40005660057,-5.11741855007e-05,4.5786920964e-05,20,20,1.89662480354,0.014352267608,41.5200233459,0,0,0,0,0.108224929061,588198.736828
12.0694444444,-1.02625954241e-05,0.599783360958,2.40005660057,-5.11741855007e-05,5.3414809372e-05,20,20,1.89662480354,0.014352267608,41.5200233459,0,0,0,0,0.105652073803,588198.736828
12.0805555556,-1.02625954241e-05,0.599783360958,2.40005660057,-5.11741855007e-05,5.3414809372e-05,20,20,1.89662480354,0.014352267608,41.5200233459,0,0,0,0,0.103110204105,588198.736828
12.0916666667,-1.02625954241e-05,0.599783360958,2.40005660057,-5.11741855007e-05,5.3414809372e-05,20,20,1.89662480354,0.014352267608,41.5200233459,0,0,0,0,0.10059927327,588198.737062
12.1027777778,-1.02625954241e-05,0.599783360958,2.40005660057,-5.11741855007e-05,5.3414809372e-05,20,20,1.89662480354,0.014352267608,41.5200233459,0,0,0,0,0.0981192765039,588198.737062
12.1138888889,-1.02625954241e-05,0.599783360958,2.40005660057,-5.11741855007e-05,4.5786920964e-05,20,20,1.89662480354,0.014352267608,41.5200233459,0,0,0,0,0.0956702438247,588198.737062
12.125,-1.02625954241e-05,0.599783360958,2.40005660057,-5.11741855007e-05,5.3414809372e-05,20,20,1.89662480354,0.014352267608,41.5200233459,0,0,0,0,0.0932521641896,588198.737062
12.1361111111,-1.02625954241e-05,0.599783360958,2.40005660057,-5.11741855007e-05,5.3414809372e-05,20,20,1.89662480354,0.014352267608,41.5200233459,0,0,0,0,0.090864990089,588198.737062
12.1472222222,-1.02625954241e-05,0.599783360958,2.40005660057,-5.11741855007e-05,5.3414809372e-05,20,20,1.89662480354,0.014352267608,41.5200233459,0,0,0,0,0.0885087724154,588198.737062
12.1583333333,-1.02625954241e-05,0.599783360958,2.40005660057,-5.11741855007e-05,5.3414809372e-05,20,20,1.89662480354,0.014352267608,41.5200233459,0,0,0,0,0.0861835667297,588198.737179
12.1694444444,-1.02625954241e-05,0.599783360958,2.40005660057,-5.11741855007e-05,4.5786920964e-05,20,20,1.89662480354,0.014352267608,41.5200233459,0,0,0,0,0.0838892771632,588198.737179
12.1805555556,-1.02625954241e-05,0.599783360958,2.40005660057,-5.11741855007e-05,5.3414809372e-05,20,20,1.89662480354,0.014352267608,41.5200233459,0,0,0,0,0.0816259180422,588198.737179
12.1916666667,-1.02625954241e-05,0.599783360958,2.40005660057,-5.11741855007e-05,5.3414809372e-05,20,20,1.89662480354,0.014352267608,41.5200233459,0,0,0,0,0.0793935144178,588198.737179
12.2027777778,-1.02625954241e-05,0.599783360958,2.40005660057,-5.11741855007e-05,4.5786920964e-05,20,20,1.89662480354,0.014352267608,41.5200233459,0,0,0,0,0.0771921099604,588198.737179
12.2138888889,-1.02625954241e-05,0.599783360958,2.40005660057,-5.11741855007e-05,5.3414809372e-05,20,20,1.89662480354,0.014352267608,41.5200233459,0,0,0,0,0.0750216003216,588198.737179
12.225,-1.02625954241e-05,0.599783360958,2.40005660057,-5.11741855007e-05,5.3414809372e-05,20,20,1.89662480354,0.014352267608,41.5200233459,0,0,0,0,0.0728820543214,588198.737179
12.2361111111,-1.02625954241e-05,0.599783360958,2.40005660057,-5.11741855007e-05,5.3414809372e-05,20,20,1.89662480354,0.014352267608,41.5200233459,0,0,0,0,0.0707734598561,588198.737062
12.2472222222,-1.02625954241e-05,0.599783360958,2.40005660057,-5.11741855007e-05,5.3414809372e-05,20,20,1.89662480354,0.014352267608,41.5200233459,0,0,0,0,0.0686958241433,588198.736945
12.2583333333,-1.02625954241e-05,0.599783360958,2.40005660057,-5.11741855007e-05,4.5786920964e-05,20,20,1.89662480354,0.014352267608,41.5200233459,0,0,0,0,0.0666491676832,588198.736945
12.2694444444,-1.02625954241e-05,0.599783360958,2.40005660057,-5.11741855007e-05,5.3414809372e-05,20,20,1.89662480354,0.014352267608,41.5200233459,0,0,0,0,0.0646334300343,588198.736945
12.2805555556,-1.02625954241e-05,0.599783360958,2.40005660057,-5.11741855007e-05,5.3414809372e-05,20,20,1.89662480354,0.014352267608,41.5200233459,0,0,0,0,0.0626486623757,588198.736945
12.2916666667,-1.02625954241e-05,0.599783360958,2.40005660057,-5.11741855007e-05,5.3414809372e-05,20,20,1.89662480354,0.014352267608,41.5200233459,0,0,0,0,0.0606948265597,588198.736945
12.3027777778,-1.02625954241e-05,0.599783360958,2.40005660057,-5.11741855007e-05,5.3414809372e-05,20,20,1.89662480354,0.014352267608,41.5200233459,0,0,0,0,0.0587719632517,588198.736828
12.3138888889,-1.02625954241e-05,0.599783360958,2.40005660057,-5.11741855007e-05,4.5786920964e-05,20,20,1.89662480354,0.014352267608,41.5200233459,0,0,0,0,0.0568800379521,588198.736828
12.325,-1.02625954241e-05,0.599783360958,2.40005660057,-5.11741855007e-05,5.3414809372e-05,20,20,1.89662480354,0.014352267608,41.5200233459,0,0,0,0,0.0550190704849,588198.736828
12.3361111111,-1.02625954241e-05,0.599783360958,2.40005660057,-5.11741855007e-05,5.3414809372e-05,20,20,1.89662480354,0.014352267608,41.5200233459,0,0,0,0,0.053189053443,588198.736828
12.3472222222,-1.02625954241e-05,0.599783360958,2.40005660057,-5.11741855007e-05,4.5786920964e-05,20,20,1.89662480354,0.014352267608,41.5200233459,0,0,0,0,0.0513900070426,588198.736828
12.3583333333,-1.02625954241e-05,0.599783360958,2.40005660057,-5.11741855007e-05,5.3414809372e-05,20,20,1.89662480354,0.014352267608,41.5200233459,0,0,0,0,0.0496218976034,588198.736828
12.3694444444,-1.02625954241e-05,0.599783360958,2.40005660057,-5.11741855007e-05,5.3414809372e-05,20,20,1.89662480354,0.014352267608,41.5200233459,0,0,0,0,0.0478847479699,588198.736828
12.3805555556,-1.02625954241e-05,0.599783360958,2.40005660057,-5.11741855007e-05,5.3414809372e-05,20,20,1.89662480354,0.014352267608,41.5200233459,0,0,0,0,0.0461785607108,588198.736828
12.3916666667,-1.02625954241e-05,0.599783360958,2.40005660057,-5.11741855007e-05,5.3414809372e-05,20,20,1.89662480354,0.014352267608,41.5200233459,0,0,0,0,0.0445032838574,588198.736828
12.4027777778,-1.02625954241e-05,0.599783360958,2.40005660057,-5.11741855007e-05,4.5786920964e-05,20,20,1.89662480354,0.014352267608,41.5200233459,0,0,0,0,0.0428589615709,588198.736828
12.4138888889,-1.02625954241e-05,0.599783360958,2.40005660057,-5.11741855007e-05,5.3414809372e-05,20,20,1.89662480354,0.014352267608,41.5200233459,0,0,0,0,0.0412456079271,588198.737179
12.425,-1.02625954241e-05,0.599783360958,2.40005660057,-5.11741855007e-05,5.3414809372e-05,20,20,1.89662480354,0.014352267608,41.5200233459,0,0,0,0,0.0396631743189,588198.737179
12.4361111111,-1.02625954241e-05,0.599783360958,2.40005660057,-5.11741855007e-05,5.3414809372e-05,20,20,1.89662480354,0.014352267608,41.5200233459,0,0,0,0,0.0381117469277,588198.737179
12.4472222222,-1.02625954241e-05,0.599783360958,2.40005660057,-5.11741855007e-05,5.3414809372e-05,20,20,1.89662480354,0.014352267608,41.5200233459,0,0,0,0,0.0365912410197,588198.737179
12.4583333333,-1.02625954241e-05,0.599783360958,2.40005660057,-5.11741855007e-05,4.5786920964e-05,20,20,1.89662480354,0.014352267608,41.5200233459,0,0,0,0,0.0351016824485,588198.737179
12.4694444444,-1.02625954241e-05,0.599783360958,2.40005660057,-5.11741855007e-05,5.3414809372e-05,20,20,1.89662480354,0.014352267608,41.5200233459,0,0,0,0,0.0336430971652,588198.737179
12.4805555556,-1.02625954241e-05,0.599783360958,2.40005660057,-5.11741855007e-05,5.3414809372e-05,20,20,1.89662480354,0.014352267608,41.5200233459,0,0,0,0,0.032215452234,588198.737179
12.4916666667,-1.02625954241e-05,0.599783360958,2.40005660057,-5.11741855007e-05,4.5786920964e-05,20,20,1.89662480354,0.014352267608,41.5200233459,0,0,0,0,0.0308187758396,588198.737179
12.5027777778,-1.02625954241e-05,0.599783360958,2.40005660057,-5.11741855007e-05,5.3414809372e-05,20,20,1.89662480354,0.014352267608,41.5200233459,0,0,0,0,0.0294530455596,588198.737179
12.5138888889,-1.02625954241e-05,0.599783360958,2.40005660057,-5.11741855007e-05,5.3414809372e-05,20,20,1.89662480354,0.014352267608,41.5200233459,0,0,0,0,0.0281182604679,588198.737179
12.525,-1.02625954241e-05,0.599783360958,2.40005660057,-5.11741855007e-05,5.3414809372e-05,20,20,1.89662480354,0.014352267608,41.5200233459,0,0,0,0,0.0268144250994,588198.737062
12.5361111111,-1.02625954241e-05,0.599783360958,2.40005660057,-5.11741855007e-05,5.3414809372e-05,20,20,1.89662480354,0.014352267608,41.5200233459,0,0,0,0,0.0255415338697,588198.736945
12.5472222222,-1.02625954241e-05,0.599783360958,2.40005660057,-5.11741855007e-05,4.5786920964e-05,20,20,1.89662480354,0.014352267608,41.5200233459,0,0,0,0,0.0242995892738,588198.736945
12.5583333333,-1.02625954241e-05,0.599783360958,2.40005660057,-5.11741855007e-05,5.3414809372e-05,20,20,1.89662480354,0.014352267608,41.5200233459,0,0,0,0,0.0230886032375,588198.736945
12.5694444444,-1.02625954241e-05,0.599783360958,2.40005660057,-5.11741855007e-05,5.3414809372e-05,20,20,1.89662480354,0.014352267608,41.5200233459,0,0,0,0,0.0219085658459,588198.736945
12.5805555556,-1.02625954241e-05,0.599783360958,2.40005660057,-5.11741855007e-05,5.3414809372e-05,20,20,1.89662480354,0.014352267608,41.5200233459,0,0,0,0,0.0207594921617,588198.736945
12.5916666667,-1.02625954241e-05,0.599783360958,2.40005660057,-5.11741855007e-05,5.3414809372e-05,20,20,1.89662480354,0.014352267608,41.5200233459,0,0,0,0,0.019641363894,588198.736945
12.6027777778,-1.02625954241e-05,0.599783360958,2.40005660057,-5.11741855007e-05,4.5786920964e-05,20,20,1.89662480354,0.014352267608,41.5200233459,0,0,0,0,0.018554187135,588198.736945
12.6138888889,-1.02625954241e-05,0.599783360958,2.40005660057,-5.11741855007e-05,5.3414809372e-05,20,20,1.89662480354,0.014352267608,41.5200233459,0,0,0,0,0.0174979754715,588198.736945
12.625,-1.02625954241e-05,0.599783360958,2.40005660057,-5.11741855007e-05,5.3414809372e-05,20,20,1.89662480354,0.014352267608,41.5200233459,0,0,0,0,0.0164727044506,588198.736945
12.6361111111,-1.02625954241e-05,0.599783360958,2.40005660057,-5.11741855007e-05,4.5786920964e-05,20,20,1.89662480354,0.014352267608,41.5200233459,0,0,0,0,0.0154783649568,588198.736945
12.6472222222,-1.02625954241e-05,0.599783360958,2.40005660057,-5.11741855007e-05,5.3414809372e-05,20,20,1.89662480354,0.014352267608,41.5200233459,0,0,0,0,0.0145149774178,588198.736828
12.6583333333,-1.02625954241e-05,0.599783360958,2.40005660057,-5.11741855007e-05,5.3414809372e-05,20,20,1.89662480354,0.014352267608,41.5200233459,0,0,0,0,0.0135825542832,588198.736828
12.6694444444,-1.02625954241e-05,0.599783360958,2.40005660057,-5.11741855007e-05,5.3414809372e-05,20,20,1.89662480354,0.014352267608,41.5200233459,0,0,0,0,0.0126810828726,588198.736828
12.6805555556,-1.02625954241e-05,0.599783360958,2.40005660057,-5.11741855007e-05,5.3414809372e-05,20,20,1.89662480354,0.014352267608,41.5200233459,0,0,0,0,0.0118105620468,588198.736828
12.6916666667,-1.02625954241e-05,0.599783360958,2.40005660057,-5.11741855007e-05,4.5786920964e-05,20,20,1.89662480354,0.014352267608,41.5200233459,0,0,0,0,0.0109710085379,588198.736828
12.7027777778,-1.02625954241e-05,0.599783360958,2.40005660057,-5.11741855007e-05,5.3414809372e-05,20,20,1.89662480354,0.014352267608,41.5200233459,0,0,0,0,0.0101623926397,588198.736828
12.7138888889,-1.02625954241e-05,0.599783360958,2.40005660057,-5.11741855007e-05,5.3414809372e-05,20,20,1.89662480354,0.014352267608,41.5200233459,0,0,0,0,0.00938471809803,588198.736828
12.725,-1.02625954241e-05,0.599783360958,2.40005660057,-5.11741855007e-05,5.3414809372e-05,20,20,1.89662480354,0.014352267608,41.5200233459,0,0,0,0,0.00863800473419,588198.736828
12.7361111111,-1.02625954241e-05,0.599783360958,2.40005660057,-5.11741855007e-05,5.3414809372e-05,20,20,1.89662480354,0.014352267608,41.5200233459,0,0,0,0,0.00792225109564,588198.736828
12.7472222222,-1.02625954241e-05,0.599783360958,2.40005660057,-5.11741855007e-05,4.5786920964e-05,20,20,1.89662480354,0.014352267608,41.5200233459,0,0,0,0,0.00723744946807,588198.737296
12.7583333333,-1.02625954241e-05,0.599783360958,2.40005660057,-5.11741855007e-05,5.3414809372e-05,20,20,1.89662480354,0.014352267608,41.5200233459,0,0,0,0,0.0065835929389,588198.737296
12.7694444444,-1.02625954241e-05,0.599783360958,2.40005660057,-5.11741855007e-05,5.3414809372e-05,20,20,1.89662480354,0.014352267608,41.5200233459,0,0,0,0,0.00596067230333,588198.737296
12.7805555556,-1.02625954241e-05,0.599783360958,2.40005660057,-5.11741855007e-05,4.5786920964e-05,20,20,1.89662480354,0.014352267608,41.5200233459,0,0,0,0,0.00536871878024,588198.737296
12.7916666667,-1.02625954241e-05,0.599783360958,2.40005660057,-5.11741855007e-05,5.3414809372e-05,20,20,1.89662480354,0.014352267608,41.5200233459,0,0,0,0,0.00480770839717,588198.737296
12.8027777778,-1.02625954241e-05,0.599783360958,2.40005660057,-5.11741855007e-05,5.3414809372e-05,20,20,1.89662480354,0.014352267608,41.5200233459,0,0,0,0,0.00427764944254,588198.737296
12.8138888889,-1.02625954241e-05,0.599783360958,2.40005660057,-5.11741855007e-05,5.3414809372e-05,20,20,1.89662480354,0.014352267608,41.5200233459,0,0,0,0,0.00377854119513,588198.737296
12.825,-1.02625954241e-05,0.599783360958,2.40005660057,-5.11741855007e-05,5.3414809372e-05,20,20,1.89662480354,0.014352267608,41.5200233459,0,0,0,0,0.00331038291809,588198.737296
12.8361111111,-1.02625954241e-05,0.599783360958,2.40005660057,-5.11741855007e-05,4.5786920964e-05,20,20,1.89662480354,0.014352267608,41.5200233459,0,0,0,0,0.00287318112188,588198.737296
12.8472222222,-1.02625954241e-05,0.599783360958,2.40005660057,-5.11741855007e-05,5.3414809372e-05,20,20,1.89662480354,0.014352267608,41.5200233459,0,0,0,0,0.00246692562683,588198.737296
12.8583333333,-1.02625954241e-05,0.599783360958,2.40005660057,-5.11741855007e-05,5.3414809372e-05,20,20,1.89662480354,0.014352267608,41.5200233459,0,0,0,0,0.00209161820266,588198.737062
12.8694444444,-1.02625954241e-05,0.599783360958,2.40005660057,-5.11741855007e-05,5.3414809372e-05,20,20,1.89662480354,0.014352267608,41.5200233459,0,0,0,0,0.00174726447295,588198.736945
12.8805555556,-1.02625954241e-05,0.599783360958,2.40005660057,-5.11741855007e-05,5.3414809372e-05,20,20,1.89662480354,0.014352267608,41.5200233459,0,0,0,0,0.00143386708396,588198.736945
12.8916666667,-1.02625954241e-05,0.599783360958,2.40005660057,-5.11741855007e-05,4.5786920964e-05,20,20,1.89662480354,0.014352267608,41.5200233459,0,0,0,0,0.00115141409176,588198.736828
12.9027777778,-1.02625954241e-05,0.599783360958,2.40005660057,-5.11741855007e-05,5.3414809372e-05,20,20,1.89662480354,0.014352267608,41.5200233459,0,0,0,0,0.000899910812565,588198.736828
12.9138888889,-1.02625954241e-05,0.599783360958,2.40005660057,-5.11741855007e-05,5.3414809372e-05,20,20,1.89662480354,0.014352267608,41.5200233459,0,0,0,0,0.000679361904443,588198.736828
12.925,-1.02625954241e-05,0.599783360958,2.40005660057,-5.11741855007e-05,4.5786920964e-05,20,20,1.89662480354,0.014352267608,41.5200233459,0,0,0,0,0.000489769292594,588198.736828
12.9361111111,-1.02625954241e-05,0.599783360958,2.40005660057,-5.11741855007e-05,5.3414809372e-05,20,20,1.89662480354,0.014352267608,41.5200233459,0,0,0,0,0.000331125869352,588198.736828
12.9472222222,-1.02625954241e-05,0.599783360958,2.40005660057,-5.11741855007e-05,5.3414809372e-05,20,20,1.89662480354,0.014352267608,41.5200233459,0,0,0,0,0.000203432815521,588198.736828
12.9583333333,-1.02625954241e-05,0.599783360958,2.40005660057,-5.11741855007e-05,5.3414809372e-05,20,20,1.89662480354,0.014352267608,41.5200233459,0,0,0,0,0.00010669072647,588198.736828
12.9694444444,-1.02625954241e-05,0.599783360958,2.40005660057,-5.11741855007e-05,5.3414809372e-05,20,20,1.89662480354,0.014352267608,41.5200233459,0,0,0,0,4.08990026264e-05,588198.736828
12.9805555556,-1.02625954241e-05,0.599783360958,2.40005660057,-5.11741855007e-05,4.5786920964e-05,20,20,1.89662480354,0.014352267608,41.5200233459,0,0,0,0,6.05830652092e-06,588198.736828
12.9916666667,-1.02625954241e-05,0.599783360958,2.40005660057,-5.11741855007e-05,5.3414809372e-05,20,20,1.89662480354,0.014352267608,41.5200233459,0,0,0,0,5.64004820862e-13,588198.736828
13.0027777778,-1.02625954241e-05,0.599783360958,2.40005660057,-5.11741855007e-05,5.3414809372e-05,20,20,1.89662480354,0.014352267608,41.5200233459,0,0,0,0,5.09597614225e-14,588198.736828
13.0138888889,-1.02625954241e-05,0.599783360958,2.40005660057,-5.11741855007e-05,5.3414809372e-05,20,20,1.89662480354,0.014352267608,41.5200233459,0,0,0,0,4.63243441015e-14,588198.736828
13.025,-1.02625954241e-05,0.599783360958,2.40005660057,-5.11741855007e-05,5.3414809372e-05,20,20,1.89662480354,0.014352267608,41.5200233459,0,0,0,0,7.05914622615e-15,588198.736828
13.0361111111,-1.02625954241e-05,0.599783360958,2.40005660057,-5.11741855007e-05,4.5786920964e-05,20,20,1.89662480354,0.014352267608,41.5200233459,0,0,0,0,1.02618571996e-13,588198.736828
13.0472222222,-1.02625954241e-05,0.599783360958,2.40005660057,-5.11741855007e-05,5.3414809372e-05,20,20,1.89662480354,0.014352267608,41.5200233459,0,0,0,0,1.29252547885e-13,588198.736828
13.0583333333,-1.02625954241e-05,0.599783360958,2.40005660057,-5.11741855007e-05,5.3414809372e-05,20,20,1.89662480354,0.014352267608,41.5200233459,0,0,0,0,7.49388086213e-14,588198.736828
13.0694444444,-1.02625954241e-05,0.599783360958,2.40005660057,-5.11741855007e-05,4.5786920964e-05,20,20,1.89662480354,0.014352267608,41.5200233459,0,0,0,0,7.6112130156e-14,588198.736828
13.0805555556,-1.02625954241e-05,0.599783360958,2.40005660057,-5.11741855007e-05,5.3414809372e-05,20,20,1.89662480354,0.014352267608,41.5200233459,0,0,0,0,6.24184077561e-14,588198.736828
13.0916666667,-1.02625954241e-05,0.599783360958,2.40005660057,-5.11741855007e-05,5.3414809372e-05,20,20,1.89662480354,0.014352267608,41.5200233459,0,0,0,0,2.15254523465e-14,588198.736828
13.1027777778,-1.02625954241e-05,0.599783360958,2.40005660057,-5.11741855007e-05,5.3414809372e-05,20,20,1.89662480354,0.014352267608,41.5200233459,0,0,0,0,1.35006806907e-13,588198.736828
13.1138888889,-1.02625954241e-05,0.599783360958,2.40005660057,-5.11741855007e-05,5.3414809372e-05,20,20,1.89662480354,0.014352267608,41.5200233459,0,0,0,0,6.28937453805e-14,588198.736828
13.125,-1.02625954241e-05,0.599783360958,2.40005660057,-5.11741855007e-05,4.5786920964e-05,20,20,1.89662480354,0.014352267608,41.5200233459,0,0,0,0,1.19502196432e-13,588198.736828
13.1361111111,-1.02625954241e-05,0.599783360958,2.40005660057,-5.11741855007e-05,5.3414809372e-05,20,20,1.89662480354,0.014352267608,41.5200233459,0,0,0,0,4.30510620546e-13,588198.736828
13.1472222222,-1.02625954241e-05,0.599783360958,2.40005660057,-5.11741855007e-05,5.3414809372e-05,20,20,1.89662480354,0.014352267608,41.5200233459,0,0,0,0,1.15694659275e-13,588198.736828
13.1583333333,-1.02625954241e-05,0.599783360958,2.40005660057,-5.11741855007e-05,5.3414809372e-05,20,20,1.89662480354,0.014352267608,41.5200233459,0,0,0,0,4.8293674714e-14,588198.736828
13.1694444444,-1.02625954241e-05,0.599783360958,2.40005660057,-5.11741855007e-05,5.3414809372e-05,20,20,1.89662480354,0.014352267608,41.5200233459,0,0,0,0,2.04306033036e-14,588198.736828
13.1805555556,-1.02625954241e-05,0.599783360958,2.40005660057,-5.11741855007e-05,4.5786920964e-05,20,20,1.89662480354,0.014352267608,41.5200233459,0,0,0,0,9.47832787396e-14,588198.736828
13.1916666667,-1.02625954241e-05,0.599783360958,2.40005660057,-5.11741855007e-05,5.3414809372e-05,20,20,1.89662480354,0.014352267608,41.5200233459,0,0,0,0,1.81617159972e-13,588198.736828
13.2027777778,-1.02625954241e-05,0.599783360958,2.40005660057,-5.11741855007e-05,5.3414809372e-05,20,20,1.89662480354,0.014352267608,41.5200233459,0,0,0,0,4.78998430565e-13,588198.736828
13.2138888889,-1.02625954241e-05,0.599783360958,2.40005660057,-5.11741855007e-05,4.5786920964e-05,20,20,1.89662480354,0.014352267608,41.5200233459,0,0,0,0,6.53458207732e-13,588198.736828
13.225,-1.02625954241e-05,0.599783360958,2.40005660057,-5.11741855007e-05,5.3414809372e-05,20,20,1.89662480354,0.014352267608,41.5200233459,0,0,0,0,1.51528526866e-13,588198.736828
13.2361111111,-1.02625954241e-05,0.599783360958,2.40005660057,-5.11741855007e-05,5.3414809372e-05,20,20,1.89662480354,0.014352267608,41.5200233459,0,0,0,0,7.7013375748e-15,588198.736828
13.2472222222,-1.02625954241e-05,0.599783360958,2.40005660057,-5.11741855007e-05,5.3414809372e-05,20,20,1.89662480354,0.014352267608,41.5200233459,0,0,0,0,1.92135178394e-14,588198.736828
13.2583333333,-1.02625954241e-05,0.599783360958,2.40005660057,-5.11741855007e-05,5.3414809372e-05,20,20,1.89662480354,0.014352267608,41.5200233459,0,0,0,0,3.99593116862e-14,588198.736828
13.2694444444,-1.02625954241e-05,0.599783360958,2.40005660057,-5.11741855007e-05,4.5786920964e-05,20,20,1.89662480354,0.014352267608,41.5200233459,0,0,0,0,3.03762022409e-14,588198.736828
13.2805555556,-1.02625954241e-05,0.599783360958,2.40005660057,-5.11741855007e-05,5.3414809372e-05,20,20,1.89662480354,0.014352267608,41.5200233459,0,0,0,0,1.22485985624e-14,588198.736828
13.2916666667,-1.02625954241e-05,0.599783360958,2.40005660057,-5.11741855007e-05,5.3414809372e-05,20,20,1.89662480354,0.014352267608,41.5200233459,0,0,0,0,5.42981792437e-14,588198.736828
13.3027777778,-1.02625954241e-05,0.599783360958,2.40005660057,-5.11741855007e-05,5.3414809372e-05,20,20,1.89662480354,0.014352267608,41.5200233459,0,0,0,0,1.16350465151e-13,588198.736828
13.3138888889,-1.02625954241e-05,0.599783360958,2.40005660057,-5.11741855007e-05,5.3414809372e-05,20,20,1.89662480354,0.014352267608,41.5200233459,0,0,0,0,3.05881709242e-14,588198.736828
13.325,-1.02625954241e-05,0.599783360958,2.40005660057,-5.11741855007e-05,4.5786920964e-05,20,20,1.89662480354,0.014352267608,41.5200233459,0,0,0,0,2.1173972784e-14,588198.736828
13.3361111111,-1.02625954241e-05,0.599783360958,2.40005660057,-5.11741855007e-05,5.3414809372e-05,20,20,1.89662480354,0.014352267608,41.5200233459,0,0,0,0,1.60313234905e-14,588198.736828
13.3472222222,-1.02625954241e-05,0.599783360958,2.40005660057,-5.11741855007e-05,5.3414809372e-05,20,20,1.89662480354,0.014352267608,41.5200233459,0,0,0,0,1.58303230507e-14,588198.736828
13.3583333333,-1.02625954241e-05,0.599783360958,2.40005660057,-5.11741855007e-05,4.5786920964e-05,20,20,1.89662480354,0.014352267608,41.5200233459,0,0,0,0,3.68350067231e-14,588198.736828
13.3694444444,-1.02625954241e-05,0.599783360958,2.40005660057,-5.11741855007e-05,5.3414809372e-05,20,20,1.89662480354,0.014352267608,41.5200233459,0,0,0,0,3.88810595727e-14,588198.736828
13.3805555556,-1.02625954241e-05,0.599783360958,2.40005660057,-5.11741855007e-05,5.3414809372e-05,20,20,1.89662480354,0.014352267608,41.5200233459,0,0,0,0,2.17633929682e-14,588198.736828
13.3916666667,-1.02625954241e-05,0.599783360958,2.40005660057,-5.11741855007e-05,5.3414809372e-05,20,20,1.89662480354,0.014352267608,41.5200233459,0,0,0,0,3.42805560386e-14,588198.736828
13.4027777778,-1.02625954241e-05,0.599783360958,2.40005660057,-5.11741855007e-05,5.3414809372e-05,20,20,1.89662480354,0.014352267608,41.5200233459,0,0,0,0,1.58305725878e-13,588198.736828
13.4138888889,-1.02625954241e-05,0.599783360958,2.40005660057,-5.11741855007e-05,4.5786920964e-05,20,20,1.89662480354,0.014352267608,41.5200233459,0,0,0,0,1.15366760591e-14,588198.736828
13.425,-1.02625954241e-05,0.599783360958,2.40005660057,-5.11741855007e-05,5.3414809372e-05,20,20,1.89662480354,0.014352267608,41.5200233459,0,0,0,0,2.92856131189e-14,588198.736828
13.4361111111,-1.02625954241e-05,0.599783360958,2.40005660057,-5.11741855007e-05,5.3414809372e-05,20,20,1.89662480354,0.014352267608,41.5200233459,0,0,0,0,2.21814969624e-14,588198.736828
13.4472222222,-1.02625954241e-05,0.599783360958,2.40005660057,-5.11741855007e-05,5.3414809372e-05,20,20,1.89662480354,0.014352267608,41.5200233459,0,0,0,0,6.28270965764e-15,588198.736828
13.4583333333,-1.02625954241e-05,0.599783360958,2.40005660057,-5.11741855007e-05,5.3414809372e-05,20,20,1.89662480354,0.014352267608,41.5200233459,0,0,0,0,7.61347412832e-14,588198.736828
13.4694444444,-1.02625954241e-05,0.599783360958,2.40005660057,-5.11741855007e-05,4.5786920964e-05,20,20,1.89662480354,0.014352267608,41.5200233459,0,0,0,0,5.03106730288e-14,588198.736828
13.4805555556,-1.02625954241e-05,0.599783360958,2.40005660057,-5.11741855007e-05,5.3414809372e-05,20,20,1.89662480354,0.014352267608,41.5200233459,0,0,0,0,1.74376296421e-14,588198.736828
13.4916666667,-1.02625954241e-05,0.599783360958,2.40005660057,-5.11741855007e-05,5.3414809372e-05,20,20,1.89662480354,0.014352267608,41.5200233459,0,0,0,0,3.57513660613e-14,588198.736828
13.5027777778,-1.02625954241e-05,0.599783360958,2.40005660057,-5.11741855007e-05,4.5786920964e-05,20,20,1.89662480354,0.014352267608,41.5200233459,0,0,0,0,8.61966253846e-15,588198.736828
13.5138888889,-1.02625954241e-05,0.599783360958,2.40005660057,-5.11741855007e-05,5.3414809372e-05,20,20,1.89662480354,0.014352267608,41.5200233459,0,0,0,0,1.51468977084e-14,588198.736828
13.525,-1.02625954241e-05,0.599783360958,2.40005660057,-5.11741855007e-05,5.3414809372e-05,20,20,1.89662480354,0.014352267608,41.5200233459,0,0,0,0,5.15786651411e-14,588198.736828
13.5361111111,-1.02625954241e-05,0.599783360958,2.40005660057,-5.11741855007e-05,5.3414809372e-05,20,20,1.89662480354,0.014352267608,41.5200233459,0,0,0,0,1.13339336351e-13,588198.736828
13.5472222222,-1.02625954241e-05,0.599783360958,2.40005660057,-5.11741855007e-05,5.3414809372e-05,20,20,1.89662480354,0.014352267608,41.5200233459,0,0,0,0,9.93959595345e-14,588198.736828
13.5583333333,-1.02625954241e-05,0.599783360958,2.40005660057,-5.11741855007e-05,4.5786920964e-05,20,20,1.89662480354,0.014352267608,41.5200233459,0,0,0,0,1.81288194818e-13,588198.736828
13.5694444444,-1.02625954241e-05,0.599783360958,2.40005660057,-5.11741855007e-05,5.3414809372e-05,20,20,1.89662480354,0.014352267608,41.5200233459,0,0,0,0,4.07019456208e-13,588198.736828
13.5805555556,-1.02625954241e-05,0.599783360958,2.40005660057,-5.11741855007e-05,5.3414809372e-05,20,20,1.89662480354,0.014352267608,41.5200233459,0,0,0,0,5.9076675678e-13,588198.736828
13.5916666667,-1.02625954241e-05,0.599783360958,2.40005660057,-5.11741855007e-05,5.3414809372e-05,20,20,1.89662480354,0.014352267608,41.5200233459,0,0,0,0,1.3687553455e-13,588198.736828
13.6027777778,-1.02625954241e-05,0.599783360958,2.40005660057,-5.11741855007e-05,5.3414809372e-05,20,20,1.89662480354,0.014352267608,41.5200233459,0,0,0,0,4.88333140024e-14,588198.736828
13.6138888889,-1.02625954241e-05,0.599783360958,2.40005660057,-5.11741855007e-05,4.5786920964e-05,20,20,1.89662480354,0.014352267608,41.5200233459,0,0,0,0,4.12780206963e-14,588198.736828
13.625,-1.02625954241e-05,0.599783360958,2.40005660057,-5.11741855007e-05,5.3414809372e-05,20,20,1.89662480354,0.014352267608,41.5200233459,0,0,0,0,4.48321278418e-14,588198.736828
13.6361111111,-1.02625954241e-05,0.599783360958,2.40005660057,-5.11741855007e-05,5.3414809372e-05,20,20,1.89662480354,0.014352267608,41.5200233459,0,0,0,0,1.65131339215e-14,588198.736828
13.6472222222,-1.02625954241e-05,0.599783360958,2.40005660057,-5.11741855007e-05,4.5786920964e-05,20,20,1.89662480354,0.014352267608,41.5200233459,0,0,0,0,2.15708062172e-14,588198.736828
13.6583333333,-1.02625954241e-05,0.599783360958,2.40005660057,-5.11741855007e-05,5.3414809372e-05,20,20,1.89662480354,0.014352267608,41.5200233459,0,0,0,0,1.34877886946e-13,588198.736828
13.6694444444,-1.02625954241e-05,0.599783360958,2.40005660057,-5.11741855007e-05,5.3414809372e-05,20,20,1.89662480354,0.014352267608,41.5200233459,0,0,0,0,6.13823760384e-14,588198.736828
13.6805555556,-1.02625954241e-05,0.599783360958,2.40005660057,-5.11741855007e-05,5.3414809372e-05,20,20,1.89662480354,0.014352267608,41.5200233459,0,0,0,0,1.71354549045e-14,588198.736828
13.6916666667,-1.02625954241e-05,0.599783360958,2.40005660057,-5.11741855007e-05,5.3414809372e-05,20,20,1.89662480354,0.014352267608,41.5200233459,0,0,0,0,2.27344830838e-14,588198.736828
13.7027777778,-1.02625954241e-05,0.599783360958,2.40005660057,-5.11741855007e-05,4.5786920964e-05,20,20,1.89662480354,0.014352267608,41.5200233459,0,0,0,0,2.63303034849e-14,588198.736828
13.7138888889,-1.02625954241e-05,0.599783360958,2.40005660057,-5.11741855007e-05,5.3414809372e-05,20,20,1.89662480354,0.014352267608,41.5200233459,0,0,0,0,4.56515873171e-14,588198.736828
13.725,-1.02625954241e-05,0.599783360958,2.40005660057,-5.11741855007e-05,5.3414809372e-05,20,20,1.89662480354,0.014352267608,41.5200233459,0,0,0,0,1.14995894519e-13,588198.736828
13.7361111111,-1.02625954241e-05,0.599783360958,2.40005660057,-5.11741855007e-05,5.3414809372e-05,20,20,1.89662480354,0.014352267608,41.5200233459,0,0,0,0,7.35702136997e-14,588198.736828
13.7472222222,-1.02625954241e-05,0.599783360958,2.40005660057,-5.11741855007e-05,5.3414809372e-05,20,20,1.89662480354,0.014352267608,41.5200233459,0,0,0,0,1.01337166571e-13,588198.736828
13.7583333333,-1.02625954241e-05,0.599783360958,2.40005660057,-5.11741855007e-05,4.5786920964e-05,20,20,1.89662480354,0.014352267608,41.5200233459,0,0,0,0,7.80741646969e-14,588198.736828
13.7694444444,-1.02625954241e-05,0.599783360958,2.40005660057,-5.11741855007e-05,5.3414809372e-05,20,20,1.89662480354,0.014352267608,41.5200233459,0,0,0,0,2.27048566613e-14,588198.736828
13.7805555556,-1.02625954241e-05,0.599783360958,2.40005660057,-5.11741855007e-05,5.3414809372e-05,20,20,1.89662480354,0.014352267608,41.5200233459,0,0,0,0,2.86263148724e-14,588198.736828
13.7916666667,-1.02625954241e-05,0.599783360958,2.40005660057,-5.11741855007e-05,4.5786920964e-05,20,20,1.89662480354,0.014352267608,41.5200233459,0,0,0,0,1.5931881242e-13,588198.736828
13.8027777778,-1.02625954241e-05,0.599783360958,2.40005660057,-5.11741855007e-05,5.3414809372e-05,20,20,1.89662480354,0.014352267608,41.5200233459,0,0,0,0,1.01272586875e-13,588198.736828
13.8138888889,-1.02625954241e-05,0.599783360958,2.40005660057,-5.11741855007e-05,5.3414809372e-05,20,20,1.89662480354,0.014352267608,41.5200233459,0,0,0,0,6.58239643831e-14,588198.736828
13.825,-1.02625954241e-05,0.599783360958,2.40005660057,-5.11741855007e-05,5.3414809372e-05,20,20,1.89662480354,0.014352267608,41.5200233459,0,0,0,0,7.82085037651e-14,588198.736828
13.8361111111,-1.02625954241e-05,0.599783360958,2.40005660057,-5.11741855007e-05,5.3414809372e-05,20,20,1.89662480354,0.014352267608,41.5200233459,0,0,0,0,4.96060763175e-14,588198.736828
13.8472222222,-1.02625954241e-05,0.599783360958,2.40005660057,-5.11741855007e-05,4.5786920964e-05,20,20,1.89662480354,0.014352267608,41.5200233459,0,0,0,0,1.85903736155e-14,588198.736828
13.8583333333,-1.02625954241e-05,0.599783360958,2.40005660057,-5.11741855007e-05,5.3414809372e-05,20,20,1.89662480354,0.014352267608,41.5200233459,0,0,0,0,4.61878043118e-14,588198.736828
13.8694444444,-1.02625954241e-05,0.599783360958,2.40005660057,-5.11741855007e-05,5.3414809372e-05,20,20,1.89662480354,0.014352267608,41.5200233459,0,0,0,0,2.83582295215e-14,588198.736828
13.8805555556,-1.02625954241e-05,0.599783360958,2.40005660057,-5.11741855007e-05,5.3414809372e-05,20,20,1.89662480354,0.014352267608,41.5200233459,0,0,0,0,1.51763685266e-14,588198.736828
13.8916666667,-1.02625954241e-05,0.599783360958,2.40005660057,-5.11741855007e-05,5.3414809372e-05,20,20,1.89662480354,0.014352267608,41.5200233459,0,0,0,0,2.32456795013e-14,588198.736828
13.9027777778,-1.02625954241e-05,0.599783360958,2.40005660057,-5.11741855007e-05,4.5786920964e-05,20,20,1.89662480354,0.014352267608,41.5200233459,0,0,0,0,1.54029017664e-14,588198.736828
13.9138888889,-1.02625954241e-05,0.599783360958,2.40005660057,-5.11741855007e-05,5.3414809372e-05,20,20,1.89662480354,0.014352267608,41.5200233459,0,0,0,0,3.03946782687e-14,588198.736828
13.925,-1.02625954241e-05,0.599783360958,2.40005660057,-5.11741855007e-05,5.3414809372e-05,20,20,1.89662480354,0.014352267608,41.5200233459,0,0,0,0,2.38949032198e-14,588198.736828
13.9361111111,-1.02625954241e-05,0.599783360958,2.40005660057,-5.11741855007e-05,4.5786920964e-05,20,20,1.89662480354,0.014352267608,41.5200233459,0,0,0,0,6.34377403759e-14,588198.736828
13.9472222222,-1.02625954241e-05,0.599783360958,2.40005660057,-5.11741855007e-05,5.3414809372e-05,20,20,1.89662480354,0.014352267608,41.5200233459,0,0,0,0,6.04789342952e-14,588198.736828
13.9583333333,-1.02625954241e-05,0.599783360958,2.40005660057,-5.11741855007e-05,5.3414809372e-05,20,20,1.89662480354,0.014352267608,41.5200233459,0,0,0,0,2.70190691365e-14,588198.736828
13.9694444444,-1.02625954241e-05,0.599783360958,2.40005660057,-5.11741855007e-05,5.3414809372e-05,20,20,1.89662480354,0.014352267608,41.5200233459,0,0,0,0,3.92461319988e-14,588198.736828
13.9805555556,-1.02625954241e-05,0.599783360958,2.40005660057,-5.11741855007e-05,5.3414809372e-05,20,20,1.89662480354,0.014352267608,41.5200233459,0,0,0,0,3.77050263073e-14,588198.736828
13.9916666667,-1.02625954241e-05,0.599783360958,2.40005660057,-5.11741855007e-05,4.5786920964e-05,20,20,1.89662480354,0.014352267608,41.5200233459,0,0,0,0,3.58451767368e-14,588198.736828
14.0027777778,-1.02625954241e-05,0.599783360958,2.40005660057,-5.11741855007e-05,5.3414809372e-05,20,20,1.89662480354,0.014352267608,41.5200233459,0,0,0,0,6.5806694764e-15,588198.736828
14.0138888889,-1.02625954241e-05,0.599783360958,2.40005660057,-5.11741855007e-05,5.3414809372e-05,20,20,1.89662480354,0.014352267608,41.5200233459,0,0,0,0,1.13086538165e-14,588198.736828
14.025,-1.02625954241e-05,0.599783360958,2.40005660057,-5.11741855007e-05,5.3414809372e-05,20,20,1.89662480354,0.014352267608,41.5200233459,0,0,0,0,2.09501539551e-14,588198.736828
14.0361111111,-1.02625954241e-05,0.599783360958,2.40005660057,-5.11741855007e-05,5.3414809372e-05,20,20,1.89662480354,0.014352267608,41.5200233459,0,0,0,0,4.29965416221e-15,588198.736828
14.0472222222,-1.02625954241e-05,0.599783360958,2.40005660057,-5.11741855007e-05,4.5786920964e-05,20,20,1.89662480354,0.014352267608,41.5200233459,0,0,0,0,6.32008873228e-14,588198.736828
14.0583333333,-1.02625954241e-05,0.599783360958,2.40005660057,-5.11741855007e-05,5.3414809372e-05,20,20,1.89662480354,0.014352267608,41.5200233459,0,0,0,0,8.1333028787e-15,588198.736828
14.0694444444,-1.02625954241e-05,0.599783360958,2.40005660057,-5.11741855007e-05,5.3414809372e-05,20,20,1.89662480354,0.014352267608,41.5200233459,0,0,0,0,3.35879631545e-14,588198.736828
14.0805555556,-1.02625954241e-05,0.599783360958,2.40005660057,-5.11741855007e-05,4.5786920964e-05,20,20,1.89662480354,0.014352267608,41.5200233459,0,0,0,0,1.9234702685e-14,588198.736828
14.0916666667,-1.02625954241e-05,0.599783360958,2.40005660057,-5.11741855007e-05,5.3414809372e-05,20,20,1.89662480354,0.014352267608,41.5200233459,0,0,0,0,2.03156709282e-14,588198.736828
14.1027777778,-1.02625954241e-05,0.599783360958,2.40005660057,-5.11741855007e-05,5.3414809372e-05,20,20,1.89662480354,0.014352267608,41.5200233459,0,0,0,0,5.68637430999e-15,588198.736828
14.1138888889,-1.02625954241e-05,0.599783360958,2.40005660057,-5.11741855007e-05,5.3414809372e-05,20,20,1.89662480354,0.014352267608,41.5200233459,0,0,0,0,9.04938010758e-15,588198.736828
14.125,-1.02625954241e-05,0.599783360958,2.40005660057,-5.11741855007e-05,5.3414809372e-05,20,20,1.89662480354,0.014352267608,41.5200233459,0,0,0,0,1.34145545495e-14,588198.736828
14.1361111111,-1.02625954241e-05,0.599783360958,2.40005660057,-5.11741855007e-05,4.5786920964e-05,20,20,1.89662480354,0.014352267608,41.5200233459,0,0,0,0,6.78532752716e-14,588198.736828
14.1472222222,-1.02625954241e-05,0.599783360958,2.40005660057,-5.11741855007e-05,5.3414809372e-05,20,20,1.89662480354,0.014352267608,41.5200233459,0,0,0,0,5.623292688e-14,588198.736828
14.1583333333,-1.02625954241e-05,0.599783360958,2.40005660057,-5.11741855007e-05,5.3414809372e-05,20,20,1.89662480354,0.014352267608,41.5200233459,0,0,0,0,1.89586234438e-14,588198.736828
14.1694444444,-1.02625954241e-05,0.599783360958,2.40005660057,-5.11741855007e-05,5.3414809372e-05,20,20,1.89662480354,0.014352267608,41.5200233459,0,0,0,0,6.42458460538e-14,588198.736828
14.1805555556,-1.02625954241e-05,0.599783360958,2.40005660057,-5.11741855007e-05,5.3414809372e-05,20,20,1.89662480354,0.014352267608,41.5200233459,0,0,0,0,2.33345967968e-14,588198.736828
14.1916666667,-1.02625954241e-05,0.599783360958,2.40005660057,-5.11741855007e-05,4.5786920964e-05,20,20,1.89662480354,0.014352267608,41.5200233459,0,0,0,0,7.83942628893e-14,588198.736828
14.2027777778,-1.02625954241e-05,0.599783360958,2.40005660057,-5.11741855007e-05,5.3414809372e-05,20,20,1.89662480354,0.014352267608,41.5200233459,0,0,0,0,3.83557811421e-14,588198.736828
14.2138888889,-1.02625954241e-05,0.599783360958,2.40005660057,-5.11741855007e-05,5.3414809372e-05,20,20,1.89662480354,0.014352267608,41.5200233459,0,0,0,0,2.87351115276e-14,588198.736828
14.225,-1.02625954241e-05,0.599783360958,2.40005660057,-5.11741855007e-05,4.5786920964e-05,20,20,1.89662480354,0.014352267608,41.5200233459,0,0,0,0,1.43457643918e-14,588198.736828
14.2361111111,-1.02625954241e-05,0.599783360958,2.40005660057,-5.11741855007e-05,5.3414809372e-05,20,20,1.89662480354,0.014352267608,41.5200233459,0,0,0,0,3.7388550082e-14,588198.736828
14.2472222222,-1.02625954241e-05,0.599783360958,2.40005660057,-5.11741855007e-05,5.3414809372e-05,20,20,1.89662480354,0.014352267608,41.5200233459,0,0,0,0,2.62934423236e-14,588198.736828
14.2583333333,-1.02625954241e-05,0.599783360958,2.40005660057,-5.11741855007e-05,5.3414809372e-05,20,20,1.89662480354,0.014352267608,41.5200233459,0,0,0,0,4.35207922445e-15,588198.736828
14.2694444444,-1.02625954241e-05,0.599783360958,2.40005660057,-5.11741855007e-05,5.3414809372e-05,20,20,1.89662480354,0.014352267608,41.5200233459,0,0,0,0,2.64006767936e-14,588198.736828
14.2805555556,-1.02625954241e-05,0.599783360958,2.40005660057,-5.11741855007e-05,4.5786920964e-05,20,20,1.89662480354,0.014352267608,41.5200233459,0,0,0,0,3.6128038245e-14,588198.736828
14.2916666667,-1.02625954241e-05,0.599783360958,2.40005660057,-5.11741855007e-05,5.3414809372e-05,20,20,1.89662480354,0.014352267608,41.5200233459,0,0,0,0,6.07857085367e-14,588198.736828
14.3027777778,-1.02625954241e-05,0.599783360958,2.40005660057,-5.11741855007e-05,5.3414809372e-05,20,20,1.89662480354,0.014352267608,41.5200233459,0,0,0,0,1.65889323623e-13,588198.736828
14.3138888889,-1.02625954241e-05,0.599783360958,2.40005660057,-5.11741855007e-05,5.3414809372e-05,20,20,1.89662480354,0.014352267608,41.5200233459,0,0,0,0,2.78427613287e-13,588198.736828
14.325,-1.02625954241e-05,0.599783360958,2.40005660057,-5.11741855007e-05,5.3414809372e-05,20,20,1.89662480354,0.014352267608,41.5200233459,0,0,0,0,1.45095251544e-13,588198.736828
14.3361111111,-1.02625954241e-05,0.599783360958,2.40005660057,-5.11741855007e-05,4.5786920964e-05,20,20,1.89662480354,0.014352267608,41.5200233459,0,0,0,0,1.29772846656e-13,588198.736828
14.3472222222,-1.02625954241e-05,0.599783360958,2.40005660057,-5.11741855007e-05,5.3414809372e-05,20,20,1.89662480354,0.014352267608,41.5200233459,0,0,0,0,6.97331679885e-14,588198.736828
14.3583333333,-1.02625954241e-05,0.599783360958,2.40005660057,-5.11741855007e-05,5.3414809372e-05,20,20,1.89662480354,0.014352267608,41.5200233459,0,0,0,0,3.35475767253e-14,588198.736828
14.3694444444,-1.02625954241e-05,0.599783360958,2.40005660057,-5.11741855007e-05,4.5786920964e-05,20,20,1.89662480354,0.014352267608,41.5200233459,0,0,0,0,6.95077301846e-15,588198.736828
14.3805555556,-1.02625954241e-05,0.599783360958,2.40005660057,-5.11741855007e-05,5.3414809372e-05,20,20,1.89662480354,0.014352267608,41.5200233459,0,0,0,0,1.51906792707e-14,588198.736828
14.3916666667,-1.02625954241e-05,0.599783360958,2.40005660057,-5.11741855007e-05,5.3414809372e-05,20,20,1.89662480354,0.014352267608,41.5200233459,0,0,0,0,6.40248248216e-14,588198.736828
14.4027777778,-1.02625954241e-05,0.599783360958,2.40005660057,-5.11741855007e-05,5.3414809372e-05,20,20,1.89662480354,0.014352267608,41.5200233459,0,0,0,0,6.26627618506e-14,588198.736828
14.4138888889,-1.02625954241e-05,0.599783360958,2.40005660057,-5.11741855007e-05,5.3414809372e-05,20,20,1.89662480354,0.014352267608,41.5200233459,0,0,0,0,3.14960078682e-13,588198.736828
14.425,-1.02625954241e-05,0.599783360958,2.40005660057,-5.11741855007e-05,4.5786920964e-05,20,20,1.89662480354,0.014352267608,41.5200233459,0,0,0,0,4.12253675375e-13,588198.736828
14.4361111111,-1.02625954241e-05,0.599783360958,2.40005660057,-5.11741855007e-05,5.3414809372e-05,20,20,1.89662480354,0.014352267608,41.5200233459,0,0,0,0,1.92805845388e-13,588198.736828
14.4472222222,-1.02625954241e-05,0.599783360958,2.40005660057,-5.11741855007e-05,5.3414809372e-05,20,20,1.89662480354,0.014352267608,41.5200233459,0,0,0,0,8.92602508689e-14,588198.736828
14.4583333333,-1.02625954241e-05,0.599783360958,2.40005660057,-5.11741855007e-05,5.3414809372e-05,20,20,1.89662480354,0.014352267608,41.5200233459,0,0,0,0,4.94380014991e-14,588198.736828
14.4694444444,-1.02625954241e-05,0.599783360958,2.40005660057,-5.11741855007e-05,5.3414809372e-05,20,20,1.89662480354,0.014352267608,41.5200233459,0,0,0,0,4.52236006595e-14,588198.736828
14.4805555556,-1.02625954241e-05,0.599783360958,2.40005660057,-5.11741855007e-05,4.5786920964e-05,20,20,1.89662480354,0.014352267608,41.5200233459,0,0,0,0,2.96679388052e-14,588198.736828
14.4916666667,-1.02625954241e-05,0.599783360958,2.40005660057,-5.11741855007e-05,5.3414809372e-05,20,20,1.89662480354,0.014352267608,41.5200233459,0,0,0,0,1.24482574401e-13,588198.736828
14.5027777778,-1.02625954241e-05,0.599783360958,2.40005660057,-5.11741855007e-05,5.3414809372e-05,20,20,1.89662480354,0.014352267608,41.5200233459,0,0,0,0,9.69865297334e-14,588198.736828
14.5138888889,-1.02625954241e-05,0.599783360958,2.40005660057,-5.11741855007e-05,4.5786920964e-05,20,20,1.89662480354,0.014352267608,41.5200233459,0,0,0,0,9.87235371831e-14,588198.736828
14.525,-1.02625954241e-05,0.599783360958,2.40005660057,-5.11741855007e-05,5.3414809372e-05,20,20,1.89662480354,0.014352267608,41.5200233459,0,0,0,0,1.00377155195e-13,588198.736828
14.5361111111,-1.02625954241e-05,0.599783360958,2.40005660057,-5.11741855007e-05,5.3414809372e-05,20,20,1.89662480354,0.014352267608,41.5200233459,0,0,0,0,6.51260971156e-14,588198.736828
14.5472222222,-1.02625954241e-05,0.599783360958,2.40005660057,-5.11741855007e-05,5.3414809372e-05,20,20,1.89662480354,0.014352267608,41.5200233459,0,0,0,0,1.07354140002e-13,588198.736828
14.5583333333,-1.02625954241e-05,0.599783360958,2.40005660057,-5.11741855007e-05,5.3414809372e-05,20,20,1.89662480354,0.014352267608,41.5200233459,0,0,0,0,1.01903069107e-13,588198.736828
14.5694444444,-1.02625954241e-05,0.599783360958,2.40005660057,-5.11741855007e-05,4.5786920964e-05,20,20,1.89662480354,0.014352267608,41.5200233459,0,0,0,0,3.0896821979e-14,588198.736828
14.5805555556,-1.02625954241e-05,0.599783360958,2.40005660057,-5.11741855007e-05,5.3414809372e-05,20,20,1.89662480354,0.014352267608,41.5200233459,0,0,0,0,3.11063728415e-14,588198.736828
14.5916666667,-1.02625954241e-05,0.599783360958,2.40005660057,-5.11741855007e-05,5.3414809372e-05,20,20,1.89662480354,0.014352267608,41.5200233459,0,0,0,0,4.98957698444e-14,588198.736828
14.6027777778,-1.02625954241e-05,0.599783360958,2.40005660057,-5.11741855007e-05,5.3414809372e-05,20,20,1.89662480354,0.014352267608,41.5200233459,0,0,0,0,9.08310610753e-14,588198.736828
14.6138888889,-1.02625954241e-05,0.599783360958,2.40005660057,-5.11741855007e-05,5.3414809372e-05,20,20,1.89662480354,0.014352267608,41.5200233459,0,0,0,0,1.18574915336e-13,588198.736828
14.625,-1.02625954241e-05,0.599783360958,2.40005660057,-5.11741855007e-05,4.5786920964e-05,20,20,1.89662480354,0.014352267608,41.5200233459,0,0,0,0,1.17372582496e-13,588198.736828
14.6361111111,-1.02625954241e-05,0.599783360958,2.40005660057,-5.11741855007e-05,5.3414809372e-05,20,20,1.89662480354,0.014352267608,41.5200233459,0,0,0,0,5.49668884043e-14,588198.736828
14.6472222222,-1.02625954241e-05,0.599783360958,2.40005660057,-5.11741855007e-05,5.3414809372e-05,20,20,1.89662480354,0.014352267608,41.5200233459,0,0,0,0,7.162831992e-14,588198.736828
14.6583333333,-1.02625954241e-05,0.599783360958,2.40005660057,-5.11741855007e-05,4.5786920964e-05,20,20,1.89662480354,0.014352267608,41.5200233459,0,0,0,0,6.59385824948e-14,588198.736828
14.6694444444,-1.02625954241e-05,0.599783360958,2.40005660057,-5.11741855007e-05,5.3414809372e-05,20,20,1.89662480354,0.014352267608,41.5200233459,0,0,0,0,5.34373312461e-14,588198.736828
14.6805555556,-1.02625954241e-05,0.599783360958,2.40005660057,-5.11741855007e-05,5.3414809372e-05,20,20,1.89662480354,0.014352267608,41.5200233459,0,0,0,0,1.22442515494e-13,588198.736828
14.6916666667,-1.02625954241e-05,0.599783360958,2.40005660057,-5.11741855007e-05,5.3414809372e-05,20,20,1.89662480354,0.014352267608,41.5200233459,0,0,0,0,1.49007030352e-13,588198.736828
14.7027777778,-1.02625954241e-05,0.599783360958,2.40005660057,-5.11741855007e-05,5.3414809372e-05,20,20,1.89662480354,0.014352267608,41.5200233459,0,0,0,0,1.27729857838e-13,588198.736828
14.7138888889,-1.02625954241e-05,0.599783360958,2.40005660057,-5.11741855007e-05,4.5786920964e-05,20,20,1.89662480354,0.014352267608,41.5200233459,0,0,0,0,2.66982580247e-13,588198.736828
14.725,-1.02625954241e-05,0.599783360958,2.40005660057,-5.11741855007e-05,5.3414809372e-05,20,20,1.89662480354,0.014352267608,41.5200233459,0,0,0,0,1.14749521024e-13,588198.736828
14.7361111111,-1.02625954241e-05,0.599783360958,2.40005660057,-5.11741855007e-05,5.3414809372e-05,20,20,1.89662480354,0.014352267608,41.5200233459,0,0,0,0,1.042236662e-13,588198.736828
14.7472222222,-1.02625954241e-05,0.599783360958,2.40005660057,-5.11741855007e-05,5.3414809372e-05,20,20,1.89662480354,0.014352267608,41.5200233459,0,0,0,0,1.01704634011e-13,588198.736828
14.7583333333,-1.02625954241e-05,0.599783360958,2.40005660057,-5.11741855007e-05,5.3414809372e-05,20,20,1.89662480354,0.014352267608,41.5200233459,0,0,0,0,4.84774979423e-14,588198.736828
14.7694444444,-1.02625954241e-05,0.599783360958,2.40005660057,-5.11741855007e-05,4.5786920964e-05,20,20,1.89662480354,0.014352267608,41.5200233459,0,0,0,0,8.19796301695e-14,588198.736828
14.7805555556,-1.02625954241e-05,0.599783360958,2.40005660057,-5.11741855007e-05,5.3414809372e-05,20,20,1.89662480354,0.014352267608,41.5200233459,0,0,0,0,1.47662062646e-13,588198.736828
14.7916666667,-1.02625954241e-05,0.599783360958,2.40005660057,-5.11741855007e-05,5.3414809372e-05,20,20,1.89662480354,0.014352267608,41.5200233459,0,0,0,0,6.25077241526e-14,588198.736828
14.8027777778,-1.02625954241e-05,0.599783360958,2.40005660057,-5.11741855007e-05,4.5786920964e-05,20,20,1.89662480354,0.014352267608,41.5200233459,0,0,0,0,1.07764652601e-13,588198.736828
14.8138888889,-1.02625954241e-05,0.599783360958,2.40005660057,-5.11741855007e-05,5.3414809372e-05,20,20,1.89662480354,0.014352267608,41.5200233459,0,0,0,0,3.82888092346e-14,588198.736828
14.825,-1.02625954241e-05,0.599783360958,2.40005660057,-5.11741855007e-05,5.3414809372e-05,20,20,1.89662480354,0.014352267608,41.5200233459,0,0,0,0,7.17020869667e-15,588198.736828
14.8361111111,-1.02625954241e-05,0.599783360958,2.40005660057,-5.11741855007e-05,5.3414809372e-05,20,20,1.89662480354,0.014352267608,41.5200233459,0,0,0,0,1.50101052413e-14,588198.736828
14.8472222222,-1.02625954241e-05,0.599783360958,2.40005660057,-5.11741855007e-05,5.3414809372e-05,20,20,1.89662480354,0.014352267608,41.5200233459,0,0,0,0,2.15400024705e-14,588198.736828
14.8583333333,-1.02625954241e-05,0.599783360958,2.40005660057,-5.11741855007e-05,4.5786920964e-05,20,20,1.89662480354,0.014352267608,41.5200233459,0,0,0,0,2.91154602401e-14,588198.736828
14.8694444444,-1.02625954241e-05,0.599783360958,2.40005660057,-5.11741855007e-05,5.3414809372e-05,20,20,1.89662480354,0.014352267608,41.5200233459,0,0,0,0,1.22652675051e-14,588198.736828
14.8805555556,-1.02625954241e-05,0.599783360958,2.40005660057,-5.11741855007e-05,5.3414809372e-05,20,20,1.89662480354,0.014352267608,41.5200233459,0,0,0,0,3.10665960781e-14,588198.736828
14.8916666667,-1.02625954241e-05,0.599783360958,2.40005660057,-5.11741855007e-05,5.3414809372e-05,20,20,1.89662480354,0.014352267608,41.5200233459,0,0,0,0,1.74905007075e-14,588198.736828
14.9027777778,-1.02625954241e-05,0.599783360958,2.40005660057,-5.11741855007e-05,5.3414809372e-05,20,20,1.89662480354,0.014352267608,41.5200233459,0,0,0,0,2.48406944736e-14,588198.736828
14.9138888889,-1.02625954241e-05,0.599783360958,2.40005660057,-5.11741855007e-05,4.5786920964e-05,20,20,1.89662480354,0.014352267608,41.5200233459,0,0,0,0,8.92947197636e-15,588198.736828
14.925,-1.02625954241e-05,0.599783360958,2.40005660057,-5.11741855007e-05,5.3414809372e-05,20,20,1.89662480354,0.014352267608,41.5200233459,0,0,0,0,5.27304340962e-14,588198.736828
14.9361111111,-1.02625954241e-05,0.599783360958,2.40005660057,-5.11741855007e-05,5.3414809372e-05,20,20,1.89662480354,0.014352267608,41.5200233459,0,0,0,0,3.11543765826e-14,588198.736828
14.9472222222,-1.02625954241e-05,0.599783360958,2.40005660057,-5.11741855007e-05,4.5786920964e-05,20,20,1.89662480354,0.014352267608,41.5200233459,0,0,0,0,6.02397162679e-14,588198.736828
14.9583333333,-1.02625954241e-05,0.599783360958,2.40005660057,-5.11741855007e-05,5.3414809372e-05,20,20,1.89662480354,0.014352267608,41.5200233459,0,0,0,0,6.06383702652e-14,588198.736828
14.9694444444,-1.02625954241e-05,0.599783360958,2.40005660057,-5.11741855007e-05,5.3414809372e-05,20,20,1.89662480354,0.014352267608,41.5200233459,0,0,0,0,1.27537254831e-13,588198.736828
14.9805555556,-1.02625954241e-05,0.599783360958,2.40005660057,-5.11741855007e-05,5.3414809372e-05,20,20,1.89662480354,0.014352267608,41.5200233459,0,0,0,0,1.51875901083e-13,588198.736828
14.9916666667,-1.02625954241e-05,0.599783360958,2.40005660057,-5.11741855007e-05,5.3414809372e-05,20,20,1.89662480354,0.014352267608,41.5200233459,0,0,0,0,2.47648255117e-13,588198.736828
15.0027777778,-1.02625954241e-05,0.599783360958,2.40005660057,-5.11741855007e-05,4.5786920964e-05,20,20,1.89662480354,0.014352267608,41.5200233459,0,0,0,0,1.06414434172e-13,588198.736828
15.0138888889,-1.02625954241e-05,0.599783360958,2.40005660057,-5.11741855007e-05,5.3414809372e-05,20,20,1.89662480354,0.014352267608,41.5200233459,0,0,0,0,3.60522269319e-14,588198.736828
15.025,-1.02625954241e-05,0.599783360958,2.40005660057,-5.11741855007e-05,5.3414809372e-05,20,20,1.89662480354,0.014352267608,41.5200233459,0,0,0,0,6.89674601503e-15,588198.736828
15.0361111111,-1.02625954241e-05,0.599783360958,2.40005660057,-5.11741855007e-05,5.3414809372e-05,20,20,1.89662480354,0.014352267608,41.5200233459,0,0,0,0,1.69762126475e-14,588198.736828
15.0472222222,-1.02625954241e-05,0.599783360958,2.40005660057,-5.11741855007e-05,5.3414809372e-05,20,20,1.89662480354,0.014352267608,41.5200233459,0,0,0,0,2.4302595324e-14,588198.736828
15.0583333333,-1.02625954241e-05,0.599783360958,2.40005660057,-5.11741855007e-05,4.5786920964e-05,20,20,1.89662480354,0.014352267608,41.5200233459,0,0,0,0,7.53896133715e-14,588198.736828
15.0694444444,-1.02625954241e-05,0.599783360958,2.40005660057,-5.11741855007e-05,5.3414809372e-05,20,20,1.89662480354,0.014352267608,41.5200233459,0,0,0,0,2.00283596172e-13,588198.736828
15.0805555556,-1.02625954241e-05,0.599783360958,2.40005660057,-5.11741855007e-05,5.3414809372e-05,20,20,1.89662480354,0.014352267608,41.5200233459,0,0,0,0,2.4731474958e-14,588198.736828
15.0916666667,-1.02625954241e-05,0.599783360958,2.40005660057,-5.11741855007e-05,4.5786920964e-05,20,20,1.89662480354,0.014352267608,41.5200233459,0,0,0,0,3.6825240278e-14,588198.736828
15.1027777778,-1.02625954241e-05,0.599783360958,2.40005660057,-5.11741855007e-05,5.3414809372e-05,20,20,1.89662480354,0.014352267608,41.5200233459,0,0,0,0,2.05908169874e-14,588198.736828
15.1138888889,-1.02625954241e-05,0.599783360958,2.40005660057,-5.11741855007e-05,5.3414809372e-05,20,20,1.89662480354,0.014352267608,41.5200233459,0,0,0,0,1.01204276806e-14,588198.736828
15.125,-1.02625954241e-05,0.599783360958,2.40005660057,-5.11741855007e-05,5.3414809372e-05,20,20,1.89662480354,0.014352267608,41.5200233459,0,0,0,0,2.01898068703e-14,588198.736828
15.1361111111,-1.02625954241e-05,0.599783360958,2.40005660057,-5.11741855007e-05,5.3414809372e-05,20,20,1.89662480354,0.014352267608,41.5200233459,0,0,0,0,1.99393514731e-14,588198.736828
15.1472222222,-1.02625954241e-05,0.599783360958,2.40005660057,-5.11741855007e-05,4.5786920964e-05,20,20,1.89662480354,0.014352267608,41.5200233459,0,0,0,0,2.49133317677e-14,588198.736828
15.1583333333,-1.02625954241e-05,0.599783360958,2.40005660057,-5.11741855007e-05,5.3414809372e-05,20,20,1.89662480354,0.014352267608,41.5200233459,0,0,0,0,7.30893767999e-14,588198.736828
15.1694444444,-1.02625954241e-05,0.599783360958,2.40005660057,-5.11741855007e-05,5.3414809372e-05,20,20,1.89662480354,0.014352267608,41.5200233459,0,0,0,0,2.56363388227e-14,588198.736828
15.1805555556,-1.02625954241e-05,0.599783360958,2.40005660057,-5.11741855007e-05,5.3414809372e-05,20,20,1.89662480354,0.014352267608,41.5200233459,0,0,0,0,1.87528530738e-14,588198.736828
15.1916666667,-1.02625954241e-05,0.599783360958,2.40005660057,-5.11741855007e-05,5.3414809372e-05,20,20,1.89662480354,0.014352267608,41.5200233459,0,0,0,0,8.11638086656e-15,588198.736828
15.2027777778,-1.02625954241e-05,0.599783360958,2.40005660057,-5.11741855007e-05,4.5786920964e-05,20,20,1.89662480354,0.014352267608,41.5200233459,0,0,0,0,8.73825445216e-15,588198.736828
15.2138888889,-1.02625954241e-05,0.599783360958,2.40005660057,-5.11741855007e-05,5.3414809372e-05,20,20,1.89662480354,0.014352267608,41.5200233459,0,0,0,0,5.42814572668e-15,588198.736828
15.225,-1.02625954241e-05,0.599783360958,2.40005660057,-5.11741855007e-05,5.3414809372e-05,20,20,1.89662480354,0.014352267608,41.5200233459,0,0,0,0,8.05765662129e-15,588198.736828
15.2361111111,-1.02625954241e-05,0.599783360958,2.40005660057,-5.11741855007e-05,4.5786920964e-05,20,20,1.89662480354,0.014352267608,41.5200233459,0,0,0,0,1.13491500413e-13,588198.736828
15.2472222222,-1.02625954241e-05,0.599783360958,2.40005660057,-5.11741855007e-05,5.3414809372e-05,20,20,1.89662480354,0.014352267608,41.5200233459,0,0,0,0,5.67912822606e-14,588198.736828
15.2583333333,-1.02625954241e-05,0.599783360958,2.40005660057,-5.11741855007e-05,5.3414809372e-05,20,20,1.89662480354,0.014352267608,41.5200233459,0,0,0,0,8.09182123917e-15,588198.736828
15.2694444444,-1.02625954241e-05,0.599783360958,2.40005660057,-5.11741855007e-05,5.3414809372e-05,20,20,1.89662480354,0.014352267608,41.5200233459,0,0,0,0,1.02583827668e-14,588198.736828
15.2805555556,-1.02625954241e-05,0.599783360958,2.40005660057,-5.11741855007e-05,5.3414809372e-05,20,20,1.89662480354,0.014352267608,41.5200233459,0,0,0,0,2.87190305298e-14,588198.736828
15.2916666667,-1.02625954241e-05,0.599783360958,2.40005660057,-5.11741855007e-05,4.5786920964e-05,20,20,1.89662480354,0.014352267608,41.5200233459,0,0,0,0,9.00901544218e-14,588198.736828
15.3027777778,-1.02625954241e-05,0.599783360958,2.40005660057,-5.11741855007e-05,5.3414809372e-05,20,20,1.89662480354,0.014352267608,41.5200233459,0,0,0,0,8.03855965062e-14,588198.736828
15.3138888889,-1.02625954241e-05,0.599783360958,2.40005660057,-5.11741855007e-05,5.3414809372e-05,20,20,1.89662480354,0.014352267608,41.5200233459,0,0,0,0,1.09880125603e-13,588198.736828
15.325,-1.02625954241e-05,0.599783360958,2.40005660057,-5.11741855007e-05,5.3414809372e-05,20,20,1.89662480354,0.014352267608,41.5200233459,0,0,0,0,6.67129403283e-14,588198.736828
15.3361111111,-1.02625954241e-05,0.599783360958,2.40005660057,-5.11741855007e-05,5.3414809372e-05,20,20,1.89662480354,0.014352267608,41.5200233459,0,0,0,0,2.95099298417e-14,588198.736828
15.3472222222,-1.02625954241e-05,0.599783360958,2.40005660057,-5.11741855007e-05,4.5786920964e-05,20,20,1.89662480354,0.014352267608,41.5200233459,0,0,0,0,1.08303272166e-13,588198.736828
15.3583333333,-1.02625954241e-05,0.599783360958,2.40005660057,-5.11741855007e-05,5.3414809372e-05,20,20,1.89662480354,0.014352267608,41.5200233459,0,0,0,0,8.37438463148e-14,588198.736828
15.3694444444,-1.02625954241e-05,0.599783360958,2.40005660057,-5.11741855007e-05,5.3414809372e-05,20,20,1.89662480354,0.014352267608,41.5200233459,0,0,0,0,4.31048578127e-14,588198.736828
15.3805555556,-1.02625954241e-05,0.599783360958,2.40005660057,-5.11741855007e-05,4.5786920964e-05,20,20,1.89662480354,0.014352267608,41.5200233459,0,0,0,0,2.08891815871e-14,588198.736828
15.3916666667,-1.02625954241e-05,0.599783360958,2.40005660057,-5.11741855007e-05,5.3414809372e-05,20,20,1.89662480354,0.014352267608,41.5200233459,0,0,0,0,2.42744213325e-14,588198.736828
15.4027777778,-1.02625954241e-05,0.599783360958,2.40005660057,-5.11741855007e-05,5.3414809372e-05,20,20,1.89662480354,0.014352267608,41.5200233459,0,0,0,0,4.25842822384e-14,588198.736828
15.4138888889,-1.02625954241e-05,0.599783360958,2.40005660057,-5.11741855007e-05,5.3414809372e-05,20,20,1.89662480354,0.014352267608,41.5200233459,0,0,0,0,5.02772224954e-14,588198.736828
15.425,-1.02625954241e-05,0.599783360958,2.40005660057,-5.11741855007e-05,5.3414809372e-05,20,20,1.89662480354,0.014352267608,41.5200233459,0,0,0,0,7.04185659092e-14,588198.736828
15.4361111111,-1.02625954241e-05,0.599783360958,2.40005660057,-5.11741855007e-05,4.5786920964e-05,20,20,1.89662480354,0.014352267608,41.5200233459,0,0,0,0,8.98232952276e-14,588198.736828
15.4472222222,-1.02625954241e-05,0.599783360958,2.40005660057,-5.11741855007e-05,5.3414809372e-05,20,20,1.89662480354,0.014352267608,41.5200233459,0,0,0,0,1.68073708456e-14,588198.736828
15.4583333333,-1.02625954241e-05,0.599783360958,2.40005660057,-5.11741855007e-05,5.3414809372e-05,20,20,1.89662480354,0.014352267608,41.5200233459,0,0,0,0,5.74607645029e-15,588198.736828
15.4694444444,-1.02625954241e-05,0.599783360958,2.40005660057,-5.11741855007e-05,5.3414809372e-05,20,20,1.89662480354,0.014352267608,41.5200233459,0,0,0,0,2.04133720097e-14,588198.736828
15.4805555556,-1.02625954241e-05,0.599783360958,2.40005660057,-5.11741855007e-05,5.3414809372e-05,20,20,1.89662480354,0.014352267608,41.5200233459,0,0,0,0,2.02785057242e-14,588198.736828
15.4916666667,-1.02625954241e-05,0.599783360958,2.40005660057,-5.11741855007e-05,4.5786920964e-05,20,20,1.89662480354,0.014352267608,41.5200233459,0,0,0,0,2.34454609335e-14,588198.736828
15.5027777778,-1.02625954241e-05,0.599783360958,2.40005660057,-5.11741855007e-05,5.3414809372e-05,20,20,1.89662480354,0.014352267608,41.5200233459,0,0,0,0,6.31975564459e-14,588198.736828
15.5138888889,-1.02625954241e-05,0.599783360958,2.40005660057,-5.11741855007e-05,5.3414809372e-05,20,20,1.89662480354,0.014352267608,41.5200233459,0,0,0,0,6.45766443918e-14,588198.736828
15.525,-1.02625954241e-05,0.599783360958,2.40005660057,-5.11741855007e-05,4.5786920964e-05,20,20,1.89662480354,0.014352267608,41.5200233459,0,0,0,0,2.5333912717e-14,588198.736828
15.5361111111,-1.02625954241e-05,0.599783360958,2.40005660057,-5.11741855007e-05,5.3414809372e-05,20,20,1.89662480354,0.014352267608,41.5200233459,0,0,0,0,1.32145438668e-14,588198.736828
15.5472222222,-1.02625954241e-05,0.599783360958,2.40005660057,-5.11741855007e-05,5.3414809372e-05,20,20,1.89662480354,0.014352267608,41.5200233459,0,0,0,0,4.71337391848e-14,588198.736828
15.5583333333,-1.02625954241e-05,0.599783360958,2.40005660057,-5.11741855007e-05,5.3414809372e-05,20,20,1.89662480354,0.014352267608,41.5200233459,0,0,0,0,6.73532295661e-14,588198.736828
15.5694444444,-1.02625954241e-05,0.599783360958,2.40005660057,-5.11741855007e-05,5.3414809372e-05,20,20,1.89662480354,0.014352267608,41.5200233459,0,0,0,0,1.33255622775e-13,588198.736828
15.5805555556,-1.02625954241e-05,0.599783360958,2.40005660057,-5.11741855007e-05,4.5786920964e-05,20,20,1.89662480354,0.014352267608,41.5200233459,0,0,0,0,6.56818506612e-14,588198.736828
15.5916666667,-1.02625954241e-05,0.599783360958,2.40005660057,-5.11741855007e-05,5.3414809372e-05,20,20,1.89662480354,0.014352267608,41.5200233459,0,0,0,0,5.28094107376e-14,588198.736828
15.6027777778,-1.02625954241e-05,0.599783360958,2.40005660057,-5.11741855007e-05,5.3414809372e-05,20,20,1.89662480354,0.014352267608,41.5200233459,0,0,0,0,2.18172490403e-14,588198.736828
15.6138888889,-1.02625954241e-05,0.599783360958,2.40005660057,-5.11741855007e-05,5.3414809372e-05,20,20,1.89662480354,0.014352267608,41.5200233459,0,0,0,0,3.01098568747e-14,588198.736828
15.625,-1.02625954241e-05,0.599783360958,2.40005660057,-5.11741855007e-05,5.3414809372e-05,20,20,1.89662480354,0.014352267608,41.5200233459,0,0,0,0,2.07821033071e-14,588198.736828
15.6361111111,-1.02625954241e-05,0.599783360958,2.40005660057,-5.11741855007e-05,4.5786920964e-05,20,20,1.89662480354,0.014352267608,41.5200233459,0,0,0,0,2.78847753557e-14,588198.736828
15.6472222222,-1.02625954241e-05,0.599783360958,2.40005660057,-5.11741855007e-05,5.3414809372e-05,20,20,1.89662480354,0.014352267608,41.5200233459,0,0,0,0,1.71650646096e-13,588198.736828
15.6583333333,-1.02625954241e-05,0.599783360958,2.40005660057,-5.11741855007e-05,5.3414809372e-05,20,20,1.89662480354,0.014352267608,41.5200233459,0,0,0,0,1.42839465102e-13,588198.736828
15.6694444444,-1.02625954241e-05,0.599783360958,2.40005660057,-5.11741855007e-05,4.5786920964e-05,20,20,1.89662480354,0.014352267608,41.5200233459,0,0,0,0,2.21981460175e-13,588198.736828
15.6805555556,-1.02625954241e-05,0.599783360958,2.40005660057,-5.11741855007e-05,5.3414809372e-05,20,20,1.89662480354,0.014352267608,41.5200233459,0,0,0,0,3.31923137706e-14,588198.736828
15.6916666667,-1.02625954241e-05,0.599783360958,2.40005660057,-5.11741855007e-05,5.3414809372e-05,20,20,1.89662480354,0.014352267608,41.5200233459,0,0,0,0,7.90839580078e-15,588198.736828
15.7027777778,-1.02625954241e-05,0.599783360958,2.40005660057,-5.11741855007e-05,5.3414809372e-05,20,20,1.89662480354,0.014352267608,41.5200233459,0,0,0,0,3.36776761998e-14,588198.736828
15.7138888889,-1.02625954241e-05,0.599783360958,2.40005660057,-5.11741855007e-05,5.3414809372e-05,20,20,1.89662480354,0.014352267608,41.5200233459,0,0,0,0,5.53999583192e-14,588198.736828
15.725,-1.02625954241e-05,0.599783360958,2.40005660057,-5.11741855007e-05,4.5786920964e-05,20,20,1.89662480354,0.014352267608,41.5200233459,0,0,0,0,2.30099868915e-14,588198.736828
15.7361111111,-1.02625954241e-05,0.599783360958,2.40005660057,-5.11741855007e-05,5.3414809372e-05,20,20,1.89662480354,0.014352267608,41.5200233459,0,0,0,0,7.7568726303e-14,588198.736828
15.7472222222,-1.02625954241e-05,0.599783360958,2.40005660057,-5.11741855007e-05,5.3414809372e-05,20,20,1.89662480354,0.014352267608,41.5200233459,0,0,0,0,5.70257739674e-14,588198.736828
15.7583333333,-1.02625954241e-05,0.599783360958,2.40005660057,-5.11741855007e-05,5.3414809372e-05,20,20,1.89662480354,0.014352267608,41.5200233459,0,0,0,0,3.12573062518e-14,588198.736828
15.7694444444,-1.02625954241e-05,0.599783360958,2.40005660057,-5.11741855007e-05,5.3414809372e-05,20,20,1.89662480354,0.014352267608,41.5200233459,0,0,0,0,2.96966226462e-14,588198.736828
15.7805555556,-1.02625954241e-05,0.599783360958,2.40005660057,-5.11741855007e-05,4.5786920964e-05,20,20,1.89662480354,0.014352267608,41.5200233459,0,0,0,0,8.05263525292e-14,588198.736828
15.7916666667,-1.02625954241e-05,0.599783360958,2.40005660057,-5.11741855007e-05,5.3414809372e-05,20,20,1.89662480354,0.014352267608,41.5200233459,0,0,0,0,6.67501417789e-14,588198.736828
15.8027777778,-1.02625954241e-05,0.599783360958,2.40005660057,-5.11741855007e-05,5.3414809372e-05,20,20,1.89662480354,0.014352267608,41.5200233459,0,0,0,0,7.79765190083e-14,588198.736828
15.8138888889,-1.02625954241e-05,0.599783360958,2.40005660057,-5.11741855007e-05,4.5786920964e-05,20,20,1.89662480354,0.014352267608,41.5200233459,0,0,0,0,2.25429299358e-14,588198.736828
15.825,-1.02625954241e-05,0.599783360958,2.40005660057,-5.11741855007e-05,5.3414809372e-05,20,20,1.89662480354,0.014352267608,41.5200233459,0,0,0,0,4.61095439136e-14,588198.736828
15.8361111111,-1.02625954241e-05,0.599783360958,2.40005660057,-5.11741855007e-05,5.3414809372e-05,20,20,1.89662480354,0.014352267608,41.5200233459,0,0,0,0,8.46428844017e-14,588198.736828
15.8472222222,-1.02625954241e-05,0.599783360958,2.40005660057,-5.11741855007e-05,5.3414809372e-05,20,20,1.89662480354,0.014352267608,41.5200233459,0,0,0,0,7.0702909318e-14,588198.736828
15.8583333333,-1.02625954241e-05,0.599783360958,2.40005660057,-5.11741855007e-05,5.3414809372e-05,20,20,1.89662480354,0.014352267608,41.5200233459,0,0,0,0,5.81165756793e-14,588198.736828
15.8694444444,-1.02625954241e-05,0.599783360958,2.40005660057,-5.11741855007e-05,4.5786920964e-05,20,20,1.89662480354,0.014352267608,41.5200233459,0,0,0,0,2.35799993039e-14,588198.736828
15.8805555556,-1.02625954241e-05,0.599783360958,2.40005660057,-5.11741855007e-05,5.3414809372e-05,20,20,1.89662480354,0.014352267608,41.5200233459,0,0,0,0,2.1497219523e-14,588198.736828
15.8916666667,-1.02625954241e-05,0.599783360958,2.40005660057,-5.11741855007e-05,5.3414809372e-05,20,20,1.89662480354,0.014352267608,41.5200233459,0,0,0,0,2.07525462295e-14,588198.736828
15.9027777778,-1.02625954241e-05,0.599783360958,2.40005660057,-5.11741855007e-05,5.3414809372e-05,20,20,1.89662480354,0.014352267608,41.5200233459,0,0,0,0,1.17025601147e-13,588198.736828
15.9138888889,-1.02625954241e-05,0.599783360958,2.40005660057,-5.11741855007e-05,5.3414809372e-05,20,20,1.89662480354,0.014352267608,41.5200233459,0,0,0,0,5.29728965249e-14,588198.736828
15.925,-1.02625954241e-05,0.599783360958,2.40005660057,-5.11741855007e-05,4.5786920964e-05,20,20,1.89662480354,0.014352267608,41.5200233459,0,0,0,0,9.32205773862e-14,588198.736828
15.9361111111,-1.02625954241e-05,0.599783360958,2.40005660057,-5.11741855007e-05,5.3414809372e-05,20,20,1.89662480354,0.014352267608,41.5200233459,0,0,0,0,7.92891346323e-14,588198.736828
15.9472222222,-1.02625954241e-05,0.599783360958,2.40005660057,-5.11741855007e-05,5.3414809372e-05,20,20,1.89662480354,0.014352267608,41.5200233459,0,0,0,0,5.30081813881e-14,588198.736828
15.9583333333,-1.02625954241e-05,0.599783360958,2.40005660057,-5.11741855007e-05,4.5786920964e-05,20,20,1.89662480354,0.014352267608,41.5200233459,0,0,0,0,2.45924437194e-14,588198.736828
15.9694444444,-1.02625954241e-05,0.599783360958,2.40005660057,-5.11741855007e-05,5.3414809372e-05,20,20,1.89662480354,0.014352267608,41.5200233459,0,0,0,0,1.85616672886e-14,588198.736828
15.9805555556,-1.02625954241e-05,0.599783360958,2.40005660057,-5.11741855007e-05,5.3414809372e-05,20,20,1.89662480354,0.014352267608,41.5200233459,0,0,0,0,9.20167484405e-14,588198.736828
15.9916666667,-1.02625954241e-05,0.599783360958,2.40005660057,-5.11741855007e-05,5.3414809372e-05,20,20,1.89662480354,0.014352267608,41.5200233459,0,0,0,0,9.14486223847e-14,588198.736828
16.0027777778,-1.02625954241e-05,0.599783360958,2.40005660057,-5.11741855007e-05,5.3414809372e-05,20,20,1.89662480354,0.014352267608,41.5200233459,0,0,0,0,9.34438577058e-14,588198.736828
16.0138888889,-1.02625954241e-05,0.599783360958,2.40005660057,-5.11741855007e-05,4.5786920964e-05,20,20,1.89662480354,0.014352267608,41.5200233459,0,0,0,0,1.70399753404e-14,588198.736828
16.025,-1.02625954241e-05,0.599783360958,2.40005660057,-5.11741855007e-05,5.3414809372e-05,20,20,1.89662480354,0.014352267608,41.5200233459,0,0,0,0,1.44389964368e-14,588198.736828
16.0361111111,-1.02625954241e-05,0.599783360958,2.40005660057,-5.11741855007e-05,5.3414809372e-05,20,20,1.89662480354,0.014352267608,41.5200233459,0,0,0,0,3.17574885343e-14,588198.736828
16.0472222222,-1.02625954241e-05,0.599783360958,2.40005660057,-5.11741855007e-05,5.3414809372e-05,20,20,1.89662480354,0.014352267608,41.5200233459,0,0,0,0,1.87648362527e-14,588198.736828
16.0583333333,-1.02625954241e-05,0.599783360958,2.40005660057,-5.11741855007e-05,5.3414809372e-05,20,20,1.89662480354,0.014352267608,41.5200233459,0,0,0,0,7.85507756782e-14,588198.736828
16.0694444444,-1.02625954241e-05,0.599783360958,2.40005660057,-5.11741855007e-05,4.5786920964e-05,20,20,1.89662480354,0.014352267608,41.5200233459,0,0,0,0,1.51338746622e-13,588198.736828
16.0805555556,-1.02625954241e-05,0.599783360958,2.40005660057,-5.11741855007e-05,5.3414809372e-05,20,20,1.89662480354,0.014352267608,41.5200233459,0,0,0,0,2.34491984149e-13,588198.736828
16.0916666667,-1.02625954241e-05,0.599783360958,2.40005660057,-5.11741855007e-05,5.3414809372e-05,20,20,1.89662480354,0.014352267608,41.5200233459,0,0,0,0,1.96070390537e-13,588198.736828
16.1027777778,-1.02625954241e-05,0.599783360958,2.40005660057,-5.11741855007e-05,4.5786920964e-05,20,20,1.89662480354,0.014352267608,41.5200233459,0,0,0,0,1.69029846458e-13,588198.736828
16.1138888889,-1.02625954241e-05,0.599783360958,2.40005660057,-5.11741855007e-05,5.3414809372e-05,20,20,1.89662480354,0.014352267608,41.5200233459,0,0,0,0,2.31111055286e-14,588198.736828
16.125,-1.02625954241e-05,0.599783360958,2.40005660057,-5.11741855007e-05,5.3414809372e-05,20,20,1.89662480354,0.014352267608,41.5200233459,0,0,0,0,1.42632395162e-14,588198.736828
16.1361111111,-1.02625954241e-05,0.599783360958,2.40005660057,-5.11741855007e-05,5.3414809372e-05,20,20,1.89662480354,0.014352267608,41.5200233459,0,0,0,0,3.35178050544e-14,588198.736828
16.1472222222,-1.02625954241e-05,0.599783360958,2.40005660057,-5.11741855007e-05,5.3414809372e-05,20,20,1.89662480354,0.014352267608,41.5200233459,0,0,0,0,4.11848791409e-14,588198.736828
16.1583333333,-1.02625954241e-05,0.599783360958,2.40005660057,-5.11741855007e-05,4.5786920964e-05,20,20,1.89662480354,0.014352267608,41.5200233459,0,0,0,0,1.10833059106e-13,588198.736828
16.1694444444,-1.02625954241e-05,0.599783360958,2.40005660057,-5.11741855007e-05,5.3414809372e-05,20,20,1.89662480354,0.014352267608,41.5200233459,0,0,0,0,2.20327617734e-13,588198.736828
16.1805555556,-1.02625954241e-05,0.599783360958,2.40005660057,-5.11741855007e-05,5.3414809372e-05,20,20,1.89662480354,0.014352267608,41.5200233459,0,0,0,0,6.65738797659e-13,588198.736828
16.1916666667,-1.02625954241e-05,0.599783360958,2.40005660057,-5.11741855007e-05,5.3414809372e-05,20,20,1.89662480354,0.014352267608,41.5200233459,0,0,0,0,5.5481793094e-13,588198.736828
16.2027777778,-1.02625954241e-05,0.599783360958,2.40005660057,-5.11741855007e-05,5.3414809372e-05,20,20,1.89662480354,0.014352267608,41.5200233459,0,0,0,0,6.53097095241e-13,588198.736828
16.2138888889,-1.02625954241e-05,0.599783360958,2.40005660057,-5.11741855007e-05,4.5786920964e-05,20,20,1.89662480354,0.014352267608,41.5200233459,0,0,0,0,2.67180985079e-13,588198.736828
16.225,-1.02625954241e-05,0.599783360958,2.40005660057,-5.11741855007e-05,5.3414809372e-05,20,20,1.89662480354,0.014352267608,41.5200233459,0,0,0,0,1.36729096848e-13,588198.736828
16.2361111111,-1.02625954241e-05,0.599783360958,2.40005660057,-5.11741855007e-05,5.3414809372e-05,20,20,1.89662480354,0.014352267608,41.5200233459,0,0,0,0,1.67279454171e-13,588198.736828
16.2472222222,-1.02625954241e-05,0.599783360958,2.40005660057,-5.11741855007e-05,4.5786920964e-05,20,20,1.89662480354,0.014352267608,41.5200233459,0,0,0,0,6.18667640593e-14,588198.736828
16.2583333333,-1.02625954241e-05,0.599783360958,2.40005660057,-5.11741855007e-05,5.3414809372e-05,20,20,1.89662480354,0.014352267608,41.5200233459,0,0,0,0,2.94540870596e-14,588198.736828
16.2694444444,-1.02625954241e-05,0.599783360958,2.40005660057,-5.11741855007e-05,5.3414809372e-05,20,20,1.89662480354,0.014352267608,41.5200233459,0,0,0,0,4.78469044603e-14,588198.736828
16.2805555556,-1.02625954241e-05,0.599783360958,2.40005660057,-5.11741855007e-05,5.3414809372e-05,20,20,1.89662480354,0.014352267608,41.5200233459,0,0,0,0,1.03501538082e-14,588198.736828
16.2916666667,-1.02625954241e-05,0.599783360958,2.40005660057,-5.11741855007e-05,5.3414809372e-05,20,20,1.89662480354,0.014352267608,41.5200233459,0,0,0,0,1.40204011483e-14,588198.736828
16.3027777778,-1.02625954241e-05,0.599783360958,2.40005660057,-5.11741855007e-05,4.5786920964e-05,20,20,1.89662480354,0.014352267608,41.5200233459,0,0,0,0,4.57566935277e-15,588198.736828
16.3138888889,-1.02625954241e-05,0.599783360958,2.40005660057,-5.11741855007e-05,5.3414809372e-05,20,20,1.89662480354,0.014352267608,41.5200233459,0,0,0,0,1.94584155564e-14,588198.736828
16.325,-1.02625954241e-05,0.599783360958,2.40005660057,-5.11741855007e-05,5.3414809372e-05,20,20,1.89662480354,0.014352267608,41.5200233459,0,0,0,0,6.43351883662e-14,588198.736828
16.3361111111,-1.02625954241e-05,0.599783360958,2.40005660057,-5.11741855007e-05,5.3414809372e-05,20,20,1.89662480354,0.014352267608,41.5200233459,0,0,0,0,1.95006909348e-14,588198.736828
16.3472222222,-1.02625954241e-05,0.599783360958,2.40005660057,-5.11741855007e-05,5.3414809372e-05,20,20,1.89662480354,0.014352267608,41.5200233459,0,0,0,0,1.24778418822e-14,588198.736828
16.3583333333,-1.02625954241e-05,0.599783360958,2.40005660057,-5.11741855007e-05,4.5786920964e-05,20,20,1.89662480354,0.014352267608,41.5200233459,0,0,0,0,1.90918316421e-14,588198.736828
16.3694444444,-1.02625954241e-05,0.599783360958,2.40005660057,-5.11741855007e-05,5.3414809372e-05,20,20,1.89662480354,0.014352267608,41.5200233459,0,0,0,0,3.15419873509e-14,588198.736828
16.3805555556,-1.02625954241e-05,0.599783360958,2.40005660057,-5.11741855007e-05,5.3414809372e-05,20,20,1.89662480354,0.014352267608,41.5200233459,0,0,0,0,2.69014019156e-14,588198.736828
16.3916666667,-1.02625954241e-05,0.599783360958,2.40005660057,-5.11741855007e-05,4.5786920964e-05,20,20,1.89662480354,0.014352267608,41.5200233459,0,0,0,0,1.15210918012e-13,588198.736828
16.4027777778,-1.02625954241e-05,0.599783360958,2.40005660057,-5.11741855007e-05,5.3414809372e-05,20,20,1.89662480354,0.014352267608,41.5200233459,0,0,0,0,1.48062763924e-13,588198.736828
16.4138888889,-1.02625954241e-05,0.599783360958,2.40005660057,-5.11741855007e-05,5.3414809372e-05,20,20,1.89662480354,0.014352267608,41.5200233459,0,0,0,0,2.92665230007e-13,588198.736828
16.425,-1.02625954241e-05,0.599783360958,2.40005660057,-5.11741855007e-05,5.3414809372e-05,20,20,1.89662480354,0.014352267608,41.5200233459,0,0,0,0,3.6773174965e-13,588198.736828
16.4361111111,-1.02625954241e-05,0.599783360958,2.40005660057,-5.11741855007e-05,5.3414809372e-05,20,20,1.89662480354,0.014352267608,41.5200233459,0,0,0,0,1.34341634915e-13,588198.736828
16.4472222222,-1.02625954241e-05,0.599783360958,2.40005660057,-5.11741855007e-05,4.5786920964e-05,20,20,1.89662480354,0.014352267608,41.5200233459,0,0,0,0,5.03063980231e-14,588198.736828
16.4583333333,-1.02625954241e-05,0.599783360958,2.40005660057,-5.11741855007e-05,5.3414809372e-05,20,20,1.89662480354,0.014352267608,41.5200233459,0,0,0,0,3.39917466557e-14,588198.736828
16.4694444444,-1.02625954241e-05,0.599783360958,2.40005660057,-5.11741855007e-05,5.3414809372e-05,20,20,1.89662480354,0.014352267608,41.5200233459,0,0,0,0,4.16939631507e-14,588198.736828
16.4805555556,-1.02625954241e-05,0.599783360958,2.40005660057,-5.11741855007e-05,5.3414809372e-05,20,20,1.89662480354,0.014352267608,41.5200233459,0,0,0,0,1.93640519367e-13,588198.736828
16.4916666667,-1.02625954241e-05,0.599783360958,2.40005660057,-5.11741855007e-05,5.3414809372e-05,20,20,1.89662480354,0.014352267608,41.5200233459,0,0,0,0,2.34331285526e-14,588198.736828
16.5027777778,-1.02625954241e-05,0.599783360958,2.40005660057,-5.11741855007e-05,4.5786920964e-05,20,20,1.89662480354,0.014352267608,41.5200233459,0,0,0,0,2.63908132827e-14,588198.736828
16.5138888889,-1.02625954241e-05,0.599783360958,2.40005660057,-5.11741855007e-05,5.3414809372e-05,20,20,1.89662480354,0.014352267608,41.5200233459,0,0,0,0,2.36349887484e-14,588198.736828
16.525,-1.02625954241e-05,0.599783360958,2.40005660057,-5.11741855007e-05,5.3414809372e-05,20,20,1.89662480354,0.014352267608,41.5200233459,0,0,0,0,2.7703145386e-14,588198.736828
16.5361111111,-1.02625954241e-05,0.599783360958,2.40005660057,-5.11741855007e-05,4.5786920964e-05,20,20,1.89662480354,0.014352267608,41.5200233459,0,0,0,0,8.80401834331e-14,588198.736828
16.5472222222,-1.02625954241e-05,0.599783360958,2.40005660057,-5.11741855007e-05,5.3414809372e-05,20,20,1.89662480354,0.014352267608,41.5200233459,0,0,0,0,1.35077567417e-13,588198.736828
16.5583333333,-1.02625954241e-05,0.599783360958,2.40005660057,-5.11741855007e-05,5.3414809372e-05,20,20,1.89662480354,0.014352267608,41.5200233459,0,0,0,0,3.50090620171e-13,588198.736828
16.5694444444,-1.02625954241e-05,0.599783360958,2.40005660057,-5.11741855007e-05,5.3414809372e-05,20,20,1.89662480354,0.014352267608,41.5200233459,0,0,0,0,6.79309373586e-13,588198.736828
16.5805555556,-1.02625954241e-05,0.599783360958,2.40005660057,-5.11741855007e-05,5.3414809372e-05,20,20,1.89662480354,0.014352267608,41.5200233459,0,0,0,0,8.20392665934e-13,588198.736828
16.5916666667,-1.02625954241e-05,0.599783360958,2.40005660057,-5.11741855007e-05,4.5786920964e-05,20,20,1.89662480354,0.014352267608,41.5200233459,0,0,0,0,7.30195595129e-13,588198.736828
16.6027777778,-1.02625954241e-05,0.599783360958,2.40005660057,-5.11741855007e-05,5.3414809372e-05,20,20,1.89662480354,0.014352267608,41.5200233459,0,0,0,0,6.08527409994e-13,588198.736828
16.6138888889,-1.02625954241e-05,0.599783360958,2.40005660057,-5.11741855007e-05,5.3414809372e-05,20,20,1.89662480354,0.014352267608,41.5200233459,0,0,0,0,5.4926694457e-13,588198.736828
16.625,-1.02625954241e-05,0.599783360958,2.40005660057,-5.11741855007e-05,5.3414809372e-05,20,20,1.89662480354,0.014352267608,41.5200233459,0,0,0,0,1.96813100439e-13,588198.736828
16.6361111111,-1.02625954241e-05,0.599783360958,2.40005660057,-5.11741855007e-05,5.3414809372e-05,20,20,1.89662480354,0.014352267608,41.5200233459,0,0,0,0,5.41527304789e-14,588198.736828
16.6472222222,-1.02625954241e-05,0.599783360958,2.40005660057,-5.11741855007e-05,4.5786920964e-05,20,20,1.89662480354,0.014352267608,41.5200233459,0,0,0,0,2.16929473682e-14,588198.736828
16.6583333333,-1.02625954241e-05,0.599783360958,2.40005660057,-5.11741855007e-05,5.3414809372e-05,20,20,1.89662480354,0.014352267608,41.5200233459,0,0,0,0,7.08036734194e-14,588198.736828
16.6694444444,-1.02625954241e-05,0.599783360958,2.40005660057,-5.11741855007e-05,5.3414809372e-05,20,20,1.89662480354,0.014352267608,41.5200233459,0,0,0,0,3.73098210563e-14,588198.736828
16.6805555556,-1.02625954241e-05,0.599783360958,2.40005660057,-5.11741855007e-05,4.5786920964e-05,20,20,1.89662480354,0.014352267608,41.5200233459,0,0,0,0,3.66316296628e-14,588198.736828
16.6916666667,-1.02625954241e-05,0.599783360958,2.40005660057,-5.11741855007e-05,5.3414809372e-05,20,20,1.89662480354,0.014352267608,41.5200233459,0,0,0,0,2.84240948457e-14,588198.736828
16.7027777778,-1.02625954241e-05,0.599783360958,2.40005660057,-5.11741855007e-05,5.3414809372e-05,20,20,1.89662480354,0.014352267608,41.5200233459,0,0,0,0,5.10808521758e-14,588198.736828
16.7138888889,-1.02625954241e-05,0.599783360958,2.40005660057,-5.11741855007e-05,5.3414809372e-05,20,20,1.89662480354,0.014352267608,41.5200233459,0,0,0,0,5.72165555957e-14,588198.736828
16.725,-1.02625954241e-05,0.599783360958,2.40005660057,-5.11741855007e-05,5.3414809372e-05,20,20,1.89662480354,0.014352267608,41.5200233459,0,0,0,0,6.68881303797e-14,588198.736828
16.7361111111,-1.02625954241e-05,0.599783360958,2.40005660057,-5.11741855007e-05,4.5786920964e-05,20,20,1.89662480354,0.014352267608,41.5200233459,0,0,0,0,1.03440942879e-13,588198.736828
16.7472222222,-1.02625954241e-05,0.599783360958,2.40005660057,-5.11741855007e-05,5.3414809372e-05,20,20,1.89662480354,0.014352267608,41.5200233459,0,0,0,0,8.25447669948e-14,588198.736828
16.7583333333,-1.02625954241e-05,0.599783360958,2.40005660057,-5.11741855007e-05,5.3414809372e-05,20,20,1.89662480354,0.014352267608,41.5200233459,0,0,0,0,4.28188322742e-14,588198.736828
16.7694444444,-1.02625954241e-05,0.599783360958,2.40005660057,-5.11741855007e-05,5.3414809372e-05,20,20,1.89662480354,0.014352267608,41.5200233459,0,0,0,0,8.84318132333e-15,588198.736828
16.7805555556,-1.02625954241e-05,0.599783360958,2.40005660057,-5.11741855007e-05,5.3414809372e-05,20,20,1.89662480354,0.014352267608,41.5200233459,0,0,0,0,5.11605741985e-15,588198.736828
16.7916666667,-1.02625954241e-05,0.599783360958,2.40005660057,-5.11741855007e-05,4.5786920964e-05,20,20,1.89662480354,0.014352267608,41.5200233459,0,0,0,0,8.62829821793e-14,588198.736828
16.8027777778,-1.02625954241e-05,0.599783360958,2.40005660057,-5.11741855007e-05,5.3414809372e-05,20,20,1.89662480354,0.014352267608,41.5200233459,0,0,0,0,1.21464152379e-13,588198.736828
16.8138888889,-1.02625954241e-05,0.599783360958,2.40005660057,-5.11741855007e-05,5.3414809372e-05,20,20,1.89662480354,0.014352267608,41.5200233459,0,0,0,0,3.33288623488e-14,588198.736828
16.825,-1.02625954241e-05,0.599783360958,2.40005660057,-5.11741855007e-05,4.5786920964e-05,20,20,1.89662480354,0.014352267608,41.5200233459,0,0,0,0,7.43164139865e-14,588198.736828
16.8361111111,-1.02625954241e-05,0.599783360958,2.40005660057,-5.11741855007e-05,5.3414809372e-05,20,20,1.89662480354,0.014352267608,41.5200233459,0,0,0,0,1.64234670803e-13,588198.736828
16.8472222222,-1.02625954241e-05,0.599783360958,2.40005660057,-5.11741855007e-05,5.3414809372e-05,20,20,1.89662480354,0.014352267608,41.5200233459,0,0,0,0,1.48195985107e-13,588198.736828
16.8583333333,-1.02625954241e-05,0.599783360958,2.40005660057,-5.11741855007e-05,5.3414809372e-05,20,20,1.89662480354,0.014352267608,41.5200233459,0,0,0,0,7.70762834355e-14,588198.736828
16.8694444444,-1.02625954241e-05,0.599783360958,2.40005660057,-5.11741855007e-05,5.3414809372e-05,20,20,1.89662480354,0.014352267608,41.5200233459,0,0,0,0,2.57777276856e-14,588198.736828
16.8805555556,-1.02625954241e-05,0.599783360958,2.40005660057,-5.11741855007e-05,4.5786920964e-05,20,20,1.89662480354,0.014352267608,41.5200233459,0,0,0,0,4.04386144469e-14,588198.736828
16.8916666667,-1.02625954241e-05,0.599783360958,2.40005660057,-5.11741855007e-05,5.3414809372e-05,20,20,1.89662480354,0.014352267608,41.5200233459,0,0,0,0,9.89953377985e-14,588198.736828
16.9027777778,-1.02625954241e-05,0.599783360958,2.40005660057,-5.11741855007e-05,5.3414809372e-05,20,20,1.89662480354,0.014352267608,41.5200233459,0,0,0,0,7.32831413169e-14,588198.736828
16.9138888889,-1.02625954241e-05,0.599783360958,2.40005660057,-5.11741855007e-05,5.3414809372e-05,20,20,1.89662480354,0.014352267608,41.5200233459,0,0,0,0,2.40373706345e-14,588198.736828
16.925,-1.02625954241e-05,0.599783360958,2.40005660057,-5.11741855007e-05,5.3414809372e-05,20,20,1.89662480354,0.014352267608,41.5200233459,0,0,0,0,5.88290527326e-14,588198.736828
16.9361111111,-1.02625954241e-05,0.599783360958,2.40005660057,-5.11741855007e-05,4.5786920964e-05,20,20,1.89662480354,0.014352267608,41.5200233459,0,0,0,0,1.12764201796e-13,588198.736828
16.9472222222,-1.02625954241e-05,0.599783360958,2.40005660057,-5.11741855007e-05,5.3414809372e-05,20,20,1.89662480354,0.014352267608,41.5200233459,0,0,0,0,3.6488465403e-14,588198.736828
16.9583333333,-1.02625954241e-05,0.599783360958,2.40005660057,-5.11741855007e-05,5.3414809372e-05,20,20,1.89662480354,0.014352267608,41.5200233459,0,0,0,0,1.40056991712e-14,588198.736828
16.9694444444,-1.02625954241e-05,0.599783360958,2.40005660057,-5.11741855007e-05,4.5786920964e-05,20,20,1.89662480354,0.014352267608,41.5200233459,0,0,0,0,4.96379850664e-14,588198.736828
16.9805555556,-1.02625954241e-05,0.599783360958,2.40005660057,-5.11741855007e-05,5.3414809372e-05,20,20,1.89662480354,0.014352267608,41.5200233459,0,0,0,0,6.24596416526e-14,588198.736828
16.9916666667,-1.02625954241e-05,0.599783360958,2.40005660057,-5.11741855007e-05,5.3414809372e-05,20,20,1.89662480354,0.014352267608,41.5200233459,0,0,0,0,1.35161490799e-14,588198.736828
17.0027777778,-1.02625954241e-05,0.599783360958,2.40005660057,-5.11741855007e-05,5.3414809372e-05,20,20,1.89662480354,0.014352267608,41.5200233459,0,0,0,0,1.47525129153e-14,588198.736828
17.0138888889,-1.02625954241e-05,0.599783360958,2.40005660057,-5.11741855007e-05,5.3414809372e-05,20,20,1.89662480354,0.014352267608,41.5200233459,0,0,0,0,1.40595035786e-14,588198.736828
17.025,-1.02625954241e-05,0.599783360958,2.40005660057,-5.11741855007e-05,4.5786920964e-05,20,20,1.89662480354,0.014352267608,41.5200233459,0,0,0,0,1.1389830685e-14,588198.736828
17.0361111111,-1.02625954241e-05,0.599783360958,2.40005660057,-5.11741855007e-05,5.3414809372e-05,20,20,1.89662480354,0.014352267608,41.5200233459,0,0,0,0,2.36929263041e-14,588198.736828
17.0472222222,-1.02625954241e-05,0.599783360958,2.40005660057,-5.11741855007e-05,5.3414809372e-05,20,20,1.89662480354,0.014352267608,41.5200233459,0,0,0,0,1.89378108128e-14,588198.736828
17.0583333333,-1.02625954241e-05,0.599783360958,2.40005660057,-5.11741855007e-05,5.3414809372e-05,20,20,1.89662480354,0.014352267608,41.5200233459,0,0,0,0,2.15706192952e-14,588198.736828
17.0694444444,-1.02625954241e-05,0.599783360958,2.40005660057,-5.11741855007e-05,5.3414809372e-05,20,20,1.89662480354,0.014352267608,41.5200233459,0,0,0,0,7.88176775863e-15,588198.736828
17.0805555556,-1.02625954241e-05,0.599783360958,2.40005660057,-5.11741855007e-05,4.5786920964e-05,20,20,1.89662480354,0.014352267608,41.5200233459,0,0,0,0,6.71061321729e-14,588198.736828
17.0916666667,-1.02625954241e-05,0.599783360958,2.40005660057,-5.11741855007e-05,5.3414809372e-05,20,20,1.89662480354,0.014352267608,41.5200233459,0,0,0,0,1.82013466438e-14,588198.736828
17.1027777778,-1.02625954241e-05,0.599783360958,2.40005660057,-5.11741855007e-05,5.3414809372e-05,20,20,1.89662480354,0.014352267608,41.5200233459,0,0,0,0,1.73323854971e-14,588198.736828
17.1138888889,-1.02625954241e-05,0.599783360958,2.40005660057,-5.11741855007e-05,4.5786920964e-05,20,20,1.89662480354,0.014352267608,41.5200233459,0,0,0,0,3.7151055064e-14,588198.736828
17.125,-1.02625954241e-05,0.599783360958,2.40005660057,-5.11741855007e-05,5.3414809372e-05,20,20,1.89662480354,0.014352267608,41.5200233459,0,0,0,0,9.40797039673e-14,588198.736828
17.1361111111,-1.02625954241e-05,0.599783360958,2.40005660057,-5.11741855007e-05,5.3414809372e-05,20,20,1.89662480354,0.014352267608,41.5200233459,0,0,0,0,2.09490804262e-13,588198.736828
17.1472222222,-1.02625954241e-05,0.599783360958,2.40005660057,-5.11741855007e-05,5.3414809372e-05,20,20,1.89662480354,0.014352267608,41.5200233459,0,0,0,0,2.50245359191e-13,588198.736828
17.1583333333,-1.02625954241e-05,0.599783360958,2.40005660057,-5.11741855007e-05,5.3414809372e-05,20,20,1.89662480354,0.014352267608,41.5200233459,0,0,0,0,7.04561277676e-14,588198.736828
17.1694444444,-1.02625954241e-05,0.599783360958,2.40005660057,-5.11741855007e-05,4.5786920964e-05,20,20,1.89662480354,0.014352267608,41.5200233459,0,0,0,0,1.31303386712e-13,588198.736828
17.1805555556,-1.02625954241e-05,0.599783360958,2.40005660057,-5.11741855007e-05,5.3414809372e-05,20,20,1.89662480354,0.014352267608,41.5200233459,0,0,0,0,1.56834874153e-13,588198.736828
17.1916666667,-1.02625954241e-05,0.599783360958,2.40005660057,-5.11741855007e-05,5.3414809372e-05,20,20,1.89662480354,0.014352267608,41.5200233459,0,0,0,0,1.25001935396e-13,588198.736828
17.2027777778,-1.02625954241e-05,0.599783360958,2.40005660057,-5.11741855007e-05,5.3414809372e-05,20,20,1.89662480354,0.014352267608,41.5200233459,0,0,0,0,4.10927743725e-14,588198.736828
17.2138888889,-1.02625954241e-05,0.599783360958,2.40005660057,-5.11741855007e-05,5.3414809372e-05,20,20,1.89662480354,0.014352267608,41.5200233459,0,0,0,0,2.61093173685e-13,588198.736828
17.225,-1.02625954241e-05,0.599783360958,2.40005660057,-5.11741855007e-05,4.5786920964e-05,20,20,1.89662480354,0.014352267608,41.5200233459,0,0,0,0,4.71312999224e-13,588198.736828
17.2361111111,-1.02625954241e-05,0.599783360958,2.40005660057,-5.11741855007e-05,5.3414809372e-05,20,20,1.89662480354,0.014352267608,41.5200233459,0,0,0,0,7.26913167116e-13,588198.736828
17.2472222222,-1.02625954241e-05,0.599783360958,2.40005660057,-5.11741855007e-05,5.3414809372e-05,20,20,1.89662480354,0.014352267608,41.5200233459,0,0,0,0,6.31784351437e-13,588198.736828
17.2583333333,-1.02625954241e-05,0.599783360958,2.40005660057,-5.11741855007e-05,4.5786920964e-05,20,20,1.89662480354,0.014352267608,41.5200233459,0,0,0,0,2.9178903726e-13,588198.736828
17.2694444444,-1.02625954241e-05,0.599783360958,2.40005660057,-5.11741855007e-05,5.3414809372e-05,20,20,1.89662480354,0.014352267608,41.5200233459,0,0,0,0,2.54216491105e-13,588198.736828
17.2805555556,-1.02625954241e-05,0.599783360958,2.40005660057,-5.11741855007e-05,5.3414809372e-05,20,20,1.89662480354,0.014352267608,41.5200233459,0,0,0,0,3.44064111509e-14,588198.736828
17.2916666667,-1.02625954241e-05,0.599783360958,2.40005660057,-5.11741855007e-05,5.3414809372e-05,20,20,1.89662480354,0.014352267608,41.5200233459,0,0,0,0,7.7202213142e-14,588198.736828
17.3027777778,-1.02625954241e-05,0.599783360958,2.40005660057,-5.11741855007e-05,5.3414809372e-05,20,20,1.89662480354,0.014352267608,41.5200233459,0,0,0,0,1.81382031653e-14,588198.736828
17.3138888889,-1.02625954241e-05,0.599783360958,2.40005660057,-5.11741855007e-05,4.5786920964e-05,20,20,1.89662480354,0.014352267608,41.5200233459,0,0,0,0,4.46864161558e-14,588198.736828
17.325,-1.02625954241e-05,0.599783360958,2.40005660057,-5.11741855007e-05,5.3414809372e-05,20,20,1.89662480354,0.014352267608,41.5200233459,0,0,0,0,1.94771247013e-14,588198.736828
17.3361111111,-1.02625954241e-05,0.599783360958,2.40005660057,-5.11741855007e-05,5.3414809372e-05,20,20,1.89662480354,0.014352267608,41.5200233459,0,0,0,0,4.50388204182e-14,588198.736828
17.3472222222,-1.02625954241e-05,0.599783360958,2.40005660057,-5.11741855007e-05,5.3414809372e-05,20,20,1.89662480354,0.014352267608,41.5200233459,0,0,0,0,8.71274217479e-14,588198.736828
17.3583333333,-1.02625954241e-05,0.599783360958,2.40005660057,-5.11741855007e-05,5.3414809372e-05,20,20,1.89662480354,0.014352267608,41.5200233459,0,0,0,0,1.85152195326e-13,588198.736828
17.3694444444,-1.02625954241e-05,0.599783360958,2.40005660057,-5.11741855007e-05,4.5786920964e-05,20,20,1.89662480354,0.014352267608,41.5200233459,0,0,0,0,6.95368034008e-14,588198.736828
17.3805555556,-1.02625954241e-05,0.599783360958,2.40005660057,-5.11741855007e-05,5.3414809372e-05,20,20,1.89662480354,0.014352267608,41.5200233459,0,0,0,0,9.24140690712e-14,588198.736828
17.3916666667,-1.02625954241e-05,0.599783360958,2.40005660057,-5.11741855007e-05,5.3414809372e-05,20,20,1.89662480354,0.014352267608,41.5200233459,0,0,0,0,7.3331401961e-14,588198.736828
17.4027777778,-1.02625954241e-05,0.599783360958,2.40005660057,-5.11741855007e-05,4.5786920964e-05,20,20,1.89662480354,0.014352267608,41.5200233459,0,0,0,0,9.61158794845e-15,588198.736828
17.4138888889,-1.02625954241e-05,0.599783360958,2.40005660057,-5.11741855007e-05,5.3414809372e-05,20,20,1.89662480354,0.014352267608,41.5200233459,0,0,0,0,7.50699829944e-15,588198.736828
17.425,-1.02625954241e-05,0.599783360958,2.40005660057,-5.11741855007e-05,5.3414809372e-05,20,20,1.89662480354,0.014352267608,41.5200233459,0,0,0,0,5.06785074108e-14,588198.736828
17.4361111111,-1.02625954241e-05,0.599783360958,2.40005660057,-5.11741855007e-05,5.3414809372e-05,20,20,1.89662480354,0.014352267608,41.5200233459,0,0,0,0,3.96023001863e-14,588198.736828
17.4472222222,-1.02625954241e-05,0.599783360958,2.40005660057,-5.11741855007e-05,5.3414809372e-05,20,20,1.89662480354,0.014352267608,41.5200233459,0,0,0,0,2.29437936467e-14,588198.736828
17.4583333333,-1.02625954241e-05,0.599783360958,2.40005660057,-5.11741855007e-05,4.5786920964e-05,20,20,1.89662480354,0.014352267608,41.5200233459,0,0,0,0,2.91385547862e-14,588198.736828
17.4694444444,-1.02625954241e-05,0.599783360958,2.40005660057,-5.11741855007e-05,5.3414809372e-05,20,20,1.89662480354,0.014352267608,41.5200233459,0,0,0,0,6.83395743724e-14,588198.736828
17.4805555556,-1.02625954241e-05,0.599783360958,2.40005660057,-5.11741855007e-05,5.3414809372e-05,20,20,1.89662480354,0.014352267608,41.5200233459,0,0,0,0,1.84115034516e-13,588198.736828
17.4916666667,-1.02625954241e-05,0.599783360958,2.40005660057,-5.11741855007e-05,5.3414809372e-05,20,20,1.89662480354,0.014352267608,41.5200233459,0,0,0,0,1.343867118e-13,588198.736828
17.5027777778,-1.02625954241e-05,0.599783360958,2.40005660057,-5.11741855007e-05,5.3414809372e-05,20,20,1.89662480354,0.014352267608,41.5200233459,0,0,0,0,2.03255128201e-14,588198.736828
17.5138888889,-1.02625954241e-05,0.599783360958,2.40005660057,-5.11741855007e-05,4.5786920964e-05,20,20,1.89662480354,0.014352267608,41.5200233459,0,0,0,0,5.65789043175e-14,588198.736828
17.525,-1.02625954241e-05,0.599783360958,2.40005660057,-5.11741855007e-05,5.3414809372e-05,20,20,1.89662480354,0.014352267608,41.5200233459,0,0,0,0,5.80452531551e-14,588198.736828
17.5361111111,-1.02625954241e-05,0.599783360958,2.40005660057,-5.11741855007e-05,5.3414809372e-05,20,20,1.89662480354,0.014352267608,41.5200233459,0,0,0,0,2.58565482703e-14,588198.736828
17.5472222222,-1.02625954241e-05,0.599783360958,2.40005660057,-5.11741855007e-05,4.5786920964e-05,20,20,1.89662480354,0.014352267608,41.5200233459,0,0,0,0,7.4042188378e-15,588198.736828
17.5583333333,-1.02625954241e-05,0.599783360958,2.40005660057,-5.11741855007e-05,5.3414809372e-05,20,20,1.89662480354,0.014352267608,41.5200233459,0,0,0,0,7.07598826017e-15,588198.736828
17.5694444444,-1.02625954241e-05,0.599783360958,2.40005660057,-5.11741855007e-05,5.3414809372e-05,20,20,1.89662480354,0.014352267608,41.5200233459,0,0,0,0,2.91901923995e-14,588198.736828
17.5805555556,-1.02625954241e-05,0.599783360958,2.40005660057,-5.11741855007e-05,5.3414809372e-05,20,20,1.89662480354,0.014352267608,41.5200233459,0,0,0,0,6.12136486436e-14,588198.736828
17.5916666667,-1.02625954241e-05,0.599783360958,2.40005660057,-5.11741855007e-05,5.3414809372e-05,20,20,1.89662480354,0.014352267608,41.5200233459,0,0,0,0,2.23065126506e-14,588198.736828
17.6027777778,-1.02625954241e-05,0.599783360958,2.40005660057,-5.11741855007e-05,4.5786920964e-05,20,20,1.89662480354,0.014352267608,41.5200233459,0,0,0,0,1.29496409519e-13,588198.736828
17.6138888889,-1.02625954241e-05,0.599783360958,2.40005660057,-5.11741855007e-05,5.3414809372e-05,20,20,1.89662480354,0.014352267608,41.5200233459,0,0,0,0,6.78547493764e-14,588198.736828
17.625,-1.02625954241e-05,0.599783360958,2.40005660057,-5.11741855007e-05,5.3414809372e-05,20,20,1.89662480354,0.014352267608,41.5200233459,0,0,0,0,7.21936268331e-14,588198.736828
17.6361111111,-1.02625954241e-05,0.599783360958,2.40005660057,-5.11741855007e-05,5.3414809372e-05,20,20,1.89662480354,0.014352267608,41.5200233459,0,0,0,0,1.00472947544e-13,588198.736828
17.6472222222,-1.02625954241e-05,0.599783360958,2.40005660057,-5.11741855007e-05,5.3414809372e-05,20,20,1.89662480354,0.014352267608,41.5200233459,0,0,0,0,3.24023398e-14,588198.736828
17.6583333333,-1.02625954241e-05,0.599783360958,2.40005660057,-5.11741855007e-05,4.5786920964e-05,20,20,1.89662480354,0.014352267608,41.5200233459,0,0,0,0,1.76969335647e-13,588198.736828
17.6694444444,-1.02625954241e-05,0.599783360958,2.40005660057,-5.11741855007e-05,5.3414809372e-05,20,20,1.89662480354,0.014352267608,41.5200233459,0,0,0,0,4.59185750807e-13,588198.736828
17.6805555556,-1.02625954241e-05,0.599783360958,2.40005660057,-5.11741855007e-05,5.3414809372e-05,20,20,1.89662480354,0.014352267608,41.5200233459,0,0,0,0,9.40526859292e-13,588198.736828
17.6916666667,-1.02625954241e-05,0.599783360958,2.40005660057,-5.11741855007e-05,4.5786920964e-05,20,20,1.89662480354,0.014352267608,41.5200233459,0,0,0,0,6.94611719723e-13,588198.736828
17.7027777778,-1.02625954241e-05,0.599783360958,2.40005660057,-5.11741855007e-05,5.3414809372e-05,20,20,1.89662480354,0.014352267608,41.5200233459,0,0,0,0,4.42203037284e-13,588198.736828
17.7138888889,-1.02625954241e-05,0.599783360958,2.40005660057,-5.11741855007e-05,5.3414809372e-05,20,20,1.89662480354,0.014352267608,41.5200233459,0,0,0,0,1.09434896038e-13,588198.736828
17.725,-1.02625954241e-05,0.599783360958,2.40005660057,-5.11741855007e-05,5.3414809372e-05,20,20,1.89662480354,0.014352267608,41.5200233459,0,0,0,0,1.49454904994e-14,588198.736828
17.7361111111,-1.02625954241e-05,0.599783360958,2.40005660057,-5.11741855007e-05,5.3414809372e-05,20,20,1.89662480354,0.014352267608,41.5200233459,0,0,0,0,1.6461520088e-14,588198.736828
17.7472222222,-1.02625954241e-05,0.599783360958,2.40005660057,-5.11741855007e-05,4.5786920964e-05,20,20,1.89662480354,0.014352267608,41.5200233459,0,0,0,0,1.38238649644e-13,588198.736828
17.7583333333,-1.02625954241e-05,0.599783360958,2.40005660057,-5.11741855007e-05,5.3414809372e-05,20,20,1.89662480354,0.014352267608,41.5200233459,0,0,0,0,6.15341797059e-14,588198.736828
17.7694444444,-1.02625954241e-05,0.599783360958,2.40005660057,-5.11741855007e-05,5.3414809372e-05,20,20,1.89662480354,0.014352267608,41.5200233459,0,0,0,0,8.02025849431e-14,588198.736828
17.7805555556,-1.02625954241e-05,0.599783360958,2.40005660057,-5.11741855007e-05,5.3414809372e-05,20,20,1.89662480354,0.014352267608,41.5200233459,0,0,0,0,1.44716874394e-13,588198.736828
17.7916666667,-1.02625954241e-05,0.599783360958,2.40005660057,-5.11741855007e-05,5.3414809372e-05,20,20,1.89662480354,0.014352267608,41.5200233459,0,0,0,0,1.0734781301e-13,588198.736828
17.8027777778,-1.02625954241e-05,0.599783360958,2.40005660057,-5.11741855007e-05,4.5786920964e-05,20,20,1.89662480354,0.014352267608,41.5200233459,0,0,0,0,6.38729528604e-14,588198.736828
17.8138888889,-1.02625954241e-05,0.599783360958,2.40005660057,-5.11741855007e-05,5.3414809372e-05,20,20,1.89662480354,0.014352267608,41.5200233459,0,0,0,0,1.73168429819e-13,588198.736828
17.825,-1.02625954241e-05,0.599783360958,2.40005660057,-5.11741855007e-05,5.3414809372e-05,20,20,1.89662480354,0.014352267608,41.5200233459,0,0,0,0,1.00597944513e-13,588198.736828
17.8361111111,-1.02625954241e-05,0.599783360958,2.40005660057,-5.11741855007e-05,4.5786920964e-05,20,20,1.89662480354,0.014352267608,41.5200233459,0,0,0,0,3.22596105767e-14,588198.736828
17.8472222222,-1.02625954241e-05,0.599783360958,2.40005660057,-5.11741855007e-05,5.3414809372e-05,20,20,1.89662480354,0.014352267608,41.5200233459,0,0,0,0,2.25262048974e-13,588198.736828
17.8583333333,-1.02625954241e-05,0.599783360958,2.40005660057,-5.11741855007e-05,5.3414809372e-05,20,20,1.89662480354,0.014352267608,41.5200233459,0,0,0,0,2.46934130701e-13,588198.736828
17.8694444444,-1.02625954241e-05,0.599783360958,2.40005660057,-5.11741855007e-05,5.3414809372e-05,20,20,1.89662480354,0.014352267608,41.5200233459,0,0,0,0,1.52089341237e-13,588198.736828
17.8805555556,-1.02625954241e-05,0.599783360958,2.40005660057,-5.11741855007e-05,5.3414809372e-05,20,20,1.89662480354,0.014352267608,41.5200233459,0,0,0,0,1.4182295456e-13,588198.736828
17.8916666667,-1.02625954241e-05,0.599783360958,2.40005660057,-5.11741855007e-05,4.5786920964e-05,20,20,1.89662480354,0.014352267608,41.5200233459,0,0,0,0,6.89429534674e-14,588198.736828
17.9027777778,-1.02625954241e-05,0.599783360958,2.40005660057,-5.11741855007e-05,5.3414809372e-05,20,20,1.89662480354,0.014352267608,41.5200233459,0,0,0,0,1.76976571912e-14,588198.736828
17.9138888889,-1.02625954241e-05,0.599783360958,2.40005660057,-5.11741855007e-05,5.3414809372e-05,20,20,1.89662480354,0.014352267608,41.5200233459,0,0,0,0,1.61920025977e-14,588198.736828
17.925,-1.02625954241e-05,0.599783360958,2.40005660057,-5.11741855007e-05,5.3414809372e-05,20,20,1.89662480354,0.014352267608,41.5200233459,0,0,0,0,4.82057425276e-14,588198.736828
17.9361111111,-1.02625954241e-05,0.599783360958,2.40005660057,-5.11741855007e-05,5.3414809372e-05,20,20,1.89662480354,0.014352267608,41.5200233459,0,0,0,0,9.8019932205e-15,588198.736828
17.9472222222,-1.02625954241e-05,0.599783360958,2.40005660057,-5.11741855007e-05,4.5786920964e-05,20,20,1.89662480354,0.014352267608,41.5200233459,0,0,0,0,9.57622519556e-15,588198.736828
17.9583333333,-1.02625954241e-05,0.599783360958,2.40005660057,-5.11741855007e-05,5.3414809372e-05,20,20,1.89662480354,0.014352267608,41.5200233459,0,0,0,0,2.52823287925e-14,588198.736828
17.9694444444,-1.02625954241e-05,0.599783360958,2.40005660057,-5.11741855007e-05,5.3414809372e-05,20,20,1.89662480354,0.014352267608,41.5200233459,0,0,0,0,2.53594498082e-14,588198.736828
17.9805555556,-1.02625954241e-05,0.599783360958,2.40005660057,-5.11741855007e-05,4.5786920964e-05,20,20,1.89662480354,0.014352267608,41.5200233459,0,0,0,0,3.93734407326e-14,588198.736828
17.9916666667,-1.02625954241e-05,0.599783360958,2.40005660057,-5.11741855007e-05,5.3414809372e-05,20,20,1.89662480354,0.014352267608,41.5200233459,0,0,0,0,3.13612843162e-14,588198.736828
18.0027777778,-1.02625954241e-05,0.599783360958,2.40005660057,-5.11741855007e-05,5.3414809372e-05,20,20,1.89662480354,0.014352267608,41.5200233459,0,0,0,0,2.11368175545e-14,588198.736828
18.0138888889,-1.02625954241e-05,0.599783360958,2.40005660057,-5.11741855007e-05,5.3414809372e-05,20,20,1.89662480354,0.014352267608,41.5200233459,0,0,0,0,6.65388648296e-14,588198.736828
18.025,-1.02625954241e-05,0.599783360958,2.40005660057,-5.11741855007e-05,5.3414809372e-05,20,20,1.89662480354,0.014352267608,41.5200233459,0,0,0,0,9.20688424211e-14,588198.736828
18.0361111111,-1.02625954241e-05,0.599783360958,2.40005660057,-5.11741855007e-05,4.5786920964e-05,20,20,1.89662480354,0.014352267608,41.5200233459,0,0,0,0,5.18077207496e-14,588198.736828
18.0472222222,-1.02625954241e-05,0.599783360958,2.40005660057,-5.11741855007e-05,5.3414809372e-05,20,20,1.89662480354,0.014352267608,41.5200233459,0,0,0,0,1.86046757682e-14,588198.736828
18.0583333333,-1.02625954241e-05,0.599783360958,2.40005660057,-5.11741855007e-05,5.3414809372e-05,20,20,1.89662480354,0.014352267608,41.5200233459,0,0,0,0,3.06149881797e-14,588198.736828
18.0694444444,-1.02625954241e-05,0.599783360958,2.40005660057,-5.11741855007e-05,5.3414809372e-05,20,20,1.89662480354,0.014352267608,41.5200233459,0,0,0,0,2.39789370988e-14,588198.736828
18.0805555556,-1.02625954241e-05,0.599783360958,2.40005660057,-5.11741855007e-05,5.3414809372e-05,20,20,1.89662480354,0.014352267608,41.5200233459,0,0,0,0,8.38328238598e-15,588198.736828
18.0916666667,-1.02625954241e-05,0.599783360958,2.40005660057,-5.11741855007e-05,4.5786920964e-05,20,20,1.89662480354,0.014352267608,41.5200233459,0,0,0,0,5.87071636931e-15,588198.736828
18.1027777778,-1.02625954241e-05,0.599783360958,2.40005660057,-5.11741855007e-05,5.3414809372e-05,20,20,1.89662480354,0.014352267608,41.5200233459,0,0,0,0,4.87210656093e-14,588198.736828
18.1138888889,-1.02625954241e-05,0.599783360958,2.40005660057,-5.11741855007e-05,5.3414809372e-05,20,20,1.89662480354,0.014352267608,41.5200233459,0,0,0,0,2.92272380214e-14,588198.736828
18.125,-1.02625954241e-05,0.599783360958,2.40005660057,-5.11741855007e-05,4.5786920964e-05,20,20,1.89662480354,0.014352267608,41.5200233459,0,0,0,0,1.21217118011e-14,588198.736828
18.1361111111,-1.02625954241e-05,0.599783360958,2.40005660057,-5.11741855007e-05,5.3414809372e-05,20,20,1.89662480354,0.014352267608,41.5200233459,0,0,0,0,1.18703793483e-14,588198.736828
18.1472222222,-1.02625954241e-05,0.599783360958,2.40005660057,-5.11741855007e-05,5.3414809372e-05,20,20,1.89662480354,0.014352267608,41.5200233459,0,0,0,0,1.89904491641e-14,588198.736828
18.1583333333,-1.02625954241e-05,0.599783360958,2.40005660057,-5.11741855007e-05,5.3414809372e-05,20,20,1.89662480354,0.014352267608,41.5200233459,0,0,0,0,1.81700519868e-14,588198.736828
18.1694444444,-1.02625954241e-05,0.599783360958,2.40005660057,-5.11741855007e-05,5.3414809372e-05,20,20,1.89662480354,0.014352267608,41.5200233459,0,0,0,0,1.29393717154e-14,588198.736828
18.1805555556,-1.02625954241e-05,0.599783360958,2.40005660057,-5.11741855007e-05,4.5786920964e-05,20,20,1.89662480354,0.014352267608,41.5200233459,0,0,0,0,7.82327035623e-14,588198.736828
18.1916666667,-1.02625954241e-05,0.599783360958,2.40005660057,-5.11741855007e-05,5.3414809372e-05,20,20,1.89662480354,0.014352267608,41.5200233459,0,0,0,0,8.61977143227e-14,588198.736828
18.2027777778,-1.02625954241e-05,0.599783360958,2.40005660057,-5.11741855007e-05,5.3414809372e-05,20,20,1.89662480354,0.014352267608,41.5200233459,0,0,0,0,3.41701809116e-14,588198.736828
18.2138888889,-1.02625954241e-05,0.599783360958,2.40005660057,-5.11741855007e-05,5.3414809372e-05,20,20,1.89662480354,0.014352267608,41.5200233459,0,0,0,0,3.42777456344e-14,588198.736828
18.225,-1.02625954241e-05,0.599783360958,2.40005660057,-5.11741855007e-05,5.3414809372e-05,20,20,1.89662480354,0.014352267608,41.5200233459,0,0,0,0,2.91677294625e-14,588198.736828
18.2361111111,-1.02625954241e-05,0.599783360958,2.40005660057,-5.11741855007e-05,4.5786920964e-05,20,20,1.89662480354,0.014352267608,41.5200233459,0,0,0,0,2.99971843297e-14,588198.736828
18.2472222222,-1.02625954241e-05,0.599783360958,2.40005660057,-5.11741855007e-05,5.3414809372e-05,20,20,1.89662480354,0.014352267608,41.5200233459,0,0,0,0,5.20221297389e-14,588198.736828
18.2583333333,-1.02625954241e-05,0.599783360958,2.40005660057,-5.11741855007e-05,5.3414809372e-05,20,20,1.89662480354,0.014352267608,41.5200233459,0,0,0,0,1.16016144361e-13,588198.736828
18.2694444444,-1.02625954241e-05,0.599783360958,2.40005660057,-5.11741855007e-05,4.5786920964e-05,20,20,1.89662480354,0.014352267608,41.5200233459,0,0,0,0,5.07110299697e-14,588198.736828
18.2805555556,-1.02625954241e-05,0.599783360958,2.40005660057,-5.11741855007e-05,5.3414809372e-05,20,20,1.89662480354,0.014352267608,41.5200233459,0,0,0,0,4.46906135625e-14,588198.736828
18.2916666667,-1.02625954241e-05,0.599783360958,2.40005660057,-5.11741855007e-05,5.3414809372e-05,20,20,1.89662480354,0.014352267608,41.5200233459,0,0,0,0,2.70733095303e-14,588198.736828
18.3027777778,-1.02625954241e-05,0.599783360958,2.40005660057,-5.11741855007e-05,5.3414809372e-05,20,20,1.89662480354,0.014352267608,41.5200233459,0,0,0,0,6.32405762936e-14,588198.736828
18.3138888889,-1.02625954241e-05,0.599783360958,2.40005660057,-5.11741855007e-05,5.3414809372e-05,20,20,1.89662480354,0.014352267608,41.5200233459,0,0,0,0,1.29268983952e-13,588198.736828
18.325,-1.02625954241e-05,0.599783360958,2.40005660057,-5.11741855007e-05,4.5786920964e-05,20,20,1.89662480354,0.014352267608,41.5200233459,0,0,0,0,1.34806755363e-13,588198.736828
18.3361111111,-1.02625954241e-05,0.599783360958,2.40005660057,-5.11741855007e-05,5.3414809372e-05,20,20,1.89662480354,0.014352267608,41.5200233459,0,0,0,0,9.05593650161e-14,588198.736828
18.3472222222,-1.02625954241e-05,0.599783360958,2.40005660057,-5.11741855007e-05,5.3414809372e-05,20,20,1.89662480354,0.014352267608,41.5200233459,0,0,0,0,1.45929491619e-13,588198.736828
18.3583333333,-1.02625954241e-05,0.599783360958,2.40005660057,-5.11741855007e-05,5.3414809372e-05,20,20,1.89662480354,0.014352267608,41.5200233459,0,0,0,0,9.78595416627e-15,588198.736828
18.3694444444,-1.02625954241e-05,0.599783360958,2.40005660057,-5.11741855007e-05,5.3414809372e-05,20,20,1.89662480354,0.014352267608,41.5200233459,0,0,0,0,1.76779025244e-14,588198.736828
18.3805555556,-1.02625954241e-05,0.599783360958,2.40005660057,-5.11741855007e-05,4.5786920964e-05,20,20,1.89662480354,0.014352267608,41.5200233459,0,0,0,0,9.68673514932e-15,588198.736828
18.3916666667,-1.02625954241e-05,0.599783360958,2.40005660057,-5.11741855007e-05,5.3414809372e-05,20,20,1.89662480354,0.014352267608,41.5200233459,0,0,0,0,2.53914044827e-14,588198.736828
18.4027777778,-1.02625954241e-05,0.599783360958,2.40005660057,-5.11741855007e-05,5.3414809372e-05,20,20,1.89662480354,0.014352267608,41.5200233459,0,0,0,0,1.43871952042e-14,588198.736828
18.4138888889,-1.02625954241e-05,0.599783360958,2.40005660057,-5.11741855007e-05,4.5786920964e-05,20,20,1.89662480354,0.014352267608,41.5200233459,0,0,0,0,1.66295351571e-14,588198.736828
18.425,-1.02625954241e-05,0.599783360958,2.40005660057,-5.11741855007e-05,5.3414809372e-05,20,20,1.89662480354,0.014352267608,41.5200233459,0,0,0,0,1.87961213399e-13,588198.736828
18.4361111111,-1.02625954241e-05,0.599783360958,2.40005660057,-5.11741855007e-05,5.3414809372e-05,20,20,1.89662480354,0.014352267608,41.5200233459,0,0,0,0,1.63254381017e-13,588198.736828
18.4472222222,-1.02625954241e-05,0.599783360958,2.40005660057,-5.11741855007e-05,5.3414809372e-05,20,20,1.89662480354,0.014352267608,41.5200233459,0,0,0,0,1.64866695829e-13,588198.736828
18.4583333333,-1.02625954241e-05,0.599783360958,2.40005660057,-5.11741855007e-05,5.3414809372e-05,20,20,1.89662480354,0.014352267608,41.5200233459,0,0,0,0,8.78465081872e-14,588198.736828
18.4694444444,-1.02625954241e-05,0.599783360958,2.40005660057,-5.11741855007e-05,4.5786920964e-05,20,20,1.89662480354,0.014352267608,41.5200233459,0,0,0,0,6.90926276214e-14,588198.736828
18.4805555556,-1.02625954241e-05,0.599783360958,2.40005660057,-5.11741855007e-05,5.3414809372e-05,20,20,1.89662480354,0.014352267608,41.5200233459,0,0,0,0,1.4601132931e-13,588198.736828
18.4916666667,-1.02625954241e-05,0.599783360958,2.40005660057,-5.11741855007e-05,5.3414809372e-05,20,20,1.89662480354,0.014352267608,41.5200233459,0,0,0,0,1.13582707271e-13,588198.736828
18.5027777778,-1.02625954241e-05,0.599783360958,2.40005660057,-5.11741855007e-05,5.3414809372e-05,20,20,1.89662480354,0.014352267608,41.5200233459,0,0,0,0,8.54835419371e-14,588198.736828
18.5138888889,-1.02625954241e-05,0.599783360958,2.40005660057,-5.11741855007e-05,5.3414809372e-05,20,20,1.89662480354,0.014352267608,41.5200233459,0,0,0,0,7.48292563397e-14,588198.736828
18.525,-1.02625954241e-05,0.599783360958,2.40005660057,-5.11741855007e-05,4.5786920964e-05,20,20,1.89662480354,0.014352267608,41.5200233459,0,0,0,0,1.20330185622e-14,588198.736828
18.5361111111,-1.02625954241e-05,0.599783360958,2.40005660057,-5.11741855007e-05,5.3414809372e-05,20,20,1.89662480354,0.014352267608,41.5200233459,0,0,0,0,3.84058343028e-14,588198.736828
18.5472222222,-1.02625954241e-05,0.599783360958,2.40005660057,-5.11741855007e-05,5.3414809372e-05,20,20,1.89662480354,0.014352267608,41.5200233459,0,0,0,0,2.24928682535e-14,588198.736828
18.5583333333,-1.02625954241e-05,0.599783360958,2.40005660057,-5.11741855007e-05,4.5786920964e-05,20,20,1.89662480354,0.014352267608,41.5200233459,0,0,0,0,1.05856029426e-14,588198.736828
18.5694444444,-1.02625954241e-05,0.599783360958,2.40005660057,-5.11741855007e-05,5.3414809372e-05,20,20,1.89662480354,0.014352267608,41.5200233459,0,0,0,0,4.36826094849e-14,588198.736828
18.5805555556,-1.02625954241e-05,0.599783360958,2.40005660057,-5.11741855007e-05,5.3414809372e-05,20,20,1.89662480354,0.014352267608,41.5200233459,0,0,0,0,2.397943133e-14,588198.736828
18.5916666667,-1.02625954241e-05,0.599783360958,2.40005660057,-5.11741855007e-05,5.3414809372e-05,20,20,1.89662480354,0.014352267608,41.5200233459,0,0,0,0,2.06057977614e-14,588198.736828
18.6027777778,-1.02625954241e-05,0.599783360958,2.40005660057,-5.11741855007e-05,5.3414809372e-05,20,20,1.89662480354,0.014352267608,41.5200233459,0,0,0,0,9.2780559952e-15,588198.736828
18.6138888889,-1.02625954241e-05,0.599783360958,2.40005660057,-5.11741855007e-05,4.5786920964e-05,20,20,1.89662480354,0.014352267608,41.5200233459,0,0,0,0,5.71088158395e-14,588198.736828
18.625,-1.02625954241e-05,0.599783360958,2.40005660057,-5.11741855007e-05,5.3414809372e-05,20,20,1.89662480354,0.014352267608,41.5200233459,0,0,0,0,1.1659421452e-13,588198.736828
18.6361111111,-1.02625954241e-05,0.599783360958,2.40005660057,-5.11741855007e-05,5.3414809372e-05,20,20,1.89662480354,0.014352267608,41.5200233459,0,0,0,0,9.05957215798e-14,588198.736828
18.6472222222,-1.02625954241e-05,0.599783360958,2.40005660057,-5.11741855007e-05,5.3414809372e-05,20,20,1.89662480354,0.014352267608,41.5200233459,0,0,0,0,2.72874622212e-14,588198.736828
18.6583333333,-1.02625954241e-05,0.599783360958,2.40005660057,-5.11741855007e-05,5.3414809372e-05,20,20,1.89662480354,0.014352267608,41.5200233459,0,0,0,0,1.36274750962e-14,588198.736828
18.6694444444,-1.02625954241e-05,0.599783360958,2.40005660057,-5.11741855007e-05,4.5786920964e-05,20,20,1.89662480354,0.014352267608,41.5200233459,0,0,0,0,4.42279619307e-15,588198.736828
18.6805555556,-1.02625954241e-05,0.599783360958,2.40005660057,-5.11741855007e-05,5.3414809372e-05,20,20,1.89662480354,0.014352267608,41.5200233459,0,0,0,0,1.72947425674e-14,588198.736828
18.6916666667,-1.02625954241e-05,0.599783360958,2.40005660057,-5.11741855007e-05,5.3414809372e-05,20,20,1.89662480354,0.014352267608,41.5200233459,0,0,0,0,1.73769399269e-13,588198.736828
18.7027777778,-1.02625954241e-05,0.599783360958,2.40005660057,-5.11741855007e-05,4.5786920964e-05,20,20,1.89662480354,0.014352267608,41.5200233459,0,0,0,0,1.69084090136e-13,588198.736828
18.7138888889,-1.02625954241e-05,0.599783360958,2.40005660057,-5.11741855007e-05,5.3414809372e-05,20,20,1.89662480354,0.014352267608,41.5200233459,0,0,0,0,4.568957974e-14,588198.736828
18.725,-1.02625954241e-05,0.599783360958,2.40005660057,-5.11741855007e-05,5.3414809372e-05,20,20,1.89662480354,0.014352267608,41.5200233459,0,0,0,0,8.3223380844e-15,588198.736828
18.7361111111,-1.02625954241e-05,0.599783360958,2.40005660057,-5.11741855007e-05,5.3414809372e-05,20,20,1.89662480354,0.014352267608,41.5200233459,0,0,0,0,4.91045896212e-14,588198.736828
18.7472222222,-1.02625954241e-05,0.599783360958,2.40005660057,-5.11741855007e-05,5.3414809372e-05,20,20,1.89662480354,0.014352267608,41.5200233459,0,0,0,0,1.31181728054e-13,588198.736828
18.7583333333,-1.02625954241e-05,0.599783360958,2.40005660057,-5.11741855007e-05,4.5786920964e-05,20,20,1.89662480354,0.014352267608,41.5200233459,0,0,0,0,1.25297102187e-13,588198.736828
18.7694444444,-1.02625954241e-05,0.599783360958,2.40005660057,-5.11741855007e-05,5.3414809372e-05,20,20,1.89662480354,0.014352267608,41.5200233459,0,0,0,0,6.69524575621e-15,588198.736828
18.7805555556,-1.02625954241e-05,0.599783360958,2.40005660057,-5.11741855007e-05,5.3414809372e-05,20,20,1.89662480354,0.014352267608,41.5200233459,0,0,0,0,3.95276742165e-14,588198.736828
18.7916666667,-1.02625954241e-05,0.599783360958,2.40005660057,-5.11741855007e-05,5.3414809372e-05,20,20,1.89662480354,0.014352267608,41.5200233459,0,0,0,0,4.59554937638e-14,588198.736828
18.8027777778,-1.02625954241e-05,0.599783360958,2.40005660057,-5.11741855007e-05,5.3414809372e-05,20,20,1.89662480354,0.014352267608,41.5200233459,0,0,0,0,6.64082701857e-14,588198.736828
18.8138888889,-1.02625954241e-05,0.599783360958,2.40005660057,-5.11741855007e-05,4.5786920964e-05,20,20,1.89662480354,0.014352267608,41.5200233459,0,0,0,0,7.73484532598e-14,588198.736828
18.825,-1.02625954241e-05,0.599783360958,2.40005660057,-5.11741855007e-05,5.3414809372e-05,20,20,1.89662480354,0.014352267608,41.5200233459,0,0,0,0,5.1071595816e-14,588198.736828
18.8361111111,-1.02625954241e-05,0.599783360958,2.40005660057,-5.11741855007e-05,5.3414809372e-05,20,20,1.89662480354,0.014352267608,41.5200233459,0,0,0,0,3.30894854187e-14,588198.736828
18.8472222222,-1.02625954241e-05,0.599783360958,2.40005660057,-5.11741855007e-05,4.5786920964e-05,20,20,1.89662480354,0.014352267608,41.5200233459,0,0,0,0,2.19837905755e-14,588198.736828
18.8583333333,-1.02625954241e-05,0.599783360958,2.40005660057,-5.11741855007e-05,5.3414809372e-05,20,20,1.89662480354,0.014352267608,41.5200233459,0,0,0,0,2.15118793301e-13,588198.736828
18.8694444444,-1.02625954241e-05,0.599783360958,2.40005660057,-5.11741855007e-05,5.3414809372e-05,20,20,1.89662480354,0.014352267608,41.5200233459,0,0,0,0,4.4829867364e-13,588198.736828
18.8805555556,-1.02625954241e-05,0.599783360958,2.40005660057,-5.11741855007e-05,5.3414809372e-05,20,20,1.89662480354,0.014352267608,41.5200233459,0,0,0,0,7.27957235806e-13,588198.736828
18.8916666667,-1.02625954241e-05,0.599783360958,2.40005660057,-5.11741855007e-05,5.3414809372e-05,20,20,1.89662480354,0.014352267608,41.5200233459,0,0,0,0,1.28762832381e-12,588198.736828
18.9027777778,-1.02625954241e-05,0.599783360958,2.40005660057,-5.11741855007e-05,4.5786920964e-05,20,20,1.89662480354,0.014352267608,41.5200233459,0,0,0,0,1.08332405387e-12,588198.736828
18.9138888889,-1.02625954241e-05,0.599783360958,2.40005660057,-5.11741855007e-05,5.3414809372e-05,20,20,1.89662480354,0.014352267608,41.5200233459,0,0,0,0,3.45824845312e-13,588198.736828
18.925,-1.02625954241e-05,0.599783360958,2.40005660057,-5.11741855007e-05,5.3414809372e-05,20,20,1.89662480354,0.014352267608,41.5200233459,0,0,0,0,8.86856478701e-14,588198.736828
18.9361111111,-1.02625954241e-05,0.599783360958,2.40005660057,-5.11741855007e-05,5.3414809372e-05,20,20,1.89662480354,0.014352267608,41.5200233459,0,0,0,0,1.82704205644e-14,588198.736828
18.9472222222,-1.02625954241e-05,0.599783360958,2.40005660057,-5.11741855007e-05,5.3414809372e-05,20,20,1.89662480354,0.014352267608,41.5200233459,0,0,0,0,1.56657347442e-14,588198.736828
18.9583333333,-1.02625954241e-05,0.599783360958,2.40005660057,-5.11741855007e-05,4.5786920964e-05,20,20,1.89662480354,0.014352267608,41.5200233459,0,0,0,0,1.60867026195e-14,588198.736828
18.9694444444,-1.02625954241e-05,0.599783360958,2.40005660057,-5.11741855007e-05,5.3414809372e-05,20,20,1.89662480354,0.014352267608,41.5200233459,0,0,0,0,2.45618603673e-14,588198.736828
18.9805555556,-1.02625954241e-05,0.599783360958,2.40005660057,-5.11741855007e-05,5.3414809372e-05,20,20,1.89662480354,0.014352267608,41.5200233459,0,0,0,0,2.00550580808e-14,588198.736828
18.9916666667,-1.02625954241e-05,0.599783360958,2.40005660057,-5.11741855007e-05,4.5786920964e-05,20,20,1.89662480354,0.014352267608,41.5200233459,0,0,0,0,1.6126737008e-14,588198.736828
19.0027777778,-1.02625954241e-05,0.599783360958,2.40005660057,-5.11741855007e-05,5.3414809372e-05,20,20,1.89662480354,0.014352267608,41.5200233459,0,0,0,0,2.85972952686e-14,588198.736828
19.0138888889,-1.02625954241e-05,0.599783360958,2.40005660057,-5.11741855007e-05,5.3414809372e-05,20,20,1.89662480354,0.014352267608,41.5200233459,0,0,0,0,2.057860934e-14,588198.736828
19.025,-1.02625954241e-05,0.599783360958,2.40005660057,-5.11741855007e-05,5.3414809372e-05,20,20,1.89662480354,0.014352267608,41.5200233459,0,0,0,0,2.13231286263e-14,588198.736828
19.0361111111,-1.02625954241e-05,0.599783360958,2.40005660057,-5.11741855007e-05,5.3414809372e-05,20,20,1.89662480354,0.014352267608,41.5200233459,0,0,0,0,1.47761539036e-14,588198.736828
19.0472222222,-1.02625954241e-05,0.599783360958,2.40005660057,-5.11741855007e-05,4.5786920964e-05,20,20,1.89662480354,0.014352267608,41.5200233459,0,0,0,0,2.9530073822e-14,588198.736828
19.0583333333,-1.02625954241e-05,0.599783360958,2.40005660057,-5.11741855007e-05,5.3414809372e-05,20,20,1.89662480354,0.014352267608,41.5200233459,0,0,0,0,1.78953813125e-13,588198.736828
19.0694444444,-1.02625954241e-05,0.599783360958,2.40005660057,-5.11741855007e-05,5.3414809372e-05,20,20,1.89662480354,0.014352267608,41.5200233459,0,0,0,0,2.7311266106e-13,588198.736828
19.0805555556,-1.02625954241e-05,0.599783360958,2.40005660057,-5.11741855007e-05,5.3414809372e-05,20,20,1.89662480354,0.014352267608,41.5200233459,0,0,0,0,1.72474846001e-13,588198.736828
19.0916666667,-1.02625954241e-05,0.599783360958,2.40005660057,-5.11741855007e-05,5.3414809372e-05,20,20,1.89662480354,0.014352267608,41.5200233459,0,0,0,0,1.45409781385e-13,588198.736828
19.1027777778,-1.02625954241e-05,0.599783360958,2.40005660057,-5.11741855007e-05,4.5786920964e-05,20,20,1.89662480354,0.014352267608,41.5200233459,0,0,0,0,1.00261340063e-13,588198.736828
19.1138888889,-1.02625954241e-05,0.599783360958,2.40005660057,-5.11741855007e-05,5.3414809372e-05,20,20,1.89662480354,0.014352267608,41.5200233459,0,0,0,0,8.5657577302e-14,588198.736828
19.125,-1.02625954241e-05,0.599783360958,2.40005660057,-5.11741855007e-05,5.3414809372e-05,20,20,1.89662480354,0.014352267608,41.5200233459,0,0,0,0,1.83498118231e-13,588198.736828
19.1361111111,-1.02625954241e-05,0.599783360958,2.40005660057,-5.11741855007e-05,4.5786920964e-05,20,20,1.89662480354,0.014352267608,41.5200233459,0,0,0,0,1.77097418292e-13,588198.736828
19.1472222222,-1.02625954241e-05,0.599783360958,2.40005660057,-5.11741855007e-05,5.3414809372e-05,20,20,1.89662480354,0.014352267608,41.5200233459,0,0,0,0,1.17290199193e-13,588198.736828
19.1583333333,-1.02625954241e-05,0.599783360958,2.40005660057,-5.11741855007e-05,5.3414809372e-05,20,20,1.89662480354,0.014352267608,41.5200233459,0,0,0,0,5.94500586832e-14,588198.736828
19.1694444444,-1.02625954241e-05,0.599783360958,2.40005660057,-5.11741855007e-05,5.3414809372e-05,20,20,1.89662480354,0.014352267608,41.5200233459,0,0,0,0,2.25350329706e-14,588198.736828
19.1805555556,-1.02625954241e-05,0.599783360958,2.40005660057,-5.11741855007e-05,5.3414809372e-05,20,20,1.89662480354,0.014352267608,41.5200233459,0,0,0,0,1.88771263486e-14,588198.736828
19.1916666667,-1.02625954241e-05,0.599783360958,2.40005660057,-5.11741855007e-05,4.5786920964e-05,20,20,1.89662480354,0.014352267608,41.5200233459,0,0,0,0,5.03108251067e-14,588198.736828
19.2027777778,-1.02625954241e-05,0.599783360958,2.40005660057,-5.11741855007e-05,5.3414809372e-05,20,20,1.89662480354,0.014352267608,41.5200233459,0,0,0,0,2.59587507075e-14,588198.736828
19.2138888889,-1.02625954241e-05,0.599783360958,2.40005660057,-5.11741855007e-05,5.3414809372e-05,20,20,1.89662480354,0.014352267608,41.5200233459,0,0,0,0,7.92773124017e-14,588198.736828
19.225,-1.02625954241e-05,0.599783360958,2.40005660057,-5.11741855007e-05,5.3414809372e-05,20,20,1.89662480354,0.014352267608,41.5200233459,0,0,0,0,1.57860038147e-13,588198.736828
19.2361111111,-1.02625954241e-05,0.599783360958,2.40005660057,-5.11741855007e-05,5.3414809372e-05,20,20,1.89662480354,0.014352267608,41.5200233459,0,0,0,0,8.77169057777e-14,588198.736828
19.2472222222,-1.02625954241e-05,0.599783360958,2.40005660057,-5.11741855007e-05,4.5786920964e-05,20,20,1.89662480354,0.014352267608,41.5200233459,0,0,0,0,1.90076133065e-14,588198.736828
19.2583333333,-1.02625954241e-05,0.599783360958,2.40005660057,-5.11741855007e-05,5.3414809372e-05,20,20,1.89662480354,0.014352267608,41.5200233459,0,0,0,0,4.13310163551e-14,588198.736828
19.2694444444,-1.02625954241e-05,0.599783360958,2.40005660057,-5.11741855007e-05,5.3414809372e-05,20,20,1.89662480354,0.014352267608,41.5200233459,0,0,0,0,4.86287921554e-14,588198.736828
19.2805555556,-1.02625954241e-05,0.599783360958,2.40005660057,-5.11741855007e-05,4.5786920964e-05,20,20,1.89662480354,0.014352267608,41.5200233459,0,0,0,0,8.98639768911e-14,588198.736828
19.2916666667,-1.02625954241e-05,0.599783360958,2.40005660057,-5.11741855007e-05,5.3414809372e-05,20,20,1.89662480354,0.014352267608,41.5200233459,0,0,0,0,5.88371757162e-14,588198.736828
19.3027777778,-1.02625954241e-05,0.599783360958,2.40005660057,-5.11741855007e-05,5.3414809372e-05,20,20,1.89662480354,0.014352267608,41.5200233459,0,0,0,0,9.48207113584e-14,588198.736828
19.3138888889,-1.02625954241e-05,0.599783360958,2.40005660057,-5.11741855007e-05,5.3414809372e-05,20,20,1.89662480354,0.014352267608,41.5200233459,0,0,0,0,1.80749931e-13,588198.736828
19.325,-1.02625954241e-05,0.599783360958,2.40005660057,-5.11741855007e-05,5.3414809372e-05,20,20,1.89662480354,0.014352267608,41.5200233459,0,0,0,0,7.95933943808e-14,588198.736828
19.3361111111,-1.02625954241e-05,0.599783360958,2.40005660057,-5.11741855007e-05,4.5786920964e-05,20,20,1.89662480354,0.014352267608,41.5200233459,0,0,0,0,1.45566164415e-14,588198.736828
19.3472222222,-1.02625954241e-05,0.599783360958,2.40005660057,-5.11741855007e-05,5.3414809372e-05,20,20,1.89662480354,0.014352267608,41.5200233459,0,0,0,0,3.63936584941e-14,588198.736828
19.3583333333,-1.02625954241e-05,0.599783360958,2.40005660057,-5.11741855007e-05,5.3414809372e-05,20,20,1.89662480354,0.014352267608,41.5200233459,0,0,0,0,5.1432134988e-14,588198.736828
19.3694444444,-1.02625954241e-05,0.599783360958,2.40005660057,-5.11741855007e-05,5.3414809372e-05,20,20,1.89662480354,0.014352267608,41.5200233459,0,0,0,0,2.98024223337e-14,588198.736828
19.3805555556,-1.02625954241e-05,0.599783360958,2.40005660057,-5.11741855007e-05,5.3414809372e-05,20,20,1.89662480354,0.014352267608,41.5200233459,0,0,0,0,3.42344689983e-14,588198.736828
19.3916666667,-1.02625954241e-05,0.599783360958,2.40005660057,-5.11741855007e-05,4.5786920964e-05,20,20,1.89662480354,0.014352267608,41.5200233459,0,0,0,0,1.3090061083e-14,588198.736828
19.4027777778,-1.02625954241e-05,0.599783360958,2.40005660057,-5.11741855007e-05,5.3414809372e-05,20,20,1.89662480354,0.014352267608,41.5200233459,0,0,0,0,3.05622165892e-14,588198.736828
19.4138888889,-1.02625954241e-05,0.599783360958,2.40005660057,-5.11741855007e-05,5.3414809372e-05,20,20,1.89662480354,0.014352267608,41.5200233459,0,0,0,0,8.52913721596e-14,588198.736828
19.425,-1.02625954241e-05,0.599783360958,2.40005660057,-5.11741855007e-05,4.5786920964e-05,20,20,1.89662480354,0.014352267608,41.5200233459,0,0,0,0,3.09614282413e-14,588198.736828
19.4361111111,-1.02625954241e-05,0.599783360958,2.40005660057,-5.11741855007e-05,5.3414809372e-05,20,20,1.89662480354,0.014352267608,41.5200233459,0,0,0,0,4.6696194413e-14,588198.736828
19.4472222222,-1.02625954241e-05,0.599783360958,2.40005660057,-5.11741855007e-05,5.3414809372e-05,20,20,1.89662480354,0.014352267608,41.5200233459,0,0,0,0,1.63901552352e-13,588198.736828
19.4583333333,-1.02625954241e-05,0.599783360958,2.40005660057,-5.11741855007e-05,5.3414809372e-05,20,20,1.89662480354,0.014352267608,41.5200233459,0,0,0,0,7.22346640853e-14,588198.736828
19.4694444444,-1.02625954241e-05,0.599783360958,2.40005660057,-5.11741855007e-05,5.3414809372e-05,20,20,1.89662480354,0.014352267608,41.5200233459,0,0,0,0,4.25894522006e-14,588198.736828
19.4805555556,-1.02625954241e-05,0.599783360958,2.40005660057,-5.11741855007e-05,4.5786920964e-05,20,20,1.89662480354,0.014352267608,41.5200233459,0,0,0,0,5.72447828627e-14,588198.736828
19.4916666667,-1.02625954241e-05,0.599783360958,2.40005660057,-5.11741855007e-05,5.3414809372e-05,20,20,1.89662480354,0.014352267608,41.5200233459,0,0,0,0,5.71491163035e-14,588198.736828
19.5027777778,-1.02625954241e-05,0.599783360958,2.40005660057,-5.11741855007e-05,5.3414809372e-05,20,20,1.89662480354,0.014352267608,41.5200233459,0,0,0,0,3.57298421387e-14,588198.736828
19.5138888889,-1.02625954241e-05,0.599783360958,2.40005660057,-5.11741855007e-05,5.3414809372e-05,20,20,1.89662480354,0.014352267608,41.5200233459,0,0,0,0,1.97849064414e-14,588198.736828
19.525,-1.02625954241e-05,0.599783360958,2.40005660057,-5.11741855007e-05,5.3414809372e-05,20,20,1.89662480354,0.014352267608,41.5200233459,0,0,0,0,3.80497245675e-14,588198.736828
19.5361111111,-1.02625954241e-05,0.599783360958,2.40005660057,-5.11741855007e-05,4.5786920964e-05,20,20,1.89662480354,0.014352267608,41.5200233459,0,0,0,0,2.66289325769e-14,588198.736828
19.5472222222,-1.02625954241e-05,0.599783360958,2.40005660057,-5.11741855007e-05,5.3414809372e-05,20,20,1.89662480354,0.014352267608,41.5200233459,0,0,0,0,5.44038939724e-14,588198.736828
19.5583333333,-1.02625954241e-05,0.599783360958,2.40005660057,-5.11741855007e-05,5.3414809372e-05,20,20,1.89662480354,0.014352267608,41.5200233459,0,0,0,0,7.64027209739e-14,588198.736828
19.5694444444,-1.02625954241e-05,0.599783360958,2.40005660057,-5.11741855007e-05,4.5786920964e-05,20,20,1.89662480354,0.014352267608,41.5200233459,0,0,0,0,8.08144226966e-14,588198.736828
19.5805555556,-1.02625954241e-05,0.599783360958,2.40005660057,-5.11741855007e-05,5.3414809372e-05,20,20,1.89662480354,0.014352267608,41.5200233459,0,0,0,0,5.19959075603e-14,588198.736828
19.5916666667,-1.02625954241e-05,0.599783360958,2.40005660057,-5.11741855007e-05,5.3414809372e-05,20,20,1.89662480354,0.014352267608,41.5200233459,0,0,0,0,7.04818139917e-14,588198.736828
19.6027777778,-1.02625954241e-05,0.599783360958,2.40005660057,-5.11741855007e-05,5.3414809372e-05,20,20,1.89662480354,0.014352267608,41.5200233459,0,0,0,0,1.48561481217e-14,588198.736828
19.6138888889,-1.02625954241e-05,0.599783360958,2.40005660057,-5.11741855007e-05,5.3414809372e-05,20,20,1.89662480354,0.014352267608,41.5200233459,0,0,0,0,1.50588482121e-13,588198.736828
19.625,-1.02625954241e-05,0.599783360958,2.40005660057,-5.11741855007e-05,4.5786920964e-05,20,20,1.89662480354,0.014352267608,41.5200233459,0,0,0,0,1.55182960097e-13,588198.736828
19.6361111111,-1.02625954241e-05,0.599783360958,2.40005660057,-5.11741855007e-05,5.3414809372e-05,20,20,1.89662480354,0.014352267608,41.5200233459,0,0,0,0,3.74406648997e-14,588198.736828
19.6472222222,-1.02625954241e-05,0.599783360958,2.40005660057,-5.11741855007e-05,5.3414809372e-05,20,20,1.89662480354,0.014352267608,41.5200233459,0,0,0,0,4.14008975914e-14,588198.736828
19.6583333333,-1.02625954241e-05,0.599783360958,2.40005660057,-5.11741855007e-05,5.3414809372e-05,20,20,1.89662480354,0.014352267608,41.5200233459,0,0,0,0,2.41185169712e-14,588198.736828
19.6694444444,-1.02625954241e-05,0.599783360958,2.40005660057,-5.11741855007e-05,5.3414809372e-05,20,20,1.89662480354,0.014352267608,41.5200233459,0,0,0,0,8.3395947086e-15,588198.736828
19.6805555556,-1.02625954241e-05,0.599783360958,2.40005660057,-5.11741855007e-05,4.5786920964e-05,20,20,1.89662480354,0.014352267608,41.5200233459,0,0,0,0,8.14576839588e-15,588198.736828
19.6916666667,-1.02625954241e-05,0.599783360958,2.40005660057,-5.11741855007e-05,5.3414809372e-05,20,20,1.89662480354,0.014352267608,41.5200233459,0,0,0,0,1.71379463391e-14,588198.736828
19.7027777778,-1.02625954241e-05,0.599783360958,2.40005660057,-5.11741855007e-05,5.3414809372e-05,20,20,1.89662480354,0.014352267608,41.5200233459,0,0,0,0,1.92153272975e-14,588198.736828
19.7138888889,-1.02625954241e-05,0.599783360958,2.40005660057,-5.11741855007e-05,4.5786920964e-05,20,20,1.89662480354,0.014352267608,41.5200233459,0,0,0,0,1.36625626307e-14,588198.736828
19.725,-1.02625954241e-05,0.599783360958,2.40005660057,-5.11741855007e-05,5.3414809372e-05,20,20,1.89662480354,0.014352267608,41.5200233459,0,0,0,0,4.59036671274e-14,588198.736828
19.7361111111,-1.02625954241e-05,0.599783360958,2.40005660057,-5.11741855007e-05,5.3414809372e-05,20,20,1.89662480354,0.014352267608,41.5200233459,0,0,0,0,8.89385976302e-14,588198.736828
19.7472222222,-1.02625954241e-05,0.599783360958,2.40005660057,-5.11741855007e-05,5.3414809372e-05,20,20,1.89662480354,0.014352267608,41.5200233459,0,0,0,0,1.5918261725e-13,588198.736828
19.7583333333,-1.02625954241e-05,0.599783360958,2.40005660057,-5.11741855007e-05,5.3414809372e-05,20,20,1.89662480354,0.014352267608,41.5200233459,0,0,0,0,4.41080198092e-14,588198.736828
19.7694444444,-1.02625954241e-05,0.599783360958,2.40005660057,-5.11741855007e-05,4.5786920964e-05,20,20,1.89662480354,0.014352267608,41.5200233459,0,0,0,0,4.75906993022e-15,588198.736828
19.7805555556,-1.02625954241e-05,0.599783360958,2.40005660057,-5.11741855007e-05,5.3414809372e-05,20,20,1.89662480354,0.014352267608,41.5200233459,0,0,0,0,1.95263602102e-14,588198.736828
19.7916666667,-1.02625954241e-05,0.599783360958,2.40005660057,-5.11741855007e-05,5.3414809372e-05,20,20,1.89662480354,0.014352267608,41.5200233459,0,0,0,0,4.34562377085e-14,588198.736828
19.8027777778,-1.02625954241e-05,0.599783360958,2.40005660057,-5.11741855007e-05,5.3414809372e-05,20,20,1.89662480354,0.014352267608,41.5200233459,0,0,0,0,1.47477543964e-14,588198.736828
19.8138888889,-1.02625954241e-05,0.599783360958,2.40005660057,-5.11741855007e-05,5.3414809372e-05,20,20,1.89662480354,0.014352267608,41.5200233459,0,0,0,0,7.29771382664e-15,588198.736828
19.825,-1.02625954241e-05,0.599783360958,2.40005660057,-5.11741855007e-05,4.5786920964e-05,20,20,1.89662480354,0.014352267608,41.5200233459,0,0,0,0,4.59399757951e-14,588198.736828
19.8361111111,-1.02625954241e-05,0.599783360958,2.40005660057,-5.11741855007e-05,5.3414809372e-05,20,20,1.89662480354,0.014352267608,41.5200233459,0,0,0,0,5.09981567302e-14,588198.736828
19.8472222222,-1.02625954241e-05,0.599783360958,2.40005660057,-5.11741855007e-05,5.3414809372e-05,20,20,1.89662480354,0.014352267608,41.5200233459,0,0,0,0,1.35333727379e-14,588198.736828
19.8583333333,-1.02625954241e-05,0.599783360958,2.40005660057,-5.11741855007e-05,4.5786920964e-05,20,20,1.89662480354,0.014352267608,41.5200233459,0,0,0,0,2.73404727914e-14,588198.736828
19.8694444444,-1.02625954241e-05,0.599783360958,2.40005660057,-5.11741855007e-05,5.3414809372e-05,20,20,1.89662480354,0.014352267608,41.5200233459,0,0,0,0,1.55509974968e-14,588198.736828
19.8805555556,-1.02625954241e-05,0.599783360958,2.40005660057,-5.11741855007e-05,5.3414809372e-05,20,20,1.89662480354,0.014352267608,41.5200233459,0,0,0,0,2.78826551146e-14,588198.736828
19.8916666667,-1.02625954241e-05,0.599783360958,2.40005660057,-5.11741855007e-05,5.3414809372e-05,20,20,1.89662480354,0.014352267608,41.5200233459,0,0,0,0,1.744303323e-14,588198.736828
19.9027777778,-1.02625954241e-05,0.599783360958,2.40005660057,-5.11741855007e-05,5.3414809372e-05,20,20,1.89662480354,0.014352267608,41.5200233459,0,0,0,0,1.48240753576e-13,588198.736828
19.9138888889,-1.02625954241e-05,0.599783360958,2.40005660057,-5.11741855007e-05,4.5786920964e-05,20,20,1.89662480354,0.014352267608,41.5200233459,0,0,0,0,1.39073269234e-13,588198.736828
19.925,-1.02625954241e-05,0.599783360958,2.40005660057,-5.11741855007e-05,5.3414809372e-05,20,20,1.89662480354,0.014352267608,41.5200233459,0,0,0,0,1.63689168318e-13,588198.736828
19.9361111111,-1.02625954241e-05,0.599783360958,2.40005660057,-5.11741855007e-05,5.3414809372e-05,20,20,1.89662480354,0.014352267608,41.5200233459,0,0,0,0,6.62808242854e-14,588198.736828
19.9472222222,-1.02625954241e-05,0.599783360958,2.40005660057,-5.11741855007e-05,5.3414809372e-05,20,20,1.89662480354,0.014352267608,41.5200233459,0,0,0,0,5.49334658942e-14,588198.736828
19.9583333333,-1.02625954241e-05,0.599783360958,2.40005660057,-5.11741855007e-05,5.3414809372e-05,20,20,1.89662480354,0.014352267608,41.5200233459,0,0,0,0,2.05232580959e-14,588198.736828
19.9694444444,-1.02625954241e-05,0.599783360958,2.40005660057,-5.11741855007e-05,4.5786920964e-05,20,20,1.89662480354,0.014352267608,41.5200233459,0,0,0,0,2.94063292481e-14,588198.736828
19.9805555556,-1.02625954241e-05,0.599783360958,2.40005660057,-5.11741855007e-05,5.3414809372e-05,20,20,1.89662480354,0.014352267608,41.5200233459,0,0,0,0,7.36531557069e-15,588198.736828
19.9916666667,-1.02625954241e-05,0.599783360958,2.40005660057,-5.11741855007e-05,5.3414809372e-05,20,20,1.89662480354,0.014352267608,41.5200233459,0,0,0,0,8.38450339841e-14,588198.736828
20.0027777778,-1.02625954241e-05,0.599783360958,2.40005660057,-5.11741855007e-05,4.5786920964e-05,20,20,1.89662480354,0.014352267608,41.5200233459,0,0,0,0,2.35271685762e-13,588198.736828
20.0138888889,-1.02625954241e-05,0.599783360958,2.40005660057,-5.11741855007e-05,5.3414809372e-05,20,20,1.89662480354,0.014352267608,41.5200233459,0,0,0,0,2.87987773518e-13,588198.736828
20.025,-1.02625954241e-05,0.599783360958,2.40005660057,-5.11741855007e-05,5.3414809372e-05,20,20,1.89662480354,0.014352267608,41.5200233459,0,0,0,0,5.31672667989e-14,588198.736828
20.0361111111,-1.02625954241e-05,0.599783360958,2.40005660057,-5.11741855007e-05,5.3414809372e-05,20,20,1.89662480354,0.014352267608,41.5200233459,0,0,0,0,4.21863436293e-14,588198.736828
20.0472222222,-1.02625954241e-05,0.599783360958,2.40005660057,-5.11741855007e-05,5.3414809372e-05,20,20,1.89662480354,0.014352267608,41.5200233459,0,0,0,0,3.79322256078e-15,588198.736828
20.0583333333,-1.02625954241e-05,0.599783360958,2.40005660057,-5.11741855007e-05,4.5786920964e-05,20,20,1.89662480354,0.014352267608,41.5200233459,0,0,0,0,1.69027526925e-14,588198.736828
20.0694444444,-1.02625954241e-05,0.599783360958,2.40005660057,-5.11741855007e-05,5.3414809372e-05,20,20,1.89662480354,0.014352267608,41.5200233459,0,0,0,0,4.76156158268e-14,588198.736828
20.0805555556,-1.02625954241e-05,0.599783360958,2.40005660057,-5.11741855007e-05,5.3414809372e-05,20,20,1.89662480354,0.014352267608,41.5200233459,0,0,0,0,5.33071838018e-14,588198.736828
20.0916666667,-1.02625954241e-05,0.599783360958,2.40005660057,-5.11741855007e-05,5.3414809372e-05,20,20,1.89662480354,0.014352267608,41.5200233459,0,0,0,0,7.45314229434e-14,588198.736828
20.1027777778,-1.02625954241e-05,0.599783360958,2.40005660057,-5.11741855007e-05,5.3414809372e-05,20,20,1.89662480354,0.014352267608,41.5200233459,0,0,0,0,8.33413592242e-15,588198.736828
20.1138888889,-1.02625954241e-05,0.599783360958,2.40005660057,-5.11741855007e-05,4.5786920964e-05,20,20,1.89662480354,0.014352267608,41.5200233459,0,0,0,0,1.17394959231e-14,588198.736828
20.125,-1.02625954241e-05,0.599783360958,2.40005660057,-5.11741855007e-05,5.3414809372e-05,20,20,1.89662480354,0.014352267608,41.5200233459,0,0,0,0,4.03424232429e-14,588198.736828
20.1361111111,-1.02625954241e-05,0.599783360958,2.40005660057,-5.11741855007e-05,5.3414809372e-05,20,20,1.89662480354,0.014352267608,41.5200233459,0,0,0,0,1.07336282994e-13,588198.736828
20.1472222222,-1.02625954241e-05,0.599783360958,2.40005660057,-5.11741855007e-05,4.5786920964e-05,20,20,1.89662480354,0.014352267608,41.5200233459,0,0,0,0,1.5583768114e-13,588198.736828
20.1583333333,-1.02625954241e-05,0.599783360958,2.40005660057,-5.11741855007e-05,5.3414809372e-05,20,20,1.89662480354,0.014352267608,41.5200233459,0,0,0,0,4.29732123597e-14,588198.736828
20.1694444444,-1.02625954241e-05,0.599783360958,2.40005660057,-5.11741855007e-05,5.3414809372e-05,20,20,1.89662480354,0.014352267608,41.5200233459,0,0,0,0,1.76170126363e-14,588198.736828
20.1805555556,-1.02625954241e-05,0.599783360958,2.40005660057,-5.11741855007e-05,5.3414809372e-05,20,20,1.89662480354,0.014352267608,41.5200233459,0,0,0,0,1.40512409458e-14,588198.736828
20.1916666667,-1.02625954241e-05,0.599783360958,2.40005660057,-5.11741855007e-05,5.3414809372e-05,20,20,1.89662480354,0.014352267608,41.5200233459,0,0,0,0,1.58409350067e-13,588198.736828
20.2027777778,-1.02625954241e-05,0.599783360958,2.40005660057,-5.11741855007e-05,4.5786920964e-05,20,20,1.89662480354,0.014352267608,41.5200233459,0,0,0,0,4.89029995918e-15,588198.736828
20.2138888889,-1.02625954241e-05,0.599783360958,2.40005660057,-5.11741855007e-05,5.3414809372e-05,20,20,1.89662480354,0.014352267608,41.5200233459,0,0,0,0,6.18233303272e-15,588198.736828
20.225,-1.02625954241e-05,0.599783360958,2.40005660057,-5.11741855007e-05,5.3414809372e-05,20,20,1.89662480354,0.014352267608,41.5200233459,0,0,0,0,1.86790104978e-14,588198.736828
20.2361111111,-1.02625954241e-05,0.599783360958,2.40005660057,-5.11741855007e-05,5.3414809372e-05,20,20,1.89662480354,0.014352267608,41.5200233459,0,0,0,0,7.95968036478e-14,588198.736828
20.2472222222,-1.02625954241e-05,0.599783360958,2.40005660057,-5.11741855007e-05,5.3414809372e-05,20,20,1.89662480354,0.014352267608,41.5200233459,0,0,0,0,4.98772281274e-14,588198.736828
20.2583333333,-1.02625954241e-05,0.599783360958,2.40005660057,-5.11741855007e-05,4.5786920964e-05,20,20,1.89662480354,0.014352267608,41.5200233459,0,0,0,0,1.18601462462e-13,588198.736828
20.2694444444,-1.02625954241e-05,0.599783360958,2.40005660057,-5.11741855007e-05,5.3414809372e-05,20,20,1.89662480354,0.014352267608,41.5200233459,0,0,0,0,8.67340457726e-14,588198.736828
20.2805555556,-1.02625954241e-05,0.599783360958,2.40005660057,-5.11741855007e-05,5.3414809372e-05,20,20,1.89662480354,0.014352267608,41.5200233459,0,0,0,0,1.26662959199e-13,588198.736828
20.2916666667,-1.02625954241e-05,0.599783360958,2.40005660057,-5.11741855007e-05,4.5786920964e-05,20,20,1.89662480354,0.014352267608,41.5200233459,0,0,0,0,2.29023318257e-14,588198.736828
20.3027777778,-1.02625954241e-05,0.599783360958,2.40005660057,-5.11741855007e-05,5.3414809372e-05,20,20,1.89662480354,0.014352267608,41.5200233459,0,0,0,0,6.99476695583e-14,588198.736828
20.3138888889,-1.02625954241e-05,0.599783360958,2.40005660057,-5.11741855007e-05,5.3414809372e-05,20,20,1.89662480354,0.014352267608,41.5200233459,0,0,0,0,1.22189666397e-13,588198.736828
20.325,-1.02625954241e-05,0.599783360958,2.40005660057,-5.11741855007e-05,5.3414809372e-05,20,20,1.89662480354,0.014352267608,41.5200233459,0,0,0,0,4.0946975044e-14,588198.736828
20.3361111111,-1.02625954241e-05,0.599783360958,2.40005660057,-5.11741855007e-05,5.3414809372e-05,20,20,1.89662480354,0.014352267608,41.5200233459,0,0,0,0,3.80913006976e-14,588198.736828
20.3472222222,-1.02625954241e-05,0.599783360958,2.40005660057,-5.11741855007e-05,4.5786920964e-05,20,20,1.89662480354,0.014352267608,41.5200233459,0,0,0,0,2.86995061131e-14,588198.736828
20.3583333333,-1.02625954241e-05,0.599783360958,2.40005660057,-5.11741855007e-05,5.3414809372e-05,20,20,1.89662480354,0.014352267608,41.5200233459,0,0,0,0,4.33467186872e-14,588198.736828
20.3694444444,-1.02625954241e-05,0.599783360958,2.40005660057,-5.11741855007e-05,5.3414809372e-05,20,20,1.89662480354,0.014352267608,41.5200233459,0,0,0,0,1.13504687461e-14,588198.736828
20.3805555556,-1.02625954241e-05,0.599783360958,2.40005660057,-5.11741855007e-05,5.3414809372e-05,20,20,1.89662480354,0.014352267608,41.5200233459,0,0,0,0,4.93776365565e-15,588198.736828
20.3916666667,-1.02625954241e-05,0.599783360958,2.40005660057,-5.11741855007e-05,5.3414809372e-05,20,20,1.89662480354,0.014352267608,41.5200233459,0,0,0,0,8.1868417661e-15,588198.736828
20.4027777778,-1.02625954241e-05,0.599783360958,2.40005660057,-5.11741855007e-05,4.5786920964e-05,20,20,1.89662480354,0.014352267608,41.5200233459,0,0,0,0,6.84027103943e-15,588198.736828
20.4138888889,-1.02625954241e-05,0.599783360958,2.40005660057,-5.11741855007e-05,5.3414809372e-05,20,20,1.89662480354,0.014352267608,41.5200233459,0,0,0,0,1.86206853073e-14,588198.736828
20.425,-1.02625954241e-05,0.599783360958,2.40005660057,-5.11741855007e-05,5.3414809372e-05,20,20,1.89662480354,0.014352267608,41.5200233459,0,0,0,0,3.0602126858e-14,588198.736828
20.4361111111,-1.02625954241e-05,0.599783360958,2.40005660057,-5.11741855007e-05,4.5786920964e-05,20,20,1.89662480354,0.014352267608,41.5200233459,0,0,0,0,1.73882774188e-14,588198.736828
20.4472222222,-1.02625954241e-05,0.599783360958,2.40005660057,-5.11741855007e-05,5.3414809372e-05,20,20,1.89662480354,0.014352267608,41.5200233459,0,0,0,0,6.90716423662e-14,588198.736828
20.4583333333,-1.02625954241e-05,0.599783360958,2.40005660057,-5.11741855007e-05,5.3414809372e-05,20,20,1.89662480354,0.014352267608,41.5200233459,0,0,0,0,7.50803616499e-14,588198.736828
20.4694444444,-1.02625954241e-05,0.599783360958,2.40005660057,-5.11741855007e-05,5.3414809372e-05,20,20,1.89662480354,0.014352267608,41.5200233459,0,0,0,0,1.33164604048e-14,588198.736828
20.4805555556,-1.02625954241e-05,0.599783360958,2.40005660057,-5.11741855007e-05,5.3414809372e-05,20,20,1.89662480354,0.014352267608,41.5200233459,0,0,0,0,3.20552815683e-14,588198.736828
20.4916666667,-1.02625954241e-05,0.599783360958,2.40005660057,-5.11741855007e-05,4.5786920964e-05,20,20,1.89662480354,0.014352267608,41.5200233459,0,0,0,0,4.46492320081e-14,588198.736828
20.5027777778,-1.02625954241e-05,0.599783360958,2.40005660057,-5.11741855007e-05,5.3414809372e-05,20,20,1.89662480354,0.014352267608,41.5200233459,0,0,0,0,4.29734716269e-14,588198.736828
20.5138888889,-1.02625954241e-05,0.599783360958,2.40005660057,-5.11741855007e-05,5.3414809372e-05,20,20,1.89662480354,0.014352267608,41.5200233459,0,0,0,0,9.20048455251e-14,588198.736828
20.525,-1.02625954241e-05,0.599783360958,2.40005660057,-5.11741855007e-05,5.3414809372e-05,20,20,1.89662480354,0.014352267608,41.5200233459,0,0,0,0,2.90147036739e-13,588198.736828
20.5361111111,-1.02625954241e-05,0.599783360958,2.40005660057,-5.11741855007e-05,5.3414809372e-05,20,20,1.89662480354,0.014352267608,41.5200233459,0,0,0,0,6.21456233175e-14,588198.736828
20.5472222222,-1.02625954241e-05,0.599783360958,2.40005660057,-5.11741855007e-05,4.5786920964e-05,20,20,1.89662480354,0.014352267608,41.5200233459,0,0,0,0,1.42635750632e-14,588198.736828
20.5583333333,-1.02625954241e-05,0.599783360958,2.40005660057,-5.11741855007e-05,5.3414809372e-05,20,20,1.89662480354,0.014352267608,41.5200233459,0,0,0,0,2.91542961103e-13,588198.736828
20.5694444444,-1.02625954241e-05,0.599783360958,2.40005660057,-5.11741855007e-05,5.3414809372e-05,20,20,1.89662480354,0.014352267608,41.5200233459,0,0,0,0,1.22260283e-13,588198.736828
20.5805555556,-1.02625954241e-05,0.599783360958,2.40005660057,-5.11741855007e-05,4.5786920964e-05,20,20,1.89662480354,0.014352267608,41.5200233459,0,0,0,0,1.42407008083e-13,588198.736828
20.5916666667,-1.02625954241e-05,0.599783360958,2.40005660057,-5.11741855007e-05,5.3414809372e-05,20,20,1.89662480354,0.014352267608,41.5200233459,0,0,0,0,6.02886807847e-14,588198.736828
20.6027777778,-1.02625954241e-05,0.599783360958,2.40005660057,-5.11741855007e-05,5.3414809372e-05,20,20,1.89662480354,0.014352267608,41.5200233459,0,0,0,0,3.18039910962e-14,588198.736828
20.6138888889,-1.02625954241e-05,0.599783360958,2.40005660057,-5.11741855007e-05,5.3414809372e-05,20,20,1.89662480354,0.014352267608,41.5200233459,0,0,0,0,6.07910155796e-14,588198.736828
20.625,-1.02625954241e-05,0.599783360958,2.40005660057,-5.11741855007e-05,5.3414809372e-05,20,20,1.89662480354,0.014352267608,41.5200233459,0,0,0,0,4.60430795027e-14,588198.736828
20.6361111111,-1.02625954241e-05,0.599783360958,2.40005660057,-5.11741855007e-05,4.5786920964e-05,20,20,1.89662480354,0.014352267608,41.5200233459,0,0,0,0,1.92859680731e-14,588198.736828
20.6472222222,-1.02625954241e-05,0.599783360958,2.40005660057,-5.11741855007e-05,5.3414809372e-05,20,20,1.89662480354,0.014352267608,41.5200233459,0,0,0,0,6.33210360716e-15,588198.736828
20.6583333333,-1.02625954241e-05,0.599783360958,2.40005660057,-5.11741855007e-05,5.3414809372e-05,20,20,1.89662480354,0.014352267608,41.5200233459,0,0,0,0,3.88496192725e-14,588198.736828
20.6694444444,-1.02625954241e-05,0.599783360958,2.40005660057,-5.11741855007e-05,5.3414809372e-05,20,20,1.89662480354,0.014352267608,41.5200233459,0,0,0,0,1.66947880885e-14,588198.736828
20.6805555556,-1.02625954241e-05,0.599783360958,2.40005660057,-5.11741855007e-05,5.3414809372e-05,20,20,1.89662480354,0.014352267608,41.5200233459,0,0,0,0,6.58721586086e-14,588198.736828
20.6916666667,-1.02625954241e-05,0.599783360958,2.40005660057,-5.11741855007e-05,4.5786920964e-05,20,20,1.89662480354,0.014352267608,41.5200233459,0,0,0,0,6.48946455708e-14,588198.736828
20.7027777778,-1.02625954241e-05,0.599783360958,2.40005660057,-5.11741855007e-05,5.3414809372e-05,20,20,1.89662480354,0.014352267608,41.5200233459,0,0,0,0,1.12823347004e-14,588198.736828
20.7138888889,-1.02625954241e-05,0.599783360958,2.40005660057,-5.11741855007e-05,5.3414809372e-05,20,20,1.89662480354,0.014352267608,41.5200233459,0,0,0,0,1.4612616142e-13,588198.736828
20.725,-1.02625954241e-05,0.599783360958,2.40005660057,-5.11741855007e-05,4.5786920964e-05,20,20,1.89662480354,0.014352267608,41.5200233459,0,0,0,0,2.67290417209e-13,588198.736828
20.7361111111,-1.02625954241e-05,0.599783360958,2.40005660057,-5.11741855007e-05,5.3414809372e-05,20,20,1.89662480354,0.014352267608,41.5200233459,0,0,0,0,3.20842265641e-13,588198.736828
20.7472222222,-1.02625954241e-05,0.599783360958,2.40005660057,-5.11741855007e-05,5.3414809372e-05,20,20,1.89662480354,0.014352267608,41.5200233459,0,0,0,0,2.15094673502e-13,588198.736828
20.7583333333,-1.02625954241e-05,0.599783360958,2.40005660057,-5.11741855007e-05,5.3414809372e-05,20,20,1.89662480354,0.014352267608,41.5200233459,0,0,0,0,2.37418024722e-13,588198.736828
20.7694444444,-1.02625954241e-05,0.599783360958,2.40005660057,-5.11741855007e-05,5.3414809372e-05,20,20,1.89662480354,0.014352267608,41.5200233459,0,0,0,0,7.77710940871e-14,588198.736828
20.7805555556,-1.02625954241e-05,0.599783360958,2.40005660057,-5.11741855007e-05,4.5786920964e-05,20,20,1.89662480354,0.014352267608,41.5200233459,0,0,0,0,1.328289009e-13,588198.736828
20.7916666667,-1.02625954241e-05,0.599783360958,2.40005660057,-5.11741855007e-05,5.3414809372e-05,20,20,1.89662480354,0.014352267608,41.5200233459,0,0,0,0,4.13553594365e-14,588198.736828
20.8027777778,-1.02625954241e-05,0.599783360958,2.40005660057,-5.11741855007e-05,5.3414809372e-05,20,20,1.89662480354,0.014352267608,41.5200233459,0,0,0,0,3.02454809342e-13,588198.736828
20.8138888889,-1.02625954241e-05,0.599783360958,2.40005660057,-5.11741855007e-05,5.3414809372e-05,20,20,1.89662480354,0.014352267608,41.5200233459,0,0,0,0,1.11167730509e-13,588198.736828
20.825,-1.02625954241e-05,0.599783360958,2.40005660057,-5.11741855007e-05,5.3414809372e-05,20,20,1.89662480354,0.014352267608,41.5200233459,0,0,0,0,2.45333376457e-14,588198.736828
20.8361111111,-1.02625954241e-05,0.599783360958,2.40005660057,-5.11741855007e-05,4.5786920964e-05,20,20,1.89662480354,0.014352267608,41.5200233459,0,0,0,0,3.00100111289e-14,588198.736828
20.8472222222,-1.02625954241e-05,0.599783360958,2.40005660057,-5.11741855007e-05,5.3414809372e-05,20,20,1.89662480354,0.014352267608,41.5200233459,0,0,0,0,3.75567078298e-14,588198.736828
20.8583333333,-1.02625954241e-05,0.599783360958,2.40005660057,-5.11741855007e-05,5.3414809372e-05,20,20,1.89662480354,0.014352267608,41.5200233459,0,0,0,0,1.00825999233e-14,588198.736828
20.8694444444,-1.02625954241e-05,0.599783360958,2.40005660057,-5.11741855007e-05,4.5786920964e-05,20,20,1.89662480354,0.014352267608,41.5200233459,0,0,0,0,1.21188968245e-13,588198.736828
20.8805555556,-1.02625954241e-05,0.599783360958,2.40005660057,-5.11741855007e-05,5.3414809372e-05,20,20,1.89662480354,0.014352267608,41.5200233459,0,0,0,0,1.64955524845e-14,588198.736828
20.8916666667,-1.02625954241e-05,0.599783360958,2.40005660057,-5.11741855007e-05,5.3414809372e-05,20,20,1.89662480354,0.014352267608,41.5200233459,0,0,0,0,7.11534215053e-14,588198.736828
20.9027777778,-1.02625954241e-05,0.599783360958,2.40005660057,-5.11741855007e-05,5.3414809372e-05,20,20,1.89662480354,0.014352267608,41.5200233459,0,0,0,0,1.47587335144e-13,588198.736828
20.9138888889,-1.02625954241e-05,0.599783360958,2.40005660057,-5.11741855007e-05,5.3414809372e-05,20,20,1.89662480354,0.014352267608,41.5200233459,0,0,0,0,5.29611112324e-14,588198.736828
20.925,-1.02625954241e-05,0.599783360958,2.40005660057,-5.11741855007e-05,4.5786920964e-05,20,20,1.89662480354,0.014352267608,41.5200233459,0,0,0,0,7.45509476899e-14,588198.736828
20.9361111111,-1.02625954241e-05,0.599783360958,2.40005660057,-5.11741855007e-05,5.3414809372e-05,20,20,1.89662480354,0.014352267608,41.5200233459,0,0,0,0,4.58074206695e-14,588198.736828
20.9472222222,-1.02625954241e-05,0.599783360958,2.40005660057,-5.11741855007e-05,5.3414809372e-05,20,20,1.89662480354,0.014352267608,41.5200233459,0,0,0,0,1.84780965837e-13,588198.736828
20.9583333333,-1.02625954241e-05,0.599783360958,2.40005660057,-5.11741855007e-05,5.3414809372e-05,20,20,1.89662480354,0.014352267608,41.5200233459,0,0,0,0,1.22044689072e-13,588198.736828
20.9694444444,-1.02625954241e-05,0.599783360958,2.40005660057,-5.11741855007e-05,5.3414809372e-05,20,20,1.89662480354,0.014352267608,41.5200233459,0,0,0,0,3.62546804945e-14,588198.736828
20.9805555556,-1.02625954241e-05,0.599783360958,2.40005660057,-5.11741855007e-05,4.5786920964e-05,20,20,1.89662480354,0.014352267608,41.5200233459,0,0,0,0,1.96456783899e-13,588198.736828
20.9916666667,-1.02625954241e-05,0.599783360958,2.40005660057,-5.11741855007e-05,5.3414809372e-05,20,20,1.89662480354,0.014352267608,41.5200233459,0,0,0,0,5.44359363259e-14,588198.736828
21.0027777778,-1.02625954241e-05,0.599783360958,2.40005660057,-5.11741855007e-05,5.3414809372e-05,20,20,1.89662480354,0.014352267608,41.5200233459,0,0,0,0,6.46347885041e-14,588198.736828
21.0138888889,-1.02625954241e-05,0.599783360958,2.40005660057,-5.11741855007e-05,4.5786920964e-05,20,20,1.89662480354,0.014352267608,41.5200233459,0,0,0,0,2.26357808499e-14,588198.736828
21.025,-1.02625954241e-05,0.599783360958,2.40005660057,-5.11741855007e-05,5.3414809372e-05,20,20,1.89662480354,0.014352267608,41.5200233459,0,0,0,0,7.13598920902e-14,588198.736828
21.0361111111,-1.02625954241e-05,0.599783360958,2.40005660057,-5.11741855007e-05,5.3414809372e-05,20,20,1.89662480354,0.014352267608,41.5200233459,0,0,0,0,1.03897690419e-14,588198.736828
21.0472222222,-1.02625954241e-05,0.599783360958,2.40005660057,-5.11741855007e-05,5.3414809372e-05,20,20,1.89662480354,0.014352267608,41.5200233459,0,0,0,0,4.11468643409e-14,588198.736828
21.0583333333,-1.02625954241e-05,0.599783360958,2.40005660057,-5.11741855007e-05,5.3414809372e-05,20,20,1.89662480354,0.014352267608,41.5200233459,0,0,0,0,2.32090335431e-14,588198.736828
21.0694444444,-1.02625954241e-05,0.599783360958,2.40005660057,-5.11741855007e-05,4.5786920964e-05,20,20,1.89662480354,0.014352267608,41.5200233459,0,0,0,0,2.92835204364e-14,588198.736828
21.0805555556,-1.02625954241e-05,0.599783360958,2.40005660057,-5.11741855007e-05,5.3414809372e-05,20,20,1.89662480354,0.014352267608,41.5200233459,0,0,0,0,2.51041653193e-14,588198.736828
21.0916666667,-1.02625954241e-05,0.599783360958,2.40005660057,-5.11741855007e-05,5.3414809372e-05,20,20,1.89662480354,0.014352267608,41.5200233459,0,0,0,0,8.39160485536e-14,588198.736828
21.1027777778,-1.02625954241e-05,0.599783360958,2.40005660057,-5.11741855007e-05,5.3414809372e-05,20,20,1.89662480354,0.014352267608,41.5200233459,0,0,0,0,4.77276476373e-14,588198.736828
21.1138888889,-1.02625954241e-05,0.599783360958,2.40005660057,-5.11741855007e-05,5.3414809372e-05,20,20,1.89662480354,0.014352267608,41.5200233459,0,0,0,0,6.98277771051e-14,588198.736828
21.125,-1.02625954241e-05,0.599783360958,2.40005660057,-5.11741855007e-05,4.5786920964e-05,20,20,1.89662480354,0.014352267608,41.5200233459,0,0,0,0,1.19511301358e-13,588198.736828
21.1361111111,-1.02625954241e-05,0.599783360958,2.40005660057,-5.11741855007e-05,5.3414809372e-05,20,20,1.89662480354,0.014352267608,41.5200233459,0,0,0,0,7.41268609134e-14,588198.736828
21.1472222222,-1.02625954241e-05,0.599783360958,2.40005660057,-5.11741855007e-05,5.3414809372e-05,20,20,1.89662480354,0.014352267608,41.5200233459,0,0,0,0,8.45983992041e-14,588198.736828
21.1583333333,-1.02625954241e-05,0.599783360958,2.40005660057,-5.11741855007e-05,4.5786920964e-05,20,20,1.89662480354,0.014352267608,41.5200233459,0,0,0,0,1.15425842002e-13,588198.736828
21.1694444444,-1.02625954241e-05,0.599783360958,2.40005660057,-5.11741855007e-05,5.3414809372e-05,20,20,1.89662480354,0.014352267608,41.5200233459,0,0,0,0,2.38252437672e-13,588198.736828
21.1805555556,-1.02625954241e-05,0.599783360958,2.40005660057,-5.11741855007e-05,5.3414809372e-05,20,20,1.89662480354,0.014352267608,41.5200233459,0,0,0,0,7.84598182352e-14,588198.736828
21.1916666667,-1.02625954241e-05,0.599783360958,2.40005660057,-5.11741855007e-05,5.3414809372e-05,20,20,1.89662480354,0.014352267608,41.5200233459,0,0,0,0,1.20950988038e-13,588198.736828
21.2027777778,-1.02625954241e-05,0.599783360958,2.40005660057,-5.11741855007e-05,5.3414809372e-05,20,20,1.89662480354,0.014352267608,41.5200233459,0,0,0,0,7.92121698344e-14,588198.736828
21.2138888889,-1.02625954241e-05,0.599783360958,2.40005660057,-5.11741855007e-05,4.5786920964e-05,20,20,1.89662480354,0.014352267608,41.5200233459,0,0,0,0,8.6328329609e-14,588198.736828
21.225,-1.02625954241e-05,0.599783360958,2.40005660057,-5.11741855007e-05,5.3414809372e-05,20,20,1.89662480354,0.014352267608,41.5200233459,0,0,0,0,1.41826975781e-13,588198.736828
21.2361111111,-1.02625954241e-05,0.599783360958,2.40005660057,-5.11741855007e-05,5.3414809372e-05,20,20,1.89662480354,0.014352267608,41.5200233459,0,0,0,0,3.79104128446e-14,588198.736828
21.2472222222,-1.02625954241e-05,0.599783360958,2.40005660057,-5.11741855007e-05,5.3414809372e-05,20,20,1.89662480354,0.014352267608,41.5200233459,0,0,0,0,7.21328588837e-14,588198.736828
21.2583333333,-1.02625954241e-05,0.599783360958,2.40005660057,-5.11741855007e-05,5.3414809372e-05,20,20,1.89662480354,0.014352267608,41.5200233459,0,0,0,0,4.91691324501e-14,588198.736828
21.2694444444,-1.02625954241e-05,0.599783360958,2.40005660057,-5.11741855007e-05,4.5786920964e-05,20,20,1.89662480354,0.014352267608,41.5200233459,0,0,0,0,1.47716673073e-14,588198.736828
21.2805555556,-1.02625954241e-05,0.599783360958,2.40005660057,-5.11741855007e-05,5.3414809372e-05,20,20,1.89662480354,0.014352267608,41.5200233459,0,0,0,0,1.11504437204e-13,588198.736828
21.2916666667,-1.02625954241e-05,0.599783360958,2.40005660057,-5.11741855007e-05,5.3414809372e-05,20,20,1.89662480354,0.014352267608,41.5200233459,0,0,0,0,6.41639971784e-14,588198.736828
21.3027777778,-1.02625954241e-05,0.599783360958,2.40005660057,-5.11741855007e-05,4.5786920964e-05,20,20,1.89662480354,0.014352267608,41.5200233459,0,0,0,0,5.46899722908e-14,588198.736828
21.3138888889,-1.02625954241e-05,0.599783360958,2.40005660057,-5.11741855007e-05,5.3414809372e-05,20,20,1.89662480354,0.014352267608,41.5200233459,0,0,0,0,2.97750991736e-14,588198.736828
21.325,-1.02625954241e-05,0.599783360958,2.40005660057,-5.11741855007e-05,5.3414809372e-05,20,20,1.89662480354,0.014352267608,41.5200233459,0,0,0,0,1.38283210775e-14,588198.736828
21.3361111111,-1.02625954241e-05,0.599783360958,2.40005660057,-5.11741855007e-05,5.3414809372e-05,20,20,1.89662480354,0.014352267608,41.5200233459,0,0,0,0,2.13262359692e-14,588198.736828
21.3472222222,-1.02625954241e-05,0.599783360958,2.40005660057,-5.11741855007e-05,5.3414809372e-05,20,20,1.89662480354,0.014352267608,41.5200233459,0,0,0,0,1.62521272912e-13,588198.736828
21.3583333333,-1.02625954241e-05,0.599783360958,2.40005660057,-5.11741855007e-05,4.5786920964e-05,20,20,1.89662480354,0.014352267608,41.5200233459,0,0,0,0,1.22831698566e-14,588198.736828
21.3694444444,-1.02625954241e-05,0.599783360958,2.40005660057,-5.11741855007e-05,5.3414809372e-05,20,20,1.89662480354,0.014352267608,41.5200233459,0,0,0,0,9.17953054266e-14,588198.736828
21.3805555556,-1.02625954241e-05,0.599783360958,2.40005660057,-5.11741855007e-05,5.3414809372e-05,20,20,1.89662480354,0.014352267608,41.5200233459,0,0,0,0,6.84457762123e-14,588198.736828
21.3916666667,-1.02625954241e-05,0.599783360958,2.40005660057,-5.11741855007e-05,5.3414809372e-05,20,20,1.89662480354,0.014352267608,41.5200233459,0,0,0,0,1.58651390072e-13,588198.736828
21.4027777778,-1.02625954241e-05,0.599783360958,2.40005660057,-5.11741855007e-05,5.3414809372e-05,20,20,1.89662480354,0.014352267608,41.5200233459,0,0,0,0,1.40866753173e-13,588198.736828
21.4138888889,-1.02625954241e-05,0.599783360958,2.40005660057,-5.11741855007e-05,4.5786920964e-05,20,20,1.89662480354,0.014352267608,41.5200233459,0,0,0,0,9.80623714217e-14,588198.736828
21.425,-1.02625954241e-05,0.599783360958,2.40005660057,-5.11741855007e-05,5.3414809372e-05,20,20,1.89662480354,0.014352267608,41.5200233459,0,0,0,0,1.67827637837e-13,588198.736828
21.4361111111,-1.02625954241e-05,0.599783360958,2.40005660057,-5.11741855007e-05,5.3414809372e-05,20,20,1.89662480354,0.014352267608,41.5200233459,0,0,0,0,6.58539334725e-14,588198.736828
21.4472222222,-1.02625954241e-05,0.599783360958,2.40005660057,-5.11741855007e-05,4.5786920964e-05,20,20,1.89662480354,0.014352267608,41.5200233459,0,0,0,0,2.92156558806e-14,588198.736828
21.4583333333,-1.02625954241e-05,0.599783360958,2.40005660057,-5.11741855007e-05,5.3414809372e-05,20,20,1.89662480354,0.014352267608,41.5200233459,0,0,0,0,2.43761765836e-14,588198.736828
21.4694444444,-1.02625954241e-05,0.599783360958,2.40005660057,-5.11741855007e-05,5.3414809372e-05,20,20,1.89662480354,0.014352267608,41.5200233459,0,0,0,0,4.56570155989e-14,588198.736828
21.4805555556,-1.02625954241e-05,0.599783360958,2.40005660057,-5.11741855007e-05,5.3414809372e-05,20,20,1.89662480354,0.014352267608,41.5200233459,0,0,0,0,3.31846822035e-14,588198.736828
21.4916666667,-1.02625954241e-05,0.599783360958,2.40005660057,-5.11741855007e-05,5.3414809372e-05,20,20,1.89662480354,0.014352267608,41.5200233459,0,0,0,0,2.18186078734e-14,588198.736828
21.5027777778,-1.02625954241e-05,0.599783360958,2.40005660057,-5.11741855007e-05,4.5786920964e-05,20,20,1.89662480354,0.014352267608,41.5200233459,0,0,0,0,1.11285663401e-14,588198.736828
21.5138888889,-1.02625954241e-05,0.599783360958,2.40005660057,-5.11741855007e-05,5.3414809372e-05,20,20,1.89662480354,0.014352267608,41.5200233459,0,0,0,0,1.21583200085e-14,588198.736828
21.525,-1.02625954241e-05,0.599783360958,2.40005660057,-5.11741855007e-05,5.3414809372e-05,20,20,1.89662480354,0.014352267608,41.5200233459,0,0,0,0,1.22955741451e-14,588198.736828
21.5361111111,-1.02625954241e-05,0.599783360958,2.40005660057,-5.11741855007e-05,5.3414809372e-05,20,20,1.89662480354,0.014352267608,41.5200233459,0,0,0,0,1.47011349177e-14,588198.736828
21.5472222222,-1.02625954241e-05,0.599783360958,2.40005660057,-5.11741855007e-05,5.3414809372e-05,20,20,1.89662480354,0.014352267608,41.5200233459,0,0,0,0,5.61877407794e-14,588198.736828
21.5583333333,-1.02625954241e-05,0.599783360958,2.40005660057,-5.11741855007e-05,4.5786920964e-05,20,20,1.89662480354,0.014352267608,41.5200233459,0,0,0,0,7.60782078624e-14,588198.736828
21.5694444444,-1.02625954241e-05,0.599783360958,2.40005660057,-5.11741855007e-05,5.3414809372e-05,20,20,1.89662480354,0.014352267608,41.5200233459,0,0,0,0,2.58072726677e-14,588198.736828
21.5805555556,-1.02625954241e-05,0.599783360958,2.40005660057,-5.11741855007e-05,5.3414809372e-05,20,20,1.89662480354,0.014352267608,41.5200233459,0,0,0,0,1.01873625798e-14,588198.736828
21.5916666667,-1.02625954241e-05,0.599783360958,2.40005660057,-5.11741855007e-05,4.5786920964e-05,20,20,1.89662480354,0.014352267608,41.5200233459,0,0,0,0,2.93101503251e-14,588198.736828
21.6027777778,-1.02625954241e-05,0.599783360958,2.40005660057,-5.11741855007e-05,5.3414809372e-05,20,20,1.89662480354,0.014352267608,41.5200233459,0,0,0,0,3.29408702261e-14,588198.736828
21.6138888889,-1.02625954241e-05,0.599783360958,2.40005660057,-5.11741855007e-05,5.3414809372e-05,20,20,1.89662480354,0.014352267608,41.5200233459,0,0,0,0,3.30133039936e-14,588198.736828
21.625,-1.02625954241e-05,0.599783360958,2.40005660057,-5.11741855007e-05,5.3414809372e-05,20,20,1.89662480354,0.014352267608,41.5200233459,0,0,0,0,2.47073351654e-14,588198.736828
21.6361111111,-1.02625954241e-05,0.599783360958,2.40005660057,-5.11741855007e-05,5.3414809372e-05,20,20,1.89662480354,0.014352267608,41.5200233459,0,0,0,0,9.986840519e-14,588198.736828
21.6472222222,-1.02625954241e-05,0.599783360958,2.40005660057,-5.11741855007e-05,4.5786920964e-05,20,20,1.89662480354,0.014352267608,41.5200233459,0,0,0,0,1.03864255719e-13,588198.736828
21.6583333333,-1.02625954241e-05,0.599783360958,2.40005660057,-5.11741855007e-05,5.3414809372e-05,20,20,1.89662480354,0.014352267608,41.5200233459,0,0,0,0,1.43696315062e-13,588198.736828
21.6694444444,-1.02625954241e-05,0.599783360958,2.40005660057,-5.11741855007e-05,5.3414809372e-05,20,20,1.89662480354,0.014352267608,41.5200233459,0,0,0,0,2.5319018469e-13,588198.736828
21.6805555556,-1.02625954241e-05,0.599783360958,2.40005660057,-5.11741855007e-05,5.3414809372e-05,20,20,1.89662480354,0.014352267608,41.5200233459,0,0,0,0,1.26244815278e-13,588198.736828
21.6916666667,-1.02625954241e-05,0.599783360958,2.40005660057,-5.11741855007e-05,5.3414809372e-05,20,20,1.89662480354,0.014352267608,41.5200233459,0,0,0,0,2.24840337605e-13,588198.736828
21.7027777778,-1.02625954241e-05,0.599783360958,2.40005660057,-5.11741855007e-05,4.5786920964e-05,20,20,1.89662480354,0.014352267608,41.5200233459,0,0,0,0,2.05807558507e-13,588198.736828
21.7138888889,-1.02625954241e-05,0.599783360958,2.40005660057,-5.11741855007e-05,5.3414809372e-05,20,20,1.89662480354,0.014352267608,41.5200233459,0,0,0,0,3.39299011662e-13,588198.736828
21.725,-1.02625954241e-05,0.599783360958,2.40005660057,-5.11741855007e-05,5.3414809372e-05,20,20,1.89662480354,0.014352267608,41.5200233459,0,0,0,0,3.26927713598e-13,588198.736828
21.7361111111,-1.02625954241e-05,0.599783360958,2.40005660057,-5.11741855007e-05,4.5786920964e-05,20,20,1.89662480354,0.014352267608,41.5200233459,0,0,0,0,6.02474665125e-13,588198.736828
21.7472222222,-1.02625954241e-05,0.599783360958,2.40005660057,-5.11741855007e-05,5.3414809372e-05,20,20,1.89662480354,0.014352267608,41.5200233459,0,0,0,0,4.10297926928e-13,588198.736828
21.7583333333,-1.02625954241e-05,0.599783360958,2.40005660057,-5.11741855007e-05,5.3414809372e-05,20,20,1.89662480354,0.014352267608,41.5200233459,0,0,0,0,2.8273897096e-13,588198.736828
21.7694444444,-1.02625954241e-05,0.599783360958,2.40005660057,-5.11741855007e-05,5.3414809372e-05,20,20,1.89662480354,0.014352267608,41.5200233459,0,0,0,0,3.63686306426e-13,588198.736828
21.7805555556,-1.02625954241e-05,0.599783360958,2.40005660057,-5.11741855007e-05,5.3414809372e-05,20,20,1.89662480354,0.014352267608,41.5200233459,0,0,0,0,3.02548250798e-13,588198.736828
21.7916666667,-1.02625954241e-05,0.599783360958,2.40005660057,-5.11741855007e-05,4.5786920964e-05,20,20,1.89662480354,0.014352267608,41.5200233459,0,0,0,0,3.09685885056e-13,588198.736828
21.8027777778,-1.02625954241e-05,0.599783360958,2.40005660057,-5.11741855007e-05,5.3414809372e-05,20,20,1.89662480354,0.014352267608,41.5200233459,0,0,0,0,3.47787581813e-13,588198.736828
21.8138888889,-1.02625954241e-05,0.599783360958,2.40005660057,-5.11741855007e-05,5.3414809372e-05,20,20,1.89662480354,0.014352267608,41.5200233459,0,0,0,0,5.64916825838e-13,588198.736828
21.825,-1.02625954241e-05,0.599783360958,2.40005660057,-5.11741855007e-05,5.3414809372e-05,20,20,1.89662480354,0.014352267608,41.5200233459,0,0,0,0,6.48875382436e-14,588198.736828
21.8361111111,-1.02625954241e-05,0.599783360958,2.40005660057,-5.11741855007e-05,5.3414809372e-05,20,20,1.89662480354,0.014352267608,41.5200233459,0,0,0,0,8.61303283289e-15,588198.736828
21.8472222222,-1.02625954241e-05,0.599783360958,2.40005660057,-5.11741855007e-05,4.5786920964e-05,20,20,1.89662480354,0.014352267608,41.5200233459,0,0,0,0,2.02687827676e-14,588198.736828
21.8583333333,-1.02625954241e-05,0.599783360958,2.40005660057,-5.11741855007e-05,5.3414809372e-05,20,20,1.89662480354,0.014352267608,41.5200233459,0,0,0,0,5.85769560628e-15,588198.736828
21.8694444444,-1.02625954241e-05,0.599783360958,2.40005660057,-5.11741855007e-05,5.3414809372e-05,20,20,1.89662480354,0.014352267608,41.5200233459,0,0,0,0,1.38011450059e-14,588198.736828
21.8805555556,-1.02625954241e-05,0.599783360958,2.40005660057,-5.11741855007e-05,4.5786920964e-05,20,20,1.89662480354,0.014352267608,41.5200233459,0,0,0,0,3.63533265379e-15,588198.736828
21.8916666667,-1.02625954241e-05,0.599783360958,2.40005660057,-5.11741855007e-05,5.3414809372e-05,20,20,1.89662480354,0.014352267608,41.5200233459,0,0,0,0,2.29224475334e-14,588198.736828
21.9027777778,-1.02625954241e-05,0.599783360958,2.40005660057,-5.11741855007e-05,5.3414809372e-05,20,20,1.89662480354,0.014352267608,41.5200233459,0,0,0,0,2.99413191016e-14,588198.736828
21.9138888889,-1.02625954241e-05,0.599783360958,2.40005660057,-5.11741855007e-05,5.3414809372e-05,20,20,1.89662480354,0.014352267608,41.5200233459,0,0,0,0,3.38001684224e-14,588198.736828
21.925,-1.02625954241e-05,0.599783360958,2.40005660057,-5.11741855007e-05,5.3414809372e-05,20,20,1.89662480354,0.014352267608,41.5200233459,0,0,0,0,6.11245101967e-15,588198.736828
21.9361111111,-1.02625954241e-05,0.599783360958,2.40005660057,-5.11741855007e-05,4.5786920964e-05,20,20,1.89662480354,0.014352267608,41.5200233459,0,0,0,0,3.14123739774e-14,588198.736828
21.9472222222,-1.02625954241e-05,0.599783360958,2.40005660057,-5.11741855007e-05,5.3414809372e-05,20,20,1.89662480354,0.014352267608,41.5200233459,0,0,0,0,5.51709614153e-14,588198.736828
21.9583333333,-1.02625954241e-05,0.599783360958,2.40005660057,-5.11741855007e-05,5.3414809372e-05,20,20,1.89662480354,0.014352267608,41.5200233459,0,0,0,0,5.20237784728e-14,588198.736828
21.9694444444,-1.02625954241e-05,0.599783360958,2.40005660057,-5.11741855007e-05,5.3414809372e-05,20,20,1.89662480354,0.014352267608,41.5200233459,0,0,0,0,2.5924885769e-14,588198.736828
21.9805555556,-1.02625954241e-05,0.599783360958,2.40005660057,-5.11741855007e-05,5.3414809372e-05,20,20,1.89662480354,0.014352267608,41.5200233459,0,0,0,0,6.19052077448e-14,588198.736828
21.9916666667,-1.02625954241e-05,0.599783360958,2.40005660057,-5.11741855007e-05,4.5786920964e-05,20,20,1.89662480354,0.014352267608,41.5200233459,0,0,0,0,2.04720692458e-14,588198.736828
22.0027777778,-1.02625954241e-05,0.599783360958,2.40005660057,-5.11741855007e-05,5.3414809372e-05,20,20,1.89662480354,0.014352267608,41.5200233459,0,0,0,0,1.74897525637e-14,588198.736828
22.0138888889,-1.02625954241e-05,0.599783360958,2.40005660057,-5.11741855007e-05,5.3414809372e-05,20,20,1.89662480354,0.014352267608,41.5200233459,0,0,0,0,1.90247199147e-14,588198.736828
22.025,-1.02625954241e-05,0.599783360958,2.40005660057,-5.11741855007e-05,4.5786920964e-05,20,20,1.89662480354,0.014352267608,41.5200233459,0,0,0,0,4.77865153392e-14,588198.736828
22.0361111111,-1.02625954241e-05,0.599783360958,2.40005660057,-5.11741855007e-05,5.3414809372e-05,20,20,1.89662480354,0.014352267608,41.5200233459,0,0,0,0,6.16868636653e-14,588198.736828
22.0472222222,-1.02625954241e-05,0.599783360958,2.40005660057,-5.11741855007e-05,5.3414809372e-05,20,20,1.89662480354,0.014352267608,41.5200233459,0,0,0,0,3.56830334896e-14,588198.736828
22.0583333333,-1.02625954241e-05,0.599783360958,2.40005660057,-5.11741855007e-05,5.3414809372e-05,20,20,1.89662480354,0.014352267608,41.5200233459,0,0,0,0,2.30055314514e-14,588198.736828
22.0694444444,-1.02625954241e-05,0.599783360958,2.40005660057,-5.11741855007e-05,5.3414809372e-05,20,20,1.89662480354,0.014352267608,41.5200233459,0,0,0,0,2.65953529242e-14,588198.736828
22.0805555556,-1.02625954241e-05,0.599783360958,2.40005660057,-5.11741855007e-05,4.5786920964e-05,20,20,1.89662480354,0.014352267608,41.5200233459,0,0,0,0,2.47701039425e-14,588198.736828
22.0916666667,-1.02625954241e-05,0.599783360958,2.40005660057,-5.11741855007e-05,5.3414809372e-05,20,20,1.89662480354,0.014352267608,41.5200233459,0,0,0,0,8.74198234199e-14,588198.736828
22.1027777778,-1.02625954241e-05,0.599783360958,2.40005660057,-5.11741855007e-05,5.3414809372e-05,20,20,1.89662480354,0.014352267608,41.5200233459,0,0,0,0,1.01046512217e-13,588198.736828
22.1138888889,-1.02625954241e-05,0.599783360958,2.40005660057,-5.11741855007e-05,5.3414809372e-05,20,20,1.89662480354,0.014352267608,41.5200233459,0,0,0,0,5.54267964e-14,588198.736828
22.125,-1.02625954241e-05,0.599783360958,2.40005660057,-5.11741855007e-05,5.3414809372e-05,20,20,1.89662480354,0.014352267608,41.5200233459,0,0,0,0,9.22957076739e-14,588198.736828
22.1361111111,-1.02625954241e-05,0.599783360958,2.40005660057,-5.11741855007e-05,4.5786920964e-05,20,20,1.89662480354,0.014352267608,41.5200233459,0,0,0,0,1.22725964928e-13,588198.736828
22.1472222222,-1.02625954241e-05,0.599783360958,2.40005660057,-5.11741855007e-05,5.3414809372e-05,20,20,1.89662480354,0.014352267608,41.5200233459,0,0,0,0,2.86396595512e-14,588198.736828
22.1583333333,-1.02625954241e-05,0.599783360958,2.40005660057,-5.11741855007e-05,5.3414809372e-05,20,20,1.89662480354,0.014352267608,41.5200233459,0,0,0,0,2.35736644365e-14,588198.736828
22.1694444444,-1.02625954241e-05,0.599783360958,2.40005660057,-5.11741855007e-05,4.5786920964e-05,20,20,1.89662480354,0.014352267608,41.5200233459,0,0,0,0,4.75348118039e-14,588198.736828
22.1805555556,-1.02625954241e-05,0.599783360958,2.40005660057,-5.11741855007e-05,5.3414809372e-05,20,20,1.89662480354,0.014352267608,41.5200233459,0,0,0,0,2.26290733148e-14,588198.736828
22.1916666667,-1.02625954241e-05,0.599783360958,2.40005660057,-5.11741855007e-05,5.3414809372e-05,20,20,1.89662480354,0.014352267608,41.5200233459,0,0,0,0,1.57016650929e-14,588198.736828
22.2027777778,-1.02625954241e-05,0.599783360958,2.40005660057,-5.11741855007e-05,5.3414809372e-05,20,20,1.89662480354,0.014352267608,41.5200233459,0,0,0,0,1.14904267273e-14,588198.736828
22.2138888889,-1.02625954241e-05,0.599783360958,2.40005660057,-5.11741855007e-05,5.3414809372e-05,20,20,1.89662480354,0.014352267608,41.5200233459,0,0,0,0,7.33782822756e-15,588198.736828
22.225,-1.02625954241e-05,0.599783360958,2.40005660057,-5.11741855007e-05,4.5786920964e-05,20,20,1.89662480354,0.014352267608,41.5200233459,0,0,0,0,9.86810216936e-15,588198.736828
22.2361111111,-1.02625954241e-05,0.599783360958,2.40005660057,-5.11741855007e-05,5.3414809372e-05,20,20,1.89662480354,0.014352267608,41.5200233459,0,0,0,0,1.22559618187e-14,588198.736828
22.2472222222,-1.02625954241e-05,0.599783360958,2.40005660057,-5.11741855007e-05,5.3414809372e-05,20,20,1.89662480354,0.014352267608,41.5200233459,0,0,0,0,1.51647453077e-14,588198.736828
22.2583333333,-1.02625954241e-05,0.599783360958,2.40005660057,-5.11741855007e-05,5.3414809372e-05,20,20,1.89662480354,0.014352267608,41.5200233459,0,0,0,0,2.1897935344e-14,588198.736828
22.2694444444,-1.02625954241e-05,0.599783360958,2.40005660057,-5.11741855007e-05,5.3414809372e-05,20,20,1.89662480354,0.014352267608,41.5200233459,0,0,0,0,1.64503908229e-14,588198.736828
22.2805555556,-1.02625954241e-05,0.599783360958,2.40005660057,-5.11741855007e-05,4.5786920964e-05,20,20,1.89662480354,0.014352267608,41.5200233459,0,0,0,0,6.52879876353e-15,588198.736828
22.2916666667,-1.02625954241e-05,0.599783360958,2.40005660057,-5.11741855007e-05,5.3414809372e-05,20,20,1.89662480354,0.014352267608,41.5200233459,0,0,0,0,5.2754645712e-15,588198.736828
22.3027777778,-1.02625954241e-05,0.599783360958,2.40005660057,-5.11741855007e-05,5.3414809372e-05,20,20,1.89662480354,0.014352267608,41.5200233459,0,0,0,0,7.90203040474e-15,588198.736828
22.3138888889,-1.02625954241e-05,0.599783360958,2.40005660057,-5.11741855007e-05,4.5786920964e-05,20,20,1.89662480354,0.014352267608,41.5200233459,0,0,0,0,2.19652366389e-14,588198.736828
22.325,-1.02625954241e-05,0.599783360958,2.40005660057,-5.11741855007e-05,5.3414809372e-05,20,20,1.89662480354,0.014352267608,41.5200233459,0,0,0,0,2.64240605568e-14,588198.736828
22.3361111111,-1.02625954241e-05,0.599783360958,2.40005660057,-5.11741855007e-05,5.3414809372e-05,20,20,1.89662480354,0.014352267608,41.5200233459,0,0,0,0,3.16004020031e-14,588198.736828
22.3472222222,-1.02625954241e-05,0.599783360958,2.40005660057,-5.11741855007e-05,5.3414809372e-05,20,20,1.89662480354,0.014352267608,41.5200233459,0,0,0,0,4.32464933128e-14,588198.736828
22.3583333333,-1.02625954241e-05,0.599783360958,2.40005660057,-5.11741855007e-05,5.3414809372e-05,20,20,1.89662480354,0.014352267608,41.5200233459,0,0,0,0,1.82360772091e-14,588198.736828
22.3694444444,-1.02625954241e-05,0.599783360958,2.40005660057,-5.11741855007e-05,4.5786920964e-05,20,20,1.89662480354,0.014352267608,41.5200233459,0,0,0,0,3.87881780557e-14,588198.736828
22.3805555556,-1.02625954241e-05,0.599783360958,2.40005660057,-5.11741855007e-05,5.3414809372e-05,20,20,1.89662480354,0.014352267608,41.5200233459,0,0,0,0,3.23753123744e-14,588198.736828
22.3916666667,-1.02625954241e-05,0.599783360958,2.40005660057,-5.11741855007e-05,5.3414809372e-05,20,20,1.89662480354,0.014352267608,41.5200233459,0,0,0,0,5.45449770467e-14,588198.736828
22.4027777778,-1.02625954241e-05,0.599783360958,2.40005660057,-5.11741855007e-05,5.3414809372e-05,20,20,1.89662480354,0.014352267608,41.5200233459,0,0,0,0,3.67715748244e-14,588198.736828
22.4138888889,-1.02625954241e-05,0.599783360958,2.40005660057,-5.11741855007e-05,5.3414809372e-05,20,20,1.89662480354,0.014352267608,41.5200233459,0,0,0,0,7.94154058782e-14,588198.736828
22.425,-1.02625954241e-05,0.599783360958,2.40005660057,-5.11741855007e-05,4.5786920964e-05,20,20,1.89662480354,0.014352267608,41.5200233459,0,0,0,0,9.49222820088e-14,588198.736828
22.4361111111,-1.02625954241e-05,0.599783360958,2.40005660057,-5.11741855007e-05,5.3414809372e-05,20,20,1.89662480354,0.014352267608,41.5200233459,0,0,0,0,7.49904299561e-15,588198.736828
22.4472222222,-1.02625954241e-05,0.599783360958,2.40005660057,-5.11741855007e-05,5.3414809372e-05,20,20,1.89662480354,0.014352267608,41.5200233459,0,0,0,0,7.36336894943e-14,588198.736828
22.4583333333,-1.02625954241e-05,0.599783360958,2.40005660057,-5.11741855007e-05,4.5786920964e-05,20,20,1.89662480354,0.014352267608,41.5200233459,0,0,0,0,2.04047023115e-13,588198.736828
22.4694444444,-1.02625954241e-05,0.599783360958,2.40005660057,-5.11741855007e-05,5.3414809372e-05,20,20,1.89662480354,0.014352267608,41.5200233459,0,0,0,0,6.58595808373e-14,588198.736828
22.4805555556,-1.02625954241e-05,0.599783360958,2.40005660057,-5.11741855007e-05,5.3414809372e-05,20,20,1.89662480354,0.014352267608,41.5200233459,0,0,0,0,1.80923424652e-14,588198.736828
22.4916666667,-1.02625954241e-05,0.599783360958,2.40005660057,-5.11741855007e-05,5.3414809372e-05,20,20,1.89662480354,0.014352267608,41.5200233459,0,0,0,0,2.89065240231e-14,588198.736828
22.5027777778,-1.02625954241e-05,0.599783360958,2.40005660057,-5.11741855007e-05,5.3414809372e-05,20,20,1.89662480354,0.014352267608,41.5200233459,0,0,0,0,8.64632747547e-15,588198.736828
22.5138888889,-1.02625954241e-05,0.599783360958,2.40005660057,-5.11741855007e-05,4.5786920964e-05,20,20,1.89662480354,0.014352267608,41.5200233459,0,0,0,0,7.25106728684e-15,588198.736828
22.525,-1.02625954241e-05,0.599783360958,2.40005660057,-5.11741855007e-05,5.3414809372e-05,20,20,1.89662480354,0.014352267608,41.5200233459,0,0,0,0,2.71950093495e-14,588198.736828
22.5361111111,-1.02625954241e-05,0.599783360958,2.40005660057,-5.11741855007e-05,5.3414809372e-05,20,20,1.89662480354,0.014352267608,41.5200233459,0,0,0,0,2.14037061541e-14,588198.736828
22.5472222222,-1.02625954241e-05,0.599783360958,2.40005660057,-5.11741855007e-05,5.3414809372e-05,20,20,1.89662480354,0.014352267608,41.5200233459,0,0,0,0,6.67355339735e-14,588198.736828
22.5583333333,-1.02625954241e-05,0.599783360958,2.40005660057,-5.11741855007e-05,5.3414809372e-05,20,20,1.89662480354,0.014352267608,41.5200233459,0,0,0,0,8.17803641228e-14,588198.736828
22.5694444444,-1.02625954241e-05,0.599783360958,2.40005660057,-5.11741855007e-05,4.5786920964e-05,20,20,1.89662480354,0.014352267608,41.5200233459,0,0,0,0,7.0830726799e-14,588198.736828
22.5805555556,-1.02625954241e-05,0.599783360958,2.40005660057,-5.11741855007e-05,5.3414809372e-05,20,20,1.89662480354,0.014352267608,41.5200233459,0,0,0,0,6.17695828505e-14,588198.736828
22.5916666667,-1.02625954241e-05,0.599783360958,2.40005660057,-5.11741855007e-05,5.3414809372e-05,20,20,1.89662480354,0.014352267608,41.5200233459,0,0,0,0,3.72984108431e-14,588198.736828
22.6027777778,-1.02625954241e-05,0.599783360958,2.40005660057,-5.11741855007e-05,4.5786920964e-05,20,20,1.89662480354,0.014352267608,41.5200233459,0,0,0,0,1.0252675941e-13,588198.736828
22.6138888889,-1.02625954241e-05,0.599783360958,2.40005660057,-5.11741855007e-05,5.3414809372e-05,20,20,1.89662480354,0.014352267608,41.5200233459,0,0,0,0,5.91116503031e-15,588198.736828
22.625,-1.02625954241e-05,0.599783360958,2.40005660057,-5.11741855007e-05,5.3414809372e-05,20,20,1.89662480354,0.014352267608,41.5200233459,0,0,0,0,5.30613745353e-14,588198.736828
22.6361111111,-1.02625954241e-05,0.599783360958,2.40005660057,-5.11741855007e-05,5.3414809372e-05,20,20,1.89662480354,0.014352267608,41.5200233459,0,0,0,0,5.34242030994e-15,588198.736828
22.6472222222,-1.02625954241e-05,0.599783360958,2.40005660057,-5.11741855007e-05,5.3414809372e-05,20,20,1.89662480354,0.014352267608,41.5200233459,0,0,0,0,9.62006303523e-14,588198.736828
22.6583333333,-1.02625954241e-05,0.599783360958,2.40005660057,-5.11741855007e-05,4.5786920964e-05,20,20,1.89662480354,0.014352267608,41.5200233459,0,0,0,0,2.14698544685e-13,588198.736828
22.6694444444,-1.02625954241e-05,0.599783360958,2.40005660057,-5.11741855007e-05,5.3414809372e-05,20,20,1.89662480354,0.014352267608,41.5200233459,0,0,0,0,6.40892669218e-15,588198.736828
22.6805555556,-1.02625954241e-05,0.599783360958,2.40005660057,-5.11741855007e-05,5.3414809372e-05,20,20,1.89662480354,0.014352267608,41.5200233459,0,0,0,0,5.39146174089e-14,588198.736828
22.6916666667,-1.02625954241e-05,0.599783360958,2.40005660057,-5.11741855007e-05,5.3414809372e-05,20,20,1.89662480354,0.014352267608,41.5200233459,0,0,0,0,5.99142641078e-14,588198.736828
22.7027777778,-1.02625954241e-05,0.599783360958,2.40005660057,-5.11741855007e-05,5.3414809372e-05,20,20,1.89662480354,0.014352267608,41.5200233459,0,0,0,0,5.8834916277e-14,588198.736828
22.7138888889,-1.02625954241e-05,0.599783360958,2.40005660057,-5.11741855007e-05,4.5786920964e-05,20,20,1.89662480354,0.014352267608,41.5200233459,0,0,0,0,9.42153939065e-15,588198.736828
22.725,-1.02625954241e-05,0.599783360958,2.40005660057,-5.11741855007e-05,5.3414809372e-05,20,20,1.89662480354,0.014352267608,41.5200233459,0,0,0,0,9.68198983945e-14,588198.736828
22.7361111111,-1.02625954241e-05,0.599783360958,2.40005660057,-5.11741855007e-05,5.3414809372e-05,20,20,1.89662480354,0.014352267608,41.5200233459,0,0,0,0,2.03656875342e-13,588198.736828
22.7472222222,-1.02625954241e-05,0.599783360958,2.40005660057,-5.11741855007e-05,4.5786920964e-05,20,20,1.89662480354,0.014352267608,41.5200233459,0,0,0,0,7.14603000026e-14,588198.736828
22.7583333333,-1.02625954241e-05,0.599783360958,2.40005660057,-5.11741855007e-05,5.3414809372e-05,20,20,1.89662480354,0.014352267608,41.5200233459,0,0,0,0,9.55475777696e-14,588198.736828
22.7694444444,-1.02625954241e-05,0.599783360958,2.40005660057,-5.11741855007e-05,5.3414809372e-05,20,20,1.89662480354,0.014352267608,41.5200233459,0,0,0,0,5.35481285117e-14,588198.736828
22.7805555556,-1.02625954241e-05,0.599783360958,2.40005660057,-5.11741855007e-05,5.3414809372e-05,20,20,1.89662480354,0.014352267608,41.5200233459,0,0,0,0,8.79638237468e-14,588198.736828
22.7916666667,-1.02625954241e-05,0.599783360958,2.40005660057,-5.11741855007e-05,5.3414809372e-05,20,20,1.89662480354,0.014352267608,41.5200233459,0,0,0,0,1.52262680228e-13,588198.736828
22.8027777778,-1.02625954241e-05,0.599783360958,2.40005660057,-5.11741855007e-05,4.5786920964e-05,20,20,1.89662480354,0.014352267608,41.5200233459,0,0,0,0,1.13504613738e-13,588198.736828
22.8138888889,-1.02625954241e-05,0.599783360958,2.40005660057,-5.11741855007e-05,5.3414809372e-05,20,20,1.89662480354,0.014352267608,41.5200233459,0,0,0,0,8.28575297694e-15,588198.736828
22.825,-1.02625954241e-05,0.599783360958,2.40005660057,-5.11741855007e-05,5.3414809372e-05,20,20,1.89662480354,0.014352267608,41.5200233459,0,0,0,0,9.36139977746e-15,588198.736828
22.8361111111,-1.02625954241e-05,0.599783360958,2.40005660057,-5.11741855007e-05,5.3414809372e-05,20,20,1.89662480354,0.014352267608,41.5200233459,0,0,0,0,3.05786509287e-14,588198.736828
22.8472222222,-1.02625954241e-05,0.599783360958,2.40005660057,-5.11741855007e-05,5.3414809372e-05,20,20,1.89662480354,0.014352267608,41.5200233459,0,0,0,0,9.32810542325e-15,588198.736828
22.8583333333,-1.02625954241e-05,0.599783360958,2.40005660057,-5.11741855007e-05,4.5786920964e-05,20,20,1.89662480354,0.014352267608,41.5200233459,0,0,0,0,3.86498773157e-14,588198.736828
22.8694444444,-1.02625954241e-05,0.599783360958,2.40005660057,-5.11741855007e-05,5.3414809372e-05,20,20,1.89662480354,0.014352267608,41.5200233459,0,0,0,0,4.58243431844e-14,588198.736828
22.8805555556,-1.02625954241e-05,0.599783360958,2.40005660057,-5.11741855007e-05,5.3414809372e-05,20,20,1.89662480354,0.014352267608,41.5200233459,0,0,0,0,2.5277169689e-14,588198.736828
22.8916666667,-1.02625954241e-05,0.599783360958,2.40005660057,-5.11741855007e-05,4.5786920964e-05,20,20,1.89662480354,0.014352267608,41.5200233459,0,0,0,0,6.06074754882e-14,588198.736828
22.9027777778,-1.02625954241e-05,0.599783360958,2.40005660057,-5.11741855007e-05,5.3414809372e-05,20,20,1.89662480354,0.014352267608,41.5200233459,0,0,0,0,2.88366337917e-14,588198.736828
22.9138888889,-1.02625954241e-05,0.599783360958,2.40005660057,-5.11741855007e-05,5.3414809372e-05,20,20,1.89662480354,0.014352267608,41.5200233459,0,0,0,0,2.10706837006e-14,588198.736828
22.925,-1.02625954241e-05,0.599783360958,2.40005660057,-5.11741855007e-05,5.3414809372e-05,20,20,1.89662480354,0.014352267608,41.5200233459,0,0,0,0,1.94317075704e-13,588198.736828
22.9361111111,-1.02625954241e-05,0.599783360958,2.40005660057,-5.11741855007e-05,5.3414809372e-05,20,20,1.89662480354,0.014352267608,41.5200233459,0,0,0,0,2.35807260196e-13,588198.736828
22.9472222222,-1.02625954241e-05,0.599783360958,2.40005660057,-5.11741855007e-05,4.5786920964e-05,20,20,1.89662480354,0.014352267608,41.5200233459,0,0,0,0,4.32225258287e-13,588198.736828
22.9583333333,-1.02625954241e-05,0.599783360958,2.40005660057,-5.11741855007e-05,5.3414809372e-05,20,20,1.89662480354,0.014352267608,41.5200233459,0,0,0,0,4.74464270932e-13,588198.736828
22.9694444444,-1.02625954241e-05,0.599783360958,2.40005660057,-5.11741855007e-05,5.3414809372e-05,20,20,1.89662480354,0.014352267608,41.5200233459,0,0,0,0,5.1667323081e-13,588198.736828
22.9805555556,-1.02625954241e-05,0.599783360958,2.40005660057,-5.11741855007e-05,5.3414809372e-05,20,20,1.89662480354,0.014352267608,41.5200233459,0,0,0,0,4.23468590095e-13,588198.736828
22.9916666667,-1.02625954241e-05,0.599783360958,2.40005660057,-5.11741855007e-05,5.3414809372e-05,20,20,1.89662480354,0.014352267608,41.5200233459,0,0,0,0,3.42102663798e-13,588198.736828
23.0027777778,-1.02625954241e-05,0.599783360958,2.40005660057,-5.11741855007e-05,4.5786920964e-05,20,20,1.89662480354,0.014352267608,41.5200233459,0,0,0,0,1.68340651012e-13,588198.736828
23.0138888889,-1.02625954241e-05,0.599783360958,2.40005660057,-5.11741855007e-05,5.3414809372e-05,20,20,1.89662480354,0.014352267608,41.5200233459,0,0,0,0,2.80233128052e-14,588198.736828
23.025,-1.02625954241e-05,0.599783360958,2.40005660057,-5.11741855007e-05,5.3414809372e-05,20,20,1.89662480354,0.014352267608,41.5200233459,0,0,0,0,3.34196899284e-14,588198.736828
23.0361111111,-1.02625954241e-05,0.599783360958,2.40005660057,-5.11741855007e-05,4.5786920964e-05,20,20,1.89662480354,0.014352267608,41.5200233459,0,0,0,0,6.35799516317e-14,588198.736828
23.0472222222,-1.02625954241e-05,0.599783360958,2.40005660057,-5.11741855007e-05,5.3414809372e-05,20,20,1.89662480354,0.014352267608,41.5200233459,0,0,0,0,3.33178778989e-14,588198.736828
23.0583333333,-1.02625954241e-05,0.599783360958,2.40005660057,-5.11741855007e-05,5.3414809372e-05,20,20,1.89662480354,0.014352267608,41.5200233459,0,0,0,0,1.28127726608e-14,588198.736828
23.0694444444,-1.02625954241e-05,0.599783360958,2.40005660057,-5.11741855007e-05,5.3414809372e-05,20,20,1.89662480354,0.014352267608,41.5200233459,0,0,0,0,2.97660670751e-14,588198.736828
23.0805555556,-1.02625954241e-05,0.599783360958,2.40005660057,-5.11741855007e-05,5.3414809372e-05,20,20,1.89662480354,0.014352267608,41.5200233459,0,0,0,0,6.76008336486e-14,588198.736828
23.0916666667,-1.02625954241e-05,0.599783360958,2.40005660057,-5.11741855007e-05,4.5786920964e-05,20,20,1.89662480354,0.014352267608,41.5200233459,0,0,0,0,3.63237282079e-14,588198.736828
23.1027777778,-1.02625954241e-05,0.599783360958,2.40005660057,-5.11741855007e-05,5.3414809372e-05,20,20,1.89662480354,0.014352267608,41.5200233459,0,0,0,0,4.72347018805e-14,588198.736828
23.1138888889,-1.02625954241e-05,0.599783360958,2.40005660057,-5.11741855007e-05,5.3414809372e-05,20,20,1.89662480354,0.014352267608,41.5200233459,0,0,0,0,6.8330417246e-14,588198.736828
23.125,-1.02625954241e-05,0.599783360958,2.40005660057,-5.11741855007e-05,5.3414809372e-05,20,20,1.89662480354,0.014352267608,41.5200233459,0,0,0,0,2.96167890502e-14,588198.736828
23.1361111111,-1.02625954241e-05,0.599783360958,2.40005660057,-5.11741855007e-05,5.3414809372e-05,20,20,1.89662480354,0.014352267608,41.5200233459,0,0,0,0,3.33021238904e-14,588198.736828
23.1472222222,-1.02625954241e-05,0.599783360958,2.40005660057,-5.11741855007e-05,4.5786920964e-05,20,20,1.89662480354,0.014352267608,41.5200233459,0,0,0,0,1.21884473742e-14,588198.736828
23.1583333333,-1.02625954241e-05,0.599783360958,2.40005660057,-5.11741855007e-05,5.3414809372e-05,20,20,1.89662480354,0.014352267608,41.5200233459,0,0,0,0,3.31029279705e-14,588198.736828
23.1694444444,-1.02625954241e-05,0.599783360958,2.40005660057,-5.11741855007e-05,5.3414809372e-05,20,20,1.89662480354,0.014352267608,41.5200233459,0,0,0,0,3.17900687887e-14,588198.736828
23.1805555556,-1.02625954241e-05,0.599783360958,2.40005660057,-5.11741855007e-05,4.5786920964e-05,20,20,1.89662480354,0.014352267608,41.5200233459,0,0,0,0,4.36617821988e-14,588198.736828
23.1916666667,-1.02625954241e-05,0.599783360958,2.40005660057,-5.11741855007e-05,5.3414809372e-05,20,20,1.89662480354,0.014352267608,41.5200233459,0,0,0,0,1.38425265388e-14,588198.736828
23.2027777778,-1.02625954241e-05,0.599783360958,2.40005660057,-5.11741855007e-05,5.3414809372e-05,20,20,1.89662480354,0.014352267608,41.5200233459,0,0,0,0,2.90017469798e-14,588198.736828
23.2138888889,-1.02625954241e-05,0.599783360958,2.40005660057,-5.11741855007e-05,5.3414809372e-05,20,20,1.89662480354,0.014352267608,41.5200233459,0,0,0,0,6.12002070092e-14,588198.736828
23.225,-1.02625954241e-05,0.599783360958,2.40005660057,-5.11741855007e-05,5.3414809372e-05,20,20,1.89662480354,0.014352267608,41.5200233459,0,0,0,0,5.37612363749e-14,588198.736828
23.2361111111,-1.02625954241e-05,0.599783360958,2.40005660057,-5.11741855007e-05,4.5786920964e-05,20,20,1.89662480354,0.014352267608,41.5200233459,0,0,0,0,2.71213975127e-14,588198.736828
23.2472222222,-1.02625954241e-05,0.599783360958,2.40005660057,-5.11741855007e-05,5.3414809372e-05,20,20,1.89662480354,0.014352267608,41.5200233459,0,0,0,0,6.31700673792e-14,588198.736828
23.2583333333,-1.02625954241e-05,0.599783360958,2.40005660057,-5.11741855007e-05,5.3414809372e-05,20,20,1.89662480354,0.014352267608,41.5200233459,0,0,0,0,5.04444977974e-14,588198.736828
23.2694444444,-1.02625954241e-05,0.599783360958,2.40005660057,-5.11741855007e-05,5.3414809372e-05,20,20,1.89662480354,0.014352267608,41.5200233459,0,0,0,0,4.00559216048e-14,588198.736828
23.2805555556,-1.02625954241e-05,0.599783360958,2.40005660057,-5.11741855007e-05,5.3414809372e-05,20,20,1.89662480354,0.014352267608,41.5200233459,0,0,0,0,3.32660285169e-14,588198.736828
23.2916666667,-1.02625954241e-05,0.599783360958,2.40005660057,-5.11741855007e-05,4.5786920964e-05,20,20,1.89662480354,0.014352267608,41.5200233459,0,0,0,0,1.52249484283e-14,588198.736828
23.3027777778,-1.02625954241e-05,0.599783360958,2.40005660057,-5.11741855007e-05,5.3414809372e-05,20,20,1.89662480354,0.014352267608,41.5200233459,0,0,0,0,3.3731427033e-14,588198.736828
23.3138888889,-1.02625954241e-05,0.599783360958,2.40005660057,-5.11741855007e-05,5.3414809372e-05,20,20,1.89662480354,0.014352267608,41.5200233459,0,0,0,0,2.15723779397e-14,588198.736828
23.325,-1.02625954241e-05,0.599783360958,2.40005660057,-5.11741855007e-05,4.5786920964e-05,20,20,1.89662480354,0.014352267608,41.5200233459,0,0,0,0,7.57678418997e-14,588198.736828
23.3361111111,-1.02625954241e-05,0.599783360958,2.40005660057,-5.11741855007e-05,5.3414809372e-05,20,20,1.89662480354,0.014352267608,41.5200233459,0,0,0,0,1.03571297065e-13,588198.736828
23.3472222222,-1.02625954241e-05,0.599783360958,2.40005660057,-5.11741855007e-05,5.3414809372e-05,20,20,1.89662480354,0.014352267608,41.5200233459,0,0,0,0,2.18446446657e-13,588198.736828
23.3583333333,-1.02625954241e-05,0.599783360958,2.40005660057,-5.11741855007e-05,5.3414809372e-05,20,20,1.89662480354,0.014352267608,41.5200233459,0,0,0,0,5.48784164736e-14,588198.736828
23.3694444444,-1.02625954241e-05,0.599783360958,2.40005660057,-5.11741855007e-05,5.3414809372e-05,20,20,1.89662480354,0.014352267608,41.5200233459,0,0,0,0,1.01319488116e-14,588198.736828
23.3805555556,-1.02625954241e-05,0.599783360958,2.40005660057,-5.11741855007e-05,4.5786920964e-05,20,20,1.89662480354,0.014352267608,41.5200233459,0,0,0,0,3.86799889667e-14,588198.736828
23.3916666667,-1.02625954241e-05,0.599783360958,2.40005660057,-5.11741855007e-05,5.3414809372e-05,20,20,1.89662480354,0.014352267608,41.5200233459,0,0,0,0,9.55337843179e-14,588198.736828
23.4027777778,-1.02625954241e-05,0.599783360958,2.40005660057,-5.11741855007e-05,5.3414809372e-05,20,20,1.89662480354,0.014352267608,41.5200233459,0,0,0,0,3.62968955306e-14,588198.736828
23.4138888889,-1.02625954241e-05,0.599783360958,2.40005660057,-5.11741855007e-05,5.3414809372e-05,20,20,1.89662480354,0.014352267608,41.5200233459,0,0,0,0,7.99208534467e-15,588198.736828
23.425,-1.02625954241e-05,0.599783360958,2.40005660057,-5.11741855007e-05,5.3414809372e-05,20,20,1.89662480354,0.014352267608,41.5200233459,0,0,0,0,1.26502357353e-14,588198.736828
23.4361111111,-1.02625954241e-05,0.599783360958,2.40005660057,-5.11741855007e-05,4.5786920964e-05,20,20,1.89662480354,0.014352267608,41.5200233459,0,0,0,0,2.45301728353e-14,588198.736828
23.4472222222,-1.02625954241e-05,0.599783360958,2.40005660057,-5.11741855007e-05,5.3414809372e-05,20,20,1.89662480354,0.014352267608,41.5200233459,0,0,0,0,1.45980704932e-13,588198.736828
23.4583333333,-1.02625954241e-05,0.599783360958,2.40005660057,-5.11741855007e-05,5.3414809372e-05,20,20,1.89662480354,0.014352267608,41.5200233459,0,0,0,0,1.64362400956e-13,588198.736828
23.4694444444,-1.02625954241e-05,0.599783360958,2.40005660057,-5.11741855007e-05,4.5786920964e-05,20,20,1.89662480354,0.014352267608,41.5200233459,0,0,0,0,8.37317156253e-14,588198.736828
23.4805555556,-1.02625954241e-05,0.599783360958,2.40005660057,-5.11741855007e-05,5.3414809372e-05,20,20,1.89662480354,0.014352267608,41.5200233459,0,0,0,0,8.18720247005e-14,588198.736828
23.4916666667,-1.02625954241e-05,0.599783360958,2.40005660057,-5.11741855007e-05,5.3414809372e-05,20,20,1.89662480354,0.014352267608,41.5200233459,0,0,0,0,6.3889981525e-14,588198.736828
23.5027777778,-1.02625954241e-05,0.599783360958,2.40005660057,-5.11741855007e-05,5.3414809372e-05,20,20,1.89662480354,0.014352267608,41.5200233459,0,0,0,0,3.90480219773e-14,588198.736828
23.5138888889,-1.02625954241e-05,0.599783360958,2.40005660057,-5.11741855007e-05,5.3414809372e-05,20,20,1.89662480354,0.014352267608,41.5200233459,0,0,0,0,3.90008995026e-14,588198.736828
23.525,-1.02625954241e-05,0.599783360958,2.40005660057,-5.11741855007e-05,4.5786920964e-05,20,20,1.89662480354,0.014352267608,41.5200233459,0,0,0,0,1.5393416827e-14,588198.736828
23.5361111111,-1.02625954241e-05,0.599783360958,2.40005660057,-5.11741855007e-05,5.3414809372e-05,20,20,1.89662480354,0.014352267608,41.5200233459,0,0,0,0,4.49324649578e-14,588198.736828
23.5472222222,-1.02625954241e-05,0.599783360958,2.40005660057,-5.11741855007e-05,5.3414809372e-05,20,20,1.89662480354,0.014352267608,41.5200233459,0,0,0,0,3.98234645605e-14,588198.736828
23.5583333333,-1.02625954241e-05,0.599783360958,2.40005660057,-5.11741855007e-05,5.3414809372e-05,20,20,1.89662480354,0.014352267608,41.5200233459,0,0,0,0,7.01561715252e-14,588198.736828
23.5694444444,-1.02625954241e-05,0.599783360958,2.40005660057,-5.11741855007e-05,5.3414809372e-05,20,20,1.89662480354,0.014352267608,41.5200233459,0,0,0,0,4.48257727179e-14,588198.736828
23.5805555556,-1.02625954241e-05,0.599783360958,2.40005660057,-5.11741855007e-05,4.5786920964e-05,20,20,1.89662480354,0.014352267608,41.5200233459,0,0,0,0,3.27997264424e-14,588198.736828
23.5916666667,-1.02625954241e-05,0.599783360958,2.40005660057,-5.11741855007e-05,5.3414809372e-05,20,20,1.89662480354,0.014352267608,41.5200233459,0,0,0,0,4.0320058134e-14,588198.736828
23.6027777778,-1.02625954241e-05,0.599783360958,2.40005660057,-5.11741855007e-05,5.3414809372e-05,20,20,1.89662480354,0.014352267608,41.5200233459,0,0,0,0,2.63195664434e-14,588198.736828
23.6138888889,-1.02625954241e-05,0.599783360958,2.40005660057,-5.11741855007e-05,4.5786920964e-05,20,20,1.89662480354,0.014352267608,41.5200233459,0,0,0,0,4.62615931415e-14,588198.736828
23.625,-1.02625954241e-05,0.599783360958,2.40005660057,-5.11741855007e-05,5.3414809372e-05,20,20,1.89662480354,0.014352267608,41.5200233459,0,0,0,0,9.40730318103e-15,588198.736828
23.6361111111,-1.02625954241e-05,0.599783360958,2.40005660057,-5.11741855007e-05,5.3414809372e-05,20,20,1.89662480354,0.014352267608,41.5200233459,0,0,0,0,4.33562853525e-14,588198.736828
23.6472222222,-1.02625954241e-05,0.599783360958,2.40005660057,-5.11741855007e-05,5.3414809372e-05,20,20,1.89662480354,0.014352267608,41.5200233459,0,0,0,0,2.16810833323e-14,588198.736828
23.6583333333,-1.02625954241e-05,0.599783360958,2.40005660057,-5.11741855007e-05,5.3414809372e-05,20,20,1.89662480354,0.014352267608,41.5200233459,0,0,0,0,3.58289060973e-14,588198.736828
23.6694444444,-1.02625954241e-05,0.599783360958,2.40005660057,-5.11741855007e-05,4.5786920964e-05,20,20,1.89662480354,0.014352267608,41.5200233459,0,0,0,0,3.17151411573e-14,588198.736828
23.6805555556,-1.02625954241e-05,0.599783360958,2.40005660057,-5.11741855007e-05,5.3414809372e-05,20,20,1.89662480354,0.014352267608,41.5200233459,0,0,0,0,6.70348674428e-14,588198.736828
23.6916666667,-1.02625954241e-05,0.599783360958,2.40005660057,-5.11741855007e-05,5.3414809372e-05,20,20,1.89662480354,0.014352267608,41.5200233459,0,0,0,0,1.14159094099e-14,588198.736828
23.7027777778,-1.02625954241e-05,0.599783360958,2.40005660057,-5.11741855007e-05,5.3414809372e-05,20,20,1.89662480354,0.014352267608,41.5200233459,0,0,0,0,2.18244589497e-14,588198.736828
23.7138888889,-1.02625954241e-05,0.599783360958,2.40005660057,-5.11741855007e-05,5.3414809372e-05,20,20,1.89662480354,0.014352267608,41.5200233459,0,0,0,0,1.4975283016e-14,588198.736828
23.725,-1.02625954241e-05,0.599783360958,2.40005660057,-5.11741855007e-05,4.5786920964e-05,20,20,1.89662480354,0.014352267608,41.5200233459,0,0,0,0,5.35045431213e-14,588198.736828
23.7361111111,-1.02625954241e-05,0.599783360958,2.40005660057,-5.11741855007e-05,5.3414809372e-05,20,20,1.89662480354,0.014352267608,41.5200233459,0,0,0,0,6.31632720908e-15,588198.736828
23.7472222222,-1.02625954241e-05,0.599783360958,2.40005660057,-5.11741855007e-05,5.3414809372e-05,20,20,1.89662480354,0.014352267608,41.5200233459,0,0,0,0,1.88436889162e-14,588198.736828
23.7583333333,-1.02625954241e-05,0.599783360958,2.40005660057,-5.11741855007e-05,4.5786920964e-05,20,20,1.89662480354,0.014352267608,41.5200233459,0,0,0,0,1.17636868851e-13,588198.736828
23.7694444444,-1.02625954241e-05,0.599783360958,2.40005660057,-5.11741855007e-05,5.3414809372e-05,20,20,1.89662480354,0.014352267608,41.5200233459,0,0,0,0,4.37404927118e-14,588198.736828
23.7805555556,-1.02625954241e-05,0.599783360958,2.40005660057,-5.11741855007e-05,5.3414809372e-05,20,20,1.89662480354,0.014352267608,41.5200233459,0,0,0,0,7.40892942598e-14,588198.736828
23.7916666667,-1.02625954241e-05,0.599783360958,2.40005660057,-5.11741855007e-05,5.3414809372e-05,20,20,1.89662480354,0.014352267608,41.5200233459,0,0,0,0,3.17282142982e-14,588198.736828
23.8027777778,-1.02625954241e-05,0.599783360958,2.40005660057,-5.11741855007e-05,5.3414809372e-05,20,20,1.89662480354,0.014352267608,41.5200233459,0,0,0,0,1.31734739222e-14,588198.736828
23.8138888889,-1.02625954241e-05,0.599783360958,2.40005660057,-5.11741855007e-05,4.5786920964e-05,20,20,1.89662480354,0.014352267608,41.5200233459,0,0,0,0,3.98033819282e-14,588198.736828
23.825,-1.02625954241e-05,0.599783360958,2.40005660057,-5.11741855007e-05,5.3414809372e-05,20,20,1.89662480354,0.014352267608,41.5200233459,0,0,0,0,4.13186903453e-14,588198.736828
23.8361111111,-1.02625954241e-05,0.599783360958,2.40005660057,-5.11741855007e-05,5.3414809372e-05,20,20,1.89662480354,0.014352267608,41.5200233459,0,0,0,0,3.06361116071e-14,588198.736828
23.8472222222,-1.02625954241e-05,0.599783360958,2.40005660057,-5.11741855007e-05,5.3414809372e-05,20,20,1.89662480354,0.014352267608,41.5200233459,0,0,0,0,8.73921334163e-14,588198.736828
23.8583333333,-1.02625954241e-05,0.599783360958,2.40005660057,-5.11741855007e-05,5.3414809372e-05,20,20,1.89662480354,0.014352267608,41.5200233459,0,0,0,0,1.65829456591e-13,588198.736828
23.8694444444,-1.02625954241e-05,0.599783360958,2.40005660057,-5.11741855007e-05,4.5786920964e-05,20,20,1.89662480354,0.014352267608,41.5200233459,0,0,0,0,4.99165726986e-13,588198.736828
23.8805555556,-1.02625954241e-05,0.599783360958,2.40005660057,-5.11741855007e-05,5.3414809372e-05,20,20,1.89662480354,0.014352267608,41.5200233459,0,0,0,0,2.4345041979e-13,588198.736828
23.8916666667,-1.02625954241e-05,0.599783360958,2.40005660057,-5.11741855007e-05,5.3414809372e-05,20,20,1.89662480354,0.014352267608,41.5200233459,0,0,0,0,1.20308665585e-13,588198.736828
23.9027777778,-1.02625954241e-05,0.599783360958,2.40005660057,-5.11741855007e-05,4.5786920964e-05,20,20,1.89662480354,0.014352267608,41.5200233459,0,0,0,0,6.2589177724e-14,588198.736828
23.9138888889,-1.02625954241e-05,0.599783360958,2.40005660057,-5.11741855007e-05,5.3414809372e-05,20,20,1.89662480354,0.014352267608,41.5200233459,0,0,0,0,3.68378041296e-14,588198.736828
23.925,-1.02625954241e-05,0.599783360958,2.40005660057,-5.11741855007e-05,5.3414809372e-05,20,20,1.89662480354,0.014352267608,41.5200233459,0,0,0,0,3.23499324264e-14,588198.736828
23.9361111111,-1.02625954241e-05,0.599783360958,2.40005660057,-5.11741855007e-05,5.3414809372e-05,20,20,1.89662480354,0.014352267608,41.5200233459,0,0,0,0,6.02683420516e-14,588198.736828
23.9472222222,-1.02625954241e-05,0.599783360958,2.40005660057,-5.11741855007e-05,5.3414809372e-05,20,20,1.89662480354,0.014352267608,41.5200233459,0,0,0,0,1.95652057992e-13,588198.736828
23.9583333333,-1.02625954241e-05,0.599783360958,2.40005660057,-5.11741855007e-05,4.5786920964e-05,20,20,1.89662480354,0.014352267608,41.5200233459,0,0,0,0,8.73334335952e-14,588198.736828
23.9694444444,-1.02625954241e-05,0.599783360958,2.40005660057,-5.11741855007e-05,5.3414809372e-05,20,20,1.89662480354,0.014352267608,41.5200233459,0,0,0,0,8.28305293823e-14,588198.736828
23.9805555556,-1.02625954241e-05,0.599783360958,2.40005660057,-5.11741855007e-05,5.3414809372e-05,20,20,1.89662480354,0.014352267608,41.5200233459,0,0,0,0,3.09109236321e-13,588198.736828
23.9916666667,-1.02625954241e-05,0.599783360958,2.40005660057,-5.11741855007e-05,5.3414809372e-05,20,20,1.89662480354,0.014352267608,41.5200233459,0,0,0,0,7.34243114135e-13,588198.736828
24.0027777778,-1.02625954241e-05,0.599783360958,2.40005660057,-5.11741855007e-05,5.3414809372e-05,20,20,1.89662480354,0.014352267608,41.5200233459,0,0,0,0,4.82418316545e-13,588198.736828
24.0138888889,-1.02625954241e-05,0.599783360958,2.40005660057,-5.11741855007e-05,4.5786920964e-05,20,20,1.89662480354,0.014352267608,41.5200233459,0,0,0,0,3.11440697759e-13,588198.736828
24.025,-1.02625954241e-05,0.599783360958,2.40005660057,-5.11741855007e-05,5.3414809372e-05,20,20,1.89662480354,0.014352267608,41.5200233459,0,0,0,0,4.35528387482e-14,588198.736828
24.0361111111,-1.02625954241e-05,0.599783360958,2.40005660057,-5.11741855007e-05,5.3414809372e-05,20,20,1.89662480354,0.014352267608,41.5200233459,0,0,0,0,5.3348192904e-14,588198.736828
24.0472222222,-1.02625954241e-05,0.599783360958,2.40005660057,-5.11741855007e-05,4.5786920964e-05,20,20,1.89662480354,0.014352267608,41.5200233459,0,0,0,0,3.96701154839e-14,588198.736828
24.0583333333,-1.02625954241e-05,0.599783360958,2.40005660057,-5.11741855007e-05,5.3414809372e-05,20,20,1.89662480354,0.014352267608,41.5200233459,0,0,0,0,1.60274682876e-14,588198.736828
24.0694444444,-1.02625954241e-05,0.599783360958,2.40005660057,-5.11741855007e-05,5.3414809372e-05,20,20,1.89662480354,0.014352267608,41.5200233459,0,0,0,0,2.09116919145e-14,588198.736828
24.0805555556,-1.02625954241e-05,0.599783360958,2.40005660057,-5.11741855007e-05,5.3414809372e-05,20,20,1.89662480354,0.014352267608,41.5200233459,0,0,0,0,1.24638299242e-13,588198.736828
24.0916666667,-1.02625954241e-05,0.599783360958,2.40005660057,-5.11741855007e-05,5.3414809372e-05,20,20,1.89662480354,0.014352267608,41.5200233459,0,0,0,0,1.6039856209e-14,588198.736828
24.1027777778,-1.02625954241e-05,0.599783360958,2.40005660057,-5.11741855007e-05,4.5786920964e-05,20,20,1.89662480354,0.014352267608,41.5200233459,0,0,0,0,5.76791926635e-14,588198.736828
24.1138888889,-1.02625954241e-05,0.599783360958,2.40005660057,-5.11741855007e-05,5.3414809372e-05,20,20,1.89662480354,0.014352267608,41.5200233459,0,0,0,0,8.60718738858e-14,588198.736828
24.125,-1.02625954241e-05,0.599783360958,2.40005660057,-5.11741855007e-05,5.3414809372e-05,20,20,1.89662480354,0.014352267608,41.5200233459,0,0,0,0,1.799454664e-14,588198.736828
24.1361111111,-1.02625954241e-05,0.599783360958,2.40005660057,-5.11741855007e-05,5.3414809372e-05,20,20,1.89662480354,0.014352267608,41.5200233459,0,0,0,0,6.90077561245e-15,588198.736828
24.1472222222,-1.02625954241e-05,0.599783360958,2.40005660057,-5.11741855007e-05,5.3414809372e-05,20,20,1.89662480354,0.014352267608,41.5200233459,0,0,0,0,2.1502973793e-14,588198.736828
24.1583333333,-1.02625954241e-05,0.599783360958,2.40005660057,-5.11741855007e-05,4.5786920964e-05,20,20,1.89662480354,0.014352267608,41.5200233459,0,0,0,0,9.61050796344e-14,588198.736828
24.1694444444,-1.02625954241e-05,0.599783360958,2.40005660057,-5.11741855007e-05,5.3414809372e-05,20,20,1.89662480354,0.014352267608,41.5200233459,0,0,0,0,9.3833681459e-14,588198.736828
24.1805555556,-1.02625954241e-05,0.599783360958,2.40005660057,-5.11741855007e-05,5.3414809372e-05,20,20,1.89662480354,0.014352267608,41.5200233459,0,0,0,0,2.06462192697e-14,588198.736828
24.1916666667,-1.02625954241e-05,0.599783360958,2.40005660057,-5.11741855007e-05,4.5786920964e-05,20,20,1.89662480354,0.014352267608,41.5200233459,0,0,0,0,4.41175740415e-14,588198.736828
24.2027777778,-1.02625954241e-05,0.599783360958,2.40005660057,-5.11741855007e-05,5.3414809372e-05,20,20,1.89662480354,0.014352267608,41.5200233459,0,0,0,0,5.92137225686e-14,588198.736828
24.2138888889,-1.02625954241e-05,0.599783360958,2.40005660057,-5.11741855007e-05,5.3414809372e-05,20,20,1.89662480354,0.014352267608,41.5200233459,0,0,0,0,5.71785920533e-14,588198.736828
24.225,-1.02625954241e-05,0.599783360958,2.40005660057,-5.11741855007e-05,5.3414809372e-05,20,20,1.89662480354,0.014352267608,41.5200233459,0,0,0,0,3.9418790982e-14,588198.736828
24.2361111111,-1.02625954241e-05,0.599783360958,2.40005660057,-5.11741855007e-05,5.3414809372e-05,20,20,1.89662480354,0.014352267608,41.5200233459,0,0,0,0,2.21102436826e-13,588198.736828
24.2472222222,-1.02625954241e-05,0.599783360958,2.40005660057,-5.11741855007e-05,4.5786920964e-05,20,20,1.89662480354,0.014352267608,41.5200233459,0,0,0,0,6.63778002701e-13,588198.736828
24.2583333333,-1.02625954241e-05,0.599783360958,2.40005660057,-5.11741855007e-05,5.3414809372e-05,20,20,1.89662480354,0.014352267608,41.5200233459,0,0,0,0,7.65509718947e-13,588198.736828
24.2694444444,-1.02625954241e-05,0.599783360958,2.40005660057,-5.11741855007e-05,5.3414809372e-05,20,20,1.89662480354,0.014352267608,41.5200233459,0,0,0,0,4.87821236543e-13,588198.736828
24.2805555556,-1.02625954241e-05,0.599783360958,2.40005660057,-5.11741855007e-05,5.3414809372e-05,20,20,1.89662480354,0.014352267608,41.5200233459,0,0,0,0,4.51378109748e-13,588198.736828
24.2916666667,-1.02625954241e-05,0.599783360958,2.40005660057,-5.11741855007e-05,5.3414809372e-05,20,20,1.89662480354,0.014352267608,41.5200233459,0,0,0,0,1.07396205154e-13,588198.736828
24.3027777778,-1.02625954241e-05,0.599783360958,2.40005660057,-5.11741855007e-05,4.5786920964e-05,20,20,1.89662480354,0.014352267608,41.5200233459,0,0,0,0,4.46659562838e-14,588198.736828
24.3138888889,-1.02625954241e-05,0.599783360958,2.40005660057,-5.11741855007e-05,5.3414809372e-05,20,20,1.89662480354,0.014352267608,41.5200233459,0,0,0,0,1.96718262241e-14,588198.736828
24.325,-1.02625954241e-05,0.599783360958,2.40005660057,-5.11741855007e-05,5.3414809372e-05,20,20,1.89662480354,0.014352267608,41.5200233459,0,0,0,0,5.2908580107e-14,588198.736828
24.3361111111,-1.02625954241e-05,0.599783360958,2.40005660057,-5.11741855007e-05,4.5786920964e-05,20,20,1.89662480354,0.014352267608,41.5200233459,0,0,0,0,7.37542721686e-14,588198.736828
24.3472222222,-1.02625954241e-05,0.599783360958,2.40005660057,-5.11741855007e-05,5.3414809372e-05,20,20,1.89662480354,0.014352267608,41.5200233459,0,0,0,0,3.99980762098e-14,588198.736828
24.3583333333,-1.02625954241e-05,0.599783360958,2.40005660057,-5.11741855007e-05,5.3414809372e-05,20,20,1.89662480354,0.014352267608,41.5200233459,0,0,0,0,9.62087734078e-15,588198.736828
24.3694444444,-1.02625954241e-05,0.599783360958,2.40005660057,-5.11741855007e-05,5.3414809372e-05,20,20,1.89662480354,0.014352267608,41.5200233459,0,0,0,0,3.4931498855e-14,588198.736828
24.3805555556,-1.02625954241e-05,0.599783360958,2.40005660057,-5.11741855007e-05,5.3414809372e-05,20,20,1.89662480354,0.014352267608,41.5200233459,0,0,0,0,5.1184291772e-14,588198.736828
24.3916666667,-1.02625954241e-05,0.599783360958,2.40005660057,-5.11741855007e-05,4.5786920964e-05,20,20,1.89662480354,0.014352267608,41.5200233459,0,0,0,0,1.13343684322e-13,588198.736828
24.4027777778,-1.02625954241e-05,0.599783360958,2.40005660057,-5.11741855007e-05,5.3414809372e-05,20,20,1.89662480354,0.014352267608,41.5200233459,0,0,0,0,1.56327623346e-13,588198.736828
24.4138888889,-1.02625954241e-05,0.599783360958,2.40005660057,-5.11741855007e-05,5.3414809372e-05,20,20,1.89662480354,0.014352267608,41.5200233459,0,0,0,0,1.71093100239e-13,588198.736828
24.425,-1.02625954241e-05,0.599783360958,2.40005660057,-5.11741855007e-05,5.3414809372e-05,20,20,1.89662480354,0.014352267608,41.5200233459,0,0,0,0,9.81572722229e-14,588198.736828
24.4361111111,-1.02625954241e-05,0.599783360958,2.40005660057,-5.11741855007e-05,5.3414809372e-05,20,20,1.89662480354,0.014352267608,41.5200233459,0,0,0,0,1.30997769197e-13,588198.736828
24.4472222222,-1.02625954241e-05,0.599783360958,2.40005660057,-5.11741855007e-05,4.5786920964e-05,20,20,1.89662480354,0.014352267608,41.5200233459,0,0,0,0,4.0066619677e-14,588198.736828
24.4583333333,-1.02625954241e-05,0.599783360958,2.40005660057,-5.11741855007e-05,5.3414809372e-05,20,20,1.89662480354,0.014352267608,41.5200233459,0,0,0,0,2.30880931275e-14,588198.736828
24.4694444444,-1.02625954241e-05,0.599783360958,2.40005660057,-5.11741855007e-05,5.3414809372e-05,20,20,1.89662480354,0.014352267608,41.5200233459,0,0,0,0,1.23444895741e-14,588198.736828
24.4805555556,-1.02625954241e-05,0.599783360958,2.40005660057,-5.11741855007e-05,4.5786920964e-05,20,20,1.89662480354,0.014352267608,41.5200233459,0,0,0,0,8.96658000064e-15,588198.736828
24.4916666667,-1.02625954241e-05,0.599783360958,2.40005660057,-5.11741855007e-05,5.3414809372e-05,20,20,1.89662480354,0.014352267608,41.5200233459,0,0,0,0,2.7333723271e-14,588198.736828
24.5027777778,-1.02625954241e-05,0.599783360958,2.40005660057,-5.11741855007e-05,5.3414809372e-05,20,20,1.89662480354,0.014352267608,41.5200233459,0,0,0,0,3.7297176032e-14,588198.736828
24.5138888889,-1.02625954241e-05,0.599783360958,2.40005660057,-5.11741855007e-05,5.3414809372e-05,20,20,1.89662480354,0.014352267608,41.5200233459,0,0,0,0,2.22606934002e-14,588198.736828
24.525,-1.02625954241e-05,0.599783360958,2.40005660057,-5.11741855007e-05,5.3414809372e-05,20,20,1.89662480354,0.014352267608,41.5200233459,0,0,0,0,2.44387298351e-14,588198.736828
24.5361111111,-1.02625954241e-05,0.599783360958,2.40005660057,-5.11741855007e-05,4.5786920964e-05,20,20,1.89662480354,0.014352267608,41.5200233459,0,0,0,0,3.69082128535e-14,588198.736828
24.5472222222,-1.02625954241e-05,0.599783360958,2.40005660057,-5.11741855007e-05,5.3414809372e-05,20,20,1.89662480354,0.014352267608,41.5200233459,0,0,0,0,8.20646344678e-15,588198.736828
24.5583333333,-1.02625954241e-05,0.599783360958,2.40005660057,-5.11741855007e-05,5.3414809372e-05,20,20,1.89662480354,0.014352267608,41.5200233459,0,0,0,0,1.40252867603e-14,588198.736828
24.5694444444,-1.02625954241e-05,0.599783360958,2.40005660057,-5.11741855007e-05,5.3414809372e-05,20,20,1.89662480354,0.014352267608,41.5200233459,0,0,0,0,1.68485957955e-14,588198.736828
24.5805555556,-1.02625954241e-05,0.599783360958,2.40005660057,-5.11741855007e-05,5.3414809372e-05,20,20,1.89662480354,0.014352267608,41.5200233459,0,0,0,0,5.2980676635e-14,588198.736828
24.5916666667,-1.02625954241e-05,0.599783360958,2.40005660057,-5.11741855007e-05,4.5786920964e-05,20,20,1.89662480354,0.014352267608,41.5200233459,0,0,0,0,5.65420586494e-14,588198.736828
24.6027777778,-1.02625954241e-05,0.599783360958,2.40005660057,-5.11741855007e-05,5.3414809372e-05,20,20,1.89662480354,0.014352267608,41.5200233459,0,0,0,0,1.43561255376e-14,588198.736828
24.6138888889,-1.02625954241e-05,0.599783360958,2.40005660057,-5.11741855007e-05,5.3414809372e-05,20,20,1.89662480354,0.014352267608,41.5200233459,0,0,0,0,2.27155890641e-14,588198.736828
24.625,-1.02625954241e-05,0.599783360958,2.40005660057,-5.11741855007e-05,4.5786920964e-05,20,20,1.89662480354,0.014352267608,41.5200233459,0,0,0,0,1.12872566258e-14,588198.736828
24.6361111111,-1.02625954241e-05,0.599783360958,2.40005660057,-5.11741855007e-05,5.3414809372e-05,20,20,1.89662480354,0.014352267608,41.5200233459,0,0,0,0,1.13198422474e-14,588198.736828
24.6472222222,-1.02625954241e-05,0.599783360958,2.40005660057,-5.11741855007e-05,5.3414809372e-05,20,20,1.89662480354,0.014352267608,41.5200233459,0,0,0,0,6.12822418282e-14,588198.736828
24.6583333333,-1.02625954241e-05,0.599783360958,2.40005660057,-5.11741855007e-05,5.3414809372e-05,20,20,1.89662480354,0.014352267608,41.5200233459,0,0,0,0,9.02795760814e-15,588198.736828
24.6694444444,-1.02625954241e-05,0.599783360958,2.40005660057,-5.11741855007e-05,5.3414809372e-05,20,20,1.89662480354,0.014352267608,41.5200233459,0,0,0,0,4.31569481991e-14,588198.736828
24.6805555556,-1.02625954241e-05,0.599783360958,2.40005660057,-5.11741855007e-05,4.5786920964e-05,20,20,1.89662480354,0.014352267608,41.5200233459,0,0,0,0,2.40738627707e-14,588198.736828
24.6916666667,-1.02625954241e-05,0.599783360958,2.40005660057,-5.11741855007e-05,5.3414809372e-05,20,20,1.89662480354,0.014352267608,41.5200233459,0,0,0,0,5.7740064414e-14,588198.736828
24.7027777778,-1.02625954241e-05,0.599783360958,2.40005660057,-5.11741855007e-05,5.3414809372e-05,20,20,1.89662480354,0.014352267608,41.5200233459,0,0,0,0,8.97995668884e-14,588198.736828
24.7138888889,-1.02625954241e-05,0.599783360958,2.40005660057,-5.11741855007e-05,5.3414809372e-05,20,20,1.89662480354,0.014352267608,41.5200233459,0,0,0,0,7.4339774998e-14,588198.736828
24.725,-1.02625954241e-05,0.599783360958,2.40005660057,-5.11741855007e-05,5.3414809372e-05,20,20,1.89662480354,0.014352267608,41.5200233459,0,0,0,0,7.8511526701e-14,588198.736828
24.7361111111,-1.02625954241e-05,0.599783360958,2.40005660057,-5.11741855007e-05,4.5786920964e-05,20,20,1.89662480354,0.014352267608,41.5200233459,0,0,0,0,8.99474000156e-14,588198.736828
24.7472222222,-1.02625954241e-05,0.599783360958,2.40005660057,-5.11741855007e-05,5.3414809372e-05,20,20,1.89662480354,0.014352267608,41.5200233459,0,0,0,0,1.12463305972e-13,588198.736828
24.7583333333,-1.02625954241e-05,0.599783360958,2.40005660057,-5.11741855007e-05,5.3414809372e-05,20,20,1.89662480354,0.014352267608,41.5200233459,0,0,0,0,6.03099493337e-14,588198.736828
24.7694444444,-1.02625954241e-05,0.599783360958,2.40005660057,-5.11741855007e-05,4.5786920964e-05,20,20,1.89662480354,0.014352267608,41.5200233459,0,0,0,0,4.84787594241e-14,588198.736828
24.7805555556,-1.02625954241e-05,0.599783360958,2.40005660057,-5.11741855007e-05,5.3414809372e-05,20,20,1.89662480354,0.014352267608,41.5200233459,0,0,0,0,2.31914098762e-14,588198.736828
24.7916666667,-1.02625954241e-05,0.599783360958,2.40005660057,-5.11741855007e-05,5.3414809372e-05,20,20,1.89662480354,0.014352267608,41.5200233459,0,0,0,0,2.67802023217e-14,588198.736828
24.8027777778,-1.02625954241e-05,0.599783360958,2.40005660057,-5.11741855007e-05,5.3414809372e-05,20,20,1.89662480354,0.014352267608,41.5200233459,0,0,0,0,5.40570460406e-14,588198.736828
24.8138888889,-1.02625954241e-05,0.599783360958,2.40005660057,-5.11741855007e-05,5.3414809372e-05,20,20,1.89662480354,0.014352267608,41.5200233459,0,0,0,0,1.96413160291e-13,588198.736828
24.825,-1.02625954241e-05,0.599783360958,2.40005660057,-5.11741855007e-05,4.5786920964e-05,20,20,1.89662480354,0.014352267608,41.5200233459,0,0,0,0,1.62252580085e-13,588198.736828
24.8361111111,-1.02625954241e-05,0.599783360958,2.40005660057,-5.11741855007e-05,5.3414809372e-05,20,20,1.89662480354,0.014352267608,41.5200233459,0,0,0,0,1.64647047958e-13,588198.736828
24.8472222222,-1.02625954241e-05,0.599783360958,2.40005660057,-5.11741855007e-05,5.3414809372e-05,20,20,1.89662480354,0.014352267608,41.5200233459,0,0,0,0,2.5756025015e-13,588198.736828
24.8583333333,-1.02625954241e-05,0.599783360958,2.40005660057,-5.11741855007e-05,5.3414809372e-05,20,20,1.89662480354,0.014352267608,41.5200233459,0,0,0,0,2.47213795951e-13,588198.736828
24.8694444444,-1.02625954241e-05,0.599783360958,2.40005660057,-5.11741855007e-05,5.3414809372e-05,20,20,1.89662480354,0.014352267608,41.5200233459,0,0,0,0,1.40944850758e-13,588198.736828
24.8805555556,-1.02625954241e-05,0.599783360958,2.40005660057,-5.11741855007e-05,4.5786920964e-05,20,20,1.89662480354,0.014352267608,41.5200233459,0,0,0,0,9.30672488425e-14,588198.736828
24.8916666667,-1.02625954241e-05,0.599783360958,2.40005660057,-5.11741855007e-05,5.3414809372e-05,20,20,1.89662480354,0.014352267608,41.5200233459,0,0,0,0,4.18215391091e-14,588198.736828
24.9027777778,-1.02625954241e-05,0.599783360958,2.40005660057,-5.11741855007e-05,5.3414809372e-05,20,20,1.89662480354,0.014352267608,41.5200233459,0,0,0,0,1.40700886774e-14,588198.736828
24.9138888889,-1.02625954241e-05,0.599783360958,2.40005660057,-5.11741855007e-05,4.5786920964e-05,20,20,1.89662480354,0.014352267608,41.5200233459,0,0,0,0,2.54626064256e-14,588198.736828
24.925,-1.02625954241e-05,0.599783360958,2.40005660057,-5.11741855007e-05,5.3414809372e-05,20,20,1.89662480354,0.014352267608,41.5200233459,0,0,0,0,5.76753679235e-15,588198.736828
24.9361111111,-1.02625954241e-05,0.599783360958,2.40005660057,-5.11741855007e-05,5.3414809372e-05,20,20,1.89662480354,0.014352267608,41.5200233459,0,0,0,0,1.06495471209e-14,588198.736828
24.9472222222,-1.02625954241e-05,0.599783360958,2.40005660057,-5.11741855007e-05,5.3414809372e-05,20,20,1.89662480354,0.014352267608,41.5200233459,0,0,0,0,2.58056720037e-14,588198.736828
24.9583333333,-1.02625954241e-05,0.599783360958,2.40005660057,-5.11741855007e-05,5.3414809372e-05,20,20,1.89662480354,0.014352267608,41.5200233459,0,0,0,0,5.42911601746e-14,588198.736828
24.9694444444,-1.02625954241e-05,0.599783360958,2.40005660057,-5.11741855007e-05,4.5786920964e-05,20,20,1.89662480354,0.014352267608,41.5200233459,0,0,0,0,8.50225949872e-14,588198.736828
24.9805555556,-1.02625954241e-05,0.599783360958,2.40005660057,-5.11741855007e-05,5.3414809372e-05,20,20,1.89662480354,0.014352267608,41.5200233459,0,0,0,0,2.63363155835e-14,588198.736828
24.9916666667,-1.02625954241e-05,0.599783360958,2.40005660057,-5.11741855007e-05,5.3414809372e-05,20,20,1.89662480354,0.014352267608,41.5200233459,0,0,0,0,1.89508091703e-14,588198.736828
25.0027777778,-1.02625954241e-05,0.599783360958,2.40005660057,-5.11741855007e-05,5.3414809372e-05,20,20,1.89662480354,0.014352267608,41.5200233459,0,0,0,0,4.31129231345e-14,588198.736828
25.0138888889,-1.02625954241e-05,0.599783360958,2.40005660057,-5.11741855007e-05,5.3414809372e-05,20,20,1.89662480354,0.014352267608,41.5200233459,0,0,0,0,3.4356759269e-14,588198.736828
25.025,-1.02625954241e-05,0.599783360958,2.40005660057,-5.11741855007e-05,4.5786920964e-05,20,20,1.89662480354,0.014352267608,41.5200233459,0,0,0,0,6.86948665302e-14,588198.736828
25.0361111111,-1.02625954241e-05,0.599783360958,2.40005660057,-5.11741855007e-05,5.3414809372e-05,20,20,1.89662480354,0.014352267608,41.5200233459,0,0,0,0,8.83959787776e-14,588198.736828
25.0472222222,-1.02625954241e-05,0.599783360958,2.40005660057,-5.11741855007e-05,5.3414809372e-05,20,20,1.89662480354,0.014352267608,41.5200233459,0,0,0,0,1.04216804442e-13,588198.736828
25.0583333333,-1.02625954241e-05,0.599783360958,2.40005660057,-5.11741855007e-05,4.5786920964e-05,20,20,1.89662480354,0.014352267608,41.5200233459,0,0,0,0,2.82039069316e-13,588198.736828
25.0694444444,-1.02625954241e-05,0.599783360958,2.40005660057,-5.11741855007e-05,5.3414809372e-05,20,20,1.89662480354,0.014352267608,41.5200233459,0,0,0,0,2.09220584204e-13,588198.736828
25.0805555556,-1.02625954241e-05,0.599783360958,2.40005660057,-5.11741855007e-05,5.3414809372e-05,20,20,1.89662480354,0.014352267608,41.5200233459,0,0,0,0,6.72920672219e-14,588198.736828
25.0916666667,-1.02625954241e-05,0.599783360958,2.40005660057,-5.11741855007e-05,5.3414809372e-05,20,20,1.89662480354,0.014352267608,41.5200233459,0,0,0,0,1.16529069344e-14,588198.736828
25.1027777778,-1.02625954241e-05,0.599783360958,2.40005660057,-5.11741855007e-05,5.3414809372e-05,20,20,1.89662480354,0.014352267608,41.5200233459,0,0,0,0,1.08745947267e-14,588198.736828
25.1138888889,-1.02625954241e-05,0.599783360958,2.40005660057,-5.11741855007e-05,4.5786920964e-05,20,20,1.89662480354,0.014352267608,41.5200233459,0,0,0,0,9.25855095991e-15,588198.736828
25.125,-1.02625954241e-05,0.599783360958,2.40005660057,-5.11741855007e-05,5.3414809372e-05,20,20,1.89662480354,0.014352267608,41.5200233459,0,0,0,0,2.47786090668e-14,588198.736828
25.1361111111,-1.02625954241e-05,0.599783360958,2.40005660057,-5.11741855007e-05,5.3414809372e-05,20,20,1.89662480354,0.014352267608,41.5200233459,0,0,0,0,1.16321897572e-14,588198.736828
25.1472222222,-1.02625954241e-05,0.599783360958,2.40005660057,-5.11741855007e-05,5.3414809372e-05,20,20,1.89662480354,0.014352267608,41.5200233459,0,0,0,0,1.15257698354e-14,588198.736828
25.1583333333,-1.02625954241e-05,0.599783360958,2.40005660057,-5.11741855007e-05,5.3414809372e-05,20,20,1.89662480354,0.014352267608,41.5200233459,0,0,0,0,4.60591365119e-14,588198.736828
25.1694444444,-1.02625954241e-05,0.599783360958,2.40005660057,-5.11741855007e-05,4.5786920964e-05,20,20,1.89662480354,0.014352267608,41.5200233459,0,0,0,0,5.80254501686e-15,588198.736828
25.1805555556,-1.02625954241e-05,0.599783360958,2.40005660057,-5.11741855007e-05,5.3414809372e-05,20,20,1.89662480354,0.014352267608,41.5200233459,0,0,0,0,2.31052051286e-14,588198.736828
25.1916666667,-1.02625954241e-05,0.599783360958,2.40005660057,-5.11741855007e-05,5.3414809372e-05,20,20,1.89662480354,0.014352267608,41.5200233459,0,0,0,0,1.71566132307e-14,588198.736828
25.2027777778,-1.02625954241e-05,0.599783360958,2.40005660057,-5.11741855007e-05,4.5786920964e-05,20,20,1.89662480354,0.014352267608,41.5200233459,0,0,0,0,1.15958296002e-14,588198.736828
25.2138888889,-1.02625954241e-05,0.599783360958,2.40005660057,-5.11741855007e-05,5.3414809372e-05,20,20,1.89662480354,0.014352267608,41.5200233459,0,0,0,0,1.76232823662e-14,588198.736828
25.225,-1.02625954241e-05,0.599783360958,2.40005660057,-5.11741855007e-05,5.3414809372e-05,20,20,1.89662480354,0.014352267608,41.5200233459,0,0,0,0,1.00806780526e-14,588198.736828
25.2361111111,-1.02625954241e-05,0.599783360958,2.40005660057,-5.11741855007e-05,5.3414809372e-05,20,20,1.89662480354,0.014352267608,41.5200233459,0,0,0,0,2.21700322643e-14,588198.736828
25.2472222222,-1.02625954241e-05,0.599783360958,2.40005660057,-5.11741855007e-05,5.3414809372e-05,20,20,1.89662480354,0.014352267608,41.5200233459,0,0,0,0,7.59308119725e-14,588198.736828
25.2583333333,-1.02625954241e-05,0.599783360958,2.40005660057,-5.11741855007e-05,4.5786920964e-05,20,20,1.89662480354,0.014352267608,41.5200233459,0,0,0,0,9.46223373309e-14,588198.736828
25.2694444444,-1.02625954241e-05,0.599783360958,2.40005660057,-5.11741855007e-05,5.3414809372e-05,20,20,1.89662480354,0.014352267608,41.5200233459,0,0,0,0,1.35505069151e-13,588198.736828
25.2805555556,-1.02625954241e-05,0.599783360958,2.40005660057,-5.11741855007e-05,5.3414809372e-05,20,20,1.89662480354,0.014352267608,41.5200233459,0,0,0,0,5.01556540516e-14,588198.736828
25.2916666667,-1.02625954241e-05,0.599783360958,2.40005660057,-5.11741855007e-05,5.3414809372e-05,20,20,1.89662480354,0.014352267608,41.5200233459,0,0,0,0,1.31133159692e-13,588198.736828
25.3027777778,-1.02625954241e-05,0.599783360958,2.40005660057,-5.11741855007e-05,5.3414809372e-05,20,20,1.89662480354,0.014352267608,41.5200233459,0,0,0,0,5.00936806252e-14,588198.736828
25.3138888889,-1.02625954241e-05,0.599783360958,2.40005660057,-5.11741855007e-05,4.5786920964e-05,20,20,1.89662480354,0.014352267608,41.5200233459,0,0,0,0,1.07300211879e-13,588198.736828
25.325,-1.02625954241e-05,0.599783360958,2.40005660057,-5.11741855007e-05,5.3414809372e-05,20,20,1.89662480354,0.014352267608,41.5200233459,0,0,0,0,1.02109981058e-13,588198.736828
25.3361111111,-1.02625954241e-05,0.599783360958,2.40005660057,-5.11741855007e-05,5.3414809372e-05,20,20,1.89662480354,0.014352267608,41.5200233459,0,0,0,0,1.10369958437e-13,588198.736828
25.3472222222,-1.02625954241e-05,0.599783360958,2.40005660057,-5.11741855007e-05,4.5786920964e-05,20,20,1.89662480354,0.014352267608,41.5200233459,0,0,0,0,5.56005177113e-14,588198.736828
25.3583333333,-1.02625954241e-05,0.599783360958,2.40005660057,-5.11741855007e-05,5.3414809372e-05,20,20,1.89662480354,0.014352267608,41.5200233459,0,0,0,0,5.02965182393e-14,588198.736828
25.3694444444,-1.02625954241e-05,0.599783360958,2.40005660057,-5.11741855007e-05,5.3414809372e-05,20,20,1.89662480354,0.014352267608,41.5200233459,0,0,0,0,1.01708177264e-13,588198.736828
25.3805555556,-1.02625954241e-05,0.599783360958,2.40005660057,-5.11741855007e-05,5.3414809372e-05,20,20,1.89662480354,0.014352267608,41.5200233459,0,0,0,0,4.26964466736e-14,588198.736828
25.3916666667,-1.02625954241e-05,0.599783360958,2.40005660057,-5.11741855007e-05,5.3414809372e-05,20,20,1.89662480354,0.014352267608,41.5200233459,0,0,0,0,4.90433739273e-14,588198.736828
25.4027777778,-1.02625954241e-05,0.599783360958,2.40005660057,-5.11741855007e-05,4.5786920964e-05,20,20,1.89662480354,0.014352267608,41.5200233459,0,0,0,0,7.74006220814e-14,588198.736828
25.4138888889,-1.02625954241e-05,0.599783360958,2.40005660057,-5.11741855007e-05,5.3414809372e-05,20,20,1.89662480354,0.014352267608,41.5200233459,0,0,0,0,6.18916242721e-14,588198.736828
25.425,-1.02625954241e-05,0.599783360958,2.40005660057,-5.11741855007e-05,5.3414809372e-05,20,20,1.89662480354,0.014352267608,41.5200233459,0,0,0,0,3.75700662567e-14,588198.736828
25.4361111111,-1.02625954241e-05,0.599783360958,2.40005660057,-5.11741855007e-05,5.3414809372e-05,20,20,1.89662480354,0.014352267608,41.5200233459,0,0,0,0,2.29164255532e-14,588198.736828
25.4472222222,-1.02625954241e-05,0.599783360958,2.40005660057,-5.11741855007e-05,5.3414809372e-05,20,20,1.89662480354,0.014352267608,41.5200233459,0,0,0,0,4.68192333467e-14,588198.736828
25.4583333333,-1.02625954241e-05,0.599783360958,2.40005660057,-5.11741855007e-05,4.5786920964e-05,20,20,1.89662480354,0.014352267608,41.5200233459,0,0,0,0,9.02419741593e-14,588198.736828
25.4694444444,-1.02625954241e-05,0.599783360958,2.40005660057,-5.11741855007e-05,5.3414809372e-05,20,20,1.89662480354,0.014352267608,41.5200233459,0,0,0,0,9.01520763504e-14,588198.736828
25.4805555556,-1.02625954241e-05,0.599783360958,2.40005660057,-5.11741855007e-05,5.3414809372e-05,20,20,1.89662480354,0.014352267608,41.5200233459,0,0,0,0,2.17742675773e-14,588198.736828
25.4916666667,-1.02625954241e-05,0.599783360958,2.40005660057,-5.11741855007e-05,4.5786920964e-05,20,20,1.89662480354,0.014352267608,41.5200233459,0,0,0,0,2.02506630027e-14,588198.736828
25.5027777778,-1.02625954241e-05,0.599783360958,2.40005660057,-5.11741855007e-05,5.3414809372e-05,20,20,1.89662480354,0.014352267608,41.5200233459,0,0,0,0,1.33593009894e-14,588198.736828
25.5138888889,-1.02625954241e-05,0.599783360958,2.40005660057,-5.11741855007e-05,5.3414809372e-05,20,20,1.89662480354,0.014352267608,41.5200233459,0,0,0,0,5.99386367869e-14,588198.736828
25.525,-1.02625954241e-05,0.599783360958,2.40005660057,-5.11741855007e-05,5.3414809372e-05,20,20,1.89662480354,0.014352267608,41.5200233459,0,0,0,0,1.69532188429e-13,588198.736828
25.5361111111,-1.02625954241e-05,0.599783360958,2.40005660057,-5.11741855007e-05,5.3414809372e-05,20,20,1.89662480354,0.014352267608,41.5200233459,0,0,0,0,5.69123981435e-13,588198.736828
25.5472222222,-1.02625954241e-05,0.599783360958,2.40005660057,-5.11741855007e-05,4.5786920964e-05,20,20,1.89662480354,0.014352267608,41.5200233459,0,0,0,0,6.14109044218e-13,588198.736828
25.5583333333,-1.02625954241e-05,0.599783360958,2.40005660057,-5.11741855007e-05,5.3414809372e-05,20,20,1.89662480354,0.014352267608,41.5200233459,0,0,0,0,2.67372758882e-13,588198.736828
25.5694444444,-1.02625954241e-05,0.599783360958,2.40005660057,-5.11741855007e-05,5.3414809372e-05,20,20,1.89662480354,0.014352267608,41.5200233459,0,0,0,0,6.8187125326e-14,588198.736828
25.5805555556,-1.02625954241e-05,0.599783360958,2.40005660057,-5.11741855007e-05,5.3414809372e-05,20,20,1.89662480354,0.014352267608,41.5200233459,0,0,0,0,4.07956243797e-14,588198.736828
25.5916666667,-1.02625954241e-05,0.599783360958,2.40005660057,-5.11741855007e-05,5.3414809372e-05,20,20,1.89662480354,0.014352267608,41.5200233459,0,0,0,0,5.20933239721e-14,588198.736828
25.6027777778,-1.02625954241e-05,0.599783360958,2.40005660057,-5.11741855007e-05,4.5786920964e-05,20,20,1.89662480354,0.014352267608,41.5200233459,0,0,0,0,3.07124960799e-14,588198.736828
25.6138888889,-1.02625954241e-05,0.599783360958,2.40005660057,-5.11741855007e-05,5.3414809372e-05,20,20,1.89662480354,0.014352267608,41.5200233459,0,0,0,0,3.24076459746e-14,588198.736828
25.625,-1.02625954241e-05,0.599783360958,2.40005660057,-5.11741855007e-05,5.3414809372e-05,20,20,1.89662480354,0.014352267608,41.5200233459,0,0,0,0,1.05096367772e-13,588198.736828
25.6361111111,-1.02625954241e-05,0.599783360958,2.40005660057,-5.11741855007e-05,4.5786920964e-05,20,20,1.89662480354,0.014352267608,41.5200233459,0,0,0,0,2.70712609682e-13,588198.736828
25.6472222222,-1.02625954241e-05,0.599783360958,2.40005660057,-5.11741855007e-05,5.3414809372e-05,20,20,1.89662480354,0.014352267608,41.5200233459,0,0,0,0,1.89752770912e-13,588198.736828
25.6583333333,-1.02625954241e-05,0.599783360958,2.40005660057,-5.11741855007e-05,5.3414809372e-05,20,20,1.89662480354,0.014352267608,41.5200233459,0,0,0,0,1.64715061825e-13,588198.736828
25.6694444444,-1.02625954241e-05,0.599783360958,2.40005660057,-5.11741855007e-05,5.3414809372e-05,20,20,1.89662480354,0.014352267608,41.5200233459,0,0,0,0,1.68215827871e-13,588198.736828
25.6805555556,-1.02625954241e-05,0.599783360958,2.40005660057,-5.11741855007e-05,5.3414809372e-05,20,20,1.89662480354,0.014352267608,41.5200233459,0,0,0,0,4.79691682788e-14,588198.736828
25.6916666667,-1.02625954241e-05,0.599783360958,2.40005660057,-5.11741855007e-05,4.5786920964e-05,20,20,1.89662480354,0.014352267608,41.5200233459,0,0,0,0,7.10504762123e-15,588198.736828
25.7027777778,-1.02625954241e-05,0.599783360958,2.40005660057,-5.11741855007e-05,5.3414809372e-05,20,20,1.89662480354,0.014352267608,41.5200233459,0,0,0,0,8.77779485588e-15,588198.736828
25.7138888889,-1.02625954241e-05,0.599783360958,2.40005660057,-5.11741855007e-05,5.3414809372e-05,20,20,1.89662480354,0.014352267608,41.5200233459,0,0,0,0,5.24552656397e-14,588198.736828
25.725,-1.02625954241e-05,0.599783360958,2.40005660057,-5.11741855007e-05,5.3414809372e-05,20,20,1.89662480354,0.014352267608,41.5200233459,0,0,0,0,1.40791393746e-13,588198.736828
25.7361111111,-1.02625954241e-05,0.599783360958,2.40005660057,-5.11741855007e-05,5.3414809372e-05,20,20,1.89662480354,0.014352267608,41.5200233459,0,0,0,0,1.75297847101e-13,588198.736828
25.7472222222,-1.02625954241e-05,0.599783360958,2.40005660057,-5.11741855007e-05,4.5786920964e-05,20,20,1.89662480354,0.014352267608,41.5200233459,0,0,0,0,8.09745850538e-14,588198.736828
25.7583333333,-1.02625954241e-05,0.599783360958,2.40005660057,-5.11741855007e-05,5.3414809372e-05,20,20,1.89662480354,0.014352267608,41.5200233459,0,0,0,0,5.85914059566e-14,588198.736828
25.7694444444,-1.02625954241e-05,0.599783360958,2.40005660057,-5.11741855007e-05,5.3414809372e-05,20,20,1.89662480354,0.014352267608,41.5200233459,0,0,0,0,1.06563021897e-13,588198.736828
25.7805555556,-1.02625954241e-05,0.599783360958,2.40005660057,-5.11741855007e-05,4.5786920964e-05,20,20,1.89662480354,0.014352267608,41.5200233459,0,0,0,0,1.13230563598e-13,588198.736828
25.7916666667,-1.02625954241e-05,0.599783360958,2.40005660057,-5.11741855007e-05,5.3414809372e-05,20,20,1.89662480354,0.014352267608,41.5200233459,0,0,0,0,2.37208654307e-13,588198.736828
25.8027777778,-1.02625954241e-05,0.599783360958,2.40005660057,-5.11741855007e-05,5.3414809372e-05,20,20,1.89662480354,0.014352267608,41.5200233459,0,0,0,0,3.62353691535e-13,588198.736828
25.8138888889,-1.02625954241e-05,0.599783360958,2.40005660057,-5.11741855007e-05,5.3414809372e-05,20,20,1.89662480354,0.014352267608,41.5200233459,0,0,0,0,1.79608138953e-13,588198.736828
25.825,-1.02625954241e-05,0.599783360958,2.40005660057,-5.11741855007e-05,5.3414809372e-05,20,20,1.89662480354,0.014352267608,41.5200233459,0,0,0,0,6.88621804635e-14,588198.736828
25.8361111111,-1.02625954241e-05,0.599783360958,2.40005660057,-5.11741855007e-05,4.5786920964e-05,20,20,1.89662480354,0.014352267608,41.5200233459,0,0,0,0,9.34951386535e-15,588198.736828
25.8472222222,-1.02625954241e-05,0.599783360958,2.40005660057,-5.11741855007e-05,5.3414809372e-05,20,20,1.89662480354,0.014352267608,41.5200233459,0,0,0,0,1.90899223988e-14,588198.736828
25.8583333333,-1.02625954241e-05,0.599783360958,2.40005660057,-5.11741855007e-05,5.3414809372e-05,20,20,1.89662480354,0.014352267608,41.5200233459,0,0,0,0,6.54057102172e-15,588198.736828
25.8694444444,-1.02625954241e-05,0.599783360958,2.40005660057,-5.11741855007e-05,5.3414809372e-05,20,20,1.89662480354,0.014352267608,41.5200233459,0,0,0,0,4.7189837802e-14,588198.736828
25.8805555556,-1.02625954241e-05,0.599783360958,2.40005660057,-5.11741855007e-05,5.3414809372e-05,20,20,1.89662480354,0.014352267608,41.5200233459,0,0,0,0,1.36822336892e-13,588198.736828
25.8916666667,-1.02625954241e-05,0.599783360958,2.40005660057,-5.11741855007e-05,4.5786920964e-05,20,20,1.89662480354,0.014352267608,41.5200233459,0,0,0,0,1.72244196856e-13,588198.736828
25.9027777778,-1.02625954241e-05,0.599783360958,2.40005660057,-5.11741855007e-05,5.3414809372e-05,20,20,1.89662480354,0.014352267608,41.5200233459,0,0,0,0,1.28493090273e-13,588198.736828
25.9138888889,-1.02625954241e-05,0.599783360958,2.40005660057,-5.11741855007e-05,5.3414809372e-05,20,20,1.89662480354,0.014352267608,41.5200233459,0,0,0,0,2.75214785356e-13,588198.736828
25.925,-1.02625954241e-05,0.599783360958,2.40005660057,-5.11741855007e-05,4.5786920964e-05,20,20,1.89662480354,0.014352267608,41.5200233459,0,0,0,0,4.01548820516e-13,588198.736828
25.9361111111,-1.02625954241e-05,0.599783360958,2.40005660057,-5.11741855007e-05,5.3414809372e-05,20,20,1.89662480354,0.014352267608,41.5200233459,0,0,0,0,2.9952728957e-13,588198.736828
25.9472222222,-1.02625954241e-05,0.599783360958,2.40005660057,-5.11741855007e-05,5.3414809372e-05,20,20,1.89662480354,0.014352267608,41.5200233459,0,0,0,0,4.28287171188e-13,588198.736828
25.9583333333,-1.02625954241e-05,0.599783360958,2.40005660057,-5.11741855007e-05,5.3414809372e-05,20,20,1.89662480354,0.014352267608,41.5200233459,0,0,0,0,3.54880021772e-13,588198.736828
25.9694444444,-1.02625954241e-05,0.599783360958,2.40005660057,-5.11741855007e-05,5.3414809372e-05,20,20,1.89662480354,0.014352267608,41.5200233459,0,0,0,0,2.86830648632e-13,588198.736828
25.9805555556,-1.02625954241e-05,0.599783360958,2.40005660057,-5.11741855007e-05,4.5786920964e-05,20,20,1.89662480354,0.014352267608,41.5200233459,0,0,0,0,2.48918238741e-14,588198.736828
25.9916666667,-1.02625954241e-05,0.599783360958,2.40005660057,-5.11741855007e-05,5.3414809372e-05,20,20,1.89662480354,0.014352267608,41.5200233459,0,0,0,0,1.08808654603e-13,588198.736828
26.0027777778,-1.02625954241e-05,0.599783360958,2.40005660057,-5.11741855007e-05,5.3414809372e-05,20,20,1.89662480354,0.014352267608,41.5200233459,0,0,0,0,2.29124766227e-13,588198.736828
26.0138888889,-1.02625954241e-05,0.599783360958,2.40005660057,-5.11741855007e-05,5.3414809372e-05,20,20,1.89662480354,0.014352267608,41.5200233459,0,0,0,0,1.1307577067e-13,588198.736828
26.025,-1.02625954241e-05,0.599783360958,2.40005660057,-5.11741855007e-05,5.3414809372e-05,20,20,1.89662480354,0.014352267608,41.5200233459,0,0,0,0,2.15697297334e-14,588198.736828
26.0361111111,-1.02625954241e-05,0.599783360958,2.40005660057,-5.11741855007e-05,4.5786920964e-05,20,20,1.89662480354,0.014352267608,41.5200233459,0,0,0,0,3.19208755244e-14,588198.736828
26.0472222222,-1.02625954241e-05,0.599783360958,2.40005660057,-5.11741855007e-05,5.3414809372e-05,20,20,1.89662480354,0.014352267608,41.5200233459,0,0,0,0,7.31950733955e-14,588198.736828
26.0583333333,-1.02625954241e-05,0.599783360958,2.40005660057,-5.11741855007e-05,5.3414809372e-05,20,20,1.89662480354,0.014352267608,41.5200233459,0,0,0,0,1.97156048119e-13,588198.736828
26.0694444444,-1.02625954241e-05,0.599783360958,2.40005660057,-5.11741855007e-05,4.5786920964e-05,20,20,1.89662480354,0.014352267608,41.5200233459,0,0,0,0,3.95451580811e-14,588198.736828
26.0805555556,-1.02625954241e-05,0.599783360958,2.40005660057,-5.11741855007e-05,5.3414809372e-05,20,20,1.89662480354,0.014352267608,41.5200233459,0,0,0,0,4.40678766616e-15,588198.736828
26.0916666667,-1.02625954241e-05,0.599783360958,2.40005660057,-5.11741855007e-05,5.3414809372e-05,20,20,1.89662480354,0.014352267608,41.5200233459,0,0,0,0,1.6629177461e-14,588198.736828
26.1027777778,-1.02625954241e-05,0.599783360958,2.40005660057,-5.11741855007e-05,5.3414809372e-05,20,20,1.89662480354,0.014352267608,41.5200233459,0,0,0,0,1.49340085804e-14,588198.736828
26.1138888889,-1.02625954241e-05,0.599783360958,2.40005660057,-5.11741855007e-05,5.3414809372e-05,20,20,1.89662480354,0.014352267608,41.5200233459,0,0,0,0,1.44221807072e-14,588198.736828
26.125,-1.02625954241e-05,0.599783360958,2.40005660057,-5.11741855007e-05,4.5786920964e-05,20,20,1.89662480354,0.014352267608,41.5200233459,0,0,0,0,1.4604148232e-14,588198.736828
26.1361111111,-1.02625954241e-05,0.599783360958,2.40005660057,-5.11741855007e-05,5.3414809372e-05,20,20,1.89662480354,0.014352267608,41.5200233459,0,0,0,0,1.19934645265e-14,588198.736828
26.1472222222,-1.02625954241e-05,0.599783360958,2.40005660057,-5.11741855007e-05,5.3414809372e-05,20,20,1.89662480354,0.014352267608,41.5200233459,0,0,0,0,4.89086454049e-14,588198.736828
26.1583333333,-1.02625954241e-05,0.599783360958,2.40005660057,-5.11741855007e-05,5.3414809372e-05,20,20,1.89662480354,0.014352267608,41.5200233459,0,0,0,0,1.118079814e-13,588198.736828
26.1694444444,-1.02625954241e-05,0.599783360958,2.40005660057,-5.11741855007e-05,5.3414809372e-05,20,20,1.89662480354,0.014352267608,41.5200233459,0,0,0,0,9.49072329521e-14,588198.736828
26.1805555556,-1.02625954241e-05,0.599783360958,2.40005660057,-5.11741855007e-05,4.5786920964e-05,20,20,1.89662480354,0.014352267608,41.5200233459,0,0,0,0,5.73255501172e-14,588198.736828
26.1916666667,-1.02625954241e-05,0.599783360958,2.40005660057,-5.11741855007e-05,5.3414809372e-05,20,20,1.89662480354,0.014352267608,41.5200233459,0,0,0,0,1.49380561224e-13,588198.736828
26.2027777778,-1.02625954241e-05,0.599783360958,2.40005660057,-5.11741855007e-05,5.3414809372e-05,20,20,1.89662480354,0.014352267608,41.5200233459,0,0,0,0,5.31765353262e-14,588198.736828
26.2138888889,-1.02625954241e-05,0.599783360958,2.40005660057,-5.11741855007e-05,4.5786920964e-05,20,20,1.89662480354,0.014352267608,41.5200233459,0,0,0,0,1.97162766294e-14,588198.736828
26.225,-1.02625954241e-05,0.599783360958,2.40005660057,-5.11741855007e-05,5.3414809372e-05,20,20,1.89662480354,0.014352267608,41.5200233459,0,0,0,0,5.6712061187e-15,588198.736828
26.2361111111,-1.02625954241e-05,0.599783360958,2.40005660057,-5.11741855007e-05,5.3414809372e-05,20,20,1.89662480354,0.014352267608,41.5200233459,0,0,0,0,4.12759302692e-14,588198.736828
26.2472222222,-1.02625954241e-05,0.599783360958,2.40005660057,-5.11741855007e-05,5.3414809372e-05,20,20,1.89662480354,0.014352267608,41.5200233459,0,0,0,0,1.0946233909e-14,588198.736828
26.2583333333,-1.02625954241e-05,0.599783360958,2.40005660057,-5.11741855007e-05,5.3414809372e-05,20,20,1.89662480354,0.014352267608,41.5200233459,0,0,0,0,8.58486221131e-14,588198.736828
26.2694444444,-1.02625954241e-05,0.599783360958,2.40005660057,-5.11741855007e-05,4.5786920964e-05,20,20,1.89662480354,0.014352267608,41.5200233459,0,0,0,0,9.06598984572e-14,588198.736828
26.2805555556,-1.02625954241e-05,0.599783360958,2.40005660057,-5.11741855007e-05,5.3414809372e-05,20,20,1.89662480354,0.014352267608,41.5200233459,0,0,0,0,8.00372076988e-14,588198.736828
26.2916666667,-1.02625954241e-05,0.599783360958,2.40005660057,-5.11741855007e-05,5.3414809372e-05,20,20,1.89662480354,0.014352267608,41.5200233459,0,0,0,0,1.72469720573e-13,588198.736828
26.3027777778,-1.02625954241e-05,0.599783360958,2.40005660057,-5.11741855007e-05,5.3414809372e-05,20,20,1.89662480354,0.014352267608,41.5200233459,0,0,0,0,1.60494107081e-13,588198.736828
26.3138888889,-1.02625954241e-05,0.599783360958,2.40005660057,-5.11741855007e-05,5.3414809372e-05,20,20,1.89662480354,0.014352267608,41.5200233459,0,0,0,0,2.83250210865e-14,588198.736828
26.325,-1.02625954241e-05,0.599783360958,2.40005660057,-5.11741855007e-05,4.5786920964e-05,20,20,1.89662480354,0.014352267608,41.5200233459,0,0,0,0,1.40503887897e-13,588198.736828
26.3361111111,-1.02625954241e-05,0.599783360958,2.40005660057,-5.11741855007e-05,5.3414809372e-05,20,20,1.89662480354,0.014352267608,41.5200233459,0,0,0,0,2.54413345808e-14,588198.736828
26.3472222222,-1.02625954241e-05,0.599783360958,2.40005660057,-5.11741855007e-05,5.3414809372e-05,20,20,1.89662480354,0.014352267608,41.5200233459,0,0,0,0,3.50855681049e-14,588198.736828
26.3583333333,-1.02625954241e-05,0.599783360958,2.40005660057,-5.11741855007e-05,4.5786920964e-05,20,20,1.89662480354,0.014352267608,41.5200233459,0,0,0,0,5.47596521741e-14,588198.736828
26.3694444444,-1.02625954241e-05,0.599783360958,2.40005660057,-5.11741855007e-05,5.3414809372e-05,20,20,1.89662480354,0.014352267608,41.5200233459,0,0,0,0,5.79539390319e-14,588198.736828
26.3805555556,-1.02625954241e-05,0.599783360958,2.40005660057,-5.11741855007e-05,5.3414809372e-05,20,20,1.89662480354,0.014352267608,41.5200233459,0,0,0,0,1.84499249619e-14,588198.736828
26.3916666667,-1.02625954241e-05,0.599783360958,2.40005660057,-5.11741855007e-05,5.3414809372e-05,20,20,1.89662480354,0.014352267608,41.5200233459,0,0,0,0,1.66413130758e-14,588198.736828
26.4027777778,-1.02625954241e-05,0.599783360958,2.40005660057,-5.11741855007e-05,5.3414809372e-05,20,20,1.89662480354,0.014352267608,41.5200233459,0,0,0,0,2.35204519632e-14,588198.736828
26.4138888889,-1.02625954241e-05,0.599783360958,2.40005660057,-5.11741855007e-05,4.5786920964e-05,20,20,1.89662480354,0.014352267608,41.5200233459,0,0,0,0,2.90076654667e-14,588198.736828
26.425,-1.02625954241e-05,0.599783360958,2.40005660057,-5.11741855007e-05,5.3414809372e-05,20,20,1.89662480354,0.014352267608,41.5200233459,0,0,0,0,2.04959807444e-14,588198.736828
26.4361111111,-1.02625954241e-05,0.599783360958,2.40005660057,-5.11741855007e-05,5.3414809372e-05,20,20,1.89662480354,0.014352267608,41.5200233459,0,0,0,0,3.16568317407e-14,588198.736828
26.4472222222,-1.02625954241e-05,0.599783360958,2.40005660057,-5.11741855007e-05,5.3414809372e-05,20,20,1.89662480354,0.014352267608,41.5200233459,0,0,0,0,3.72592778707e-14,588198.736828
26.4583333333,-1.02625954241e-05,0.599783360958,2.40005660057,-5.11741855007e-05,5.3414809372e-05,20,20,1.89662480354,0.014352267608,41.5200233459,0,0,0,0,8.95952028641e-14,588198.736828
26.4694444444,-1.02625954241e-05,0.599783360958,2.40005660057,-5.11741855007e-05,4.5786920964e-05,20,20,1.89662480354,0.014352267608,41.5200233459,0,0,0,0,9.11420496184e-14,588198.736828
26.4805555556,-1.02625954241e-05,0.599783360958,2.40005660057,-5.11741855007e-05,5.3414809372e-05,20,20,1.89662480354,0.014352267608,41.5200233459,0,0,0,0,4.89300423919e-14,588198.736828
26.4916666667,-1.02625954241e-05,0.599783360958,2.40005660057,-5.11741855007e-05,5.3414809372e-05,20,20,1.89662480354,0.014352267608,41.5200233459,0,0,0,0,6.17541765614e-14,588198.736828
26.5027777778,-1.02625954241e-05,0.599783360958,2.40005660057,-5.11741855007e-05,4.5786920964e-05,20,20,1.89662480354,0.014352267608,41.5200233459,0,0,0,0,2.11289920553e-14,588198.736828
26.5138888889,-1.02625954241e-05,0.599783360958,2.40005660057,-5.11741855007e-05,5.3414809372e-05,20,20,1.89662480354,0.014352267608,41.5200233459,0,0,0,0,2.99165390837e-14,588198.736828
26.525,-1.02625954241e-05,0.599783360958,2.40005660057,-5.11741855007e-05,5.3414809372e-05,20,20,1.89662480354,0.014352267608,41.5200233459,0,0,0,0,4.49797261731e-14,588198.736828
26.5361111111,-1.02625954241e-05,0.599783360958,2.40005660057,-5.11741855007e-05,5.3414809372e-05,20,20,1.89662480354,0.014352267608,41.5200233459,0,0,0,0,2.01401736291e-14,588198.736828
26.5472222222,-1.02625954241e-05,0.599783360958,2.40005660057,-5.11741855007e-05,5.3414809372e-05,20,20,1.89662480354,0.014352267608,41.5200233459,0,0,0,0,2.76977767767e-14,588198.736828
26.5583333333,-1.02625954241e-05,0.599783360958,2.40005660057,-5.11741855007e-05,4.5786920964e-05,20,20,1.89662480354,0.014352267608,41.5200233459,0,0,0,0,2.74369995238e-14,588198.736828
26.5694444444,-1.02625954241e-05,0.599783360958,2.40005660057,-5.11741855007e-05,5.3414809372e-05,20,20,1.89662480354,0.014352267608,41.5200233459,0,0,0,0,4.28480247911e-14,588198.736828
26.5805555556,-1.02625954241e-05,0.599783360958,2.40005660057,-5.11741855007e-05,5.3414809372e-05,20,20,1.89662480354,0.014352267608,41.5200233459,0,0,0,0,1.76535129525e-13,588198.736828
26.5916666667,-1.02625954241e-05,0.599783360958,2.40005660057,-5.11741855007e-05,5.3414809372e-05,20,20,1.89662480354,0.014352267608,41.5200233459,0,0,0,0,1.21607180858e-13,588198.736828
26.6027777778,-1.02625954241e-05,0.599783360958,2.40005660057,-5.11741855007e-05,5.3414809372e-05,20,20,1.89662480354,0.014352267608,41.5200233459,0,0,0,0,9.2599777204e-14,588198.736828
26.6138888889,-1.02625954241e-05,0.599783360958,2.40005660057,-5.11741855007e-05,4.5786920964e-05,20,20,1.89662480354,0.014352267608,41.5200233459,0,0,0,0,6.32220635657e-14,588198.736828
26.625,-1.02625954241e-05,0.599783360958,2.40005660057,-5.11741855007e-05,5.3414809372e-05,20,20,1.89662480354,0.014352267608,41.5200233459,0,0,0,0,8.59073712225e-14,588198.736828
26.6361111111,-1.02625954241e-05,0.599783360958,2.40005660057,-5.11741855007e-05,5.3414809372e-05,20,20,1.89662480354,0.014352267608,41.5200233459,0,0,0,0,3.16169056308e-14,588198.736828
26.6472222222,-1.02625954241e-05,0.599783360958,2.40005660057,-5.11741855007e-05,4.5786920964e-05,20,20,1.89662480354,0.014352267608,41.5200233459,0,0,0,0,1.27941704388e-14,588198.736828
26.6583333333,-1.02625954241e-05,0.599783360958,2.40005660057,-5.11741855007e-05,5.3414809372e-05,20,20,1.89662480354,0.014352267608,41.5200233459,0,0,0,0,1.85363031094e-14,588198.736828
26.6694444444,-1.02625954241e-05,0.599783360958,2.40005660057,-5.11741855007e-05,5.3414809372e-05,20,20,1.89662480354,0.014352267608,41.5200233459,0,0,0,0,2.79902739238e-14,588198.736828
26.6805555556,-1.02625954241e-05,0.599783360958,2.40005660057,-5.11741855007e-05,5.3414809372e-05,20,20,1.89662480354,0.014352267608,41.5200233459,0,0,0,0,2.86121841377e-14,588198.736828
26.6916666667,-1.02625954241e-05,0.599783360958,2.40005660057,-5.11741855007e-05,5.3414809372e-05,20,20,1.89662480354,0.014352267608,41.5200233459,0,0,0,0,1.49191184631e-14,588198.736828
26.7027777778,-1.02625954241e-05,0.599783360958,2.40005660057,-5.11741855007e-05,4.5786920964e-05,20,20,1.89662480354,0.014352267608,41.5200233459,0,0,0,0,1.00961562295e-14,588198.736828
26.7138888889,-1.02625954241e-05,0.599783360958,2.40005660057,-5.11741855007e-05,5.3414809372e-05,20,20,1.89662480354,0.014352267608,41.5200233459,0,0,0,0,1.36753790028e-14,588198.736828
26.725,-1.02625954241e-05,0.599783360958,2.40005660057,-5.11741855007e-05,5.3414809372e-05,20,20,1.89662480354,0.014352267608,41.5200233459,0,0,0,0,8.46461479351e-15,588198.736828
26.7361111111,-1.02625954241e-05,0.599783360958,2.40005660057,-5.11741855007e-05,5.3414809372e-05,20,20,1.89662480354,0.014352267608,41.5200233459,0,0,0,0,3.62266630532e-14,588198.736828
26.7472222222,-1.02625954241e-05,0.599783360958,2.40005660057,-5.11741855007e-05,5.3414809372e-05,20,20,1.89662480354,0.014352267608,41.5200233459,0,0,0,0,6.29598135537e-14,588198.736828
26.7583333333,-1.02625954241e-05,0.599783360958,2.40005660057,-5.11741855007e-05,4.5786920964e-05,20,20,1.89662480354,0.014352267608,41.5200233459,0,0,0,0,5.554034277e-14,588198.736828
26.7694444444,-1.02625954241e-05,0.599783360958,2.40005660057,-5.11741855007e-05,5.3414809372e-05,20,20,1.89662480354,0.014352267608,41.5200233459,0,0,0,0,2.1621775842e-14,588198.736828
26.7805555556,-1.02625954241e-05,0.599783360958,2.40005660057,-5.11741855007e-05,5.3414809372e-05,20,20,1.89662480354,0.014352267608,41.5200233459,0,0,0,0,7.91360377614e-14,588198.736828
26.7916666667,-1.02625954241e-05,0.599783360958,2.40005660057,-5.11741855007e-05,4.5786920964e-05,20,20,1.89662480354,0.014352267608,41.5200233459,0,0,0,0,8.24005095211e-15,588198.736828
26.8027777778,-1.02625954241e-05,0.599783360958,2.40005660057,-5.11741855007e-05,5.3414809372e-05,20,20,1.89662480354,0.014352267608,41.5200233459,0,0,0,0,3.5563060197e-14,588198.736828
26.8138888889,-1.02625954241e-05,0.599783360958,2.40005660057,-5.11741855007e-05,5.3414809372e-05,20,20,1.89662480354,0.014352267608,41.5200233459,0,0,0,0,2.34045014013e-14,588198.736828
26.825,-1.02625954241e-05,0.599783360958,2.40005660057,-5.11741855007e-05,5.3414809372e-05,20,20,1.89662480354,0.014352267608,41.5200233459,0,0,0,0,1.92476016975e-14,588198.736828
26.8361111111,-1.02625954241e-05,0.599783360958,2.40005660057,-5.11741855007e-05,5.3414809372e-05,20,20,1.89662480354,0.014352267608,41.5200233459,0,0,0,0,2.06016806892e-14,588198.736828
26.8472222222,-1.02625954241e-05,0.599783360958,2.40005660057,-5.11741855007e-05,4.5786920964e-05,20,20,1.89662480354,0.014352267608,41.5200233459,0,0,0,0,1.24680406313e-14,588198.736828
26.8583333333,-1.02625954241e-05,0.599783360958,2.40005660057,-5.11741855007e-05,5.3414809372e-05,20,20,1.89662480354,0.014352267608,41.5200233459,0,0,0,0,4.12362385959e-14,588198.736828
26.8694444444,-1.02625954241e-05,0.599783360958,2.40005660057,-5.11741855007e-05,5.3414809372e-05,20,20,1.89662480354,0.014352267608,41.5200233459,0,0,0,0,9.43194491926e-15,588198.736828
26.8805555556,-1.02625954241e-05,0.599783360958,2.40005660057,-5.11741855007e-05,5.3414809372e-05,20,20,1.89662480354,0.014352267608,41.5200233459,0,0,0,0,9.03230387915e-14,588198.736828
26.8916666667,-1.02625954241e-05,0.599783360958,2.40005660057,-5.11741855007e-05,5.3414809372e-05,20,20,1.89662480354,0.014352267608,41.5200233459,0,0,0,0,9.19292899829e-14,588198.736828
26.9027777778,-1.02625954241e-05,0.599783360958,2.40005660057,-5.11741855007e-05,4.5786920964e-05,20,20,1.89662480354,0.014352267608,41.5200233459,0,0,0,0,5.98990364747e-14,588198.736828
26.9138888889,-1.02625954241e-05,0.599783360958,2.40005660057,-5.11741855007e-05,5.3414809372e-05,20,20,1.89662480354,0.014352267608,41.5200233459,0,0,0,0,4.75181339849e-14,588198.736828
26.925,-1.02625954241e-05,0.599783360958,2.40005660057,-5.11741855007e-05,5.3414809372e-05,20,20,1.89662480354,0.014352267608,41.5200233459,0,0,0,0,1.79312483653e-14,588198.736828
26.9361111111,-1.02625954241e-05,0.599783360958,2.40005660057,-5.11741855007e-05,4.5786920964e-05,20,20,1.89662480354,0.014352267608,41.5200233459,0,0,0,0,1.86235091518e-14,588198.736828
26.9472222222,-1.02625954241e-05,0.599783360958,2.40005660057,-5.11741855007e-05,5.3414809372e-05,20,20,1.89662480354,0.014352267608,41.5200233459,0,0,0,0,2.09717732405e-14,588198.736828
26.9583333333,-1.02625954241e-05,0.599783360958,2.40005660057,-5.11741855007e-05,5.3414809372e-05,20,20,1.89662480354,0.014352267608,41.5200233459,0,0,0,0,9.00993652989e-14,588198.736828
26.9694444444,-1.02625954241e-05,0.599783360958,2.40005660057,-5.11741855007e-05,5.3414809372e-05,20,20,1.89662480354,0.014352267608,41.5200233459,0,0,0,0,1.17990022199e-13,588198.736828
26.9805555556,-1.02625954241e-05,0.599783360958,2.40005660057,-5.11741855007e-05,5.3414809372e-05,20,20,1.89662480354,0.014352267608,41.5200233459,0,0,0,0,3.00493959825e-14,588198.736828
26.9916666667,-1.02625954241e-05,0.599783360958,2.40005660057,-5.11741855007e-05,4.5786920964e-05,20,20,1.89662480354,0.014352267608,41.5200233459,0,0,0,0,7.03620227776e-14,588198.736828
27.0027777778,-1.02625954241e-05,0.599783360958,2.40005660057,-5.11741855007e-05,5.3414809372e-05,20,20,1.89662480354,0.014352267608,41.5200233459,0,0,0,0,1.24219337476e-13,588198.736828
27.0138888889,-1.02625954241e-05,0.599783360958,2.40005660057,-5.11741855007e-05,5.3414809372e-05,20,20,1.89662480354,0.014352267608,41.5200233459,0,0,0,0,1.40279835876e-13,588198.736828
27.025,-1.02625954241e-05,0.599783360958,2.40005660057,-5.11741855007e-05,5.3414809372e-05,20,20,1.89662480354,0.014352267608,41.5200233459,0,0,0,0,1.11874377303e-13,588198.736828
27.0361111111,-1.02625954241e-05,0.599783360958,2.40005660057,-5.11741855007e-05,5.3414809372e-05,20,20,1.89662480354,0.014352267608,41.5200233459,0,0,0,0,1.94757475805e-14,588198.736828
27.0472222222,-1.02625954241e-05,0.599783360958,2.40005660057,-5.11741855007e-05,4.5786920964e-05,20,20,1.89662480354,0.014352267608,41.5200233459,0,0,0,0,6.45357619238e-15,588198.736828
27.0583333333,-1.02625954241e-05,0.599783360958,2.40005660057,-5.11741855007e-05,5.3414809372e-05,20,20,1.89662480354,0.014352267608,41.5200233459,0,0,0,0,4.66699036493e-14,588198.736828
27.0694444444,-1.02625954241e-05,0.599783360958,2.40005660057,-5.11741855007e-05,5.3414809372e-05,20,20,1.89662480354,0.014352267608,41.5200233459,0,0,0,0,1.33131990068e-13,588198.736828
27.0805555556,-1.02625954241e-05,0.599783360958,2.40005660057,-5.11741855007e-05,4.5786920964e-05,20,20,1.89662480354,0.014352267608,41.5200233459,0,0,0,0,1.12145326371e-13,588198.736828
27.0916666667,-1.02625954241e-05,0.599783360958,2.40005660057,-5.11741855007e-05,5.3414809372e-05,20,20,1.89662480354,0.014352267608,41.5200233459,0,0,0,0,5.34729053738e-14,588198.736828
27.1027777778,-1.02625954241e-05,0.599783360958,2.40005660057,-5.11741855007e-05,5.3414809372e-05,20,20,1.89662480354,0.014352267608,41.5200233459,0,0,0,0,4.07698746473e-14,588198.736828
27.1138888889,-1.02625954241e-05,0.599783360958,2.40005660057,-5.11741855007e-05,5.3414809372e-05,20,20,1.89662480354,0.014352267608,41.5200233459,0,0,0,0,9.5733080776e-14,588198.736828
27.125,-1.02625954241e-05,0.599783360958,2.40005660057,-5.11741855007e-05,5.3414809372e-05,20,20,1.89662480354,0.014352267608,41.5200233459,0,0,0,0,1.76744632959e-13,588198.736828
27.1361111111,-1.02625954241e-05,0.599783360958,2.40005660057,-5.11741855007e-05,4.5786920964e-05,20,20,1.89662480354,0.014352267608,41.5200233459,0,0,0,0,1.49694501747e-14,588198.736828
27.1472222222,-1.02625954241e-05,0.599783360958,2.40005660057,-5.11741855007e-05,5.3414809372e-05,20,20,1.89662480354,0.014352267608,41.5200233459,0,0,0,0,2.55503600852e-14,588198.736828
27.1583333333,-1.02625954241e-05,0.599783360958,2.40005660057,-5.11741855007e-05,5.3414809372e-05,20,20,1.89662480354,0.014352267608,41.5200233459,0,0,0,0,6.37501902252e-15,588198.736828
27.1694444444,-1.02625954241e-05,0.599783360958,2.40005660057,-5.11741855007e-05,5.3414809372e-05,20,20,1.89662480354,0.014352267608,41.5200233459,0,0,0,0,1.3155984708e-14,588198.736828
27.1805555556,-1.02625954241e-05,0.599783360958,2.40005660057,-5.11741855007e-05,5.3414809372e-05,20,20,1.89662480354,0.014352267608,41.5200233459,0,0,0,0,2.57009025714e-14,588198.736828
27.1916666667,-1.02625954241e-05,0.599783360958,2.40005660057,-5.11741855007e-05,4.5786920964e-05,20,20,1.89662480354,0.014352267608,41.5200233459,0,0,0,0,8.11578904612e-14,588198.736828
27.2027777778,-1.02625954241e-05,0.599783360958,2.40005660057,-5.11741855007e-05,5.3414809372e-05,20,20,1.89662480354,0.014352267608,41.5200233459,0,0,0,0,1.97994376989e-14,588198.736828
27.2138888889,-1.02625954241e-05,0.599783360958,2.40005660057,-5.11741855007e-05,5.3414809372e-05,20,20,1.89662480354,0.014352267608,41.5200233459,0,0,0,0,5.61382503112e-15,588198.736828
27.225,-1.02625954241e-05,0.599783360958,2.40005660057,-5.11741855007e-05,4.5786920964e-05,20,20,1.89662480354,0.014352267608,41.5200233459,0,0,0,0,3.3266607946e-14,588198.736828
27.2361111111,-1.02625954241e-05,0.599783360958,2.40005660057,-5.11741855007e-05,5.3414809372e-05,20,20,1.89662480354,0.014352267608,41.5200233459,0,0,0,0,3.34337974637e-13,588198.736828
27.2472222222,-1.02625954241e-05,0.599783360958,2.40005660057,-5.11741855007e-05,5.3414809372e-05,20,20,1.89662480354,0.014352267608,41.5200233459,0,0,0,0,4.34080511989e-13,588198.736828
27.2583333333,-1.02625954241e-05,0.599783360958,2.40005660057,-5.11741855007e-05,5.3414809372e-05,20,20,1.89662480354,0.014352267608,41.5200233459,0,0,0,0,3.34156192989e-13,588198.736828
27.2694444444,-1.02625954241e-05,0.599783360958,2.40005660057,-5.11741855007e-05,5.3414809372e-05,20,20,1.89662480354,0.014352267608,41.5200233459,0,0,0,0,2.37308337618e-13,588198.736828
27.2805555556,-1.02625954241e-05,0.599783360958,2.40005660057,-5.11741855007e-05,4.5786920964e-05,20,20,1.89662480354,0.014352267608,41.5200233459,0,0,0,0,2.74807132999e-13,588198.736828
27.2916666667,-1.02625954241e-05,0.599783360958,2.40005660057,-5.11741855007e-05,5.3414809372e-05,20,20,1.89662480354,0.014352267608,41.5200233459,0,0,0,0,1.26681362896e-13,588198.736828
27.3027777778,-1.02625954241e-05,0.599783360958,2.40005660057,-5.11741855007e-05,5.3414809372e-05,20,20,1.89662480354,0.014352267608,41.5200233459,0,0,0,0,6.66340470617e-14,588198.736828
27.3138888889,-1.02625954241e-05,0.599783360958,2.40005660057,-5.11741855007e-05,5.3414809372e-05,20,20,1.89662480354,0.014352267608,41.5200233459,0,0,0,0,5.33398872109e-14,588198.736828
27.325,-1.02625954241e-05,0.599783360958,2.40005660057,-5.11741855007e-05,5.3414809372e-05,20,20,1.89662480354,0.014352267608,41.5200233459,0,0,0,0,7.10061739591e-14,588198.736828
27.3361111111,-1.02625954241e-05,0.599783360958,2.40005660057,-5.11741855007e-05,4.5786920964e-05,20,20,1.89662480354,0.014352267608,41.5200233459,0,0,0,0,6.06766595526e-14,588198.736828
27.3472222222,-1.02625954241e-05,0.599783360958,2.40005660057,-5.11741855007e-05,5.3414809372e-05,20,20,1.89662480354,0.014352267608,41.5200233459,0,0,0,0,3.94689175544e-14,588198.736828
27.3583333333,-1.02625954241e-05,0.599783360958,2.40005660057,-5.11741855007e-05,5.3414809372e-05,20,20,1.89662480354,0.014352267608,41.5200233459,0,0,0,0,5.82042621668e-14,588198.736828
27.3694444444,-1.02625954241e-05,0.599783360958,2.40005660057,-5.11741855007e-05,4.5786920964e-05,20,20,1.89662480354,0.014352267608,41.5200233459,0,0,0,0,1.18277123896e-13,588198.736828
27.3805555556,-1.02625954241e-05,0.599783360958,2.40005660057,-5.11741855007e-05,5.3414809372e-05,20,20,1.89662480354,0.014352267608,41.5200233459,0,0,0,0,9.27660342184e-14,588198.736828
27.3916666667,-1.02625954241e-05,0.599783360958,2.40005660057,-5.11741855007e-05,5.3414809372e-05,20,20,1.89662480354,0.014352267608,41.5200233459,0,0,0,0,3.34889094686e-14,588198.736828
27.4027777778,-1.02625954241e-05,0.599783360958,2.40005660057,-5.11741855007e-05,5.3414809372e-05,20,20,1.89662480354,0.014352267608,41.5200233459,0,0,0,0,4.52430895229e-14,588198.736828
27.4138888889,-1.02625954241e-05,0.599783360958,2.40005660057,-5.11741855007e-05,5.3414809372e-05,20,20,1.89662480354,0.014352267608,41.5200233459,0,0,0,0,2.278519166e-14,588198.736828
27.425,-1.02625954241e-05,0.599783360958,2.40005660057,-5.11741855007e-05,4.5786920964e-05,20,20,1.89662480354,0.014352267608,41.5200233459,0,0,0,0,1.57383441783e-14,588198.736828
27.4361111111,-1.02625954241e-05,0.599783360958,2.40005660057,-5.11741855007e-05,5.3414809372e-05,20,20,1.89662480354,0.014352267608,41.5200233459,0,0,0,0,5.85077512404e-14,588198.736828
27.4472222222,-1.02625954241e-05,0.599783360958,2.40005660057,-5.11741855007e-05,5.3414809372e-05,20,20,1.89662480354,0.014352267608,41.5200233459,0,0,0,0,5.48410504436e-14,588198.736828
27.4583333333,-1.02625954241e-05,0.599783360958,2.40005660057,-5.11741855007e-05,5.3414809372e-05,20,20,1.89662480354,0.014352267608,41.5200233459,0,0,0,0,5.90050755585e-14,588198.736828
27.4694444444,-1.02625954241e-05,0.599783360958,2.40005660057,-5.11741855007e-05,5.3414809372e-05,20,20,1.89662480354,0.014352267608,41.5200233459,0,0,0,0,1.0071555279e-13,588198.736828
27.4805555556,-1.02625954241e-05,0.599783360958,2.40005660057,-5.11741855007e-05,4.5786920964e-05,20,20,1.89662480354,0.014352267608,41.5200233459,0,0,0,0,1.61157850827e-13,588198.736828
27.4916666667,-1.02625954241e-05,0.599783360958,2.40005660057,-5.11741855007e-05,5.3414809372e-05,20,20,1.89662480354,0.014352267608,41.5200233459,0,0,0,0,1.88909638782e-13,588198.736828
27.5027777778,-1.02625954241e-05,0.599783360958,2.40005660057,-5.11741855007e-05,5.3414809372e-05,20,20,1.89662480354,0.014352267608,41.5200233459,0,0,0,0,1.58265204262e-13,588198.736828
27.5138888889,-1.02625954241e-05,0.599783360958,2.40005660057,-5.11741855007e-05,4.5786920964e-05,20,20,1.89662480354,0.014352267608,41.5200233459,0,0,0,0,1.81701570888e-13,588198.736828
27.525,-1.02625954241e-05,0.599783360958,2.40005660057,-5.11741855007e-05,5.3414809372e-05,20,20,1.89662480354,0.014352267608,41.5200233459,0,0,0,0,1.13989254906e-13,588198.736828
27.5361111111,-1.02625954241e-05,0.599783360958,2.40005660057,-5.11741855007e-05,5.3414809372e-05,20,20,1.89662480354,0.014352267608,41.5200233459,0,0,0,0,2.50745187358e-13,588198.736828
27.5472222222,-1.02625954241e-05,0.599783360958,2.40005660057,-5.11741855007e-05,5.3414809372e-05,20,20,1.89662480354,0.014352267608,41.5200233459,0,0,0,0,2.08951659342e-13,588198.736828
27.5583333333,-1.02625954241e-05,0.599783360958,2.40005660057,-5.11741855007e-05,5.3414809372e-05,20,20,1.89662480354,0.014352267608,41.5200233459,0,0,0,0,6.77487870093e-14,588198.736828
27.5694444444,-1.02625954241e-05,0.599783360958,2.40005660057,-5.11741855007e-05,4.5786920964e-05,20,20,1.89662480354,0.014352267608,41.5200233459,0,0,0,0,6.83008132912e-14,588198.736828
27.5805555556,-1.02625954241e-05,0.599783360958,2.40005660057,-5.11741855007e-05,5.3414809372e-05,20,20,1.89662480354,0.014352267608,41.5200233459,0,0,0,0,1.47401931874e-13,588198.736828
27.5916666667,-1.02625954241e-05,0.599783360958,2.40005660057,-5.11741855007e-05,5.3414809372e-05,20,20,1.89662480354,0.014352267608,41.5200233459,0,0,0,0,2.48400494332e-13,588198.736828
27.6027777778,-1.02625954241e-05,0.599783360958,2.40005660057,-5.11741855007e-05,5.3414809372e-05,20,20,1.89662480354,0.014352267608,41.5200233459,0,0,0,0,6.83689096374e-14,588198.736828
27.6138888889,-1.02625954241e-05,0.599783360958,2.40005660057,-5.11741855007e-05,5.3414809372e-05,20,20,1.89662480354,0.014352267608,41.5200233459,0,0,0,0,4.72540840109e-14,588198.736828
27.625,-1.02625954241e-05,0.599783360958,2.40005660057,-5.11741855007e-05,4.5786920964e-05,20,20,1.89662480354,0.014352267608,41.5200233459,0,0,0,0,2.94583504509e-14,588198.736828
27.6361111111,-1.02625954241e-05,0.599783360958,2.40005660057,-5.11741855007e-05,5.3414809372e-05,20,20,1.89662480354,0.014352267608,41.5200233459,0,0,0,0,2.25442986802e-14,588198.736828
27.6472222222,-1.02625954241e-05,0.599783360958,2.40005660057,-5.11741855007e-05,5.3414809372e-05,20,20,1.89662480354,0.014352267608,41.5200233459,0,0,0,0,1.50687707324e-14,588198.736828
27.6583333333,-1.02625954241e-05,0.599783360958,2.40005660057,-5.11741855007e-05,4.5786920964e-05,20,20,1.89662480354,0.014352267608,41.5200233459,0,0,0,0,1.2950619117e-13,588198.736828
27.6694444444,-1.02625954241e-05,0.599783360958,2.40005660057,-5.11741855007e-05,5.3414809372e-05,20,20,1.89662480354,0.014352267608,41.5200233459,0,0,0,0,9.58261633737e-14,588198.736828
27.6805555556,-1.02625954241e-05,0.599783360958,2.40005660057,-5.11741855007e-05,5.3414809372e-05,20,20,1.89662480354,0.014352267608,41.5200233459,0,0,0,0,1.69793926551e-14,588198.736828
27.6916666667,-1.02625954241e-05,0.599783360958,2.40005660057,-5.11741855007e-05,5.3414809372e-05,20,20,1.89662480354,0.014352267608,41.5200233459,0,0,0,0,2.67263008349e-14,588198.736828
27.7027777778,-1.02625954241e-05,0.599783360958,2.40005660057,-5.11741855007e-05,5.3414809372e-05,20,20,1.89662480354,0.014352267608,41.5200233459,0,0,0,0,1.60734957819e-13,588198.736828
27.7138888889,-1.02625954241e-05,0.599783360958,2.40005660057,-5.11741855007e-05,4.5786920964e-05,20,20,1.89662480354,0.014352267608,41.5200233459,0,0,0,0,3.23138631005e-13,588198.736828
27.725,-1.02625954241e-05,0.599783360958,2.40005660057,-5.11741855007e-05,5.3414809372e-05,20,20,1.89662480354,0.014352267608,41.5200233459,0,0,0,0,1.95332990264e-13,588198.736828
27.7361111111,-1.02625954241e-05,0.599783360958,2.40005660057,-5.11741855007e-05,5.3414809372e-05,20,20,1.89662480354,0.014352267608,41.5200233459,0,0,0,0,1.20991773633e-13,588198.736828
27.7472222222,-1.02625954241e-05,0.599783360958,2.40005660057,-5.11741855007e-05,5.3414809372e-05,20,20,1.89662480354,0.014352267608,41.5200233459,0,0,0,0,1.19132365184e-13,588198.736828
27.7583333333,-1.02625954241e-05,0.599783360958,2.40005660057,-5.11741855007e-05,5.3414809372e-05,20,20,1.89662480354,0.014352267608,41.5200233459,0,0,0,0,1.45383128465e-13,588198.736828
27.7694444444,-1.02625954241e-05,0.599783360958,2.40005660057,-5.11741855007e-05,4.5786920964e-05,20,20,1.89662480354,0.014352267608,41.5200233459,0,0,0,0,1.56441696518e-13,588198.736828
27.7805555556,-1.02625954241e-05,0.599783360958,2.40005660057,-5.11741855007e-05,5.3414809372e-05,20,20,1.89662480354,0.014352267608,41.5200233459,0,0,0,0,7.96565114304e-14,588198.736828
27.7916666667,-1.02625954241e-05,0.599783360958,2.40005660057,-5.11741855007e-05,5.3414809372e-05,20,20,1.89662480354,0.014352267608,41.5200233459,0,0,0,0,6.2113088864e-14,588198.736828
27.8027777778,-1.02625954241e-05,0.599783360958,2.40005660057,-5.11741855007e-05,4.5786920964e-05,20,20,1.89662480354,0.014352267608,41.5200233459,0,0,0,0,1.10820419299e-13,588198.736828
27.8138888889,-1.02625954241e-05,0.599783360958,2.40005660057,-5.11741855007e-05,5.3414809372e-05,20,20,1.89662480354,0.014352267608,41.5200233459,0,0,0,0,4.10999585055e-14,588198.736828
27.825,-1.02625954241e-05,0.599783360958,2.40005660057,-5.11741855007e-05,5.3414809372e-05,20,20,1.89662480354,0.014352267608,41.5200233459,0,0,0,0,3.41684800391e-14,588198.736828
27.8361111111,-1.02625954241e-05,0.599783360958,2.40005660057,-5.11741855007e-05,5.3414809372e-05,20,20,1.89662480354,0.014352267608,41.5200233459,0,0,0,0,2.97964890934e-14,588198.736828
27.8472222222,-1.02625954241e-05,0.599783360958,2.40005660057,-5.11741855007e-05,5.3414809372e-05,20,20,1.89662480354,0.014352267608,41.5200233459,0,0,0,0,3.13512549644e-14,588198.736828
27.8583333333,-1.02625954241e-05,0.599783360958,2.40005660057,-5.11741855007e-05,4.5786920964e-05,20,20,1.89662480354,0.014352267608,41.5200233459,0,0,0,0,5.27803788682e-14,588198.736828
27.8694444444,-1.02625954241e-05,0.599783360958,2.40005660057,-5.11741855007e-05,5.3414809372e-05,20,20,1.89662480354,0.014352267608,41.5200233459,0,0,0,0,1.30334382857e-14,588198.736828
27.8805555556,-1.02625954241e-05,0.599783360958,2.40005660057,-5.11741855007e-05,5.3414809372e-05,20,20,1.89662480354,0.014352267608,41.5200233459,0,0,0,0,1.77769248454e-14,588198.736828
27.8916666667,-1.02625954241e-05,0.599783360958,2.40005660057,-5.11741855007e-05,5.3414809372e-05,20,20,1.89662480354,0.014352267608,41.5200233459,0,0,0,0,2.6206121245e-14,588198.736828
27.9027777778,-1.02625954241e-05,0.599783360958,2.40005660057,-5.11741855007e-05,5.3414809372e-05,20,20,1.89662480354,0.014352267608,41.5200233459,0,0,0,0,1.89785972938e-14,588198.736828
27.9138888889,-1.02625954241e-05,0.599783360958,2.40005660057,-5.11741855007e-05,4.5786920964e-05,20,20,1.89662480354,0.014352267608,41.5200233459,0,0,0,0,6.7782658016e-14,588198.736828
27.925,-1.02625954241e-05,0.599783360958,2.40005660057,-5.11741855007e-05,5.3414809372e-05,20,20,1.89662480354,0.014352267608,41.5200233459,0,0,0,0,3.1472881882e-14,588198.736828
27.9361111111,-1.02625954241e-05,0.599783360958,2.40005660057,-5.11741855007e-05,5.3414809372e-05,20,20,1.89662480354,0.014352267608,41.5200233459,0,0,0,0,2.99950656657e-14,588198.736828
27.9472222222,-1.02625954241e-05,0.599783360958,2.40005660057,-5.11741855007e-05,4.5786920964e-05,20,20,1.89662480354,0.014352267608,41.5200233459,0,0,0,0,1.104498589e-14,588198.736828
27.9583333333,-1.02625954241e-05,0.599783360958,2.40005660057,-5.11741855007e-05,5.3414809372e-05,20,20,1.89662480354,0.014352267608,41.5200233459,0,0,0,0,9.88563171923e-14,588198.736828
27.9694444444,-1.02625954241e-05,0.599783360958,2.40005660057,-5.11741855007e-05,5.3414809372e-05,20,20,1.89662480354,0.014352267608,41.5200233459,0,0,0,0,1.16299821923e-13,588198.736828
27.9805555556,-1.02625954241e-05,0.599783360958,2.40005660057,-5.11741855007e-05,5.3414809372e-05,20,20,1.89662480354,0.014352267608,41.5200233459,0,0,0,0,1.30555610144e-13,588198.736828
27.9916666667,-1.02625954241e-05,0.599783360958,2.40005660057,-5.11741855007e-05,5.3414809372e-05,20,20,1.89662480354,0.014352267608,41.5200233459,0,0,0,0,1.73542116087e-13,588198.736828
28.0027777778,-1.02625954241e-05,0.599783360958,2.40005660057,-5.11741855007e-05,4.5786920964e-05,20,20,1.89662480354,0.014352267608,41.5200233459,0,0,0,0,7.77342441875e-14,588198.736828
28.0138888889,-1.02625954241e-05,0.599783360958,2.40005660057,-5.11741855007e-05,5.3414809372e-05,20,20,1.89662480354,0.014352267608,41.5200233459,0,0,0,0,5.25099685324e-14,588198.736828
28.025,-1.02625954241e-05,0.599783360958,2.40005660057,-5.11741855007e-05,5.3414809372e-05,20,20,1.89662480354,0.014352267608,41.5200233459,0,0,0,0,3.43726060109e-14,588198.736828
28.0361111111,-1.02625954241e-05,0.599783360958,2.40005660057,-5.11741855007e-05,5.3414809372e-05,20,20,1.89662480354,0.014352267608,41.5200233459,0,0,0,0,3.79614579253e-14,588198.736828
28.0472222222,-1.02625954241e-05,0.599783360958,2.40005660057,-5.11741855007e-05,5.3414809372e-05,20,20,1.89662480354,0.014352267608,41.5200233459,0,0,0,0,7.67657784491e-14,588198.736828
28.0583333333,-1.02625954241e-05,0.599783360958,2.40005660057,-5.11741855007e-05,4.5786920964e-05,20,20,1.89662480354,0.014352267608,41.5200233459,0,0,0,0,1.512481337e-13,588198.736828
28.0694444444,-1.02625954241e-05,0.599783360958,2.40005660057,-5.11741855007e-05,5.3414809372e-05,20,20,1.89662480354,0.014352267608,41.5200233459,0,0,0,0,1.16676294723e-13,588198.736828
28.0805555556,-1.02625954241e-05,0.599783360958,2.40005660057,-5.11741855007e-05,5.3414809372e-05,20,20,1.89662480354,0.014352267608,41.5200233459,0,0,0,0,4.4848752098e-14,588198.736828
28.0916666667,-1.02625954241e-05,0.599783360958,2.40005660057,-5.11741855007e-05,4.5786920964e-05,20,20,1.89662480354,0.014352267608,41.5200233459,0,0,0,0,3.31159020514e-14,588198.736828
28.1027777778,-1.02625954241e-05,0.599783360958,2.40005660057,-5.11741855007e-05,5.3414809372e-05,20,20,1.89662480354,0.014352267608,41.5200233459,0,0,0,0,5.12366217187e-14,588198.736828
28.1138888889,-1.02625954241e-05,0.599783360958,2.40005660057,-5.11741855007e-05,5.3414809372e-05,20,20,1.89662480354,0.014352267608,41.5200233459,0,0,0,0,2.81501348335e-14,588198.736828
28.125,-1.02625954241e-05,0.599783360958,2.40005660057,-5.11741855007e-05,5.3414809372e-05,20,20,1.89662480354,0.014352267608,41.5200233459,0,0,0,0,1.59964862013e-14,588198.736828
28.1361111111,-1.02625954241e-05,0.599783360958,2.40005660057,-5.11741855007e-05,5.3414809372e-05,20,20,1.89662480354,0.014352267608,41.5200233459,0,0,0,0,2.8434769269e-14,588198.736828
28.1472222222,-1.02625954241e-05,0.599783360958,2.40005660057,-5.11741855007e-05,4.5786920964e-05,20,20,1.89662480354,0.014352267608,41.5200233459,0,0,0,0,3.82137915241e-14,588198.736828
28.1583333333,-1.02625954241e-05,0.599783360958,2.40005660057,-5.11741855007e-05,5.3414809372e-05,20,20,1.89662480354,0.014352267608,41.5200233459,0,0,0,0,6.30086578377e-15,588198.736828
28.1694444444,-1.02625954241e-05,0.599783360958,2.40005660057,-5.11741855007e-05,5.3414809372e-05,20,20,1.89662480354,0.014352267608,41.5200233459,0,0,0,0,9.64163160097e-14,588198.736828
28.1805555556,-1.02625954241e-05,0.599783360958,2.40005660057,-5.11741855007e-05,5.3414809372e-05,20,20,1.89662480354,0.014352267608,41.5200233459,0,0,0,0,5.21008924107e-14,588198.736828
28.1916666667,-1.02625954241e-05,0.599783360958,2.40005660057,-5.11741855007e-05,5.3414809372e-05,20,20,1.89662480354,0.014352267608,41.5200233459,0,0,0,0,2.65059187506e-13,588198.736828
28.2027777778,-1.02625954241e-05,0.599783360958,2.40005660057,-5.11741855007e-05,4.5786920964e-05,20,20,1.89662480354,0.014352267608,41.5200233459,0,0,0,0,2.49678517094e-13,588198.736828
28.2138888889,-1.02625954241e-05,0.599783360958,2.40005660057,-5.11741855007e-05,5.3414809372e-05,20,20,1.89662480354,0.014352267608,41.5200233459,0,0,0,0,1.06031938182e-13,588198.736828
28.225,-1.02625954241e-05,0.599783360958,2.40005660057,-5.11741855007e-05,5.3414809372e-05,20,20,1.89662480354,0.014352267608,41.5200233459,0,0,0,0,4.26834700108e-14,588198.736828
28.2361111111,-1.02625954241e-05,0.599783360958,2.40005660057,-5.11741855007e-05,4.5786920964e-05,20,20,1.89662480354,0.014352267608,41.5200233459,0,0,0,0,4.81725248363e-14,588198.736828
28.2472222222,-1.02625954241e-05,0.599783360958,2.40005660057,-5.11741855007e-05,5.3414809372e-05,20,20,1.89662480354,0.014352267608,41.5200233459,0,0,0,0,3.8866983237e-14,588198.736828
28.2583333333,-1.02625954241e-05,0.599783360958,2.40005660057,-5.11741855007e-05,5.3414809372e-05,20,20,1.89662480354,0.014352267608,41.5200233459,0,0,0,0,1.30195930374e-14,588198.736828
28.2694444444,-1.02625954241e-05,0.599783360958,2.40005660057,-5.11741855007e-05,5.3414809372e-05,20,20,1.89662480354,0.014352267608,41.5200233459,0,0,0,0,1.06179074961e-14,588198.736828
28.2805555556,-1.02625954241e-05,0.599783360958,2.40005660057,-5.11741855007e-05,5.3414809372e-05,20,20,1.89662480354,0.014352267608,41.5200233459,0,0,0,0,4.45181308023e-14,588198.736828
28.2916666667,-1.02625954241e-05,0.599783360958,2.40005660057,-5.11741855007e-05,4.5786920964e-05,20,20,1.89662480354,0.014352267608,41.5200233459,0,0,0,0,4.74776536038e-14,588198.736828
28.3027777778,-1.02625954241e-05,0.599783360958,2.40005660057,-5.11741855007e-05,5.3414809372e-05,20,20,1.89662480354,0.014352267608,41.5200233459,0,0,0,0,2.18277670699e-14,588198.736828
28.3138888889,-1.02625954241e-05,0.599783360958,2.40005660057,-5.11741855007e-05,5.3414809372e-05,20,20,1.89662480354,0.014352267608,41.5200233459,0,0,0,0,4.74128653847e-14,588198.736828
28.325,-1.02625954241e-05,0.599783360958,2.40005660057,-5.11741855007e-05,5.3414809372e-05,20,20,1.89662480354,0.014352267608,41.5200233459,0,0,0,0,6.82127551113e-14,588198.736828
28.3361111111,-1.02625954241e-05,0.599783360958,2.40005660057,-5.11741855007e-05,5.3414809372e-05,20,20,1.89662480354,0.014352267608,41.5200233459,0,0,0,0,3.19000156803e-14,588198.736828
28.3472222222,-1.02625954241e-05,0.599783360958,2.40005660057,-5.11741855007e-05,4.5786920964e-05,20,20,1.89662480354,0.014352267608,41.5200233459,0,0,0,0,8.23148783001e-15,588198.736828
28.3583333333,-1.02625954241e-05,0.599783360958,2.40005660057,-5.11741855007e-05,5.3414809372e-05,20,20,1.89662480354,0.014352267608,41.5200233459,0,0,0,0,7.99466117063e-14,588198.736828
28.3694444444,-1.02625954241e-05,0.599783360958,2.40005660057,-5.11741855007e-05,5.3414809372e-05,20,20,1.89662480354,0.014352267608,41.5200233459,0,0,0,0,1.07351284125e-14,588198.736828
28.3805555556,-1.02625954241e-05,0.599783360958,2.40005660057,-5.11741855007e-05,4.5786920964e-05,20,20,1.89662480354,0.014352267608,41.5200233459,0,0,0,0,1.05336421241e-13,588198.736828
28.3916666667,-1.02625954241e-05,0.599783360958,2.40005660057,-5.11741855007e-05,5.3414809372e-05,20,20,1.89662480354,0.014352267608,41.5200233459,0,0,0,0,3.25141707348e-14,588198.736828
28.4027777778,-1.02625954241e-05,0.599783360958,2.40005660057,-5.11741855007e-05,5.3414809372e-05,20,20,1.89662480354,0.014352267608,41.5200233459,0,0,0,0,4.42276412616e-14,588198.736828
28.4138888889,-1.02625954241e-05,0.599783360958,2.40005660057,-5.11741855007e-05,5.3414809372e-05,20,20,1.89662480354,0.014352267608,41.5200233459,0,0,0,0,9.80559014129e-14,588198.736828
28.425,-1.02625954241e-05,0.599783360958,2.40005660057,-5.11741855007e-05,5.3414809372e-05,20,20,1.89662480354,0.014352267608,41.5200233459,0,0,0,0,2.45278696676e-14,588198.736828
28.4361111111,-1.02625954241e-05,0.599783360958,2.40005660057,-5.11741855007e-05,4.5786920964e-05,20,20,1.89662480354,0.014352267608,41.5200233459,0,0,0,0,2.39961899636e-14,588198.736828
28.4472222222,-1.02625954241e-05,0.599783360958,2.40005660057,-5.11741855007e-05,5.3414809372e-05,20,20,1.89662480354,0.014352267608,41.5200233459,0,0,0,0,2.45225254012e-14,588198.736828
28.4583333333,-1.02625954241e-05,0.599783360958,2.40005660057,-5.11741855007e-05,5.3414809372e-05,20,20,1.89662480354,0.014352267608,41.5200233459,0,0,0,0,1.16222049196e-14,588198.736828
28.4694444444,-1.02625954241e-05,0.599783360958,2.40005660057,-5.11741855007e-05,5.3414809372e-05,20,20,1.89662480354,0.014352267608,41.5200233459,0,0,0,0,1.07876364355e-14,588198.736828
28.4805555556,-1.02625954241e-05,0.599783360958,2.40005660057,-5.11741855007e-05,5.3414809372e-05,20,20,1.89662480354,0.014352267608,41.5200233459,0,0,0,0,3.01614101397e-14,588198.736828
28.4916666667,-1.02625954241e-05,0.599783360958,2.40005660057,-5.11741855007e-05,4.5786920964e-05,20,20,1.89662480354,0.014352267608,41.5200233459,0,0,0,0,1.43839124892e-14,588198.736828
28.5027777778,-1.02625954241e-05,0.599783360958,2.40005660057,-5.11741855007e-05,5.3414809372e-05,20,20,1.89662480354,0.014352267608,41.5200233459,0,0,0,0,2.55606420644e-14,588198.736828
28.5138888889,-1.02625954241e-05,0.599783360958,2.40005660057,-5.11741855007e-05,5.3414809372e-05,20,20,1.89662480354,0.014352267608,41.5200233459,0,0,0,0,2.67459919722e-14,588198.736828
28.525,-1.02625954241e-05,0.599783360958,2.40005660057,-5.11741855007e-05,4.5786920964e-05,20,20,1.89662480354,0.014352267608,41.5200233459,0,0,0,0,4.39461014404e-14,588198.736828
28.5361111111,-1.02625954241e-05,0.599783360958,2.40005660057,-5.11741855007e-05,5.3414809372e-05,20,20,1.89662480354,0.014352267608,41.5200233459,0,0,0,0,9.16379832448e-15,588198.736828
28.5472222222,-1.02625954241e-05,0.599783360958,2.40005660057,-5.11741855007e-05,5.3414809372e-05,20,20,1.89662480354,0.014352267608,41.5200233459,0,0,0,0,1.49973148387e-14,588198.736828
28.5583333333,-1.02625954241e-05,0.599783360958,2.40005660057,-5.11741855007e-05,5.3414809372e-05,20,20,1.89662480354,0.014352267608,41.5200233459,0,0,0,0,1.12061133982e-14,588198.736828
28.5694444444,-1.02625954241e-05,0.599783360958,2.40005660057,-5.11741855007e-05,5.3414809372e-05,20,20,1.89662480354,0.014352267608,41.5200233459,0,0,0,0,8.10362239901e-14,588198.736828
28.5805555556,-1.02625954241e-05,0.599783360958,2.40005660057,-5.11741855007e-05,4.5786920964e-05,20,20,1.89662480354,0.014352267608,41.5200233459,0,0,0,0,5.00920531119e-14,588198.736828
28.5916666667,-1.02625954241e-05,0.599783360958,2.40005660057,-5.11741855007e-05,5.3414809372e-05,20,20,1.89662480354,0.014352267608,41.5200233459,0,0,0,0,6.97336009546e-14,588198.736828
28.6027777778,-1.02625954241e-05,0.599783360958,2.40005660057,-5.11741855007e-05,5.3414809372e-05,20,20,1.89662480354,0.014352267608,41.5200233459,0,0,0,0,2.06824797663e-14,588198.736828
28.6138888889,-1.02625954241e-05,0.599783360958,2.40005660057,-5.11741855007e-05,5.3414809372e-05,20,20,1.89662480354,0.014352267608,41.5200233459,0,0,0,0,2.59005359105e-14,588198.736828
28.625,-1.02625954241e-05,0.599783360958,2.40005660057,-5.11741855007e-05,5.3414809372e-05,20,20,1.89662480354,0.014352267608,41.5200233459,0,0,0,0,4.60859352777e-14,588198.736828
28.6361111111,-1.02625954241e-05,0.599783360958,2.40005660057,-5.11741855007e-05,4.5786920964e-05,20,20,1.89662480354,0.014352267608,41.5200233459,0,0,0,0,1.35218073562e-13,588198.736828
28.6472222222,-1.02625954241e-05,0.599783360958,2.40005660057,-5.11741855007e-05,5.3414809372e-05,20,20,1.89662480354,0.014352267608,41.5200233459,0,0,0,0,8.28957773205e-14,588198.736828
28.6583333333,-1.02625954241e-05,0.599783360958,2.40005660057,-5.11741855007e-05,5.3414809372e-05,20,20,1.89662480354,0.014352267608,41.5200233459,0,0,0,0,1.88622879268e-14,588198.736828
28.6694444444,-1.02625954241e-05,0.599783360958,2.40005660057,-5.11741855007e-05,4.5786920964e-05,20,20,1.89662480354,0.014352267608,41.5200233459,0,0,0,0,1.83754240684e-14,588198.736828
28.6805555556,-1.02625954241e-05,0.599783360958,2.40005660057,-5.11741855007e-05,5.3414809372e-05,20,20,1.89662480354,0.014352267608,41.5200233459,0,0,0,0,1.19108030137e-14,588198.736828
28.6916666667,-1.02625954241e-05,0.599783360958,2.40005660057,-5.11741855007e-05,5.3414809372e-05,20,20,1.89662480354,0.014352267608,41.5200233459,0,0,0,0,2.12220541764e-14,588198.736828
28.7027777778,-1.02625954241e-05,0.599783360958,2.40005660057,-5.11741855007e-05,5.3414809372e-05,20,20,1.89662480354,0.014352267608,41.5200233459,0,0,0,0,1.42726081412e-14,588198.736828
28.7138888889,-1.02625954241e-05,0.599783360958,2.40005660057,-5.11741855007e-05,5.3414809372e-05,20,20,1.89662480354,0.014352267608,41.5200233459,0,0,0,0,2.08327749881e-14,588198.736828
28.725,-1.02625954241e-05,0.599783360958,2.40005660057,-5.11741855007e-05,4.5786920964e-05,20,20,1.89662480354,0.014352267608,41.5200233459,0,0,0,0,1.18949211416e-13,588198.736828
28.7361111111,-1.02625954241e-05,0.599783360958,2.40005660057,-5.11741855007e-05,5.3414809372e-05,20,20,1.89662480354,0.014352267608,41.5200233459,0,0,0,0,7.63165314139e-14,588198.736828
28.7472222222,-1.02625954241e-05,0.599783360958,2.40005660057,-5.11741855007e-05,5.3414809372e-05,20,20,1.89662480354,0.014352267608,41.5200233459,0,0,0,0,9.85546490438e-14,588198.736828
28.7583333333,-1.02625954241e-05,0.599783360958,2.40005660057,-5.11741855007e-05,5.3414809372e-05,20,20,1.89662480354,0.014352267608,41.5200233459,0,0,0,0,5.91537275818e-14,588198.736828
28.7694444444,-1.02625954241e-05,0.599783360958,2.40005660057,-5.11741855007e-05,5.3414809372e-05,20,20,1.89662480354,0.014352267608,41.5200233459,0,0,0,0,1.09421095999e-14,588198.736828
28.7805555556,-1.02625954241e-05,0.599783360958,2.40005660057,-5.11741855007e-05,4.5786920964e-05,20,20,1.89662480354,0.014352267608,41.5200233459,0,0,0,0,1.07937679342e-14,588198.736828
28.7916666667,-1.02625954241e-05,0.599783360958,2.40005660057,-5.11741855007e-05,5.3414809372e-05,20,20,1.89662480354,0.014352267608,41.5200233459,0,0,0,0,4.39921036029e-14,588198.736828
28.8027777778,-1.02625954241e-05,0.599783360958,2.40005660057,-5.11741855007e-05,5.3414809372e-05,20,20,1.89662480354,0.014352267608,41.5200233459,0,0,0,0,4.07393974057e-14,588198.736828
28.8138888889,-1.02625954241e-05,0.599783360958,2.40005660057,-5.11741855007e-05,4.5786920964e-05,20,20,1.89662480354,0.014352267608,41.5200233459,0,0,0,0,1.66491628827e-14,588198.736828
28.825,-1.02625954241e-05,0.599783360958,2.40005660057,-5.11741855007e-05,5.3414809372e-05,20,20,1.89662480354,0.014352267608,41.5200233459,0,0,0,0,1.95422935982e-14,588198.736828
28.8361111111,-1.02625954241e-05,0.599783360958,2.40005660057,-5.11741855007e-05,5.3414809372e-05,20,20,1.89662480354,0.014352267608,41.5200233459,0,0,0,0,4.09483382591e-14,588198.736828
28.8472222222,-1.02625954241e-05,0.599783360958,2.40005660057,-5.11741855007e-05,5.3414809372e-05,20,20,1.89662480354,0.014352267608,41.5200233459,0,0,0,0,6.12575418901e-14,588198.736828
28.8583333333,-1.02625954241e-05,0.599783360958,2.40005660057,-5.11741855007e-05,5.3414809372e-05,20,20,1.89662480354,0.014352267608,41.5200233459,0,0,0,0,2.93056065789e-14,588198.736828
28.8694444444,-1.02625954241e-05,0.599783360958,2.40005660057,-5.11741855007e-05,4.5786920964e-05,20,20,1.89662480354,0.014352267608,41.5200233459,0,0,0,0,3.32981012786e-14,588198.736828
28.8805555556,-1.02625954241e-05,0.599783360958,2.40005660057,-5.11741855007e-05,5.3414809372e-05,20,20,1.89662480354,0.014352267608,41.5200233459,0,0,0,0,1.61058802511e-14,588198.736828
28.8916666667,-1.02625954241e-05,0.599783360958,2.40005660057,-5.11741855007e-05,5.3414809372e-05,20,20,1.89662480354,0.014352267608,41.5200233459,0,0,0,0,2.70821856835e-14,588198.736828
28.9027777778,-1.02625954241e-05,0.599783360958,2.40005660057,-5.11741855007e-05,5.3414809372e-05,20,20,1.89662480354,0.014352267608,41.5200233459,0,0,0,0,3.27516722318e-14,588198.736828
28.9138888889,-1.02625954241e-05,0.599783360958,2.40005660057,-5.11741855007e-05,5.3414809372e-05,20,20,1.89662480354,0.014352267608,41.5200233459,0,0,0,0,9.90720351927e-14,588198.736828
28.925,-1.02625954241e-05,0.599783360958,2.40005660057,-5.11741855007e-05,4.5786920964e-05,20,20,1.89662480354,0.014352267608,41.5200233459,0,0,0,0,1.79703800101e-13,588198.736828
28.9361111111,-1.02625954241e-05,0.599783360958,2.40005660057,-5.11741855007e-05,5.3414809372e-05,20,20,1.89662480354,0.014352267608,41.5200233459,0,0,0,0,1.97853046615e-13,588198.736828
28.9472222222,-1.02625954241e-05,0.599783360958,2.40005660057,-5.11741855007e-05,5.3414809372e-05,20,20,1.89662480354,0.014352267608,41.5200233459,0,0,0,0,1.59894279126e-13,588198.736828
28.9583333333,-1.02625954241e-05,0.599783360958,2.40005660057,-5.11741855007e-05,4.5786920964e-05,20,20,1.89662480354,0.014352267608,41.5200233459,0,0,0,0,3.71671150297e-14,588198.736828
28.9694444444,-1.02625954241e-05,0.599783360958,2.40005660057,-5.11741855007e-05,5.3414809372e-05,20,20,1.89662480354,0.014352267608,41.5200233459,0,0,0,0,2.62369376428e-14,588198.736828
28.9805555556,-1.02625954241e-05,0.599783360958,2.40005660057,-5.11741855007e-05,5.3414809372e-05,20,20,1.89662480354,0.014352267608,41.5200233459,0,0,0,0,1.0674557352e-13,588198.736828
28.9916666667,-1.02625954241e-05,0.599783360958,2.40005660057,-5.11741855007e-05,5.3414809372e-05,20,20,1.89662480354,0.014352267608,41.5200233459,0,0,0,0,6.29894906831e-14,588198.736828
29.0027777778,-1.02625954241e-05,0.599783360958,2.40005660057,-5.11741855007e-05,5.3414809372e-05,20,20,1.89662480354,0.014352267608,41.5200233459,0,0,0,0,1.75277799066e-13,588198.736828
29.0138888889,-1.02625954241e-05,0.599783360958,2.40005660057,-5.11741855007e-05,4.5786920964e-05,20,20,1.89662480354,0.014352267608,41.5200233459,0,0,0,0,3.98532372728e-13,588198.736828
29.025,-1.02625954241e-05,0.599783360958,2.40005660057,-5.11741855007e-05,5.3414809372e-05,20,20,1.89662480354,0.014352267608,41.5200233459,0,0,0,0,7.64851694557e-13,588198.736828
29.0361111111,-1.02625954241e-05,0.599783360958,2.40005660057,-5.11741855007e-05,5.3414809372e-05,20,20,1.89662480354,0.014352267608,41.5200233459,0,0,0,0,6.51102506013e-13,588198.736828
29.0472222222,-1.02625954241e-05,0.599783360958,2.40005660057,-5.11741855007e-05,5.3414809372e-05,20,20,1.89662480354,0.014352267608,41.5200233459,0,0,0,0,3.3277580234e-13,588198.736828
29.0583333333,-1.02625954241e-05,0.599783360958,2.40005660057,-5.11741855007e-05,5.3414809372e-05,20,20,1.89662480354,0.014352267608,41.5200233459,0,0,0,0,4.25283893196e-14,588198.736828
29.0694444444,-1.02625954241e-05,0.599783360958,2.40005660057,-5.11741855007e-05,4.5786920964e-05,20,20,1.89662480354,0.014352267608,41.5200233459,0,0,0,0,3.22477636826e-14,588198.736828
29.0805555556,-1.02625954241e-05,0.599783360958,2.40005660057,-5.11741855007e-05,5.3414809372e-05,20,20,1.89662480354,0.014352267608,41.5200233459,0,0,0,0,7.7131905247e-14,588198.736828
29.0916666667,-1.02625954241e-05,0.599783360958,2.40005660057,-5.11741855007e-05,5.3414809372e-05,20,20,1.89662480354,0.014352267608,41.5200233459,0,0,0,0,3.0696708031e-13,588198.736828
29.1027777778,-1.02625954241e-05,0.599783360958,2.40005660057,-5.11741855007e-05,4.5786920964e-05,20,20,1.89662480354,0.014352267608,41.5200233459,0,0,0,0,8.24820847392e-13,588198.736828
29.1138888889,-1.02625954241e-05,0.599783360958,2.40005660057,-5.11741855007e-05,5.3414809372e-05,20,20,1.89662480354,0.014352267608,41.5200233459,0,0,0,0,1.15037975416e-12,588198.736828
29.125,-1.02625954241e-05,0.599783360958,2.40005660057,-5.11741855007e-05,5.3414809372e-05,20,20,1.89662480354,0.014352267608,41.5200233459,0,0,0,0,7.47974198688e-13,588198.736828
29.1361111111,-1.02625954241e-05,0.599783360958,2.40005660057,-5.11741855007e-05,5.3414809372e-05,20,20,1.89662480354,0.014352267608,41.5200233459,0,0,0,0,3.34940639216e-13,588198.736828
29.1472222222,-1.02625954241e-05,0.599783360958,2.40005660057,-5.11741855007e-05,5.3414809372e-05,20,20,1.89662480354,0.014352267608,41.5200233459,0,0,0,0,3.36442300233e-13,588198.736828
29.1583333333,-1.02625954241e-05,0.599783360958,2.40005660057,-5.11741855007e-05,4.5786920964e-05,20,20,1.89662480354,0.014352267608,41.5200233459,0,0,0,0,6.99518097373e-14,588198.736828
29.1694444444,-1.02625954241e-05,0.599783360958,2.40005660057,-5.11741855007e-05,5.3414809372e-05,20,20,1.89662480354,0.014352267608,41.5200233459,0,0,0,0,2.92185186997e-14,588198.736828
29.1805555556,-1.02625954241e-05,0.599783360958,2.40005660057,-5.11741855007e-05,5.3414809372e-05,20,20,1.89662480354,0.014352267608,41.5200233459,0,0,0,0,8.17742039608e-14,588198.736828
29.1916666667,-1.02625954241e-05,0.599783360958,2.40005660057,-5.11741855007e-05,5.3414809372e-05,20,20,1.89662480354,0.014352267608,41.5200233459,0,0,0,0,1.90791833513e-13,588198.736828
29.2027777778,-1.02625954241e-05,0.599783360958,2.40005660057,-5.11741855007e-05,5.3414809372e-05,20,20,1.89662480354,0.014352267608,41.5200233459,0,0,0,0,2.43048857454e-13,588198.736828
29.2138888889,-1.02625954241e-05,0.599783360958,2.40005660057,-5.11741855007e-05,4.5786920964e-05,20,20,1.89662480354,0.014352267608,41.5200233459,0,0,0,0,1.78406841293e-13,588198.736828
29.225,-1.02625954241e-05,0.599783360958,2.40005660057,-5.11741855007e-05,5.3414809372e-05,20,20,1.89662480354,0.014352267608,41.5200233459,0,0,0,0,1.58953237662e-13,588198.736828
29.2361111111,-1.02625954241e-05,0.599783360958,2.40005660057,-5.11741855007e-05,5.3414809372e-05,20,20,1.89662480354,0.014352267608,41.5200233459,0,0,0,0,1.28447159362e-13,588198.736828
29.2472222222,-1.02625954241e-05,0.599783360958,2.40005660057,-5.11741855007e-05,4.5786920964e-05,20,20,1.89662480354,0.014352267608,41.5200233459,0,0,0,0,1.08979829104e-13,588198.736828
29.2583333333,-1.02625954241e-05,0.599783360958,2.40005660057,-5.11741855007e-05,5.3414809372e-05,20,20,1.89662480354,0.014352267608,41.5200233459,0,0,0,0,1.8398886105e-14,588198.736828
29.2694444444,-1.02625954241e-05,0.599783360958,2.40005660057,-5.11741855007e-05,5.3414809372e-05,20,20,1.89662480354,0.014352267608,41.5200233459,0,0,0,0,1.32107466521e-13,588198.736828
29.2805555556,-1.02625954241e-05,0.599783360958,2.40005660057,-5.11741855007e-05,5.3414809372e-05,20,20,1.89662480354,0.014352267608,41.5200233459,0,0,0,0,1.12773047045e-13,588198.736828
29.2916666667,-1.02625954241e-05,0.599783360958,2.40005660057,-5.11741855007e-05,5.3414809372e-05,20,20,1.89662480354,0.014352267608,41.5200233459,0,0,0,0,6.12021636831e-14,588198.736828
29.3027777778,-1.02625954241e-05,0.599783360958,2.40005660057,-5.11741855007e-05,4.5786920964e-05,20,20,1.89662480354,0.014352267608,41.5200233459,0,0,0,0,1.35305711558e-13,588198.736828
29.3138888889,-1.02625954241e-05,0.599783360958,2.40005660057,-5.11741855007e-05,5.3414809372e-05,20,20,1.89662480354,0.014352267608,41.5200233459,0,0,0,0,1.22633731044e-13,588198.736828
29.325,-1.02625954241e-05,0.599783360958,2.40005660057,-5.11741855007e-05,5.3414809372e-05,20,20,1.89662480354,0.014352267608,41.5200233459,0,0,0,0,8.62025259948e-14,588198.736828
29.3361111111,-1.02625954241e-05,0.599783360958,2.40005660057,-5.11741855007e-05,5.3414809372e-05,20,20,1.89662480354,0.014352267608,41.5200233459,0,0,0,0,1.30802016406e-13,588198.736828
29.3472222222,-1.02625954241e-05,0.599783360958,2.40005660057,-5.11741855007e-05,5.3414809372e-05,20,20,1.89662480354,0.014352267608,41.5200233459,0,0,0,0,2.0564463537e-13,588198.736828
29.3583333333,-1.02625954241e-05,0.599783360958,2.40005660057,-5.11741855007e-05,4.5786920964e-05,20,20,1.89662480354,0.014352267608,41.5200233459,0,0,0,0,2.04312118469e-13,588198.736828
29.3694444444,-1.02625954241e-05,0.599783360958,2.40005660057,-5.11741855007e-05,5.3414809372e-05,20,20,1.89662480354,0.014352267608,41.5200233459,0,0,0,0,3.36583169927e-13,588198.736828
29.3805555556,-1.02625954241e-05,0.599783360958,2.40005660057,-5.11741855007e-05,5.3414809372e-05,20,20,1.89662480354,0.014352267608,41.5200233459,0,0,0,0,3.27258979151e-13,588198.736828
29.3916666667,-1.02625954241e-05,0.599783360958,2.40005660057,-5.11741855007e-05,4.5786920964e-05,20,20,1.89662480354,0.014352267608,41.5200233459,0,0,0,0,1.89179318589e-13,588198.736828
29.4027777778,-1.02625954241e-05,0.599783360958,2.40005660057,-5.11741855007e-05,5.3414809372e-05,20,20,1.89662480354,0.014352267608,41.5200233459,0,0,0,0,1.34822362177e-13,588198.736828
29.4138888889,-1.02625954241e-05,0.599783360958,2.40005660057,-5.11741855007e-05,5.3414809372e-05,20,20,1.89662480354,0.014352267608,41.5200233459,0,0,0,0,4.63039281933e-14,588198.736828
29.425,-1.02625954241e-05,0.599783360958,2.40005660057,-5.11741855007e-05,5.3414809372e-05,20,20,1.89662480354,0.014352267608,41.5200233459,0,0,0,0,2.07317130804e-14,588198.736828
29.4361111111,-1.02625954241e-05,0.599783360958,2.40005660057,-5.11741855007e-05,5.3414809372e-05,20,20,1.89662480354,0.014352267608,41.5200233459,0,0,0,0,3.79323634263e-14,588198.736828
29.4472222222,-1.02625954241e-05,0.599783360958,2.40005660057,-5.11741855007e-05,4.5786920964e-05,20,20,1.89662480354,0.014352267608,41.5200233459,0,0,0,0,3.08428786926e-13,588198.736828
29.4583333333,-1.02625954241e-05,0.599783360958,2.40005660057,-5.11741855007e-05,5.3414809372e-05,20,20,1.89662480354,0.014352267608,41.5200233459,0,0,0,0,4.2871272173e-14,588198.736828
29.4694444444,-1.02625954241e-05,0.599783360958,2.40005660057,-5.11741855007e-05,5.3414809372e-05,20,20,1.89662480354,0.014352267608,41.5200233459,0,0,0,0,1.90211805216e-14,588198.736828
29.4805555556,-1.02625954241e-05,0.599783360958,2.40005660057,-5.11741855007e-05,5.3414809372e-05,20,20,1.89662480354,0.014352267608,41.5200233459,0,0,0,0,3.27357236116e-14,588198.736828
29.4916666667,-1.02625954241e-05,0.599783360958,2.40005660057,-5.11741855007e-05,5.3414809372e-05,20,20,1.89662480354,0.014352267608,41.5200233459,0,0,0,0,9.13316262543e-14,588198.736828
29.5027777778,-1.02625954241e-05,0.599783360958,2.40005660057,-5.11741855007e-05,4.5786920964e-05,20,20,1.89662480354,0.014352267608,41.5200233459,0,0,0,0,1.39047995715e-13,588198.736828
29.5138888889,-1.02625954241e-05,0.599783360958,2.40005660057,-5.11741855007e-05,5.3414809372e-05,20,20,1.89662480354,0.014352267608,41.5200233459,0,0,0,0,5.63407083046e-14,588198.736828
29.525,-1.02625954241e-05,0.599783360958,2.40005660057,-5.11741855007e-05,5.3414809372e-05,20,20,1.89662480354,0.014352267608,41.5200233459,0,0,0,0,3.6350253039e-14,588198.736828
29.5361111111,-1.02625954241e-05,0.599783360958,2.40005660057,-5.11741855007e-05,4.5786920964e-05,20,20,1.89662480354,0.014352267608,41.5200233459,0,0,0,0,1.23971142794e-14,588198.736828
29.5472222222,-1.02625954241e-05,0.599783360958,2.40005660057,-5.11741855007e-05,5.3414809372e-05,20,20,1.89662480354,0.014352267608,41.5200233459,0,0,0,0,2.2969925704e-14,588198.736828
29.5583333333,-1.02625954241e-05,0.599783360958,2.40005660057,-5.11741855007e-05,5.3414809372e-05,20,20,1.89662480354,0.014352267608,41.5200233459,0,0,0,0,2.87598140311e-14,588198.736828
29.5694444444,-1.02625954241e-05,0.599783360958,2.40005660057,-5.11741855007e-05,5.3414809372e-05,20,20,1.89662480354,0.014352267608,41.5200233459,0,0,0,0,1.38210018893e-13,588198.736828
29.5805555556,-1.02625954241e-05,0.599783360958,2.40005660057,-5.11741855007e-05,5.3414809372e-05,20,20,1.89662480354,0.014352267608,41.5200233459,0,0,0,0,9.37906204723e-14,588198.736828
29.5916666667,-1.02625954241e-05,0.599783360958,2.40005660057,-5.11741855007e-05,4.5786920964e-05,20,20,1.89662480354,0.014352267608,41.5200233459,0,0,0,0,5.33066867972e-14,588198.736828
29.6027777778,-1.02625954241e-05,0.599783360958,2.40005660057,-5.11741855007e-05,5.3414809372e-05,20,20,1.89662480354,0.014352267608,41.5200233459,0,0,0,0,1.88384562444e-14,588198.736828
29.6138888889,-1.02625954241e-05,0.599783360958,2.40005660057,-5.11741855007e-05,5.3414809372e-05,20,20,1.89662480354,0.014352267608,41.5200233459,0,0,0,0,8.32174425429e-15,588198.736828
29.625,-1.02625954241e-05,0.599783360958,2.40005660057,-5.11741855007e-05,5.3414809372e-05,20,20,1.89662480354,0.014352267608,41.5200233459,0,0,0,0,1.35111359821e-13,588198.736828
29.6361111111,-1.02625954241e-05,0.599783360958,2.40005660057,-5.11741855007e-05,5.3414809372e-05,20,20,1.89662480354,0.014352267608,41.5200233459,0,0,0,0,3.22459409763e-13,588198.736828
29.6472222222,-1.02625954241e-05,0.599783360958,2.40005660057,-5.11741855007e-05,4.5786920964e-05,20,20,1.89662480354,0.014352267608,41.5200233459,0,0,0,0,9.00753221118e-14,588198.736828
29.6583333333,-1.02625954241e-05,0.599783360958,2.40005660057,-5.11741855007e-05,5.3414809372e-05,20,20,1.89662480354,0.014352267608,41.5200233459,0,0,0,0,6.72760637258e-14,588198.736828
29.6694444444,-1.02625954241e-05,0.599783360958,2.40005660057,-5.11741855007e-05,5.3414809372e-05,20,20,1.89662480354,0.014352267608,41.5200233459,0,0,0,0,2.04960525655e-14,588198.736828
29.6805555556,-1.02625954241e-05,0.599783360958,2.40005660057,-5.11741855007e-05,4.5786920964e-05,20,20,1.89662480354,0.014352267608,41.5200233459,0,0,0,0,1.28742523202e-13,588198.736828
29.6916666667,-1.02625954241e-05,0.599783360958,2.40005660057,-5.11741855007e-05,5.3414809372e-05,20,20,1.89662480354,0.014352267608,41.5200233459,0,0,0,0,1.10473353098e-13,588198.736828
29.7027777778,-1.02625954241e-05,0.599783360958,2.40005660057,-5.11741855007e-05,5.3414809372e-05,20,20,1.89662480354,0.014352267608,41.5200233459,0,0,0,0,3.00808881099e-14,588198.736828
29.7138888889,-1.02625954241e-05,0.599783360958,2.40005660057,-5.11741855007e-05,5.3414809372e-05,20,20,1.89662480354,0.014352267608,41.5200233459,0,0,0,0,6.40284464041e-14,588198.736828
29.725,-1.02625954241e-05,0.599783360958,2.40005660057,-5.11741855007e-05,5.3414809372e-05,20,20,1.89662480354,0.014352267608,41.5200233459,0,0,0,0,9.14675058209e-14,588198.736828
29.7361111111,-1.02625954241e-05,0.599783360958,2.40005660057,-5.11741855007e-05,4.5786920964e-05,20,20,1.89662480354,0.014352267608,41.5200233459,0,0,0,0,6.46909839628e-14,588198.736828
29.7472222222,-1.02625954241e-05,0.599783360958,2.40005660057,-5.11741855007e-05,5.3414809372e-05,20,20,1.89662480354,0.014352267608,41.5200233459,0,0,0,0,1.24553108079e-14,588198.736828
29.7583333333,-1.02625954241e-05,0.599783360958,2.40005660057,-5.11741855007e-05,5.3414809372e-05,20,20,1.89662480354,0.014352267608,41.5200233459,0,0,0,0,9.99942799273e-15,588198.736828
29.7694444444,-1.02625954241e-05,0.599783360958,2.40005660057,-5.11741855007e-05,5.3414809372e-05,20,20,1.89662480354,0.014352267608,41.5200233459,0,0,0,0,1.32153065225e-14,588198.736828
29.7805555556,-1.02625954241e-05,0.599783360958,2.40005660057,-5.11741855007e-05,5.3414809372e-05,20,20,1.89662480354,0.014352267608,41.5200233459,0,0,0,0,1.05302148973e-14,588198.736828
29.7916666667,-1.02625954241e-05,0.599783360958,2.40005660057,-5.11741855007e-05,4.5786920964e-05,20,20,1.89662480354,0.014352267608,41.5200233459,0,0,0,0,5.86105484207e-14,588198.736828
29.8027777778,-1.02625954241e-05,0.599783360958,2.40005660057,-5.11741855007e-05,5.3414809372e-05,20,20,1.89662480354,0.014352267608,41.5200233459,0,0,0,0,8.34580967723e-14,588198.736828
29.8138888889,-1.02625954241e-05,0.599783360958,2.40005660057,-5.11741855007e-05,5.3414809372e-05,20,20,1.89662480354,0.014352267608,41.5200233459,0,0,0,0,2.35039649493e-14,588198.736828
29.825,-1.02625954241e-05,0.599783360958,2.40005660057,-5.11741855007e-05,4.5786920964e-05,20,20,1.89662480354,0.014352267608,41.5200233459,0,0,0,0,4.65873158523e-14,588198.736828
29.8361111111,-1.02625954241e-05,0.599783360958,2.40005660057,-5.11741855007e-05,5.3414809372e-05,20,20,1.89662480354,0.014352267608,41.5200233459,0,0,0,0,3.7555505833e-14,588198.736828
29.8472222222,-1.02625954241e-05,0.599783360958,2.40005660057,-5.11741855007e-05,5.3414809372e-05,20,20,1.89662480354,0.014352267608,41.5200233459,0,0,0,0,3.21614588711e-14,588198.736828
29.8583333333,-1.02625954241e-05,0.599783360958,2.40005660057,-5.11741855007e-05,5.3414809372e-05,20,20,1.89662480354,0.014352267608,41.5200233459,0,0,0,0,5.4137293042e-14,588198.736828
29.8694444444,-1.02625954241e-05,0.599783360958,2.40005660057,-5.11741855007e-05,5.3414809372e-05,20,20,1.89662480354,0.014352267608,41.5200233459,0,0,0,0,5.96707701509e-14,588198.736828
29.8805555556,-1.02625954241e-05,0.599783360958,2.40005660057,-5.11741855007e-05,4.5786920964e-05,20,20,1.89662480354,0.014352267608,41.5200233459,0,0,0,0,3.81198229175e-14,588198.736828
29.8916666667,-1.02625954241e-05,0.599783360958,2.40005660057,-5.11741855007e-05,5.3414809372e-05,20,20,1.89662480354,0.014352267608,41.5200233459,0,0,0,0,1.76075498262e-13,588198.736828
29.9027777778,-1.02625954241e-05,0.599783360958,2.40005660057,-5.11741855007e-05,5.3414809372e-05,20,20,1.89662480354,0.014352267608,41.5200233459,0,0,0,0,1.96616517642e-13,588198.736828
29.9138888889,-1.02625954241e-05,0.599783360958,2.40005660057,-5.11741855007e-05,5.3414809372e-05,20,20,1.89662480354,0.014352267608,41.5200233459,0,0,0,0,1.64948939876e-14,588198.736828
29.925,-1.02625954241e-05,0.599783360958,2.40005660057,-5.11741855007e-05,5.3414809372e-05,20,20,1.89662480354,0.014352267608,41.5200233459,0,0,0,0,1.6645590127e-13,588198.736828
29.9361111111,-1.02625954241e-05,0.599783360958,2.40005660057,-5.11741855007e-05,4.5786920964e-05,20,20,1.89662480354,0.014352267608,41.5200233459,0,0,0,0,2.18179393446e-13,588198.736828
29.9472222222,-1.02625954241e-05,0.599783360958,2.40005660057,-5.11741855007e-05,5.3414809372e-05,20,20,1.89662480354,0.014352267608,41.5200233459,0,0,0,0,4.10422043223e-13,588198.736828
29.9583333333,-1.02625954241e-05,0.599783360958,2.40005660057,-5.11741855007e-05,5.3414809372e-05,20,20,1.89662480354,0.014352267608,41.5200233459,0,0,0,0,3.86481040401e-13,588198.736828
29.9694444444,-1.02625954241e-05,0.599783360958,2.40005660057,-5.11741855007e-05,4.5786920964e-05,20,20,1.89662480354,0.014352267608,41.5200233459,0,0,0,0,4.75163395036e-13,588198.736828
29.9805555556,-1.02625954241e-05,0.599783360958,2.40005660057,-5.11741855007e-05,5.3414809372e-05,20,20,1.89662480354,0.014352267608,41.5200233459,0,0,0,0,3.60599609117e-13,588198.736828
29.9916666667,-1.02625954241e-05,0.599783360958,2.40005660057,-5.11741855007e-05,5.3414809372e-05,20,20,1.89662480354,0.014352267608,41.5200233459,0,0,0,0,2.6532531402e-13,588198.736828
30.0027777778,-1.02625954241e-05,0.599783360958,2.40005660057,-5.11741855007e-05,5.3414809372e-05,20,20,1.89662480354,0.014352267608,41.5200233459,0,0,0,0,1.09726470217e-13,588198.736828
30.0138888889,-1.02625954241e-05,0.599783360958,2.40005660057,-5.11741855007e-05,5.3414809372e-05,20,20,1.89662480354,0.014352267608,41.5200233459,0,0,0,0,4.69604434737e-14,588198.736828
30.025,-1.02625954241e-05,0.599783360958,2.40005660057,-5.11741855007e-05,4.5786920964e-05,20,20,1.89662480354,0.014352267608,41.5200233459,0,0,0,0,6.6810675491e-14,588198.736828
30.0361111111,-1.02625954241e-05,0.599783360958,2.40005660057,-5.11741855007e-05,5.3414809372e-05,20,20,1.89662480354,0.014352267608,41.5200233459,0,0,0,0,5.18298007851e-14,588198.736828
30.0472222222,-1.02625954241e-05,0.599783360958,2.40005660057,-5.11741855007e-05,5.3414809372e-05,20,20,1.89662480354,0.014352267608,41.5200233459,0,0,0,0,2.04299056591e-14,588198.736828
30.0583333333,-1.02625954241e-05,0.599783360958,2.40005660057,-5.11741855007e-05,5.3414809372e-05,20,20,1.89662480354,0.014352267608,41.5200233459,0,0,0,0,1.64225951029e-14,588198.736828
30.0694444444,-1.02625954241e-05,0.599783360958,2.40005660057,-5.11741855007e-05,5.3414809372e-05,20,20,1.89662480354,0.014352267608,41.5200233459,0,0,0,0,8.85275203843e-14,588198.736828
30.0805555556,-1.02625954241e-05,0.599783360958,2.40005660057,-5.11741855007e-05,4.5786920964e-05,20,20,1.89662480354,0.014352267608,41.5200233459,0,0,0,0,8.98629015596e-14,588198.736828
30.0916666667,-1.02625954241e-05,0.599783360958,2.40005660057,-5.11741855007e-05,5.3414809372e-05,20,20,1.89662480354,0.014352267608,41.5200233459,0,0,0,0,6.55985826362e-14,588198.736828
30.1027777778,-1.02625954241e-05,0.599783360958,2.40005660057,-5.11741855007e-05,5.3414809372e-05,20,20,1.89662480354,0.014352267608,41.5200233459,0,0,0,0,5.84513682544e-15,588198.736828
30.1138888889,-1.02625954241e-05,0.599783360958,2.40005660057,-5.11741855007e-05,4.5786920964e-05,20,20,1.89662480354,0.014352267608,41.5200233459,0,0,0,0,2.21448510576e-14,588198.736828
30.125,-1.02625954241e-05,0.599783360958,2.40005660057,-5.11741855007e-05,5.3414809372e-05,20,20,1.89662480354,0.014352267608,41.5200233459,0,0,0,0,9.24721635864e-14,588198.736828
30.1361111111,-1.02625954241e-05,0.599783360958,2.40005660057,-5.11741855007e-05,5.3414809372e-05,20,20,1.89662480354,0.014352267608,41.5200233459,0,0,0,0,1.42673912671e-13,588198.736828
30.1472222222,-1.02625954241e-05,0.599783360958,2.40005660057,-5.11741855007e-05,5.3414809372e-05,20,20,1.89662480354,0.014352267608,41.5200233459,0,0,0,0,3.98254045295e-14,588198.736828
30.1583333333,-1.02625954241e-05,0.599783360958,2.40005660057,-5.11741855007e-05,5.3414809372e-05,20,20,1.89662480354,0.014352267608,41.5200233459,0,0,0,0,6.5845971954e-14,588198.736828
30.1694444444,-1.02625954241e-05,0.599783360958,2.40005660057,-5.11741855007e-05,4.5786920964e-05,20,20,1.89662480354,0.014352267608,41.5200233459,0,0,0,0,1.27809933262e-14,588198.736828
30.1805555556,-1.02625954241e-05,0.599783360958,2.40005660057,-5.11741855007e-05,5.3414809372e-05,20,20,1.89662480354,0.014352267608,41.5200233459,0,0,0,0,9.82947815377e-14,588198.736828
30.1916666667,-1.02625954241e-05,0.599783360958,2.40005660057,-5.11741855007e-05,5.3414809372e-05,20,20,1.89662480354,0.014352267608,41.5200233459,0,0,0,0,4.44961978601e-14,588198.736828
30.2027777778,-1.02625954241e-05,0.599783360958,2.40005660057,-5.11741855007e-05,5.3414809372e-05,20,20,1.89662480354,0.014352267608,41.5200233459,0,0,0,0,3.81229218497e-14,588198.736828
30.2138888889,-1.02625954241e-05,0.599783360958,2.40005660057,-5.11741855007e-05,5.3414809372e-05,20,20,1.89662480354,0.014352267608,41.5200233459,0,0,0,0,1.77618537779e-14,588198.736828
30.225,-1.02625954241e-05,0.599783360958,2.40005660057,-5.11741855007e-05,4.5786920964e-05,20,20,1.89662480354,0.014352267608,41.5200233459,0,0,0,0,7.84992129133e-14,588198.736828
30.2361111111,-1.02625954241e-05,0.599783360958,2.40005660057,-5.11741855007e-05,5.3414809372e-05,20,20,1.89662480354,0.014352267608,41.5200233459,0,0,0,0,1.400776956e-13,588198.736828
30.2472222222,-1.02625954241e-05,0.599783360958,2.40005660057,-5.11741855007e-05,5.3414809372e-05,20,20,1.89662480354,0.014352267608,41.5200233459,0,0,0,0,1.50189744085e-13,588198.736828
30.2583333333,-1.02625954241e-05,0.599783360958,2.40005660057,-5.11741855007e-05,4.5786920964e-05,20,20,1.89662480354,0.014352267608,41.5200233459,0,0,0,0,6.76508474993e-14,588198.736828
30.2694444444,-1.02625954241e-05,0.599783360958,2.40005660057,-5.11741855007e-05,5.3414809372e-05,20,20,1.89662480354,0.014352267608,41.5200233459,0,0,0,0,1.4519986841e-13,588198.736828
30.2805555556,-1.02625954241e-05,0.599783360958,2.40005660057,-5.11741855007e-05,5.3414809372e-05,20,20,1.89662480354,0.014352267608,41.5200233459,0,0,0,0,1.95199258041e-13,588198.736828
30.2916666667,-1.02625954241e-05,0.599783360958,2.40005660057,-5.11741855007e-05,5.3414809372e-05,20,20,1.89662480354,0.014352267608,41.5200233459,0,0,0,0,2.35828478131e-14,588198.736828
30.3027777778,-1.02625954241e-05,0.599783360958,2.40005660057,-5.11741855007e-05,5.3414809372e-05,20,20,1.89662480354,0.014352267608,41.5200233459,0,0,0,0,1.72214534223e-13,588198.736828
30.3138888889,-1.02625954241e-05,0.599783360958,2.40005660057,-5.11741855007e-05,4.5786920964e-05,20,20,1.89662480354,0.014352267608,41.5200233459,0,0,0,0,1.9842723637e-13,588198.736828
30.325,-1.02625954241e-05,0.599783360958,2.40005660057,-5.11741855007e-05,5.3414809372e-05,20,20,1.89662480354,0.014352267608,41.5200233459,0,0,0,0,1.42627851698e-13,588198.736828
30.3361111111,-1.02625954241e-05,0.599783360958,2.40005660057,-5.11741855007e-05,5.3414809372e-05,20,20,1.89662480354,0.014352267608,41.5200233459,0,0,0,0,5.38043437725e-14,588198.736828
30.3472222222,-1.02625954241e-05,0.599783360958,2.40005660057,-5.11741855007e-05,5.3414809372e-05,20,20,1.89662480354,0.014352267608,41.5200233459,0,0,0,0,3.37767895303e-14,588198.736828
30.3583333333,-1.02625954241e-05,0.599783360958,2.40005660057,-5.11741855007e-05,5.3414809372e-05,20,20,1.89662480354,0.014352267608,41.5200233459,0,0,0,0,1.26139142876e-14,588198.736828
30.3694444444,-1.02625954241e-05,0.599783360958,2.40005660057,-5.11741855007e-05,4.5786920964e-05,20,20,1.89662480354,0.014352267608,41.5200233459,0,0,0,0,4.7469877879e-14,588198.736828
30.3805555556,-1.02625954241e-05,0.599783360958,2.40005660057,-5.11741855007e-05,5.3414809372e-05,20,20,1.89662480354,0.014352267608,41.5200233459,0,0,0,0,2.31557717959e-14,588198.736828
30.3916666667,-1.02625954241e-05,0.599783360958,2.40005660057,-5.11741855007e-05,5.3414809372e-05,20,20,1.89662480354,0.014352267608,41.5200233459,0,0,0,0,2.66836128258e-14,588198.736828
30.4027777778,-1.02625954241e-05,0.599783360958,2.40005660057,-5.11741855007e-05,4.5786920964e-05,20,20,1.89662480354,0.014352267608,41.5200233459,0,0,0,0,1.80897279706e-14,588198.736828
30.4138888889,-1.02625954241e-05,0.599783360958,2.40005660057,-5.11741855007e-05,5.3414809372e-05,20,20,1.89662480354,0.014352267608,41.5200233459,0,0,0,0,1.39112200902e-14,588198.736828
30.425,-1.02625954241e-05,0.599783360958,2.40005660057,-5.11741855007e-05,5.3414809372e-05,20,20,1.89662480354,0.014352267608,41.5200233459,0,0,0,0,1.28893027965e-14,588198.736828
30.4361111111,-1.02625954241e-05,0.599783360958,2.40005660057,-5.11741855007e-05,5.3414809372e-05,20,20,1.89662480354,0.014352267608,41.5200233459,0,0,0,0,1.66786983115e-14,588198.736828
30.4472222222,-1.02625954241e-05,0.599783360958,2.40005660057,-5.11741855007e-05,5.3414809372e-05,20,20,1.89662480354,0.014352267608,41.5200233459,0,0,0,0,6.880899628e-14,588198.736828
30.4583333333,-1.02625954241e-05,0.599783360958,2.40005660057,-5.11741855007e-05,4.5786920964e-05,20,20,1.89662480354,0.014352267608,41.5200233459,0,0,0,0,2.08534148633e-13,588198.736828
30.4694444444,-1.02625954241e-05,0.599783360958,2.40005660057,-5.11741855007e-05,5.3414809372e-05,20,20,1.89662480354,0.014352267608,41.5200233459,0,0,0,0,3.34340017849e-13,588198.736828
30.4805555556,-1.02625954241e-05,0.599783360958,2.40005660057,-5.11741855007e-05,5.3414809372e-05,20,20,1.89662480354,0.014352267608,41.5200233459,0,0,0,0,5.01340491262e-13,588198.736828
30.4916666667,-1.02625954241e-05,0.599783360958,2.40005660057,-5.11741855007e-05,5.3414809372e-05,20,20,1.89662480354,0.014352267608,41.5200233459,0,0,0,0,4.8099410953e-13,588198.736828
30.5027777778,-1.02625954241e-05,0.599783360958,2.40005660057,-5.11741855007e-05,5.3414809372e-05,20,20,1.89662480354,0.014352267608,41.5200233459,0,0,0,0,3.44873095149e-13,588198.736828
30.5138888889,-1.02625954241e-05,0.599783360958,2.40005660057,-5.11741855007e-05,4.5786920964e-05,20,20,1.89662480354,0.014352267608,41.5200233459,0,0,0,0,1.95758540587e-13,588198.736828
30.525,-1.02625954241e-05,0.599783360958,2.40005660057,-5.11741855007e-05,5.3414809372e-05,20,20,1.89662480354,0.014352267608,41.5200233459,0,0,0,0,1.22387040061e-13,588198.736828
30.5361111111,-1.02625954241e-05,0.599783360958,2.40005660057,-5.11741855007e-05,5.3414809372e-05,20,20,1.89662480354,0.014352267608,41.5200233459,0,0,0,0,1.92093903402e-13,588198.736828
30.5472222222,-1.02625954241e-05,0.599783360958,2.40005660057,-5.11741855007e-05,4.5786920964e-05,20,20,1.89662480354,0.014352267608,41.5200233459,0,0,0,0,1.11255368634e-13,588198.736828
30.5583333333,-1.02625954241e-05,0.599783360958,2.40005660057,-5.11741855007e-05,5.3414809372e-05,20,20,1.89662480354,0.014352267608,41.5200233459,0,0,0,0,9.66421665451e-14,588198.736828
30.5694444444,-1.02625954241e-05,0.599783360958,2.40005660057,-5.11741855007e-05,5.3414809372e-05,20,20,1.89662480354,0.014352267608,41.5200233459,0,0,0,0,1.70875347392e-13,588198.736828
30.5805555556,-1.02625954241e-05,0.599783360958,2.40005660057,-5.11741855007e-05,5.3414809372e-05,20,20,1.89662480354,0.014352267608,41.5200233459,0,0,0,0,1.29582332844e-13,588198.736828
30.5916666667,-1.02625954241e-05,0.599783360958,2.40005660057,-5.11741855007e-05,5.3414809372e-05,20,20,1.89662480354,0.014352267608,41.5200233459,0,0,0,0,1.45931508764e-13,588198.736828
30.6027777778,-1.02625954241e-05,0.599783360958,2.40005660057,-5.11741855007e-05,4.5786920964e-05,20,20,1.89662480354,0.014352267608,41.5200233459,0,0,0,0,8.47113267165e-15,588198.736828
30.6138888889,-1.02625954241e-05,0.599783360958,2.40005660057,-5.11741855007e-05,5.3414809372e-05,20,20,1.89662480354,0.014352267608,41.5200233459,0,0,0,0,1.65967702546e-14,588198.736828
30.625,-1.02625954241e-05,0.599783360958,2.40005660057,-5.11741855007e-05,5.3414809372e-05,20,20,1.89662480354,0.014352267608,41.5200233459,0,0,0,0,1.16487017701e-14,588198.736828
30.6361111111,-1.02625954241e-05,0.599783360958,2.40005660057,-5.11741855007e-05,5.3414809372e-05,20,20,1.89662480354,0.014352267608,41.5200233459,0,0,0,0,1.48417762068e-14,588198.736828
30.6472222222,-1.02625954241e-05,0.599783360958,2.40005660057,-5.11741855007e-05,5.3414809372e-05,20,20,1.89662480354,0.014352267608,41.5200233459,0,0,0,0,4.81116123166e-14,588198.736828
30.6583333333,-1.02625954241e-05,0.599783360958,2.40005660057,-5.11741855007e-05,4.5786920964e-05,20,20,1.89662480354,0.014352267608,41.5200233459,0,0,0,0,2.2618220592e-14,588198.736828
30.6694444444,-1.02625954241e-05,0.599783360958,2.40005660057,-5.11741855007e-05,5.3414809372e-05,20,20,1.89662480354,0.014352267608,41.5200233459,0,0,0,0,1.05888990942e-14,588198.736828
30.6805555556,-1.02625954241e-05,0.599783360958,2.40005660057,-5.11741855007e-05,5.3414809372e-05,20,20,1.89662480354,0.014352267608,41.5200233459,0,0,0,0,8.52094490864e-14,588198.736828
30.6916666667,-1.02625954241e-05,0.599783360958,2.40005660057,-5.11741855007e-05,4.5786920964e-05,20,20,1.89662480354,0.014352267608,41.5200233459,0,0,0,0,2.24697741285e-13,588198.736828
30.7027777778,-1.02625954241e-05,0.599783360958,2.40005660057,-5.11741855007e-05,5.3414809372e-05,20,20,1.89662480354,0.014352267608,41.5200233459,0,0,0,0,2.26419072298e-13,588198.736828
30.7138888889,-1.02625954241e-05,0.599783360958,2.40005660057,-5.11741855007e-05,5.3414809372e-05,20,20,1.89662480354,0.014352267608,41.5200233459,0,0,0,0,1.24762731901e-13,588198.736828
30.725,-1.02625954241e-05,0.599783360958,2.40005660057,-5.11741855007e-05,5.3414809372e-05,20,20,1.89662480354,0.014352267608,41.5200233459,0,0,0,0,5.74022751632e-14,588198.736828
30.7361111111,-1.02625954241e-05,0.599783360958,2.40005660057,-5.11741855007e-05,5.3414809372e-05,20,20,1.89662480354,0.014352267608,41.5200233459,0,0,0,0,1.01908491029e-13,588198.736828
30.7472222222,-1.02625954241e-05,0.599783360958,2.40005660057,-5.11741855007e-05,4.5786920964e-05,20,20,1.89662480354,0.014352267608,41.5200233459,0,0,0,0,7.35495443978e-14,588198.736828
30.7583333333,-1.02625954241e-05,0.599783360958,2.40005660057,-5.11741855007e-05,5.3414809372e-05,20,20,1.89662480354,0.014352267608,41.5200233459,0,0,0,0,4.27321962632e-14,588198.736828
30.7694444444,-1.02625954241e-05,0.599783360958,2.40005660057,-5.11741855007e-05,5.3414809372e-05,20,20,1.89662480354,0.014352267608,41.5200233459,0,0,0,0,1.12841080037e-13,588198.736828
30.7805555556,-1.02625954241e-05,0.599783360958,2.40005660057,-5.11741855007e-05,5.3414809372e-05,20,20,1.89662480354,0.014352267608,41.5200233459,0,0,0,0,6.76981549661e-14,588198.736828
30.7916666667,-1.02625954241e-05,0.599783360958,2.40005660057,-5.11741855007e-05,5.3414809372e-05,20,20,1.89662480354,0.014352267608,41.5200233459,0,0,0,0,1.84642372791e-13,588198.736828
30.8027777778,-1.02625954241e-05,0.599783360958,2.40005660057,-5.11741855007e-05,4.5786920964e-05,20,20,1.89662480354,0.014352267608,41.5200233459,0,0,0,0,2.33964901954e-13,588198.736828
30.8138888889,-1.02625954241e-05,0.599783360958,2.40005660057,-5.11741855007e-05,5.3414809372e-05,20,20,1.89662480354,0.014352267608,41.5200233459,0,0,0,0,3.28413448509e-13,588198.736828
30.825,-1.02625954241e-05,0.599783360958,2.40005660057,-5.11741855007e-05,5.3414809372e-05,20,20,1.89662480354,0.014352267608,41.5200233459,0,0,0,0,1.95756612828e-13,588198.736828
30.8361111111,-1.02625954241e-05,0.599783360958,2.40005660057,-5.11741855007e-05,4.5786920964e-05,20,20,1.89662480354,0.014352267608,41.5200233459,0,0,0,0,9.25894151554e-14,588198.736828
30.8472222222,-1.02625954241e-05,0.599783360958,2.40005660057,-5.11741855007e-05,5.3414809372e-05,20,20,1.89662480354,0.014352267608,41.5200233459,0,0,0,0,1.91946117757e-14,588198.736828
30.8583333333,-1.02625954241e-05,0.599783360958,2.40005660057,-5.11741855007e-05,5.3414809372e-05,20,20,1.89662480354,0.014352267608,41.5200233459,0,0,0,0,2.54305673466e-14,588198.736828
30.8694444444,-1.02625954241e-05,0.599783360958,2.40005660057,-5.11741855007e-05,5.3414809372e-05,20,20,1.89662480354,0.014352267608,41.5200233459,0,0,0,0,5.51098943584e-14,588198.736828
30.8805555556,-1.02625954241e-05,0.599783360958,2.40005660057,-5.11741855007e-05,5.3414809372e-05,20,20,1.89662480354,0.014352267608,41.5200233459,0,0,0,0,7.5251345785e-14,588198.736828
30.8916666667,-1.02625954241e-05,0.599783360958,2.40005660057,-5.11741855007e-05,4.5786920964e-05,20,20,1.89662480354,0.014352267608,41.5200233459,0,0,0,0,3.31890299128e-14,588198.736828
30.9027777778,-1.02625954241e-05,0.599783360958,2.40005660057,-5.11741855007e-05,5.3414809372e-05,20,20,1.89662480354,0.014352267608,41.5200233459,0,0,0,0,1.18255839125e-14,588198.736828
30.9138888889,-1.02625954241e-05,0.599783360958,2.40005660057,-5.11741855007e-05,5.3414809372e-05,20,20,1.89662480354,0.014352267608,41.5200233459,0,0,0,0,1.54991369815e-14,588198.736828
30.925,-1.02625954241e-05,0.599783360958,2.40005660057,-5.11741855007e-05,5.3414809372e-05,20,20,1.89662480354,0.014352267608,41.5200233459,0,0,0,0,3.56595395618e-14,588198.736828
30.9361111111,-1.02625954241e-05,0.599783360958,2.40005660057,-5.11741855007e-05,5.3414809372e-05,20,20,1.89662480354,0.014352267608,41.5200233459,0,0,0,0,7.06648915164e-14,588198.736828
30.9472222222,-1.02625954241e-05,0.599783360958,2.40005660057,-5.11741855007e-05,4.5786920964e-05,20,20,1.89662480354,0.014352267608,41.5200233459,0,0,0,0,1.09010430276e-13,588198.736828
30.9583333333,-1.02625954241e-05,0.599783360958,2.40005660057,-5.11741855007e-05,5.3414809372e-05,20,20,1.89662480354,0.014352267608,41.5200233459,0,0,0,0,4.73494985494e-14,588198.736828
30.9694444444,-1.02625954241e-05,0.599783360958,2.40005660057,-5.11741855007e-05,5.3414809372e-05,20,20,1.89662480354,0.014352267608,41.5200233459,0,0,0,0,2.80696745779e-14,588198.736828
30.9805555556,-1.02625954241e-05,0.599783360958,2.40005660057,-5.11741855007e-05,4.5786920964e-05,20,20,1.89662480354,0.014352267608,41.5200233459,0,0,0,0,2.20091565903e-14,588198.736828
30.9916666667,-1.02625954241e-05,0.599783360958,2.40005660057,-5.11741855007e-05,5.3414809372e-05,20,20,1.89662480354,0.014352267608,41.5200233459,0,0,0,0,2.16718982937e-14,588198.736828
31.0027777778,-1.02625954241e-05,0.599783360958,2.40005660057,-5.11741855007e-05,5.3414809372e-05,20,20,1.89662480354,0.014352267608,41.5200233459,0,0,0,0,1.25072802136e-14,588198.736828
31.0138888889,-1.02625954241e-05,0.599783360958,2.40005660057,-5.11741855007e-05,5.3414809372e-05,20,20,1.89662480354,0.014352267608,41.5200233459,0,0,0,0,5.13158324291e-14,588198.736828
31.025,-1.02625954241e-05,0.599783360958,2.40005660057,-5.11741855007e-05,5.3414809372e-05,20,20,1.89662480354,0.014352267608,41.5200233459,0,0,0,0,1.6071718318e-14,588198.736828
31.0361111111,-1.02625954241e-05,0.599783360958,2.40005660057,-5.11741855007e-05,4.5786920964e-05,20,20,1.89662480354,0.014352267608,41.5200233459,0,0,0,0,4.3052563835e-14,588198.736828
31.0472222222,-1.02625954241e-05,0.599783360958,2.40005660057,-5.11741855007e-05,5.3414809372e-05,20,20,1.89662480354,0.014352267608,41.5200233459,0,0,0,0,7.44470183552e-14,588198.736828
31.0583333333,-1.02625954241e-05,0.599783360958,2.40005660057,-5.11741855007e-05,5.3414809372e-05,20,20,1.89662480354,0.014352267608,41.5200233459,0,0,0,0,3.69257386906e-14,588198.736828
31.0694444444,-1.02625954241e-05,0.599783360958,2.40005660057,-5.11741855007e-05,5.3414809372e-05,20,20,1.89662480354,0.014352267608,41.5200233459,0,0,0,0,1.47015139427e-14,588198.736828
31.0805555556,-1.02625954241e-05,0.599783360958,2.40005660057,-5.11741855007e-05,5.3414809372e-05,20,20,1.89662480354,0.014352267608,41.5200233459,0,0,0,0,1.12779766276e-14,588198.736828
31.0916666667,-1.02625954241e-05,0.599783360958,2.40005660057,-5.11741855007e-05,4.5786920964e-05,20,20,1.89662480354,0.014352267608,41.5200233459,0,0,0,0,3.84392244051e-14,588198.736828
31.1027777778,-1.02625954241e-05,0.599783360958,2.40005660057,-5.11741855007e-05,5.3414809372e-05,20,20,1.89662480354,0.014352267608,41.5200233459,0,0,0,0,1.85499932972e-14,588198.736828
31.1138888889,-1.02625954241e-05,0.599783360958,2.40005660057,-5.11741855007e-05,5.3414809372e-05,20,20,1.89662480354,0.014352267608,41.5200233459,0,0,0,0,1.15601558131e-14,588198.736828
31.125,-1.02625954241e-05,0.599783360958,2.40005660057,-5.11741855007e-05,4.5786920964e-05,20,20,1.89662480354,0.014352267608,41.5200233459,0,0,0,0,1.30938288081e-14,588198.736828
31.1361111111,-1.02625954241e-05,0.599783360958,2.40005660057,-5.11741855007e-05,5.3414809372e-05,20,20,1.89662480354,0.014352267608,41.5200233459,0,0,0,0,1.08030987023e-13,588198.736828
31.1472222222,-1.02625954241e-05,0.599783360958,2.40005660057,-5.11741855007e-05,5.3414809372e-05,20,20,1.89662480354,0.014352267608,41.5200233459,0,0,0,0,2.02788099428e-13,588198.736828
31.1583333333,-1.02625954241e-05,0.599783360958,2.40005660057,-5.11741855007e-05,5.3414809372e-05,20,20,1.89662480354,0.014352267608,41.5200233459,0,0,0,0,3.41773492153e-13,588198.736828
31.1694444444,-1.02625954241e-05,0.599783360958,2.40005660057,-5.11741855007e-05,5.3414809372e-05,20,20,1.89662480354,0.014352267608,41.5200233459,0,0,0,0,2.75140268884e-13,588198.736828
31.1805555556,-1.02625954241e-05,0.599783360958,2.40005660057,-5.11741855007e-05,4.5786920964e-05,20,20,1.89662480354,0.014352267608,41.5200233459,0,0,0,0,1.47804043934e-13,588198.736828
31.1916666667,-1.02625954241e-05,0.599783360958,2.40005660057,-5.11741855007e-05,5.3414809372e-05,20,20,1.89662480354,0.014352267608,41.5200233459,0,0,0,0,5.86291310495e-14,588198.736828
31.2027777778,-1.02625954241e-05,0.599783360958,2.40005660057,-5.11741855007e-05,5.3414809372e-05,20,20,1.89662480354,0.014352267608,41.5200233459,0,0,0,0,3.28722844759e-14,588198.736828
31.2138888889,-1.02625954241e-05,0.599783360958,2.40005660057,-5.11741855007e-05,5.3414809372e-05,20,20,1.89662480354,0.014352267608,41.5200233459,0,0,0,0,2.06133007883e-13,588198.736828
31.225,-1.02625954241e-05,0.599783360958,2.40005660057,-5.11741855007e-05,5.3414809372e-05,20,20,1.89662480354,0.014352267608,41.5200233459,0,0,0,0,5.25005125062e-14,588198.736828
31.2361111111,-1.02625954241e-05,0.599783360958,2.40005660057,-5.11741855007e-05,4.5786920964e-05,20,20,1.89662480354,0.014352267608,41.5200233459,0,0,0,0,3.42172001499e-14,588198.736828
31.2472222222,-1.02625954241e-05,0.599783360958,2.40005660057,-5.11741855007e-05,5.3414809372e-05,20,20,1.89662480354,0.014352267608,41.5200233459,0,0,0,0,1.10135407837e-13,588198.736828
31.2583333333,-1.02625954241e-05,0.599783360958,2.40005660057,-5.11741855007e-05,5.3414809372e-05,20,20,1.89662480354,0.014352267608,41.5200233459,0,0,0,0,4.77002276198e-14,588198.736828
31.2694444444,-1.02625954241e-05,0.599783360958,2.40005660057,-5.11741855007e-05,4.5786920964e-05,20,20,1.89662480354,0.014352267608,41.5200233459,0,0,0,0,3.83314262428e-14,588198.736828
31.2805555556,-1.02625954241e-05,0.599783360958,2.40005660057,-5.11741855007e-05,5.3414809372e-05,20,20,1.89662480354,0.014352267608,41.5200233459,0,0,0,0,2.52055659711e-14,588198.736828
31.2916666667,-1.02625954241e-05,0.599783360958,2.40005660057,-5.11741855007e-05,5.3414809372e-05,20,20,1.89662480354,0.014352267608,41.5200233459,0,0,0,0,5.33000851272e-14,588198.736828
31.3027777778,-1.02625954241e-05,0.599783360958,2.40005660057,-5.11741855007e-05,5.3414809372e-05,20,20,1.89662480354,0.014352267608,41.5200233459,0,0,0,0,7.09168091334e-14,588198.736828
31.3138888889,-1.02625954241e-05,0.599783360958,2.40005660057,-5.11741855007e-05,5.3414809372e-05,20,20,1.89662480354,0.014352267608,41.5200233459,0,0,0,0,3.57981453551e-14,588198.736828
31.325,-1.02625954241e-05,0.599783360958,2.40005660057,-5.11741855007e-05,4.5786920964e-05,20,20,1.89662480354,0.014352267608,41.5200233459,0,0,0,0,1.53166937978e-14,588198.736828
31.3361111111,-1.02625954241e-05,0.599783360958,2.40005660057,-5.11741855007e-05,5.3414809372e-05,20,20,1.89662480354,0.014352267608,41.5200233459,0,0,0,0,6.1282269202e-15,588198.736828
31.3472222222,-1.02625954241e-05,0.599783360958,2.40005660057,-5.11741855007e-05,5.3414809372e-05,20,20,1.89662480354,0.014352267608,41.5200233459,0,0,0,0,9.49197412479e-15,588198.736828
31.3583333333,-1.02625954241e-05,0.599783360958,2.40005660057,-5.11741855007e-05,5.3414809372e-05,20,20,1.89662480354,0.014352267608,41.5200233459,0,0,0,0,4.53291430277e-14,588198.736828
31.3694444444,-1.02625954241e-05,0.599783360958,2.40005660057,-5.11741855007e-05,5.3414809372e-05,20,20,1.89662480354,0.014352267608,41.5200233459,0,0,0,0,1.412558319e-13,588198.736828
31.3805555556,-1.02625954241e-05,0.599783360958,2.40005660057,-5.11741855007e-05,4.5786920964e-05,20,20,1.89662480354,0.014352267608,41.5200233459,0,0,0,0,9.04803161873e-14,588198.736828
31.3916666667,-1.02625954241e-05,0.599783360958,2.40005660057,-5.11741855007e-05,5.3414809372e-05,20,20,1.89662480354,0.014352267608,41.5200233459,0,0,0,0,8.87403252884e-14,588198.736828
31.4027777778,-1.02625954241e-05,0.599783360958,2.40005660057,-5.11741855007e-05,5.3414809372e-05,20,20,1.89662480354,0.014352267608,41.5200233459,0,0,0,0,9.2381986565e-14,588198.736828
31.4138888889,-1.02625954241e-05,0.599783360958,2.40005660057,-5.11741855007e-05,4.5786920964e-05,20,20,1.89662480354,0.014352267608,41.5200233459,0,0,0,0,1.74559426198e-13,588198.736828
31.425,-1.02625954241e-05,0.599783360958,2.40005660057,-5.11741855007e-05,5.3414809372e-05,20,20,1.89662480354,0.014352267608,41.5200233459,0,0,0,0,1.69123601845e-13,588198.736828
31.4361111111,-1.02625954241e-05,0.599783360958,2.40005660057,-5.11741855007e-05,5.3414809372e-05,20,20,1.89662480354,0.014352267608,41.5200233459,0,0,0,0,1.11174402368e-13,588198.736828
31.4472222222,-1.02625954241e-05,0.599783360958,2.40005660057,-5.11741855007e-05,5.3414809372e-05,20,20,1.89662480354,0.014352267608,41.5200233459,0,0,0,0,6.02378906402e-14,588198.736828
31.4583333333,-1.02625954241e-05,0.599783360958,2.40005660057,-5.11741855007e-05,5.3414809372e-05,20,20,1.89662480354,0.014352267608,41.5200233459,0,0,0,0,2.72673807241e-14,588198.736828
31.4694444444,-1.02625954241e-05,0.599783360958,2.40005660057,-5.11741855007e-05,4.5786920964e-05,20,20,1.89662480354,0.014352267608,41.5200233459,0,0,0,0,6.62097333947e-14,588198.736828
31.4805555556,-1.02625954241e-05,0.599783360958,2.40005660057,-5.11741855007e-05,5.3414809372e-05,20,20,1.89662480354,0.014352267608,41.5200233459,0,0,0,0,1.32375023357e-13,588198.736828
31.4916666667,-1.02625954241e-05,0.599783360958,2.40005660057,-5.11741855007e-05,5.3414809372e-05,20,20,1.89662480354,0.014352267608,41.5200233459,0,0,0,0,1.16296131514e-13,588198.736828
31.5027777778,-1.02625954241e-05,0.599783360958,2.40005660057,-5.11741855007e-05,5.3414809372e-05,20,20,1.89662480354,0.014352267608,41.5200233459,0,0,0,0,1.41056217694e-14,588198.736828
31.5138888889,-1.02625954241e-05,0.599783360958,2.40005660057,-5.11741855007e-05,5.3414809372e-05,20,20,1.89662480354,0.014352267608,41.5200233459,0,0,0,0,1.24603891578e-14,588198.736828
31.525,-1.02625954241e-05,0.599783360958,2.40005660057,-5.11741855007e-05,4.5786920964e-05,20,20,1.89662480354,0.014352267608,41.5200233459,0,0,0,0,4.92821837578e-14,588198.736828
31.5361111111,-1.02625954241e-05,0.599783360958,2.40005660057,-5.11741855007e-05,5.3414809372e-05,20,20,1.89662480354,0.014352267608,41.5200233459,0,0,0,0,2.66795842317e-14,588198.736828
31.5472222222,-1.02625954241e-05,0.599783360958,2.40005660057,-5.11741855007e-05,5.3414809372e-05,20,20,1.89662480354,0.014352267608,41.5200233459,0,0,0,0,3.26321082251e-14,588198.736828
31.5583333333,-1.02625954241e-05,0.599783360958,2.40005660057,-5.11741855007e-05,4.5786920964e-05,20,20,1.89662480354,0.014352267608,41.5200233459,0,0,0,0,2.50628686432e-13,588198.736828
31.5694444444,-1.02625954241e-05,0.599783360958,2.40005660057,-5.11741855007e-05,5.3414809372e-05,20,20,1.89662480354,0.014352267608,41.5200233459,0,0,0,0,5.71082006542e-13,588198.736828
31.5805555556,-1.02625954241e-05,0.599783360958,2.40005660057,-5.11741855007e-05,5.3414809372e-05,20,20,1.89662480354,0.014352267608,41.5200233459,0,0,0,0,2.41685646447e-13,588198.736828
31.5916666667,-1.02625954241e-05,0.599783360958,2.40005660057,-5.11741855007e-05,5.3414809372e-05,20,20,1.89662480354,0.014352267608,41.5200233459,0,0,0,0,3.39444415804e-13,588198.736828
31.6027777778,-1.02625954241e-05,0.599783360958,2.40005660057,-5.11741855007e-05,5.3414809372e-05,20,20,1.89662480354,0.014352267608,41.5200233459,0,0,0,0,1.78516045527e-13,588198.736828
31.6138888889,-1.02625954241e-05,0.599783360958,2.40005660057,-5.11741855007e-05,4.5786920964e-05,20,20,1.89662480354,0.014352267608,41.5200233459,0,0,0,0,2.00219032094e-13,588198.736828
31.625,-1.02625954241e-05,0.599783360958,2.40005660057,-5.11741855007e-05,5.3414809372e-05,20,20,1.89662480354,0.014352267608,41.5200233459,0,0,0,0,4.23028229993e-14,588198.736828
31.6361111111,-1.02625954241e-05,0.599783360958,2.40005660057,-5.11741855007e-05,5.3414809372e-05,20,20,1.89662480354,0.014352267608,41.5200233459,0,0,0,0,5.54917193208e-14,588198.736828
31.6472222222,-1.02625954241e-05,0.599783360958,2.40005660057,-5.11741855007e-05,5.3414809372e-05,20,20,1.89662480354,0.014352267608,41.5200233459,0,0,0,0,2.60898771818e-14,588198.736828
31.6583333333,-1.02625954241e-05,0.599783360958,2.40005660057,-5.11741855007e-05,5.3414809372e-05,20,20,1.89662480354,0.014352267608,41.5200233459,0,0,0,0,4.46839493662e-14,588198.736828
31.6694444444,-1.02625954241e-05,0.599783360958,2.40005660057,-5.11741855007e-05,4.5786920964e-05,20,20,1.89662480354,0.014352267608,41.5200233459,0,0,0,0,9.36399263815e-14,588198.736828
31.6805555556,-1.02625954241e-05,0.599783360958,2.40005660057,-5.11741855007e-05,5.3414809372e-05,20,20,1.89662480354,0.014352267608,41.5200233459,0,0,0,0,1.32406418579e-14,588198.736828
31.6916666667,-1.02625954241e-05,0.599783360958,2.40005660057,-5.11741855007e-05,5.3414809372e-05,20,20,1.89662480354,0.014352267608,41.5200233459,0,0,0,0,2.94194875279e-14,588198.736828
31.7027777778,-1.02625954241e-05,0.599783360958,2.40005660057,-5.11741855007e-05,4.5786920964e-05,20,20,1.89662480354,0.014352267608,41.5200233459,0,0,0,0,5.21225231256e-14,588198.736828
31.7138888889,-1.02625954241e-05,0.599783360958,2.40005660057,-5.11741855007e-05,5.3414809372e-05,20,20,1.89662480354,0.014352267608,41.5200233459,0,0,0,0,2.00503291436e-14,588198.736828
31.725,-1.02625954241e-05,0.599783360958,2.40005660057,-5.11741855007e-05,5.3414809372e-05,20,20,1.89662480354,0.014352267608,41.5200233459,0,0,0,0,5.09245437204e-14,588198.736828
31.7361111111,-1.02625954241e-05,0.599783360958,2.40005660057,-5.11741855007e-05,5.3414809372e-05,20,20,1.89662480354,0.014352267608,41.5200233459,0,0,0,0,1.13356805435e-13,588198.736828
31.7472222222,-1.02625954241e-05,0.599783360958,2.40005660057,-5.11741855007e-05,5.3414809372e-05,20,20,1.89662480354,0.014352267608,41.5200233459,0,0,0,0,2.78557586447e-13,588198.736828
31.7583333333,-1.02625954241e-05,0.599783360958,2.40005660057,-5.11741855007e-05,4.5786920964e-05,20,20,1.89662480354,0.014352267608,41.5200233459,0,0,0,0,1.10617072474e-13,588198.736828
31.7694444444,-1.02625954241e-05,0.599783360958,2.40005660057,-5.11741855007e-05,5.3414809372e-05,20,20,1.89662480354,0.014352267608,41.5200233459,0,0,0,0,2.86290971378e-14,588198.736828
31.7805555556,-1.02625954241e-05,0.599783360958,2.40005660057,-5.11741855007e-05,5.3414809372e-05,20,20,1.89662480354,0.014352267608,41.5200233459,0,0,0,0,2.7665075766e-14,588198.736828
31.7916666667,-1.02625954241e-05,0.599783360958,2.40005660057,-5.11741855007e-05,5.3414809372e-05,20,20,1.89662480354,0.014352267608,41.5200233459,0,0,0,0,1.03221362152e-13,588198.736828
31.8027777778,-1.02625954241e-05,0.599783360958,2.40005660057,-5.11741855007e-05,5.3414809372e-05,20,20,1.89662480354,0.014352267608,41.5200233459,0,0,0,0,3.23629934927e-13,588198.736828
31.8138888889,-1.02625954241e-05,0.599783360958,2.40005660057,-5.11741855007e-05,4.5786920964e-05,20,20,1.89662480354,0.014352267608,41.5200233459,0,0,0,0,1.89443737095e-13,588198.736828
31.825,-1.02625954241e-05,0.599783360958,2.40005660057,-5.11741855007e-05,5.3414809372e-05,20,20,1.89662480354,0.014352267608,41.5200233459,0,0,0,0,4.49194541272e-14,588198.736828
31.8361111111,-1.02625954241e-05,0.599783360958,2.40005660057,-5.11741855007e-05,5.3414809372e-05,20,20,1.89662480354,0.014352267608,41.5200233459,0,0,0,0,8.22122889216e-14,588198.736828
31.8472222222,-1.02625954241e-05,0.599783360958,2.40005660057,-5.11741855007e-05,4.5786920964e-05,20,20,1.89662480354,0.014352267608,41.5200233459,0,0,0,0,8.28250081764e-14,588198.736828
31.8583333333,-1.02625954241e-05,0.599783360958,2.40005660057,-5.11741855007e-05,5.3414809372e-05,20,20,1.89662480354,0.014352267608,41.5200233459,0,0,0,0,7.33511623475e-14,588198.736828
31.8694444444,-1.02625954241e-05,0.599783360958,2.40005660057,-5.11741855007e-05,5.3414809372e-05,20,20,1.89662480354,0.014352267608,41.5200233459,0,0,0,0,2.19256568833e-14,588198.736828
31.8805555556,-1.02625954241e-05,0.599783360958,2.40005660057,-5.11741855007e-05,5.3414809372e-05,20,20,1.89662480354,0.014352267608,41.5200233459,0,0,0,0,1.60041639123e-14,588198.736828
31.8916666667,-1.02625954241e-05,0.599783360958,2.40005660057,-5.11741855007e-05,5.3414809372e-05,20,20,1.89662480354,0.014352267608,41.5200233459,0,0,0,0,3.43128002356e-14,588198.736828
31.9027777778,-1.02625954241e-05,0.599783360958,2.40005660057,-5.11741855007e-05,4.5786920964e-05,20,20,1.89662480354,0.014352267608,41.5200233459,0,0,0,0,3.17473283298e-14,588198.736828
31.9138888889,-1.02625954241e-05,0.599783360958,2.40005660057,-5.11741855007e-05,5.3414809372e-05,20,20,1.89662480354,0.014352267608,41.5200233459,0,0,0,0,1.04757135333e-14,588198.736828
31.925,-1.02625954241e-05,0.599783360958,2.40005660057,-5.11741855007e-05,5.3414809372e-05,20,20,1.89662480354,0.014352267608,41.5200233459,0,0,0,0,2.87754385417e-14,588198.736828
31.9361111111,-1.02625954241e-05,0.599783360958,2.40005660057,-5.11741855007e-05,5.3414809372e-05,20,20,1.89662480354,0.014352267608,41.5200233459,0,0,0,0,1.95367086217e-14,588198.736828
31.9472222222,-1.02625954241e-05,0.599783360958,2.40005660057,-5.11741855007e-05,5.3414809372e-05,20,20,1.89662480354,0.014352267608,41.5200233459,0,0,0,0,7.11371461692e-14,588198.736828
31.9583333333,-1.02625954241e-05,0.599783360958,2.40005660057,-5.11741855007e-05,4.5786920964e-05,20,20,1.89662480354,0.014352267608,41.5200233459,0,0,0,0,1.50248702032e-14,588198.736828
31.9694444444,-1.02625954241e-05,0.599783360958,2.40005660057,-5.11741855007e-05,5.3414809372e-05,20,20,1.89662480354,0.014352267608,41.5200233459,0,0,0,0,1.04199840854e-13,588198.736828
31.9805555556,-1.02625954241e-05,0.599783360958,2.40005660057,-5.11741855007e-05,5.3414809372e-05,20,20,1.89662480354,0.014352267608,41.5200233459,0,0,0,0,4.07813295467e-14,588198.736828
31.9916666667,-1.02625954241e-05,0.599783360958,2.40005660057,-5.11741855007e-05,4.5786920964e-05,20,20,1.89662480354,0.014352267608,41.5200233459,0,0,0,0,1.51090426697e-14,588198.736828
32.0027777778,-1.02625954241e-05,0.599783360958,2.40005660057,-5.11741855007e-05,5.3414809372e-05,20,20,1.89662480354,0.014352267608,41.5200233459,0,0,0,0,4.67964429902e-14,588198.736828
32.0138888889,-1.02625954241e-05,0.599783360958,2.40005660057,-5.11741855007e-05,5.3414809372e-05,20,20,1.89662480354,0.014352267608,41.5200233459,0,0,0,0,3.07929466412e-14,588198.736828
32.025,-1.02625954241e-05,0.599783360958,2.40005660057,-5.11741855007e-05,5.3414809372e-05,20,20,1.89662480354,0.014352267608,41.5200233459,0,0,0,0,1.08597485118e-13,588198.736828
32.0361111111,-1.02625954241e-05,0.599783360958,2.40005660057,-5.11741855007e-05,5.3414809372e-05,20,20,1.89662480354,0.014352267608,41.5200233459,0,0,0,0,2.28920814541e-13,588198.736828
32.0472222222,-1.02625954241e-05,0.599783360958,2.40005660057,-5.11741855007e-05,4.5786920964e-05,20,20,1.89662480354,0.014352267608,41.5200233459,0,0,0,0,1.4598199298e-13,588198.736828
32.0583333333,-1.02625954241e-05,0.599783360958,2.40005660057,-5.11741855007e-05,5.3414809372e-05,20,20,1.89662480354,0.014352267608,41.5200233459,0,0,0,0,2.36070023156e-13,588198.736828
32.0694444444,-1.02625954241e-05,0.599783360958,2.40005660057,-5.11741855007e-05,5.3414809372e-05,20,20,1.89662480354,0.014352267608,41.5200233459,0,0,0,0,2.1042680455e-13,588198.736828
32.0805555556,-1.02625954241e-05,0.599783360958,2.40005660057,-5.11741855007e-05,5.3414809372e-05,20,20,1.89662480354,0.014352267608,41.5200233459,0,0,0,0,1.82889195777e-13,588198.736828
32.0916666667,-1.02625954241e-05,0.599783360958,2.40005660057,-5.11741855007e-05,5.3414809372e-05,20,20,1.89662480354,0.014352267608,41.5200233459,0,0,0,0,1.16196671015e-13,588198.736828
32.1027777778,-1.02625954241e-05,0.599783360958,2.40005660057,-5.11741855007e-05,4.5786920964e-05,20,20,1.89662480354,0.014352267608,41.5200233459,0,0,0,0,1.73662281613e-14,588198.736828
32.1138888889,-1.02625954241e-05,0.599783360958,2.40005660057,-5.11741855007e-05,5.3414809372e-05,20,20,1.89662480354,0.014352267608,41.5200233459,0,0,0,0,3.63596700013e-14,588198.736828
32.125,-1.02625954241e-05,0.599783360958,2.40005660057,-5.11741855007e-05,5.3414809372e-05,20,20,1.89662480354,0.014352267608,41.5200233459,0,0,0,0,1.62648766007e-13,588198.736828
32.1361111111,-1.02625954241e-05,0.599783360958,2.40005660057,-5.11741855007e-05,4.5786920964e-05,20,20,1.89662480354,0.014352267608,41.5200233459,0,0,0,0,1.27057307202e-13,588198.736828
32.1472222222,-1.02625954241e-05,0.599783360958,2.40005660057,-5.11741855007e-05,5.3414809372e-05,20,20,1.89662480354,0.014352267608,41.5200233459,0,0,0,0,3.87615787896e-13,588198.736828
32.1583333333,-1.02625954241e-05,0.599783360958,2.40005660057,-5.11741855007e-05,5.3414809372e-05,20,20,1.89662480354,0.014352267608,41.5200233459,0,0,0,0,1.23643151869e-13,588198.736828
32.1694444444,-1.02625954241e-05,0.599783360958,2.40005660057,-5.11741855007e-05,5.3414809372e-05,20,20,1.89662480354,0.014352267608,41.5200233459,0,0,0,0,2.79072594661e-14,588198.736828
32.1805555556,-1.02625954241e-05,0.599783360958,2.40005660057,-5.11741855007e-05,5.3414809372e-05,20,20,1.89662480354,0.014352267608,41.5200233459,0,0,0,0,3.69773321116e-14,588198.736828
32.1916666667,-1.02625954241e-05,0.599783360958,2.40005660057,-5.11741855007e-05,4.5786920964e-05,20,20,1.89662480354,0.014352267608,41.5200233459,0,0,0,0,3.94252683811e-14,588198.736828
32.2027777778,-1.02625954241e-05,0.599783360958,2.40005660057,-5.11741855007e-05,5.3414809372e-05,20,20,1.89662480354,0.014352267608,41.5200233459,0,0,0,0,1.75762794749e-13,588198.736828
32.2138888889,-1.02625954241e-05,0.599783360958,2.40005660057,-5.11741855007e-05,5.3414809372e-05,20,20,1.89662480354,0.014352267608,41.5200233459,0,0,0,0,1.51996033316e-14,588198.736828
32.225,-1.02625954241e-05,0.599783360958,2.40005660057,-5.11741855007e-05,5.3414809372e-05,20,20,1.89662480354,0.014352267608,41.5200233459,0,0,0,0,1.09983109734e-13,588198.736828
32.2361111111,-1.02625954241e-05,0.599783360958,2.40005660057,-5.11741855007e-05,5.3414809372e-05,20,20,1.89662480354,0.014352267608,41.5200233459,0,0,0,0,4.65821362373e-14,588198.736828
32.2472222222,-1.02625954241e-05,0.599783360958,2.40005660057,-5.11741855007e-05,4.5786920964e-05,20,20,1.89662480354,0.014352267608,41.5200233459,0,0,0,0,4.99433260093e-14,588198.736828
32.2583333333,-1.02625954241e-05,0.599783360958,2.40005660057,-5.11741855007e-05,5.3414809372e-05,20,20,1.89662480354,0.014352267608,41.5200233459,0,0,0,0,1.90523562273e-14,588198.736828
32.2694444444,-1.02625954241e-05,0.599783360958,2.40005660057,-5.11741855007e-05,5.3414809372e-05,20,20,1.89662480354,0.014352267608,41.5200233459,0,0,0,0,1.63367918977e-14,588198.736828
32.2805555556,-1.02625954241e-05,0.599783360958,2.40005660057,-5.11741855007e-05,4.5786920964e-05,20,20,1.89662480354,0.014352267608,41.5200233459,0,0,0,0,2.23950449208e-14,588198.736828
32.2916666667,-1.02625954241e-05,0.599783360958,2.40005660057,-5.11741855007e-05,5.3414809372e-05,20,20,1.89662480354,0.014352267608,41.5200233459,0,0,0,0,9.8452469018e-14,588198.736828
32.3027777778,-1.02625954241e-05,0.599783360958,2.40005660057,-5.11741855007e-05,5.3414809372e-05,20,20,1.89662480354,0.014352267608,41.5200233459,0,0,0,0,1.76310769719e-14,588198.736828
32.3138888889,-1.02625954241e-05,0.599783360958,2.40005660057,-5.11741855007e-05,5.3414809372e-05,20,20,1.89662480354,0.014352267608,41.5200233459,0,0,0,0,1.09175604117e-14,588198.736828
32.325,-1.02625954241e-05,0.599783360958,2.40005660057,-5.11741855007e-05,5.3414809372e-05,20,20,1.89662480354,0.014352267608,41.5200233459,0,0,0,0,1.76823930839e-14,588198.736828
32.3361111111,-1.02625954241e-05,0.599783360958,2.40005660057,-5.11741855007e-05,4.5786920964e-05,20,20,1.89662480354,0.014352267608,41.5200233459,0,0,0,0,1.03397921464e-13,588198.736828
32.3472222222,-1.02625954241e-05,0.599783360958,2.40005660057,-5.11741855007e-05,5.3414809372e-05,20,20,1.89662480354,0.014352267608,41.5200233459,0,0,0,0,1.06822556276e-13,588198.736828
32.3583333333,-1.02625954241e-05,0.599783360958,2.40005660057,-5.11741855007e-05,5.3414809372e-05,20,20,1.89662480354,0.014352267608,41.5200233459,0,0,0,0,2.20253092468e-14,588198.736828
32.3694444444,-1.02625954241e-05,0.599783360958,2.40005660057,-5.11741855007e-05,5.3414809372e-05,20,20,1.89662480354,0.014352267608,41.5200233459,0,0,0,0,4.07463989365e-14,588198.736828
32.3805555556,-1.02625954241e-05,0.599783360958,2.40005660057,-5.11741855007e-05,5.3414809372e-05,20,20,1.89662480354,0.014352267608,41.5200233459,0,0,0,0,6.77055301498e-14,588198.736828
32.3916666667,-1.02625954241e-05,0.599783360958,2.40005660057,-5.11741855007e-05,4.5786920964e-05,20,20,1.89662480354,0.014352267608,41.5200233459,0,0,0,0,4.30818666552e-14,588198.736828
32.4027777778,-1.02625954241e-05,0.599783360958,2.40005660057,-5.11741855007e-05,5.3414809372e-05,20,20,1.89662480354,0.014352267608,41.5200233459,0,0,0,0,1.22742055601e-14,588198.736828
32.4138888889,-1.02625954241e-05,0.599783360958,2.40005660057,-5.11741855007e-05,5.3414809372e-05,20,20,1.89662480354,0.014352267608,41.5200233459,0,0,0,0,9.60171856572e-15,588198.736828
32.425,-1.02625954241e-05,0.599783360958,2.40005660057,-5.11741855007e-05,4.5786920964e-05,20,20,1.89662480354,0.014352267608,41.5200233459,0,0,0,0,2.41049134867e-14,588198.736828
32.4361111111,-1.02625954241e-05,0.599783360958,2.40005660057,-5.11741855007e-05,5.3414809372e-05,20,20,1.89662480354,0.014352267608,41.5200233459,0,0,0,0,1.2838235858e-14,588198.736828
32.4472222222,-1.02625954241e-05,0.599783360958,2.40005660057,-5.11741855007e-05,5.3414809372e-05,20,20,1.89662480354,0.014352267608,41.5200233459,0,0,0,0,1.3747206559e-14,588198.736828
32.4583333333,-1.02625954241e-05,0.599783360958,2.40005660057,-5.11741855007e-05,5.3414809372e-05,20,20,1.89662480354,0.014352267608,41.5200233459,0,0,0,0,4.05973204244e-14,588198.736828
32.4694444444,-1.02625954241e-05,0.599783360958,2.40005660057,-5.11741855007e-05,5.3414809372e-05,20,20,1.89662480354,0.014352267608,41.5200233459,0,0,0,0,1.05357291488e-13,588198.736828
32.4805555556,-1.02625954241e-05,0.599783360958,2.40005660057,-5.11741855007e-05,4.5786920964e-05,20,20,1.89662480354,0.014352267608,41.5200233459,0,0,0,0,2.2612820743e-13,588198.736828
32.4916666667,-1.02625954241e-05,0.599783360958,2.40005660057,-5.11741855007e-05,5.3414809372e-05,20,20,1.89662480354,0.014352267608,41.5200233459,0,0,0,0,1.3830514503e-13,588198.736828
32.5027777778,-1.02625954241e-05,0.599783360958,2.40005660057,-5.11741855007e-05,5.3414809372e-05,20,20,1.89662480354,0.014352267608,41.5200233459,0,0,0,0,7.11262836804e-14,588198.736828
32.5138888889,-1.02625954241e-05,0.599783360958,2.40005660057,-5.11741855007e-05,5.3414809372e-05,20,20,1.89662480354,0.014352267608,41.5200233459,0,0,0,0,1.86621660145e-14,588198.736828
32.525,-1.02625954241e-05,0.599783360958,2.40005660057,-5.11741855007e-05,5.3414809372e-05,20,20,1.89662480354,0.014352267608,41.5200233459,0,0,0,0,2.36546831161e-14,588198.736828
32.5361111111,-1.02625954241e-05,0.599783360958,2.40005660057,-5.11741855007e-05,4.5786920964e-05,20,20,1.89662480354,0.014352267608,41.5200233459,0,0,0,0,1.71028397087e-14,588198.736828
32.5472222222,-1.02625954241e-05,0.599783360958,2.40005660057,-5.11741855007e-05,5.3414809372e-05,20,20,1.89662480354,0.014352267608,41.5200233459,0,0,0,0,1.32266586955e-14,588198.736828
32.5583333333,-1.02625954241e-05,0.599783360958,2.40005660057,-5.11741855007e-05,5.3414809372e-05,20,20,1.89662480354,0.014352267608,41.5200233459,0,0,0,0,3.95937449761e-14,588198.736828
32.5694444444,-1.02625954241e-05,0.599783360958,2.40005660057,-5.11741855007e-05,4.5786920964e-05,20,20,1.89662480354,0.014352267608,41.5200233459,0,0,0,0,6.79719152649e-14,588198.736828
32.5805555556,-1.02625954241e-05,0.599783360958,2.40005660057,-5.11741855007e-05,5.3414809372e-05,20,20,1.89662480354,0.014352267608,41.5200233459,0,0,0,0,4.92018586137e-14,588198.736828
32.5916666667,-1.02625954241e-05,0.599783360958,2.40005660057,-5.11741855007e-05,5.3414809372e-05,20,20,1.89662480354,0.014352267608,41.5200233459,0,0,0,0,3.00825301355e-14,588198.736828
32.6027777778,-1.02625954241e-05,0.599783360958,2.40005660057,-5.11741855007e-05,5.3414809372e-05,20,20,1.89662480354,0.014352267608,41.5200233459,0,0,0,0,4.69613930202e-15,588198.736828
32.6138888889,-1.02625954241e-05,0.599783360958,2.40005660057,-5.11741855007e-05,5.3414809372e-05,20,20,1.89662480354,0.014352267608,41.5200233459,0,0,0,0,2.7864512266e-14,588198.736828
32.625,-1.02625954241e-05,0.599783360958,2.40005660057,-5.11741855007e-05,4.5786920964e-05,20,20,1.89662480354,0.014352267608,41.5200233459,0,0,0,0,2.52310911274e-14,588198.736828
32.6361111111,-1.02625954241e-05,0.599783360958,2.40005660057,-5.11741855007e-05,5.3414809372e-05,20,20,1.89662480354,0.014352267608,41.5200233459,0,0,0,0,8.07667459565e-14,588198.736828
32.6472222222,-1.02625954241e-05,0.599783360958,2.40005660057,-5.11741855007e-05,5.3414809372e-05,20,20,1.89662480354,0.014352267608,41.5200233459,0,0,0,0,7.18573673998e-14,588198.736828
32.6583333333,-1.02625954241e-05,0.599783360958,2.40005660057,-5.11741855007e-05,5.3414809372e-05,20,20,1.89662480354,0.014352267608,41.5200233459,0,0,0,0,1.24762432775e-13,588198.736828
32.6694444444,-1.02625954241e-05,0.599783360958,2.40005660057,-5.11741855007e-05,5.3414809372e-05,20,20,1.89662480354,0.014352267608,41.5200233459,0,0,0,0,2.07595547016e-13,588198.736828
32.6805555556,-1.02625954241e-05,0.599783360958,2.40005660057,-5.11741855007e-05,4.5786920964e-05,20,20,1.89662480354,0.014352267608,41.5200233459,0,0,0,0,3.8474988608e-13,588198.736828
32.6916666667,-1.02625954241e-05,0.599783360958,2.40005660057,-5.11741855007e-05,5.3414809372e-05,20,20,1.89662480354,0.014352267608,41.5200233459,0,0,0,0,5.26846781343e-13,588198.736828
32.7027777778,-1.02625954241e-05,0.599783360958,2.40005660057,-5.11741855007e-05,5.3414809372e-05,20,20,1.89662480354,0.014352267608,41.5200233459,0,0,0,0,7.63310387596e-13,588198.736828
32.7138888889,-1.02625954241e-05,0.599783360958,2.40005660057,-5.11741855007e-05,4.5786920964e-05,20,20,1.89662480354,0.014352267608,41.5200233459,0,0,0,0,5.51280655402e-13,588198.736828
32.725,-1.02625954241e-05,0.599783360958,2.40005660057,-5.11741855007e-05,5.3414809372e-05,20,20,1.89662480354,0.014352267608,41.5200233459,0,0,0,0,1.3415444069e-13,588198.736828
32.7361111111,-1.02625954241e-05,0.599783360958,2.40005660057,-5.11741855007e-05,5.3414809372e-05,20,20,1.89662480354,0.014352267608,41.5200233459,0,0,0,0,1.00780330188e-13,588198.736828
32.7472222222,-1.02625954241e-05,0.599783360958,2.40005660057,-5.11741855007e-05,5.3414809372e-05,20,20,1.89662480354,0.014352267608,41.5200233459,0,0,0,0,6.19333245729e-14,588198.736828
32.7583333333,-1.02625954241e-05,0.599783360958,2.40005660057,-5.11741855007e-05,5.3414809372e-05,20,20,1.89662480354,0.014352267608,41.5200233459,0,0,0,0,1.37902508007e-14,588198.736828
32.7694444444,-1.02625954241e-05,0.599783360958,2.40005660057,-5.11741855007e-05,4.5786920964e-05,20,20,1.89662480354,0.014352267608,41.5200233459,0,0,0,0,3.47140477145e-14,588198.736828
32.7805555556,-1.02625954241e-05,0.599783360958,2.40005660057,-5.11741855007e-05,5.3414809372e-05,20,20,1.89662480354,0.014352267608,41.5200233459,0,0,0,0,9.10545212852e-14,588198.736828
32.7916666667,-1.02625954241e-05,0.599783360958,2.40005660057,-5.11741855007e-05,5.3414809372e-05,20,20,1.89662480354,0.014352267608,41.5200233459,0,0,0,0,3.16706444075e-13,588198.736828
32.8027777778,-1.02625954241e-05,0.599783360958,2.40005660057,-5.11741855007e-05,5.3414809372e-05,20,20,1.89662480354,0.014352267608,41.5200233459,0,0,0,0,1.65723661098e-13,588198.736828
32.8138888889,-1.02625954241e-05,0.599783360958,2.40005660057,-5.11741855007e-05,5.3414809372e-05,20,20,1.89662480354,0.014352267608,41.5200233459,0,0,0,0,1.46905147477e-13,588198.736828
32.825,-1.02625954241e-05,0.599783360958,2.40005660057,-5.11741855007e-05,4.5786920964e-05,20,20,1.89662480354,0.014352267608,41.5200233459,0,0,0,0,1.80095178207e-13,588198.736828
32.8361111111,-1.02625954241e-05,0.599783360958,2.40005660057,-5.11741855007e-05,5.3414809372e-05,20,20,1.89662480354,0.014352267608,41.5200233459,0,0,0,0,4.35308970791e-14,588198.736828
32.8472222222,-1.02625954241e-05,0.599783360958,2.40005660057,-5.11741855007e-05,5.3414809372e-05,20,20,1.89662480354,0.014352267608,41.5200233459,0,0,0,0,2.74228734012e-14,588198.736828
32.8583333333,-1.02625954241e-05,0.599783360958,2.40005660057,-5.11741855007e-05,4.5786920964e-05,20,20,1.89662480354,0.014352267608,41.5200233459,0,0,0,0,9.93859560214e-14,588198.736828
32.8694444444,-1.02625954241e-05,0.599783360958,2.40005660057,-5.11741855007e-05,5.3414809372e-05,20,20,1.89662480354,0.014352267608,41.5200233459,0,0,0,0,1.65854844192e-13,588198.736828
32.8805555556,-1.02625954241e-05,0.599783360958,2.40005660057,-5.11741855007e-05,5.3414809372e-05,20,20,1.89662480354,0.014352267608,41.5200233459,0,0,0,0,1.36641231507e-13,588198.736828
32.8916666667,-1.02625954241e-05,0.599783360958,2.40005660057,-5.11741855007e-05,5.3414809372e-05,20,20,1.89662480354,0.014352267608,41.5200233459,0,0,0,0,5.88071825667e-14,588198.736828
32.9027777778,-1.02625954241e-05,0.599783360958,2.40005660057,-5.11741855007e-05,5.3414809372e-05,20,20,1.89662480354,0.014352267608,41.5200233459,0,0,0,0,2.39193806738e-14,588198.736828
32.9138888889,-1.02625954241e-05,0.599783360958,2.40005660057,-5.11741855007e-05,4.5786920964e-05,20,20,1.89662480354,0.014352267608,41.5200233459,0,0,0,0,1.55769645542e-14,588198.736828
32.925,-1.02625954241e-05,0.599783360958,2.40005660057,-5.11741855007e-05,5.3414809372e-05,20,20,1.89662480354,0.014352267608,41.5200233459,0,0,0,0,1.19626701925e-14,588198.736828
32.9361111111,-1.02625954241e-05,0.599783360958,2.40005660057,-5.11741855007e-05,5.3414809372e-05,20,20,1.89662480354,0.014352267608,41.5200233459,0,0,0,0,5.39508896702e-14,588198.736828
32.9472222222,-1.02625954241e-05,0.599783360958,2.40005660057,-5.11741855007e-05,5.3414809372e-05,20,20,1.89662480354,0.014352267608,41.5200233459,0,0,0,0,4.84702867094e-14,588198.736828
32.9583333333,-1.02625954241e-05,0.599783360958,2.40005660057,-5.11741855007e-05,5.3414809372e-05,20,20,1.89662480354,0.014352267608,41.5200233459,0,0,0,0,4.22029827753e-14,588198.736828
32.9694444444,-1.02625954241e-05,0.599783360958,2.40005660057,-5.11741855007e-05,4.5786920964e-05,20,20,1.89662480354,0.014352267608,41.5200233459,0,0,0,0,8.15646855337e-15,588198.736828
32.9805555556,-1.02625954241e-05,0.599783360958,2.40005660057,-5.11741855007e-05,5.3414809372e-05,20,20,1.89662480354,0.014352267608,41.5200233459,0,0,0,0,1.24629364189e-13,588198.736828
32.9916666667,-1.02625954241e-05,0.599783360958,2.40005660057,-5.11741855007e-05,5.3414809372e-05,20,20,1.89662480354,0.014352267608,41.5200233459,0,0,0,0,4.50628057169e-14,588198.736828
33.0027777778,-1.02625954241e-05,0.599783360958,2.40005660057,-5.11741855007e-05,4.5786920964e-05,20,20,1.89662480354,0.014352267608,41.5200233459,0,0,0,0,2.45687835463e-14,588198.736828
33.0138888889,-1.02625954241e-05,0.599783360958,2.40005660057,-5.11741855007e-05,5.3414809372e-05,20,20,1.89662480354,0.014352267608,41.5200233459,0,0,0,0,6.12651488131e-14,588198.736828
33.025,-1.02625954241e-05,0.599783360958,2.40005660057,-5.11741855007e-05,5.3414809372e-05,20,20,1.89662480354,0.014352267608,41.5200233459,0,0,0,0,2.51338293833e-14,588198.736828
33.0361111111,-1.02625954241e-05,0.599783360958,2.40005660057,-5.11741855007e-05,5.3414809372e-05,20,20,1.89662480354,0.014352267608,41.5200233459,0,0,0,0,2.99876202794e-14,588198.736828
33.0472222222,-1.02625954241e-05,0.599783360958,2.40005660057,-5.11741855007e-05,5.3414809372e-05,20,20,1.89662480354,0.014352267608,41.5200233459,0,0,0,0,1.24831473704e-13,588198.736828
33.0583333333,-1.02625954241e-05,0.599783360958,2.40005660057,-5.11741855007e-05,4.5786920964e-05,20,20,1.89662480354,0.014352267608,41.5200233459,0,0,0,0,1.69035418064e-14,588198.736828
33.0694444444,-1.02625954241e-05,0.599783360958,2.40005660057,-5.11741855007e-05,5.3414809372e-05,20,20,1.89662480354,0.014352267608,41.5200233459,0,0,0,0,3.23049061976e-14,588198.736828
33.0805555556,-1.02625954241e-05,0.599783360958,2.40005660057,-5.11741855007e-05,5.3414809372e-05,20,20,1.89662480354,0.014352267608,41.5200233459,0,0,0,0,6.48539411689e-14,588198.736828
33.0916666667,-1.02625954241e-05,0.599783360958,2.40005660057,-5.11741855007e-05,5.3414809372e-05,20,20,1.89662480354,0.014352267608,41.5200233459,0,0,0,0,1.1219270378e-14,588198.736828
33.1027777778,-1.02625954241e-05,0.599783360958,2.40005660057,-5.11741855007e-05,5.3414809372e-05,20,20,1.89662480354,0.014352267608,41.5200233459,0,0,0,0,3.21080606403e-14,588198.736828
33.1138888889,-1.02625954241e-05,0.599783360958,2.40005660057,-5.11741855007e-05,4.5786920964e-05,20,20,1.89662480354,0.014352267608,41.5200233459,0,0,0,0,9.76804753359e-14,588198.736828
33.125,-1.02625954241e-05,0.599783360958,2.40005660057,-5.11741855007e-05,5.3414809372e-05,20,20,1.89662480354,0.014352267608,41.5200233459,0,0,0,0,1.45266971849e-13,588198.736828
33.1361111111,-1.02625954241e-05,0.599783360958,2.40005660057,-5.11741855007e-05,5.3414809372e-05,20,20,1.89662480354,0.014352267608,41.5200233459,0,0,0,0,2.38083165296e-13,588198.736828
33.1472222222,-1.02625954241e-05,0.599783360958,2.40005660057,-5.11741855007e-05,4.5786920964e-05,20,20,1.89662480354,0.014352267608,41.5200233459,0,0,0,0,3.83896761486e-14,588198.736828
33.1583333333,-1.02625954241e-05,0.599783360958,2.40005660057,-5.11741855007e-05,5.3414809372e-05,20,20,1.89662480354,0.014352267608,41.5200233459,0,0,0,0,6.00045159662e-14,588198.736828
33.1694444444,-1.02625954241e-05,0.599783360958,2.40005660057,-5.11741855007e-05,5.3414809372e-05,20,20,1.89662480354,0.014352267608,41.5200233459,0,0,0,0,1.0597155612e-14,588198.736828
33.1805555556,-1.02625954241e-05,0.599783360958,2.40005660057,-5.11741855007e-05,5.3414809372e-05,20,20,1.89662480354,0.014352267608,41.5200233459,0,0,0,0,8.53516263784e-14,588198.736828
33.1916666667,-1.02625954241e-05,0.599783360958,2.40005660057,-5.11741855007e-05,5.3414809372e-05,20,20,1.89662480354,0.014352267608,41.5200233459,0,0,0,0,9.89859173423e-14,588198.736828
33.2027777778,-1.02625954241e-05,0.599783360958,2.40005660057,-5.11741855007e-05,4.5786920964e-05,20,20,1.89662480354,0.014352267608,41.5200233459,0,0,0,0,1.58002970567e-14,588198.736828
33.2138888889,-1.02625954241e-05,0.599783360958,2.40005660057,-5.11741855007e-05,5.3414809372e-05,20,20,1.89662480354,0.014352267608,41.5200233459,0,0,0,0,1.23304760176e-14,588198.736828
33.225,-1.02625954241e-05,0.599783360958,2.40005660057,-5.11741855007e-05,5.3414809372e-05,20,20,1.89662480354,0.014352267608,41.5200233459,0,0,0,0,4.63733113528e-14,588198.736828
33.2361111111,-1.02625954241e-05,0.599783360958,2.40005660057,-5.11741855007e-05,5.3414809372e-05,20,20,1.89662480354,0.014352267608,41.5200233459,0,0,0,0,4.64683036901e-14,588198.736828
33.2472222222,-1.02625954241e-05,0.599783360958,2.40005660057,-5.11741855007e-05,5.3414809372e-05,20,20,1.89662480354,0.014352267608,41.5200233459,0,0,0,0,9.37383206826e-14,588198.736828
33.2583333333,-1.02625954241e-05,0.599783360958,2.40005660057,-5.11741855007e-05,4.5786920964e-05,20,20,1.89662480354,0.014352267608,41.5200233459,0,0,0,0,2.25008838593e-14,588198.736828
33.2694444444,-1.02625954241e-05,0.599783360958,2.40005660057,-5.11741855007e-05,5.3414809372e-05,20,20,1.89662480354,0.014352267608,41.5200233459,0,0,0,0,3.24188895086e-14,588198.736828
33.2805555556,-1.02625954241e-05,0.599783360958,2.40005660057,-5.11741855007e-05,5.3414809372e-05,20,20,1.89662480354,0.014352267608,41.5200233459,0,0,0,0,1.08460614538e-13,588198.736828
33.2916666667,-1.02625954241e-05,0.599783360958,2.40005660057,-5.11741855007e-05,4.5786920964e-05,20,20,1.89662480354,0.014352267608,41.5200233459,0,0,0,0,5.05518746544e-14,588198.736828
33.3027777778,-1.02625954241e-05,0.599783360958,2.40005660057,-5.11741855007e-05,5.3414809372e-05,20,20,1.89662480354,0.014352267608,41.5200233459,0,0,0,0,3.68263653684e-14,588198.736828
33.3138888889,-1.02625954241e-05,0.599783360958,2.40005660057,-5.11741855007e-05,5.3414809372e-05,20,20,1.89662480354,0.014352267608,41.5200233459,0,0,0,0,1.41619971168e-13,588198.736828
33.325,-1.02625954241e-05,0.599783360958,2.40005660057,-5.11741855007e-05,5.3414809372e-05,20,20,1.89662480354,0.014352267608,41.5200233459,0,0,0,0,1.31566588867e-13,588198.736828
33.3361111111,-1.02625954241e-05,0.599783360958,2.40005660057,-5.11741855007e-05,5.3414809372e-05,20,20,1.89662480354,0.014352267608,41.5200233459,0,0,0,0,2.19857692711e-13,588198.736828
33.3472222222,-1.02625954241e-05,0.599783360958,2.40005660057,-5.11741855007e-05,4.5786920964e-05,20,20,1.89662480354,0.014352267608,41.5200233459,0,0,0,0,4.05120267911e-14,588198.736828
33.3583333333,-1.02625954241e-05,0.599783360958,2.40005660057,-5.11741855007e-05,5.3414809372e-05,20,20,1.89662480354,0.014352267608,41.5200233459,0,0,0,0,1.33846523568e-14,588198.736828
33.3694444444,-1.02625954241e-05,0.599783360958,2.40005660057,-5.11741855007e-05,5.3414809372e-05,20,20,1.89662480354,0.014352267608,41.5200233459,0,0,0,0,3.08941738482e-14,588198.736828
33.3805555556,-1.02625954241e-05,0.599783360958,2.40005660057,-5.11741855007e-05,5.3414809372e-05,20,20,1.89662480354,0.014352267608,41.5200233459,0,0,0,0,9.36427442836e-14,588198.736828
33.3916666667,-1.02625954241e-05,0.599783360958,2.40005660057,-5.11741855007e-05,5.3414809372e-05,20,20,1.89662480354,0.014352267608,41.5200233459,0,0,0,0,1.23395015986e-13,588198.736828
33.4027777778,-1.02625954241e-05,0.599783360958,2.40005660057,-5.11741855007e-05,4.5786920964e-05,20,20,1.89662480354,0.014352267608,41.5200233459,0,0,0,0,1.24584462374e-13,588198.736828
33.4138888889,-1.02625954241e-05,0.599783360958,2.40005660057,-5.11741855007e-05,5.3414809372e-05,20,20,1.89662480354,0.014352267608,41.5200233459,0,0,0,0,4.15505385867e-14,588198.736828
33.425,-1.02625954241e-05,0.599783360958,2.40005660057,-5.11741855007e-05,5.3414809372e-05,20,20,1.89662480354,0.014352267608,41.5200233459,0,0,0,0,1.22881161343e-13,588198.736828
33.4361111111,-1.02625954241e-05,0.599783360958,2.40005660057,-5.11741855007e-05,4.5786920964e-05,20,20,1.89662480354,0.014352267608,41.5200233459,0,0,0,0,4.09431917414e-14,588198.736828
33.4472222222,-1.02625954241e-05,0.599783360958,2.40005660057,-5.11741855007e-05,5.3414809372e-05,20,20,1.89662480354,0.014352267608,41.5200233459,0,0,0,0,1.33665798981e-14,588198.736828
33.4583333333,-1.02625954241e-05,0.599783360958,2.40005660057,-5.11741855007e-05,5.3414809372e-05,20,20,1.89662480354,0.014352267608,41.5200233459,0,0,0,0,1.48369766794e-13,588198.736828
33.4694444444,-1.02625954241e-05,0.599783360958,2.40005660057,-5.11741855007e-05,5.3414809372e-05,20,20,1.89662480354,0.014352267608,41.5200233459,0,0,0,0,1.7540316805e-14,588198.736828
33.4805555556,-1.02625954241e-05,0.599783360958,2.40005660057,-5.11741855007e-05,5.3414809372e-05,20,20,1.89662480354,0.014352267608,41.5200233459,0,0,0,0,2.30635350015e-14,588198.736828
33.4916666667,-1.02625954241e-05,0.599783360958,2.40005660057,-5.11741855007e-05,4.5786920964e-05,20,20,1.89662480354,0.014352267608,41.5200233459,0,0,0,0,2.67809684407e-14,588198.736828
33.5027777778,-1.02625954241e-05,0.599783360958,2.40005660057,-5.11741855007e-05,5.3414809372e-05,20,20,1.89662480354,0.014352267608,41.5200233459,0,0,0,0,5.1062159009e-15,588198.736828
33.5138888889,-1.02625954241e-05,0.599783360958,2.40005660057,-5.11741855007e-05,5.3414809372e-05,20,20,1.89662480354,0.014352267608,41.5200233459,0,0,0,0,3.36668749652e-14,588198.736828
33.525,-1.02625954241e-05,0.599783360958,2.40005660057,-5.11741855007e-05,5.3414809372e-05,20,20,1.89662480354,0.014352267608,41.5200233459,0,0,0,0,1.10421855702e-13,588198.736828
33.5361111111,-1.02625954241e-05,0.599783360958,2.40005660057,-5.11741855007e-05,5.3414809372e-05,20,20,1.89662480354,0.014352267608,41.5200233459,0,0,0,0,1.75961115687e-13,588198.736828
33.5472222222,-1.02625954241e-05,0.599783360958,2.40005660057,-5.11741855007e-05,4.5786920964e-05,20,20,1.89662480354,0.014352267608,41.5200233459,0,0,0,0,1.67411518108e-13,588198.736828
33.5583333333,-1.02625954241e-05,0.599783360958,2.40005660057,-5.11741855007e-05,5.3414809372e-05,20,20,1.89662480354,0.014352267608,41.5200233459,0,0,0,0,8.39375155429e-14,588198.736828
33.5694444444,-1.02625954241e-05,0.599783360958,2.40005660057,-5.11741855007e-05,5.3414809372e-05,20,20,1.89662480354,0.014352267608,41.5200233459,0,0,0,0,8.66648159497e-14,588198.736828
33.5805555556,-1.02625954241e-05,0.599783360958,2.40005660057,-5.11741855007e-05,4.5786920964e-05,20,20,1.89662480354,0.014352267608,41.5200233459,0,0,0,0,2.41678561114e-13,588198.736828
33.5916666667,-1.02625954241e-05,0.599783360958,2.40005660057,-5.11741855007e-05,5.3414809372e-05,20,20,1.89662480354,0.014352267608,41.5200233459,0,0,0,0,1.41835656288e-13,588198.736828
33.6027777778,-1.02625954241e-05,0.599783360958,2.40005660057,-5.11741855007e-05,5.3414809372e-05,20,20,1.89662480354,0.014352267608,41.5200233459,0,0,0,0,7.40663069536e-14,588198.736828
33.6138888889,-1.02625954241e-05,0.599783360958,2.40005660057,-5.11741855007e-05,5.3414809372e-05,20,20,1.89662480354,0.014352267608,41.5200233459,0,0,0,0,2.19193940915e-14,588198.736828
33.625,-1.02625954241e-05,0.599783360958,2.40005660057,-5.11741855007e-05,5.3414809372e-05,20,20,1.89662480354,0.014352267608,41.5200233459,0,0,0,0,7.80893716358e-14,588198.736828
33.6361111111,-1.02625954241e-05,0.599783360958,2.40005660057,-5.11741855007e-05,4.5786920964e-05,20,20,1.89662480354,0.014352267608,41.5200233459,0,0,0,0,1.39594859915e-14,588198.736828
33.6472222222,-1.02625954241e-05,0.599783360958,2.40005660057,-5.11741855007e-05,5.3414809372e-05,20,20,1.89662480354,0.014352267608,41.5200233459,0,0,0,0,2.53779566917e-14,588198.736828
33.6583333333,-1.02625954241e-05,0.599783360958,2.40005660057,-5.11741855007e-05,5.3414809372e-05,20,20,1.89662480354,0.014352267608,41.5200233459,0,0,0,0,5.64124959961e-15,588198.736828
33.6694444444,-1.02625954241e-05,0.599783360958,2.40005660057,-5.11741855007e-05,5.3414809372e-05,20,20,1.89662480354,0.014352267608,41.5200233459,0,0,0,0,8.94003227764e-15,588198.736828
33.6805555556,-1.02625954241e-05,0.599783360958,2.40005660057,-5.11741855007e-05,5.3414809372e-05,20,20,1.89662480354,0.014352267608,41.5200233459,0,0,0,0,1.63906923049e-14,588198.736828
33.6916666667,-1.02625954241e-05,0.599783360958,2.40005660057,-5.11741855007e-05,4.5786920964e-05,20,20,1.89662480354,0.014352267608,41.5200233459,0,0,0,0,2.52339090022e-14,588198.736828
33.7027777778,-1.02625954241e-05,0.599783360958,2.40005660057,-5.11741855007e-05,5.3414809372e-05,20,20,1.89662480354,0.014352267608,41.5200233459,0,0,0,0,2.24906639049e-14,588198.736828
33.7138888889,-1.02625954241e-05,0.599783360958,2.40005660057,-5.11741855007e-05,5.3414809372e-05,20,20,1.89662480354,0.014352267608,41.5200233459,0,0,0,0,5.62639217862e-14,588198.736828
33.725,-1.02625954241e-05,0.599783360958,2.40005660057,-5.11741855007e-05,4.5786920964e-05,20,20,1.89662480354,0.014352267608,41.5200233459,0,0,0,0,1.48414473592e-14,588198.736828
33.7361111111,-1.02625954241e-05,0.599783360958,2.40005660057,-5.11741855007e-05,5.3414809372e-05,20,20,1.89662480354,0.014352267608,41.5200233459,0,0,0,0,2.36819469256e-14,588198.736828
33.7472222222,-1.02625954241e-05,0.599783360958,2.40005660057,-5.11741855007e-05,5.3414809372e-05,20,20,1.89662480354,0.014352267608,41.5200233459,0,0,0,0,2.20740455164e-14,588198.736828
33.7583333333,-1.02625954241e-05,0.599783360958,2.40005660057,-5.11741855007e-05,5.3414809372e-05,20,20,1.89662480354,0.014352267608,41.5200233459,0,0,0,0,1.42109304651e-14,588198.736828
33.7694444444,-1.02625954241e-05,0.599783360958,2.40005660057,-5.11741855007e-05,5.3414809372e-05,20,20,1.89662480354,0.014352267608,41.5200233459,0,0,0,0,6.77774426059e-14,588198.736828
33.7805555556,-1.02625954241e-05,0.599783360958,2.40005660057,-5.11741855007e-05,4.5786920964e-05,20,20,1.89662480354,0.014352267608,41.5200233459,0,0,0,0,1.46329456912e-13,588198.736828
33.7916666667,-1.02625954241e-05,0.599783360958,2.40005660057,-5.11741855007e-05,5.3414809372e-05,20,20,1.89662480354,0.014352267608,41.5200233459,0,0,0,0,1.12924155655e-13,588198.736828
33.8027777778,-1.02625954241e-05,0.599783360958,2.40005660057,-5.11741855007e-05,5.3414809372e-05,20,20,1.89662480354,0.014352267608,41.5200233459,0,0,0,0,6.15213028548e-14,588198.736828
33.8138888889,-1.02625954241e-05,0.599783360958,2.40005660057,-5.11741855007e-05,5.3414809372e-05,20,20,1.89662480354,0.014352267608,41.5200233459,0,0,0,0,3.87720298853e-14,588198.736828
33.825,-1.02625954241e-05,0.599783360958,2.40005660057,-5.11741855007e-05,5.3414809372e-05,20,20,1.89662480354,0.014352267608,41.5200233459,0,0,0,0,9.92239814899e-15,588198.736828
33.8361111111,-1.02625954241e-05,0.599783360958,2.40005660057,-5.11741855007e-05,4.5786920964e-05,20,20,1.89662480354,0.014352267608,41.5200233459,0,0,0,0,1.13981362063e-14,588198.736828
33.8472222222,-1.02625954241e-05,0.599783360958,2.40005660057,-5.11741855007e-05,5.3414809372e-05,20,20,1.89662480354,0.014352267608,41.5200233459,0,0,0,0,4.46940516312e-14,588198.736828
33.8583333333,-1.02625954241e-05,0.599783360958,2.40005660057,-5.11741855007e-05,5.3414809372e-05,20,20,1.89662480354,0.014352267608,41.5200233459,0,0,0,0,3.90197167124e-14,588198.736828
33.8694444444,-1.02625954241e-05,0.599783360958,2.40005660057,-5.11741855007e-05,4.5786920964e-05,20,20,1.89662480354,0.014352267608,41.5200233459,0,0,0,0,1.06793590607e-14,588198.736828
33.8805555556,-1.02625954241e-05,0.599783360958,2.40005660057,-5.11741855007e-05,5.3414809372e-05,20,20,1.89662480354,0.014352267608,41.5200233459,0,0,0,0,6.47291190495e-14,588198.736828
33.8916666667,-1.02625954241e-05,0.599783360958,2.40005660057,-5.11741855007e-05,5.3414809372e-05,20,20,1.89662480354,0.014352267608,41.5200233459,0,0,0,0,4.15230867429e-14,588198.736828
33.9027777778,-1.02625954241e-05,0.599783360958,2.40005660057,-5.11741855007e-05,5.3414809372e-05,20,20,1.89662480354,0.014352267608,41.5200233459,0,0,0,0,5.77294573182e-14,588198.736828
33.9138888889,-1.02625954241e-05,0.599783360958,2.40005660057,-5.11741855007e-05,5.3414809372e-05,20,20,1.89662480354,0.014352267608,41.5200233459,0,0,0,0,4.03094677764e-14,588198.736828
33.925,-1.02625954241e-05,0.599783360958,2.40005660057,-5.11741855007e-05,4.5786920964e-05,20,20,1.89662480354,0.014352267608,41.5200233459,0,0,0,0,8.60245655847e-14,588198.736828
33.9361111111,-1.02625954241e-05,0.599783360958,2.40005660057,-5.11741855007e-05,5.3414809372e-05,20,20,1.89662480354,0.014352267608,41.5200233459,0,0,0,0,5.3558298508e-14,588198.736828
33.9472222222,-1.02625954241e-05,0.599783360958,2.40005660057,-5.11741855007e-05,5.3414809372e-05,20,20,1.89662480354,0.014352267608,41.5200233459,0,0,0,0,3.45848237295e-14,588198.736828
33.9583333333,-1.02625954241e-05,0.599783360958,2.40005660057,-5.11741855007e-05,5.3414809372e-05,20,20,1.89662480354,0.014352267608,41.5200233459,0,0,0,0,5.71864343629e-14,588198.736828
33.9694444444,-1.02625954241e-05,0.599783360958,2.40005660057,-5.11741855007e-05,5.3414809372e-05,20,20,1.89662480354,0.014352267608,41.5200233459,0,0,0,0,4.27808460568e-14,588198.736828
33.9805555556,-1.02625954241e-05,0.599783360958,2.40005660057,-5.11741855007e-05,4.5786920964e-05,20,20,1.89662480354,0.014352267608,41.5200233459,0,0,0,0,7.81993939649e-14,588198.736828
33.9916666667,-1.02625954241e-05,0.599783360958,2.40005660057,-5.11741855007e-05,5.3414809372e-05,20,20,1.89662480354,0.014352267608,41.5200233459,0,0,0,0,3.30156414555e-14,588198.736828
34.0027777778,-1.02625954241e-05,0.599783360958,2.40005660057,-5.11741855007e-05,5.3414809372e-05,20,20,1.89662480354,0.014352267608,41.5200233459,0,0,0,0,1.31467916443e-14,588198.736828
34.0138888889,-1.02625954241e-05,0.599783360958,2.40005660057,-5.11741855007e-05,4.5786920964e-05,20,20,1.89662480354,0.014352267608,41.5200233459,0,0,0,0,3.86725923515e-14,588198.736828
34.025,-1.02625954241e-05,0.599783360958,2.40005660057,-5.11741855007e-05,5.3414809372e-05,20,20,1.89662480354,0.014352267608,41.5200233459,0,0,0,0,9.07283699836e-15,588198.736828
34.0361111111,-1.02625954241e-05,0.599783360958,2.40005660057,-5.11741855007e-05,5.3414809372e-05,20,20,1.89662480354,0.014352267608,41.5200233459,0,0,0,0,2.32459675377e-14,588198.736828
34.0472222222,-1.02625954241e-05,0.599783360958,2.40005660057,-5.11741855007e-05,5.3414809372e-05,20,20,1.89662480354,0.014352267608,41.5200233459,0,0,0,0,6.56671806564e-14,588198.736828
34.0583333333,-1.02625954241e-05,0.599783360958,2.40005660057,-5.11741855007e-05,5.3414809372e-05,20,20,1.89662480354,0.014352267608,41.5200233459,0,0,0,0,6.31592003908e-14,588198.736828
34.0694444444,-1.02625954241e-05,0.599783360958,2.40005660057,-5.11741855007e-05,4.5786920964e-05,20,20,1.89662480354,0.014352267608,41.5200233459,0,0,0,0,3.11094432201e-14,588198.736828
34.0805555556,-1.02625954241e-05,0.599783360958,2.40005660057,-5.11741855007e-05,5.3414809372e-05,20,20,1.89662480354,0.014352267608,41.5200233459,0,0,0,0,2.49350138501e-14,588198.736828
34.0916666667,-1.02625954241e-05,0.599783360958,2.40005660057,-5.11741855007e-05,5.3414809372e-05,20,20,1.89662480354,0.014352267608,41.5200233459,0,0,0,0,2.43851542488e-14,588198.736828
34.1027777778,-1.02625954241e-05,0.599783360958,2.40005660057,-5.11741855007e-05,5.3414809372e-05,20,20,1.89662480354,0.014352267608,41.5200233459,0,0,0,0,2.13353250047e-14,588198.736828
34.1138888889,-1.02625954241e-05,0.599783360958,2.40005660057,-5.11741855007e-05,5.3414809372e-05,20,20,1.89662480354,0.014352267608,41.5200233459,0,0,0,0,1.31292069593e-14,588198.736828
34.125,-1.02625954241e-05,0.599783360958,2.40005660057,-5.11741855007e-05,4.5786920964e-05,20,20,1.89662480354,0.014352267608,41.5200233459,0,0,0,0,3.05710075896e-14,588198.736828
34.1361111111,-1.02625954241e-05,0.599783360958,2.40005660057,-5.11741855007e-05,5.3414809372e-05,20,20,1.89662480354,0.014352267608,41.5200233459,0,0,0,0,8.56853728786e-14,588198.736828
34.1472222222,-1.02625954241e-05,0.599783360958,2.40005660057,-5.11741855007e-05,5.3414809372e-05,20,20,1.89662480354,0.014352267608,41.5200233459,0,0,0,0,4.58514413087e-14,588198.736828
34.1583333333,-1.02625954241e-05,0.599783360958,2.40005660057,-5.11741855007e-05,4.5786920964e-05,20,20,1.89662480354,0.014352267608,41.5200233459,0,0,0,0,2.66487951744e-14,588198.736828
34.1694444444,-1.02625954241e-05,0.599783360958,2.40005660057,-5.11741855007e-05,5.3414809372e-05,20,20,1.89662480354,0.014352267608,41.5200233459,0,0,0,0,2.00921365685e-14,588198.736828
34.1805555556,-1.02625954241e-05,0.599783360958,2.40005660057,-5.11741855007e-05,5.3414809372e-05,20,20,1.89662480354,0.014352267608,41.5200233459,0,0,0,0,9.18902832918e-14,588198.736828
34.1916666667,-1.02625954241e-05,0.599783360958,2.40005660057,-5.11741855007e-05,5.3414809372e-05,20,20,1.89662480354,0.014352267608,41.5200233459,0,0,0,0,6.10300911495e-14,588198.736828
34.2027777778,-1.02625954241e-05,0.599783360958,2.40005660057,-5.11741855007e-05,5.3414809372e-05,20,20,1.89662480354,0.014352267608,41.5200233459,0,0,0,0,1.42551853148e-14,588198.736828
34.2138888889,-1.02625954241e-05,0.599783360958,2.40005660057,-5.11741855007e-05,4.5786920964e-05,20,20,1.89662480354,0.014352267608,41.5200233459,0,0,0,0,3.86992144899e-14,588198.736828
34.225,-1.02625954241e-05,0.599783360958,2.40005660057,-5.11741855007e-05,5.3414809372e-05,20,20,1.89662480354,0.014352267608,41.5200233459,0,0,0,0,6.58181091921e-14,588198.736828
34.2361111111,-1.02625954241e-05,0.599783360958,2.40005660057,-5.11741855007e-05,5.3414809372e-05,20,20,1.89662480354,0.014352267608,41.5200233459,0,0,0,0,3.10723838616e-14,588198.736828
34.2472222222,-1.02625954241e-05,0.599783360958,2.40005660057,-5.11741855007e-05,5.3414809372e-05,20,20,1.89662480354,0.014352267608,41.5200233459,0,0,0,0,1.43208502605e-14,588198.736828
34.2583333333,-1.02625954241e-05,0.599783360958,2.40005660057,-5.11741855007e-05,5.3414809372e-05,20,20,1.89662480354,0.014352267608,41.5200233459,0,0,0,0,1.18286686382e-14,588198.736828
34.2694444444,-1.02625954241e-05,0.599783360958,2.40005660057,-5.11741855007e-05,4.5786920964e-05,20,20,1.89662480354,0.014352267608,41.5200233459,0,0,0,0,1.40432120002e-14,588198.736828
34.2805555556,-1.02625954241e-05,0.599783360958,2.40005660057,-5.11741855007e-05,5.3414809372e-05,20,20,1.89662480354,0.014352267608,41.5200233459,0,0,0,0,3.31196206222e-14,588198.736828
34.2916666667,-1.02625954241e-05,0.599783360958,2.40005660057,-5.11741855007e-05,5.3414809372e-05,20,20,1.89662480354,0.014352267608,41.5200233459,0,0,0,0,7.26178093943e-14,588198.736828
34.3027777778,-1.02625954241e-05,0.599783360958,2.40005660057,-5.11741855007e-05,4.5786920964e-05,20,20,1.89662480354,0.014352267608,41.5200233459,0,0,0,0,1.30606795746e-13,588198.736828
34.3138888889,-1.02625954241e-05,0.599783360958,2.40005660057,-5.11741855007e-05,5.3414809372e-05,20,20,1.89662480354,0.014352267608,41.5200233459,0,0,0,0,1.20111705954e-13,588198.736828
34.325,-1.02625954241e-05,0.599783360958,2.40005660057,-5.11741855007e-05,5.3414809372e-05,20,20,1.89662480354,0.014352267608,41.5200233459,0,0,0,0,1.51852773512e-14,588198.736828
34.3361111111,-1.02625954241e-05,0.599783360958,2.40005660057,-5.11741855007e-05,5.3414809372e-05,20,20,1.89662480354,0.014352267608,41.5200233459,0,0,0,0,5.43535511095e-14,588198.736828
34.3472222222,-1.02625954241e-05,0.599783360958,2.40005660057,-5.11741855007e-05,5.3414809372e-05,20,20,1.89662480354,0.014352267608,41.5200233459,0,0,0,0,1.89084822034e-13,588198.736828
34.3583333333,-1.02625954241e-05,0.599783360958,2.40005660057,-5.11741855007e-05,4.5786920964e-05,20,20,1.89662480354,0.014352267608,41.5200233459,0,0,0,0,4.46530633362e-13,588198.736828
34.3694444444,-1.02625954241e-05,0.599783360958,2.40005660057,-5.11741855007e-05,5.3414809372e-05,20,20,1.89662480354,0.014352267608,41.5200233459,0,0,0,0,2.08593493998e-13,588198.736828
34.3805555556,-1.02625954241e-05,0.599783360958,2.40005660057,-5.11741855007e-05,5.3414809372e-05,20,20,1.89662480354,0.014352267608,41.5200233459,0,0,0,0,1.5354469339e-13,588198.736828
34.3916666667,-1.02625954241e-05,0.599783360958,2.40005660057,-5.11741855007e-05,5.3414809372e-05,20,20,1.89662480354,0.014352267608,41.5200233459,0,0,0,0,1.83433317585e-13,588198.736828
34.4027777778,-1.02625954241e-05,0.599783360958,2.40005660057,-5.11741855007e-05,5.3414809372e-05,20,20,1.89662480354,0.014352267608,41.5200233459,0,0,0,0,2.14170888655e-13,588198.736828
34.4138888889,-1.02625954241e-05,0.599783360958,2.40005660057,-5.11741855007e-05,4.5786920964e-05,20,20,1.89662480354,0.014352267608,41.5200233459,0,0,0,0,1.42520462973e-13,588198.736828
34.425,-1.02625954241e-05,0.599783360958,2.40005660057,-5.11741855007e-05,5.3414809372e-05,20,20,1.89662480354,0.014352267608,41.5200233459,0,0,0,0,1.93044785007e-14,588198.736828
34.4361111111,-1.02625954241e-05,0.599783360958,2.40005660057,-5.11741855007e-05,5.3414809372e-05,20,20,1.89662480354,0.014352267608,41.5200233459,0,0,0,0,3.24593736959e-14,588198.736828
34.4472222222,-1.02625954241e-05,0.599783360958,2.40005660057,-5.11741855007e-05,4.5786920964e-05,20,20,1.89662480354,0.014352267608,41.5200233459,0,0,0,0,3.57208180208e-14,588198.736828
34.4583333333,-1.02625954241e-05,0.599783360958,2.40005660057,-5.11741855007e-05,5.3414809372e-05,20,20,1.89662480354,0.014352267608,41.5200233459,0,0,0,0,3.00260412066e-14,588198.736828
34.4694444444,-1.02625954241e-05,0.599783360958,2.40005660057,-5.11741855007e-05,5.3414809372e-05,20,20,1.89662480354,0.014352267608,41.5200233459,0,0,0,0,8.37150316112e-14,588198.736828
34.4805555556,-1.02625954241e-05,0.599783360958,2.40005660057,-5.11741855007e-05,5.3414809372e-05,20,20,1.89662480354,0.014352267608,41.5200233459,0,0,0,0,3.64722634351e-14,588198.736828
34.4916666667,-1.02625954241e-05,0.599783360958,2.40005660057,-5.11741855007e-05,5.3414809372e-05,20,20,1.89662480354,0.014352267608,41.5200233459,0,0,0,0,1.39145633028e-14,588198.736828
34.5027777778,-1.02625954241e-05,0.599783360958,2.40005660057,-5.11741855007e-05,4.5786920964e-05,20,20,1.89662480354,0.014352267608,41.5200233459,0,0,0,0,1.14386183261e-14,588198.736828
34.5138888889,-1.02625954241e-05,0.599783360958,2.40005660057,-5.11741855007e-05,5.3414809372e-05,20,20,1.89662480354,0.014352267608,41.5200233459,0,0,0,0,3.30233057461e-14,588198.736828
34.525,-1.02625954241e-05,0.599783360958,2.40005660057,-5.11741855007e-05,5.3414809372e-05,20,20,1.89662480354,0.014352267608,41.5200233459,0,0,0,0,1.57545678831e-14,588198.736828
34.5361111111,-1.02625954241e-05,0.599783360958,2.40005660057,-5.11741855007e-05,5.3414809372e-05,20,20,1.89662480354,0.014352267608,41.5200233459,0,0,0,0,3.47416232563e-14,588198.736828
34.5472222222,-1.02625954241e-05,0.599783360958,2.40005660057,-5.11741855007e-05,5.3414809372e-05,20,20,1.89662480354,0.014352267608,41.5200233459,0,0,0,0,1.61844158629e-14,588198.736828
34.5583333333,-1.02625954241e-05,0.599783360958,2.40005660057,-5.11741855007e-05,4.5786920964e-05,20,20,1.89662480354,0.014352267608,41.5200233459,0,0,0,0,3.29118408878e-14,588198.736828
34.5694444444,-1.02625954241e-05,0.599783360958,2.40005660057,-5.11741855007e-05,5.3414809372e-05,20,20,1.89662480354,0.014352267608,41.5200233459,0,0,0,0,1.03082499042e-14,588198.736828
34.5805555556,-1.02625954241e-05,0.599783360958,2.40005660057,-5.11741855007e-05,5.3414809372e-05,20,20,1.89662480354,0.014352267608,41.5200233459,0,0,0,0,6.67510781027e-14,588198.736828
34.5916666667,-1.02625954241e-05,0.599783360958,2.40005660057,-5.11741855007e-05,4.5786920964e-05,20,20,1.89662480354,0.014352267608,41.5200233459,0,0,0,0,9.70667147325e-14,588198.736828
34.6027777778,-1.02625954241e-05,0.599783360958,2.40005660057,-5.11741855007e-05,5.3414809372e-05,20,20,1.89662480354,0.014352267608,41.5200233459,0,0,0,0,9.48643735644e-14,588198.736828
34.6138888889,-1.02625954241e-05,0.599783360958,2.40005660057,-5.11741855007e-05,5.3414809372e-05,20,20,1.89662480354,0.014352267608,41.5200233459,0,0,0,0,3.30264224089e-14,588198.736828
34.625,-1.02625954241e-05,0.599783360958,2.40005660057,-5.11741855007e-05,5.3414809372e-05,20,20,1.89662480354,0.014352267608,41.5200233459,0,0,0,0,1.67048089164e-13,588198.736828
34.6361111111,-1.02625954241e-05,0.599783360958,2.40005660057,-5.11741855007e-05,5.3414809372e-05,20,20,1.89662480354,0.014352267608,41.5200233459,0,0,0,0,7.50167278395e-14,588198.736828
34.6472222222,-1.02625954241e-05,0.599783360958,2.40005660057,-5.11741855007e-05,4.5786920964e-05,20,20,1.89662480354,0.014352267608,41.5200233459,0,0,0,0,1.869123742e-14,588198.736828
34.6583333333,-1.02625954241e-05,0.599783360958,2.40005660057,-5.11741855007e-05,5.3414809372e-05,20,20,1.89662480354,0.014352267608,41.5200233459,0,0,0,0,4.23899036075e-14,588198.736828
34.6694444444,-1.02625954241e-05,0.599783360958,2.40005660057,-5.11741855007e-05,5.3414809372e-05,20,20,1.89662480354,0.014352267608,41.5200233459,0,0,0,0,1.08113529222e-14,588198.736828
34.6805555556,-1.02625954241e-05,0.599783360958,2.40005660057,-5.11741855007e-05,5.3414809372e-05,20,20,1.89662480354,0.014352267608,41.5200233459,0,0,0,0,6.48997887934e-14,588198.736828
34.6916666667,-1.02625954241e-05,0.599783360958,2.40005660057,-5.11741855007e-05,5.3414809372e-05,20,20,1.89662480354,0.014352267608,41.5200233459,0,0,0,0,5.19206985796e-14,588198.736828
34.7027777778,-1.02625954241e-05,0.599783360958,2.40005660057,-5.11741855007e-05,4.5786920964e-05,20,20,1.89662480354,0.014352267608,41.5200233459,0,0,0,0,1.21828210656e-14,588198.736828
34.7138888889,-1.02625954241e-05,0.599783360958,2.40005660057,-5.11741855007e-05,5.3414809372e-05,20,20,1.89662480354,0.014352267608,41.5200233459,0,0,0,0,5.37712908413e-14,588198.736828
34.725,-1.02625954241e-05,0.599783360958,2.40005660057,-5.11741855007e-05,5.3414809372e-05,20,20,1.89662480354,0.014352267608,41.5200233459,0,0,0,0,1.22320298196e-14,588198.736828
34.7361111111,-1.02625954241e-05,0.599783360958,2.40005660057,-5.11741855007e-05,4.5786920964e-05,20,20,1.89662480354,0.014352267608,41.5200233459,0,0,0,0,9.29269984768e-14,588198.736828
34.7472222222,-1.02625954241e-05,0.599783360958,2.40005660057,-5.11741855007e-05,5.3414809372e-05,20,20,1.89662480354,0.014352267608,41.5200233459,0,0,0,0,2.25243763837e-13,588198.736828
34.7583333333,-1.02625954241e-05,0.599783360958,2.40005660057,-5.11741855007e-05,5.3414809372e-05,20,20,1.89662480354,0.014352267608,41.5200233459,0,0,0,0,2.01093564284e-13,588198.736828
34.7694444444,-1.02625954241e-05,0.599783360958,2.40005660057,-5.11741855007e-05,5.3414809372e-05,20,20,1.89662480354,0.014352267608,41.5200233459,0,0,0,0,1.66538565752e-13,588198.736828
34.7805555556,-1.02625954241e-05,0.599783360958,2.40005660057,-5.11741855007e-05,5.3414809372e-05,20,20,1.89662480354,0.014352267608,41.5200233459,0,0,0,0,2.16312131359e-13,588198.736828
34.7916666667,-1.02625954241e-05,0.599783360958,2.40005660057,-5.11741855007e-05,4.5786920964e-05,20,20,1.89662480354,0.014352267608,41.5200233459,0,0,0,0,2.66138872852e-13,588198.736828
34.8027777778,-1.02625954241e-05,0.599783360958,2.40005660057,-5.11741855007e-05,5.3414809372e-05,20,20,1.89662480354,0.014352267608,41.5200233459,0,0,0,0,1.45869795148e-13,588198.736828
34.8138888889,-1.02625954241e-05,0.599783360958,2.40005660057,-5.11741855007e-05,5.3414809372e-05,20,20,1.89662480354,0.014352267608,41.5200233459,0,0,0,0,9.73126890311e-14,588198.736828
34.825,-1.02625954241e-05,0.599783360958,2.40005660057,-5.11741855007e-05,5.3414809372e-05,20,20,1.89662480354,0.014352267608,41.5200233459,0,0,0,0,4.4720734992e-14,588198.736828
34.8361111111,-1.02625954241e-05,0.599783360958,2.40005660057,-5.11741855007e-05,5.3414809372e-05,20,20,1.89662480354,0.014352267608,41.5200233459,0,0,0,0,1.30149043336e-14,588198.736828
34.8472222222,-1.02625954241e-05,0.599783360958,2.40005660057,-5.11741855007e-05,4.5786920964e-05,20,20,1.89662480354,0.014352267608,41.5200233459,0,0,0,0,2.61868352e-14,588198.736828
34.8583333333,-1.02625954241e-05,0.599783360958,2.40005660057,-5.11741855007e-05,5.3414809372e-05,20,20,1.89662480354,0.014352267608,41.5200233459,0,0,0,0,2.85364966622e-14,588198.736828
34.8694444444,-1.02625954241e-05,0.599783360958,2.40005660057,-5.11741855007e-05,5.3414809372e-05,20,20,1.89662480354,0.014352267608,41.5200233459,0,0,0,0,7.55696735739e-14,588198.736828
34.8805555556,-1.02625954241e-05,0.599783360958,2.40005660057,-5.11741855007e-05,4.5786920964e-05,20,20,1.89662480354,0.014352267608,41.5200233459,0,0,0,0,1.40219352046e-13,588198.736828
34.8916666667,-1.02625954241e-05,0.599783360958,2.40005660057,-5.11741855007e-05,5.3414809372e-05,20,20,1.89662480354,0.014352267608,41.5200233459,0,0,0,0,2.11492285423e-13,588198.736828
34.9027777778,-1.02625954241e-05,0.599783360958,2.40005660057,-5.11741855007e-05,5.3414809372e-05,20,20,1.89662480354,0.014352267608,41.5200233459,0,0,0,0,1.29822175202e-13,588198.736828
34.9138888889,-1.02625954241e-05,0.599783360958,2.40005660057,-5.11741855007e-05,5.3414809372e-05,20,20,1.89662480354,0.014352267608,41.5200233459,0,0,0,0,2.87717624245e-13,588198.736828
34.925,-1.02625954241e-05,0.599783360958,2.40005660057,-5.11741855007e-05,5.3414809372e-05,20,20,1.89662480354,0.014352267608,41.5200233459,0,0,0,0,1.29574920256e-13,588198.736828
34.9361111111,-1.02625954241e-05,0.599783360958,2.40005660057,-5.11741855007e-05,4.5786920964e-05,20,20,1.89662480354,0.014352267608,41.5200233459,0,0,0,0,5.70688916088e-14,588198.736828
34.9472222222,-1.02625954241e-05,0.599783360958,2.40005660057,-5.11741855007e-05,5.3414809372e-05,20,20,1.89662480354,0.014352267608,41.5200233459,0,0,0,0,7.80595401094e-14,588198.736828
34.9583333333,-1.02625954241e-05,0.599783360958,2.40005660057,-5.11741855007e-05,5.3414809372e-05,20,20,1.89662480354,0.014352267608,41.5200233459,0,0,0,0,1.36815401253e-13,588198.736828
34.9694444444,-1.02625954241e-05,0.599783360958,2.40005660057,-5.11741855007e-05,5.3414809372e-05,20,20,1.89662480354,0.014352267608,41.5200233459,0,0,0,0,1.66062977821e-13,588198.736828
34.9805555556,-1.02625954241e-05,0.599783360958,2.40005660057,-5.11741855007e-05,5.3414809372e-05,20,20,1.89662480354,0.014352267608,41.5200233459,0,0,0,0,3.1006637072e-13,588198.736828
34.9916666667,-1.02625954241e-05,0.599783360958,2.40005660057,-5.11741855007e-05,4.5786920964e-05,20,20,1.89662480354,0.014352267608,41.5200233459,0,0,0,0,2.16436727887e-13,588198.736828
35.0027777778,-1.02625954241e-05,0.599783360958,2.40005660057,-5.11741855007e-05,5.3414809372e-05,20,20,1.89662480354,0.014352267608,41.5200233459,0,0,0,0,3.13916402464e-13,588198.736828
35.0138888889,-1.02625954241e-05,0.599783360958,2.40005660057,-5.11741855007e-05,5.3414809372e-05,20,20,1.89662480354,0.014352267608,41.5200233459,0,0,0,0,1.52810255859e-13,588198.736828
35.025,-1.02625954241e-05,0.599783360958,2.40005660057,-5.11741855007e-05,4.5786920964e-05,20,20,1.89662480354,0.014352267608,41.5200233459,0,0,0,0,1.62165375599e-13,588198.736828
35.0361111111,-1.02625954241e-05,0.599783360958,2.40005660057,-5.11741855007e-05,5.3414809372e-05,20,20,1.89662480354,0.014352267608,41.5200233459,0,0,0,0,1.48037791667e-13,588198.736828
35.0472222222,-1.02625954241e-05,0.599783360958,2.40005660057,-5.11741855007e-05,5.3414809372e-05,20,20,1.89662480354,0.014352267608,41.5200233459,0,0,0,0,4.03967041193e-14,588198.736828
35.0583333333,-1.02625954241e-05,0.599783360958,2.40005660057,-5.11741855007e-05,5.3414809372e-05,20,20,1.89662480354,0.014352267608,41.5200233459,0,0,0,0,5.78521194011e-15,588198.736828
35.0694444444,-1.02625954241e-05,0.599783360958,2.40005660057,-5.11741855007e-05,5.3414809372e-05,20,20,1.89662480354,0.014352267608,41.5200233459,0,0,0,0,2.21021533612e-14,588198.736828
35.0805555556,-1.02625954241e-05,0.599783360958,2.40005660057,-5.11741855007e-05,4.5786920964e-05,20,20,1.89662480354,0.014352267608,41.5200233459,0,0,0,0,3.13736810326e-14,588198.736828
35.0916666667,-1.02625954241e-05,0.599783360958,2.40005660057,-5.11741855007e-05,5.3414809372e-05,20,20,1.89662480354,0.014352267608,41.5200233459,0,0,0,0,3.69523470103e-14,588198.736828
35.1027777778,-1.02625954241e-05,0.599783360958,2.40005660057,-5.11741855007e-05,5.3414809372e-05,20,20,1.89662480354,0.014352267608,41.5200233459,0,0,0,0,2.02034452233e-14,588198.736828
35.1138888889,-1.02625954241e-05,0.599783360958,2.40005660057,-5.11741855007e-05,5.3414809372e-05,20,20,1.89662480354,0.014352267608,41.5200233459,0,0,0,0,3.91899627927e-14,588198.736828
35.125,-1.02625954241e-05,0.599783360958,2.40005660057,-5.11741855007e-05,5.3414809372e-05,20,20,1.89662480354,0.014352267608,41.5200233459,0,0,0,0,3.9988841951e-14,588198.736828
35.1361111111,-1.02625954241e-05,0.599783360958,2.40005660057,-5.11741855007e-05,4.5786920964e-05,20,20,1.89662480354,0.014352267608,41.5200233459,0,0,0,0,1.26182317884e-14,588198.736828
35.1472222222,-1.02625954241e-05,0.599783360958,2.40005660057,-5.11741855007e-05,5.3414809372e-05,20,20,1.89662480354,0.014352267608,41.5200233459,0,0,0,0,8.08680846237e-14,588198.736828
35.1583333333,-1.02625954241e-05,0.599783360958,2.40005660057,-5.11741855007e-05,5.3414809372e-05,20,20,1.89662480354,0.014352267608,41.5200233459,0,0,0,0,1.56809836613e-13,588198.736828
35.1694444444,-1.02625954241e-05,0.599783360958,2.40005660057,-5.11741855007e-05,4.5786920964e-05,20,20,1.89662480354,0.014352267608,41.5200233459,0,0,0,0,1.62597424104e-13,588198.736828
35.1805555556,-1.02625954241e-05,0.599783360958,2.40005660057,-5.11741855007e-05,5.3414809372e-05,20,20,1.89662480354,0.014352267608,41.5200233459,0,0,0,0,8.88852134906e-14,588198.736828
35.1916666667,-1.02625954241e-05,0.599783360958,2.40005660057,-5.11741855007e-05,5.3414809372e-05,20,20,1.89662480354,0.014352267608,41.5200233459,0,0,0,0,5.5025082734e-14,588198.736828
35.2027777778,-1.02625954241e-05,0.599783360958,2.40005660057,-5.11741855007e-05,5.3414809372e-05,20,20,1.89662480354,0.014352267608,41.5200233459,0,0,0,0,3.23233979507e-14,588198.736828
35.2138888889,-1.02625954241e-05,0.599783360958,2.40005660057,-5.11741855007e-05,5.3414809372e-05,20,20,1.89662480354,0.014352267608,41.5200233459,0,0,0,0,1.01508295223e-14,588198.736828
35.225,-1.02625954241e-05,0.599783360958,2.40005660057,-5.11741855007e-05,4.5786920964e-05,20,20,1.89662480354,0.014352267608,41.5200233459,0,0,0,0,1.32836541616e-14,588198.736828
35.2361111111,-1.02625954241e-05,0.599783360958,2.40005660057,-5.11741855007e-05,5.3414809372e-05,20,20,1.89662480354,0.014352267608,41.5200233459,0,0,0,0,3.56029559562e-14,588198.736828
35.2472222222,-1.02625954241e-05,0.599783360958,2.40005660057,-5.11741855007e-05,5.3414809372e-05,20,20,1.89662480354,0.014352267608,41.5200233459,0,0,0,0,9.41767352034e-14,588198.736828
35.2583333333,-1.02625954241e-05,0.599783360958,2.40005660057,-5.11741855007e-05,5.3414809372e-05,20,20,1.89662480354,0.014352267608,41.5200233459,0,0,0,0,3.60544320143e-14,588198.736828
35.2694444444,-1.02625954241e-05,0.599783360958,2.40005660057,-5.11741855007e-05,5.3414809372e-05,20,20,1.89662480354,0.014352267608,41.5200233459,0,0,0,0,1.18725201894e-13,588198.736828
35.2805555556,-1.02625954241e-05,0.599783360958,2.40005660057,-5.11741855007e-05,4.5786920964e-05,20,20,1.89662480354,0.014352267608,41.5200233459,0,0,0,0,5.74244394883e-14,588198.736828
35.2916666667,-1.02625954241e-05,0.599783360958,2.40005660057,-5.11741855007e-05,5.3414809372e-05,20,20,1.89662480354,0.014352267608,41.5200233459,0,0,0,0,9.36123438195e-14,588198.736828
35.3027777778,-1.02625954241e-05,0.599783360958,2.40005660057,-5.11741855007e-05,5.3414809372e-05,20,20,1.89662480354,0.014352267608,41.5200233459,0,0,0,0,1.16380838722e-13,588198.736828
35.3138888889,-1.02625954241e-05,0.599783360958,2.40005660057,-5.11741855007e-05,4.5786920964e-05,20,20,1.89662480354,0.014352267608,41.5200233459,0,0,0,0,1.43895496535e-14,588198.736828
35.325,-1.02625954241e-05,0.599783360958,2.40005660057,-5.11741855007e-05,5.3414809372e-05,20,20,1.89662480354,0.014352267608,41.5200233459,0,0,0,0,3.81485908153e-14,588198.736828
35.3361111111,-1.02625954241e-05,0.599783360958,2.40005660057,-5.11741855007e-05,5.3414809372e-05,20,20,1.89662480354,0.014352267608,41.5200233459,0,0,0,0,2.09359292112e-14,588198.736828
35.3472222222,-1.02625954241e-05,0.599783360958,2.40005660057,-5.11741855007e-05,5.3414809372e-05,20,20,1.89662480354,0.014352267608,41.5200233459,0,0,0,0,4.45343268673e-14,588198.736828
35.3583333333,-1.02625954241e-05,0.599783360958,2.40005660057,-5.11741855007e-05,5.3414809372e-05,20,20,1.89662480354,0.014352267608,41.5200233459,0,0,0,0,6.94494691019e-14,588198.736828
35.3694444444,-1.02625954241e-05,0.599783360958,2.40005660057,-5.11741855007e-05,4.5786920964e-05,20,20,1.89662480354,0.014352267608,41.5200233459,0,0,0,0,1.4197483765e-13,588198.736828
35.3805555556,-1.02625954241e-05,0.599783360958,2.40005660057,-5.11741855007e-05,5.3414809372e-05,20,20,1.89662480354,0.014352267608,41.5200233459,0,0,0,0,1.91684030853e-13,588198.736828
35.3916666667,-1.02625954241e-05,0.599783360958,2.40005660057,-5.11741855007e-05,5.3414809372e-05,20,20,1.89662480354,0.014352267608,41.5200233459,0,0,0,0,8.22181760959e-14,588198.736828
35.4027777778,-1.02625954241e-05,0.599783360958,2.40005660057,-5.11741855007e-05,5.3414809372e-05,20,20,1.89662480354,0.014352267608,41.5200233459,0,0,0,0,2.79502036584e-14,588198.736828
35.4138888889,-1.02625954241e-05,0.599783360958,2.40005660057,-5.11741855007e-05,5.3414809372e-05,20,20,1.89662480354,0.014352267608,41.5200233459,0,0,0,0,1.41237969653e-14,588198.736828
35.425,-1.02625954241e-05,0.599783360958,2.40005660057,-5.11741855007e-05,4.5786920964e-05,20,20,1.89662480354,0.014352267608,41.5200233459,0,0,0,0,2.50629234062e-14,588198.736828
35.4361111111,-1.02625954241e-05,0.599783360958,2.40005660057,-5.11741855007e-05,5.3414809372e-05,20,20,1.89662480354,0.014352267608,41.5200233459,0,0,0,0,2.85899926164e-14,588198.736828
35.4472222222,-1.02625954241e-05,0.599783360958,2.40005660057,-5.11741855007e-05,5.3414809372e-05,20,20,1.89662480354,0.014352267608,41.5200233459,0,0,0,0,8.66131837611e-15,588198.736828
35.4583333333,-1.02625954241e-05,0.599783360958,2.40005660057,-5.11741855007e-05,4.5786920964e-05,20,20,1.89662480354,0.014352267608,41.5200233459,0,0,0,0,3.02689576858e-14,588198.736828
35.4694444444,-1.02625954241e-05,0.599783360958,2.40005660057,-5.11741855007e-05,5.3414809372e-05,20,20,1.89662480354,0.014352267608,41.5200233459,0,0,0,0,1.06970141434e-14,588198.736828
35.4805555556,-1.02625954241e-05,0.599783360958,2.40005660057,-5.11741855007e-05,5.3414809372e-05,20,20,1.89662480354,0.014352267608,41.5200233459,0,0,0,0,1.53333383388e-14,588198.736828
35.4916666667,-1.02625954241e-05,0.599783360958,2.40005660057,-5.11741855007e-05,5.3414809372e-05,20,20,1.89662480354,0.014352267608,41.5200233459,0,0,0,0,1.06338417128e-14,588198.736828
35.5027777778,-1.02625954241e-05,0.599783360958,2.40005660057,-5.11741855007e-05,5.3414809372e-05,20,20,1.89662480354,0.014352267608,41.5200233459,0,0,0,0,4.08947275222e-14,588198.736828
35.5138888889,-1.02625954241e-05,0.599783360958,2.40005660057,-5.11741855007e-05,4.5786920964e-05,20,20,1.89662480354,0.014352267608,41.5200233459,0,0,0,0,1.13150850211e-14,588198.736828
35.525,-1.02625954241e-05,0.599783360958,2.40005660057,-5.11741855007e-05,5.3414809372e-05,20,20,1.89662480354,0.014352267608,41.5200233459,0,0,0,0,7.56463788809e-15,588198.736828
35.5361111111,-1.02625954241e-05,0.599783360958,2.40005660057,-5.11741855007e-05,5.3414809372e-05,20,20,1.89662480354,0.014352267608,41.5200233459,0,0,0,0,1.38482756256e-14,588198.736828
35.5472222222,-1.02625954241e-05,0.599783360958,2.40005660057,-5.11741855007e-05,5.3414809372e-05,20,20,1.89662480354,0.014352267608,41.5200233459,0,0,0,0,7.40536209294e-14,588198.736828
35.5583333333,-1.02625954241e-05,0.599783360958,2.40005660057,-5.11741855007e-05,5.3414809372e-05,20,20,1.89662480354,0.014352267608,41.5200233459,0,0,0,0,2.21490143635e-14,588198.736828
35.5694444444,-1.02625954241e-05,0.599783360958,2.40005660057,-5.11741855007e-05,4.5786920964e-05,20,20,1.89662480354,0.014352267608,41.5200233459,0,0,0,0,2.20030020759e-14,588198.736828
35.5805555556,-1.02625954241e-05,0.599783360958,2.40005660057,-5.11741855007e-05,5.3414809372e-05,20,20,1.89662480354,0.014352267608,41.5200233459,0,0,0,0,5.27776399141e-14,588198.736828
35.5916666667,-1.02625954241e-05,0.599783360958,2.40005660057,-5.11741855007e-05,5.3414809372e-05,20,20,1.89662480354,0.014352267608,41.5200233459,0,0,0,0,2.56928442361e-14,588198.736828
35.6027777778,-1.02625954241e-05,0.599783360958,2.40005660057,-5.11741855007e-05,4.5786920964e-05,20,20,1.89662480354,0.014352267608,41.5200233459,0,0,0,0,1.50731357452e-14,588198.736828
35.6138888889,-1.02625954241e-05,0.599783360958,2.40005660057,-5.11741855007e-05,5.3414809372e-05,20,20,1.89662480354,0.014352267608,41.5200233459,0,0,0,0,4.86739285457e-14,588198.736828
35.625,-1.02625954241e-05,0.599783360958,2.40005660057,-5.11741855007e-05,5.3414809372e-05,20,20,1.89662480354,0.014352267608,41.5200233459,0,0,0,0,1.72499108255e-13,588198.736828
35.6361111111,-1.02625954241e-05,0.599783360958,2.40005660057,-5.11741855007e-05,5.3414809372e-05,20,20,1.89662480354,0.014352267608,41.5200233459,0,0,0,0,5.98562580637e-14,588198.736828
35.6472222222,-1.02625954241e-05,0.599783360958,2.40005660057,-5.11741855007e-05,5.3414809372e-05,20,20,1.89662480354,0.014352267608,41.5200233459,0,0,0,0,1.73934768286e-14,588198.736828
35.6583333333,-1.02625954241e-05,0.599783360958,2.40005660057,-5.11741855007e-05,4.5786920964e-05,20,20,1.89662480354,0.014352267608,41.5200233459,0,0,0,0,9.89511405638e-15,588198.736828
35.6694444444,-1.02625954241e-05,0.599783360958,2.40005660057,-5.11741855007e-05,5.3414809372e-05,20,20,1.89662480354,0.014352267608,41.5200233459,0,0,0,0,2.97918103374e-14,588198.736828
35.6805555556,-1.02625954241e-05,0.599783360958,2.40005660057,-5.11741855007e-05,5.3414809372e-05,20,20,1.89662480354,0.014352267608,41.5200233459,0,0,0,0,3.28632449752e-14,588198.736828
35.6916666667,-1.02625954241e-05,0.599783360958,2.40005660057,-5.11741855007e-05,5.3414809372e-05,20,20,1.89662480354,0.014352267608,41.5200233459,0,0,0,0,5.17510396152e-14,588198.736828
35.7027777778,-1.02625954241e-05,0.599783360958,2.40005660057,-5.11741855007e-05,5.3414809372e-05,20,20,1.89662480354,0.014352267608,41.5200233459,0,0,0,0,1.38322538853e-14,588198.736828
35.7138888889,-1.02625954241e-05,0.599783360958,2.40005660057,-5.11741855007e-05,4.5786920964e-05,20,20,1.89662480354,0.014352267608,41.5200233459,0,0,0,0,2.67830590307e-14,588198.736828
35.725,-1.02625954241e-05,0.599783360958,2.40005660057,-5.11741855007e-05,5.3414809372e-05,20,20,1.89662480354,0.014352267608,41.5200233459,0,0,0,0,5.50799089508e-14,588198.736828
35.7361111111,-1.02625954241e-05,0.599783360958,2.40005660057,-5.11741855007e-05,5.3414809372e-05,20,20,1.89662480354,0.014352267608,41.5200233459,0,0,0,0,5.5505913927e-14,588198.736828
35.7472222222,-1.02625954241e-05,0.599783360958,2.40005660057,-5.11741855007e-05,4.5786920964e-05,20,20,1.89662480354,0.014352267608,41.5200233459,0,0,0,0,9.93031060968e-14,588198.736828
35.7583333333,-1.02625954241e-05,0.599783360958,2.40005660057,-5.11741855007e-05,5.3414809372e-05,20,20,1.89662480354,0.014352267608,41.5200233459,0,0,0,0,1.15772412136e-13,588198.736828
35.7694444444,-1.02625954241e-05,0.599783360958,2.40005660057,-5.11741855007e-05,5.3414809372e-05,20,20,1.89662480354,0.014352267608,41.5200233459,0,0,0,0,1.00186994547e-13,588198.736828
35.7805555556,-1.02625954241e-05,0.599783360958,2.40005660057,-5.11741855007e-05,5.3414809372e-05,20,20,1.89662480354,0.014352267608,41.5200233459,0,0,0,0,7.69972494363e-14,588198.736828
35.7916666667,-1.02625954241e-05,0.599783360958,2.40005660057,-5.11741855007e-05,5.3414809372e-05,20,20,1.89662480354,0.014352267608,41.5200233459,0,0,0,0,1.17012957701e-13,588198.736828
35.8027777778,-1.02625954241e-05,0.599783360958,2.40005660057,-5.11741855007e-05,4.5786920964e-05,20,20,1.89662480354,0.014352267608,41.5200233459,0,0,0,0,9.63478028394e-14,588198.736828
35.8138888889,-1.02625954241e-05,0.599783360958,2.40005660057,-5.11741855007e-05,5.3414809372e-05,20,20,1.89662480354,0.014352267608,41.5200233459,0,0,0,0,5.7796807249e-14,588198.736828
35.825,-1.02625954241e-05,0.599783360958,2.40005660057,-5.11741855007e-05,5.3414809372e-05,20,20,1.89662480354,0.014352267608,41.5200233459,0,0,0,0,5.0263761388e-14,588198.736828
35.8361111111,-1.02625954241e-05,0.599783360958,2.40005660057,-5.11741855007e-05,5.3414809372e-05,20,20,1.89662480354,0.014352267608,41.5200233459,0,0,0,0,3.44031371536e-14,588198.736828
35.8472222222,-1.02625954241e-05,0.599783360958,2.40005660057,-5.11741855007e-05,5.3414809372e-05,20,20,1.89662480354,0.014352267608,41.5200233459,0,0,0,0,3.32362370223e-14,588198.736828
35.8583333333,-1.02625954241e-05,0.599783360958,2.40005660057,-5.11741855007e-05,4.5786920964e-05,20,20,1.89662480354,0.014352267608,41.5200233459,0,0,0,0,1.58824162903e-14,588198.736828
35.8694444444,-1.02625954241e-05,0.599783360958,2.40005660057,-5.11741855007e-05,5.3414809372e-05,20,20,1.89662480354,0.014352267608,41.5200233459,0,0,0,0,3.72518214656e-14,588198.736828
35.8805555556,-1.02625954241e-05,0.599783360958,2.40005660057,-5.11741855007e-05,5.3414809372e-05,20,20,1.89662480354,0.014352267608,41.5200233459,0,0,0,0,3.49837103265e-14,588198.736828
35.8916666667,-1.02625954241e-05,0.599783360958,2.40005660057,-5.11741855007e-05,4.5786920964e-05,20,20,1.89662480354,0.014352267608,41.5200233459,0,0,0,0,8.75802390012e-14,588198.736828
35.9027777778,-1.02625954241e-05,0.599783360958,2.40005660057,-5.11741855007e-05,5.3414809372e-05,20,20,1.89662480354,0.014352267608,41.5200233459,0,0,0,0,5.36863130307e-14,588198.736828
35.9138888889,-1.02625954241e-05,0.599783360958,2.40005660057,-5.11741855007e-05,5.3414809372e-05,20,20,1.89662480354,0.014352267608,41.5200233459,0,0,0,0,1.86627524114e-14,588198.736828
35.925,-1.02625954241e-05,0.599783360958,2.40005660057,-5.11741855007e-05,5.3414809372e-05,20,20,1.89662480354,0.014352267608,41.5200233459,0,0,0,0,2.53339874864e-14,588198.736828
35.9361111111,-1.02625954241e-05,0.599783360958,2.40005660057,-5.11741855007e-05,5.3414809372e-05,20,20,1.89662480354,0.014352267608,41.5200233459,0,0,0,0,9.47435102943e-14,588198.736828
35.9472222222,-1.02625954241e-05,0.599783360958,2.40005660057,-5.11741855007e-05,4.5786920964e-05,20,20,1.89662480354,0.014352267608,41.5200233459,0,0,0,0,1.81474947221e-14,588198.736828
35.9583333333,-1.02625954241e-05,0.599783360958,2.40005660057,-5.11741855007e-05,5.3414809372e-05,20,20,1.89662480354,0.014352267608,41.5200233459,0,0,0,0,1.54070632408e-14,588198.736828
35.9694444444,-1.02625954241e-05,0.599783360958,2.40005660057,-5.11741855007e-05,5.3414809372e-05,20,20,1.89662480354,0.014352267608,41.5200233459,0,0,0,0,5.16068610842e-14,588198.736828
35.9805555556,-1.02625954241e-05,0.599783360958,2.40005660057,-5.11741855007e-05,5.3414809372e-05,20,20,1.89662480354,0.014352267608,41.5200233459,0,0,0,0,5.1053486259e-14,588198.736828
35.9916666667,-1.02625954241e-05,0.599783360958,2.40005660057,-5.11741855007e-05,5.3414809372e-05,20,20,1.89662480354,0.014352267608,41.5200233459,0,0,0,0,1.68174480293e-14,588198.736828
36.0027777778,-1.02625954241e-05,0.599783360958,2.40005660057,-5.11741855007e-05,4.5786920964e-05,20,20,1.89662480354,0.014352267608,41.5200233459,0,0,0,0,3.78096807574e-14,588198.736828
36.0138888889,-1.02625954241e-05,0.599783360958,2.40005660057,-5.11741855007e-05,5.3414809372e-05,20,20,1.89662480354,0.014352267608,41.5200233459,0,0,0,0,1.08662986452e-13,588198.736828
36.025,-1.02625954241e-05,0.599783360958,2.40005660057,-5.11741855007e-05,5.3414809372e-05,20,20,1.89662480354,0.014352267608,41.5200233459,0,0,0,0,1.07165029262e-14,588198.736828
36.0361111111,-1.02625954241e-05,0.599783360958,2.40005660057,-5.11741855007e-05,4.5786920964e-05,20,20,1.89662480354,0.014352267608,41.5200233459,0,0,0,0,2.63584001825e-14,588198.736828
36.0472222222,-1.02625954241e-05,0.599783360958,2.40005660057,-5.11741855007e-05,5.3414809372e-05,20,20,1.89662480354,0.014352267608,41.5200233459,0,0,0,0,4.90123133192e-14,588198.736828
36.0583333333,-1.02625954241e-05,0.599783360958,2.40005660057,-5.11741855007e-05,5.3414809372e-05,20,20,1.89662480354,0.014352267608,41.5200233459,0,0,0,0,7.36262518182e-14,588198.736828
36.0694444444,-1.02625954241e-05,0.599783360958,2.40005660057,-5.11741855007e-05,5.3414809372e-05,20,20,1.89662480354,0.014352267608,41.5200233459,0,0,0,0,3.52972162253e-14,588198.736828
36.0805555556,-1.02625954241e-05,0.599783360958,2.40005660057,-5.11741855007e-05,5.3414809372e-05,20,20,1.89662480354,0.014352267608,41.5200233459,0,0,0,0,8.34122155966e-14,588198.736828
36.0916666667,-1.02625954241e-05,0.599783360958,2.40005660057,-5.11741855007e-05,4.5786920964e-05,20,20,1.89662480354,0.014352267608,41.5200233459,0,0,0,0,1.66709021581e-13,588198.736828
36.1027777778,-1.02625954241e-05,0.599783360958,2.40005660057,-5.11741855007e-05,5.3414809372e-05,20,20,1.89662480354,0.014352267608,41.5200233459,0,0,0,0,7.41581702413e-14,588198.736828
36.1138888889,-1.02625954241e-05,0.599783360958,2.40005660057,-5.11741855007e-05,5.3414809372e-05,20,20,1.89662480354,0.014352267608,41.5200233459,0,0,0,0,1.28344092572e-14,588198.736828
36.125,-1.02625954241e-05,0.599783360958,2.40005660057,-5.11741855007e-05,5.3414809372e-05,20,20,1.89662480354,0.014352267608,41.5200233459,0,0,0,0,3.38705920626e-14,588198.736828
36.1361111111,-1.02625954241e-05,0.599783360958,2.40005660057,-5.11741855007e-05,5.3414809372e-05,20,20,1.89662480354,0.014352267608,41.5200233459,0,0,0,0,2.45707444079e-14,588198.736828
36.1472222222,-1.02625954241e-05,0.599783360958,2.40005660057,-5.11741855007e-05,4.5786920964e-05,20,20,1.89662480354,0.014352267608,41.5200233459,0,0,0,0,7.56346794664e-15,588198.736828
36.1583333333,-1.02625954241e-05,0.599783360958,2.40005660057,-5.11741855007e-05,5.3414809372e-05,20,20,1.89662480354,0.014352267608,41.5200233459,0,0,0,0,7.94896545041e-14,588198.736828
36.1694444444,-1.02625954241e-05,0.599783360958,2.40005660057,-5.11741855007e-05,5.3414809372e-05,20,20,1.89662480354,0.014352267608,41.5200233459,0,0,0,0,4.11484214808e-14,588198.736828
36.1805555556,-1.02625954241e-05,0.599783360958,2.40005660057,-5.11741855007e-05,4.5786920964e-05,20,20,1.89662480354,0.014352267608,41.5200233459,0,0,0,0,2.19216733394e-14,588198.736828
36.1916666667,-1.02625954241e-05,0.599783360958,2.40005660057,-5.11741855007e-05,5.3414809372e-05,20,20,1.89662480354,0.014352267608,41.5200233459,0,0,0,0,5.71283967862e-14,588198.736828
36.2027777778,-1.02625954241e-05,0.599783360958,2.40005660057,-5.11741855007e-05,5.3414809372e-05,20,20,1.89662480354,0.014352267608,41.5200233459,0,0,0,0,4.52291220641e-14,588198.736828
36.2138888889,-1.02625954241e-05,0.599783360958,2.40005660057,-5.11741855007e-05,5.3414809372e-05,20,20,1.89662480354,0.014352267608,41.5200233459,0,0,0,0,1.05293271406e-13,588198.736828
36.225,-1.02625954241e-05,0.599783360958,2.40005660057,-5.11741855007e-05,5.3414809372e-05,20,20,1.89662480354,0.014352267608,41.5200233459,0,0,0,0,1.05335833944e-13,588198.736828
36.2361111111,-1.02625954241e-05,0.599783360958,2.40005660057,-5.11741855007e-05,4.5786920964e-05,20,20,1.89662480354,0.014352267608,41.5200233459,0,0,0,0,1.17252871936e-13,588198.736828
36.2472222222,-1.02625954241e-05,0.599783360958,2.40005660057,-5.11741855007e-05,5.3414809372e-05,20,20,1.89662480354,0.014352267608,41.5200233459,0,0,0,0,1.49853373837e-13,588198.736828
36.2583333333,-1.02625954241e-05,0.599783360958,2.40005660057,-5.11741855007e-05,5.3414809372e-05,20,20,1.89662480354,0.014352267608,41.5200233459,0,0,0,0,3.69482071053e-14,588198.736828
36.2694444444,-1.02625954241e-05,0.599783360958,2.40005660057,-5.11741855007e-05,5.3414809372e-05,20,20,1.89662480354,0.014352267608,41.5200233459,0,0,0,0,5.83832835912e-14,588198.736828
36.2805555556,-1.02625954241e-05,0.599783360958,2.40005660057,-5.11741855007e-05,5.3414809372e-05,20,20,1.89662480354,0.014352267608,41.5200233459,0,0,0,0,2.03096177523e-14,588198.736828
36.2916666667,-1.02625954241e-05,0.599783360958,2.40005660057,-5.11741855007e-05,4.5786920964e-05,20,20,1.89662480354,0.014352267608,41.5200233459,0,0,0,0,8.18891286026e-14,588198.736828
36.3027777778,-1.02625954241e-05,0.599783360958,2.40005660057,-5.11741855007e-05,5.3414809372e-05,20,20,1.89662480354,0.014352267608,41.5200233459,0,0,0,0,5.38633777647e-14,588198.736828
36.3138888889,-1.02625954241e-05,0.599783360958,2.40005660057,-5.11741855007e-05,5.3414809372e-05,20,20,1.89662480354,0.014352267608,41.5200233459,0,0,0,0,1.34705160188e-13,588198.736828
36.325,-1.02625954241e-05,0.599783360958,2.40005660057,-5.11741855007e-05,4.5786920964e-05,20,20,1.89662480354,0.014352267608,41.5200233459,0,0,0,0,3.98607087482e-14,588198.736828
36.3361111111,-1.02625954241e-05,0.599783360958,2.40005660057,-5.11741855007e-05,5.3414809372e-05,20,20,1.89662480354,0.014352267608,41.5200233459,0,0,0,0,1.37726379682e-14,588198.736828
36.3472222222,-1.02625954241e-05,0.599783360958,2.40005660057,-5.11741855007e-05,5.3414809372e-05,20,20,1.89662480354,0.014352267608,41.5200233459,0,0,0,0,7.77639248049e-14,588198.736828
36.3583333333,-1.02625954241e-05,0.599783360958,2.40005660057,-5.11741855007e-05,5.3414809372e-05,20,20,1.89662480354,0.014352267608,41.5200233459,0,0,0,0,2.04458771362e-14,588198.736828
36.3694444444,-1.02625954241e-05,0.599783360958,2.40005660057,-5.11741855007e-05,5.3414809372e-05,20,20,1.89662480354,0.014352267608,41.5200233459,0,0,0,0,4.65816174747e-15,588198.736828
36.3805555556,-1.02625954241e-05,0.599783360958,2.40005660057,-5.11741855007e-05,4.5786920964e-05,20,20,1.89662480354,0.014352267608,41.5200233459,0,0,0,0,5.73444111295e-14,588198.736828
36.3916666667,-1.02625954241e-05,0.599783360958,2.40005660057,-5.11741855007e-05,5.3414809372e-05,20,20,1.89662480354,0.014352267608,41.5200233459,0,0,0,0,6.40239174117e-14,588198.736828
36.4027777778,-1.02625954241e-05,0.599783360958,2.40005660057,-5.11741855007e-05,5.3414809372e-05,20,20,1.89662480354,0.014352267608,41.5200233459,0,0,0,0,5.05676960676e-14,588198.736828
36.4138888889,-1.02625954241e-05,0.599783360958,2.40005660057,-5.11741855007e-05,5.3414809372e-05,20,20,1.89662480354,0.014352267608,41.5200233459,0,0,0,0,9.90713360898e-14,588198.736828
36.425,-1.02625954241e-05,0.599783360958,2.40005660057,-5.11741855007e-05,5.3414809372e-05,20,20,1.89662480354,0.014352267608,41.5200233459,0,0,0,0,7.59680276545e-14,588198.736828
36.4361111111,-1.02625954241e-05,0.599783360958,2.40005660057,-5.11741855007e-05,4.5786920964e-05,20,20,1.89662480354,0.014352267608,41.5200233459,0,0,0,0,3.17665140357e-14,588198.736828
36.4472222222,-1.02625954241e-05,0.599783360958,2.40005660057,-5.11741855007e-05,5.3414809372e-05,20,20,1.89662480354,0.014352267608,41.5200233459,0,0,0,0,1.40604493822e-14,588198.736828
36.4583333333,-1.02625954241e-05,0.599783360958,2.40005660057,-5.11741855007e-05,5.3414809372e-05,20,20,1.89662480354,0.014352267608,41.5200233459,0,0,0,0,1.75683167822e-14,588198.736828
36.4694444444,-1.02625954241e-05,0.599783360958,2.40005660057,-5.11741855007e-05,4.5786920964e-05,20,20,1.89662480354,0.014352267608,41.5200233459,0,0,0,0,5.19175283319e-14,588198.736828
36.4805555556,-1.02625954241e-05,0.599783360958,2.40005660057,-5.11741855007e-05,5.3414809372e-05,20,20,1.89662480354,0.014352267608,41.5200233459,0,0,0,0,2.30952310019e-14,588198.736828
36.4916666667,-1.02625954241e-05,0.599783360958,2.40005660057,-5.11741855007e-05,5.3414809372e-05,20,20,1.89662480354,0.014352267608,41.5200233459,0,0,0,0,1.40360085077e-14,588198.736828
36.5027777778,-1.02625954241e-05,0.599783360958,2.40005660057,-5.11741855007e-05,5.3414809372e-05,20,20,1.89662480354,0.014352267608,41.5200233459,0,0,0,0,2.1146780265e-14,588198.736828
36.5138888889,-1.02625954241e-05,0.599783360958,2.40005660057,-5.11741855007e-05,5.3414809372e-05,20,20,1.89662480354,0.014352267608,41.5200233459,0,0,0,0,1.46728655645e-13,588198.736828
36.525,-1.02625954241e-05,0.599783360958,2.40005660057,-5.11741855007e-05,4.5786920964e-05,20,20,1.89662480354,0.014352267608,41.5200233459,0,0,0,0,1.48631981929e-13,588198.736828
36.5361111111,-1.02625954241e-05,0.599783360958,2.40005660057,-5.11741855007e-05,5.3414809372e-05,20,20,1.89662480354,0.014352267608,41.5200233459,0,0,0,0,1.20758751547e-13,588198.736828
36.5472222222,-1.02625954241e-05,0.599783360958,2.40005660057,-5.11741855007e-05,5.3414809372e-05,20,20,1.89662480354,0.014352267608,41.5200233459,0,0,0,0,9.40230883445e-14,588198.736828
36.5583333333,-1.02625954241e-05,0.599783360958,2.40005660057,-5.11741855007e-05,5.3414809372e-05,20,20,1.89662480354,0.014352267608,41.5200233459,0,0,0,0,3.51350887074e-14,588198.736828
36.5694444444,-1.02625954241e-05,0.599783360958,2.40005660057,-5.11741855007e-05,5.3414809372e-05,20,20,1.89662480354,0.014352267608,41.5200233459,0,0,0,0,2.16075436442e-14,588198.736828
36.5805555556,-1.02625954241e-05,0.599783360958,2.40005660057,-5.11741855007e-05,4.5786920964e-05,20,20,1.89662480354,0.014352267608,41.5200233459,0,0,0,0,2.15835445751e-14,588198.736828
36.5916666667,-1.02625954241e-05,0.599783360958,2.40005660057,-5.11741855007e-05,5.3414809372e-05,20,20,1.89662480354,0.014352267608,41.5200233459,0,0,0,0,4.58391682575e-14,588198.736828
36.6027777778,-1.02625954241e-05,0.599783360958,2.40005660057,-5.11741855007e-05,5.3414809372e-05,20,20,1.89662480354,0.014352267608,41.5200233459,0,0,0,0,3.95209646444e-14,588198.736828
36.6138888889,-1.02625954241e-05,0.599783360958,2.40005660057,-5.11741855007e-05,4.5786920964e-05,20,20,1.89662480354,0.014352267608,41.5200233459,0,0,0,0,2.97925621418e-14,588198.736828
36.625,-1.02625954241e-05,0.599783360958,2.40005660057,-5.11741855007e-05,5.3414809372e-05,20,20,1.89662480354,0.014352267608,41.5200233459,0,0,0,0,4.08318948451e-14,588198.736828
36.6361111111,-1.02625954241e-05,0.599783360958,2.40005660057,-5.11741855007e-05,5.3414809372e-05,20,20,1.89662480354,0.014352267608,41.5200233459,0,0,0,0,6.27368700695e-14,588198.736828
36.6472222222,-1.02625954241e-05,0.599783360958,2.40005660057,-5.11741855007e-05,5.3414809372e-05,20,20,1.89662480354,0.014352267608,41.5200233459,0,0,0,0,1.11397492617e-14,588198.736828
36.6583333333,-1.02625954241e-05,0.599783360958,2.40005660057,-5.11741855007e-05,5.3414809372e-05,20,20,1.89662480354,0.014352267608,41.5200233459,0,0,0,0,3.05370587587e-14,588198.736828
36.6694444444,-1.02625954241e-05,0.599783360958,2.40005660057,-5.11741855007e-05,4.5786920964e-05,20,20,1.89662480354,0.014352267608,41.5200233459,0,0,0,0,4.67166890039e-14,588198.736828
36.6805555556,-1.02625954241e-05,0.599783360958,2.40005660057,-5.11741855007e-05,5.3414809372e-05,20,20,1.89662480354,0.014352267608,41.5200233459,0,0,0,0,5.21058177089e-14,588198.736828
36.6916666667,-1.02625954241e-05,0.599783360958,2.40005660057,-5.11741855007e-05,5.3414809372e-05,20,20,1.89662480354,0.014352267608,41.5200233459,0,0,0,0,1.26127854209e-14,588198.736828
36.7027777778,-1.02625954241e-05,0.599783360958,2.40005660057,-5.11741855007e-05,5.3414809372e-05,20,20,1.89662480354,0.014352267608,41.5200233459,0,0,0,0,2.23295364215e-14,588198.736828
36.7138888889,-1.02625954241e-05,0.599783360958,2.40005660057,-5.11741855007e-05,5.3414809372e-05,20,20,1.89662480354,0.014352267608,41.5200233459,0,0,0,0,1.0078120397e-14,588198.736828
36.725,-1.02625954241e-05,0.599783360958,2.40005660057,-5.11741855007e-05,4.5786920964e-05,20,20,1.89662480354,0.014352267608,41.5200233459,0,0,0,0,2.07413449361e-14,588198.736828
36.7361111111,-1.02625954241e-05,0.599783360958,2.40005660057,-5.11741855007e-05,5.3414809372e-05,20,20,1.89662480354,0.014352267608,41.5200233459,0,0,0,0,1.69984581046e-14,588198.736828
36.7472222222,-1.02625954241e-05,0.599783360958,2.40005660057,-5.11741855007e-05,5.3414809372e-05,20,20,1.89662480354,0.014352267608,41.5200233459,0,0,0,0,2.14266719991e-13,588198.736828
36.7583333333,-1.02625954241e-05,0.599783360958,2.40005660057,-5.11741855007e-05,4.5786920964e-05,20,20,1.89662480354,0.014352267608,41.5200233459,0,0,0,0,1.78390703331e-13,588198.736828
36.7694444444,-1.02625954241e-05,0.599783360958,2.40005660057,-5.11741855007e-05,5.3414809372e-05,20,20,1.89662480354,0.014352267608,41.5200233459,0,0,0,0,1.66308148352e-13,588198.736828
36.7805555556,-1.02625954241e-05,0.599783360958,2.40005660057,-5.11741855007e-05,5.3414809372e-05,20,20,1.89662480354,0.014352267608,41.5200233459,0,0,0,0,1.73579457901e-13,588198.736828
36.7916666667,-1.02625954241e-05,0.599783360958,2.40005660057,-5.11741855007e-05,5.3414809372e-05,20,20,1.89662480354,0.014352267608,41.5200233459,0,0,0,0,4.72249820246e-14,588198.736828
36.8027777778,-1.02625954241e-05,0.599783360958,2.40005660057,-5.11741855007e-05,5.3414809372e-05,20,20,1.89662480354,0.014352267608,41.5200233459,0,0,0,0,3.70421897811e-14,588198.736828
36.8138888889,-1.02625954241e-05,0.599783360958,2.40005660057,-5.11741855007e-05,4.5786920964e-05,20,20,1.89662480354,0.014352267608,41.5200233459,0,0,0,0,5.15376728215e-14,588198.736828
36.825,-1.02625954241e-05,0.599783360958,2.40005660057,-5.11741855007e-05,5.3414809372e-05,20,20,1.89662480354,0.014352267608,41.5200233459,0,0,0,0,4.84222658779e-14,588198.736828
36.8361111111,-1.02625954241e-05,0.599783360958,2.40005660057,-5.11741855007e-05,5.3414809372e-05,20,20,1.89662480354,0.014352267608,41.5200233459,0,0,0,0,1.31105524463e-14,588198.736828
36.8472222222,-1.02625954241e-05,0.599783360958,2.40005660057,-5.11741855007e-05,5.3414809372e-05,20,20,1.89662480354,0.014352267608,41.5200233459,0,0,0,0,2.59030249336e-14,588198.736828
36.8583333333,-1.02625954241e-05,0.599783360958,2.40005660057,-5.11741855007e-05,5.3414809372e-05,20,20,1.89662480354,0.014352267608,41.5200233459,0,0,0,0,3.69024573478e-14,588198.736828
36.8694444444,-1.02625954241e-05,0.599783360958,2.40005660057,-5.11741855007e-05,4.5786920964e-05,20,20,1.89662480354,0.014352267608,41.5200233459,0,0,0,0,3.60469189402e-14,588198.736828
36.8805555556,-1.02625954241e-05,0.599783360958,2.40005660057,-5.11741855007e-05,5.3414809372e-05,20,20,1.89662480354,0.014352267608,41.5200233459,0,0,0,0,9.91595784635e-15,588198.736828
36.8916666667,-1.02625954241e-05,0.599783360958,2.40005660057,-5.11741855007e-05,5.3414809372e-05,20,20,1.89662480354,0.014352267608,41.5200233459,0,0,0,0,1.46617595946e-14,588198.736828
36.9027777778,-1.02625954241e-05,0.599783360958,2.40005660057,-5.11741855007e-05,4.5786920964e-05,20,20,1.89662480354,0.014352267608,41.5200233459,0,0,0,0,1.38474998897e-14,588198.736828
36.9138888889,-1.02625954241e-05,0.599783360958,2.40005660057,-5.11741855007e-05,5.3414809372e-05,20,20,1.89662480354,0.014352267608,41.5200233459,0,0,0,0,1.19590015306e-14,588198.736828
36.925,-1.02625954241e-05,0.599783360958,2.40005660057,-5.11741855007e-05,5.3414809372e-05,20,20,1.89662480354,0.014352267608,41.5200233459,0,0,0,0,6.4944943338e-14,588198.736828
36.9361111111,-1.02625954241e-05,0.599783360958,2.40005660057,-5.11741855007e-05,5.3414809372e-05,20,20,1.89662480354,0.014352267608,41.5200233459,0,0,0,0,2.59330599197e-14,588198.736828
36.9472222222,-1.02625954241e-05,0.599783360958,2.40005660057,-5.11741855007e-05,5.3414809372e-05,20,20,1.89662480354,0.014352267608,41.5200233459,0,0,0,0,7.75770761991e-15,588198.736828
36.9583333333,-1.02625954241e-05,0.599783360958,2.40005660057,-5.11741855007e-05,4.5786920964e-05,20,20,1.89662480354,0.014352267608,41.5200233459,0,0,0,0,2.89725255386e-14,588198.736828
36.9694444444,-1.02625954241e-05,0.599783360958,2.40005660057,-5.11741855007e-05,5.3414809372e-05,20,20,1.89662480354,0.014352267608,41.5200233459,0,0,0,0,9.92170898042e-14,588198.736828
36.9805555556,-1.02625954241e-05,0.599783360958,2.40005660057,-5.11741855007e-05,5.3414809372e-05,20,20,1.89662480354,0.014352267608,41.5200233459,0,0,0,0,2.36435972072e-13,588198.736828
36.9916666667,-1.02625954241e-05,0.599783360958,2.40005660057,-5.11741855007e-05,5.3414809372e-05,20,20,1.89662480354,0.014352267608,41.5200233459,0,0,0,0,5.70443743465e-13,588198.736828
37.0027777778,-1.02625954241e-05,0.599783360958,2.40005660057,-5.11741855007e-05,5.3414809372e-05,20,20,1.89662480354,0.014352267608,41.5200233459,0,0,0,0,5.33462908426e-14,588198.736828
37.0138888889,-1.02625954241e-05,0.599783360958,2.40005660057,-5.11741855007e-05,4.5786920964e-05,20,20,1.89662480354,0.014352267608,41.5200233459,0,0,0,0,1.58866603655e-14,588198.736828
37.025,-1.02625954241e-05,0.599783360958,2.40005660057,-5.11741855007e-05,5.3414809372e-05,20,20,1.89662480354,0.014352267608,41.5200233459,0,0,0,0,3.95153545964e-14,588198.736828
37.0361111111,-1.02625954241e-05,0.599783360958,2.40005660057,-5.11741855007e-05,5.3414809372e-05,20,20,1.89662480354,0.014352267608,41.5200233459,0,0,0,0,6.5399929196e-14,588198.736828
37.0472222222,-1.02625954241e-05,0.599783360958,2.40005660057,-5.11741855007e-05,4.5786920964e-05,20,20,1.89662480354,0.014352267608,41.5200233459,0,0,0,0,5.71016337026e-14,588198.736828
37.0583333333,-1.02625954241e-05,0.599783360958,2.40005660057,-5.11741855007e-05,5.3414809372e-05,20,20,1.89662480354,0.014352267608,41.5200233459,0,0,0,0,4.49550122425e-14,588198.736828
37.0694444444,-1.02625954241e-05,0.599783360958,2.40005660057,-5.11741855007e-05,5.3414809372e-05,20,20,1.89662480354,0.014352267608,41.5200233459,0,0,0,0,5.50645811211e-14,588198.736828
37.0805555556,-1.02625954241e-05,0.599783360958,2.40005660057,-5.11741855007e-05,5.3414809372e-05,20,20,1.89662480354,0.014352267608,41.5200233459,0,0,0,0,6.8182611719e-14,588198.736828
37.0916666667,-1.02625954241e-05,0.599783360958,2.40005660057,-5.11741855007e-05,5.3414809372e-05,20,20,1.89662480354,0.014352267608,41.5200233459,0,0,0,0,8.41545361965e-14,588198.736828
37.1027777778,-1.02625954241e-05,0.599783360958,2.40005660057,-5.11741855007e-05,4.5786920964e-05,20,20,1.89662480354,0.014352267608,41.5200233459,0,0,0,0,6.80273084884e-14,588198.736828
37.1138888889,-1.02625954241e-05,0.599783360958,2.40005660057,-5.11741855007e-05,5.3414809372e-05,20,20,1.89662480354,0.014352267608,41.5200233459,0,0,0,0,5.317065929e-14,588198.736828
37.125,-1.02625954241e-05,0.599783360958,2.40005660057,-5.11741855007e-05,5.3414809372e-05,20,20,1.89662480354,0.014352267608,41.5200233459,0,0,0,0,1.14265447192e-13,588198.736828
37.1361111111,-1.02625954241e-05,0.599783360958,2.40005660057,-5.11741855007e-05,5.3414809372e-05,20,20,1.89662480354,0.014352267608,41.5200233459,0,0,0,0,8.13807009635e-14,588198.736828
37.1472222222,-1.02625954241e-05,0.599783360958,2.40005660057,-5.11741855007e-05,5.3414809372e-05,20,20,1.89662480354,0.014352267608,41.5200233459,0,0,0,0,1.03166562945e-14,588198.736828
37.1583333333,-1.02625954241e-05,0.599783360958,2.40005660057,-5.11741855007e-05,4.5786920964e-05,20,20,1.89662480354,0.014352267608,41.5200233459,0,0,0,0,4.65974840512e-14,588198.736828
37.1694444444,-1.02625954241e-05,0.599783360958,2.40005660057,-5.11741855007e-05,5.3414809372e-05,20,20,1.89662480354,0.014352267608,41.5200233459,0,0,0,0,5.56333741618e-14,588198.736828
37.1805555556,-1.02625954241e-05,0.599783360958,2.40005660057,-5.11741855007e-05,5.3414809372e-05,20,20,1.89662480354,0.014352267608,41.5200233459,0,0,0,0,2.81835514652e-13,588198.736828
37.1916666667,-1.02625954241e-05,0.599783360958,2.40005660057,-5.11741855007e-05,4.5786920964e-05,20,20,1.89662480354,0.014352267608,41.5200233459,0,0,0,0,1.15459149342e-13,588198.736828
37.2027777778,-1.02625954241e-05,0.599783360958,2.40005660057,-5.11741855007e-05,5.3414809372e-05,20,20,1.89662480354,0.014352267608,41.5200233459,0,0,0,0,8.96838888122e-14,588198.736828
37.2138888889,-1.02625954241e-05,0.599783360958,2.40005660057,-5.11741855007e-05,5.3414809372e-05,20,20,1.89662480354,0.014352267608,41.5200233459,0,0,0,0,3.56294733714e-14,588198.736828
37.225,-1.02625954241e-05,0.599783360958,2.40005660057,-5.11741855007e-05,5.3414809372e-05,20,20,1.89662480354,0.014352267608,41.5200233459,0,0,0,0,1.05738136371e-13,588198.736828
37.2361111111,-1.02625954241e-05,0.599783360958,2.40005660057,-5.11741855007e-05,5.3414809372e-05,20,20,1.89662480354,0.014352267608,41.5200233459,0,0,0,0,3.61519816078e-13,588198.736828
37.2472222222,-1.02625954241e-05,0.599783360958,2.40005660057,-5.11741855007e-05,4.5786920964e-05,20,20,1.89662480354,0.014352267608,41.5200233459,0,0,0,0,4.19337775253e-13,588198.736828
37.2583333333,-1.02625954241e-05,0.599783360958,2.40005660057,-5.11741855007e-05,5.3414809372e-05,20,20,1.89662480354,0.014352267608,41.5200233459,0,0,0,0,2.03073086206e-13,588198.736828
37.2694444444,-1.02625954241e-05,0.599783360958,2.40005660057,-5.11741855007e-05,5.3414809372e-05,20,20,1.89662480354,0.014352267608,41.5200233459,0,0,0,0,3.68588823144e-14,588198.736828
37.2805555556,-1.02625954241e-05,0.599783360958,2.40005660057,-5.11741855007e-05,5.3414809372e-05,20,20,1.89662480354,0.014352267608,41.5200233459,0,0,0,0,5.68089233575e-14,588198.736828
37.2916666667,-1.02625954241e-05,0.599783360958,2.40005660057,-5.11741855007e-05,5.3414809372e-05,20,20,1.89662480354,0.014352267608,41.5200233459,0,0,0,0,2.0914200869e-14,588198.736828
37.3027777778,-1.02625954241e-05,0.599783360958,2.40005660057,-5.11741855007e-05,4.5786920964e-05,20,20,1.89662480354,0.014352267608,41.5200233459,0,0,0,0,2.46559825025e-14,588198.736828
37.3138888889,-1.02625954241e-05,0.599783360958,2.40005660057,-5.11741855007e-05,5.3414809372e-05,20,20,1.89662480354,0.014352267608,41.5200233459,0,0,0,0,1.78937154877e-13,588198.736828
37.325,-1.02625954241e-05,0.599783360958,2.40005660057,-5.11741855007e-05,5.3414809372e-05,20,20,1.89662480354,0.014352267608,41.5200233459,0,0,0,0,2.66434377319e-13,588198.736828
37.3361111111,-1.02625954241e-05,0.599783360958,2.40005660057,-5.11741855007e-05,4.5786920964e-05,20,20,1.89662480354,0.014352267608,41.5200233459,0,0,0,0,4.27490619056e-13,588198.736828
37.3472222222,-1.02625954241e-05,0.599783360958,2.40005660057,-5.11741855007e-05,5.3414809372e-05,20,20,1.89662480354,0.014352267608,41.5200233459,0,0,0,0,3.84597694061e-13,588198.736828
37.3583333333,-1.02625954241e-05,0.599783360958,2.40005660057,-5.11741855007e-05,5.3414809372e-05,20,20,1.89662480354,0.014352267608,41.5200233459,0,0,0,0,1.3389291886e-13,588198.736828
37.3694444444,-1.02625954241e-05,0.599783360958,2.40005660057,-5.11741855007e-05,5.3414809372e-05,20,20,1.89662480354,0.014352267608,41.5200233459,0,0,0,0,9.1456312892e-14,588198.736828
37.3805555556,-1.02625954241e-05,0.599783360958,2.40005660057,-5.11741855007e-05,5.3414809372e-05,20,20,1.89662480354,0.014352267608,41.5200233459,0,0,0,0,3.10892683978e-13,588198.736828
37.3916666667,-1.02625954241e-05,0.599783360958,2.40005660057,-5.11741855007e-05,4.5786920964e-05,20,20,1.89662480354,0.014352267608,41.5200233459,0,0,0,0,5.0246598094e-13,588198.736828
37.4027777778,-1.02625954241e-05,0.599783360958,2.40005660057,-5.11741855007e-05,5.3414809372e-05,20,20,1.89662480354,0.014352267608,41.5200233459,0,0,0,0,7.60940366974e-13,588198.736828
37.4138888889,-1.02625954241e-05,0.599783360958,2.40005660057,-5.11741855007e-05,5.3414809372e-05,20,20,1.89662480354,0.014352267608,41.5200233459,0,0,0,0,5.01846820611e-13,588198.736828
37.425,-1.02625954241e-05,0.599783360958,2.40005660057,-5.11741855007e-05,5.3414809372e-05,20,20,1.89662480354,0.014352267608,41.5200233459,0,0,0,0,6.24685469027e-14,588198.736828
37.4361111111,-1.02625954241e-05,0.599783360958,2.40005660057,-5.11741855007e-05,5.3414809372e-05,20,20,1.89662480354,0.014352267608,41.5200233459,0,0,0,0,4.12385762298e-14,588198.736828
37.4472222222,-1.02625954241e-05,0.599783360958,2.40005660057,-5.11741855007e-05,4.5786920964e-05,20,20,1.89662480354,0.014352267608,41.5200233459,0,0,0,0,1.31797291781e-13,588198.736828
37.4583333333,-1.02625954241e-05,0.599783360958,2.40005660057,-5.11741855007e-05,5.3414809372e-05,20,20,1.89662480354,0.014352267608,41.5200233459,0,0,0,0,1.5526168508e-13,588198.736828
37.4694444444,-1.02625954241e-05,0.599783360958,2.40005660057,-5.11741855007e-05,5.3414809372e-05,20,20,1.89662480354,0.014352267608,41.5200233459,0,0,0,0,7.68045726483e-14,588198.736828
37.4805555556,-1.02625954241e-05,0.599783360958,2.40005660057,-5.11741855007e-05,4.5786920964e-05,20,20,1.89662480354,0.014352267608,41.5200233459,0,0,0,0,1.23955100651e-13,588198.736828
37.4916666667,-1.02625954241e-05,0.599783360958,2.40005660057,-5.11741855007e-05,5.3414809372e-05,20,20,1.89662480354,0.014352267608,41.5200233459,0,0,0,0,1.31097018769e-13,588198.736828
37.5027777778,-1.02625954241e-05,0.599783360958,2.40005660057,-5.11741855007e-05,5.3414809372e-05,20,20,1.89662480354,0.014352267608,41.5200233459,0,0,0,0,2.75732929164e-14,588198.736828
37.5138888889,-1.02625954241e-05,0.599783360958,2.40005660057,-5.11741855007e-05,5.3414809372e-05,20,20,1.89662480354,0.014352267608,41.5200233459,0,0,0,0,4.03633239519e-14,588198.736828
37.525,-1.02625954241e-05,0.599783360958,2.40005660057,-5.11741855007e-05,5.3414809372e-05,20,20,1.89662480354,0.014352267608,41.5200233459,0,0,0,0,4.46127379027e-14,588198.736828
37.5361111111,-1.02625954241e-05,0.599783360958,2.40005660057,-5.11741855007e-05,4.5786920964e-05,20,20,1.89662480354,0.014352267608,41.5200233459,0,0,0,0,1.42726962882e-14,588198.736828
37.5472222222,-1.02625954241e-05,0.599783360958,2.40005660057,-5.11741855007e-05,5.3414809372e-05,20,20,1.89662480354,0.014352267608,41.5200233459,0,0,0,0,1.49836440733e-14,588198.736828
37.5583333333,-1.02625954241e-05,0.599783360958,2.40005660057,-5.11741855007e-05,5.3414809372e-05,20,20,1.89662480354,0.014352267608,41.5200233459,0,0,0,0,2.98922051415e-14,588198.736828
37.5694444444,-1.02625954241e-05,0.599783360958,2.40005660057,-5.11741855007e-05,5.3414809372e-05,20,20,1.89662480354,0.014352267608,41.5200233459,0,0,0,0,2.92643404372e-13,588198.736828
37.5805555556,-1.02625954241e-05,0.599783360958,2.40005660057,-5.11741855007e-05,5.3414809372e-05,20,20,1.89662480354,0.014352267608,41.5200233459,0,0,0,0,7.18914411073e-14,588198.736828
37.5916666667,-1.02625954241e-05,0.599783360958,2.40005660057,-5.11741855007e-05,4.5786920964e-05,20,20,1.89662480354,0.014352267608,41.5200233459,0,0,0,0,1.64964133607e-13,588198.736828
37.6027777778,-1.02625954241e-05,0.599783360958,2.40005660057,-5.11741855007e-05,5.3414809372e-05,20,20,1.89662480354,0.014352267608,41.5200233459,0,0,0,0,2.06012422764e-13,588198.736828
37.6138888889,-1.02625954241e-05,0.599783360958,2.40005660057,-5.11741855007e-05,5.3414809372e-05,20,20,1.89662480354,0.014352267608,41.5200233459,0,0,0,0,4.69679990095e-14,588198.736828
37.625,-1.02625954241e-05,0.599783360958,2.40005660057,-5.11741855007e-05,4.5786920964e-05,20,20,1.89662480354,0.014352267608,41.5200233459,0,0,0,0,3.62750944916e-14,588198.736828
37.6361111111,-1.02625954241e-05,0.599783360958,2.40005660057,-5.11741855007e-05,5.3414809372e-05,20,20,1.89662480354,0.014352267608,41.5200233459,0,0,0,0,2.06399942989e-13,588198.736828
37.6472222222,-1.02625954241e-05,0.599783360958,2.40005660057,-5.11741855007e-05,5.3414809372e-05,20,20,1.89662480354,0.014352267608,41.5200233459,0,0,0,0,2.08963447266e-13,588198.736828
37.6583333333,-1.02625954241e-05,0.599783360958,2.40005660057,-5.11741855007e-05,5.3414809372e-05,20,20,1.89662480354,0.014352267608,41.5200233459,0,0,0,0,8.04356403236e-14,588198.736828
37.6694444444,-1.02625954241e-05,0.599783360958,2.40005660057,-5.11741855007e-05,5.3414809372e-05,20,20,1.89662480354,0.014352267608,41.5200233459,0,0,0,0,3.79767863911e-14,588198.736828
37.6805555556,-1.02625954241e-05,0.599783360958,2.40005660057,-5.11741855007e-05,4.5786920964e-05,20,20,1.89662480354,0.014352267608,41.5200233459,0,0,0,0,8.41065966426e-15,588198.736828
37.6916666667,-1.02625954241e-05,0.599783360958,2.40005660057,-5.11741855007e-05,5.3414809372e-05,20,20,1.89662480354,0.014352267608,41.5200233459,0,0,0,0,7.62108916467e-14,588198.736828
37.7027777778,-1.02625954241e-05,0.599783360958,2.40005660057,-5.11741855007e-05,5.3414809372e-05,20,20,1.89662480354,0.014352267608,41.5200233459,0,0,0,0,1.38880408691e-13,588198.736828
37.7138888889,-1.02625954241e-05,0.599783360958,2.40005660057,-5.11741855007e-05,5.3414809372e-05,20,20,1.89662480354,0.014352267608,41.5200233459,0,0,0,0,6.99740841282e-14,588198.736828
37.725,-1.02625954241e-05,0.599783360958,2.40005660057,-5.11741855007e-05,5.3414809372e-05,20,20,1.89662480354,0.014352267608,41.5200233459,0,0,0,0,4.40239738265e-14,588198.736828
37.7361111111,-1.02625954241e-05,0.599783360958,2.40005660057,-5.11741855007e-05,4.5786920964e-05,20,20,1.89662480354,0.014352267608,41.5200233459,0,0,0,0,5.7290635621e-14,588198.736828
37.7472222222,-1.02625954241e-05,0.599783360958,2.40005660057,-5.11741855007e-05,5.3414809372e-05,20,20,1.89662480354,0.014352267608,41.5200233459,0,0,0,0,2.22209286113e-14,588198.736828
37.7583333333,-1.02625954241e-05,0.599783360958,2.40005660057,-5.11741855007e-05,5.3414809372e-05,20,20,1.89662480354,0.014352267608,41.5200233459,0,0,0,0,1.08673438443e-14,588198.736828
37.7694444444,-1.02625954241e-05,0.599783360958,2.40005660057,-5.11741855007e-05,4.5786920964e-05,20,20,1.89662480354,0.014352267608,41.5200233459,0,0,0,0,9.09875576367e-15,588198.736828
37.7805555556,-1.02625954241e-05,0.599783360958,2.40005660057,-5.11741855007e-05,5.3414809372e-05,20,20,1.89662480354,0.014352267608,41.5200233459,0,0,0,0,5.9862329034e-14,588198.736828
37.7916666667,-1.02625954241e-05,0.599783360958,2.40005660057,-5.11741855007e-05,5.3414809372e-05,20,20,1.89662480354,0.014352267608,41.5200233459,0,0,0,0,2.85496088664e-14,588198.736828
37.8027777778,-1.02625954241e-05,0.599783360958,2.40005660057,-5.11741855007e-05,5.3414809372e-05,20,20,1.89662480354,0.014352267608,41.5200233459,0,0,0,0,2.71534114962e-14,588198.736828
37.8138888889,-1.02625954241e-05,0.599783360958,2.40005660057,-5.11741855007e-05,5.3414809372e-05,20,20,1.89662480354,0.014352267608,41.5200233459,0,0,0,0,3.56967355055e-14,588198.736828
37.825,-1.02625954241e-05,0.599783360958,2.40005660057,-5.11741855007e-05,4.5786920964e-05,20,20,1.89662480354,0.014352267608,41.5200233459,0,0,0,0,2.1880518628e-14,588198.736828
37.8361111111,-1.02625954241e-05,0.599783360958,2.40005660057,-5.11741855007e-05,5.3414809372e-05,20,20,1.89662480354,0.014352267608,41.5200233459,0,0,0,0,3.51530812667e-14,588198.736828
37.8472222222,-1.02625954241e-05,0.599783360958,2.40005660057,-5.11741855007e-05,5.3414809372e-05,20,20,1.89662480354,0.014352267608,41.5200233459,0,0,0,0,2.40062658409e-14,588198.736828
37.8583333333,-1.02625954241e-05,0.599783360958,2.40005660057,-5.11741855007e-05,5.3414809372e-05,20,20,1.89662480354,0.014352267608,41.5200233459,0,0,0,0,3.25650280101e-14,588198.736828
37.8694444444,-1.02625954241e-05,0.599783360958,2.40005660057,-5.11741855007e-05,5.3414809372e-05,20,20,1.89662480354,0.014352267608,41.5200233459,0,0,0,0,1.7428610479e-14,588198.736828
37.8805555556,-1.02625954241e-05,0.599783360958,2.40005660057,-5.11741855007e-05,4.5786920964e-05,20,20,1.89662480354,0.014352267608,41.5200233459,0,0,0,0,6.01970598907e-14,588198.736828
37.8916666667,-1.02625954241e-05,0.599783360958,2.40005660057,-5.11741855007e-05,5.3414809372e-05,20,20,1.89662480354,0.014352267608,41.5200233459,0,0,0,0,2.69599117136e-14,588198.736828
37.9027777778,-1.02625954241e-05,0.599783360958,2.40005660057,-5.11741855007e-05,5.3414809372e-05,20,20,1.89662480354,0.014352267608,41.5200233459,0,0,0,0,3.47967617202e-14,588198.736828
37.9138888889,-1.02625954241e-05,0.599783360958,2.40005660057,-5.11741855007e-05,4.5786920964e-05,20,20,1.89662480354,0.014352267608,41.5200233459,0,0,0,0,2.10253920255e-14,588198.736828
37.925,-1.02625954241e-05,0.599783360958,2.40005660057,-5.11741855007e-05,5.3414809372e-05,20,20,1.89662480354,0.014352267608,41.5200233459,0,0,0,0,4.85906082824e-14,588198.736828
37.9361111111,-1.02625954241e-05,0.599783360958,2.40005660057,-5.11741855007e-05,5.3414809372e-05,20,20,1.89662480354,0.014352267608,41.5200233459,0,0,0,0,3.76488980665e-14,588198.736828
37.9472222222,-1.02625954241e-05,0.599783360958,2.40005660057,-5.11741855007e-05,5.3414809372e-05,20,20,1.89662480354,0.014352267608,41.5200233459,0,0,0,0,1.28257673736e-13,588198.736828
37.9583333333,-1.02625954241e-05,0.599783360958,2.40005660057,-5.11741855007e-05,5.3414809372e-05,20,20,1.89662480354,0.014352267608,41.5200233459,0,0,0,0,8.25430900886e-14,588198.736828
37.9694444444,-1.02625954241e-05,0.599783360958,2.40005660057,-5.11741855007e-05,4.5786920964e-05,20,20,1.89662480354,0.014352267608,41.5200233459,0,0,0,0,6.17114289543e-14,588198.736828
37.9805555556,-1.02625954241e-05,0.599783360958,2.40005660057,-5.11741855007e-05,5.3414809372e-05,20,20,1.89662480354,0.014352267608,41.5200233459,0,0,0,0,2.45230424743e-14,588198.736828
37.9916666667,-1.02625954241e-05,0.599783360958,2.40005660057,-5.11741855007e-05,5.3414809372e-05,20,20,1.89662480354,0.014352267608,41.5200233459,0,0,0,0,5.58585421979e-14,588198.736828
38.0027777778,-1.02625954241e-05,0.599783360958,2.40005660057,-5.11741855007e-05,5.3414809372e-05,20,20,1.89662480354,0.014352267608,41.5200233459,0,0,0,0,2.52071505139e-14,588198.736828
38.0138888889,-1.02625954241e-05,0.599783360958,2.40005660057,-5.11741855007e-05,5.3414809372e-05,20,20,1.89662480354,0.014352267608,41.5200233459,0,0,0,0,2.76555026652e-14,588198.736828
38.025,-1.02625954241e-05,0.599783360958,2.40005660057,-5.11741855007e-05,4.5786920964e-05,20,20,1.89662480354,0.014352267608,41.5200233459,0,0,0,0,1.50155467945e-14,588198.736828
38.0361111111,-1.02625954241e-05,0.599783360958,2.40005660057,-5.11741855007e-05,5.3414809372e-05,20,20,1.89662480354,0.014352267608,41.5200233459,0,0,0,0,3.39174827681e-14,588198.736828
38.0472222222,-1.02625954241e-05,0.599783360958,2.40005660057,-5.11741855007e-05,5.3414809372e-05,20,20,1.89662480354,0.014352267608,41.5200233459,0,0,0,0,3.7079088714e-15,588198.736828
38.0583333333,-1.02625954241e-05,0.599783360958,2.40005660057,-5.11741855007e-05,4.5786920964e-05,20,20,1.89662480354,0.014352267608,41.5200233459,0,0,0,0,7.5187279237e-15,588198.736828
38.0694444444,-1.02625954241e-05,0.599783360958,2.40005660057,-5.11741855007e-05,5.3414809372e-05,20,20,1.89662480354,0.014352267608,41.5200233459,0,0,0,0,4.85815351727e-14,588198.736828
38.0805555556,-1.02625954241e-05,0.599783360958,2.40005660057,-5.11741855007e-05,5.3414809372e-05,20,20,1.89662480354,0.014352267608,41.5200233459,0,0,0,0,4.79101744171e-14,588198.736828
38.0916666667,-1.02625954241e-05,0.599783360958,2.40005660057,-5.11741855007e-05,5.3414809372e-05,20,20,1.89662480354,0.014352267608,41.5200233459,0,0,0,0,8.85778324078e-15,588198.736828
38.1027777778,-1.02625954241e-05,0.599783360958,2.40005660057,-5.11741855007e-05,5.3414809372e-05,20,20,1.89662480354,0.014352267608,41.5200233459,0,0,0,0,2.98195858319e-14,588198.736828
38.1138888889,-1.02625954241e-05,0.599783360958,2.40005660057,-5.11741855007e-05,4.5786920964e-05,20,20,1.89662480354,0.014352267608,41.5200233459,0,0,0,0,3.38784450255e-14,588198.736828
38.125,-1.02625954241e-05,0.599783360958,2.40005660057,-5.11741855007e-05,5.3414809372e-05,20,20,1.89662480354,0.014352267608,41.5200233459,0,0,0,0,6.58859568342e-14,588198.736828
38.1361111111,-1.02625954241e-05,0.599783360958,2.40005660057,-5.11741855007e-05,5.3414809372e-05,20,20,1.89662480354,0.014352267608,41.5200233459,0,0,0,0,1.42980159894e-13,588198.736828
38.1472222222,-1.02625954241e-05,0.599783360958,2.40005660057,-5.11741855007e-05,5.3414809372e-05,20,20,1.89662480354,0.014352267608,41.5200233459,0,0,0,0,2.0109568361e-14,588198.736828
38.1583333333,-1.02625954241e-05,0.599783360958,2.40005660057,-5.11741855007e-05,5.3414809372e-05,20,20,1.89662480354,0.014352267608,41.5200233459,0,0,0,0,1.28456824281e-14,588198.736828
38.1694444444,-1.02625954241e-05,0.599783360958,2.40005660057,-5.11741855007e-05,4.5786920964e-05,20,20,1.89662480354,0.014352267608,41.5200233459,0,0,0,0,1.8056116698e-14,588198.736828
38.1805555556,-1.02625954241e-05,0.599783360958,2.40005660057,-5.11741855007e-05,5.3414809372e-05,20,20,1.89662480354,0.014352267608,41.5200233459,0,0,0,0,4.10243915984e-14,588198.736828
38.1916666667,-1.02625954241e-05,0.599783360958,2.40005660057,-5.11741855007e-05,5.3414809372e-05,20,20,1.89662480354,0.014352267608,41.5200233459,0,0,0,0,5.52428405871e-14,588198.736828
38.2027777778,-1.02625954241e-05,0.599783360958,2.40005660057,-5.11741855007e-05,4.5786920964e-05,20,20,1.89662480354,0.014352267608,41.5200233459,0,0,0,0,1.00062434928e-14,588198.736828
38.2138888889,-1.02625954241e-05,0.599783360958,2.40005660057,-5.11741855007e-05,5.3414809372e-05,20,20,1.89662480354,0.014352267608,41.5200233459,0,0,0,0,7.55757456371e-15,588198.736828
38.225,-1.02625954241e-05,0.599783360958,2.40005660057,-5.11741855007e-05,5.3414809372e-05,20,20,1.89662480354,0.014352267608,41.5200233459,0,0,0,0,1.08592080606e-14,588198.736828
38.2361111111,-1.02625954241e-05,0.599783360958,2.40005660057,-5.11741855007e-05,5.3414809372e-05,20,20,1.89662480354,0.014352267608,41.5200233459,0,0,0,0,3.07737889563e-14,588198.736828
38.2472222222,-1.02625954241e-05,0.599783360958,2.40005660057,-5.11741855007e-05,5.3414809372e-05,20,20,1.89662480354,0.014352267608,41.5200233459,0,0,0,0,1.28154502811e-13,588198.736828
38.2583333333,-1.02625954241e-05,0.599783360958,2.40005660057,-5.11741855007e-05,4.5786920964e-05,20,20,1.89662480354,0.014352267608,41.5200233459,0,0,0,0,2.47851862719e-14,588198.736828
38.2694444444,-1.02625954241e-05,0.599783360958,2.40005660057,-5.11741855007e-05,5.3414809372e-05,20,20,1.89662480354,0.014352267608,41.5200233459,0,0,0,0,2.39598200817e-14,588198.736828
38.2805555556,-1.02625954241e-05,0.599783360958,2.40005660057,-5.11741855007e-05,5.3414809372e-05,20,20,1.89662480354,0.014352267608,41.5200233459,0,0,0,0,1.00603119684e-13,588198.736828
38.2916666667,-1.02625954241e-05,0.599783360958,2.40005660057,-5.11741855007e-05,5.3414809372e-05,20,20,1.89662480354,0.014352267608,41.5200233459,0,0,0,0,3.49592876403e-14,588198.736828
38.3027777778,-1.02625954241e-05,0.599783360958,2.40005660057,-5.11741855007e-05,5.3414809372e-05,20,20,1.89662480354,0.014352267608,41.5200233459,0,0,0,0,2.35757685629e-14,588198.736828
38.3138888889,-1.02625954241e-05,0.599783360958,2.40005660057,-5.11741855007e-05,4.5786920964e-05,20,20,1.89662480354,0.014352267608,41.5200233459,0,0,0,0,5.25572299979e-14,588198.736828
38.325,-1.02625954241e-05,0.599783360958,2.40005660057,-5.11741855007e-05,5.3414809372e-05,20,20,1.89662480354,0.014352267608,41.5200233459,0,0,0,0,7.57753311812e-14,588198.736828
38.3361111111,-1.02625954241e-05,0.599783360958,2.40005660057,-5.11741855007e-05,5.3414809372e-05,20,20,1.89662480354,0.014352267608,41.5200233459,0,0,0,0,3.82460647309e-14,588198.736828
38.3472222222,-1.02625954241e-05,0.599783360958,2.40005660057,-5.11741855007e-05,4.5786920964e-05,20,20,1.89662480354,0.014352267608,41.5200233459,0,0,0,0,1.29414442186e-14,588198.736828
38.3583333333,-1.02625954241e-05,0.599783360958,2.40005660057,-5.11741855007e-05,5.3414809372e-05,20,20,1.89662480354,0.014352267608,41.5200233459,0,0,0,0,1.31561267772e-14,588198.736828
38.3694444444,-1.02625954241e-05,0.599783360958,2.40005660057,-5.11741855007e-05,5.3414809372e-05,20,20,1.89662480354,0.014352267608,41.5200233459,0,0,0,0,4.6258944648e-14,588198.736828
38.3805555556,-1.02625954241e-05,0.599783360958,2.40005660057,-5.11741855007e-05,5.3414809372e-05,20,20,1.89662480354,0.014352267608,41.5200233459,0,0,0,0,1.55738456056e-14,588198.736828
38.3916666667,-1.02625954241e-05,0.599783360958,2.40005660057,-5.11741855007e-05,5.3414809372e-05,20,20,1.89662480354,0.014352267608,41.5200233459,0,0,0,0,1.22354170082e-13,588198.736828
38.4027777778,-1.02625954241e-05,0.599783360958,2.40005660057,-5.11741855007e-05,4.5786920964e-05,20,20,1.89662480354,0.014352267608,41.5200233459,0,0,0,0,1.23415895432e-13,588198.736828
38.4138888889,-1.02625954241e-05,0.599783360958,2.40005660057,-5.11741855007e-05,5.3414809372e-05,20,20,1.89662480354,0.014352267608,41.5200233459,0,0,0,0,8.61444834077e-14,588198.736828
38.425,-1.02625954241e-05,0.599783360958,2.40005660057,-5.11741855007e-05,5.3414809372e-05,20,20,1.89662480354,0.014352267608,41.5200233459,0,0,0,0,1.26538575386e-14,588198.736828
38.4361111111,-1.02625954241e-05,0.599783360958,2.40005660057,-5.11741855007e-05,5.3414809372e-05,20,20,1.89662480354,0.014352267608,41.5200233459,0,0,0,0,4.35860333689e-14,588198.736828
38.4472222222,-1.02625954241e-05,0.599783360958,2.40005660057,-5.11741855007e-05,5.3414809372e-05,20,20,1.89662480354,0.014352267608,41.5200233459,0,0,0,0,1.42472823875e-14,588198.736828
38.4583333333,-1.02625954241e-05,0.599783360958,2.40005660057,-5.11741855007e-05,4.5786920964e-05,20,20,1.89662480354,0.014352267608,41.5200233459,0,0,0,0,3.09129137052e-14,588198.736828
38.4694444444,-1.02625954241e-05,0.599783360958,2.40005660057,-5.11741855007e-05,5.3414809372e-05,20,20,1.89662480354,0.014352267608,41.5200233459,0,0,0,0,3.40511843486e-14,588198.736828
38.4805555556,-1.02625954241e-05,0.599783360958,2.40005660057,-5.11741855007e-05,5.3414809372e-05,20,20,1.89662480354,0.014352267608,41.5200233459,0,0,0,0,6.76390342311e-14,588198.736828
38.4916666667,-1.02625954241e-05,0.599783360958,2.40005660057,-5.11741855007e-05,4.5786920964e-05,20,20,1.89662480354,0.014352267608,41.5200233459,0,0,0,0,7.86659634734e-14,588198.736828
38.5027777778,-1.02625954241e-05,0.599783360958,2.40005660057,-5.11741855007e-05,5.3414809372e-05,20,20,1.89662480354,0.014352267608,41.5200233459,0,0,0,0,4.45291715933e-14,588198.736828
38.5138888889,-1.02625954241e-05,0.599783360958,2.40005660057,-5.11741855007e-05,5.3414809372e-05,20,20,1.89662480354,0.014352267608,41.5200233459,0,0,0,0,1.11401682628e-13,588198.736828
38.525,-1.02625954241e-05,0.599783360958,2.40005660057,-5.11741855007e-05,5.3414809372e-05,20,20,1.89662480354,0.014352267608,41.5200233459,0,0,0,0,2.22192899833e-13,588198.736828
38.5361111111,-1.02625954241e-05,0.599783360958,2.40005660057,-5.11741855007e-05,5.3414809372e-05,20,20,1.89662480354,0.014352267608,41.5200233459,0,0,0,0,1.38312687394e-13,588198.736828
38.5472222222,-1.02625954241e-05,0.599783360958,2.40005660057,-5.11741855007e-05,4.5786920964e-05,20,20,1.89662480354,0.014352267608,41.5200233459,0,0,0,0,2.32275837003e-14,588198.736828
38.5583333333,-1.02625954241e-05,0.599783360958,2.40005660057,-5.11741855007e-05,5.3414809372e-05,20,20,1.89662480354,0.014352267608,41.5200233459,0,0,0,0,3.20380220165e-14,588198.736828
38.5694444444,-1.02625954241e-05,0.599783360958,2.40005660057,-5.11741855007e-05,5.3414809372e-05,20,20,1.89662480354,0.014352267608,41.5200233459,0,0,0,0,5.69206821798e-15,588198.736828
38.5805555556,-1.02625954241e-05,0.599783360958,2.40005660057,-5.11741855007e-05,5.3414809372e-05,20,20,1.89662480354,0.014352267608,41.5200233459,0,0,0,0,4.13149833431e-14,588198.736828
38.5916666667,-1.02625954241e-05,0.599783360958,2.40005660057,-5.11741855007e-05,5.3414809372e-05,20,20,1.89662480354,0.014352267608,41.5200233459,0,0,0,0,4.31300299114e-14,588198.736828
38.6027777778,-1.02625954241e-05,0.599783360958,2.40005660057,-5.11741855007e-05,4.5786920964e-05,20,20,1.89662480354,0.014352267608,41.5200233459,0,0,0,0,1.6650302428e-14,588198.736828
38.6138888889,-1.02625954241e-05,0.599783360958,2.40005660057,-5.11741855007e-05,5.3414809372e-05,20,20,1.89662480354,0.014352267608,41.5200233459,0,0,0,0,5.08857778818e-14,588198.736828
38.625,-1.02625954241e-05,0.599783360958,2.40005660057,-5.11741855007e-05,5.3414809372e-05,20,20,1.89662480354,0.014352267608,41.5200233459,0,0,0,0,1.97876821346e-14,588198.736828
38.6361111111,-1.02625954241e-05,0.599783360958,2.40005660057,-5.11741855007e-05,4.5786920964e-05,20,20,1.89662480354,0.014352267608,41.5200233459,0,0,0,0,3.61364591984e-14,588198.736828
38.6472222222,-1.02625954241e-05,0.599783360958,2.40005660057,-5.11741855007e-05,5.3414809372e-05,20,20,1.89662480354,0.014352267608,41.5200233459,0,0,0,0,2.60423697973e-14,588198.736828
38.6583333333,-1.02625954241e-05,0.599783360958,2.40005660057,-5.11741855007e-05,5.3414809372e-05,20,20,1.89662480354,0.014352267608,41.5200233459,0,0,0,0,3.43363602217e-14,588198.736828
38.6694444444,-1.02625954241e-05,0.599783360958,2.40005660057,-5.11741855007e-05,5.3414809372e-05,20,20,1.89662480354,0.014352267608,41.5200233459,0,0,0,0,8.37622934024e-14,588198.736828
38.6805555556,-1.02625954241e-05,0.599783360958,2.40005660057,-5.11741855007e-05,5.3414809372e-05,20,20,1.89662480354,0.014352267608,41.5200233459,0,0,0,0,7.58513501142e-14,588198.736828
38.6916666667,-1.02625954241e-05,0.599783360958,2.40005660057,-5.11741855007e-05,4.5786920964e-05,20,20,1.89662480354,0.014352267608,41.5200233459,0,0,0,0,3.99279344768e-14,588198.736828
38.7027777778,-1.02625954241e-05,0.599783360958,2.40005660057,-5.11741855007e-05,5.3414809372e-05,20,20,1.89662480354,0.014352267608,41.5200233459,0,0,0,0,3.16467211349e-14,588198.736828
38.7138888889,-1.02625954241e-05,0.599783360958,2.40005660057,-5.11741855007e-05,5.3414809372e-05,20,20,1.89662480354,0.014352267608,41.5200233459,0,0,0,0,1.74379705924e-14,588198.736828
38.725,-1.02625954241e-05,0.599783360958,2.40005660057,-5.11741855007e-05,5.3414809372e-05,20,20,1.89662480354,0.014352267608,41.5200233459,0,0,0,0,5.53887924014e-15,588198.736828
38.7361111111,-1.02625954241e-05,0.599783360958,2.40005660057,-5.11741855007e-05,5.3414809372e-05,20,20,1.89662480354,0.014352267608,41.5200233459,0,0,0,0,1.75761629005e-14,588198.736828
38.7472222222,-1.02625954241e-05,0.599783360958,2.40005660057,-5.11741855007e-05,4.5786920964e-05,20,20,1.89662480354,0.014352267608,41.5200233459,0,0,0,0,1.96399647906e-13,588198.736828
38.7583333333,-1.02625954241e-05,0.599783360958,2.40005660057,-5.11741855007e-05,5.3414809372e-05,20,20,1.89662480354,0.014352267608,41.5200233459,0,0,0,0,1.63024421771e-14,588198.736828
38.7694444444,-1.02625954241e-05,0.599783360958,2.40005660057,-5.11741855007e-05,5.3414809372e-05,20,20,1.89662480354,0.014352267608,41.5200233459,0,0,0,0,1.13289613944e-14,588198.736828
38.7805555556,-1.02625954241e-05,0.599783360958,2.40005660057,-5.11741855007e-05,4.5786920964e-05,20,20,1.89662480354,0.014352267608,41.5200233459,0,0,0,0,4.36755819147e-14,588198.736828
38.7916666667,-1.02625954241e-05,0.599783360958,2.40005660057,-5.11741855007e-05,5.3414809372e-05,20,20,1.89662480354,0.014352267608,41.5200233459,0,0,0,0,2.43603968379e-14,588198.736828
38.8027777778,-1.02625954241e-05,0.599783360958,2.40005660057,-5.11741855007e-05,5.3414809372e-05,20,20,1.89662480354,0.014352267608,41.5200233459,0,0,0,0,6.63183947651e-15,588198.736828
38.8138888889,-1.02625954241e-05,0.599783360958,2.40005660057,-5.11741855007e-05,5.3414809372e-05,20,20,1.89662480354,0.014352267608,41.5200233459,0,0,0,0,1.43152786635e-13,588198.736828
38.825,-1.02625954241e-05,0.599783360958,2.40005660057,-5.11741855007e-05,5.3414809372e-05,20,20,1.89662480354,0.014352267608,41.5200233459,0,0,0,0,5.29098141153e-14,588198.736828
38.8361111111,-1.02625954241e-05,0.599783360958,2.40005660057,-5.11741855007e-05,4.5786920964e-05,20,20,1.89662480354,0.014352267608,41.5200233459,0,0,0,0,7.98122733616e-14,588198.736828
38.8472222222,-1.02625954241e-05,0.599783360958,2.40005660057,-5.11741855007e-05,5.3414809372e-05,20,20,1.89662480354,0.014352267608,41.5200233459,0,0,0,0,1.32669354239e-13,588198.736828
38.8583333333,-1.02625954241e-05,0.599783360958,2.40005660057,-5.11741855007e-05,5.3414809372e-05,20,20,1.89662480354,0.014352267608,41.5200233459,0,0,0,0,2.28535336148e-13,588198.736828
38.8694444444,-1.02625954241e-05,0.599783360958,2.40005660057,-5.11741855007e-05,5.3414809372e-05,20,20,1.89662480354,0.014352267608,41.5200233459,0,0,0,0,2.29553881228e-13,588198.736828
38.8805555556,-1.02625954241e-05,0.599783360958,2.40005660057,-5.11741855007e-05,5.3414809372e-05,20,20,1.89662480354,0.014352267608,41.5200233459,0,0,0,0,3.51792573795e-13,588198.736828
38.8916666667,-1.02625954241e-05,0.599783360958,2.40005660057,-5.11741855007e-05,4.5786920964e-05,20,20,1.89662480354,0.014352267608,41.5200233459,0,0,0,0,2.56711116195e-14,588198.736828
38.9027777778,-1.02625954241e-05,0.599783360958,2.40005660057,-5.11741855007e-05,5.3414809372e-05,20,20,1.89662480354,0.014352267608,41.5200233459,0,0,0,0,4.10893118866e-14,588198.736828
38.9138888889,-1.02625954241e-05,0.599783360958,2.40005660057,-5.11741855007e-05,5.3414809372e-05,20,20,1.89662480354,0.014352267608,41.5200233459,0,0,0,0,1.59621365069e-13,588198.736828
38.925,-1.02625954241e-05,0.599783360958,2.40005660057,-5.11741855007e-05,4.5786920964e-05,20,20,1.89662480354,0.014352267608,41.5200233459,0,0,0,0,1.64503361683e-13,588198.736828
38.9361111111,-1.02625954241e-05,0.599783360958,2.40005660057,-5.11741855007e-05,5.3414809372e-05,20,20,1.89662480354,0.014352267608,41.5200233459,0,0,0,0,1.68908954096e-13,588198.736828
38.9472222222,-1.02625954241e-05,0.599783360958,2.40005660057,-5.11741855007e-05,5.3414809372e-05,20,20,1.89662480354,0.014352267608,41.5200233459,0,0,0,0,1.35990853993e-13,588198.736828
38.9583333333,-1.02625954241e-05,0.599783360958,2.40005660057,-5.11741855007e-05,5.3414809372e-05,20,20,1.89662480354,0.014352267608,41.5200233459,0,0,0,0,1.68981830575e-14,588198.736828
38.9694444444,-1.02625954241e-05,0.599783360958,2.40005660057,-5.11741855007e-05,5.3414809372e-05,20,20,1.89662480354,0.014352267608,41.5200233459,0,0,0,0,2.18314159391e-14,588198.736828
38.9805555556,-1.02625954241e-05,0.599783360958,2.40005660057,-5.11741855007e-05,4.5786920964e-05,20,20,1.89662480354,0.014352267608,41.5200233459,0,0,0,0,2.21951093701e-14,588198.736828
38.9916666667,-1.02625954241e-05,0.599783360958,2.40005660057,-5.11741855007e-05,5.3414809372e-05,20,20,1.89662480354,0.014352267608,41.5200233459,0,0,0,0,3.9848247929e-14,588198.736828
39.0027777778,-1.02625954241e-05,0.599783360958,2.40005660057,-5.11741855007e-05,5.3414809372e-05,20,20,1.89662480354,0.014352267608,41.5200233459,0,0,0,0,4.1903655206e-14,588198.736828
39.0138888889,-1.02625954241e-05,0.599783360958,2.40005660057,-5.11741855007e-05,5.3414809372e-05,20,20,1.89662480354,0.014352267608,41.5200233459,0,0,0,0,1.78090632959e-14,588198.736828
39.025,-1.02625954241e-05,0.599783360958,2.40005660057,-5.11741855007e-05,5.3414809372e-05,20,20,1.89662480354,0.014352267608,41.5200233459,0,0,0,0,2.82512260442e-14,588198.736828
39.0361111111,-1.02625954241e-05,0.599783360958,2.40005660057,-5.11741855007e-05,4.5786920964e-05,20,20,1.89662480354,0.014352267608,41.5200233459,0,0,0,0,1.36724940762e-13,588198.736828
39.0472222222,-1.02625954241e-05,0.599783360958,2.40005660057,-5.11741855007e-05,5.3414809372e-05,20,20,1.89662480354,0.014352267608,41.5200233459,0,0,0,0,6.13334274988e-14,588198.736828
39.0583333333,-1.02625954241e-05,0.599783360958,2.40005660057,-5.11741855007e-05,5.3414809372e-05,20,20,1.89662480354,0.014352267608,41.5200233459,0,0,0,0,5.21933772649e-14,588198.736828
39.0694444444,-1.02625954241e-05,0.599783360958,2.40005660057,-5.11741855007e-05,4.5786920964e-05,20,20,1.89662480354,0.014352267608,41.5200233459,0,0,0,0,1.40156572138e-13,588198.736828
39.0805555556,-1.02625954241e-05,0.599783360958,2.40005660057,-5.11741855007e-05,5.3414809372e-05,20,20,1.89662480354,0.014352267608,41.5200233459,0,0,0,0,8.93476672262e-14,588198.736828
39.0916666667,-1.02625954241e-05,0.599783360958,2.40005660057,-5.11741855007e-05,5.3414809372e-05,20,20,1.89662480354,0.014352267608,41.5200233459,0,0,0,0,7.58893371926e-14,588198.736828
39.1027777778,-1.02625954241e-05,0.599783360958,2.40005660057,-5.11741855007e-05,5.3414809372e-05,20,20,1.89662480354,0.014352267608,41.5200233459,0,0,0,0,1.09794151453e-13,588198.736828
39.1138888889,-1.02625954241e-05,0.599783360958,2.40005660057,-5.11741855007e-05,5.3414809372e-05,20,20,1.89662480354,0.014352267608,41.5200233459,0,0,0,0,6.09436788778e-14,588198.736828
39.125,-1.02625954241e-05,0.599783360958,2.40005660057,-5.11741855007e-05,4.5786920964e-05,20,20,1.89662480354,0.014352267608,41.5200233459,0,0,0,0,6.91776362621e-14,588198.736828
39.1361111111,-1.02625954241e-05,0.599783360958,2.40005660057,-5.11741855007e-05,5.3414809372e-05,20,20,1.89662480354,0.014352267608,41.5200233459,0,0,0,0,4.80944177476e-14,588198.736828
39.1472222222,-1.02625954241e-05,0.599783360958,2.40005660057,-5.11741855007e-05,5.3414809372e-05,20,20,1.89662480354,0.014352267608,41.5200233459,0,0,0,0,2.05497903861e-13,588198.736828
39.1583333333,-1.02625954241e-05,0.599783360958,2.40005660057,-5.11741855007e-05,5.3414809372e-05,20,20,1.89662480354,0.014352267608,41.5200233459,0,0,0,0,4.49359418698e-14,588198.736828
39.1694444444,-1.02625954241e-05,0.599783360958,2.40005660057,-5.11741855007e-05,5.3414809372e-05,20,20,1.89662480354,0.014352267608,41.5200233459,0,0,0,0,4.91240328635e-14,588198.736828
39.1805555556,-1.02625954241e-05,0.599783360958,2.40005660057,-5.11741855007e-05,4.5786920964e-05,20,20,1.89662480354,0.014352267608,41.5200233459,0,0,0,0,4.3063542998e-14,588198.736828
39.1916666667,-1.02625954241e-05,0.599783360958,2.40005660057,-5.11741855007e-05,5.3414809372e-05,20,20,1.89662480354,0.014352267608,41.5200233459,0,0,0,0,1.82322529656e-14,588198.736828
39.2027777778,-1.02625954241e-05,0.599783360958,2.40005660057,-5.11741855007e-05,5.3414809372e-05,20,20,1.89662480354,0.014352267608,41.5200233459,0,0,0,0,2.02227456153e-14,588198.736828
39.2138888889,-1.02625954241e-05,0.599783360958,2.40005660057,-5.11741855007e-05,4.5786920964e-05,20,20,1.89662480354,0.014352267608,41.5200233459,0,0,0,0,6.60090647607e-14,588198.736828
39.225,-1.02625954241e-05,0.599783360958,2.40005660057,-5.11741855007e-05,5.3414809372e-05,20,20,1.89662480354,0.014352267608,41.5200233459,0,0,0,0,2.68718196097e-14,588198.736828
39.2361111111,-1.02625954241e-05,0.599783360958,2.40005660057,-5.11741855007e-05,5.3414809372e-05,20,20,1.89662480354,0.014352267608,41.5200233459,0,0,0,0,1.88002918232e-14,588198.736828
39.2472222222,-1.02625954241e-05,0.599783360958,2.40005660057,-5.11741855007e-05,5.3414809372e-05,20,20,1.89662480354,0.014352267608,41.5200233459,0,0,0,0,6.24781363347e-14,588198.736828
39.2583333333,-1.02625954241e-05,0.599783360958,2.40005660057,-5.11741855007e-05,5.3414809372e-05,20,20,1.89662480354,0.014352267608,41.5200233459,0,0,0,0,9.4563712198e-14,588198.736828
39.2694444444,-1.02625954241e-05,0.599783360958,2.40005660057,-5.11741855007e-05,4.5786920964e-05,20,20,1.89662480354,0.014352267608,41.5200233459,0,0,0,0,6.71462035448e-14,588198.736828
39.2805555556,-1.02625954241e-05,0.599783360958,2.40005660057,-5.11741855007e-05,5.3414809372e-05,20,20,1.89662480354,0.014352267608,41.5200233459,0,0,0,0,4.23482598514e-14,588198.736828
39.2916666667,-1.02625954241e-05,0.599783360958,2.40005660057,-5.11741855007e-05,5.3414809372e-05,20,20,1.89662480354,0.014352267608,41.5200233459,0,0,0,0,1.32922405123e-14,588198.736828
39.3027777778,-1.02625954241e-05,0.599783360958,2.40005660057,-5.11741855007e-05,5.3414809372e-05,20,20,1.89662480354,0.014352267608,41.5200233459,0,0,0,0,1.13161975618e-13,588198.736828
39.3138888889,-1.02625954241e-05,0.599783360958,2.40005660057,-5.11741855007e-05,5.3414809372e-05,20,20,1.89662480354,0.014352267608,41.5200233459,0,0,0,0,1.73237497885e-13,588198.736828
39.325,-1.02625954241e-05,0.599783360958,2.40005660057,-5.11741855007e-05,4.5786920964e-05,20,20,1.89662480354,0.014352267608,41.5200233459,0,0,0,0,2.10195569184e-13,588198.736828
39.3361111111,-1.02625954241e-05,0.599783360958,2.40005660057,-5.11741855007e-05,5.3414809372e-05,20,20,1.89662480354,0.014352267608,41.5200233459,0,0,0,0,2.57379902812e-13,588198.736828
39.3472222222,-1.02625954241e-05,0.599783360958,2.40005660057,-5.11741855007e-05,5.3414809372e-05,20,20,1.89662480354,0.014352267608,41.5200233459,0,0,0,0,1.40566015939e-13,588198.736828
39.3583333333,-1.02625954241e-05,0.599783360958,2.40005660057,-5.11741855007e-05,4.5786920964e-05,20,20,1.89662480354,0.014352267608,41.5200233459,0,0,0,0,1.49324385678e-13,588198.736828
39.3694444444,-1.02625954241e-05,0.599783360958,2.40005660057,-5.11741855007e-05,5.3414809372e-05,20,20,1.89662480354,0.014352267608,41.5200233459,0,0,0,0,4.13318885182e-14,588198.736828
39.3805555556,-1.02625954241e-05,0.599783360958,2.40005660057,-5.11741855007e-05,5.3414809372e-05,20,20,1.89662480354,0.014352267608,41.5200233459,0,0,0,0,4.81489778301e-14,588198.736828
39.3916666667,-1.02625954241e-05,0.599783360958,2.40005660057,-5.11741855007e-05,5.3414809372e-05,20,20,1.89662480354,0.014352267608,41.5200233459,0,0,0,0,3.40655700137e-15,588198.736828
39.4027777778,-1.02625954241e-05,0.599783360958,2.40005660057,-5.11741855007e-05,5.3414809372e-05,20,20,1.89662480354,0.014352267608,41.5200233459,0,0,0,0,8.127429369e-15,588198.736828
39.4138888889,-1.02625954241e-05,0.599783360958,2.40005660057,-5.11741855007e-05,4.5786920964e-05,20,20,1.89662480354,0.014352267608,41.5200233459,0,0,0,0,1.32015395617e-14,588198.736828
39.425,-1.02625954241e-05,0.599783360958,2.40005660057,-5.11741855007e-05,5.3414809372e-05,20,20,1.89662480354,0.014352267608,41.5200233459,0,0,0,0,1.78533070515e-14,588198.736828
39.4361111111,-1.02625954241e-05,0.599783360958,2.40005660057,-5.11741855007e-05,5.3414809372e-05,20,20,1.89662480354,0.014352267608,41.5200233459,0,0,0,0,3.25300720513e-14,588198.736828
39.4472222222,-1.02625954241e-05,0.599783360958,2.40005660057,-5.11741855007e-05,5.3414809372e-05,20,20,1.89662480354,0.014352267608,41.5200233459,0,0,0,0,6.65705309259e-14,588198.736828
39.4583333333,-1.02625954241e-05,0.599783360958,2.40005660057,-5.11741855007e-05,5.3414809372e-05,20,20,1.89662480354,0.014352267608,41.5200233459,0,0,0,0,9.84620138868e-14,588198.736828
39.4694444444,-1.02625954241e-05,0.599783360958,2.40005660057,-5.11741855007e-05,4.5786920964e-05,20,20,1.89662480354,0.014352267608,41.5200233459,0,0,0,0,9.44780904987e-15,588198.736828
39.4805555556,-1.02625954241e-05,0.599783360958,2.40005660057,-5.11741855007e-05,5.3414809372e-05,20,20,1.89662480354,0.014352267608,41.5200233459,0,0,0,0,4.18787746722e-14,588198.736828
39.4916666667,-1.02625954241e-05,0.599783360958,2.40005660057,-5.11741855007e-05,5.3414809372e-05,20,20,1.89662480354,0.014352267608,41.5200233459,0,0,0,0,1.00506438945e-13,588198.736828
39.5027777778,-1.02625954241e-05,0.599783360958,2.40005660057,-5.11741855007e-05,4.5786920964e-05,20,20,1.89662480354,0.014352267608,41.5200233459,0,0,0,0,5.56879704879e-14,588198.736828
39.5138888889,-1.02625954241e-05,0.599783360958,2.40005660057,-5.11741855007e-05,5.3414809372e-05,20,20,1.89662480354,0.014352267608,41.5200233459,0,0,0,0,8.3160433224e-14,588198.736828
39.525,-1.02625954241e-05,0.599783360958,2.40005660057,-5.11741855007e-05,5.3414809372e-05,20,20,1.89662480354,0.014352267608,41.5200233459,0,0,0,0,1.28170424799e-13,588198.736828
39.5361111111,-1.02625954241e-05,0.599783360958,2.40005660057,-5.11741855007e-05,5.3414809372e-05,20,20,1.89662480354,0.014352267608,41.5200233459,0,0,0,0,1.17081115496e-14,588198.736828
39.5472222222,-1.02625954241e-05,0.599783360958,2.40005660057,-5.11741855007e-05,5.3414809372e-05,20,20,1.89662480354,0.014352267608,41.5200233459,0,0,0,0,3.55347478346e-14,588198.736828
39.5583333333,-1.02625954241e-05,0.599783360958,2.40005660057,-5.11741855007e-05,4.5786920964e-05,20,20,1.89662480354,0.014352267608,41.5200233459,0,0,0,0,8.87049795314e-14,588198.736828
39.5694444444,-1.02625954241e-05,0.599783360958,2.40005660057,-5.11741855007e-05,5.3414809372e-05,20,20,1.89662480354,0.014352267608,41.5200233459,0,0,0,0,2.14987902203e-14,588198.736828
39.5805555556,-1.02625954241e-05,0.599783360958,2.40005660057,-5.11741855007e-05,5.3414809372e-05,20,20,1.89662480354,0.014352267608,41.5200233459,0,0,0,0,3.37919662392e-14,588198.736828
39.5916666667,-1.02625954241e-05,0.599783360958,2.40005660057,-5.11741855007e-05,5.3414809372e-05,20,20,1.89662480354,0.014352267608,41.5200233459,0,0,0,0,9.7034382634e-14,588198.736828
39.6027777778,-1.02625954241e-05,0.599783360958,2.40005660057,-5.11741855007e-05,5.3414809372e-05,20,20,1.89662480354,0.014352267608,41.5200233459,0,0,0,0,2.54126532971e-13,588198.736828
39.6138888889,-1.02625954241e-05,0.599783360958,2.40005660057,-5.11741855007e-05,4.5786920964e-05,20,20,1.89662480354,0.014352267608,41.5200233459,0,0,0,0,1.98771680048e-13,588198.736828
39.625,-1.02625954241e-05,0.599783360958,2.40005660057,-5.11741855007e-05,5.3414809372e-05,20,20,1.89662480354,0.014352267608,41.5200233459,0,0,0,0,7.26451511142e-14,588198.736828
39.6361111111,-1.02625954241e-05,0.599783360958,2.40005660057,-5.11741855007e-05,5.3414809372e-05,20,20,1.89662480354,0.014352267608,41.5200233459,0,0,0,0,4.17285576646e-14,588198.736828
39.6472222222,-1.02625954241e-05,0.599783360958,2.40005660057,-5.11741855007e-05,4.5786920964e-05,20,20,1.89662480354,0.014352267608,41.5200233459,0,0,0,0,3.61776058098e-14,588198.736828
39.6583333333,-1.02625954241e-05,0.599783360958,2.40005660057,-5.11741855007e-05,5.3414809372e-05,20,20,1.89662480354,0.014352267608,41.5200233459,0,0,0,0,1.62490772946e-13,588198.736828
39.6694444444,-1.02625954241e-05,0.599783360958,2.40005660057,-5.11741855007e-05,5.3414809372e-05,20,20,1.89662480354,0.014352267608,41.5200233459,0,0,0,0,1.3584699874e-13,588198.736828
39.6805555556,-1.02625954241e-05,0.599783360958,2.40005660057,-5.11741855007e-05,5.3414809372e-05,20,20,1.89662480354,0.014352267608,41.5200233459,0,0,0,0,5.96317783934e-14,588198.736828
39.6916666667,-1.02625954241e-05,0.599783360958,2.40005660057,-5.11741855007e-05,5.3414809372e-05,20,20,1.89662480354,0.014352267608,41.5200233459,0,0,0,0,2.24245067235e-14,588198.736828
39.7027777778,-1.02625954241e-05,0.599783360958,2.40005660057,-5.11741855007e-05,4.5786920964e-05,20,20,1.89662480354,0.014352267608,41.5200233459,0,0,0,0,1.31775782062e-14,588198.736828
39.7138888889,-1.02625954241e-05,0.599783360958,2.40005660057,-5.11741855007e-05,5.3414809372e-05,20,20,1.89662480354,0.014352267608,41.5200233459,0,0,0,0,1.28218252333e-14,588198.736828
39.725,-1.02625954241e-05,0.599783360958,2.40005660057,-5.11741855007e-05,5.3414809372e-05,20,20,1.89662480354,0.014352267608,41.5200233459,0,0,0,0,8.44553130967e-14,588198.736828
39.7361111111,-1.02625954241e-05,0.599783360958,2.40005660057,-5.11741855007e-05,5.3414809372e-05,20,20,1.89662480354,0.014352267608,41.5200233459,0,0,0,0,1.09221454523e-13,588198.736828
39.7472222222,-1.02625954241e-05,0.599783360958,2.40005660057,-5.11741855007e-05,5.3414809372e-05,20,20,1.89662480354,0.014352267608,41.5200233459,0,0,0,0,6.55240102363e-14,588198.736828
39.7583333333,-1.02625954241e-05,0.599783360958,2.40005660057,-5.11741855007e-05,4.5786920964e-05,20,20,1.89662480354,0.014352267608,41.5200233459,0,0,0,0,6.15465451545e-14,588198.736828
39.7694444444,-1.02625954241e-05,0.599783360958,2.40005660057,-5.11741855007e-05,5.3414809372e-05,20,20,1.89662480354,0.014352267608,41.5200233459,0,0,0,0,2.21328721741e-14,588198.736828
39.7805555556,-1.02625954241e-05,0.599783360958,2.40005660057,-5.11741855007e-05,5.3414809372e-05,20,20,1.89662480354,0.014352267608,41.5200233459,0,0,0,0,4.2506291796e-14,588198.736828
39.7916666667,-1.02625954241e-05,0.599783360958,2.40005660057,-5.11741855007e-05,4.5786920964e-05,20,20,1.89662480354,0.014352267608,41.5200233459,0,0,0,0,1.71910824212e-14,588198.736828
39.8027777778,-1.02625954241e-05,0.599783360958,2.40005660057,-5.11741855007e-05,5.3414809372e-05,20,20,1.89662480354,0.014352267608,41.5200233459,0,0,0,0,2.48212962849e-14,588198.736828
39.8138888889,-1.02625954241e-05,0.599783360958,2.40005660057,-5.11741855007e-05,5.3414809372e-05,20,20,1.89662480354,0.014352267608,41.5200233459,0,0,0,0,6.00501009985e-14,588198.736828
39.825,-1.02625954241e-05,0.599783360958,2.40005660057,-5.11741855007e-05,5.3414809372e-05,20,20,1.89662480354,0.014352267608,41.5200233459,0,0,0,0,5.20384465273e-14,588198.736828
39.8361111111,-1.02625954241e-05,0.599783360958,2.40005660057,-5.11741855007e-05,5.3414809372e-05,20,20,1.89662480354,0.014352267608,41.5200233459,0,0,0,0,5.61284213226e-14,588198.736828
39.8472222222,-1.02625954241e-05,0.599783360958,2.40005660057,-5.11741855007e-05,4.5786920964e-05,20,20,1.89662480354,0.014352267608,41.5200233459,0,0,0,0,6.59525962003e-15,588198.736828
39.8583333333,-1.02625954241e-05,0.599783360958,2.40005660057,-5.11741855007e-05,5.3414809372e-05,20,20,1.89662480354,0.014352267608,41.5200233459,0,0,0,0,3.81466878303e-14,588198.736828
39.8694444444,-1.02625954241e-05,0.599783360958,2.40005660057,-5.11741855007e-05,5.3414809372e-05,20,20,1.89662480354,0.014352267608,41.5200233459,0,0,0,0,5.75717380485e-14,588198.736828
39.8805555556,-1.02625954241e-05,0.599783360958,2.40005660057,-5.11741855007e-05,5.3414809372e-05,20,20,1.89662480354,0.014352267608,41.5200233459,0,0,0,0,2.95054395376e-14,588198.736828
39.8916666667,-1.02625954241e-05,0.599783360958,2.40005660057,-5.11741855007e-05,5.3414809372e-05,20,20,1.89662480354,0.014352267608,41.5200233459,0,0,0,0,2.41218355047e-13,588198.736828
39.9027777778,-1.02625954241e-05,0.599783360958,2.40005660057,-5.11741855007e-05,4.5786920964e-05,20,20,1.89662480354,0.014352267608,41.5200233459,0,0,0,0,1.4295290604e-13,588198.736828
39.9138888889,-1.02625954241e-05,0.599783360958,2.40005660057,-5.11741855007e-05,5.3414809372e-05,20,20,1.89662480354,0.014352267608,41.5200233459,0,0,0,0,9.4557345784e-14,588198.736828
39.925,-1.02625954241e-05,0.599783360958,2.40005660057,-5.11741855007e-05,5.3414809372e-05,20,20,1.89662480354,0.014352267608,41.5200233459,0,0,0,0,1.09326398403e-13,588198.736828
39.9361111111,-1.02625954241e-05,0.599783360958,2.40005660057,-5.11741855007e-05,4.5786920964e-05,20,20,1.89662480354,0.014352267608,41.5200233459,0,0,0,0,4.37050199176e-13,588198.736828
39.9472222222,-1.02625954241e-05,0.599783360958,2.40005660057,-5.11741855007e-05,5.3414809372e-05,20,20,1.89662480354,0.014352267608,41.5200233459,0,0,0,0,5.9957521099e-13,588198.736828
39.9583333333,-1.02625954241e-05,0.599783360958,2.40005660057,-5.11741855007e-05,5.3414809372e-05,20,20,1.89662480354,0.014352267608,41.5200233459,0,0,0,0,1.57066620601e-13,588198.736828
39.9694444444,-1.02625954241e-05,0.599783360958,2.40005660057,-5.11741855007e-05,5.3414809372e-05,20,20,1.89662480354,0.014352267608,41.5200233459,0,0,0,0,5.46628200415e-14,588198.736828
39.9805555556,-1.02625954241e-05,0.599783360958,2.40005660057,-5.11741855007e-05,5.3414809372e-05,20,20,1.89662480354,0.014352267608,41.5200233459,0,0,0,0,6.61934835121e-14,588198.736828
39.9916666667,-1.02625954241e-05,0.599783360958,2.40005660057,-5.11741855007e-05,4.5786920964e-05,20,20,1.89662480354,0.014352267608,41.5200233459,0,0,0,0,1.25697818807e-13,588198.736828
40.0027777778,-1.02625954241e-05,0.599783360958,2.40005660057,-5.11741855007e-05,5.3414809372e-05,20,20,1.89662480354,0.014352267608,41.5200233459,0,0,0,0,1.47246834035e-13,588198.736828
40.0138888889,-1.02625954241e-05,0.599783360958,2.40005660057,-5.11741855007e-05,5.3414809372e-05,20,20,1.89662480354,0.014352267608,41.5200233459,0,0,0,0,1.77451639641e-13,588198.736828
40.025,-1.02625954241e-05,0.599783360958,2.40005660057,-5.11741855007e-05,5.3414809372e-05,20,20,1.89662480354,0.014352267608,41.5200233459,0,0,0,0,1.5835216673e-13,588198.736828
40.0361111111,-1.02625954241e-05,0.599783360958,2.40005660057,-5.11741855007e-05,5.3414809372e-05,20,20,1.89662480354,0.014352267608,41.5200233459,0,0,0,0,1.356086969e-13,588198.736828
40.0472222222,-1.02625954241e-05,0.599783360958,2.40005660057,-5.11741855007e-05,4.5786920964e-05,20,20,1.89662480354,0.014352267608,41.5200233459,0,0,0,0,1.49821220226e-13,588198.736828
40.0583333333,-1.02625954241e-05,0.599783360958,2.40005660057,-5.11741855007e-05,5.3414809372e-05,20,20,1.89662480354,0.014352267608,41.5200233459,0,0,0,0,4.47950855338e-14,588198.736828
40.0694444444,-1.02625954241e-05,0.599783360958,2.40005660057,-5.11741855007e-05,5.3414809372e-05,20,20,1.89662480354,0.014352267608,41.5200233459,0,0,0,0,3.95342876087e-14,588198.736828
40.0805555556,-1.02625954241e-05,0.599783360958,2.40005660057,-5.11741855007e-05,4.5786920964e-05,20,20,1.89662480354,0.014352267608,41.5200233459,0,0,0,0,3.78899444745e-14,588198.736828
40.0916666667,-1.02625954241e-05,0.599783360958,2.40005660057,-5.11741855007e-05,5.3414809372e-05,20,20,1.89662480354,0.014352267608,41.5200233459,0,0,0,0,1.74745572238e-14,588198.736828
40.1027777778,-1.02625954241e-05,0.599783360958,2.40005660057,-5.11741855007e-05,5.3414809372e-05,20,20,1.89662480354,0.014352267608,41.5200233459,0,0,0,0,9.81347997226e-14,588198.736828
40.1138888889,-1.02625954241e-05,0.599783360958,2.40005660057,-5.11741855007e-05,5.3414809372e-05,20,20,1.89662480354,0.014352267608,41.5200233459,0,0,0,0,1.98519998314e-13,588198.736828
40.125,-1.02625954241e-05,0.599783360958,2.40005660057,-5.11741855007e-05,5.3414809372e-05,20,20,1.89662480354,0.014352267608,41.5200233459,0,0,0,0,1.44993113041e-13,588198.736828
40.1361111111,-1.02625954241e-05,0.599783360958,2.40005660057,-5.11741855007e-05,4.5786920964e-05,20,20,1.89662480354,0.014352267608,41.5200233459,0,0,0,0,1.00349655158e-13,588198.736828
40.1472222222,-1.02625954241e-05,0.599783360958,2.40005660057,-5.11741855007e-05,5.3414809372e-05,20,20,1.89662480354,0.014352267608,41.5200233459,0,0,0,0,2.86168483274e-14,588198.736828
40.1583333333,-1.02625954241e-05,0.599783360958,2.40005660057,-5.11741855007e-05,5.3414809372e-05,20,20,1.89662480354,0.014352267608,41.5200233459,0,0,0,0,1.00834229208e-14,588198.736828
40.1694444444,-1.02625954241e-05,0.599783360958,2.40005660057,-5.11741855007e-05,5.3414809372e-05,20,20,1.89662480354,0.014352267608,41.5200233459,0,0,0,0,1.112323893e-14,588198.736828
40.1805555556,-1.02625954241e-05,0.599783360958,2.40005660057,-5.11741855007e-05,5.3414809372e-05,20,20,1.89662480354,0.014352267608,41.5200233459,0,0,0,0,2.07662024992e-14,588198.736828
40.1916666667,-1.02625954241e-05,0.599783360958,2.40005660057,-5.11741855007e-05,4.5786920964e-05,20,20,1.89662480354,0.014352267608,41.5200233459,0,0,0,0,7.55059871063e-14,588198.736828
40.2027777778,-1.02625954241e-05,0.599783360958,2.40005660057,-5.11741855007e-05,5.3414809372e-05,20,20,1.89662480354,0.014352267608,41.5200233459,0,0,0,0,3.7859100834e-14,588198.736828
40.2138888889,-1.02625954241e-05,0.599783360958,2.40005660057,-5.11741855007e-05,5.3414809372e-05,20,20,1.89662480354,0.014352267608,41.5200233459,0,0,0,0,6.89406589405e-14,588198.736828
40.225,-1.02625954241e-05,0.599783360958,2.40005660057,-5.11741855007e-05,4.5786920964e-05,20,20,1.89662480354,0.014352267608,41.5200233459,0,0,0,0,9.15879998686e-15,588198.736828
40.2361111111,-1.02625954241e-05,0.599783360958,2.40005660057,-5.11741855007e-05,5.3414809372e-05,20,20,1.89662480354,0.014352267608,41.5200233459,0,0,0,0,2.30042208576e-14,588198.736828
40.2472222222,-1.02625954241e-05,0.599783360958,2.40005660057,-5.11741855007e-05,5.3414809372e-05,20,20,1.89662480354,0.014352267608,41.5200233459,0,0,0,0,2.8835006751e-14,588198.736828
40.2583333333,-1.02625954241e-05,0.599783360958,2.40005660057,-5.11741855007e-05,5.3414809372e-05,20,20,1.89662480354,0.014352267608,41.5200233459,0,0,0,0,3.31846162006e-14,588198.736828
40.2694444444,-1.02625954241e-05,0.599783360958,2.40005660057,-5.11741855007e-05,5.3414809372e-05,20,20,1.89662480354,0.014352267608,41.5200233459,0,0,0,0,7.80662260191e-14,588198.736828
40.2805555556,-1.02625954241e-05,0.599783360958,2.40005660057,-5.11741855007e-05,4.5786920964e-05,20,20,1.89662480354,0.014352267608,41.5200233459,0,0,0,0,1.68796798031e-14,588198.736828
40.2916666667,-1.02625954241e-05,0.599783360958,2.40005660057,-5.11741855007e-05,5.3414809372e-05,20,20,1.89662480354,0.014352267608,41.5200233459,0,0,0,0,1.0068165311e-14,588198.736828
40.3027777778,-1.02625954241e-05,0.599783360958,2.40005660057,-5.11741855007e-05,5.3414809372e-05,20,20,1.89662480354,0.014352267608,41.5200233459,0,0,0,0,8.2929848071e-14,588198.736828
40.3138888889,-1.02625954241e-05,0.599783360958,2.40005660057,-5.11741855007e-05,5.3414809372e-05,20,20,1.89662480354,0.014352267608,41.5200233459,0,0,0,0,1.09753722825e-13,588198.736828
40.325,-1.02625954241e-05,0.599783360958,2.40005660057,-5.11741855007e-05,5.3414809372e-05,20,20,1.89662480354,0.014352267608,41.5200233459,0,0,0,0,1.58782454043e-13,588198.736828
40.3361111111,-1.02625954241e-05,0.599783360958,2.40005660057,-5.11741855007e-05,4.5786920964e-05,20,20,1.89662480354,0.014352267608,41.5200233459,0,0,0,0,1.14623973494e-13,588198.736828
40.3472222222,-1.02625954241e-05,0.599783360958,2.40005660057,-5.11741855007e-05,5.3414809372e-05,20,20,1.89662480354,0.014352267608,41.5200233459,0,0,0,0,3.49664472902e-14,588198.736828
40.3583333333,-1.02625954241e-05,0.599783360958,2.40005660057,-5.11741855007e-05,5.3414809372e-05,20,20,1.89662480354,0.014352267608,41.5200233459,0,0,0,0,5.72249924164e-14,588198.736828
40.3694444444,-1.02625954241e-05,0.599783360958,2.40005660057,-5.11741855007e-05,4.5786920964e-05,20,20,1.89662480354,0.014352267608,41.5200233459,0,0,0,0,2.07696101016e-13,588198.736828
40.3805555556,-1.02625954241e-05,0.599783360958,2.40005660057,-5.11741855007e-05,5.3414809372e-05,20,20,1.89662480354,0.014352267608,41.5200233459,0,0,0,0,3.46509386658e-13,588198.736828
40.3916666667,-1.02625954241e-05,0.599783360958,2.40005660057,-5.11741855007e-05,5.3414809372e-05,20,20,1.89662480354,0.014352267608,41.5200233459,0,0,0,0,1.68112955633e-13,588198.736828
40.4027777778,-1.02625954241e-05,0.599783360958,2.40005660057,-5.11741855007e-05,5.3414809372e-05,20,20,1.89662480354,0.014352267608,41.5200233459,0,0,0,0,2.21673165844e-13,588198.736828
40.4138888889,-1.02625954241e-05,0.599783360958,2.40005660057,-5.11741855007e-05,5.3414809372e-05,20,20,1.89662480354,0.014352267608,41.5200233459,0,0,0,0,1.26996773646e-13,588198.736828
40.425,-1.02625954241e-05,0.599783360958,2.40005660057,-5.11741855007e-05,4.5786920964e-05,20,20,1.89662480354,0.014352267608,41.5200233459,0,0,0,0,1.37436856872e-13,588198.736828
40.4361111111,-1.02625954241e-05,0.599783360958,2.40005660057,-5.11741855007e-05,5.3414809372e-05,20,20,1.89662480354,0.014352267608,41.5200233459,0,0,0,0,1.0430022271e-13,588198.736828
40.4472222222,-1.02625954241e-05,0.599783360958,2.40005660057,-5.11741855007e-05,5.3414809372e-05,20,20,1.89662480354,0.014352267608,41.5200233459,0,0,0,0,4.54435757484e-14,588198.736828
40.4583333333,-1.02625954241e-05,0.599783360958,2.40005660057,-5.11741855007e-05,5.3414809372e-05,20,20,1.89662480354,0.014352267608,41.5200233459,0,0,0,0,2.47161619286e-14,588198.736828
40.4694444444,-1.02625954241e-05,0.599783360958,2.40005660057,-5.11741855007e-05,5.3414809372e-05,20,20,1.89662480354,0.014352267608,41.5200233459,0,0,0,0,4.57596453831e-14,588198.736828
40.4805555556,-1.02625954241e-05,0.599783360958,2.40005660057,-5.11741855007e-05,4.5786920964e-05,20,20,1.89662480354,0.014352267608,41.5200233459,0,0,0,0,2.43503208403e-14,588198.736828
40.4916666667,-1.02625954241e-05,0.599783360958,2.40005660057,-5.11741855007e-05,5.3414809372e-05,20,20,1.89662480354,0.014352267608,41.5200233459,0,0,0,0,2.02398542797e-14,588198.736828
40.5027777778,-1.02625954241e-05,0.599783360958,2.40005660057,-5.11741855007e-05,5.3414809372e-05,20,20,1.89662480354,0.014352267608,41.5200233459,0,0,0,0,1.82681952242e-14,588198.736828
40.5138888889,-1.02625954241e-05,0.599783360958,2.40005660057,-5.11741855007e-05,4.5786920964e-05,20,20,1.89662480354,0.014352267608,41.5200233459,0,0,0,0,6.85800737876e-14,588198.736828
40.525,-1.02625954241e-05,0.599783360958,2.40005660057,-5.11741855007e-05,5.3414809372e-05,20,20,1.89662480354,0.014352267608,41.5200233459,0,0,0,0,1.66536022005e-14,588198.736828
40.5361111111,-1.02625954241e-05,0.599783360958,2.40005660057,-5.11741855007e-05,5.3414809372e-05,20,20,1.89662480354,0.014352267608,41.5200233459,0,0,0,0,8.48583819415e-15,588198.736828
40.5472222222,-1.02625954241e-05,0.599783360958,2.40005660057,-5.11741855007e-05,5.3414809372e-05,20,20,1.89662480354,0.014352267608,41.5200233459,0,0,0,0,2.08481436821e-14,588198.736828
40.5583333333,-1.02625954241e-05,0.599783360958,2.40005660057,-5.11741855007e-05,5.3414809372e-05,20,20,1.89662480354,0.014352267608,41.5200233459,0,0,0,0,4.8614088058e-14,588198.736828
40.5694444444,-1.02625954241e-05,0.599783360958,2.40005660057,-5.11741855007e-05,4.5786920964e-05,20,20,1.89662480354,0.014352267608,41.5200233459,0,0,0,0,9.8574058704e-14,588198.736828
40.5805555556,-1.02625954241e-05,0.599783360958,2.40005660057,-5.11741855007e-05,5.3414809372e-05,20,20,1.89662480354,0.014352267608,41.5200233459,0,0,0,0,7.65744408892e-14,588198.736828
40.5916666667,-1.02625954241e-05,0.599783360958,2.40005660057,-5.11741855007e-05,5.3414809372e-05,20,20,1.89662480354,0.014352267608,41.5200233459,0,0,0,0,1.12044539753e-13,588198.736828
40.6027777778,-1.02625954241e-05,0.599783360958,2.40005660057,-5.11741855007e-05,5.3414809372e-05,20,20,1.89662480354,0.014352267608,41.5200233459,0,0,0,0,1.46066219246e-13,588198.736828
40.6138888889,-1.02625954241e-05,0.599783360958,2.40005660057,-5.11741855007e-05,5.3414809372e-05,20,20,1.89662480354,0.014352267608,41.5200233459,0,0,0,0,1.24817606623e-13,588198.736828
40.625,-1.02625954241e-05,0.599783360958,2.40005660057,-5.11741855007e-05,4.5786920964e-05,20,20,1.89662480354,0.014352267608,41.5200233459,0,0,0,0,1.37431549308e-13,588198.736828
40.6361111111,-1.02625954241e-05,0.599783360958,2.40005660057,-5.11741855007e-05,5.3414809372e-05,20,20,1.89662480354,0.014352267608,41.5200233459,0,0,0,0,3.250523335e-14,588198.736828
40.6472222222,-1.02625954241e-05,0.599783360958,2.40005660057,-5.11741855007e-05,5.3414809372e-05,20,20,1.89662480354,0.014352267608,41.5200233459,0,0,0,0,1.00235823276e-13,588198.736828
40.6583333333,-1.02625954241e-05,0.599783360958,2.40005660057,-5.11741855007e-05,4.5786920964e-05,20,20,1.89662480354,0.014352267608,41.5200233459,0,0,0,0,2.41857651874e-13,588198.736828
40.6694444444,-1.02625954241e-05,0.599783360958,2.40005660057,-5.11741855007e-05,5.3414809372e-05,20,20,1.89662480354,0.014352267608,41.5200233459,0,0,0,0,3.32864975213e-13,588198.736828
40.6805555556,-1.02625954241e-05,0.599783360958,2.40005660057,-5.11741855007e-05,5.3414809372e-05,20,20,1.89662480354,0.014352267608,41.5200233459,0,0,0,0,3.16332441923e-13,588198.736828
40.6916666667,-1.02625954241e-05,0.599783360958,2.40005660057,-5.11741855007e-05,5.3414809372e-05,20,20,1.89662480354,0.014352267608,41.5200233459,0,0,0,0,1.07770180008e-13,588198.736828
40.7027777778,-1.02625954241e-05,0.599783360958,2.40005660057,-5.11741855007e-05,5.3414809372e-05,20,20,1.89662480354,0.014352267608,41.5200233459,0,0,0,0,1.53778363159e-14,588198.736828
40.7138888889,-1.02625954241e-05,0.599783360958,2.40005660057,-5.11741855007e-05,4.5786920964e-05,20,20,1.89662480354,0.014352267608,41.5200233459,0,0,0,0,2.27529423646e-14,588198.736828
40.725,-1.02625954241e-05,0.599783360958,2.40005660057,-5.11741855007e-05,5.3414809372e-05,20,20,1.89662480354,0.014352267608,41.5200233459,0,0,0,0,8.42553425205e-14,588198.736828
40.7361111111,-1.02625954241e-05,0.599783360958,2.40005660057,-5.11741855007e-05,5.3414809372e-05,20,20,1.89662480354,0.014352267608,41.5200233459,0,0,0,0,1.7996990664e-13,588198.736828
40.7472222222,-1.02625954241e-05,0.599783360958,2.40005660057,-5.11741855007e-05,5.3414809372e-05,20,20,1.89662480354,0.014352267608,41.5200233459,0,0,0,0,4.30797997505e-13,588198.736828
40.7583333333,-1.02625954241e-05,0.599783360958,2.40005660057,-5.11741855007e-05,5.3414809372e-05,20,20,1.89662480354,0.014352267608,41.5200233459,0,0,0,0,1.42208379906e-13,588198.736828
40.7694444444,-1.02625954241e-05,0.599783360958,2.40005660057,-5.11741855007e-05,4.5786920964e-05,20,20,1.89662480354,0.014352267608,41.5200233459,0,0,0,0,3.39506027743e-14,588198.736828
40.7805555556,-1.02625954241e-05,0.599783360958,2.40005660057,-5.11741855007e-05,5.3414809372e-05,20,20,1.89662480354,0.014352267608,41.5200233459,0,0,0,0,6.08038564323e-14,588198.736828
40.7916666667,-1.02625954241e-05,0.599783360958,2.40005660057,-5.11741855007e-05,5.3414809372e-05,20,20,1.89662480354,0.014352267608,41.5200233459,0,0,0,0,4.7125696208e-14,588198.736828
40.8027777778,-1.02625954241e-05,0.599783360958,2.40005660057,-5.11741855007e-05,4.5786920964e-05,20,20,1.89662480354,0.014352267608,41.5200233459,0,0,0,0,1.02530110659e-13,588198.736828
40.8138888889,-1.02625954241e-05,0.599783360958,2.40005660057,-5.11741855007e-05,5.3414809372e-05,20,20,1.89662480354,0.014352267608,41.5200233459,0,0,0,0,2.28197603341e-13,588198.736828
40.825,-1.02625954241e-05,0.599783360958,2.40005660057,-5.11741855007e-05,5.3414809372e-05,20,20,1.89662480354,0.014352267608,41.5200233459,0,0,0,0,1.8810573105e-13,588198.736828
40.8361111111,-1.02625954241e-05,0.599783360958,2.40005660057,-5.11741855007e-05,5.3414809372e-05,20,20,1.89662480354,0.014352267608,41.5200233459,0,0,0,0,2.6078482078e-14,588198.736828
40.8472222222,-1.02625954241e-05,0.599783360958,2.40005660057,-5.11741855007e-05,5.3414809372e-05,20,20,1.89662480354,0.014352267608,41.5200233459,0,0,0,0,1.01048528595e-14,588198.736828
40.8583333333,-1.02625954241e-05,0.599783360958,2.40005660057,-5.11741855007e-05,4.5786920964e-05,20,20,1.89662480354,0.014352267608,41.5200233459,0,0,0,0,1.37153490591e-14,588198.736828
40.8694444444,-1.02625954241e-05,0.599783360958,2.40005660057,-5.11741855007e-05,5.3414809372e-05,20,20,1.89662480354,0.014352267608,41.5200233459,0,0,0,0,3.2254975467e-14,588198.736828
40.8805555556,-1.02625954241e-05,0.599783360958,2.40005660057,-5.11741855007e-05,5.3414809372e-05,20,20,1.89662480354,0.014352267608,41.5200233459,0,0,0,0,6.70277356052e-14,588198.736828
40.8916666667,-1.02625954241e-05,0.599783360958,2.40005660057,-5.11741855007e-05,5.3414809372e-05,20,20,1.89662480354,0.014352267608,41.5200233459,0,0,0,0,1.43256252629e-14,588198.736828
40.9027777778,-1.02625954241e-05,0.599783360958,2.40005660057,-5.11741855007e-05,5.3414809372e-05,20,20,1.89662480354,0.014352267608,41.5200233459,0,0,0,0,1.08474510876e-13,588198.736828
40.9138888889,-1.02625954241e-05,0.599783360958,2.40005660057,-5.11741855007e-05,4.5786920964e-05,20,20,1.89662480354,0.014352267608,41.5200233459,0,0,0,0,1.07729635583e-14,588198.736828
40.925,-1.02625954241e-05,0.599783360958,2.40005660057,-5.11741855007e-05,5.3414809372e-05,20,20,1.89662480354,0.014352267608,41.5200233459,0,0,0,0,7.91269587945e-14,588198.736828
40.9361111111,-1.02625954241e-05,0.599783360958,2.40005660057,-5.11741855007e-05,5.3414809372e-05,20,20,1.89662480354,0.014352267608,41.5200233459,0,0,0,0,2.25516997375e-13,588198.736828
40.9472222222,-1.02625954241e-05,0.599783360958,2.40005660057,-5.11741855007e-05,4.5786920964e-05,20,20,1.89662480354,0.014352267608,41.5200233459,0,0,0,0,1.39709230779e-14,588198.736828
40.9583333333,-1.02625954241e-05,0.599783360958,2.40005660057,-5.11741855007e-05,5.3414809372e-05,20,20,1.89662480354,0.014352267608,41.5200233459,0,0,0,0,3.76213978924e-14,588198.736828
40.9694444444,-1.02625954241e-05,0.599783360958,2.40005660057,-5.11741855007e-05,5.3414809372e-05,20,20,1.89662480354,0.014352267608,41.5200233459,0,0,0,0,2.44938781439e-14,588198.736828
40.9805555556,-1.02625954241e-05,0.599783360958,2.40005660057,-5.11741855007e-05,5.3414809372e-05,20,20,1.89662480354,0.014352267608,41.5200233459,0,0,0,0,3.81865893052e-14,588198.736828
40.9916666667,-1.02625954241e-05,0.599783360958,2.40005660057,-5.11741855007e-05,5.3414809372e-05,20,20,1.89662480354,0.014352267608,41.5200233459,0,0,0,0,1.08834205013e-13,588198.736828
41.0027777778,-1.02625954241e-05,0.599783360958,2.40005660057,-5.11741855007e-05,4.5786920964e-05,20,20,1.89662480354,0.014352267608,41.5200233459,0,0,0,0,5.10259857112e-14,588198.736828
41.0138888889,-1.02625954241e-05,0.599783360958,2.40005660057,-5.11741855007e-05,5.3414809372e-05,20,20,1.89662480354,0.014352267608,41.5200233459,0,0,0,0,2.783189721e-14,588198.736828
41.025,-1.02625954241e-05,0.599783360958,2.40005660057,-5.11741855007e-05,5.3414809372e-05,20,20,1.89662480354,0.014352267608,41.5200233459,0,0,0,0,2.23379666935e-14,588198.736828
41.0361111111,-1.02625954241e-05,0.599783360958,2.40005660057,-5.11741855007e-05,5.3414809372e-05,20,20,1.89662480354,0.014352267608,41.5200233459,0,0,0,0,1.16541031925e-14,588198.736828
41.0472222222,-1.02625954241e-05,0.599783360958,2.40005660057,-5.11741855007e-05,5.3414809372e-05,20,20,1.89662480354,0.014352267608,41.5200233459,0,0,0,0,5.19092379465e-14,588198.736828
41.0583333333,-1.02625954241e-05,0.599783360958,2.40005660057,-5.11741855007e-05,4.5786920964e-05,20,20,1.89662480354,0.014352267608,41.5200233459,0,0,0,0,3.61755410572e-14,588198.736828
41.0694444444,-1.02625954241e-05,0.599783360958,2.40005660057,-5.11741855007e-05,5.3414809372e-05,20,20,1.89662480354,0.014352267608,41.5200233459,0,0,0,0,4.67847164634e-14,588198.736828
41.0805555556,-1.02625954241e-05,0.599783360958,2.40005660057,-5.11741855007e-05,5.3414809372e-05,20,20,1.89662480354,0.014352267608,41.5200233459,0,0,0,0,5.84316005202e-14,588198.736828
41.0916666667,-1.02625954241e-05,0.599783360958,2.40005660057,-5.11741855007e-05,4.5786920964e-05,20,20,1.89662480354,0.014352267608,41.5200233459,0,0,0,0,8.90276936565e-14,588198.736828
41.1027777778,-1.02625954241e-05,0.599783360958,2.40005660057,-5.11741855007e-05,5.3414809372e-05,20,20,1.89662480354,0.014352267608,41.5200233459,0,0,0,0,1.15527029322e-13,588198.736828
41.1138888889,-1.02625954241e-05,0.599783360958,2.40005660057,-5.11741855007e-05,5.3414809372e-05,20,20,1.89662480354,0.014352267608,41.5200233459,0,0,0,0,3.61974947673e-14,588198.736828
41.125,-1.02625954241e-05,0.599783360958,2.40005660057,-5.11741855007e-05,5.3414809372e-05,20,20,1.89662480354,0.014352267608,41.5200233459,0,0,0,0,1.12840758593e-14,588198.736828
41.1361111111,-1.02625954241e-05,0.599783360958,2.40005660057,-5.11741855007e-05,5.3414809372e-05,20,20,1.89662480354,0.014352267608,41.5200233459,0,0,0,0,3.1306928952e-14,588198.736828
41.1472222222,-1.02625954241e-05,0.599783360958,2.40005660057,-5.11741855007e-05,4.5786920964e-05,20,20,1.89662480354,0.014352267608,41.5200233459,0,0,0,0,3.88279181565e-14,588198.736828
41.1583333333,-1.02625954241e-05,0.599783360958,2.40005660057,-5.11741855007e-05,5.3414809372e-05,20,20,1.89662480354,0.014352267608,41.5200233459,0,0,0,0,2.24659514465e-14,588198.736828
41.1694444444,-1.02625954241e-05,0.599783360958,2.40005660057,-5.11741855007e-05,5.3414809372e-05,20,20,1.89662480354,0.014352267608,41.5200233459,0,0,0,0,9.40814687516e-14,588198.736828
41.1805555556,-1.02625954241e-05,0.599783360958,2.40005660057,-5.11741855007e-05,5.3414809372e-05,20,20,1.89662480354,0.014352267608,41.5200233459,0,0,0,0,2.49061443474e-13,588198.736828
41.1916666667,-1.02625954241e-05,0.599783360958,2.40005660057,-5.11741855007e-05,5.3414809372e-05,20,20,1.89662480354,0.014352267608,41.5200233459,0,0,0,0,7.48543625951e-14,588198.736828
41.2027777778,-1.02625954241e-05,0.599783360958,2.40005660057,-5.11741855007e-05,4.5786920964e-05,20,20,1.89662480354,0.014352267608,41.5200233459,0,0,0,0,3.01502930435e-14,588198.736828
41.2138888889,-1.02625954241e-05,0.599783360958,2.40005660057,-5.11741855007e-05,5.3414809372e-05,20,20,1.89662480354,0.014352267608,41.5200233459,0,0,0,0,2.78545022038e-14,588198.736828
41.225,-1.02625954241e-05,0.599783360958,2.40005660057,-5.11741855007e-05,5.3414809372e-05,20,20,1.89662480354,0.014352267608,41.5200233459,0,0,0,0,4.02847318436e-14,588198.736828
41.2361111111,-1.02625954241e-05,0.599783360958,2.40005660057,-5.11741855007e-05,4.5786920964e-05,20,20,1.89662480354,0.014352267608,41.5200233459,0,0,0,0,1.66770434434e-13,588198.736828
41.2472222222,-1.02625954241e-05,0.599783360958,2.40005660057,-5.11741855007e-05,5.3414809372e-05,20,20,1.89662480354,0.014352267608,41.5200233459,0,0,0,0,4.14796102041e-14,588198.736828
41.2583333333,-1.02625954241e-05,0.599783360958,2.40005660057,-5.11741855007e-05,5.3414809372e-05,20,20,1.89662480354,0.014352267608,41.5200233459,0,0,0,0,3.84746009228e-14,588198.736828
41.2694444444,-1.02625954241e-05,0.599783360958,2.40005660057,-5.11741855007e-05,5.3414809372e-05,20,20,1.89662480354,0.014352267608,41.5200233459,0,0,0,0,2.03307553546e-14,588198.736828
41.2805555556,-1.02625954241e-05,0.599783360958,2.40005660057,-5.11741855007e-05,5.3414809372e-05,20,20,1.89662480354,0.014352267608,41.5200233459,0,0,0,0,5.85237851237e-14,588198.736828
41.2916666667,-1.02625954241e-05,0.599783360958,2.40005660057,-5.11741855007e-05,4.5786920964e-05,20,20,1.89662480354,0.014352267608,41.5200233459,0,0,0,0,1.34938152503e-14,588198.736828
41.3027777778,-1.02625954241e-05,0.599783360958,2.40005660057,-5.11741855007e-05,5.3414809372e-05,20,20,1.89662480354,0.014352267608,41.5200233459,0,0,0,0,2.77462854586e-14,588198.736828
41.3138888889,-1.02625954241e-05,0.599783360958,2.40005660057,-5.11741855007e-05,5.3414809372e-05,20,20,1.89662480354,0.014352267608,41.5200233459,0,0,0,0,3.20292510353e-14,588198.736828
41.325,-1.02625954241e-05,0.599783360958,2.40005660057,-5.11741855007e-05,5.3414809372e-05,20,20,1.89662480354,0.014352267608,41.5200233459,0,0,0,0,7.19518449901e-15,588198.736828
41.3361111111,-1.02625954241e-05,0.599783360958,2.40005660057,-5.11741855007e-05,5.3414809372e-05,20,20,1.89662480354,0.014352267608,41.5200233459,0,0,0,0,4.24947068706e-14,588198.736828
41.3472222222,-1.02625954241e-05,0.599783360958,2.40005660057,-5.11741855007e-05,4.5786920964e-05,20,20,1.89662480354,0.014352267608,41.5200233459,0,0,0,0,1.58620117362e-14,588198.736828
41.3583333333,-1.02625954241e-05,0.599783360958,2.40005660057,-5.11741855007e-05,5.3414809372e-05,20,20,1.89662480354,0.014352267608,41.5200233459,0,0,0,0,7.21609285682e-15,588198.736828
41.3694444444,-1.02625954241e-05,0.599783360958,2.40005660057,-5.11741855007e-05,5.3414809372e-05,20,20,1.89662480354,0.014352267608,41.5200233459,0,0,0,0,1.19291892452e-14,588198.736828
41.3805555556,-1.02625954241e-05,0.599783360958,2.40005660057,-5.11741855007e-05,4.5786920964e-05,20,20,1.89662480354,0.014352267608,41.5200233459,0,0,0,0,1.05089324931e-14,588198.736828
41.3916666667,-1.02625954241e-05,0.599783360958,2.40005660057,-5.11741855007e-05,5.3414809372e-05,20,20,1.89662480354,0.014352267608,41.5200233459,0,0,0,0,4.21799453405e-14,588198.736828
41.4027777778,-1.02625954241e-05,0.599783360958,2.40005660057,-5.11741855007e-05,5.3414809372e-05,20,20,1.89662480354,0.014352267608,41.5200233459,0,0,0,0,1.27164668231e-14,588198.736828
41.4138888889,-1.02625954241e-05,0.599783360958,2.40005660057,-5.11741855007e-05,5.3414809372e-05,20,20,1.89662480354,0.014352267608,41.5200233459,0,0,0,0,3.09426061481e-14,588198.736828
41.425,-1.02625954241e-05,0.599783360958,2.40005660057,-5.11741855007e-05,5.3414809372e-05,20,20,1.89662480354,0.014352267608,41.5200233459,0,0,0,0,1.28941477392e-13,588198.736828
41.4361111111,-1.02625954241e-05,0.599783360958,2.40005660057,-5.11741855007e-05,4.5786920964e-05,20,20,1.89662480354,0.014352267608,41.5200233459,0,0,0,0,1.02634718205e-13,588198.736828
41.4472222222,-1.02625954241e-05,0.599783360958,2.40005660057,-5.11741855007e-05,5.3414809372e-05,20,20,1.89662480354,0.014352267608,41.5200233459,0,0,0,0,3.70662702127e-14,588198.736828
41.4583333333,-1.02625954241e-05,0.599783360958,2.40005660057,-5.11741855007e-05,5.3414809372e-05,20,20,1.89662480354,0.014352267608,41.5200233459,0,0,0,0,1.68372362178e-14,588198.736828
41.4694444444,-1.02625954241e-05,0.599783360958,2.40005660057,-5.11741855007e-05,5.3414809372e-05,20,20,1.89662480354,0.014352267608,41.5200233459,0,0,0,0,8.57147628629e-15,588198.736828
41.4805555556,-1.02625954241e-05,0.599783360958,2.40005660057,-5.11741855007e-05,5.3414809372e-05,20,20,1.89662480354,0.014352267608,41.5200233459,0,0,0,0,8.69621367002e-14,588198.736828
41.4916666667,-1.02625954241e-05,0.599783360958,2.40005660057,-5.11741855007e-05,4.5786920964e-05,20,20,1.89662480354,0.014352267608,41.5200233459,0,0,0,0,1.08754003934e-13,588198.736828
41.5027777778,-1.02625954241e-05,0.599783360958,2.40005660057,-5.11741855007e-05,5.3414809372e-05,20,20,1.89662480354,0.014352267608,41.5200233459,0,0,0,0,5.49048836265e-14,588198.736828
41.5138888889,-1.02625954241e-05,0.599783360958,2.40005660057,-5.11741855007e-05,5.3414809372e-05,20,20,1.89662480354,0.014352267608,41.5200233459,0,0,0,0,4.34839043898e-14,588198.736828
41.525,-1.02625954241e-05,0.599783360958,2.40005660057,-5.11741855007e-05,4.5786920964e-05,20,20,1.89662480354,0.014352267608,41.5200233459,0,0,0,0,8.02846721652e-15,588198.736828
41.5361111111,-1.02625954241e-05,0.599783360958,2.40005660057,-5.11741855007e-05,5.3414809372e-05,20,20,1.89662480354,0.014352267608,41.5200233459,0,0,0,0,2.76391389655e-14,588198.736828
41.5472222222,-1.02625954241e-05,0.599783360958,2.40005660057,-5.11741855007e-05,5.3414809372e-05,20,20,1.89662480354,0.014352267608,41.5200233459,0,0,0,0,7.63505467133e-15,588198.736828
41.5583333333,-1.02625954241e-05,0.599783360958,2.40005660057,-5.11741855007e-05,5.3414809372e-05,20,20,1.89662480354,0.014352267608,41.5200233459,0,0,0,0,3.9206628032e-14,588198.736828
41.5694444444,-1.02625954241e-05,0.599783360958,2.40005660057,-5.11741855007e-05,5.3414809372e-05,20,20,1.89662480354,0.014352267608,41.5200233459,0,0,0,0,4.26557039054e-14,588198.736828
41.5805555556,-1.02625954241e-05,0.599783360958,2.40005660057,-5.11741855007e-05,4.5786920964e-05,20,20,1.89662480354,0.014352267608,41.5200233459,0,0,0,0,6.06903351567e-14,588198.736828
41.5916666667,-1.02625954241e-05,0.599783360958,2.40005660057,-5.11741855007e-05,5.3414809372e-05,20,20,1.89662480354,0.014352267608,41.5200233459,0,0,0,0,2.26712016928e-14,588198.736828
41.6027777778,-1.02625954241e-05,0.599783360958,2.40005660057,-5.11741855007e-05,5.3414809372e-05,20,20,1.89662480354,0.014352267608,41.5200233459,0,0,0,0,2.23162218955e-14,588198.736828
41.6138888889,-1.02625954241e-05,0.599783360958,2.40005660057,-5.11741855007e-05,5.3414809372e-05,20,20,1.89662480354,0.014352267608,41.5200233459,0,0,0,0,2.28228554614e-14,588198.736828
41.625,-1.02625954241e-05,0.599783360958,2.40005660057,-5.11741855007e-05,5.3414809372e-05,20,20,1.89662480354,0.014352267608,41.5200233459,0,0,0,0,2.00518889065e-14,588198.736828
41.6361111111,-1.02625954241e-05,0.599783360958,2.40005660057,-5.11741855007e-05,4.5786920964e-05,20,20,1.89662480354,0.014352267608,41.5200233459,0,0,0,0,6.34302410441e-14,588198.736828
41.6472222222,-1.02625954241e-05,0.599783360958,2.40005660057,-5.11741855007e-05,5.3414809372e-05,20,20,1.89662480354,0.014352267608,41.5200233459,0,0,0,0,1.16129477305e-13,588198.736828
41.6583333333,-1.02625954241e-05,0.599783360958,2.40005660057,-5.11741855007e-05,5.3414809372e-05,20,20,1.89662480354,0.014352267608,41.5200233459,0,0,0,0,8.40266438484e-14,588198.736828
41.6694444444,-1.02625954241e-05,0.599783360958,2.40005660057,-5.11741855007e-05,4.5786920964e-05,20,20,1.89662480354,0.014352267608,41.5200233459,0,0,0,0,1.61115021705e-14,588198.736828
41.6805555556,-1.02625954241e-05,0.599783360958,2.40005660057,-5.11741855007e-05,5.3414809372e-05,20,20,1.89662480354,0.014352267608,41.5200233459,0,0,0,0,1.23602394449e-14,588198.736828
41.6916666667,-1.02625954241e-05,0.599783360958,2.40005660057,-5.11741855007e-05,5.3414809372e-05,20,20,1.89662480354,0.014352267608,41.5200233459,0,0,0,0,6.56425315331e-14,588198.736828
41.7027777778,-1.02625954241e-05,0.599783360958,2.40005660057,-5.11741855007e-05,5.3414809372e-05,20,20,1.89662480354,0.014352267608,41.5200233459,0,0,0,0,3.13412244633e-14,588198.736828
41.7138888889,-1.02625954241e-05,0.599783360958,2.40005660057,-5.11741855007e-05,5.3414809372e-05,20,20,1.89662480354,0.014352267608,41.5200233459,0,0,0,0,5.2398346934e-14,588198.736828
41.725,-1.02625954241e-05,0.599783360958,2.40005660057,-5.11741855007e-05,4.5786920964e-05,20,20,1.89662480354,0.014352267608,41.5200233459,0,0,0,0,3.43779728526e-14,588198.736828
41.7361111111,-1.02625954241e-05,0.599783360958,2.40005660057,-5.11741855007e-05,5.3414809372e-05,20,20,1.89662480354,0.014352267608,41.5200233459,0,0,0,0,1.07314845483e-14,588198.736828
41.7472222222,-1.02625954241e-05,0.599783360958,2.40005660057,-5.11741855007e-05,5.3414809372e-05,20,20,1.89662480354,0.014352267608,41.5200233459,0,0,0,0,5.50200270867e-14,588198.736828
41.7583333333,-1.02625954241e-05,0.599783360958,2.40005660057,-5.11741855007e-05,5.3414809372e-05,20,20,1.89662480354,0.014352267608,41.5200233459,0,0,0,0,5.24395982418e-14,588198.736828
41.7694444444,-1.02625954241e-05,0.599783360958,2.40005660057,-5.11741855007e-05,5.3414809372e-05,20,20,1.89662480354,0.014352267608,41.5200233459,0,0,0,0,2.29958698248e-14,588198.736828
41.7805555556,-1.02625954241e-05,0.599783360958,2.40005660057,-5.11741855007e-05,4.5786920964e-05,20,20,1.89662480354,0.014352267608,41.5200233459,0,0,0,0,1.07315758768e-14,588198.736828
41.7916666667,-1.02625954241e-05,0.599783360958,2.40005660057,-5.11741855007e-05,5.3414809372e-05,20,20,1.89662480354,0.014352267608,41.5200233459,0,0,0,0,3.66557931911e-14,588198.736828
41.8027777778,-1.02625954241e-05,0.599783360958,2.40005660057,-5.11741855007e-05,5.3414809372e-05,20,20,1.89662480354,0.014352267608,41.5200233459,0,0,0,0,4.95113990771e-14,588198.736828
41.8138888889,-1.02625954241e-05,0.599783360958,2.40005660057,-5.11741855007e-05,4.5786920964e-05,20,20,1.89662480354,0.014352267608,41.5200233459,0,0,0,0,5.27053160229e-15,588198.736828
41.825,-1.02625954241e-05,0.599783360958,2.40005660057,-5.11741855007e-05,5.3414809372e-05,20,20,1.89662480354,0.014352267608,41.5200233459,0,0,0,0,2.05320736863e-14,588198.736828
41.8361111111,-1.02625954241e-05,0.599783360958,2.40005660057,-5.11741855007e-05,5.3414809372e-05,20,20,1.89662480354,0.014352267608,41.5200233459,0,0,0,0,1.60336913951e-14,588198.736828
41.8472222222,-1.02625954241e-05,0.599783360958,2.40005660057,-5.11741855007e-05,5.3414809372e-05,20,20,1.89662480354,0.014352267608,41.5200233459,0,0,0,0,4.93754255751e-15,588198.736828
41.8583333333,-1.02625954241e-05,0.599783360958,2.40005660057,-5.11741855007e-05,5.3414809372e-05,20,20,1.89662480354,0.014352267608,41.5200233459,0,0,0,0,1.15678942006e-13,588198.736828
41.8694444444,-1.02625954241e-05,0.599783360958,2.40005660057,-5.11741855007e-05,4.5786920964e-05,20,20,1.89662480354,0.014352267608,41.5200233459,0,0,0,0,2.60029172359e-13,588198.736828
41.8805555556,-1.02625954241e-05,0.599783360958,2.40005660057,-5.11741855007e-05,5.3414809372e-05,20,20,1.89662480354,0.014352267608,41.5200233459,0,0,0,0,5.15325010819e-13,588198.736828
41.8916666667,-1.02625954241e-05,0.599783360958,2.40005660057,-5.11741855007e-05,5.3414809372e-05,20,20,1.89662480354,0.014352267608,41.5200233459,0,0,0,0,4.92457254913e-13,588198.736828
41.9027777778,-1.02625954241e-05,0.599783360958,2.40005660057,-5.11741855007e-05,5.3414809372e-05,20,20,1.89662480354,0.014352267608,41.5200233459,0,0,0,0,2.1565275916e-13,588198.736828
41.9138888889,-1.02625954241e-05,0.599783360958,2.40005660057,-5.11741855007e-05,5.3414809372e-05,20,20,1.89662480354,0.014352267608,41.5200233459,0,0,0,0,2.72954086956e-14,588198.736828
41.925,-1.02625954241e-05,0.599783360958,2.40005660057,-5.11741855007e-05,4.5786920964e-05,20,20,1.89662480354,0.014352267608,41.5200233459,0,0,0,0,4.54130093865e-14,588198.736828
41.9361111111,-1.02625954241e-05,0.599783360958,2.40005660057,-5.11741855007e-05,5.3414809372e-05,20,20,1.89662480354,0.014352267608,41.5200233459,0,0,0,0,5.62531620008e-14,588198.736828
41.9472222222,-1.02625954241e-05,0.599783360958,2.40005660057,-5.11741855007e-05,5.3414809372e-05,20,20,1.89662480354,0.014352267608,41.5200233459,0,0,0,0,8.92559164128e-14,588198.736828
41.9583333333,-1.02625954241e-05,0.599783360958,2.40005660057,-5.11741855007e-05,4.5786920964e-05,20,20,1.89662480354,0.014352267608,41.5200233459,0,0,0,0,1.20705828663e-13,588198.736828
41.9694444444,-1.02625954241e-05,0.599783360958,2.40005660057,-5.11741855007e-05,5.3414809372e-05,20,20,1.89662480354,0.014352267608,41.5200233459,0,0,0,0,2.56969648309e-14,588198.736828
41.9805555556,-1.02625954241e-05,0.599783360958,2.40005660057,-5.11741855007e-05,5.3414809372e-05,20,20,1.89662480354,0.014352267608,41.5200233459,0,0,0,0,3.33912097578e-14,588198.736828
41.9916666667,-1.02625954241e-05,0.599783360958,2.40005660057,-5.11741855007e-05,5.3414809372e-05,20,20,1.89662480354,0.014352267608,41.5200233459,0,0,0,0,2.1402200552e-14,588198.736828
42.0027777778,-1.02625954241e-05,0.599783360958,2.40005660057,-5.11741855007e-05,5.3414809372e-05,20,20,1.89662480354,0.014352267608,41.5200233459,0,0,0,0,3.64548445936e-14,588198.736828
42.0138888889,-1.02625954241e-05,0.599783360958,2.40005660057,-5.11741855007e-05,4.5786920964e-05,20,20,1.89662480354,0.014352267608,41.5200233459,0,0,0,0,1.67481824213e-14,588198.736828
42.025,-1.02625954241e-05,0.599783360958,2.40005660057,-5.11741855007e-05,5.3414809372e-05,20,20,1.89662480354,0.014352267608,41.5200233459,0,0,0,0,8.30765037454e-14,588198.736828
42.0361111111,-1.02625954241e-05,0.599783360958,2.40005660057,-5.11741855007e-05,5.3414809372e-05,20,20,1.89662480354,0.014352267608,41.5200233459,0,0,0,0,1.0603952239e-13,588198.736828
42.0472222222,-1.02625954241e-05,0.599783360958,2.40005660057,-5.11741855007e-05,5.3414809372e-05,20,20,1.89662480354,0.014352267608,41.5200233459,0,0,0,0,2.95624963795e-13,588198.736828
42.0583333333,-1.02625954241e-05,0.599783360958,2.40005660057,-5.11741855007e-05,5.3414809372e-05,20,20,1.89662480354,0.014352267608,41.5200233459,0,0,0,0,2.49779729709e-13,588198.736828
42.0694444444,-1.02625954241e-05,0.599783360958,2.40005660057,-5.11741855007e-05,4.5786920964e-05,20,20,1.89662480354,0.014352267608,41.5200233459,0,0,0,0,3.37573184471e-13,588198.736828
42.0805555556,-1.02625954241e-05,0.599783360958,2.40005660057,-5.11741855007e-05,5.3414809372e-05,20,20,1.89662480354,0.014352267608,41.5200233459,0,0,0,0,1.33235206232e-13,588198.736828
42.0916666667,-1.02625954241e-05,0.599783360958,2.40005660057,-5.11741855007e-05,5.3414809372e-05,20,20,1.89662480354,0.014352267608,41.5200233459,0,0,0,0,1.02425455308e-13,588198.736828
42.1027777778,-1.02625954241e-05,0.599783360958,2.40005660057,-5.11741855007e-05,4.5786920964e-05,20,20,1.89662480354,0.014352267608,41.5200233459,0,0,0,0,5.06111228971e-14,588198.736828
42.1138888889,-1.02625954241e-05,0.599783360958,2.40005660057,-5.11741855007e-05,5.3414809372e-05,20,20,1.89662480354,0.014352267608,41.5200233459,0,0,0,0,5.00023864156e-14,588198.736828
42.125,-1.02625954241e-05,0.599783360958,2.40005660057,-5.11741855007e-05,5.3414809372e-05,20,20,1.89662480354,0.014352267608,41.5200233459,0,0,0,0,3.61897092039e-14,588198.736828
42.1361111111,-1.02625954241e-05,0.599783360958,2.40005660057,-5.11741855007e-05,5.3414809372e-05,20,20,1.89662480354,0.014352267608,41.5200233459,0,0,0,0,1.33339181013e-13,588198.736828
42.1472222222,-1.02625954241e-05,0.599783360958,2.40005660057,-5.11741855007e-05,5.3414809372e-05,20,20,1.89662480354,0.014352267608,41.5200233459,0,0,0,0,7.66587746491e-14,588198.736828
42.1583333333,-1.02625954241e-05,0.599783360958,2.40005660057,-5.11741855007e-05,4.5786920964e-05,20,20,1.89662480354,0.014352267608,41.5200233459,0,0,0,0,7.93030880234e-14,588198.736828
42.1694444444,-1.02625954241e-05,0.599783360958,2.40005660057,-5.11741855007e-05,5.3414809372e-05,20,20,1.89662480354,0.014352267608,41.5200233459,0,0,0,0,8.88433805875e-14,588198.736828
42.1805555556,-1.02625954241e-05,0.599783360958,2.40005660057,-5.11741855007e-05,5.3414809372e-05,20,20,1.89662480354,0.014352267608,41.5200233459,0,0,0,0,1.32003794869e-13,588198.736828
42.1916666667,-1.02625954241e-05,0.599783360958,2.40005660057,-5.11741855007e-05,5.3414809372e-05,20,20,1.89662480354,0.014352267608,41.5200233459,0,0,0,0,9.53074954685e-14,588198.736828
42.2027777778,-1.02625954241e-05,0.599783360958,2.40005660057,-5.11741855007e-05,5.3414809372e-05,20,20,1.89662480354,0.014352267608,41.5200233459,0,0,0,0,3.29323050514e-14,588198.736828
42.2138888889,-1.02625954241e-05,0.599783360958,2.40005660057,-5.11741855007e-05,4.5786920964e-05,20,20,1.89662480354,0.014352267608,41.5200233459,0,0,0,0,8.75423616852e-14,588198.736828
42.225,-1.02625954241e-05,0.599783360958,2.40005660057,-5.11741855007e-05,5.3414809372e-05,20,20,1.89662480354,0.014352267608,41.5200233459,0,0,0,0,2.78063610371e-14,588198.736828
42.2361111111,-1.02625954241e-05,0.599783360958,2.40005660057,-5.11741855007e-05,5.3414809372e-05,20,20,1.89662480354,0.014352267608,41.5200233459,0,0,0,0,6.52257529442e-14,588198.736828
42.2472222222,-1.02625954241e-05,0.599783360958,2.40005660057,-5.11741855007e-05,4.5786920964e-05,20,20,1.89662480354,0.014352267608,41.5200233459,0,0,0,0,1.56028939568e-14,588198.736828
42.2583333333,-1.02625954241e-05,0.599783360958,2.40005660057,-5.11741855007e-05,5.3414809372e-05,20,20,1.89662480354,0.014352267608,41.5200233459,0,0,0,0,1.01492161667e-13,588198.736828
42.2694444444,-1.02625954241e-05,0.599783360958,2.40005660057,-5.11741855007e-05,5.3414809372e-05,20,20,1.89662480354,0.014352267608,41.5200233459,0,0,0,0,7.95575256633e-14,588198.736828
42.2805555556,-1.02625954241e-05,0.599783360958,2.40005660057,-5.11741855007e-05,5.3414809372e-05,20,20,1.89662480354,0.014352267608,41.5200233459,0,0,0,0,5.39070128853e-14,588198.736828
42.2916666667,-1.02625954241e-05,0.599783360958,2.40005660057,-5.11741855007e-05,5.3414809372e-05,20,20,1.89662480354,0.014352267608,41.5200233459,0,0,0,0,1.02373203716e-13,588198.736828
42.3027777778,-1.02625954241e-05,0.599783360958,2.40005660057,-5.11741855007e-05,4.5786920964e-05,20,20,1.89662480354,0.014352267608,41.5200233459,0,0,0,0,7.02619845093e-15,588198.736828
42.3138888889,-1.02625954241e-05,0.599783360958,2.40005660057,-5.11741855007e-05,5.3414809372e-05,20,20,1.89662480354,0.014352267608,41.5200233459,0,0,0,0,1.1357057995e-13,588198.736828
42.325,-1.02625954241e-05,0.599783360958,2.40005660057,-5.11741855007e-05,5.3414809372e-05,20,20,1.89662480354,0.014352267608,41.5200233459,0,0,0,0,1.33964913947e-13,588198.736828
42.3361111111,-1.02625954241e-05,0.599783360958,2.40005660057,-5.11741855007e-05,5.3414809372e-05,20,20,1.89662480354,0.014352267608,41.5200233459,0,0,0,0,1.46502666964e-13,588198.736828
42.3472222222,-1.02625954241e-05,0.599783360958,2.40005660057,-5.11741855007e-05,5.3414809372e-05,20,20,1.89662480354,0.014352267608,41.5200233459,0,0,0,0,2.32067627417e-13,588198.736828
42.3583333333,-1.02625954241e-05,0.599783360958,2.40005660057,-5.11741855007e-05,4.5786920964e-05,20,20,1.89662480354,0.014352267608,41.5200233459,0,0,0,0,3.29633424351e-13,588198.736828
42.3694444444,-1.02625954241e-05,0.599783360958,2.40005660057,-5.11741855007e-05,5.3414809372e-05,20,20,1.89662480354,0.014352267608,41.5200233459,0,0,0,0,4.02226226163e-13,588198.736828
42.3805555556,-1.02625954241e-05,0.599783360958,2.40005660057,-5.11741855007e-05,5.3414809372e-05,20,20,1.89662480354,0.014352267608,41.5200233459,0,0,0,0,5.79897671583e-13,588198.736828
42.3916666667,-1.02625954241e-05,0.599783360958,2.40005660057,-5.11741855007e-05,4.5786920964e-05,20,20,1.89662480354,0.014352267608,41.5200233459,0,0,0,0,2.36259643868e-13,588198.736828
42.4027777778,-1.02625954241e-05,0.599783360958,2.40005660057,-5.11741855007e-05,5.3414809372e-05,20,20,1.89662480354,0.014352267608,41.5200233459,0,0,0,0,1.0954410569e-13,588198.736828
42.4138888889,-1.02625954241e-05,0.599783360958,2.40005660057,-5.11741855007e-05,5.3414809372e-05,20,20,1.89662480354,0.014352267608,41.5200233459,0,0,0,0,6.29857979588e-14,588198.736828
42.425,-1.02625954241e-05,0.599783360958,2.40005660057,-5.11741855007e-05,5.3414809372e-05,20,20,1.89662480354,0.014352267608,41.5200233459,0,0,0,0,5.16796106983e-14,588198.736828
42.4361111111,-1.02625954241e-05,0.599783360958,2.40005660057,-5.11741855007e-05,5.3414809372e-05,20,20,1.89662480354,0.014352267608,41.5200233459,0,0,0,0,2.29705675578e-14,588198.736828
42.4472222222,-1.02625954241e-05,0.599783360958,2.40005660057,-5.11741855007e-05,4.5786920964e-05,20,20,1.89662480354,0.014352267608,41.5200233459,0,0,0,0,2.17792049086e-14,588198.736828
42.4583333333,-1.02625954241e-05,0.599783360958,2.40005660057,-5.11741855007e-05,5.3414809372e-05,20,20,1.89662480354,0.014352267608,41.5200233459,0,0,0,0,3.50819870913e-14,588198.736828
42.4694444444,-1.02625954241e-05,0.599783360958,2.40005660057,-5.11741855007e-05,5.3414809372e-05,20,20,1.89662480354,0.014352267608,41.5200233459,0,0,0,0,1.1310767587e-14,588198.736828
42.4805555556,-1.02625954241e-05,0.599783360958,2.40005660057,-5.11741855007e-05,5.3414809372e-05,20,20,1.89662480354,0.014352267608,41.5200233459,0,0,0,0,2.01957394923e-14,588198.736828
42.4916666667,-1.02625954241e-05,0.599783360958,2.40005660057,-5.11741855007e-05,5.3414809372e-05,20,20,1.89662480354,0.014352267608,41.5200233459,0,0,0,0,1.14921609362e-13,588198.736828
42.5027777778,-1.02625954241e-05,0.599783360958,2.40005660057,-5.11741855007e-05,4.5786920964e-05,20,20,1.89662480354,0.014352267608,41.5200233459,0,0,0,0,3.06661861631e-14,588198.736828
42.5138888889,-1.02625954241e-05,0.599783360958,2.40005660057,-5.11741855007e-05,5.3414809372e-05,20,20,1.89662480354,0.014352267608,41.5200233459,0,0,0,0,2.24127120623e-14,588198.736828
42.525,-1.02625954241e-05,0.599783360958,2.40005660057,-5.11741855007e-05,5.3414809372e-05,20,20,1.89662480354,0.014352267608,41.5200233459,0,0,0,0,2.17109587255e-14,588198.736828
42.5361111111,-1.02625954241e-05,0.599783360958,2.40005660057,-5.11741855007e-05,4.5786920964e-05,20,20,1.89662480354,0.014352267608,41.5200233459,0,0,0,0,1.34327096197e-14,588198.736828
42.5472222222,-1.02625954241e-05,0.599783360958,2.40005660057,-5.11741855007e-05,5.3414809372e-05,20,20,1.89662480354,0.014352267608,41.5200233459,0,0,0,0,3.06449445472e-14,588198.736828
42.5583333333,-1.02625954241e-05,0.599783360958,2.40005660057,-5.11741855007e-05,5.3414809372e-05,20,20,1.89662480354,0.014352267608,41.5200233459,0,0,0,0,7.73111814016e-15,588198.736828
42.5694444444,-1.02625954241e-05,0.599783360958,2.40005660057,-5.11741855007e-05,5.3414809372e-05,20,20,1.89662480354,0.014352267608,41.5200233459,0,0,0,0,7.20663334637e-15,588198.736828
42.5805555556,-1.02625954241e-05,0.599783360958,2.40005660057,-5.11741855007e-05,5.3414809372e-05,20,20,1.89662480354,0.014352267608,41.5200233459,0,0,0,0,3.35334681388e-14,588198.736828
42.5916666667,-1.02625954241e-05,0.599783360958,2.40005660057,-5.11741855007e-05,4.5786920964e-05,20,20,1.89662480354,0.014352267608,41.5200233459,0,0,0,0,1.45546780118e-14,588198.736828
42.6027777778,-1.02625954241e-05,0.599783360958,2.40005660057,-5.11741855007e-05,5.3414809372e-05,20,20,1.89662480354,0.014352267608,41.5200233459,0,0,0,0,3.24164955915e-14,588198.736828
42.6138888889,-1.02625954241e-05,0.599783360958,2.40005660057,-5.11741855007e-05,5.3414809372e-05,20,20,1.89662480354,0.014352267608,41.5200233459,0,0,0,0,2.53349637042e-14,588198.736828
42.625,-1.02625954241e-05,0.599783360958,2.40005660057,-5.11741855007e-05,5.3414809372e-05,20,20,1.89662480354,0.014352267608,41.5200233459,0,0,0,0,3.36663770685e-14,588198.736828
42.6361111111,-1.02625954241e-05,0.599783360958,2.40005660057,-5.11741855007e-05,5.3414809372e-05,20,20,1.89662480354,0.014352267608,41.5200233459,0,0,0,0,1.4298281745e-14,588198.736828
42.6472222222,-1.02625954241e-05,0.599783360958,2.40005660057,-5.11741855007e-05,4.5786920964e-05,20,20,1.89662480354,0.014352267608,41.5200233459,0,0,0,0,1.29272257911e-14,588198.736828
42.6583333333,-1.02625954241e-05,0.599783360958,2.40005660057,-5.11741855007e-05,5.3414809372e-05,20,20,1.89662480354,0.014352267608,41.5200233459,0,0,0,0,1.34871748292e-14,588198.736828
42.6694444444,-1.02625954241e-05,0.599783360958,2.40005660057,-5.11741855007e-05,5.3414809372e-05,20,20,1.89662480354,0.014352267608,41.5200233459,0,0,0,0,4.30431033788e-14,588198.736828
42.6805555556,-1.02625954241e-05,0.599783360958,2.40005660057,-5.11741855007e-05,4.5786920964e-05,20,20,1.89662480354,0.014352267608,41.5200233459,0,0,0,0,4.28251024001e-14,588198.736828
42.6916666667,-1.02625954241e-05,0.599783360958,2.40005660057,-5.11741855007e-05,5.3414809372e-05,20,20,1.89662480354,0.014352267608,41.5200233459,0,0,0,0,8.32695374991e-14,588198.736828
42.7027777778,-1.02625954241e-05,0.599783360958,2.40005660057,-5.11741855007e-05,5.3414809372e-05,20,20,1.89662480354,0.014352267608,41.5200233459,0,0,0,0,4.5010363963e-14,588198.736828
42.7138888889,-1.02625954241e-05,0.599783360958,2.40005660057,-5.11741855007e-05,5.3414809372e-05,20,20,1.89662480354,0.014352267608,41.5200233459,0,0,0,0,3.66567776711e-14,588198.736828
42.725,-1.02625954241e-05,0.599783360958,2.40005660057,-5.11741855007e-05,5.3414809372e-05,20,20,1.89662480354,0.014352267608,41.5200233459,0,0,0,0,6.15461749625e-14,588198.736828
42.7361111111,-1.02625954241e-05,0.599783360958,2.40005660057,-5.11741855007e-05,4.5786920964e-05,20,20,1.89662480354,0.014352267608,41.5200233459,0,0,0,0,7.65654224269e-14,588198.736828
42.7472222222,-1.02625954241e-05,0.599783360958,2.40005660057,-5.11741855007e-05,5.3414809372e-05,20,20,1.89662480354,0.014352267608,41.5200233459,0,0,0,0,1.89527230719e-14,588198.736828
42.7583333333,-1.02625954241e-05,0.599783360958,2.40005660057,-5.11741855007e-05,5.3414809372e-05,20,20,1.89662480354,0.014352267608,41.5200233459,0,0,0,0,2.76496053642e-14,588198.736828
42.7694444444,-1.02625954241e-05,0.599783360958,2.40005660057,-5.11741855007e-05,5.3414809372e-05,20,20,1.89662480354,0.014352267608,41.5200233459,0,0,0,0,4.68343096426e-14,588198.736828
42.7805555556,-1.02625954241e-05,0.599783360958,2.40005660057,-5.11741855007e-05,5.3414809372e-05,20,20,1.89662480354,0.014352267608,41.5200233459,0,0,0,0,1.77356389157e-14,588198.736828
42.7916666667,-1.02625954241e-05,0.599783360958,2.40005660057,-5.11741855007e-05,4.5786920964e-05,20,20,1.89662480354,0.014352267608,41.5200233459,0,0,0,0,5.51953515914e-14,588198.736828
42.8027777778,-1.02625954241e-05,0.599783360958,2.40005660057,-5.11741855007e-05,5.3414809372e-05,20,20,1.89662480354,0.014352267608,41.5200233459,0,0,0,0,8.13624249828e-14,588198.736828
42.8138888889,-1.02625954241e-05,0.599783360958,2.40005660057,-5.11741855007e-05,5.3414809372e-05,20,20,1.89662480354,0.014352267608,41.5200233459,0,0,0,0,8.88995325693e-14,588198.736828
42.825,-1.02625954241e-05,0.599783360958,2.40005660057,-5.11741855007e-05,4.5786920964e-05,20,20,1.89662480354,0.014352267608,41.5200233459,0,0,0,0,2.2453899285e-14,588198.736828
42.8361111111,-1.02625954241e-05,0.599783360958,2.40005660057,-5.11741855007e-05,5.3414809372e-05,20,20,1.89662480354,0.014352267608,41.5200233459,0,0,0,0,3.86662677726e-14,588198.736828
42.8472222222,-1.02625954241e-05,0.599783360958,2.40005660057,-5.11741855007e-05,5.3414809372e-05,20,20,1.89662480354,0.014352267608,41.5200233459,0,0,0,0,7.00807569278e-14,588198.736828
42.8583333333,-1.02625954241e-05,0.599783360958,2.40005660057,-5.11741855007e-05,5.3414809372e-05,20,20,1.89662480354,0.014352267608,41.5200233459,0,0,0,0,1.04477181955e-13,588198.736828
42.8694444444,-1.02625954241e-05,0.599783360958,2.40005660057,-5.11741855007e-05,5.3414809372e-05,20,20,1.89662480354,0.014352267608,41.5200233459,0,0,0,0,7.12641179869e-14,588198.736828
42.8805555556,-1.02625954241e-05,0.599783360958,2.40005660057,-5.11741855007e-05,4.5786920964e-05,20,20,1.89662480354,0.014352267608,41.5200233459,0,0,0,0,5.69150787832e-13,588198.736828
42.8916666667,-1.02625954241e-05,0.599783360958,2.40005660057,-5.11741855007e-05,5.3414809372e-05,20,20,1.89662480354,0.014352267608,41.5200233459,0,0,0,0,4.21305369985e-13,588198.736828
42.9027777778,-1.02625954241e-05,0.599783360958,2.40005660057,-5.11741855007e-05,5.3414809372e-05,20,20,1.89662480354,0.014352267608,41.5200233459,0,0,0,0,2.02731077989e-13,588198.736828
42.9138888889,-1.02625954241e-05,0.599783360958,2.40005660057,-5.11741855007e-05,5.3414809372e-05,20,20,1.89662480354,0.014352267608,41.5200233459,0,0,0,0,2.92039947545e-13,588198.736828
42.925,-1.02625954241e-05,0.599783360958,2.40005660057,-5.11741855007e-05,5.3414809372e-05,20,20,1.89662480354,0.014352267608,41.5200233459,0,0,0,0,1.44872754801e-13,588198.736828
42.9361111111,-1.02625954241e-05,0.599783360958,2.40005660057,-5.11741855007e-05,4.5786920964e-05,20,20,1.89662480354,0.014352267608,41.5200233459,0,0,0,0,3.49649092866e-14,588198.736828
42.9472222222,-1.02625954241e-05,0.599783360958,2.40005660057,-5.11741855007e-05,5.3414809372e-05,20,20,1.89662480354,0.014352267608,41.5200233459,0,0,0,0,9.07926573632e-15,588198.736828
42.9583333333,-1.02625954241e-05,0.599783360958,2.40005660057,-5.11741855007e-05,5.3414809372e-05,20,20,1.89662480354,0.014352267608,41.5200233459,0,0,0,0,1.72024442786e-14,588198.736828
42.9694444444,-1.02625954241e-05,0.599783360958,2.40005660057,-5.11741855007e-05,4.5786920964e-05,20,20,1.89662480354,0.014352267608,41.5200233459,0,0,0,0,4.58581208394e-14,588198.736828
42.9805555556,-1.02625954241e-05,0.599783360958,2.40005660057,-5.11741855007e-05,5.3414809372e-05,20,20,1.89662480354,0.014352267608,41.5200233459,0,0,0,0,1.67296912145e-13,588198.736828
42.9916666667,-1.02625954241e-05,0.599783360958,2.40005660057,-5.11741855007e-05,5.3414809372e-05,20,20,1.89662480354,0.014352267608,41.5200233459,0,0,0,0,9.20790389133e-14,588198.736828
43.0027777778,-1.02625954241e-05,0.599783360958,2.40005660057,-5.11741855007e-05,5.3414809372e-05,20,20,1.89662480354,0.014352267608,41.5200233459,0,0,0,0,1.80929672347e-13,588198.736828
43.0138888889,-1.02625954241e-05,0.599783360958,2.40005660057,-5.11741855007e-05,5.3414809372e-05,20,20,1.89662480354,0.014352267608,41.5200233459,0,0,0,0,3.94141847196e-13,588198.736828
43.025,-1.02625954241e-05,0.599783360958,2.40005660057,-5.11741855007e-05,4.5786920964e-05,20,20,1.89662480354,0.014352267608,41.5200233459,0,0,0,0,2.37306570158e-13,588198.736828
43.0361111111,-1.02625954241e-05,0.599783360958,2.40005660057,-5.11741855007e-05,5.3414809372e-05,20,20,1.89662480354,0.014352267608,41.5200233459,0,0,0,0,4.57948882197e-14,588198.736828
43.0472222222,-1.02625954241e-05,0.599783360958,2.40005660057,-5.11741855007e-05,5.3414809372e-05,20,20,1.89662480354,0.014352267608,41.5200233459,0,0,0,0,8.7255581527e-14,588198.736828
43.0583333333,-1.02625954241e-05,0.599783360958,2.40005660057,-5.11741855007e-05,5.3414809372e-05,20,20,1.89662480354,0.014352267608,41.5200233459,0,0,0,0,6.52053346976e-15,588198.736828
43.0694444444,-1.02625954241e-05,0.599783360958,2.40005660057,-5.11741855007e-05,5.3414809372e-05,20,20,1.89662480354,0.014352267608,41.5200233459,0,0,0,0,1.04068292516e-13,588198.736828
43.0805555556,-1.02625954241e-05,0.599783360958,2.40005660057,-5.11741855007e-05,4.5786920964e-05,20,20,1.89662480354,0.014352267608,41.5200233459,0,0,0,0,3.96647901149e-13,588198.736828
43.0916666667,-1.02625954241e-05,0.599783360958,2.40005660057,-5.11741855007e-05,5.3414809372e-05,20,20,1.89662480354,0.014352267608,41.5200233459,0,0,0,0,4.24454731657e-13,588198.736828
43.1027777778,-1.02625954241e-05,0.599783360958,2.40005660057,-5.11741855007e-05,5.3414809372e-05,20,20,1.89662480354,0.014352267608,41.5200233459,0,0,0,0,2.15671085497e-13,588198.736828
43.1138888889,-1.02625954241e-05,0.599783360958,2.40005660057,-5.11741855007e-05,4.5786920964e-05,20,20,1.89662480354,0.014352267608,41.5200233459,0,0,0,0,9.35047605643e-14,588198.736828
43.125,-1.02625954241e-05,0.599783360958,2.40005660057,-5.11741855007e-05,5.3414809372e-05,20,20,1.89662480354,0.014352267608,41.5200233459,0,0,0,0,1.99930631871e-14,588198.736828
43.1361111111,-1.02625954241e-05,0.599783360958,2.40005660057,-5.11741855007e-05,5.3414809372e-05,20,20,1.89662480354,0.014352267608,41.5200233459,0,0,0,0,1.86190210854e-14,588198.736828
43.1472222222,-1.02625954241e-05,0.599783360958,2.40005660057,-5.11741855007e-05,5.3414809372e-05,20,20,1.89662480354,0.014352267608,41.5200233459,0,0,0,0,3.5127363515e-14,588198.736828
43.1583333333,-1.02625954241e-05,0.599783360958,2.40005660057,-5.11741855007e-05,5.3414809372e-05,20,20,1.89662480354,0.014352267608,41.5200233459,0,0,0,0,8.26297581663e-14,588198.736828
43.1694444444,-1.02625954241e-05,0.599783360958,2.40005660057,-5.11741855007e-05,4.5786920964e-05,20,20,1.89662480354,0.014352267608,41.5200233459,0,0,0,0,8.74296623462e-14,588198.736828
43.1805555556,-1.02625954241e-05,0.599783360958,2.40005660057,-5.11741855007e-05,5.3414809372e-05,20,20,1.89662480354,0.014352267608,41.5200233459,0,0,0,0,3.67150004024e-14,588198.736828
43.1916666667,-1.02625954241e-05,0.599783360958,2.40005660057,-5.11741855007e-05,5.3414809372e-05,20,20,1.89662480354,0.014352267608,41.5200233459,0,0,0,0,4.31197086498e-15,588198.736828
43.2027777778,-1.02625954241e-05,0.599783360958,2.40005660057,-5.11741855007e-05,5.3414809372e-05,20,20,1.89662480354,0.014352267608,41.5200233459,0,0,0,0,1.33256872615e-14,588198.736828
43.2138888889,-1.02625954241e-05,0.599783360958,2.40005660057,-5.11741855007e-05,5.3414809372e-05,20,20,1.89662480354,0.014352267608,41.5200233459,0,0,0,0,4.11399848974e-15,588198.736828
43.225,-1.02625954241e-05,0.599783360958,2.40005660057,-5.11741855007e-05,4.5786920964e-05,20,20,1.89662480354,0.014352267608,41.5200233459,0,0,0,0,2.24331909609e-14,588198.736828
43.2361111111,-1.02625954241e-05,0.599783360958,2.40005660057,-5.11741855007e-05,5.3414809372e-05,20,20,1.89662480354,0.014352267608,41.5200233459,0,0,0,0,1.01812592918e-14,588198.736828
43.2472222222,-1.02625954241e-05,0.599783360958,2.40005660057,-5.11741855007e-05,5.3414809372e-05,20,20,1.89662480354,0.014352267608,41.5200233459,0,0,0,0,9.51546738889e-15,588198.736828
43.2583333333,-1.02625954241e-05,0.599783360958,2.40005660057,-5.11741855007e-05,4.5786920964e-05,20,20,1.89662480354,0.014352267608,41.5200233459,0,0,0,0,1.64540597436e-14,588198.736828
43.2694444444,-1.02625954241e-05,0.599783360958,2.40005660057,-5.11741855007e-05,5.3414809372e-05,20,20,1.89662480354,0.014352267608,41.5200233459,0,0,0,0,1.44165356216e-14,588198.736828
43.2805555556,-1.02625954241e-05,0.599783360958,2.40005660057,-5.11741855007e-05,5.3414809372e-05,20,20,1.89662480354,0.014352267608,41.5200233459,0,0,0,0,1.09394360407e-14,588198.736828
43.2916666667,-1.02625954241e-05,0.599783360958,2.40005660057,-5.11741855007e-05,5.3414809372e-05,20,20,1.89662480354,0.014352267608,41.5200233459,0,0,0,0,3.13312281675e-14,588198.736828
43.3027777778,-1.02625954241e-05,0.599783360958,2.40005660057,-5.11741855007e-05,5.3414809372e-05,20,20,1.89662480354,0.014352267608,41.5200233459,0,0,0,0,3.02304749098e-14,588198.736828
43.3138888889,-1.02625954241e-05,0.599783360958,2.40005660057,-5.11741855007e-05,4.5786920964e-05,20,20,1.89662480354,0.014352267608,41.5200233459,0,0,0,0,3.53948757902e-14,588198.736828
43.325,-1.02625954241e-05,0.599783360958,2.40005660057,-5.11741855007e-05,5.3414809372e-05,20,20,1.89662480354,0.014352267608,41.5200233459,0,0,0,0,2.38198174845e-14,588198.736828
43.3361111111,-1.02625954241e-05,0.599783360958,2.40005660057,-5.11741855007e-05,5.3414809372e-05,20,20,1.89662480354,0.014352267608,41.5200233459,0,0,0,0,6.20375654541e-14,588198.736828
43.3472222222,-1.02625954241e-05,0.599783360958,2.40005660057,-5.11741855007e-05,5.3414809372e-05,20,20,1.89662480354,0.014352267608,41.5200233459,0,0,0,0,1.43163677125e-14,588198.736828
43.3583333333,-1.02625954241e-05,0.599783360958,2.40005660057,-5.11741855007e-05,5.3414809372e-05,20,20,1.89662480354,0.014352267608,41.5200233459,0,0,0,0,7.90215725546e-14,588198.736828
43.3694444444,-1.02625954241e-05,0.599783360958,2.40005660057,-5.11741855007e-05,4.5786920964e-05,20,20,1.89662480354,0.014352267608,41.5200233459,0,0,0,0,6.01722732569e-14,588198.736828
43.3805555556,-1.02625954241e-05,0.599783360958,2.40005660057,-5.11741855007e-05,5.3414809372e-05,20,20,1.89662480354,0.014352267608,41.5200233459,0,0,0,0,4.05010691148e-14,588198.736828
43.3916666667,-1.02625954241e-05,0.599783360958,2.40005660057,-5.11741855007e-05,5.3414809372e-05,20,20,1.89662480354,0.014352267608,41.5200233459,0,0,0,0,1.69680305916e-14,588198.736828
43.4027777778,-1.02625954241e-05,0.599783360958,2.40005660057,-5.11741855007e-05,4.5786920964e-05,20,20,1.89662480354,0.014352267608,41.5200233459,0,0,0,0,3.3470622315e-14,588198.736828
43.4138888889,-1.02625954241e-05,0.599783360958,2.40005660057,-5.11741855007e-05,5.3414809372e-05,20,20,1.89662480354,0.014352267608,41.5200233459,0,0,0,0,6.83345535008e-14,588198.736828
43.425,-1.02625954241e-05,0.599783360958,2.40005660057,-5.11741855007e-05,5.3414809372e-05,20,20,1.89662480354,0.014352267608,41.5200233459,0,0,0,0,7.92517930866e-14,588198.736828
43.4361111111,-1.02625954241e-05,0.599783360958,2.40005660057,-5.11741855007e-05,5.3414809372e-05,20,20,1.89662480354,0.014352267608,41.5200233459,0,0,0,0,1.4504936263e-13,588198.736828
43.4472222222,-1.02625954241e-05,0.599783360958,2.40005660057,-5.11741855007e-05,5.3414809372e-05,20,20,1.89662480354,0.014352267608,41.5200233459,0,0,0,0,1.82200297388e-13,588198.736828
43.4583333333,-1.02625954241e-05,0.599783360958,2.40005660057,-5.11741855007e-05,4.5786920964e-05,20,20,1.89662480354,0.014352267608,41.5200233459,0,0,0,0,1.26512753857e-13,588198.736828
43.4694444444,-1.02625954241e-05,0.599783360958,2.40005660057,-5.11741855007e-05,5.3414809372e-05,20,20,1.89662480354,0.014352267608,41.5200233459,0,0,0,0,2.45878976176e-14,588198.736828
43.4805555556,-1.02625954241e-05,0.599783360958,2.40005660057,-5.11741855007e-05,5.3414809372e-05,20,20,1.89662480354,0.014352267608,41.5200233459,0,0,0,0,1.6526213746e-14,588198.736828
43.4916666667,-1.02625954241e-05,0.599783360958,2.40005660057,-5.11741855007e-05,5.3414809372e-05,20,20,1.89662480354,0.014352267608,41.5200233459,0,0,0,0,9.56590425011e-14,588198.736828
43.5027777778,-1.02625954241e-05,0.599783360958,2.40005660057,-5.11741855007e-05,5.3414809372e-05,20,20,1.89662480354,0.014352267608,41.5200233459,0,0,0,0,1.00724538634e-14,588198.736828
43.5138888889,-1.02625954241e-05,0.599783360958,2.40005660057,-5.11741855007e-05,4.5786920964e-05,20,20,1.89662480354,0.014352267608,41.5200233459,0,0,0,0,1.81075734475e-14,588198.736828
43.525,-1.02625954241e-05,0.599783360958,2.40005660057,-5.11741855007e-05,5.3414809372e-05,20,20,1.89662480354,0.014352267608,41.5200233459,0,0,0,0,1.8554025861e-14,588198.736828
43.5361111111,-1.02625954241e-05,0.599783360958,2.40005660057,-5.11741855007e-05,5.3414809372e-05,20,20,1.89662480354,0.014352267608,41.5200233459,0,0,0,0,1.05808176481e-14,588198.736828
43.5472222222,-1.02625954241e-05,0.599783360958,2.40005660057,-5.11741855007e-05,4.5786920964e-05,20,20,1.89662480354,0.014352267608,41.5200233459,0,0,0,0,2.84827049661e-14,588198.736828
43.5583333333,-1.02625954241e-05,0.599783360958,2.40005660057,-5.11741855007e-05,5.3414809372e-05,20,20,1.89662480354,0.014352267608,41.5200233459,0,0,0,0,1.34045275848e-13,588198.736828
43.5694444444,-1.02625954241e-05,0.599783360958,2.40005660057,-5.11741855007e-05,5.3414809372e-05,20,20,1.89662480354,0.014352267608,41.5200233459,0,0,0,0,5.76833791426e-14,588198.736828
43.5805555556,-1.02625954241e-05,0.599783360958,2.40005660057,-5.11741855007e-05,5.3414809372e-05,20,20,1.89662480354,0.014352267608,41.5200233459,0,0,0,0,2.23734935427e-14,588198.736828
43.5916666667,-1.02625954241e-05,0.599783360958,2.40005660057,-5.11741855007e-05,5.3414809372e-05,20,20,1.89662480354,0.014352267608,41.5200233459,0,0,0,0,1.60935254953e-14,588198.736828
43.6027777778,-1.02625954241e-05,0.599783360958,2.40005660057,-5.11741855007e-05,4.5786920964e-05,20,20,1.89662480354,0.014352267608,41.5200233459,0,0,0,0,3.40794430447e-14,588198.736828
43.6138888889,-1.02625954241e-05,0.599783360958,2.40005660057,-5.11741855007e-05,5.3414809372e-05,20,20,1.89662480354,0.014352267608,41.5200233459,0,0,0,0,2.96136627811e-14,588198.736828
43.625,-1.02625954241e-05,0.599783360958,2.40005660057,-5.11741855007e-05,5.3414809372e-05,20,20,1.89662480354,0.014352267608,41.5200233459,0,0,0,0,2.94709831474e-14,588198.736828
43.6361111111,-1.02625954241e-05,0.599783360958,2.40005660057,-5.11741855007e-05,5.3414809372e-05,20,20,1.89662480354,0.014352267608,41.5200233459,0,0,0,0,4.85066947085e-14,588198.736828
43.6472222222,-1.02625954241e-05,0.599783360958,2.40005660057,-5.11741855007e-05,5.3414809372e-05,20,20,1.89662480354,0.014352267608,41.5200233459,0,0,0,0,7.14947385205e-14,588198.736828
43.6583333333,-1.02625954241e-05,0.599783360958,2.40005660057,-5.11741855007e-05,4.5786920964e-05,20,20,1.89662480354,0.014352267608,41.5200233459,0,0,0,0,4.0333347144e-14,588198.736828
43.6694444444,-1.02625954241e-05,0.599783360958,2.40005660057,-5.11741855007e-05,5.3414809372e-05,20,20,1.89662480354,0.014352267608,41.5200233459,0,0,0,0,1.13291151717e-14,588198.736828
43.6805555556,-1.02625954241e-05,0.599783360958,2.40005660057,-5.11741855007e-05,5.3414809372e-05,20,20,1.89662480354,0.014352267608,41.5200233459,0,0,0,0,3.5506950266e-14,588198.736828
43.6916666667,-1.02625954241e-05,0.599783360958,2.40005660057,-5.11741855007e-05,4.5786920964e-05,20,20,1.89662480354,0.014352267608,41.5200233459,0,0,0,0,4.88566797293e-14,588198.736828
43.7027777778,-1.02625954241e-05,0.599783360958,2.40005660057,-5.11741855007e-05,5.3414809372e-05,20,20,1.89662480354,0.014352267608,41.5200233459,0,0,0,0,4.48464159289e-14,588198.736828
43.7138888889,-1.02625954241e-05,0.599783360958,2.40005660057,-5.11741855007e-05,5.3414809372e-05,20,20,1.89662480354,0.014352267608,41.5200233459,0,0,0,0,5.92156486647e-14,588198.736828
43.725,-1.02625954241e-05,0.599783360958,2.40005660057,-5.11741855007e-05,5.3414809372e-05,20,20,1.89662480354,0.014352267608,41.5200233459,0,0,0,0,6.78705691457e-14,588198.736828
43.7361111111,-1.02625954241e-05,0.599783360958,2.40005660057,-5.11741855007e-05,5.3414809372e-05,20,20,1.89662480354,0.014352267608,41.5200233459,0,0,0,0,1.2840519047e-13,588198.736828
43.7472222222,-1.02625954241e-05,0.599783360958,2.40005660057,-5.11741855007e-05,4.5786920964e-05,20,20,1.89662480354,0.014352267608,41.5200233459,0,0,0,0,1.81431226046e-13,588198.736828
43.7583333333,-1.02625954241e-05,0.599783360958,2.40005660057,-5.11741855007e-05,5.3414809372e-05,20,20,1.89662480354,0.014352267608,41.5200233459,0,0,0,0,2.44166138095e-13,588198.736828
43.7694444444,-1.02625954241e-05,0.599783360958,2.40005660057,-5.11741855007e-05,5.3414809372e-05,20,20,1.89662480354,0.014352267608,41.5200233459,0,0,0,0,1.61340941246e-13,588198.736828
43.7805555556,-1.02625954241e-05,0.599783360958,2.40005660057,-5.11741855007e-05,5.3414809372e-05,20,20,1.89662480354,0.014352267608,41.5200233459,0,0,0,0,5.91770256656e-14,588198.736828
43.7916666667,-1.02625954241e-05,0.599783360958,2.40005660057,-5.11741855007e-05,5.3414809372e-05,20,20,1.89662480354,0.014352267608,41.5200233459,0,0,0,0,1.36234417305e-14,588198.736828
43.8027777778,-1.02625954241e-05,0.599783360958,2.40005660057,-5.11741855007e-05,4.5786920964e-05,20,20,1.89662480354,0.014352267608,41.5200233459,0,0,0,0,1.27488020402e-14,588198.736828
43.8138888889,-1.02625954241e-05,0.599783360958,2.40005660057,-5.11741855007e-05,5.3414809372e-05,20,20,1.89662480354,0.014352267608,41.5200233459,0,0,0,0,1.10366856575e-14,588198.736828
43.825,-1.02625954241e-05,0.599783360958,2.40005660057,-5.11741855007e-05,5.3414809372e-05,20,20,1.89662480354,0.014352267608,41.5200233459,0,0,0,0,1.13059435563e-14,588198.736828
43.8361111111,-1.02625954241e-05,0.599783360958,2.40005660057,-5.11741855007e-05,4.5786920964e-05,20,20,1.89662480354,0.014352267608,41.5200233459,0,0,0,0,3.16258705857e-14,588198.736828
43.8472222222,-1.02625954241e-05,0.599783360958,2.40005660057,-5.11741855007e-05,5.3414809372e-05,20,20,1.89662480354,0.014352267608,41.5200233459,0,0,0,0,6.24582874528e-14,588198.736828
43.8583333333,-1.02625954241e-05,0.599783360958,2.40005660057,-5.11741855007e-05,5.3414809372e-05,20,20,1.89662480354,0.014352267608,41.5200233459,0,0,0,0,4.89684893055e-14,588198.736828
43.8694444444,-1.02625954241e-05,0.599783360958,2.40005660057,-5.11741855007e-05,5.3414809372e-05,20,20,1.89662480354,0.014352267608,41.5200233459,0,0,0,0,5.63527591212e-14,588198.736828
43.8805555556,-1.02625954241e-05,0.599783360958,2.40005660057,-5.11741855007e-05,5.3414809372e-05,20,20,1.89662480354,0.014352267608,41.5200233459,0,0,0,0,2.33495479371e-14,588198.736828
43.8916666667,-1.02625954241e-05,0.599783360958,2.40005660057,-5.11741855007e-05,4.5786920964e-05,20,20,1.89662480354,0.014352267608,41.5200233459,0,0,0,0,2.17651038625e-14,588198.736828
43.9027777778,-1.02625954241e-05,0.599783360958,2.40005660057,-5.11741855007e-05,5.3414809372e-05,20,20,1.89662480354,0.014352267608,41.5200233459,0,0,0,0,1.16347992237e-14,588198.736828
43.9138888889,-1.02625954241e-05,0.599783360958,2.40005660057,-5.11741855007e-05,5.3414809372e-05,20,20,1.89662480354,0.014352267608,41.5200233459,0,0,0,0,5.19789625936e-14,588198.736828
43.925,-1.02625954241e-05,0.599783360958,2.40005660057,-5.11741855007e-05,5.3414809372e-05,20,20,1.89662480354,0.014352267608,41.5200233459,0,0,0,0,7.65282473146e-15,588198.736828
43.9361111111,-1.02625954241e-05,0.599783360958,2.40005660057,-5.11741855007e-05,5.3414809372e-05,20,20,1.89662480354,0.014352267608,41.5200233459,0,0,0,0,1.81746148044e-14,588198.736828
43.9472222222,-1.02625954241e-05,0.599783360958,2.40005660057,-5.11741855007e-05,4.5786920964e-05,20,20,1.89662480354,0.014352267608,41.5200233459,0,0,0,0,8.88119709281e-14,588198.736828
43.9583333333,-1.02625954241e-05,0.599783360958,2.40005660057,-5.11741855007e-05,5.3414809372e-05,20,20,1.89662480354,0.014352267608,41.5200233459,0,0,0,0,3.26467369831e-14,588198.736828
43.9694444444,-1.02625954241e-05,0.599783360958,2.40005660057,-5.11741855007e-05,5.3414809372e-05,20,20,1.89662480354,0.014352267608,41.5200233459,0,0,0,0,1.99941285277e-14,588198.736828
43.9805555556,-1.02625954241e-05,0.599783360958,2.40005660057,-5.11741855007e-05,4.5786920964e-05,20,20,1.89662480354,0.014352267608,41.5200233459,0,0,0,0,3.81934208282e-14,588198.736828
43.9916666667,-1.02625954241e-05,0.599783360958,2.40005660057,-5.11741855007e-05,5.3414809372e-05,20,20,1.89662480354,0.014352267608,41.5200233459,0,0,0,0,8.35851269998e-15,588198.736828
44.0027777778,-1.02625954241e-05,0.599783360958,2.40005660057,-5.11741855007e-05,5.3414809372e-05,20,20,1.89662480354,0.014352267608,41.5200233459,0,0,0,0,2.21559855215e-14,588198.736828
44.0138888889,-1.02625954241e-05,0.599783360958,2.40005660057,-5.11741855007e-05,5.3414809372e-05,20,20,1.89662480354,0.014352267608,41.5200233459,0,0,0,0,2.29159488509e-14,588198.736828
44.025,-1.02625954241e-05,0.599783360958,2.40005660057,-5.11741855007e-05,5.3414809372e-05,20,20,1.89662480354,0.014352267608,41.5200233459,0,0,0,0,2.76164672053e-14,588198.736828
44.0361111111,-1.02625954241e-05,0.599783360958,2.40005660057,-5.11741855007e-05,4.5786920964e-05,20,20,1.89662480354,0.014352267608,41.5200233459,0,0,0,0,5.24234942712e-14,588198.736828
44.0472222222,-1.02625954241e-05,0.599783360958,2.40005660057,-5.11741855007e-05,5.3414809372e-05,20,20,1.89662480354,0.014352267608,41.5200233459,0,0,0,0,5.04495599298e-14,588198.736828
44.0583333333,-1.02625954241e-05,0.599783360958,2.40005660057,-5.11741855007e-05,5.3414809372e-05,20,20,1.89662480354,0.014352267608,41.5200233459,0,0,0,0,1.00051923038e-13,588198.736828
44.0694444444,-1.02625954241e-05,0.599783360958,2.40005660057,-5.11741855007e-05,5.3414809372e-05,20,20,1.89662480354,0.014352267608,41.5200233459,0,0,0,0,2.20569347609e-14,588198.736828
44.0805555556,-1.02625954241e-05,0.599783360958,2.40005660057,-5.11741855007e-05,5.3414809372e-05,20,20,1.89662480354,0.014352267608,41.5200233459,0,0,0,0,5.22592150331e-14,588198.736828
44.0916666667,-1.02625954241e-05,0.599783360958,2.40005660057,-5.11741855007e-05,4.5786920964e-05,20,20,1.89662480354,0.014352267608,41.5200233459,0,0,0,0,9.0528221651e-14,588198.736828
44.1027777778,-1.02625954241e-05,0.599783360958,2.40005660057,-5.11741855007e-05,5.3414809372e-05,20,20,1.89662480354,0.014352267608,41.5200233459,0,0,0,0,7.60173229416e-14,588198.736828
44.1138888889,-1.02625954241e-05,0.599783360958,2.40005660057,-5.11741855007e-05,5.3414809372e-05,20,20,1.89662480354,0.014352267608,41.5200233459,0,0,0,0,6.18904224345e-14,588198.736828
44.125,-1.02625954241e-05,0.599783360958,2.40005660057,-5.11741855007e-05,4.5786920964e-05,20,20,1.89662480354,0.014352267608,41.5200233459,0,0,0,0,1.31700883641e-13,588198.736828
44.1361111111,-1.02625954241e-05,0.599783360958,2.40005660057,-5.11741855007e-05,5.3414809372e-05,20,20,1.89662480354,0.014352267608,41.5200233459,0,0,0,0,1.51181116788e-14,588198.736828
44.1472222222,-1.02625954241e-05,0.599783360958,2.40005660057,-5.11741855007e-05,5.3414809372e-05,20,20,1.89662480354,0.014352267608,41.5200233459,0,0,0,0,4.16587410401e-14,588198.736828
44.1583333333,-1.02625954241e-05,0.599783360958,2.40005660057,-5.11741855007e-05,5.3414809372e-05,20,20,1.89662480354,0.014352267608,41.5200233459,0,0,0,0,3.97875211162e-14,588198.736828
44.1694444444,-1.02625954241e-05,0.599783360958,2.40005660057,-5.11741855007e-05,5.3414809372e-05,20,20,1.89662480354,0.014352267608,41.5200233459,0,0,0,0,2.88213851825e-14,588198.736828
44.1805555556,-1.02625954241e-05,0.599783360958,2.40005660057,-5.11741855007e-05,4.5786920964e-05,20,20,1.89662480354,0.014352267608,41.5200233459,0,0,0,0,4.62754502002e-14,588198.736828
44.1916666667,-1.02625954241e-05,0.599783360958,2.40005660057,-5.11741855007e-05,5.3414809372e-05,20,20,1.89662480354,0.014352267608,41.5200233459,0,0,0,0,3.47241095665e-14,588198.736828
44.2027777778,-1.02625954241e-05,0.599783360958,2.40005660057,-5.11741855007e-05,5.3414809372e-05,20,20,1.89662480354,0.014352267608,41.5200233459,0,0,0,0,3.16817727823e-14,588198.736828
44.2138888889,-1.02625954241e-05,0.599783360958,2.40005660057,-5.11741855007e-05,5.3414809372e-05,20,20,1.89662480354,0.014352267608,41.5200233459,0,0,0,0,9.88436727162e-15,588198.736828
44.225,-1.02625954241e-05,0.599783360958,2.40005660057,-5.11741855007e-05,5.3414809372e-05,20,20,1.89662480354,0.014352267608,41.5200233459,0,0,0,0,1.7854740956e-14,588198.736828
44.2361111111,-1.02625954241e-05,0.599783360958,2.40005660057,-5.11741855007e-05,4.5786920964e-05,20,20,1.89662480354,0.014352267608,41.5200233459,0,0,0,0,1.14069809335e-14,588198.736828
44.2472222222,-1.02625954241e-05,0.599783360958,2.40005660057,-5.11741855007e-05,5.3414809372e-05,20,20,1.89662480354,0.014352267608,41.5200233459,0,0,0,0,3.48608100703e-14,588198.736828
44.2583333333,-1.02625954241e-05,0.599783360958,2.40005660057,-5.11741855007e-05,5.3414809372e-05,20,20,1.89662480354,0.014352267608,41.5200233459,0,0,0,0,1.92478967673e-14,588198.736828
44.2694444444,-1.02625954241e-05,0.599783360958,2.40005660057,-5.11741855007e-05,4.5786920964e-05,20,20,1.89662480354,0.014352267608,41.5200233459,0,0,0,0,8.55247994271e-15,588198.736828
44.2805555556,-1.02625954241e-05,0.599783360958,2.40005660057,-5.11741855007e-05,5.3414809372e-05,20,20,1.89662480354,0.014352267608,41.5200233459,0,0,0,0,8.18089908235e-15,588198.736828
44.2916666667,-1.02625954241e-05,0.599783360958,2.40005660057,-5.11741855007e-05,5.3414809372e-05,20,20,1.89662480354,0.014352267608,41.5200233459,0,0,0,0,1.34439751202e-14,588198.736828
44.3027777778,-1.02625954241e-05,0.599783360958,2.40005660057,-5.11741855007e-05,5.3414809372e-05,20,20,1.89662480354,0.014352267608,41.5200233459,0,0,0,0,5.68165382158e-14,588198.736828
44.3138888889,-1.02625954241e-05,0.599783360958,2.40005660057,-5.11741855007e-05,5.3414809372e-05,20,20,1.89662480354,0.014352267608,41.5200233459,0,0,0,0,5.69551813586e-14,588198.736828
44.325,-1.02625954241e-05,0.599783360958,2.40005660057,-5.11741855007e-05,4.5786920964e-05,20,20,1.89662480354,0.014352267608,41.5200233459,0,0,0,0,9.29642164536e-15,588198.736828
44.3361111111,-1.02625954241e-05,0.599783360958,2.40005660057,-5.11741855007e-05,5.3414809372e-05,20,20,1.89662480354,0.014352267608,41.5200233459,0,0,0,0,1.65940344354e-14,588198.736828
44.3472222222,-1.02625954241e-05,0.599783360958,2.40005660057,-5.11741855007e-05,5.3414809372e-05,20,20,1.89662480354,0.014352267608,41.5200233459,0,0,0,0,4.60041173154e-14,588198.736828
44.3583333333,-1.02625954241e-05,0.599783360958,2.40005660057,-5.11741855007e-05,5.3414809372e-05,20,20,1.89662480354,0.014352267608,41.5200233459,0,0,0,0,4.43404444653e-14,588198.736828
44.3694444444,-1.02625954241e-05,0.599783360958,2.40005660057,-5.11741855007e-05,5.3414809372e-05,20,20,1.89662480354,0.014352267608,41.5200233459,0,0,0,0,1.41055162693e-13,588198.736828
44.3805555556,-1.02625954241e-05,0.599783360958,2.40005660057,-5.11741855007e-05,4.5786920964e-05,20,20,1.89662480354,0.014352267608,41.5200233459,0,0,0,0,8.91874027057e-14,588198.736828
44.3916666667,-1.02625954241e-05,0.599783360958,2.40005660057,-5.11741855007e-05,5.3414809372e-05,20,20,1.89662480354,0.014352267608,41.5200233459,0,0,0,0,2.83268712943e-13,588198.736828
44.4027777778,-1.02625954241e-05,0.599783360958,2.40005660057,-5.11741855007e-05,5.3414809372e-05,20,20,1.89662480354,0.014352267608,41.5200233459,0,0,0,0,2.40923295349e-13,588198.736828
44.4138888889,-1.02625954241e-05,0.599783360958,2.40005660057,-5.11741855007e-05,4.5786920964e-05,20,20,1.89662480354,0.014352267608,41.5200233459,0,0,0,0,2.28238248597e-13,588198.736828
44.425,-1.02625954241e-05,0.599783360958,2.40005660057,-5.11741855007e-05,5.3414809372e-05,20,20,1.89662480354,0.014352267608,41.5200233459,0,0,0,0,7.81944323554e-14,588198.736828
44.4361111111,-1.02625954241e-05,0.599783360958,2.40005660057,-5.11741855007e-05,5.3414809372e-05,20,20,1.89662480354,0.014352267608,41.5200233459,0,0,0,0,6.34222099544e-14,588198.736828
44.4472222222,-1.02625954241e-05,0.599783360958,2.40005660057,-5.11741855007e-05,5.3414809372e-05,20,20,1.89662480354,0.014352267608,41.5200233459,0,0,0,0,9.6183578328e-14,588198.736828
44.4583333333,-1.02625954241e-05,0.599783360958,2.40005660057,-5.11741855007e-05,5.3414809372e-05,20,20,1.89662480354,0.014352267608,41.5200233459,0,0,0,0,4.32723290371e-14,588198.736828
44.4694444444,-1.02625954241e-05,0.599783360958,2.40005660057,-5.11741855007e-05,4.5786920964e-05,20,20,1.89662480354,0.014352267608,41.5200233459,0,0,0,0,3.39207848503e-14,588198.736828
44.4805555556,-1.02625954241e-05,0.599783360958,2.40005660057,-5.11741855007e-05,5.3414809372e-05,20,20,1.89662480354,0.014352267608,41.5200233459,0,0,0,0,3.13040415287e-14,588198.736828
44.4916666667,-1.02625954241e-05,0.599783360958,2.40005660057,-5.11741855007e-05,5.3414809372e-05,20,20,1.89662480354,0.014352267608,41.5200233459,0,0,0,0,1.4763505515e-14,588198.736828
44.5027777778,-1.02625954241e-05,0.599783360958,2.40005660057,-5.11741855007e-05,5.3414809372e-05,20,20,1.89662480354,0.014352267608,41.5200233459,0,0,0,0,1.71522415346e-14,588198.736828
44.5138888889,-1.02625954241e-05,0.599783360958,2.40005660057,-5.11741855007e-05,5.3414809372e-05,20,20,1.89662480354,0.014352267608,41.5200233459,0,0,0,0,9.72936258916e-14,588198.736828
44.525,-1.02625954241e-05,0.599783360958,2.40005660057,-5.11741855007e-05,4.5786920964e-05,20,20,1.89662480354,0.014352267608,41.5200233459,0,0,0,0,1.33218345274e-13,588198.736828
44.5361111111,-1.02625954241e-05,0.599783360958,2.40005660057,-5.11741855007e-05,5.3414809372e-05,20,20,1.89662480354,0.014352267608,41.5200233459,0,0,0,0,2.5482036367e-14,588198.736828
44.5472222222,-1.02625954241e-05,0.599783360958,2.40005660057,-5.11741855007e-05,5.3414809372e-05,20,20,1.89662480354,0.014352267608,41.5200233459,0,0,0,0,1.64238939372e-13,588198.736828
44.5583333333,-1.02625954241e-05,0.599783360958,2.40005660057,-5.11741855007e-05,4.5786920964e-05,20,20,1.89662480354,0.014352267608,41.5200233459,0,0,0,0,1.56334779105e-13,588198.736828
44.5694444444,-1.02625954241e-05,0.599783360958,2.40005660057,-5.11741855007e-05,5.3414809372e-05,20,20,1.89662480354,0.014352267608,41.5200233459,0,0,0,0,1.75550402516e-13,588198.736828
44.5805555556,-1.02625954241e-05,0.599783360958,2.40005660057,-5.11741855007e-05,5.3414809372e-05,20,20,1.89662480354,0.014352267608,41.5200233459,0,0,0,0,4.55387974051e-14,588198.736828
44.5916666667,-1.02625954241e-05,0.599783360958,2.40005660057,-5.11741855007e-05,5.3414809372e-05,20,20,1.89662480354,0.014352267608,41.5200233459,0,0,0,0,2.88743971641e-14,588198.736828
44.6027777778,-1.02625954241e-05,0.599783360958,2.40005660057,-5.11741855007e-05,5.3414809372e-05,20,20,1.89662480354,0.014352267608,41.5200233459,0,0,0,0,6.19604922233e-14,588198.736828
44.6138888889,-1.02625954241e-05,0.599783360958,2.40005660057,-5.11741855007e-05,4.5786920964e-05,20,20,1.89662480354,0.014352267608,41.5200233459,0,0,0,0,8.97572323418e-15,588198.736828
44.625,-1.02625954241e-05,0.599783360958,2.40005660057,-5.11741855007e-05,5.3414809372e-05,20,20,1.89662480354,0.014352267608,41.5200233459,0,0,0,0,1.62483509616e-14,588198.736828
44.6361111111,-1.02625954241e-05,0.599783360958,2.40005660057,-5.11741855007e-05,5.3414809372e-05,20,20,1.89662480354,0.014352267608,41.5200233459,0,0,0,0,3.85697356557e-14,588198.736828
44.6472222222,-1.02625954241e-05,0.599783360958,2.40005660057,-5.11741855007e-05,5.3414809372e-05,20,20,1.89662480354,0.014352267608,41.5200233459,0,0,0,0,7.13955738185e-14,588198.736828
44.6583333333,-1.02625954241e-05,0.599783360958,2.40005660057,-5.11741855007e-05,5.3414809372e-05,20,20,1.89662480354,0.014352267608,41.5200233459,0,0,0,0,3.82909155122e-14,588198.736828
44.6694444444,-1.02625954241e-05,0.599783360958,2.40005660057,-5.11741855007e-05,4.5786920964e-05,20,20,1.89662480354,0.014352267608,41.5200233459,0,0,0,0,1.46179060856e-13,588198.736828
44.6805555556,-1.02625954241e-05,0.599783360958,2.40005660057,-5.11741855007e-05,5.3414809372e-05,20,20,1.89662480354,0.014352267608,41.5200233459,0,0,0,0,2.53326628293e-13,588198.736828
44.6916666667,-1.02625954241e-05,0.599783360958,2.40005660057,-5.11741855007e-05,5.3414809372e-05,20,20,1.89662480354,0.014352267608,41.5200233459,0,0,0,0,3.71353414339e-13,588198.736828
44.7027777778,-1.02625954241e-05,0.599783360958,2.40005660057,-5.11741855007e-05,4.5786920964e-05,20,20,1.89662480354,0.014352267608,41.5200233459,0,0,0,0,2.28812603416e-13,588198.736828
44.7138888889,-1.02625954241e-05,0.599783360958,2.40005660057,-5.11741855007e-05,5.3414809372e-05,20,20,1.89662480354,0.014352267608,41.5200233459,0,0,0,0,1.19227544709e-13,588198.736828
44.725,-1.02625954241e-05,0.599783360958,2.40005660057,-5.11741855007e-05,5.3414809372e-05,20,20,1.89662480354,0.014352267608,41.5200233459,0,0,0,0,3.49520791253e-14,588198.736828
44.7361111111,-1.02625954241e-05,0.599783360958,2.40005660057,-5.11741855007e-05,5.3414809372e-05,20,20,1.89662480354,0.014352267608,41.5200233459,0,0,0,0,7.89270854788e-14,588198.736828
44.7472222222,-1.02625954241e-05,0.599783360958,2.40005660057,-5.11741855007e-05,5.3414809372e-05,20,20,1.89662480354,0.014352267608,41.5200233459,0,0,0,0,8.33129168958e-14,588198.736828
44.7583333333,-1.02625954241e-05,0.599783360958,2.40005660057,-5.11741855007e-05,4.5786920964e-05,20,20,1.89662480354,0.014352267608,41.5200233459,0,0,0,0,9.06425186877e-14,588198.736828
44.7694444444,-1.02625954241e-05,0.599783360958,2.40005660057,-5.11741855007e-05,5.3414809372e-05,20,20,1.89662480354,0.014352267608,41.5200233459,0,0,0,0,1.54265124305e-13,588198.736828
44.7805555556,-1.02625954241e-05,0.599783360958,2.40005660057,-5.11741855007e-05,5.3414809372e-05,20,20,1.89662480354,0.014352267608,41.5200233459,0,0,0,0,1.04236701627e-13,588198.736828
44.7916666667,-1.02625954241e-05,0.599783360958,2.40005660057,-5.11741855007e-05,5.3414809372e-05,20,20,1.89662480354,0.014352267608,41.5200233459,0,0,0,0,8.45258872318e-15,588198.736828
44.8027777778,-1.02625954241e-05,0.599783360958,2.40005660057,-5.11741855007e-05,5.3414809372e-05,20,20,1.89662480354,0.014352267608,41.5200233459,0,0,0,0,1.91095089549e-14,588198.736828
44.8138888889,-1.02625954241e-05,0.599783360958,2.40005660057,-5.11741855007e-05,4.5786920964e-05,20,20,1.89662480354,0.014352267608,41.5200233459,0,0,0,0,6.56843955151e-14,588198.736828
44.825,-1.02625954241e-05,0.599783360958,2.40005660057,-5.11741855007e-05,5.3414809372e-05,20,20,1.89662480354,0.014352267608,41.5200233459,0,0,0,0,9.13334055725e-14,588198.736828
44.8361111111,-1.02625954241e-05,0.599783360958,2.40005660057,-5.11741855007e-05,5.3414809372e-05,20,20,1.89662480354,0.014352267608,41.5200233459,0,0,0,0,1.15148660025e-13,588198.736828
44.8472222222,-1.02625954241e-05,0.599783360958,2.40005660057,-5.11741855007e-05,4.5786920964e-05,20,20,1.89662480354,0.014352267608,41.5200233459,0,0,0,0,5.22836786443e-14,588198.736828
44.8583333333,-1.02625954241e-05,0.599783360958,2.40005660057,-5.11741855007e-05,5.3414809372e-05,20,20,1.89662480354,0.014352267608,41.5200233459,0,0,0,0,2.04596217083e-14,588198.736828
44.8694444444,-1.02625954241e-05,0.599783360958,2.40005660057,-5.11741855007e-05,5.3414809372e-05,20,20,1.89662480354,0.014352267608,41.5200233459,0,0,0,0,9.08261865658e-14,588198.736828
44.8805555556,-1.02625954241e-05,0.599783360958,2.40005660057,-5.11741855007e-05,5.3414809372e-05,20,20,1.89662480354,0.014352267608,41.5200233459,0,0,0,0,1.35771728596e-13,588198.736828
44.8916666667,-1.02625954241e-05,0.599783360958,2.40005660057,-5.11741855007e-05,5.3414809372e-05,20,20,1.89662480354,0.014352267608,41.5200233459,0,0,0,0,9.26938987691e-14,588198.736828
44.9027777778,-1.02625954241e-05,0.599783360958,2.40005660057,-5.11741855007e-05,4.5786920964e-05,20,20,1.89662480354,0.014352267608,41.5200233459,0,0,0,0,4.57362491428e-14,588198.736828
44.9138888889,-1.02625954241e-05,0.599783360958,2.40005660057,-5.11741855007e-05,5.3414809372e-05,20,20,1.89662480354,0.014352267608,41.5200233459,0,0,0,0,1.27811672919e-14,588198.736828
44.925,-1.02625954241e-05,0.599783360958,2.40005660057,-5.11741855007e-05,5.3414809372e-05,20,20,1.89662480354,0.014352267608,41.5200233459,0,0,0,0,1.09149159076e-14,588198.736828
44.9361111111,-1.02625954241e-05,0.599783360958,2.40005660057,-5.11741855007e-05,5.3414809372e-05,20,20,1.89662480354,0.014352267608,41.5200233459,0,0,0,0,1.21364988955e-14,588198.736828
44.9472222222,-1.02625954241e-05,0.599783360958,2.40005660057,-5.11741855007e-05,5.3414809372e-05,20,20,1.89662480354,0.014352267608,41.5200233459,0,0,0,0,3.29144804201e-14,588198.736828
44.9583333333,-1.02625954241e-05,0.599783360958,2.40005660057,-5.11741855007e-05,4.5786920964e-05,20,20,1.89662480354,0.014352267608,41.5200233459,0,0,0,0,4.52673368084e-14,588198.736828
44.9694444444,-1.02625954241e-05,0.599783360958,2.40005660057,-5.11741855007e-05,5.3414809372e-05,20,20,1.89662480354,0.014352267608,41.5200233459,0,0,0,0,6.74701271362e-14,588198.736828
44.9805555556,-1.02625954241e-05,0.599783360958,2.40005660057,-5.11741855007e-05,5.3414809372e-05,20,20,1.89662480354,0.014352267608,41.5200233459,0,0,0,0,6.32433804337e-14,588198.736828
44.9916666667,-1.02625954241e-05,0.599783360958,2.40005660057,-5.11741855007e-05,4.5786920964e-05,20,20,1.89662480354,0.014352267608,41.5200233459,0,0,0,0,8.87916640304e-15,588198.736828
