t,bridge_q,tip_y,pan_y,pan_pitch,hinge_drift,pipes_inside,pipes_crossed,gate_q,bridge_prop_angle,rack_hand_work,bridge_hand_work,plastic_work,penetration,plastic_front,ke,pe
0.0111111111111,-7.8994242358e-05,0.598414719105,2.40037560463,4.24655881943e-05,1.91166509467e-05,0,0,0,0.0166674368083,0,0,0,0,0,30.0775284632,151783.733669
0.0222222222222,-0.000237561544054,0.595241606236,2.40116167068,6.20166829322e-05,1.99845399038e-05,0,0,0,0.0166674368083,0,0,0,0,0,120.197590512,151662.910488
0.0333333333333,-0.000475642766105,0.590480566025,2.40235424042,6.20166829322e-05,1.90570881387e-05,0,0,0,0.0166674368083,0,0,0,0,0,270.432138421,151481.989742
0.0444444444444,-0.000793112558313,0.584132194519,2.40394449234,5.72426906729e-05,2.45929659286e-05,0,0,0,0.0166674368083,0,0,0,0,0,480.771578264,151240.75789
0.0555555555556,-0.00102548813447,0.57948744297,2.40510702133,5.96389436396e-05,1.94336735149e-05,0,0,0,0.0166674368083,0,0,0,0,0,257.274143744,151064.336284
0.0666666666667,-0.00102548813447,0.579487323761,2.40510559082,6.75977935316e-05,2.54393853538e-05,0,0,0,0.0166674368083,0,0,0,0,0,0.000434879850512,151064.310556
0.0777777777778,-0.00102548813447,0.579487323761,2.40510678291,6.64823892293e-05,2.53139460256e-05,0,0,0,0.0166674368083,0,0,0,0,0,0.000225707285873,151064.328098
0.0888888888889,-0.00102548813447,0.579487383366,2.40510797501,6.63682076265e-05,2.50555131061e-05,0,0,0,0.0166674368083,0,0,0,0,0,0.00012232010502,151064.34944
0.1,-0.00102548813447,0.579487323761,2.40510821342,6.82742102072e-05,1.98446778086e-05,0,0,0,0.0166674368083,0,0,0,0,0,2.96179906665e-06,151064.349148
0.111111111111,-0.00102548813447,0.579487323761,2.40510821342,6.82742102072e-05,1.98446778086e-05,0,0,0,0.0166674368083,0,0,0,0,0,3.19398064326e-06,151064.349148
0.122222222222,-0.00102548813447,0.579487323761,2.40510821342,6.82742102072e-05,1.98446778086e-05,0,0,0,0.0166674368083,0,0,0,0,0,1.34552459698e-06,151064.349148
0.133333333333,-0.00102548813447,0.579487323761,2.40510845184,6.82742102072e-05,2.01911116164e-05,0,0,0,0.0166674368083,0,0,0,0,0,8.08135895056e-07,151064.351487
0.144444444444,-0.00102548813447,0.579487383366,2.40510869026,6.82742102072e-05,2.05427731998e-05,0,0,0,0.0166674368083,0,0,0,0,0,1.05116518808e-06,151064.357627
0.155555555556,-0.00102548813447,0.579487383366,2.40510892868,6.82742102072e-05,2.01911116164e-05,0,0,0,0.0166674368083,0,0,0,0,0,1.14180703254e-06,151064.363766
0.166666666667,-0.00102548813447,0.57948744297,2.4051091671,6.82742102072e-05,1.98446778086e-05,0,0,0,0.0166674368083,0,0,0,0,0,1.26828663571e-06,151064.369906
0.177777777778,-0.00102548813447,0.57948744297,2.40510940552,6.82742102072e-05,2.01911116164e-05,0,0,0,0.0166674368083,0,0,0,0,0,1.4911550122e-06,151064.376045
0.188888888889,-0.00102548813447,0.579487681389,2.40510964394,6.82742102072e-05,2.05427731998e-05,0,0,0,0.0166674368083,0,0,0,0,0,1.76527599135e-06,151064.400604
0.2,-0.00102548813447,0.579487979412,2.40511012077,6.82742102072e-05,2.01911116164e-05,0,0,0,0.0166674368083,0,0,0,0,0,4.54570659665e-06,151064.430132
0.211111111111,-0.00102548813447,0.579488158226,2.40511035919,6.82742102072e-05,2.01911116164e-05,0,0,0,0.0166674368083,0,0,0,0,0,7.58830972408e-06,151064.449428
0.222222222222,-0.00102548813447,0.579488277435,2.40511059761,6.82742102072e-05,2.05427731998e-05,0,0,0,0.0166674368083,0,0,0,0,0,9.94053423874e-06,151064.463461
0.233333333333,-0.00102548813447,0.57948833704,2.40511059761,6.82742102072e-05,2.01911116164e-05,0,0,0,0.0166674368083,0,0,0,0,0,1.18680191707e-05,151064.471063
0.244444444444,-0.00102548813447,0.57948833704,2.40511059761,6.82742102072e-05,1.98446778086e-05,0,0,0,0.0166674368083,0,0,0,0,0,1.29593392201e-05,151064.472232
0.255555555556,-0.00102548813447,0.57948833704,2.40511059761,6.82742102072e-05,1.98446778086e-05,0,0,0,0.0166674368083,0,0,0,0,0,1.2957672877e-05,151064.472232
0.266666666667,-0.00102548813447,0.57948833704,2.40511059761,6.82742102072e-05,1.98446778086e-05,0,0,0,0.0166674368083,0,0,0,0,0,1.29635972026e-05,151064.472232
0.277777777778,-0.00102548813447,0.57948833704,2.40511059761,6.82742102072e-05,1.98446778086e-05,0,0,0,0.0166674368083,0,0,0,0,0,1.29674765012e-05,151064.472232
0.288888888889,-0.00102548813447,0.57948833704,2.40511059761,6.82742102072e-05,1.98446778086e-05,0,0,0,0.0166674368083,0,0,0,0,0,1.2966924509e-05,151064.472232
0.3,-0.00102548813447,0.57948833704,2.40511059761,6.82742102072e-05,1.98446778086e-05,0,0,0,0.0166674368083,0,0,0,0,0,1.29655804315e-05,151064.472232
0.311111111111,-0.00102548813447,0.57948833704,2.40511059761,6.82742102072e-05,1.98446778086e-05,0,0,0,0.0166674368083,0,0,0,0,0,1.29665894139e-05,151064.472232
0.322222222222,-0.00102548813447,0.57948833704,2.40511059761,6.82742102072e-05,1.98446778086e-05,0,0,0,0.0166674368083,0,0,0,0,0,1.29664212137e-05,151064.472232
0.333333333333,-0.00102548813447,0.57948833704,2.40511059761,6.82742102072e-05,1.98446778086e-05,0,0,0,0.0166674368083,0,0,0,0,0,1.29663264845e-05,151064.472232
0.344444444444,-0.00102548813447,0.57948833704,2.40511059761,6.82742102072e-05,1.98446778086e-05,0,0,0,0.0166674368083,0,0,0,0,0,1.29666334589e-05,151064.472232
0.355555555556,-0.00102548813447,0.57948833704,2.40511059761,6.82742102072e-05,1.98446778086e-05,0,0,0,0.0166674368083,0,0,0,0,0,1.29671181788e-05,151064.472232
0.366666666667,-0.00102548813447,0.57948833704,2.40511059761,6.82742102072e-05,1.98446778086e-05,0,0,0,0.0166674368083,0,0,0,0,0,1.29670929767e-05,151064.472232
0.377777777778,-0.00102548813447,0.57948833704,2.40511059761,6.82742102072e-05,1.98446778086e-05,0,0,0,0.0166674368083,0,0,0,0,0,1.29665111471e-05,151064.472232
0.388888888889,-0.00102548813447,0.57948833704,2.40511059761,6.82742102072e-05,1.98446778086e-05,0,0,0,0.0166674368083,0,0,0,0,0,1.29668311948e-05,151064.472232
0.4,-0.00102548813447,0.57948833704,2.40511059761,6.82742102072e-05,1.98446778086e-05,0,0,0,0.0166674368083,0,0,0,0,0,1.29664088064e-05,151064.472232
0.411111111111,-0.00102548813447,0.57948833704,2.40511059761,6.82742102072e-05,1.98446778086e-05,0,0,0,0.0166674368083,0,0,0,0,0,1.29672244689e-05,151064.472232
0.422222222222,-0.00102548813447,0.57948833704,2.40511059761,6.82742102072e-05,1.98446778086e-05,0,0,0,0.0166674368083,0,0,0,0,0,1.29663924957e-05,151064.472232
0.433333333333,-0.00102548813447,0.57948833704,2.40511059761,6.82742102072e-05,1.98446778086e-05,0,0,0,0.0166674368083,0,0,0,0,0,1.29671085741e-05,151064.472232
0.444444444444,-0.00102548813447,0.57948833704,2.40511059761,6.82742102072e-05,1.98446778086e-05,0,0,0,0.0166674368083,0,0,0,0,0,1.29662072694e-05,151064.472232
0.455555555556,-0.00102548813447,0.57948833704,2.40511059761,6.82742102072e-05,1.98446778086e-05,0,0,0,0.0166674368083,0,0,0,0,0,1.29661991977e-05,151064.472232
0.466666666667,-0.00102548813447,0.57948833704,2.40511059761,6.82742102072e-05,1.98446778086e-05,0,0,0,0.0166674368083,0,0,0,0,0,1.29661325335e-05,151064.472232
0.477777777778,-0.00102548813447,0.57948833704,2.40511059761,6.82742102072e-05,1.98446778086e-05,0,0,0,0.0166674368083,0,0,0,0,0,1.2966567824e-05,151064.472232
0.488888888889,-0.00102548813447,0.57948833704,2.40511059761,6.82742102072e-05,1.98446778086e-05,0,0,0,0.0166674368083,0,0,0,0,0,1.29664371454e-05,151064.472232
0.5,-0.00102548813447,0.57948833704,2.40511059761,6.82742102072e-05,1.98446778086e-05,0,0,0,0.0166674368083,0,0,0,0,0,1.2966484733e-05,151064.472232
0.511111111111,-0.00102548813447,0.57948833704,2.40511059761,6.82742102072e-05,1.98446778086e-05,0,0,0,0.0166674368083,0,0,0,0,0,1.29666657534e-05,151064.472232
0.522222222222,-0.00102548813447,0.57948833704,2.40511059761,6.82742102072e-05,1.98446778086e-05,0,0,0,0.0166674368083,0,0,0,0,0,1.29668082769e-05,151064.472232
0.533333333333,-0.00102548813447,0.57948833704,2.40511059761,6.82742102072e-05,1.98446778086e-05,0,0,0,0.0166674368083,0,0,0,0,0,1.29669001841e-05,151064.472232
0.544444444444,-0.00102548813447,0.57948833704,2.40511059761,6.82742102072e-05,1.98446778086e-05,0,0,0,0.0166674368083,0,0,0,0,0,1.29668413347e-05,151064.472232
0.555555555556,-0.00102548813447,0.57948833704,2.40511059761,6.82742102072e-05,1.98446778086e-05,0,0,0,0.0166674368083,0,0,0,0,0,1.2966885701e-05,151064.472232
0.566666666667,-0.00102548813447,0.57948833704,2.40511059761,6.82742102072e-05,1.98446778086e-05,0,0,0,0.0166674368083,0,0,0,0,0,1.29669153014e-05,151064.472232
0.577777777778,-0.00102548813447,0.57948833704,2.40511059761,6.82742102072e-05,1.98446778086e-05,0,0,0,0.0166674368083,0,0,0,0,0,1.29668144338e-05,151064.472232
0.588888888889,-0.00102548813447,0.57948833704,2.40511059761,6.82742102072e-05,1.98446778086e-05,0,0,0,0.0166674368083,0,0,0,0,0,1.29668383353e-05,151064.472232
0.6,-0.00102548813447,0.57948833704,2.40511059761,6.82742102072e-05,1.98446778086e-05,0,0,0,0.0166674368083,0,0,0,0,0,1.29668911112e-05,151064.472232
0.611111111111,-0.00102548813447,0.57948833704,2.40511059761,6.82742102072e-05,1.98446778086e-05,0,0,0,0.0166674368083,0,0,0,0,0,1.2966846422e-05,151064.472232
0.622222222222,-0.00102548813447,0.57948833704,2.40511059761,6.82742102072e-05,1.98446778086e-05,0,0,0,0.0166674368083,0,0,0,0,0,1.29670609689e-05,151064.472232
0.633333333333,-0.00102548813447,0.57948833704,2.40511059761,6.82742102072e-05,1.98446778086e-05,0,0,0,0.0166674368083,0,0,0,0,0,1.29669483301e-05,151064.472232
0.644444444444,-0.00102548813447,0.57948833704,2.40511059761,6.82742102072e-05,1.98446778086e-05,0,0,0,0.0166674368083,0,0,0,0,0,1.29671447961e-05,151064.472232
0.655555555556,-0.00102548813447,0.57948833704,2.40511059761,6.82742102072e-05,1.98446778086e-05,0,0,0,0.0166674368083,0,0,0,0,0,1.29670829166e-05,151064.472232
0.666666666667,-0.00102548813447,0.57948833704,2.40511059761,6.82742102072e-05,1.98446778086e-05,0,0,0,0.0166674368083,0,0,0,0,0,1.29672140448e-05,151064.472232
0.677777777778,-0.00102548813447,0.57948833704,2.40511059761,6.82742102072e-05,1.98446778086e-05,0,0,0,0.0166674368083,0,0,0,0,0,1.29670482967e-05,151064.472232
0.688888888889,-0.00102548813447,0.57948833704,2.40511059761,6.82742102072e-05,1.98446778086e-05,0,0,0,0.0166674368083,0,0,0,0,0,1.29669536749e-05,151064.472232
0.7,-0.00102548813447,0.57948833704,2.40511059761,6.82742102072e-05,1.98446778086e-05,0,0,0,0.0166674368083,0,0,0,0,0,1.29670446946e-05,151064.472232
0.711111111111,-0.00102548813447,0.57948833704,2.40511059761,6.82742102072e-05,1.98446778086e-05,0,0,0,0.0166674368083,0,0,0,0,0,1.29671454427e-05,151064.472232
0.722222222222,-0.00102548813447,0.57948833704,2.40511059761,6.82742102072e-05,1.98446778086e-05,0,0,0,0.0166674368083,0,0,0,0,0,1.29671334826e-05,151064.472232
0.733333333333,-0.00102548813447,0.57948833704,2.40511059761,6.82742102072e-05,1.98446778086e-05,0,0,0,0.0166674368083,0,0,0,0,0,1.29671232529e-05,151064.472232
0.744444444444,-0.00102548813447,0.57948833704,2.40511059761,6.82742102072e-05,1.98446778086e-05,0,0,0,0.0166674368083,0,0,0,0,0,1.29670634496e-05,151064.472232
0.755555555556,-0.00102548813447,0.57948833704,2.40511059761,6.82742102072e-05,1.98446778086e-05,0,0,0,0.0166674368083,0,0,0,0,0,1.29670995186e-05,151064.472232
0.766666666667,-0.00102548813447,0.57948833704,2.40511059761,6.82742102072e-05,1.98446778086e-05,0,0,0,0.0166674368083,0,0,0,0,0,1.2967108658e-05,151064.472232
0.777777777778,-0.00102548813447,0.57948833704,2.40511059761,6.82742102072e-05,1.98446778086e-05,0,0,0,0.0166674368083,0,0,0,0,0,3.68648988383e-06,151064.472232
0.788888888889,-0.00102548813447,0.579488277435,2.40511059761,6.82742102072e-05,1.98446778086e-05,0,0,0,0.0166674368083,0,0,0,0,0,3.61795926239e-06,151064.469601
0.8,-0.00102548813447,0.579488277435,2.40511059761,6.82742102072e-05,1.98446778086e-05,0,0,0,0.0166674368083,0,0,0,0,0,3.23229734693e-06,151064.469601
0.811111111111,-0.00102548813447,0.579488277435,2.40511059761,6.82742102072e-05,1.98446778086e-05,0,0,0,0.0166674368083,0,0,0,0,0,3.22251110628e-06,151064.469601
0.822222222222,-0.00102548813447,0.579488277435,2.40511059761,6.82742102072e-05,1.98446778086e-05,0,0,0,0.0166674368083,0,0,0,0,0,3.2206754746e-06,151064.469601
0.833333333333,-0.00102548813447,0.579488277435,2.40511059761,6.82742102072e-05,1.98446778086e-05,0,0,0,0.0166674368083,0,0,0,0,0,3.22009352876e-06,151064.469601
0.844444444444,-0.00102548813447,0.579488277435,2.40511059761,6.82742102072e-05,1.98446778086e-05,0,0,0,0.0166674368083,0,0,0,0,0,3.22005110863e-06,151064.469601
0.855555555556,-0.00102548813447,0.579488277435,2.40511059761,6.82742102072e-05,1.98446778086e-05,0,0,0,0.0166674368083,0,0,0,0,0,3.22021973768e-06,151064.469601
0.866666666667,-0.00102548813447,0.579488277435,2.40511059761,6.82742102072e-05,1.98446778086e-05,0,0,0,0.0166674368083,0,0,0,0,0,3.22117014202e-06,151064.469601
0.877777777778,-0.00102548813447,0.579488277435,2.40511059761,6.82742102072e-05,1.98446778086e-05,0,0,0,0.0166674368083,0,0,0,0,0,3.22122425502e-06,151064.469601
0.888888888889,-0.00102548813447,0.579488277435,2.40511059761,6.82742102072e-05,1.98446778086e-05,0,0,0,0.0166674368083,0,0,0,0,0,3.22107514373e-06,151064.469601
0.9,-0.00102548813447,0.579488277435,2.40511059761,6.82742102072e-05,1.98446778086e-05,0,0,0,0.0166674368083,0,0,0,0,0,3.22121176248e-06,151064.469601
0.911111111111,-0.00102548813447,0.579488277435,2.40511059761,6.82742102072e-05,1.98446778086e-05,0,0,0,0.0166674368083,0,0,0,0,0,3.22084963747e-06,151064.469601
0.922222222222,-0.00102548813447,0.579488277435,2.40511059761,6.82742102072e-05,1.98446778086e-05,0,0,0,0.0166674368083,0,0,0,0,0,3.22156294628e-06,151064.469601
0.933333333333,-0.00102548813447,0.579488277435,2.40511059761,6.82742102072e-05,1.98446778086e-05,0,0,0,0.0166674368083,0,0,0,0,0,3.2211701964e-06,151064.469601
0.944444444444,-0.00102548813447,0.579488277435,2.40511059761,6.82742102072e-05,1.98446778086e-05,0,0,0,0.0166674368083,0,0,0,0,0,3.22106251036e-06,151064.469601
0.955555555556,-0.00102548813447,0.579488277435,2.40511059761,6.82742102072e-05,1.98446778086e-05,0,0,0,0.0166674368083,0,0,0,0,0,3.22168612613e-06,151064.469601
0.966666666667,-0.00102548813447,0.579488277435,2.40511059761,6.82742102072e-05,1.98446778086e-05,0,0,0,0.0166674368083,0,0,0,0,0,3.22109484686e-06,151064.469601
0.977777777778,-0.00102548813447,0.579488277435,2.40511059761,6.82742102072e-05,1.98446778086e-05,0,0,0,0.0166674368083,0,0,0,0,0,3.22201935664e-06,151064.469601
0.988888888889,-0.00102548813447,0.579488277435,2.40511059761,6.82742102072e-05,1.98446778086e-05,0,0,0,0.0166674368083,0,0,0,0,0,3.22138052409e-06,151064.469601
1,-0.00102548813447,0.579488277435,2.40511059761,6.82742102072e-05,1.98446778086e-05,0,0,0,0.0166674368083,0,0,0,0,0,3.22151949862e-06,151064.469601
1.01111111111,-0.00102548813447,0.579488277435,2.40511059761,6.82742102072e-05,1.98446778086e-05,0,0,0,0.0166674368083,0,0,0,0,0,3.22190201417e-06,151064.469601
1.02222222222,-0.00102548813447,0.579488277435,2.40511059761,6.82742102072e-05,1.98446778086e-05,0,0,0,0.0166674368083,0,0,0,0,0,3.22123511812e-06,151064.469601
1.03333333333,-0.00102548813447,0.579488277435,2.40511059761,6.82742102072e-05,1.98446778086e-05,0,0,0,0.0166674368083,0,0,0,0,0,3.22185684345e-06,151064.469601
1.04444444444,-0.00102548813447,0.579488277435,2.40511059761,6.82742102072e-05,1.98446778086e-05,0,0,0,0.0166674368083,0,0,0,0,0,3.2218951146e-06,151064.469601
1.05555555556,-0.00102548813447,0.579488277435,2.40511059761,6.82742102072e-05,1.98446778086e-05,0,0,0,0.0166674368083,0,0,0,0,0,3.2214169068e-06,151064.469601
1.06666666667,-0.00102548813447,0.579488277435,2.40511059761,6.82742102072e-05,1.98446778086e-05,0,0,0,0.0166674368083,0,0,0,0,0,3.22224214877e-06,151064.469601
1.07777777778,-0.00102548813447,0.579488277435,2.40511059761,6.82742102072e-05,1.98446778086e-05,0,0,0,0.0166674368083,0,0,0,0,0,3.22156935311e-06,151064.469601
1.08888888889,-0.00102548813447,0.579488277435,2.40511059761,6.82742102072e-05,1.98446778086e-05,0,0,0,0.0166674368083,0,0,0,0,0,3.22166169993e-06,151064.469601
1.1,-0.00102548813447,0.579488277435,2.40511059761,6.82742102072e-05,1.98446778086e-05,0,0,0,0.0166674368083,0,0,0,0,0,3.22180848739e-06,151064.469601
1.11111111111,-0.00102548813447,0.579488277435,2.40511059761,6.82742102072e-05,1.98446778086e-05,0,0,0,0.0166674368083,0,0,0,0,0,3.22159841329e-06,151064.469601
1.12222222222,-0.00102548813447,0.579488277435,2.40511059761,6.82742102072e-05,1.98446778086e-05,0,0,0,0.0166674368083,0,0,0,0,0,3.22108495151e-06,151064.469601
1.13333333333,-0.00102548813447,0.579488277435,2.40511059761,6.82742102072e-05,1.98446778086e-05,0,0,0,0.0166674368083,0,0,0,0,0,3.22152029302e-06,151064.469601
1.14444444444,-0.00102548813447,0.579488277435,2.40511059761,6.82742102072e-05,1.98446778086e-05,0,0,0,0.0166674368083,0,0,0,0,0,3.22170150213e-06,151064.469601
1.15555555556,-0.00102548813447,0.579488277435,2.40511059761,6.82742102072e-05,1.98446778086e-05,0,0,0,0.0166674368083,0,0,0,0,0,3.2213785239e-06,151064.469601
1.16666666667,-0.00102548813447,0.579488277435,2.40511059761,6.82742102072e-05,1.98446778086e-05,0,0,0,0.0166674368083,0,0,0,0,0,3.22179819075e-06,151064.469601
1.17777777778,-0.00102548813447,0.579488277435,2.40511059761,6.82742102072e-05,1.98446778086e-05,0,0,0,0.0166674368083,0,0,0,0,0,3.22157093126e-06,151064.469601
1.18888888889,-0.00102548813447,0.579488277435,2.40511059761,6.82742102072e-05,1.98446778086e-05,0,0,0,0.0166674368083,0,0,0,0,0,3.22211530746e-06,151064.469601
1.2,-0.00102548813447,0.579488277435,2.40511059761,6.82742102072e-05,1.98446778086e-05,0,0,0,0.0166674368083,0,0,0,0,0,3.22127389575e-06,151064.469601
1.21111111111,-0.00102548813447,0.579488277435,2.40511059761,6.82742102072e-05,1.98446778086e-05,0,0,0,0.0166674368083,0,0,0,0,0,3.22206144994e-06,151064.469601
1.22222222222,-0.00102548813447,0.579488277435,2.40511059761,6.82742102072e-05,1.98446778086e-05,0,0,0,0.0166674368083,0,0,0,0,0,3.2214590393e-06,151064.469601
1.23333333333,-0.00102548813447,0.579488277435,2.40511059761,6.82742102072e-05,1.98446778086e-05,0,0,0,0.0166674368083,0,0,0,0,0,3.22219334299e-06,151064.469601
1.24444444444,-0.00102548813447,0.579488277435,2.40511059761,6.82742102072e-05,1.98446778086e-05,0,0,0,0.0166674368083,0,0,0,0,0,3.22092575663e-06,151064.469601
1.25555555556,-0.00102548813447,0.579488277435,2.40511059761,6.82742102072e-05,1.98446778086e-05,0,0,0,0.0166674368083,0,0,0,0,0,3.22175320217e-06,151064.469601
1.26666666667,-0.00102548813447,0.579488277435,2.40511059761,6.82742102072e-05,1.98446778086e-05,0,0,0,0.0166674368083,0,0,0,0,0,3.22215321443e-06,151064.469601
1.27777777778,-0.00102548813447,0.579488277435,2.40511059761,6.82742102072e-05,1.98446778086e-05,0,0,0,0.0166674368083,0,0,0,0,0,3.2211739125e-06,151064.469601
1.28888888889,-0.00102548813447,0.579488277435,2.40511059761,6.82742102072e-05,1.98446778086e-05,0,0,0,0.0166674368083,0,0,0,0,0,3.22209108821e-06,151064.469601
1.3,-0.00102548813447,0.579488277435,2.40511059761,6.82742102072e-05,1.98446778086e-05,0,0,0,0.0166674368083,0,0,0,0,0,3.22124870937e-06,151064.469601
1.31111111111,-0.00102548813447,0.579488277435,2.40511059761,6.82742102072e-05,1.98446778086e-05,0,0,0,0.0166674368083,0,0,0,0,0,3.221834458e-06,151064.469601
1.32222222222,-0.00102548813447,0.579488277435,2.40511059761,6.82742102072e-05,1.98446778086e-05,0,0,0,0.0166674368083,0,0,0,0,0,3.22127706258e-06,151064.469601
1.33333333333,-0.00102548813447,0.579488277435,2.40511059761,6.82742102072e-05,1.98446778086e-05,0,0,0,0.0166674368083,0,0,0,0,0,3.22210127775e-06,151064.469601
1.34444444444,-0.00102548813447,0.579488277435,2.40511059761,6.82742102072e-05,1.98446778086e-05,0,0,0,0.0166674368083,0,0,0,0,0,3.2211836919e-06,151064.469601
1.35555555556,-0.00102548813447,0.579488277435,2.40511059761,6.82742102072e-05,1.98446778086e-05,0,0,0,0.0166674368083,0,0,0,0,0,3.22190056476e-06,151064.469601
1.36666666667,-0.00102548813447,0.579488277435,2.40511059761,6.82742102072e-05,1.98446778086e-05,0,0,0,0.0166674368083,0,0,0,0,0,3.22209754571e-06,151064.469601
1.37777777778,-0.00102548813447,0.579488277435,2.40511059761,6.82742102072e-05,1.98446778086e-05,0,0,0,0.0166674368083,0,0,0,0,0,3.22203615285e-06,151064.469601
1.38888888889,-0.00102548813447,0.579488277435,2.40511059761,6.82742102072e-05,1.98446778086e-05,0,0,0,0.0166674368083,0,0,0,0,0,3.22136635909e-06,151064.469601
1.4,-0.00102548813447,0.579488277435,2.40511059761,6.82742102072e-05,1.98446778086e-05,0,0,0,0.0166674368083,0,0,0,0,0,3.22186638002e-06,151064.469601
1.41111111111,-0.00102548813447,0.579488277435,2.40511059761,6.82742102072e-05,1.98446778086e-05,0,0,0,0.0166674368083,0,0,0,0,0,3.221607179e-06,151064.469601
1.42222222222,-0.00102548813447,0.579488277435,2.40511059761,6.82742102072e-05,1.98446778086e-05,0,0,0,0.0166674368083,0,0,0,0,0,3.22170052452e-06,151064.469601
1.43333333333,-0.00102548813447,0.579488277435,2.40511059761,6.82742102072e-05,1.98446778086e-05,0,0,0,0.0166674368083,0,0,0,0,0,3.22103818142e-06,151064.469601
1.44444444444,-0.00102548813447,0.579488277435,2.40511059761,6.82742102072e-05,1.98446778086e-05,0,0,0,0.0166674368083,0,0,0,0,0,3.22095577719e-06,151064.469601
1.45555555556,-0.00102548813447,0.579488277435,2.40511059761,6.82742102072e-05,1.98446778086e-05,0,0,0,0.0166674368083,0,0,0,0,0,3.22180628962e-06,151064.469601
1.46666666667,-0.00102548813447,0.579488277435,2.40511059761,6.82742102072e-05,1.98446778086e-05,0,0,0,0.0166674368083,0,0,0,0,0,3.2216314817e-06,151064.469601
1.47777777778,-0.00102548813447,0.579488277435,2.40511059761,6.82742102072e-05,1.98446778086e-05,0,0,0,0.0166674368083,0,0,0,0,0,3.22110873667e-06,151064.469601
1.48888888889,-0.00102548813447,0.579488277435,2.40511059761,6.82742102072e-05,1.98446778086e-05,0,0,0,0.0166674368083,0,0,0,0,0,3.22106026039e-06,151064.469601
1.5,-0.00102548813447,0.579488277435,2.40511059761,6.82742102072e-05,1.98446778086e-05,0,0,0,0.0166674368083,0,0,0,0,0,3.22090238066e-06,151064.469601
1.51111111111,-0.00102548813447,0.579488277435,2.40511059761,6.82742102072e-05,1.98446778086e-05,0,0,0,0.0166674368083,0,0,0,0,0,3.22111920443e-06,151064.469601
1.52222222222,-0.00102548813447,0.579488277435,2.40511059761,6.82742102072e-05,1.98446778086e-05,0,0,0,0.0166674368083,0,0,0,0,0,3.22094311034e-06,151064.469601
1.53333333333,-0.00102548813447,0.579488277435,2.40511059761,6.82742102072e-05,1.98446778086e-05,0,0,0,0.0166674368083,0,0,0,0,0,3.22103176223e-06,151064.469601
1.54444444444,-0.00102548813447,0.579488277435,2.40511059761,6.82742102072e-05,1.98446778086e-05,0,0,0,0.0166674368083,0,0,0,0,0,3.22138510952e-06,151064.469601
1.55555555556,-0.00102548813447,0.579488277435,2.40511059761,6.82742102072e-05,1.98446778086e-05,0,0,0,0.0166674368083,0,0,0,0,0,3.2211518916e-06,151064.469601
1.56666666667,-0.00102548813447,0.579488277435,2.40511059761,6.82742102072e-05,1.98446778086e-05,0,0,0,0.0166674368083,0,0,0,0,0,3.22141482484e-06,151064.469601
1.57777777778,-0.00102548813447,0.579488277435,2.40511059761,6.82742102072e-05,1.98446778086e-05,0,0,0,0.0166674368083,0,0,0,0,0,3.22174522507e-06,151064.469601
1.58888888889,-0.00102548813447,0.579488277435,2.40511059761,6.82742102072e-05,1.98446778086e-05,0,0,0,0.0166674368083,0,0,0,0,0,3.22221021988e-06,151064.469601
1.6,-0.00102548813447,0.579488277435,2.40511059761,6.82742102072e-05,1.98446778086e-05,0,0,0,0.0166674368083,0,0,0,0,0,3.22147060871e-06,151064.469601
1.61111111111,-0.00102548813447,0.579488277435,2.40511059761,6.82742102072e-05,1.98446778086e-05,0,0,0,0.0166674368083,0,0,0,0,0,3.22169106129e-06,151064.469601
1.62222222222,-0.00102548813447,0.579488277435,2.40511059761,6.82742102072e-05,1.98446778086e-05,0,0,0,0.0166674368083,0,0,0,0,0,3.22153743045e-06,151064.469601
1.63333333333,-0.00102548813447,0.579488277435,2.40511059761,6.82742102072e-05,1.98446778086e-05,0,0,0,0.0166674368083,0,0,0,0,0,3.22085070812e-06,151064.469601
1.64444444444,-0.00102548813447,0.579488277435,2.40511059761,6.82742102072e-05,1.98446778086e-05,0,0,0,0.0166674368083,0,0,0,0,0,3.22111030601e-06,151064.469601
1.65555555556,-0.00102548813447,0.579488277435,2.40511059761,6.82742102072e-05,1.98446778086e-05,0,0,0,0.0166674368083,0,0,0,0,0,3.22103295857e-06,151064.469601
1.66666666667,-0.00102548813447,0.579488277435,2.40511059761,6.82742102072e-05,1.98446778086e-05,0,0,0,0.0166674368083,0,0,0,0,0,3.22110472861e-06,151064.469601
1.67777777778,-0.00102548813447,0.579488277435,2.40511059761,6.82742102072e-05,1.98446778086e-05,0,0,0,0.0166674368083,0,0,0,0,0,3.22099006939e-06,151064.469601
1.68888888889,-0.00102548813447,0.579488277435,2.40511059761,6.82742102072e-05,1.98446778086e-05,0,0,0,0.0166674368083,0,0,0,0,0,3.22095215193e-06,151064.469601
1.7,-0.00102548813447,0.579488277435,2.40511059761,6.82742102072e-05,1.98446778086e-05,0,0,0,0.0166674368083,0,0,0,0,0,3.22183494951e-06,151064.469601
1.71111111111,-0.00102548813447,0.579488277435,2.40511059761,6.82742102072e-05,1.98446778086e-05,0,0,0,0.0166674368083,0,0,0,0,0,3.2208539538e-06,151064.469601
1.72222222222,-0.00102548813447,0.579488277435,2.40511059761,6.82742102072e-05,1.98446778086e-05,0,0,0,0.0166674368083,0,0,0,0,0,3.22140721485e-06,151064.469601
1.73333333333,-0.00102548813447,0.579488277435,2.40511059761,6.82742102072e-05,1.98446778086e-05,0,0,0,0.0166674368083,0,0,0,0,0,3.22124437463e-06,151064.469601
1.74444444444,-0.00102548813447,0.579488277435,2.40511059761,6.82742102072e-05,1.98446778086e-05,0,0,0,0.0166674368083,0,0,0,0,0,3.22216648184e-06,151064.469601
1.75555555556,-0.00102548813447,0.579488277435,2.40511059761,6.82742102072e-05,1.98446778086e-05,0,0,0,0.0166674368083,0,0,0,0,0,3.22191077314e-06,151064.469601
1.76666666667,-0.00102548813447,0.579488277435,2.40511059761,6.82742102072e-05,1.98446778086e-05,0,0,0,0.0166674368083,0,0,0,0,0,3.2221739564e-06,151064.469601
1.77777777778,-0.00102548813447,0.579488277435,2.40511059761,6.82742102072e-05,1.98446778086e-05,0,0,0,0.0166674368083,0,0,0,0,0,3.22210861556e-06,151064.469601
1.78888888889,-0.00102548813447,0.579488277435,2.40511059761,6.82742102072e-05,1.98446778086e-05,0,0,0,0.0166674368083,0,0,0,0,0,3.22093533599e-06,151064.469601
1.8,-0.00102548813447,0.579488277435,2.40511059761,6.82742102072e-05,1.98446778086e-05,0,0,0,0.0166674368083,0,0,0,0,0,3.22111690077e-06,151064.469601
1.81111111111,-0.00102548813447,0.579488277435,2.40511059761,6.82742102072e-05,1.98446778086e-05,0,0,0,0.0166674368083,0,0,0,0,0,3.22148542944e-06,151064.469601
1.82222222222,-0.00102548813447,0.579488277435,2.40511059761,6.82742102072e-05,1.98446778086e-05,0,0,0,0.0166674368083,0,0,0,0,0,3.22167585269e-06,151064.469601
1.83333333333,-0.00102548813447,0.579488277435,2.40511059761,6.82742102072e-05,1.98446778086e-05,0,0,0,0.0166674368083,0,0,0,0,0,3.22167099667e-06,151064.469601
1.84444444444,-0.00102548813447,0.579488277435,2.40511059761,6.82742102072e-05,1.98446778086e-05,0,0,0,0.0166674368083,0,0,0,0,0,3.22119869899e-06,151064.469601
1.85555555556,-0.00102548813447,0.579488277435,2.40511059761,6.82742102072e-05,1.98446778086e-05,0,0,0,0.0166674368083,0,0,0,0,0,3.22203224589e-06,151064.469601
1.86666666667,-0.00102548813447,0.579488277435,2.40511059761,6.82742102072e-05,1.98446778086e-05,0,0,0,0.0166674368083,0,0,0,0,0,3.22142057636e-06,151064.469601
1.87777777778,-0.00102548813447,0.579488277435,2.40511059761,6.82742102072e-05,1.98446778086e-05,0,0,0,0.0166674368083,0,0,0,0,0,3.221562859e-06,151064.469601
1.88888888889,-0.00102548813447,0.579488277435,2.40511059761,6.82742102072e-05,1.98446778086e-05,0,0,0,0.0166674368083,0,0,0,0,0,3.22190027957e-06,151064.469601
1.9,-0.00102548813447,0.579488277435,2.40511059761,6.82742102072e-05,1.98446778086e-05,0,0,0,0.0166674368083,0,0,0,0,0,3.22200283469e-06,151064.469601
1.91111111111,-0.00102548813447,0.579488277435,2.40511059761,6.82742102072e-05,1.98446778086e-05,0,0,0,0.0166674368083,0,0,0,0,0,3.22223909797e-06,151064.469601
1.92222222222,-0.00102548813447,0.579488277435,2.40511059761,6.82742102072e-05,1.98446778086e-05,0,0,0,0.0166674368083,0,0,0,0,0,3.22110094084e-06,151064.469601
1.93333333333,-0.00102548813447,0.579488277435,2.40511059761,6.82742102072e-05,1.98446778086e-05,0,0,0,0.0166674368083,0,0,0,0,0,3.22176710319e-06,151064.469601
1.94444444444,-0.00102548813447,0.579488277435,2.40511059761,6.82742102072e-05,1.98446778086e-05,0,0,0,0.0166674368083,0,0,0,0,0,3.22114759182e-06,151064.469601
1.95555555556,-0.00102548813447,0.579488277435,2.40511059761,6.82742102072e-05,1.98446778086e-05,0,0,0,0.0166674368083,0,0,0,0,0,3.22130206543e-06,151064.469601
1.96666666667,-0.00102548813447,0.579488277435,2.40511059761,6.82742102072e-05,1.98446778086e-05,0,0,0,0.0166674368083,0,0,0,0,0,3.22156458376e-06,151064.469601
1.97777777778,-0.00102548813447,0.579488277435,2.40511059761,6.82742102072e-05,1.98446778086e-05,0,0,0,0.0166674368083,0,0,0,0,0,3.22087634365e-06,151064.469601
1.98888888889,-0.00102548813447,0.579488277435,2.40511059761,6.82742102072e-05,1.98446778086e-05,0,0,0,0.0166674368083,0,0,0,0,0,3.2210513191e-06,151064.469601
2,-0.00102548813447,0.579488277435,2.40511059761,6.82742102072e-05,1.98446778086e-05,0,0,0,0.0166674368083,0,0,0,0,0,3.22100012676e-06,151064.469601
2.01111111111,-0.00102548813447,0.579488277435,2.40511059761,6.82742102072e-05,1.98446778086e-05,0,0,0,0.0166674368083,0,0,0,0,0,3.2209331693e-06,151064.469601
2.02222222222,-0.00102548813447,0.579488277435,2.40511059761,6.82742102072e-05,1.98446778086e-05,0,0,0,0.0166674368083,0,0,0,0,0,3.22208681658e-06,151064.469601
2.03333333333,-0.00102548813447,0.579488277435,2.40511059761,6.82742102072e-05,1.98446778086e-05,0,0,0,0.0166674368083,0,0,0,0,0,3.22152801717e-06,151064.469601
2.04444444444,-0.00102548813447,0.579488277435,2.40511059761,6.82742102072e-05,1.98446778086e-05,0,0,0,0.0166674368083,0,0,0,0,0,3.22221400406e-06,151064.469601
2.05555555556,-0.00102548813447,0.579488277435,2.40511059761,6.82742102072e-05,1.98446778086e-05,0,0,0,0.0166674368083,0,0,0,0,0,3.22089319092e-06,151064.469601
2.06666666667,-0.00102548813447,0.579488277435,2.40511059761,6.82742102072e-05,1.98446778086e-05,0,0,0,0.0166674368083,0,0,0,0,0,3.22177767283e-06,151064.469601
2.07777777778,-0.00102548813447,0.579488277435,2.40511059761,6.82742102072e-05,1.98446778086e-05,0,0,0,0.0166674368083,0,0,0,0,0,3.22197999856e-06,151064.469601
2.08888888889,-0.00102548813447,0.579488277435,2.40511059761,6.82742102072e-05,1.98446778086e-05,0,0,0,0.0166674368083,0,0,0,0,0,3.22122814273e-06,151064.469601
2.1,-0.00102548813447,0.579488277435,2.40511059761,6.82742102072e-05,1.98446778086e-05,0,0,0,0.0166674368083,0,0,0,0,0,3.2211012196e-06,151064.469601
2.11111111111,-0.00102548813447,0.579488277435,2.40511059761,6.82742102072e-05,1.98446778086e-05,0,0,0,0.0166674368083,0,0,0,0,0,3.22106054613e-06,151064.469601
2.12222222222,-0.00102548813447,0.579488277435,2.40511059761,6.82742102072e-05,1.98446778086e-05,0,0,0,0.0166674368083,0,0,0,0,0,3.22168376816e-06,151064.469601
2.13333333333,-0.00102548813447,0.579488277435,2.40511059761,6.82742102072e-05,1.98446778086e-05,0,0,0,0.0166674368083,0,0,0,0,0,3.22222926034e-06,151064.469601
2.14444444444,-0.00102548813447,0.579488277435,2.40511059761,6.82742102072e-05,1.98446778086e-05,0,0,0,0.0166674368083,0,0,0,0,0,3.22167360122e-06,151064.469601
2.15555555556,-0.00102548813447,0.579488277435,2.40511059761,6.82742102072e-05,1.98446778086e-05,0,0,0,0.0166674368083,0,0,0,0,0,3.22140965238e-06,151064.469601
2.16666666667,-0.00102548813447,0.579488277435,2.40511059761,6.82742102072e-05,1.98446778086e-05,0,0,0,0.0166674368083,0,0,0,0,0,3.22136173213e-06,151064.469601
2.17777777778,-0.00102548813447,0.579488277435,2.40511059761,6.82742102072e-05,1.98446778086e-05,0,0,0,0.0166674368083,0,0,0,0,0,3.22165089399e-06,151064.469601
2.18888888889,-0.00102548813447,0.579488277435,2.40511059761,6.82742102072e-05,1.98446778086e-05,0,0,0,0.0166674368083,0,0,0,0,0,3.2212897747e-06,151064.469601
2.2,-0.00102548813447,0.579488277435,2.40511059761,6.82742102072e-05,1.98446778086e-05,0,0,0,0.0166674368083,0,0,0,0,0,3.2213636869e-06,151064.469601
2.21111111111,-0.00102548813447,0.579488277435,2.40511059761,6.82742102072e-05,1.98446778086e-05,0,0,0,0.0166674368083,0,0,0,0,0,3.22176285384e-06,151064.469601
2.22222222222,-0.00102548813447,0.579488277435,2.40511059761,6.82742102072e-05,1.98446778086e-05,0,0,0,0.0166674368083,0,0,0,0,0,3.22119193385e-06,151064.469601
2.23333333333,-0.00102548813447,0.579488277435,2.40511059761,6.82742102072e-05,1.98446778086e-05,0,0,0,0.0166674368083,0,0,0,0,0,3.2212305376e-06,151064.469601
2.24444444444,-0.00102548813447,0.579488277435,2.40511059761,6.82742102072e-05,1.98446778086e-05,0,0,0,0.0166674368083,0,0,0,0,0,3.22221289618e-06,151064.469601
2.25555555556,-0.00102548813447,0.579488277435,2.40511059761,6.82742102072e-05,1.98446778086e-05,0,0,0,0.0166674368083,0,0,0,0,0,3.22215936857e-06,151064.469601
2.26666666667,-0.00102548813447,0.579488277435,2.40511059761,6.82742102072e-05,1.98446778086e-05,0,0,0,0.0166674368083,0,0,0,0,0,3.22158848431e-06,151064.469601
2.27777777778,-0.00102548813447,0.579488277435,2.40511059761,6.82742102072e-05,1.98446778086e-05,0,0,0,0.0166674368083,0,0,0,0,0,3.22116889037e-06,151064.469601
2.28888888889,-0.00102548813447,0.579488277435,2.40511059761,6.82742102072e-05,1.98446778086e-05,0,0,0,0.0166674368083,0,0,0,0,0,3.22156968258e-06,151064.469601
2.3,-0.00102548813447,0.579488277435,2.40511059761,6.82742102072e-05,1.98446778086e-05,0,0,0,0.0166674368083,0,0,0,0,0,3.22210678686e-06,151064.469601
2.31111111111,-0.00102548813447,0.579488277435,2.40511059761,6.82742102072e-05,1.98446778086e-05,0,0,0,0.0166674368083,0,0,0,0,0,3.22216614773e-06,151064.469601
2.32222222222,-0.00102548813447,0.579488277435,2.40511059761,6.82742102072e-05,1.98446778086e-05,0,0,0,0.0166674368083,0,0,0,0,0,3.22152697078e-06,151064.469601
2.33333333333,-0.00102548813447,0.579488277435,2.40511059761,6.82742102072e-05,1.98446778086e-05,0,0,0,0.0166674368083,0,0,0,0,0,3.22161252142e-06,151064.469601
2.34444444444,-0.00102548813447,0.579488277435,2.40511059761,6.82742102072e-05,1.98446778086e-05,0,0,0,0.0166674368083,0,0,0,0,0,3.22205749515e-06,151064.469601
2.35555555556,-0.00102548813447,0.579488277435,2.40511059761,6.82742102072e-05,1.98446778086e-05,0,0,0,0.0166674368083,0,0,0,0,0,3.22112371484e-06,151064.469601
2.36666666667,-0.00102548813447,0.579488277435,2.40511059761,6.82742102072e-05,1.98446778086e-05,0,0,0,0.0166674368083,0,0,0,0,0,3.2216652442e-06,151064.469601
2.37777777778,-0.00102548813447,0.579488277435,2.40511059761,6.82742102072e-05,1.98446778086e-05,0,0,0,0.0166674368083,0,0,0,0,0,3.22115832255e-06,151064.469601
2.38888888889,-0.00102548813447,0.579488277435,2.40511059761,6.82742102072e-05,1.98446778086e-05,0,0,0,0.0166674368083,0,0,0,0,0,3.221502879e-06,151064.469601
2.4,-0.00102548813447,0.579488277435,2.40511059761,6.82742102072e-05,1.98446778086e-05,0,0,0,0.0166674368083,0,0,0,0,0,3.22207571155e-06,151064.469601
2.41111111111,-0.00102548813447,0.579488277435,2.40511059761,6.82742102072e-05,1.98446778086e-05,0,0,0,0.0166674368083,0,0,0,0,0,3.22176874215e-06,151064.469601
2.42222222222,-0.00102548813447,0.579488277435,2.40511059761,6.82742102072e-05,1.98446778086e-05,0,0,0,0.0166674368083,0,0,0,0,0,3.22197398782e-06,151064.469601
2.43333333333,-0.00102548813447,0.579488277435,2.40511059761,6.82742102072e-05,1.98446778086e-05,0,0,0,0.0166674368083,0,0,0,0,0,3.22125369611e-06,151064.469601
2.44444444444,-0.00102548813447,0.579488277435,2.40511059761,6.82742102072e-05,1.98446778086e-05,0,0,0,0.0166674368083,0,0,0,0,0,3.2208964029e-06,151064.469601
2.45555555556,-0.00102548813447,0.579488277435,2.40511059761,6.82742102072e-05,1.98446778086e-05,0,0,0,0.0166674368083,0,0,0,0,0,3.2216833273e-06,151064.469601
2.46666666667,-0.00102548813447,0.579488277435,2.40511059761,6.82742102072e-05,1.98446778086e-05,0,0,0,0.0166674368083,0,0,0,0,0,3.22142295672e-06,151064.469601
2.47777777778,-0.00102548813447,0.579488277435,2.40511059761,6.82742102072e-05,1.98446778086e-05,0,0,0,0.0166674368083,0,0,0,0,0,3.22162906051e-06,151064.469601
2.48888888889,-0.00102548813447,0.579488277435,2.40511059761,6.82742102072e-05,1.98446778086e-05,0,0,0,0.0166674368083,0,0,0,0,0,3.22099284931e-06,151064.469601
2.5,-0.00102548813447,0.579488277435,2.40511059761,6.82742102072e-05,1.98446778086e-05,0,0,0,0.0166674368083,0,0,0,0,0,3.22190530402e-06,151064.469601
2.51111111111,-0.00102548813447,0.579488277435,2.40511059761,6.82742102072e-05,1.98446778086e-05,0,0,0,0.0166674368083,0,0,0,0,0,3.22182546232e-06,151064.469601
2.52222222222,-0.00102548813447,0.579488277435,2.40511059761,6.82742102072e-05,1.98446778086e-05,0,0,0,0.0166674368083,0,0,0,0,0,3.22099020538e-06,151064.469601
2.53333333333,-0.00102548813447,0.579488277435,2.40511059761,6.82742102072e-05,1.98446778086e-05,0,0,0,0.0166674368083,0,0,0,0,0,3.2220610909e-06,151064.469601
2.54444444444,-0.00102548813447,0.579488277435,2.40511059761,6.82742102072e-05,1.98446778086e-05,0,0,0,0.0166674368083,0,0,0,0,0,3.22082345893e-06,151064.469601
2.55555555556,-0.00102548813447,0.579488277435,2.40511059761,6.82742102072e-05,1.98446778086e-05,0,0,0,0.0166674368083,0,0,0,0,0,3.22105160783e-06,151064.469601
2.56666666667,-0.00102548813447,0.579488277435,2.40511059761,6.82742102072e-05,1.98446778086e-05,0,0,0,0.0166674368083,0,0,0,0,0,3.22095492155e-06,151064.469601
2.57777777778,-0.00102548813447,0.579488277435,2.40511059761,6.82742102072e-05,1.98446778086e-05,0,0,0,0.0166674368083,0,0,0,0,0,3.22088027665e-06,151064.469601
2.58888888889,-0.00102548813447,0.579488277435,2.40511059761,6.82742102072e-05,1.98446778086e-05,0,0,0,0.0166674368083,0,0,0,0,0,3.22101590228e-06,151064.469601
2.6,-0.00102548813447,0.579488277435,2.40511059761,6.82742102072e-05,1.98446778086e-05,0,0,0,0.0166674368083,0,0,0,0,0,3.22132129719e-06,151064.469601
2.61111111111,-0.00102548813447,0.579488277435,2.40511059761,6.82742102072e-05,1.98446778086e-05,0,0,0,0.0166674368083,0,0,0,0,0,3.2222190309e-06,151064.469601
2.62222222222,-0.00102548813447,0.579488277435,2.40511059761,6.82742102072e-05,1.98446778086e-05,0,0,0,0.0166674368083,0,0,0,0,0,3.22130268865e-06,151064.469601
2.63333333333,-0.00102548813447,0.579488277435,2.40511059761,6.82742102072e-05,1.98446778086e-05,0,0,0,0.0166674368083,0,0,0,0,0,3.22193803387e-06,151064.469601
2.64444444444,-0.00102548813447,0.579488277435,2.40511059761,6.82742102072e-05,1.98446778086e-05,0,0,0,0.0166674368083,0,0,0,0,0,3.22162320576e-06,151064.469601
2.65555555556,-0.00102548813447,0.579488277435,2.40511059761,6.82742102072e-05,1.98446778086e-05,0,0,0,0.0166674368083,0,0,0,0,0,3.22178465842e-06,151064.469601
2.66666666667,-0.00102548813447,0.579488277435,2.40511059761,6.82742102072e-05,1.98446778086e-05,0,0,0,0.0166674368083,0,0,0,0,0,3.22180995334e-06,151064.469601
2.67777777778,-0.00102548813447,0.579488277435,2.40511059761,6.82742102072e-05,1.98446778086e-05,0,0,0,0.0166674368083,0,0,0,0,0,3.22161932763e-06,151064.469601
2.68888888889,-0.00102548813447,0.579488277435,2.40511059761,6.82742102072e-05,1.98446778086e-05,0,0,0,0.0166674368083,0,0,0,0,0,3.22082027347e-06,151064.469601
2.7,-0.00102548813447,0.579488277435,2.40511059761,6.82742102072e-05,1.98446778086e-05,0,0,0,0.0166674368083,0,0,0,0,0,3.22144452745e-06,151064.469601
2.71111111111,-0.00102548813447,0.579488277435,2.40511059761,6.82742102072e-05,1.98446778086e-05,0,0,0,0.0166674368083,0,0,0,0,0,3.22148364142e-06,151064.469601
2.72222222222,-0.00102548813447,0.579488277435,2.40511059761,6.82742102072e-05,1.98446778086e-05,0,0,0,0.0166674368083,0,0,0,0,0,3.22205806611e-06,151064.469601
2.73333333333,-0.00102548813447,0.579488277435,2.40511059761,6.82742102072e-05,1.98446778086e-05,0,0,0,0.0166674368083,0,0,0,0,0,3.22137588568e-06,151064.469601
2.74444444444,-0.00102548813447,0.579488277435,2.40511059761,6.82742102072e-05,1.98446778086e-05,0,0,0,0.0166674368083,0,0,0,0,0,3.22196920353e-06,151064.469601
2.75555555556,-0.00102548813447,0.579488277435,2.40511059761,6.82742102072e-05,1.98446778086e-05,0,0,0,0.0166674368083,0,0,0,0,0,3.22187770151e-06,151064.469601
2.76666666667,-0.00102548813447,0.579488277435,2.40511059761,6.82742102072e-05,1.98446778086e-05,0,0,0,0.0166674368083,0,0,0,0,0,3.22095209274e-06,151064.469601
2.77777777778,-0.00102548813447,0.579488277435,2.40511059761,6.82742102072e-05,1.98446778086e-05,0,0,0,0.0166674368083,0,0,0,0,0,3.22185597606e-06,151064.469601
2.78888888889,-0.00102548813447,0.579488277435,2.40511059761,6.82742102072e-05,1.98446778086e-05,0,0,0,0.0166674368083,0,0,0,0,0,3.22079071276e-06,151064.469601
2.8,-0.00102548813447,0.579488277435,2.40511059761,6.82742102072e-05,1.98446778086e-05,0,0,0,0.0166674368083,0,0,0,0,0,3.22120452988e-06,151064.469601
2.81111111111,-0.00102548813447,0.579488277435,2.40511059761,6.82742102072e-05,1.98446778086e-05,0,0,0,0.0166674368083,0,0,0,0,0,3.22102773547e-06,151064.469601
2.82222222222,-0.00102548813447,0.579488277435,2.40511059761,6.82742102072e-05,1.98446778086e-05,0,0,0,0.0166674368083,0,0,0,0,0,3.22130269944e-06,151064.469601
2.83333333333,-0.00102548813447,0.579488277435,2.40511059761,6.82742102072e-05,1.98446778086e-05,0,0,0,0.0166674368083,0,0,0,0,0,3.22205394182e-06,151064.469601
2.84444444444,-0.00102548813447,0.579488277435,2.40511059761,6.82742102072e-05,1.98446778086e-05,0,0,0,0.0166674368083,0,0,0,0,0,3.22222339546e-06,151064.469601
2.85555555556,-0.00102548813447,0.579488277435,2.40511059761,6.82742102072e-05,1.98446778086e-05,0,0,0,0.0166674368083,0,0,0,0,0,3.22147537245e-06,151064.469601
2.86666666667,-0.00102548813447,0.579488277435,2.40511059761,6.82742102072e-05,1.98446778086e-05,0,0,0,0.0166674368083,0,0,0,0,0,3.22160852865e-06,151064.469601
2.87777777778,-0.00102548813447,0.579488277435,2.40511059761,6.82742102072e-05,1.98446778086e-05,0,0,0,0.0166674368083,0,0,0,0,0,3.22127302161e-06,151064.469601
2.88888888889,-0.00102548813447,0.579488277435,2.40511059761,6.82742102072e-05,1.98446778086e-05,0,0,0,0.0166674368083,0,0,0,0,0,3.22103020852e-06,151064.469601
2.9,-0.00102548813447,0.579488277435,2.40511059761,6.82742102072e-05,1.98446778086e-05,0,0,0,0.0166674368083,0,0,0,0,0,3.22101737933e-06,151064.469601
2.91111111111,-0.00102548813447,0.579488277435,2.40511059761,6.82742102072e-05,1.98446778086e-05,0,0,0,0.0166674368083,0,0,0,0,0,3.2208923852e-06,151064.469601
2.92222222222,-0.00102548813447,0.579488277435,2.40511059761,6.82742102072e-05,1.98446778086e-05,0,0,0,0.0166674368083,0,0,0,0,0,3.22220416854e-06,151064.469601
2.93333333333,-0.00102548813447,0.579488277435,2.40511059761,6.82742102072e-05,1.98446778086e-05,0,0,0,0.0166674368083,0,0,0,0,0,3.22176908267e-06,151064.469601
2.94444444444,-0.00102548813447,0.579488277435,2.40511059761,6.82742102072e-05,1.98446778086e-05,0,0,0,0.0166674368083,0,0,0,0,0,3.22144831091e-06,151064.469601
2.95555555556,-0.00102548813447,0.579488277435,2.40511059761,6.82742102072e-05,1.98446778086e-05,0,0,0,0.0166674368083,0,0,0,0,0,3.22180439077e-06,151064.469601
2.96666666667,-0.00102548813447,0.579488277435,2.40511059761,6.82742102072e-05,1.98446778086e-05,0,0,0,0.0166674368083,0,0,0,0,0,3.22105045708e-06,151064.469601
2.97777777778,-0.00102548813447,0.579488277435,2.40511059761,6.82742102072e-05,1.98446778086e-05,0,0,0,0.0166674368083,0,0,0,0,0,3.22107831717e-06,151064.469601
2.98888888889,-0.00102548813447,0.579488277435,2.40511059761,6.82742102072e-05,1.98446778086e-05,0,0,0,0.0166674368083,0,0,0,0,0,3.22109245979e-06,151064.469601
3,-0.00102548813447,0.579488277435,2.40511059761,6.82742102072e-05,1.98446778086e-05,0,0,0,0.0166674368083,0,0,0,0,0,3.22159452324e-06,151064.469601
3.01111111111,-0.00102548813447,0.579488277435,2.40511059761,6.82742102072e-05,1.98446778086e-05,0,0,0,0.0166674368083,0.0555038452148,0,0,0,0,0.0268468001175,151064.469601
3.02222222222,-0.00102548813447,0.579488277435,2.40511059761,6.82742102072e-05,2.40424778895e-05,0,0,0,0.0166674368083,0.134325027466,0,0,0,0,0.0745754317394,151064.466116
3.03333333333,-0.00102548813447,0.579488277435,2.40511059761,6.82742102072e-05,1.98446778086e-05,0,0,-1.54040776579e-06,0.0166674368083,0.250196456909,0,0,0,0,0.164224847523,151064.466116
3.04444444444,-0.00102548813447,0.579488277435,2.40511059761,6.82742102072e-05,1.98446778086e-05,0,0,-3.29038539348e-06,0.0166674368083,0.405120849609,0,0,0,0,0.290040563315,151064.467238
3.05555555556,-0.00102548813447,0.579488277435,2.40511059761,6.82742102072e-05,1.98446778086e-05,0,0,-5.23667085872e-06,0.0166674368083,0.600099563599,0,0,0,0,0.451480934063,151064.467238
3.06666666667,-0.00102548813447,0.579488277435,2.40511059761,6.82742102072e-05,1.98446778086e-05,0,0,-7.18362343832e-06,0.0166674368083,0.834274291992,0,0,0,0,0.649212497757,151064.467238
3.07777777778,-0.00102548813447,0.579488277435,2.40511059761,6.82742102072e-05,1.98446778086e-05,0,0,-9.98519317363e-06,0.0166674368083,1.10721588135,0,0,0,0,0.879403840867,151064.4678
3.08888888889,-0.00102548813447,0.579488277435,2.40511059761,6.82742102072e-05,1.98446778086e-05,0,0,-1.27376151795e-05,0.0166674368083,1.41906738281,0,0,0,0,1.14901482825,151064.46808
3.1,-0.00102548813447,0.579488277435,2.40511059761,6.82742102072e-05,2.0364910597e-05,0,0,-1.60010185937e-05,0.0166674368083,1.76954269409,0,0,0,0,1.45121709102,151064.46808
3.11111111111,-0.00102548813447,0.579488277435,2.40511059761,6.82742102072e-05,1.98446778086e-05,0,0,-1.92558673007e-05,0.0166674368083,2.15878486633,0,0,0,0,1.79226629818,151064.46808
3.12222222222,-0.00102548813447,0.579488277435,2.40511059761,6.82742102072e-05,1.98446778086e-05,0,0,-2.30988644034e-05,0.0166674368083,2.58693695068,0,0,0,0,2.16482234159,151064.46808
3.13333333333,-0.00102548813447,0.579488277435,2.40511059761,6.82742102072e-05,1.98446778086e-05,0,0,-2.68042549578e-05,0.0166674368083,3.05399894714,0,0,0,0,2.57801215129,151064.46808
3.14444444444,-0.00102548813447,0.579488277435,2.40511059761,6.82742102072e-05,2.0364910597e-05,0,0,-3.0765462725e-05,0.0166674368083,3.55997085571,0,0,0,0,3.02396183839,151064.46808
3.15555555556,-0.00102548813447,0.579488277435,2.40511059761,6.82742102072e-05,2.0364910597e-05,0,0,-3.50509872078e-05,0.0166674368083,4.10470962524,0,0,0,0,3.50474550378,151064.46808
3.16666666667,-0.00102548813447,0.579488277435,2.40511059761,6.82742102072e-05,2.0364910597e-05,0,0,-3.96000032197e-05,0.0166674368083,4.68807220459,0,0,0,0,4.02145590001,151064.46808
3.17777777778,-0.00102548813447,0.579488277435,2.40511059761,6.82742102072e-05,1.98446778086e-05,0,0,-4.43022254331e-05,0.0166674368083,5.31034469604,0,0,0,0,4.5746571045,151064.46808
3.18888888889,-0.00102548813447,0.579488277435,2.40511059761,6.82742102072e-05,2.0364910597e-05,0,0,-4.90510319651e-05,0.0166674368083,5.97152709961,0,0,0,0,5.16450512451,151064.46808
3.2,-0.00102548813447,0.579488277435,2.40511059761,6.82742102072e-05,2.0364910597e-05,0,0,-5.37882770004e-05,0.0166674368083,6.67147636414,0,0,0,0,5.79070003174,151064.46808
3.21111111111,-0.00102548813447,0.579488277435,2.40511059761,6.82742102072e-05,2.10511589103e-05,0,0,-5.84753870498e-05,0.0166674368083,7.41062164307,0,0,0,0,6.45312670277,151064.469484
3.22222222222,-0.00102548813447,0.579488277435,2.40511059761,6.82742102072e-05,2.04762563953e-05,0,0,-6.3068808231e-05,0.0166674368083,8.18824768066,0,0,0,0,7.15190062222,151064.470045
3.23333333333,-0.00102548813447,0.579488277435,2.40511059761,6.82742102072e-05,2.04443058465e-05,0,0,-6.75163246342e-05,0.0166674368083,9.00506973267,0,0,0,0,7.8871855833,151064.470045
3.24444444444,-0.00102548813447,0.579488277435,2.40511059761,6.82742102072e-05,2.04443058465e-05,0,0,-7.17616057955e-05,0.0166674368083,9.86080169678,0,0,0,0,8.65912197293,151064.470045
3.25555555556,-0.00102548813447,0.579488277435,2.40511059761,6.82742102072e-05,2.52329773502e-05,0,0,-7.57452071412e-05,0.0166674368083,10.7558727264,0,0,0,0,9.46783509931,151064.470045
3.26666666667,-0.00102548813447,0.579488277435,2.40511059761,6.82742102072e-05,2.10794933082e-05,0,0,-7.9405370343e-05,0.0166674368083,11.6899967194,0,0,0,0,10.3134536326,151064.470326
3.27777777778,-0.00102548813447,0.579488277435,2.40511059761,6.82742102072e-05,2.04443058465e-05,0,0,-8.26779578347e-05,0.0166674368083,12.6630306244,0,0,0,0,11.1961081118,151064.470326
3.28888888889,-0.00102548813447,0.579488277435,2.40511059761,6.82742102072e-05,2.04762563953e-05,0,0,-8.54961908772e-05,0.0166674368083,13.6752605438,0,0,0,0,12.1159328055,151064.470606
3.3,-0.00102548813447,0.579488277435,2.40511059761,6.82742102072e-05,2.04443058465e-05,0,0,-8.77902566572e-05,0.0166674368083,14.7268295288,0,0,0,0,13.0730805757,151064.470606
3.31111111111,-0.00102548813447,0.579488277435,2.40511059761,6.82742102072e-05,1.9903311113e-05,0,0,-8.94876866369e-05,0.0166674368083,15.8163070679,0,0,0,0,14.0676975207,151064.470326
3.32222222222,-0.00102548813447,0.579488277435,2.40511059761,6.82742102072e-05,2.11441129068e-05,0,0,-9.05124252313e-05,0.0166674368083,16.9458389282,0,0,0,0,15.0999493216,151064.470326
3.33333333333,-0.00102548813447,0.579488277435,2.40511059761,6.82742102072e-05,2.04443058465e-05,0,0,-9.05124252313e-05,0.0166674368083,18.1144237518,0,0,0,0,16.1699813667,151064.470045
3.34444444444,-0.00102548813447,0.579488277435,2.40511059761,6.82742102072e-05,2.48516353167e-05,0,0,-9.05124252313e-05,0.0166674368083,19.3229198456,0,0,0,0,17.2909422896,151064.469764
3.35555555556,-0.00102548813447,0.579488277435,2.40511059761,6.82742102072e-05,2.03886229428e-05,0,0,-9.05124252313e-05,0.0166674368083,20.5716133118,0,0,0,0,18.4616073283,151064.469764
3.36666666667,-0.00102548813447,0.579488277435,2.40511059761,6.82742102072e-05,2.61620261881e-05,0,0,-9.05124252313e-05,0.0166674368083,21.8596458435,0,0,0,0,19.6704523673,151064.469764
3.37777777778,-0.00102548813447,0.579488277435,2.40511059761,6.82742102072e-05,1.98446778086e-05,0,0,-9.05124252313e-05,0.0166674368083,23.1878757477,0,0,0,0,20.9174579152,151064.468922
3.38888888889,-0.00102548813447,0.579488277435,2.40511059761,6.82742102072e-05,2.57005940512e-05,0,0,-9.05124252313e-05,0.0166674368083,24.5563030243,0,0,0,0,22.2025866146,151064.468922
3.4,-0.00102548813447,0.579488277435,2.40511059761,6.82742102072e-05,1.98446778086e-05,0,0,-9.05124252313e-05,0.0166674368083,25.9644985199,0,0,0,0,23.5257985536,151064.468642
3.41111111111,-0.00102548813447,0.579488277435,2.40511059761,6.82742102072e-05,1.98446778086e-05,0,0,-9.05124252313e-05,0.0166674368083,27.4128913879,0,0,0,0,24.8870649951,151064.468361
3.42222222222,-0.00102548813447,0.579488277435,2.40511059761,6.82742102072e-05,1.98446778086e-05,0,0,-9.05124252313e-05,0.0166674368083,28.9011955261,0,0,0,0,26.2863516237,151064.468361
3.43333333333,-0.00102548813447,0.579488277435,2.40511059761,6.82742102072e-05,2.29786528507e-05,0,0,-9.05124252313e-05,0.0166674368083,30.4298400879,0,0,0,0,27.7235959678,151064.468361
3.44444444444,-0.00102548813447,0.579488277435,2.40511059761,6.82742102072e-05,2.42437818088e-05,0,0,-9.05124252313e-05,0.0166674368083,31.9981098175,0,0,0,0,29.1987471558,151064.468361
3.45555555556,-0.00102548813447,0.579488277435,2.40511059761,6.82742102072e-05,1.98446778086e-05,0,0,-9.05124252313e-05,0.0166674368083,33.6061477661,0,0,0,0,30.7117851971,151064.46808
3.46666666667,-0.00102548813447,0.579488277435,2.40511059761,6.82742102072e-05,1.98446778086e-05,0,0,-9.05124252313e-05,0.0166674368083,35.2529525757,0,0,0,0,32.2626205751,151064.46808
3.47777777778,-0.00102548813447,0.579488277435,2.40511059761,6.82742102072e-05,1.98446778086e-05,0,0,-9.05124252313e-05,0.0166674368083,36.9398117065,0,0,0,0,33.8512140173,151064.4678
3.48888888889,-0.00102548813447,0.579488277435,2.40511059761,6.82742102072e-05,2.34778744925e-05,0,0,-9.05124252313e-05,0.0166674368083,38.6668682098,0,0,0,0,35.4775019964,151064.4678
3.5,-0.00102548813447,0.579488277435,2.40511059761,6.82742102072e-05,1.98446778086e-05,0,0,-9.05124252313e-05,0.0166674368083,40.4329776764,0,0,0,0,37.1414079553,151064.4678
3.51111111111,-0.00102548813447,0.579488277435,2.40511059761,6.82742102072e-05,2.31658959819e-05,0,0,-9.05124252313e-05,0.0166674368083,41.5198802948,0,0,0,0,20.1279022463,151064.4678
3.52222222222,-0.00102548813447,0.579488277435,2.40511059761,6.82742102072e-05,2.31658959819e-05,0,0,-9.05124252313e-05,0.0166674368083,41.5200233459,0,0,0,0,9.72153496706,151064.4678
3.53333333333,-0.00102548813447,0.579488277435,2.40511059761,6.82742102072e-05,2.31658959819e-05,0,0,-9.05124252313e-05,0.0166674368083,41.5200233459,0,0,0,0,9.69701323276,151064.4678
3.54444444444,-0.00102548813447,0.579488277435,2.40511059761,6.82742102072e-05,2.31658959819e-05,0,0,-9.05124252313e-05,0.0166674368083,41.5200233459,0,0,0,0,9.67252035353,151064.4678
3.55555555556,-0.00102548813447,0.579488277435,2.40511059761,6.82742102072e-05,2.31658959819e-05,0,0,-9.05124252313e-05,0.0166674368083,41.5200233459,0,0,0,0,9.64806050131,151064.4678
3.56666666667,-0.00102548813447,0.579488277435,2.40511059761,6.82742102072e-05,2.31658959819e-05,0,0,-9.05124252313e-05,0.0166674368083,41.5200233459,0,0,0,0,9.623628146,151064.4678
3.57777777778,-0.00102548813447,0.579488277435,2.40511059761,6.82742102072e-05,2.31658959819e-05,0,0,-9.05124252313e-05,0.0166674368083,41.5200233459,0,0,0,0,9.5992316487,151064.4678
3.58888888889,-0.00102548813447,0.579488277435,2.40511059761,6.82742102072e-05,2.31658959819e-05,0,0,-9.05124252313e-05,0.0166674368083,41.5200233459,0,0,0,0,9.57486597213,151064.4678
3.6,-0.00102548813447,0.579488277435,2.40511059761,6.82742102072e-05,2.31658959819e-05,0,0,-9.05124252313e-05,0.0166674368083,41.5200233459,0,0,0,0,9.55052786565,151064.4678
3.61111111111,-0.00102548813447,0.579488277435,2.40511059761,6.82742102072e-05,2.31658959819e-05,0,0,-9.05124252313e-05,0.0166674368083,41.5200233459,0,0,0,0,9.52622081793,151064.4678
3.62222222222,-0.00102548813447,0.579488277435,2.40511059761,6.82742102072e-05,2.31658959819e-05,0,0,-9.05124252313e-05,0.0166674368083,41.5200233459,0,0,0,0,9.50195092647,151064.4678
3.63333333333,-0.00102548813447,0.579488277435,2.40511059761,6.82742102072e-05,2.31658959819e-05,0,0,-9.05124252313e-05,0.0166674368083,41.5200233459,0,0,0,0,9.47770758967,151064.4678
3.64444444444,-0.00102548813447,0.579488277435,2.40511059761,6.82742102072e-05,2.31658959819e-05,0,0,-9.05124252313e-05,0.0166674368083,41.5200233459,0,0,0,0,9.45349361276,151064.4678
3.65555555556,-0.00102548813447,0.579488277435,2.40511059761,6.82742102072e-05,2.31658959819e-05,0,0,-9.05124252313e-05,0.0166674368083,41.5200233459,0,0,0,0,9.4293111564,151064.4678
3.66666666667,-0.00102548813447,0.579488277435,2.40511059761,6.82742102072e-05,2.31658959819e-05,0,0,-9.05124252313e-05,0.0166674368083,41.5200233459,0,0,0,0,9.40515990651,151064.4678
3.67777777778,-0.00102548813447,0.579488277435,2.40511059761,6.82742102072e-05,2.31658959819e-05,0,0,-9.05124252313e-05,0.0166674368083,41.5200233459,0,0,0,0,9.38103973114,151064.4678
3.68888888889,-0.00102548813447,0.579488277435,2.40511059761,6.82742102072e-05,2.32234870055e-05,0,0,-9.05124252313e-05,0.0166674368083,41.5200233459,0,0,0,0,9.35694896118,151064.4678
3.7,-0.00102548813447,0.579488277435,2.40511059761,6.82742102072e-05,2.31658959819e-05,0,0,-9.05124252313e-05,0.0166674368083,41.5200233459,0,0,0,0,9.33289215708,151064.4678
3.71111111111,-0.00102548813447,0.579488277435,2.40511059761,6.82742102072e-05,2.31658959819e-05,0,0,-9.05124252313e-05,0.0166674368083,41.5200233459,0,0,0,0,9.30886393416,151064.4678
3.72222222222,-0.00102548813447,0.579488277435,2.40511059761,6.82742102072e-05,2.31658959819e-05,0,0,-9.05124252313e-05,0.0166674368083,41.5200233459,0,0,0,0,9.28486611437,151064.4678
3.73333333333,-0.00102548813447,0.579488277435,2.40511059761,6.82742102072e-05,2.31658959819e-05,0,0,-9.05124252313e-05,0.0166674368083,41.5200233459,0,0,0,0,9.26090285644,151064.4678
3.74444444444,-0.00102548813447,0.579488277435,2.40511059761,6.82742102072e-05,2.31658959819e-05,0,0,-9.05124252313e-05,0.0166674368083,41.5200233459,0,0,0,0,9.23697097262,151064.4678
3.75555555556,-0.00102548813447,0.579488277435,2.40511059761,6.82742102072e-05,2.31658959819e-05,0,0,-9.05124252313e-05,0.0166674368083,41.5200233459,0,0,0,0,9.21306889262,151064.4678
3.76666666667,-0.00102548813447,0.579488277435,2.40511059761,6.82742102072e-05,2.33990558627e-05,0,0,-9.05124252313e-05,0.0166674368083,41.5200233459,0,0,0,0,9.18919727553,151064.4678
3.77777777778,-0.00102548813447,0.579488277435,2.40511059761,6.82742102072e-05,2.31658959819e-05,0,0,-9.05124252313e-05,0.0166674368083,41.5200233459,0,0,0,0,9.16535645043,151064.4678
3.78888888889,-0.00102548813447,0.579488277435,2.40511059761,6.82742102072e-05,2.31658959819e-05,0,0,-9.05124252313e-05,0.0166674368083,41.5200233459,0,0,0,0,9.14154788983,151064.4678
3.8,-0.00102548813447,0.579488277435,2.40511059761,6.82742102072e-05,2.31658959819e-05,0,0,-9.05124252313e-05,0.0166674368083,41.5200233459,0,0,0,0,9.11776831516,151064.4678
3.81111111111,-0.00102548813447,0.579488277435,2.40511059761,6.82742102072e-05,2.31658959819e-05,0,0,-9.05124252313e-05,0.0166674368083,41.5200233459,0,0,0,0,9.09401941185,151064.4678
3.82222222222,-0.00102548813447,0.579488277435,2.40511059761,6.82742102072e-05,2.32234870055e-05,0,0,-9.05124252313e-05,0.0166674368083,41.5200233459,0,0,0,0,9.07030150711,151064.4678
3.83333333333,-0.00102548813447,0.579488277435,2.40511059761,6.82742102072e-05,2.32234870055e-05,0,0,-9.05124252313e-05,0.0166674368083,41.5200233459,0,0,0,0,9.04661422967,151064.4678
3.84444444444,-0.00102548813447,0.579488277435,2.40511059761,6.82742102072e-05,2.31658959819e-05,0,0,-9.05124252313e-05,0.0166674368083,41.5200233459,0,0,0,0,9.02296206527,151064.4678
3.85555555556,-0.00102548813447,0.579488277435,2.40511059761,6.82742102072e-05,2.31658959819e-05,0,0,-9.05124252313e-05,0.0166674368083,41.5200233459,0,0,0,0,8.99933933381,151064.4678
3.86666666667,-0.00102548813447,0.579488277435,2.40511059761,6.82742102072e-05,2.31658959819e-05,0,0,-9.05124252313e-05,0.0166674368083,41.5200233459,0,0,0,0,8.97574719846,151064.4678
3.87777777778,-0.00102548813447,0.579488277435,2.40511059761,6.82742102072e-05,2.45188912231e-05,0,0,-9.05124252313e-05,0.0166674368083,41.5200233459,0,0,0,0,8.95218500628,151064.4678
3.88888888889,-0.00102548813447,0.579488277435,2.40511059761,6.82742102072e-05,2.31658959819e-05,0,0,-9.05124252313e-05,0.0166674368083,41.5200233459,0,0,0,0,8.92865609251,151064.4678
3.9,-0.00102548813447,0.579488277435,2.40511059761,6.82742102072e-05,2.31658959819e-05,0,0,-9.05124252313e-05,0.0166674368083,41.5200233459,0,0,0,0,8.90515993002,151064.4678
3.91111111111,-0.00102548813447,0.579488277435,2.40511059761,6.82742102072e-05,2.32234870055e-05,0,0,-9.05124252313e-05,0.0166674368083,41.5200233459,0,0,0,0,8.88169249115,151064.4678
3.92222222222,-0.00102548813447,0.579488277435,2.40511059761,6.82742102072e-05,2.31658959819e-05,0,0,-9.05124252313e-05,0.0166674368083,41.5200233459,0,0,0,0,8.85825477096,151064.4678
3.93333333333,-0.00102548813447,0.579488277435,2.40511059761,6.82742102072e-05,2.31658959819e-05,0,0,-9.05124252313e-05,0.0166674368083,41.5200233459,0,0,0,0,8.83484698075,151064.4678
3.94444444444,-0.00102548813447,0.579488277435,2.40511059761,6.82742102072e-05,2.31658959819e-05,0,0,-9.05124252313e-05,0.0166674368083,41.5200233459,0,0,0,0,8.81147125254,151064.4678
3.95555555556,-0.00102548813447,0.579488277435,2.40511059761,6.82742102072e-05,2.31658959819e-05,0,0,-9.05124252313e-05,0.0166674368083,41.5200233459,0,0,0,0,8.78812837694,151064.4678
3.96666666667,-0.00102548813447,0.579488277435,2.40511059761,6.82742102072e-05,2.31658959819e-05,0,0,-9.05124252313e-05,0.0166674368083,41.5200233459,0,0,0,0,8.76481506808,151064.4678
3.97777777778,-0.00102548813447,0.579488277435,2.40511059761,6.82742102072e-05,2.31658959819e-05,0,0,-9.05124252313e-05,0.0166674368083,41.5200233459,0,0,0,0,8.74153436236,151064.4678
3.98888888889,-0.00102548813447,0.579488277435,2.40511059761,6.82742102072e-05,2.31658959819e-05,0,0,-9.05124252313e-05,0.0166674368083,41.5200233459,0,0,0,0,8.71828719957,151064.4678
4,-0.00102548813447,0.579488277435,2.40511059761,6.82742102072e-05,2.31658959819e-05,0,0,-9.05124252313e-05,0.0166674368083,41.5200233459,0,0,0,0,8.69506720045,151064.4678
4.01111111111,-0.00102548813447,0.579488277435,2.40511059761,6.82742102072e-05,2.31658959819e-05,0,0,-9.05124252313e-05,0.0166674368083,41.5200233459,0,0,0,0,8.67187757485,151064.4678
4.02222222222,-0.00102548813447,0.579488277435,2.40511059761,6.82742102072e-05,2.32234870055e-05,0,0,-9.05124252313e-05,0.0166674368083,41.5200233459,0,0,0,0,8.64871908306,151064.4678
4.03333333333,-0.00102548813447,0.579488277435,2.40511059761,6.82742102072e-05,2.31658959819e-05,0,0,-9.05124252313e-05,0.0166674368083,41.5200233459,0,0,0,0,8.6255940436,151064.4678
4.04444444444,-0.00102548813447,0.579488277435,2.40511059761,6.82742102072e-05,2.31658959819e-05,0,0,-9.05124252313e-05,0.0166674368083,41.5200233459,0,0,0,0,8.60250033598,151064.4678
4.05555555556,-0.00102548813447,0.579488277435,2.40511059761,6.82742102072e-05,2.39180299104e-05,0,0,-9.05124252313e-05,0.0166674368083,41.5200233459,0,0,0,0,8.579437891,151064.4678
4.06666666667,-0.00102548813447,0.579488277435,2.40511059761,6.82742102072e-05,2.32234870055e-05,0,0,-9.05124252313e-05,0.0166674368083,41.5200233459,0,0,0,0,8.5564051445,151064.4678
4.07777777778,-0.00102548813447,0.579488277435,2.40511059761,6.82742102072e-05,2.31658959819e-05,0,0,-9.05124252313e-05,0.0166674368083,41.5200233459,0,0,0,0,8.53340220964,151064.4678
4.08888888889,-0.00102548813447,0.579488277435,2.40511059761,6.82742102072e-05,2.42015412368e-05,0,0,-9.05124252313e-05,0.0166674368083,41.5200233459,0,0,0,0,8.51043302722,151064.4678
4.1,-0.00102548813447,0.579488277435,2.40511059761,6.82742102072e-05,2.31658959819e-05,0,0,-9.05124252313e-05,0.0166674368083,41.5200233459,0,0,0,0,8.48749308052,151064.4678
4.11111111111,-0.00102548813447,0.579488277435,2.40511059761,6.82742102072e-05,2.31658959819e-05,0,0,-9.05124252313e-05,0.0166674368083,41.5200233459,0,0,0,0,8.46458271946,151064.4678
4.12222222222,-0.00102548813447,0.579488277435,2.40511059761,6.82742102072e-05,2.31658959819e-05,0,0,-9.05124252313e-05,0.0166674368083,41.5200233459,0,0,0,0,8.44170654463,151064.4678
4.13333333333,-0.00102548813447,0.579488277435,2.40511059761,6.82742102072e-05,2.31658959819e-05,0,0,-9.05124252313e-05,0.0166674368083,41.5200233459,0,0,0,0,8.41885797157,151064.4678
4.14444444444,-0.00102548813447,0.579488277435,2.40511059761,6.82742102072e-05,2.31658959819e-05,0,0,-9.05124252313e-05,0.0166674368083,41.5200233459,0,0,0,0,8.39604457755,151064.4678
4.15555555556,-0.00102548813447,0.579488277435,2.40511059761,6.82742102072e-05,2.31658959819e-05,0,0,-9.05124252313e-05,0.0166674368083,41.5200233459,0,0,0,0,8.37325913716,151064.4678
4.16666666667,-0.00102548813447,0.579488277435,2.40511059761,6.82742102072e-05,2.31658959819e-05,0,0,-9.05124252313e-05,0.0166674368083,41.5200233459,0,0,0,0,8.35050455135,151064.4678
4.17777777778,-0.00102548813447,0.579488277435,2.40511059761,6.82742102072e-05,2.31658959819e-05,0,0,-9.05124252313e-05,0.0166674368083,41.5200233459,0,0,0,0,8.32778318947,151064.4678
4.18888888889,-0.00102548813447,0.579488277435,2.40511059761,6.82742102072e-05,2.31658959819e-05,0,0,-9.05124252313e-05,0.0166674368083,41.5200233459,0,0,0,0,8.30509207576,151064.4678
4.2,-0.00102548813447,0.579488277435,2.40511059761,6.82742102072e-05,2.31658959819e-05,0,0,-9.05124252313e-05,0.0166674368083,41.5200233459,0,0,0,0,8.28242750061,151064.4678
4.21111111111,-0.00102548813447,0.579488277435,2.40511059761,6.82742102072e-05,2.31658959819e-05,0,0,-9.05124252313e-05,0.0166674368083,41.5200233459,0,0,0,0,8.25979722106,151064.4678
4.22222222222,-0.00102548813447,0.579488277435,2.40511059761,6.82742102072e-05,2.31658959819e-05,0,0,-9.05124252313e-05,0.0166674368083,41.5200233459,0,0,0,0,8.23719749127,151064.4678
4.23333333333,-0.00102548813447,0.579488277435,2.40511059761,6.82742102072e-05,2.31658959819e-05,0,0,-9.05124252313e-05,0.0166674368083,41.5200233459,0,0,0,0,8.21462751852,151064.4678
4.24444444444,-0.00102548813447,0.579488277435,2.40511059761,6.82742102072e-05,2.31658959819e-05,0,0,-9.05124252313e-05,0.0166674368083,41.5200233459,0,0,0,0,8.19208862447,151064.4678
4.25555555556,-0.00102548813447,0.579488277435,2.40511059761,6.82742102072e-05,2.32234870055e-05,0,0,-9.05124252313e-05,0.0166674368083,41.5200233459,0,0,0,0,8.1695815952,151064.4678
4.26666666667,-0.00102548813447,0.579488277435,2.40511059761,6.82742102072e-05,2.31658959819e-05,0,0,-9.05124252313e-05,0.0166674368083,41.5200233459,0,0,0,0,8.14710619792,151064.4678
4.27777777778,-0.00102548813447,0.579488277435,2.40511059761,6.82742102072e-05,2.31658959819e-05,0,0,-9.05124252313e-05,0.0166674368083,41.5200233459,0,0,0,0,8.12466145788,151064.4678
4.28888888889,-0.00102548813447,0.579488277435,2.40511059761,6.82742102072e-05,2.31658959819e-05,0,0,-9.05124252313e-05,0.0166674368083,41.5200233459,0,0,0,0,8.10224538794,151064.4678
4.3,-0.00102548813447,0.579488277435,2.40511059761,6.82742102072e-05,2.32234870055e-05,0,0,-9.05124252313e-05,0.0166674368083,41.5200233459,0,0,0,0,8.07986055771,151064.4678
4.31111111111,-0.00102548813447,0.579488277435,2.40511059761,6.82742102072e-05,2.31658959819e-05,0,0,-9.05124252313e-05,0.0166674368083,41.5200233459,0,0,0,0,8.0575063315,151064.4678
4.32222222222,-0.00102548813447,0.579488277435,2.40511059761,6.82742102072e-05,2.31658959819e-05,0,0,-9.05124252313e-05,0.0166674368083,41.5200233459,0,0,0,0,8.03518289612,151064.4678
4.33333333333,-0.00102548813447,0.579488277435,2.40511059761,6.82742102072e-05,2.31658959819e-05,0,0,-9.05124252313e-05,0.0166674368083,41.5200233459,0,0,0,0,8.01289275987,151064.4678
4.34444444444,-0.00102548813447,0.579488277435,2.40511059761,6.82742102072e-05,2.31658959819e-05,0,0,-9.05124252313e-05,0.0166674368083,41.5200233459,0,0,0,0,7.99063376715,151064.4678
4.35555555556,-0.00102548813447,0.579488277435,2.40511059761,6.82742102072e-05,2.31658959819e-05,0,0,-9.05124252313e-05,0.0166674368083,41.5200233459,0,0,0,0,7.96840572821,151064.4678
4.36666666667,-0.00102548813447,0.579488277435,2.40511059761,6.82742102072e-05,2.31658959819e-05,0,0,-9.05124252313e-05,0.0166674368083,41.5200233459,0,0,0,0,7.94620580309,151064.4678
4.37777777778,-0.00102548813447,0.579488277435,2.40511059761,6.82742102072e-05,2.31658959819e-05,0,0,-9.05124252313e-05,0.0166674368083,41.5200233459,0,0,0,0,7.92403862085,151064.4678
4.38888888889,-0.00102548813447,0.579488277435,2.40511059761,6.82742102072e-05,2.31658959819e-05,0,0,-9.05124252313e-05,0.0166674368083,41.5200233459,0,0,0,0,7.90190192526,151064.4678
4.4,-0.00102548813447,0.579488277435,2.40511059761,6.82742102072e-05,2.31658959819e-05,0,0,-9.05124252313e-05,0.0166674368083,41.5200233459,0,0,0,0,7.87979732892,151064.4678
4.41111111111,-0.00102548813447,0.579488277435,2.40511059761,6.82742102072e-05,2.31658959819e-05,0,0,-9.05124252313e-05,0.0166674368083,41.5200233459,0,0,0,0,7.8577214073,151064.4678
4.42222222222,-0.00102548813447,0.579488277435,2.40511059761,6.82742102072e-05,2.31658959819e-05,0,0,-9.05124252313e-05,0.0166674368083,41.5200233459,0,0,0,0,7.83567928533,151064.4678
4.43333333333,-0.00102548813447,0.579488277435,2.40511059761,6.82742102072e-05,2.31658959819e-05,0,0,-9.05124252313e-05,0.0166674368083,41.5200233459,0,0,0,0,7.81366621892,151064.4678
4.44444444444,-0.00102548813447,0.579488277435,2.40511059761,6.82742102072e-05,2.31658959819e-05,0,0,-9.05124252313e-05,0.0166674368083,41.5200233459,0,0,0,0,7.79168544143,151064.4678
4.45555555556,-0.00102548813447,0.579488277435,2.40511059761,6.82742102072e-05,2.32234870055e-05,0,0,-9.05124252313e-05,0.0166674368083,41.5200233459,0,0,0,0,7.76973560232,151064.4678
4.46666666667,-0.00102548813447,0.579488277435,2.40511059761,6.82742102072e-05,2.32234870055e-05,0,0,-9.05124252313e-05,0.0166674368083,41.5200233459,0,0,0,0,7.74781715721,151064.4678
4.47777777778,-0.00102548813447,0.579488277435,2.40511059761,6.82742102072e-05,2.31658959819e-05,0,0,-9.05124252313e-05,0.0166674368083,41.5200233459,0,0,0,0,7.72592673007,151064.4678
4.48888888889,-0.00102548813447,0.579488277435,2.40511059761,6.82742102072e-05,2.31658959819e-05,0,0,-9.05124252313e-05,0.0166674368083,41.5200233459,0,0,0,0,7.70406788921,151064.4678
4.5,-0.00102548813447,0.579488277435,2.40511059761,6.82742102072e-05,2.32821566897e-05,0,0,-9.05124252313e-05,0.0166674368083,41.5200233459,0,0,0,0,7.68223904298,151064.4678
4.51111111111,-0.00102548813447,0.579488277435,2.40511059761,6.82742102072e-05,2.31658959819e-05,0,0,-9.05124252313e-05,0.0166674368083,41.5200233459,0,0,0,0,7.66044303558,151064.4678
4.52222222222,-0.00102548813447,0.579488277435,2.40511059761,6.82742102072e-05,2.31658959819e-05,0,0,-9.05124252313e-05,0.0166674368083,41.5200233459,0,0,0,0,7.6386795996,151064.4678
4.53333333333,-0.00102548813447,0.579488277435,2.40511059761,6.82742102072e-05,2.31658959819e-05,0,0,-9.05124252313e-05,0.0166674368083,41.5200233459,0,0,0,0,7.6169474004,151064.4678
4.54444444444,-0.00102548813447,0.579488277435,2.40511059761,6.82742102072e-05,2.31658959819e-05,0,0,-9.05124252313e-05,0.0166674368083,41.5200233459,0,0,0,0,7.59524397391,151064.4678
4.55555555556,-0.00102548813447,0.579488277435,2.40511059761,6.82742102072e-05,2.32234870055e-05,0,0,-9.05124252313e-05,0.0166674368083,41.5200233459,0,0,0,0,7.57357500485,151064.4678
4.56666666667,-0.00102548813447,0.579488277435,2.40511059761,6.82742102072e-05,2.31658959819e-05,0,0,-9.05124252313e-05,0.0166674368083,41.5200233459,0,0,0,0,7.55193338862,151064.4678
4.57777777778,-0.00102548813447,0.579488277435,2.40511059761,6.82742102072e-05,2.32234870055e-05,0,0,-9.05124252313e-05,0.0166674368083,41.5200233459,0,0,0,0,7.53032430708,151064.4678
4.58888888889,-0.00102548813447,0.579488277435,2.40511059761,6.82742102072e-05,2.32234870055e-05,0,0,-9.05124252313e-05,0.0166674368083,41.5200233459,0,0,0,0,7.50874739451,151064.4678
4.6,-0.00102548813447,0.579488277435,2.40511059761,6.82742102072e-05,2.32234870055e-05,0,0,-9.05124252313e-05,0.0166674368083,41.5200233459,0,0,0,0,7.48719815421,151064.4678
4.61111111111,-0.00102548813447,0.579488277435,2.40511059761,6.82742102072e-05,2.31658959819e-05,0,0,-9.05124252313e-05,0.0166674368083,41.5200233459,0,0,0,0,7.4656817567,151064.4678
4.62222222222,-0.00102548813447,0.579488277435,2.40511059761,6.82742102072e-05,2.32234870055e-05,0,0,-9.05124252313e-05,0.0166674368083,41.5200233459,0,0,0,0,7.44419798392,151064.4678
4.63333333333,-0.00102548813447,0.579488277435,2.40511059761,6.82742102072e-05,2.32821566897e-05,0,0,-9.05124252313e-05,0.0166674368083,41.5200233459,0,0,0,0,7.42274328556,151064.4678
4.64444444444,-0.00102548813447,0.579488277435,2.40511059761,6.82742102072e-05,2.33990558627e-05,0,0,-9.05124252313e-05,0.0166674368083,41.5200233459,0,0,0,0,7.40132054136,151064.4678
4.65555555556,-0.00102548813447,0.579488277435,2.40511059761,6.82742102072e-05,2.31658959819e-05,0,0,-9.05124252313e-05,0.0166674368083,41.5200233459,0,0,0,0,7.37992656557,151064.4678
4.66666666667,-0.00102548813447,0.579488277435,2.40511059761,6.82742102072e-05,2.32234870055e-05,0,0,-9.05124252313e-05,0.0166674368083,41.5200233459,0,0,0,0,7.35856310322,151064.4678
4.67777777778,-0.00102548813447,0.579488277435,2.40511059761,6.82742102072e-05,2.31658959819e-05,0,0,-9.05124252313e-05,0.0166674368083,41.5200233459,0,0,0,0,7.3372305023,151064.4678
4.68888888889,-0.00102548813447,0.579488277435,2.40511059761,6.82742102072e-05,2.31658959819e-05,0,0,-9.05124252313e-05,0.0166674368083,41.5200233459,0,0,0,0,7.31592827748,151064.4678
4.7,-0.00102548813447,0.579488277435,2.40511059761,6.82742102072e-05,2.31658959819e-05,0,0,-9.05124252313e-05,0.0166674368083,41.5200233459,0,0,0,0,7.2946586789,151064.4678
4.71111111111,-0.00102548813447,0.579488277435,2.40511059761,6.82742102072e-05,2.31658959819e-05,0,0,-9.05124252313e-05,0.0166674368083,41.5200233459,0,0,0,0,7.27341821336,151064.4678
4.72222222222,-0.00102548813447,0.579488277435,2.40511059761,6.82742102072e-05,2.31658959819e-05,0,0,-9.05124252313e-05,0.0166674368083,41.5200233459,0,0,0,0,7.25220946457,151064.4678
4.73333333333,-0.00102548813447,0.579488277435,2.40511059761,6.82742102072e-05,2.31658959819e-05,0,0,-9.05124252313e-05,0.0166674368083,41.5200233459,0,0,0,0,7.23103393498,151064.4678
4.74444444444,-0.00102548813447,0.579488277435,2.40511059761,6.82742102072e-05,2.31658959819e-05,0,0,-9.05124252313e-05,0.0166674368083,41.5200233459,0,0,0,0,7.2098867525,151064.4678
4.75555555556,-0.00102548813447,0.579488277435,2.40511059761,6.82742102072e-05,2.31658959819e-05,0,0,-9.05124252313e-05,0.0166674368083,41.5200233459,0,0,0,0,7.18877153746,151064.4678
4.76666666667,-0.00102548813447,0.579488277435,2.40511059761,6.82742102072e-05,2.31658959819e-05,0,0,-9.05124252313e-05,0.0166674368083,41.5200233459,0,0,0,0,7.16768720037,151064.4678
4.77777777778,-0.00102548813447,0.579488277435,2.40511059761,6.82742102072e-05,2.31658959819e-05,0,0,-9.05124252313e-05,0.0166674368083,41.5200233459,0,0,0,0,7.14663305025,151064.4678
4.78888888889,-0.00102548813447,0.579488277435,2.40511059761,6.82742102072e-05,2.31658959819e-05,0,0,-9.05124252313e-05,0.0166674368083,41.5200233459,0,0,0,0,7.12561010834,151064.4678
4.8,-0.00102548813447,0.579488277435,2.40511059761,6.82742102072e-05,2.31658959819e-05,0,0,-9.05124252313e-05,0.0166674368083,41.5200233459,0,0,0,0,7.10461912592,151064.4678
4.81111111111,-0.00102548813447,0.579488277435,2.40511059761,6.82742102072e-05,2.31658959819e-05,0,0,-9.05124252313e-05,0.0166674368083,41.5200233459,0,0,0,0,7.08366038791,151064.4678
4.82222222222,-0.00102548813447,0.579488277435,2.40511059761,6.82742102072e-05,2.31658959819e-05,0,0,-9.05124252313e-05,0.0166674368083,41.5200233459,0,0,0,0,7.06273317058,151064.4678
4.83333333333,-0.00102548813447,0.579488277435,2.40511059761,6.82742102072e-05,2.31658959819e-05,0,0,-9.05124252313e-05,0.0166674368083,41.5200233459,0,0,0,0,7.04183594843,151064.4678
4.84444444444,-0.00102548813447,0.579488277435,2.40511059761,6.82742102072e-05,2.31658959819e-05,0,0,-9.05124252313e-05,0.0166674368083,41.5200233459,0,0,0,0,7.02097219713,151064.4678
4.85555555556,-0.00102548813447,0.579488277435,2.40511059761,6.82742102072e-05,2.32234870055e-05,0,0,-9.05124252313e-05,0.0166674368083,41.5200233459,0,0,0,0,7.00013712891,151064.4678
4.86666666667,-0.00102548813447,0.579488277435,2.40511059761,6.82742102072e-05,2.31658959819e-05,0,0,-9.05124252313e-05,0.0166674368083,41.5200233459,0,0,0,0,6.97933313077,151064.4678
4.87777777778,-0.00102548813447,0.579488277435,2.40511059761,6.82742102072e-05,2.31658959819e-05,0,0,-9.05124252313e-05,0.0166674368083,41.5200233459,0,0,0,0,6.95856071507,151064.4678
4.88888888889,-0.00102548813447,0.579488277435,2.40511059761,6.82742102072e-05,2.31658959819e-05,0,0,-9.05124252313e-05,0.0166674368083,41.5200233459,0,0,0,0,6.93781847776,151064.4678
4.9,-0.00102548813447,0.579488277435,2.40511059761,6.82742102072e-05,2.31658959819e-05,0,0,-9.05124252313e-05,0.0166674368083,41.5200233459,0,0,0,0,6.91710542993,151064.4678
4.91111111111,-0.00102548813447,0.579488277435,2.40511059761,6.82742102072e-05,2.31658959819e-05,0,0,-9.05124252313e-05,0.0166674368083,41.5200233459,0,0,0,0,6.89642472117,151064.4678
4.92222222222,-0.00102548813447,0.579488277435,2.40511059761,6.82742102072e-05,2.31658959819e-05,0,0,-9.05124252313e-05,0.0166674368083,41.5200233459,0,0,0,0,6.87577544236,151064.4678
4.93333333333,-0.00102548813447,0.579488277435,2.40511059761,6.82742102072e-05,2.31658959819e-05,0,0,-9.05124252313e-05,0.0166674368083,41.5200233459,0,0,0,0,6.85515541988,151064.4678
4.94444444444,-0.00102548813447,0.579488277435,2.40511059761,6.82742102072e-05,2.31658959819e-05,0,0,-9.05124252313e-05,0.0166674368083,41.5200233459,0,0,0,0,6.83456770704,151064.4678
4.95555555556,-0.00102548813447,0.579488277435,2.40511059761,6.82742102072e-05,2.31658959819e-05,0,0,-9.05124252313e-05,0.0166674368083,41.5200233459,0,0,0,0,6.81401267954,151064.4678
4.96666666667,-0.00102548813447,0.579488277435,2.40511059761,6.82742102072e-05,2.31658959819e-05,0,0,-9.05124252313e-05,0.0166674368083,41.5200233459,0,0,0,0,6.79348700875,151064.4678
4.97777777778,-0.00102548813447,0.579488277435,2.40511059761,6.82742102072e-05,2.31658959819e-05,0,0,-9.05124252313e-05,0.0166674368083,41.5200233459,0,0,0,0,6.77299221977,151064.4678
4.98888888889,-0.00102548813447,0.579488277435,2.40511059761,6.82742102072e-05,2.31658959819e-05,0,0,-9.05124252313e-05,0.0166674368083,41.5200233459,0,0,0,0,6.75253027217,151064.4678
5,-0.00102548813447,0.579488277435,2.40511059761,6.82742102072e-05,2.31658959819e-05,0,0,-9.05124252313e-05,0.0166674368083,41.5200233459,0,0,0,0,6.73209723994,151064.4678
5.01111111111,-0.00102548813447,0.579488277435,2.40511059761,6.82742102072e-05,2.31658959819e-05,0,0,-9.05124252313e-05,0.0166674368083,41.5200233459,0,0,0,0,6.71169474081,151064.4678
5.02222222222,-0.00102548813447,0.579488277435,2.40511059761,6.82742102072e-05,2.31658959819e-05,0,0,-9.05124252313e-05,0.0166674368083,41.5200233459,0,0,0,0,6.69132318889,151064.4678
5.03333333333,-0.00102548813447,0.579488277435,2.40511059761,6.82742102072e-05,2.31658959819e-05,0,0,-9.05124252313e-05,0.0166674368083,41.5200233459,0,0,0,0,6.67098386717,151064.4678
5.04444444444,-0.00102548813447,0.579488277435,2.40511059761,6.82742102072e-05,2.31658959819e-05,0,0,-9.05124252313e-05,0.0166674368083,41.5200233459,0,0,0,0,6.6506762404,151064.4678
5.05555555556,-0.00102548813447,0.579488277435,2.40511059761,6.82742102072e-05,2.31658959819e-05,0,0,-9.05124252313e-05,0.0166674368083,41.5200233459,0,0,0,0,6.63039791677,151064.4678
5.06666666667,-0.00102548813447,0.579488277435,2.40511059761,6.82742102072e-05,2.31658959819e-05,0,0,-9.05124252313e-05,0.0166674368083,41.5200233459,0,0,0,0,6.6101516025,151064.4678
5.07777777778,-0.00102548813447,0.579488277435,2.40511059761,6.82742102072e-05,2.31658959819e-05,0,0,-9.05124252313e-05,0.0166674368083,41.5200233459,0,0,0,0,6.58993594996,151064.4678
5.08888888889,-0.00102548813447,0.579488277435,2.40511059761,6.82742102072e-05,2.31658959819e-05,0,0,-9.05124252313e-05,0.0166674368083,41.5200233459,0,0,0,0,6.56975159845,151064.4678
5.1,-0.00102548813447,0.579488277435,2.40511059761,6.82742102072e-05,2.31658959819e-05,0,0,-9.05124252313e-05,0.0166674368083,41.5200233459,0,0,0,0,6.54959869932,151064.4678
5.11111111111,-0.00102548813447,0.579488277435,2.40511059761,6.82742102072e-05,2.31658959819e-05,0,0,-9.05124252313e-05,0.0166674368083,41.5200233459,0,0,0,0,6.52947538262,151064.4678
5.12222222222,-0.00102548813447,0.579488277435,2.40511059761,6.82742102072e-05,2.31658959819e-05,0,0,-9.05124252313e-05,0.0166674368083,41.5200233459,0,0,0,0,6.50938372183,151064.4678
5.13333333333,-0.00102548813447,0.579488277435,2.40511059761,6.82742102072e-05,2.31658959819e-05,0,0,-9.05124252313e-05,0.0166674368083,41.5200233459,0,0,0,0,6.48932129082,151064.4678
5.14444444444,-0.00102548813447,0.579488277435,2.40511059761,6.82742102072e-05,2.32234870055e-05,0,0,-9.05124252313e-05,0.0166674368083,41.5200233459,0,0,0,0,6.46929179939,151064.4678
5.15555555556,-0.00102548813447,0.579488277435,2.40511059761,6.82742102072e-05,2.31658959819e-05,0,0,-9.05124252313e-05,0.0166674368083,41.5200233459,0,0,0,0,6.44929388855,151064.4678
5.16666666667,-0.00102548813447,0.579488277435,2.40511059761,6.82742102072e-05,2.31658959819e-05,0,0,-9.05124252313e-05,0.0166674368083,41.5200233459,0,0,0,0,6.4293250592,151064.4678
5.17777777778,-0.00102548813447,0.579488277435,2.40511059761,6.82742102072e-05,2.31658959819e-05,0,0,-9.05124252313e-05,0.0166674368083,41.5200233459,0,0,0,0,6.40938836136,151064.4678
5.18888888889,-0.00102548813447,0.579488277435,2.40511059761,6.82742102072e-05,2.31658959819e-05,0,0,-9.05124252313e-05,0.0166674368083,41.5200233459,0,0,0,0,6.38948207315,151064.4678
5.2,-0.00102548813447,0.579488277435,2.40511059761,6.82742102072e-05,2.31658959819e-05,0,0,-9.05124252313e-05,0.0166674368083,41.5200233459,0,0,0,0,6.36960744224,151064.4678
5.21111111111,-0.00102548813447,0.579488277435,2.40511059761,6.82742102072e-05,2.31658959819e-05,0,0,-9.05124252313e-05,0.0166674368083,41.5200233459,0,0,0,0,6.34976412294,151064.4678
5.22222222222,-0.00102548813447,0.579488277435,2.40511059761,6.82742102072e-05,2.31658959819e-05,0,0,-9.05124252313e-05,0.0166674368083,41.5200233459,0,0,0,0,6.32994972884,151064.4678
5.23333333333,-0.00102548813447,0.579488277435,2.40511059761,6.82742102072e-05,2.31658959819e-05,0,0,-9.05124252313e-05,0.0166674368083,41.5200233459,0,0,0,0,6.31016625318,151064.4678
5.24444444444,-0.00102548813447,0.579488277435,2.40511059761,6.82742102072e-05,2.31658959819e-05,0,0,-9.05124252313e-05,0.0166674368083,41.5200233459,0,0,0,0,6.29041413251,151064.4678
5.25555555556,-0.00102548813447,0.579488277435,2.40511059761,6.82742102072e-05,2.31658959819e-05,0,0,-9.05124252313e-05,0.0166674368083,41.5200233459,0,0,0,0,6.27069498797,151064.4678
5.26666666667,-0.00102548813447,0.579488277435,2.40511059761,6.82742102072e-05,2.31658959819e-05,0,0,-9.05124252313e-05,0.0166674368083,41.5200233459,0,0,0,0,6.25100696188,151064.4678
5.27777777778,-0.00102548813447,0.579488277435,2.40511059761,6.82742102072e-05,2.31658959819e-05,0,0,-9.05124252313e-05,0.0166674368083,41.5200233459,0,0,0,0,6.23134848565,151064.4678
5.28888888889,-0.00102548813447,0.579488277435,2.40511059761,6.82742102072e-05,2.31658959819e-05,0,0,-9.05124252313e-05,0.0166674368083,41.5200233459,0,0,0,0,6.21172279258,151064.4678
5.3,-0.00102548813447,0.579488277435,2.40511059761,6.82742102072e-05,2.31658959819e-05,0,0,-9.05124252313e-05,0.0166674368083,41.5200233459,0,0,0,0,6.19212698853,151064.4678
5.31111111111,-0.00102548813447,0.579488277435,2.40511059761,6.82742102072e-05,2.31658959819e-05,0,0,-9.05124252313e-05,0.0166674368083,41.5200233459,0,0,0,0,6.17256074263,151064.4678
5.32222222222,-0.00102548813447,0.579488277435,2.40511059761,6.82742102072e-05,2.31658959819e-05,0,0,-9.05124252313e-05,0.0166674368083,41.5200233459,0,0,0,0,6.15302761357,151064.4678
5.33333333333,-0.00102548813447,0.579488277435,2.40511059761,6.82742102072e-05,2.31658959819e-05,0,0,-9.05124252313e-05,0.0166674368083,41.5200233459,0,0,0,0,6.13352406603,151064.4678
5.34444444444,-0.00102548813447,0.579488277435,2.40511059761,6.82742102072e-05,2.31658959819e-05,0,0,-9.05124252313e-05,0.0166674368083,41.5200233459,0,0,0,0,6.11405201838,151064.4678
5.35555555556,-0.00102548813447,0.579488277435,2.40511059761,6.82742102072e-05,2.31658959819e-05,0,0,-9.05124252313e-05,0.0166674368083,41.5200233459,0,0,0,0,6.0946088445,151064.4678
5.36666666667,-0.00102548813447,0.579488277435,2.40511059761,6.82742102072e-05,2.31658959819e-05,0,0,-9.05124252313e-05,0.0166674368083,41.5200233459,0,0,0,0,6.07519836101,151064.4678
5.37777777778,-0.00102548813447,0.579488277435,2.40511059761,6.82742102072e-05,2.31658959819e-05,0,0,-9.05124252313e-05,0.0166674368083,41.5200233459,0,0,0,0,6.05581778149,151064.4678
5.38888888889,-0.00102548813447,0.579488277435,2.40511059761,6.82742102072e-05,2.31658959819e-05,0,0,-9.05124252313e-05,0.0166674368083,41.5200233459,0,0,0,0,6.03646946864,151064.4678
5.4,-0.00102548813447,0.579488277435,2.40511059761,6.82742102072e-05,2.31658959819e-05,0,0,-9.05124252313e-05,0.0166674368083,41.5200233459,0,0,0,0,6.01715273617,151064.4678
5.41111111111,-0.00102548813447,0.579488277435,2.40511059761,6.82742102072e-05,2.31658959819e-05,0,0,-9.05124252313e-05,0.0166674368083,41.5200233459,0,0,0,0,5.99786591972,151064.4678
5.42222222222,-0.00102548813447,0.579488277435,2.40511059761,6.82742102072e-05,2.31658959819e-05,0,0,-9.05124252313e-05,0.0166674368083,41.5200233459,0,0,0,0,5.97861034446,151064.4678
5.43333333333,-0.00102548813447,0.579488277435,2.40511059761,6.82742102072e-05,2.31658959819e-05,0,0,-9.05124252313e-05,0.0166674368083,41.5200233459,0,0,0,0,5.95938449763,151064.4678
5.44444444444,-0.00102548813447,0.579488277435,2.40511059761,6.82742102072e-05,2.31658959819e-05,0,0,-9.05124252313e-05,0.0166674368083,41.5200233459,0,0,0,0,5.94019060484,151064.4678
5.45555555556,-0.00102548813447,0.579488277435,2.40511059761,6.82742102072e-05,2.31658959819e-05,0,0,-9.05124252313e-05,0.0166674368083,41.5200233459,0,0,0,0,5.92102682477,151064.4678
5.46666666667,-0.00102548813447,0.579488277435,2.40511059761,6.82742102072e-05,2.31658959819e-05,0,0,-9.05124252313e-05,0.0166674368083,41.5200233459,0,0,0,0,5.90189553362,151064.4678
5.47777777778,-0.00102548813447,0.579488277435,2.40511059761,6.82742102072e-05,2.31658959819e-05,0,0,-9.05124252313e-05,0.0166674368083,41.5200233459,0,0,0,0,5.88279302669,151064.4678
5.48888888889,-0.00102548813447,0.579488277435,2.40511059761,6.82742102072e-05,2.31658959819e-05,0,0,-9.05124252313e-05,0.0166674368083,41.5200233459,0,0,0,0,5.86372029757,151064.4678
5.5,-0.00102548813447,0.579488277435,2.40511059761,6.82742102072e-05,2.31658959819e-05,0,0,-9.05124252313e-05,0.0166674368083,41.5200233459,0,0,0,0,5.8446810789,151064.4678
5.51111111111,-0.00102548813447,0.579488277435,2.40511059761,6.82742102072e-05,2.31658959819e-05,0,0,-9.05124252313e-05,0.0166674368083,41.5200233459,0,0,0,0,5.82567228495,151064.4678
5.52222222222,-0.00102548813447,0.579488277435,2.40511059761,6.82742102072e-05,2.31658959819e-05,0,0,-9.05124252313e-05,0.0166674368083,41.5200233459,0,0,0,0,5.80669613745,151064.4678
5.53333333333,-0.00102548813447,0.579488277435,2.40511059761,6.82742102072e-05,2.31658959819e-05,0,0,-9.05124252313e-05,0.0166674368083,41.5200233459,0,0,0,0,5.7877488804,151064.4678
5.54444444444,-0.00102548813447,0.579488277435,2.40511059761,6.82742102072e-05,2.31658959819e-05,0,0,-9.05124252313e-05,0.0166674368083,41.5200233459,0,0,0,0,5.76883347911,151064.4678
5.55555555556,-0.00102548813447,0.579488277435,2.40511059761,6.82742102072e-05,2.31658959819e-05,0,0,-9.05124252313e-05,0.0166674368083,41.5200233459,0,0,0,0,5.74994819513,151064.4678
5.56666666667,-0.00102548813447,0.579488277435,2.40511059761,6.82742102072e-05,2.31658959819e-05,0,0,-9.05124252313e-05,0.0166674368083,41.5200233459,0,0,0,0,5.73109535785,151064.4678
5.57777777778,-0.00102548813447,0.579488277435,2.40511059761,6.82742102072e-05,2.31658959819e-05,0,0,-9.05124252313e-05,0.0166674368083,41.5200233459,0,0,0,0,5.71227390778,151064.4678
5.58888888889,-0.00102548813447,0.579488277435,2.40511059761,6.82742102072e-05,2.31658959819e-05,0,0,-9.05124252313e-05,0.0166674368083,41.5200233459,0,0,0,0,5.69348283713,151064.4678
5.6,-0.00102548813447,0.579488277435,2.40511059761,6.82742102072e-05,2.31658959819e-05,0,0,-9.05124252313e-05,0.0166674368083,41.5200233459,0,0,0,0,5.67472332499,151064.4678
5.61111111111,-0.00102548813447,0.579488277435,2.40511059761,6.82742102072e-05,2.31658959819e-05,0,0,-9.05124252313e-05,0.0166674368083,41.5200233459,0,0,0,0,5.65599422259,151064.4678
5.62222222222,-0.00102548813447,0.579488277435,2.40511059761,6.82742102072e-05,2.31658959819e-05,0,0,-9.05124252313e-05,0.0166674368083,41.5200233459,0,0,0,0,5.63729664769,151064.4678
5.63333333333,-0.00102548813447,0.579488277435,2.40511059761,6.82742102072e-05,2.31658959819e-05,0,0,-9.05124252313e-05,0.0166674368083,41.5200233459,0,0,0,0,5.61863055021,151064.4678
5.64444444444,-0.00102548813447,0.579488277435,2.40511059761,6.82742102072e-05,2.32234870055e-05,0,0,-9.05124252313e-05,0.0166674368083,41.5200233459,0,0,0,0,5.59999483141,151064.4678
5.65555555556,-0.00102548813447,0.579488277435,2.40511059761,6.82742102072e-05,2.31658959819e-05,0,0,-9.05124252313e-05,0.0166674368083,41.5200233459,0,0,0,0,5.58139031493,151064.4678
5.66666666667,-0.00102548813447,0.579488277435,2.40511059761,6.82742102072e-05,2.31658959819e-05,0,0,-9.05124252313e-05,0.0166674368083,41.5200233459,0,0,0,0,5.5628157822,151064.4678
5.67777777778,-0.00102548813447,0.579488277435,2.40511059761,6.82742102072e-05,2.31658959819e-05,0,0,-9.05124252313e-05,0.0166674368083,41.5200233459,0,0,0,0,5.54427317335,151064.4678
5.68888888889,-0.00102548813447,0.579488277435,2.40511059761,6.82742102072e-05,2.31658959819e-05,0,0,-9.05124252313e-05,0.0166674368083,41.5200233459,0,0,0,0,5.52575982605,151064.4678
5.7,-0.00102548813447,0.579488277435,2.40511059761,6.82742102072e-05,2.31658959819e-05,0,0,-9.05124252313e-05,0.0166674368083,41.5200233459,0,0,0,0,5.50727845268,151064.4678
5.71111111111,-0.00102548813447,0.579488277435,2.40511059761,6.82742102072e-05,2.31658959819e-05,0,0,-9.05124252313e-05,0.0166674368083,41.5200233459,0,0,0,0,5.48882794675,151064.4678
5.72222222222,-0.00102548813447,0.579488277435,2.40511059761,6.82742102072e-05,2.31658959819e-05,0,0,-9.05124252313e-05,0.0166674368083,41.5200233459,0,0,0,0,5.47040776123,151064.4678
5.73333333333,-0.00102548813447,0.579488277435,2.40511059761,6.82742102072e-05,2.31658959819e-05,0,0,-9.05124252313e-05,0.0166674368083,41.5200233459,0,0,0,0,5.45201793984,151064.4678
5.74444444444,-0.00102548813447,0.579488277435,2.40511059761,6.82742102072e-05,2.31658959819e-05,0,0,-9.05124252313e-05,0.0166674368083,41.5200233459,0,0,0,0,5.43365950491,151064.4678
5.75555555556,-0.00102548813447,0.579488277435,2.40511059761,6.82742102072e-05,2.31658959819e-05,0,0,-9.05124252313e-05,0.0166674368083,41.5200233459,0,0,0,0,5.41533224785,151064.4678
5.76666666667,-0.00102548813447,0.579488277435,2.40511059761,6.82742102072e-05,2.31658959819e-05,0,0,-9.05124252313e-05,0.0166674368083,41.5200233459,0,0,0,0,5.39703606422,151064.4678
5.77777777778,-0.00102548813447,0.579488277435,2.40511059761,6.82742102072e-05,2.31658959819e-05,0,0,-9.05124252313e-05,0.0166674368083,41.5200233459,0,0,0,0,5.37876832334,151064.4678
5.78888888889,-0.00102548813447,0.579488277435,2.40511059761,6.82742102072e-05,2.31658959819e-05,0,0,-9.05124252313e-05,0.0166674368083,41.5200233459,0,0,0,0,5.36053319043,151064.4678
5.8,-0.00102548813447,0.579488277435,2.40511059761,6.82742102072e-05,2.31658959819e-05,0,0,-9.05124252313e-05,0.0166674368083,41.5200233459,0,0,0,0,5.34232874433,151064.4678
5.81111111111,-0.00102548813447,0.579488277435,2.40511059761,6.82742102072e-05,2.31658959819e-05,0,0,-9.05124252313e-05,0.0166674368083,41.5200233459,0,0,0,0,5.32415567716,151064.4678
5.82222222222,-0.00102548813447,0.579488277435,2.40511059761,6.82742102072e-05,2.31658959819e-05,0,0,-9.05124252313e-05,0.0166674368083,41.5200233459,0,0,0,0,5.30601405626,151064.4678
5.83333333333,-0.00102548813447,0.579488277435,2.40511059761,6.82742102072e-05,2.31658959819e-05,0,0,-9.05124252313e-05,0.0166674368083,41.5200233459,0,0,0,0,5.28790432857,151064.4678
5.84444444444,-0.00102548813447,0.579488277435,2.40511059761,6.82742102072e-05,2.31658959819e-05,0,0,-9.05124252313e-05,0.0166674368083,41.5200233459,0,0,0,0,5.26982642801,151064.4678
5.85555555556,-0.00102548813447,0.579488277435,2.40511059761,6.82742102072e-05,2.31658959819e-05,0,0,-9.05124252313e-05,0.0166674368083,41.5200233459,0,0,0,0,5.25177635855,151064.4678
5.86666666667,-0.00102548813447,0.579488277435,2.40511059761,6.82742102072e-05,2.31658959819e-05,0,0,-9.05124252313e-05,0.0166674368083,41.5200233459,0,0,0,0,5.23375708614,151064.4678
5.87777777778,-0.00102548813447,0.579488277435,2.40511059761,6.82742102072e-05,2.31658959819e-05,0,0,-9.05124252313e-05,0.0166674368083,41.5200233459,0,0,0,0,5.21577068207,151064.4678
5.88888888889,-0.00102548813447,0.579488277435,2.40511059761,6.82742102072e-05,2.31658959819e-05,0,0,-9.05124252313e-05,0.0166674368083,41.5200233459,0,0,0,0,5.19781433087,151064.4678
5.9,-0.00102548813447,0.579488277435,2.40511059761,6.82742102072e-05,2.31658959819e-05,0,0,-9.05124252313e-05,0.0166674368083,41.5200233459,0,0,0,0,5.17988845054,151064.4678
5.91111111111,-0.00102548813447,0.579488277435,2.40511059761,6.82742102072e-05,2.31658959819e-05,0,0,-9.05124252313e-05,0.0166674368083,41.5200233459,0,0,0,0,5.16199377739,151064.4678
5.92222222222,-0.00102548813447,0.579488277435,2.40511059761,6.82742102072e-05,2.31658959819e-05,0,0,-9.05124252313e-05,0.0166674368083,41.5200233459,0,0,0,0,5.14412986524,151064.4678
5.93333333333,-0.00102548813447,0.579488277435,2.40511059761,6.82742102072e-05,2.31658959819e-05,0,0,-9.05124252313e-05,0.0166674368083,41.5200233459,0,0,0,0,5.12629551192,151064.4678
5.94444444444,-0.00102548813447,0.579488277435,2.40511059761,6.82742102072e-05,2.31658959819e-05,0,0,-9.05124252313e-05,0.0166674368083,41.5200233459,0,0,0,0,5.10849417883,151064.4678
5.95555555556,-0.00102548813447,0.579488277435,2.40511059761,6.82742102072e-05,2.31658959819e-05,0,0,-9.05124252313e-05,0.0166674368083,41.5200233459,0,0,0,0,5.09072379245,151064.4678
5.96666666667,-0.00102548813447,0.579488277435,2.40511059761,6.82742102072e-05,2.31658959819e-05,0,0,-9.05124252313e-05,0.0166674368083,41.5200233459,0,0,0,0,5.07298466469,151064.4678
5.97777777778,-0.00102548813447,0.579488277435,2.40511059761,6.82742102072e-05,2.31658959819e-05,0,0,-9.05124252313e-05,0.0166674368083,41.5200233459,0,0,0,0,5.05527694017,151064.4678
5.98888888889,-0.00102548813447,0.579488277435,2.40511059761,6.82742102072e-05,2.31658959819e-05,0,0,-9.05124252313e-05,0.0166674368083,41.5200233459,0,0,0,0,5.03759815654,151064.4678
6,-0.00102548813447,0.579488277435,2.40511059761,6.82742102072e-05,2.31658959819e-05,0,0,-9.05124252313e-05,0.0166674368083,41.5200233459,0,0,0,0,5.0199506248,151064.4678
6.01111111111,-0.00102548813447,0.579488277435,2.40511059761,6.82742102072e-05,2.31658959819e-05,0,0,-9.05124252313e-05,0.0166674368083,41.5200233459,0,0,0,0,5.00233497196,151064.4678
6.02222222222,-0.00102548813447,0.579488277435,2.40511059761,6.82742102072e-05,2.31658959819e-05,0,0,-9.05124252313e-05,0.0166674368083,41.5200233459,0,0,0,0,4.98475038554,151064.4678
6.03333333333,-0.00102548813447,0.579488277435,2.40511059761,6.82742102072e-05,2.31658959819e-05,0,0,-9.05124252313e-05,0.0166674368083,41.5200233459,0,0,0,0,4.9671974087,151064.4678
6.04444444444,-0.00102548813447,0.579488277435,2.40511059761,6.82742102072e-05,2.31658959819e-05,0,0,-9.05124252313e-05,0.0166674368083,41.5200233459,0,0,0,0,4.94967593783,151064.4678
6.05555555556,-0.00102548813447,0.579488277435,2.40511059761,6.82742102072e-05,2.31658959819e-05,0,0,-9.05124252313e-05,0.0166674368083,41.5200233459,0,0,0,0,4.93218586892,151064.4678
6.06666666667,-0.00102548813447,0.579488277435,2.40511059761,6.82742102072e-05,2.31658959819e-05,0,0,-9.05124252313e-05,0.0166674368083,41.5200233459,0,0,0,0,4.91472770805,151064.4678
6.07777777778,-0.00102548813447,0.579488277435,2.40511059761,6.82742102072e-05,2.31658959819e-05,0,0,-9.05124252313e-05,0.0166674368083,41.5200233459,0,0,0,0,4.89729962993,151064.4678
6.08888888889,-0.00102548813447,0.579488277435,2.40511059761,6.82742102072e-05,2.31658959819e-05,0,0,-9.05124252313e-05,0.0166674368083,41.5200233459,0,0,0,0,4.87990207208,151064.4678
6.1,-0.00102548813447,0.579488277435,2.40511059761,6.82742102072e-05,2.31658959819e-05,0,0,-9.05124252313e-05,0.0166674368083,41.5200233459,0,0,0,0,4.86253652882,151064.4678
6.11111111111,-0.00102548813447,0.579488277435,2.40511059761,6.82742102072e-05,2.31658959819e-05,0,0,-9.05124252313e-05,0.0166674368083,41.5200233459,0,0,0,0,4.84520071669,151064.4678
6.12222222222,-0.00102548813447,0.579488277435,2.40511059761,6.82742102072e-05,2.31658959819e-05,0,0,-9.05124252313e-05,0.0166674368083,41.5200233459,0,0,0,0,4.82789463555,151064.4678
6.13333333333,-0.00102548813447,0.579488277435,2.40511059761,6.82742102072e-05,2.31658959819e-05,0,0,-9.05124252313e-05,0.0166674368083,41.5200233459,0,0,0,0,4.81062117892,151064.4678
6.14444444444,-0.00102548813447,0.579488277435,2.40511059761,6.82742102072e-05,2.31658959819e-05,0,0,-9.05124252313e-05,0.0166674368083,41.5200233459,0,0,0,0,4.79337812536,151064.4678
6.15555555556,-0.00102548813447,0.579488277435,2.40511059761,6.82742102072e-05,2.31658959819e-05,0,0,-9.05124252313e-05,0.0166674368083,41.5200233459,0,0,0,0,4.77616679926,151064.4678
6.16666666667,-0.00102548813447,0.579488277435,2.40511059761,6.82742102072e-05,2.31658959819e-05,0,0,-9.05124252313e-05,0.0166674368083,41.5200233459,0,0,0,0,4.75898624383,151064.4678
6.17777777778,-0.00102548813447,0.579488277435,2.40511059761,6.82742102072e-05,2.31658959819e-05,0,0,-9.05124252313e-05,0.0166674368083,41.5200233459,0,0,0,0,4.74183537353,151064.4678
6.18888888889,-0.00102548813447,0.579488277435,2.40511059761,6.82742102072e-05,2.31658959819e-05,0,0,-9.05124252313e-05,0.0166674368083,41.5200233459,0,0,0,0,4.72471721684,151064.4678
6.2,-0.00102548813447,0.579488277435,2.40511059761,6.82742102072e-05,2.31658959819e-05,0,0,-9.05124252313e-05,0.0166674368083,41.5200233459,0,0,0,0,4.70762968815,151064.4678
6.21111111111,-0.00102548813447,0.579488277435,2.40511059761,6.82742102072e-05,2.31658959819e-05,0,0,-9.05124252313e-05,0.0166674368083,41.5200233459,0,0,0,0,4.69057258959,151064.4678
6.22222222222,-0.00102548813447,0.579488277435,2.40511059761,6.82742102072e-05,2.31658959819e-05,0,0,-9.05124252313e-05,0.0166674368083,41.5200233459,0,0,0,0,4.67354637868,151064.4678
6.23333333333,-0.00102548813447,0.579488277435,2.40511059761,6.82742102072e-05,2.31658959819e-05,0,0,-9.05124252313e-05,0.0166674368083,41.5200233459,0,0,0,0,4.65655142041,151064.4678
6.24444444444,-0.00102548813447,0.579488277435,2.40511059761,6.82742102072e-05,2.31658959819e-05,0,0,-9.05124252313e-05,0.0166674368083,41.5200233459,0,0,0,0,4.63958769957,151064.4678
6.25555555556,-0.00102548813447,0.579488277435,2.40511059761,6.82742102072e-05,2.31658959819e-05,0,0,-9.05124252313e-05,0.0166674368083,41.5200233459,0,0,0,0,4.6226550741,151064.4678
6.26666666667,-0.00102548813447,0.579488277435,2.40511059761,6.82742102072e-05,2.31658959819e-05,0,0,-9.05124252313e-05,0.0166674368083,41.5200233459,0,0,0,0,4.60575318072,151064.4678
6.27777777778,-0.00102548813447,0.579488277435,2.40511059761,6.82742102072e-05,2.31658959819e-05,0,0,-9.05124252313e-05,0.0166674368083,41.5200233459,0,0,0,0,4.58888154609,151064.4678
6.28888888889,-0.00102548813447,0.579488277435,2.40511059761,6.82742102072e-05,2.31658959819e-05,0,0,-9.05124252313e-05,0.0166674368083,41.5200233459,0,0,0,0,4.57204150134,151064.4678
6.3,-0.00102548813447,0.579488277435,2.40511059761,6.82742102072e-05,2.31658959819e-05,0,0,-9.05124252313e-05,0.0166674368083,41.5200233459,0,0,0,0,4.55523269358,151064.4678
6.31111111111,-0.00102548813447,0.579488277435,2.40511059761,6.82742102072e-05,2.31658959819e-05,0,0,-9.05124252313e-05,0.0166674368083,41.5200233459,0,0,0,0,4.53845518236,151064.4678
6.32222222222,-0.00102548813447,0.579488277435,2.40511059761,6.82742102072e-05,2.31658959819e-05,0,0,-9.05124252313e-05,0.0166674368083,41.5200233459,0,0,0,0,4.52170848518,151064.4678
6.33333333333,-0.00102548813447,0.579488277435,2.40511059761,6.82742102072e-05,2.31658959819e-05,0,0,-9.05124252313e-05,0.0166674368083,41.5200233459,0,0,0,0,4.50499263629,151064.4678
6.34444444444,-0.00102548813447,0.579488277435,2.40511059761,6.82742102072e-05,2.31658959819e-05,0,0,-9.05124252313e-05,0.0166674368083,41.5200233459,0,0,0,0,4.48830625811,151064.4678
6.35555555556,-0.00102548813447,0.579488277435,2.40511059761,6.82742102072e-05,2.31658959819e-05,0,0,-9.05124252313e-05,0.0166674368083,41.5200233459,0,0,0,0,4.47165221218,151064.4678
6.36666666667,-0.00102548813447,0.579488277435,2.40511059761,6.82742102072e-05,2.31658959819e-05,0,0,-9.05124252313e-05,0.0166674368083,41.5200233459,0,0,0,0,4.45502834818,151064.4678
6.37777777778,-0.00102548813447,0.579488277435,2.40511059761,6.82742102072e-05,2.31658959819e-05,0,0,-9.05124252313e-05,0.0166674368083,41.5200233459,0,0,0,0,4.43843583429,151064.4678
6.38888888889,-0.00102548813447,0.579488277435,2.40511059761,6.82742102072e-05,2.31658959819e-05,0,0,-9.05124252313e-05,0.0166674368083,41.5200233459,0,0,0,0,4.42187312539,151064.4678
6.4,-0.00102548813447,0.579488277435,2.40511059761,6.82742102072e-05,2.31658959819e-05,0,0,-9.05124252313e-05,0.0166674368083,41.5200233459,0,0,0,0,4.4053423946,151064.4678
6.41111111111,-0.00102548813447,0.579488277435,2.40511059761,6.82742102072e-05,2.31658959819e-05,0,0,-9.05124252313e-05,0.0166674368083,41.5200233459,0,0,0,0,4.38884321387,151064.467683
6.42222222222,-0.00102548813447,0.579488277435,2.40511059761,6.82742102072e-05,2.31658959819e-05,0,0,-9.05124252313e-05,0.0166674368083,41.5200233459,0,0,0,0,4.37237489592,151064.467683
6.43333333333,-0.00102548813447,0.579488277435,2.40511059761,6.82742102072e-05,2.31658959819e-05,0,0,-9.05124252313e-05,0.0166674368083,41.5200233459,0,0,0,0,4.35593812275,151064.467683
6.44444444444,-0.00102548813447,0.579488277435,2.40511059761,6.82742102072e-05,2.31658959819e-05,0,0,-9.05124252313e-05,0.0166674368083,41.5200233459,0,0,0,0,4.3395308653,151064.467683
6.45555555556,-0.00102548813447,0.579488277435,2.40511059761,6.82742102072e-05,2.31658959819e-05,0,0,-9.05124252313e-05,0.0166674368083,41.5200233459,0,0,0,0,4.32315462632,151064.467683
6.46666666667,-0.00102548813447,0.579488277435,2.40511059761,6.82742102072e-05,2.31658959819e-05,0,0,-9.05124252313e-05,0.0166674368083,41.5200233459,0,0,0,0,4.30680833831,151064.467683
6.47777777778,-0.00102548813447,0.579488277435,2.40511059761,6.82742102072e-05,2.31658959819e-05,0,0,-9.05124252313e-05,0.0166674368083,41.5200233459,0,0,0,0,4.29049306863,151064.467683
6.48888888889,-0.00102548813447,0.579488277435,2.40511059761,6.82742102072e-05,2.31658959819e-05,0,0,-9.05124252313e-05,0.0166674368083,41.5200233459,0,0,0,0,4.27420903242,151064.467683
6.5,-0.00102548813447,0.579488277435,2.40511059761,6.82742102072e-05,2.31658959819e-05,0,0,-9.05124252313e-05,0.0166674368083,41.5200233459,0,0,0,0,4.25795711596,151064.467683
6.51111111111,-0.00102548813447,0.579488277435,2.40511059761,6.82742102072e-05,2.31658959819e-05,0,0,-9.05124252313e-05,0.0166674368083,41.5200233459,0,0,0,0,4.24173432167,151064.467683
6.52222222222,-0.00102548813447,0.579488277435,2.40511059761,6.82742102072e-05,2.31658959819e-05,0,0,-9.05124252313e-05,0.0166674368083,41.5200233459,0,0,0,0,4.22554317392,151064.467683
6.53333333333,-0.00102548813447,0.579488277435,2.40511059761,6.82742102072e-05,2.31658959819e-05,0,0,-9.05124252313e-05,0.0166674368083,41.5200233459,0,0,0,0,4.20938315453,151064.467683
6.54444444444,-0.00102548813447,0.579488277435,2.40511059761,6.82742102072e-05,2.31658959819e-05,0,0,-9.05124252313e-05,0.0166674368083,41.5200233459,0,0,0,0,4.19325509293,151064.467683
6.55555555556,-0.00102548813447,0.579488277435,2.40511059761,6.82742102072e-05,2.31658959819e-05,0,0,-9.05124252313e-05,0.0166674368083,41.5200233459,0,0,0,0,4.17715689045,151064.467683
6.56666666667,-0.00102548813447,0.579488277435,2.40511059761,6.82742102072e-05,2.31658959819e-05,0,0,-9.05124252313e-05,0.0166674368083,41.5200233459,0,0,0,0,4.1610893619,151064.467683
6.57777777778,-0.00102548813447,0.579488277435,2.40511059761,6.82742102072e-05,2.31658959819e-05,0,0,-9.05124252313e-05,0.0166674368083,41.5200233459,0,0,0,0,4.14505350335,151064.467683
6.58888888889,-0.00102548813447,0.579488277435,2.40511059761,6.82742102072e-05,2.31658959819e-05,0,0,-9.05124252313e-05,0.0166674368083,41.5200233459,0,0,0,0,4.12904839012,151064.467683
6.6,-0.00102548813447,0.579488277435,2.40511059761,6.82742102072e-05,2.31658959819e-05,0,0,-9.05124252313e-05,0.0166674368083,41.5200233459,0,0,0,0,4.11307394874,151064.467683
6.61111111111,-0.00102548813447,0.579488277435,2.40511059761,6.82742102072e-05,2.31658959819e-05,0,0,-9.05124252313e-05,0.0166674368083,41.5200233459,0,0,0,0,4.09713140341,151064.468806
6.62222222222,-0.00102548813447,0.579488277435,2.40511059761,6.82742102072e-05,2.31658959819e-05,0,0,-9.05124252313e-05,0.0166674368083,41.5200233459,0,0,0,0,4.08121841087,151064.468806
6.63333333333,-0.00102548813447,0.579488277435,2.40511059761,6.82742102072e-05,2.31658959819e-05,0,0,-9.05124252313e-05,0.0166674368083,41.5200233459,0,0,0,0,4.06533746862,151064.468806
6.64444444444,-0.00102548813447,0.579488277435,2.40511059761,6.82742102072e-05,2.31658959819e-05,0,0,-9.05124252313e-05,0.0166674368083,41.5200233459,0,0,0,0,4.04948625759,151064.468806
6.65555555556,-0.00102548813447,0.579488277435,2.40511059761,6.82742102072e-05,2.31658959819e-05,0,0,-9.05124252313e-05,0.0166674368083,41.5200233459,0,0,0,0,4.03366769407,151064.468806
6.66666666667,-0.00102548813447,0.579488277435,2.40511059761,6.82742102072e-05,2.31658959819e-05,0,0,-9.05124252313e-05,0.0166674368083,41.5200233459,0,0,0,0,4.01787922718,151064.468806
6.67777777778,-0.00102548813447,0.579488277435,2.40511059761,6.82742102072e-05,2.31658959819e-05,0,0,-9.05124252313e-05,0.0166674368083,41.5200233459,0,0,0,0,4.0021222818,151064.468806
6.68888888889,-0.00102548813447,0.579488277435,2.40511059761,6.82742102072e-05,2.31658959819e-05,0,0,-9.05124252313e-05,0.0166674368083,41.5200233459,0,0,0,0,3.98639507766,151064.468806
6.7,-0.00102548813447,0.579488277435,2.40511059761,6.82742102072e-05,2.31658959819e-05,0,0,-9.05124252313e-05,0.0166674368083,41.5200233459,0,0,0,0,3.97069950979,151064.468806
6.71111111111,-0.00102548813447,0.579488277435,2.40511059761,6.82742102072e-05,2.31658959819e-05,0,0,-9.05124252313e-05,0.0166674368083,41.5200233459,0,0,0,0,3.95503433054,151064.468806
6.72222222222,-0.00102548813447,0.579488277435,2.40511059761,6.82742102072e-05,2.31658959819e-05,0,0,-9.05124252313e-05,0.0166674368083,41.5200233459,0,0,0,0,3.93940080195,151064.468806
6.73333333333,-0.00102548813447,0.579488277435,2.40511059761,6.82742102072e-05,2.31658959819e-05,0,0,-9.05124252313e-05,0.0166674368083,41.5200233459,0,0,0,0,3.92379928664,151064.468806
6.74444444444,-0.00102548813447,0.579488277435,2.40511059761,6.82742102072e-05,2.31658959819e-05,0,0,-9.05124252313e-05,0.0166674368083,41.5200233459,0,0,0,0,3.90822844184,151064.468806
6.75555555556,-0.00102548813447,0.579488277435,2.40511059761,6.82742102072e-05,2.31658959819e-05,0,0,-9.05124252313e-05,0.0166674368083,41.5200233459,0,0,0,0,3.89268971391,151064.468806
6.76666666667,-0.00102548813447,0.579488277435,2.40511059761,6.82742102072e-05,2.31658959819e-05,0,0,-9.05124252313e-05,0.0166674368083,41.5200233459,0,0,0,0,3.87718124013,151064.468806
6.77777777778,-0.00102548813447,0.579488277435,2.40511059761,6.82742102072e-05,2.31658959819e-05,0,0,-9.05124252313e-05,0.0166674368083,41.5200233459,0,0,0,0,3.86170357525,151064.468806
6.78888888889,-0.00102548813447,0.579488277435,2.40511059761,6.82742102072e-05,2.31658959819e-05,0,0,-9.05124252313e-05,0.0166674368083,41.5200233459,0,0,0,0,3.84625717462,151064.468806
6.8,-0.00102548813447,0.579488277435,2.40511059761,6.82742102072e-05,2.31658959819e-05,0,0,-9.05124252313e-05,0.0166674368083,41.5200233459,0,0,0,0,3.83084137299,151064.468806
6.81111111111,-0.00102548813447,0.579488277435,2.40511059761,6.82742102072e-05,2.31658959819e-05,0,0,-9.05124252313e-05,0.0166674368083,41.5200233459,0,0,0,0,3.81545616322,151064.468806
6.82222222222,-0.00102548813447,0.579488277435,2.40511059761,6.82742102072e-05,2.31658959819e-05,0,0,-9.05124252313e-05,0.0166674368083,41.5200233459,0,0,0,0,3.80010262543,151064.468806
6.83333333333,-0.00102548813447,0.579488277435,2.40511059761,6.82742102072e-05,2.31658959819e-05,0,0,-9.05124252313e-05,0.0166674368083,41.5200233459,0,0,0,0,3.78478050184,151064.468806
6.84444444444,-0.00102548813447,0.579488277435,2.40511059761,6.82742102072e-05,2.31658959819e-05,0,0,-9.05124252313e-05,0.0166674368083,41.5200233459,0,0,0,0,3.76948858837,151064.468806
6.85555555556,-0.00102548813447,0.579488277435,2.40511059761,6.82742102072e-05,2.31658959819e-05,0,0,-9.05124252313e-05,0.0166674368083,41.5200233459,0,0,0,0,3.75422641801,151064.468806
6.86666666667,-0.00102548813447,0.579488277435,2.40511059761,6.82742102072e-05,2.31658959819e-05,0,0,-9.05124252313e-05,0.0166674368083,41.5200233459,0,0,0,0,3.73899628628,151064.468806
6.87777777778,-0.00102548813447,0.579488277435,2.40511059761,6.82742102072e-05,2.31658959819e-05,0,0,-9.05124252313e-05,0.0166674368083,41.5200233459,0,0,0,0,3.72379761548,151064.468806
6.88888888889,-0.00102548813447,0.579488277435,2.40511059761,6.82742102072e-05,2.31658959819e-05,0,0,-9.05124252313e-05,0.0166674368083,41.5200233459,0,0,0,0,3.70862984602,151064.468806
6.9,-0.00102548813447,0.579488277435,2.40511059761,6.82742102072e-05,2.35938041442e-05,0,0,-9.05124252313e-05,0.0166674368083,41.5200233459,0,0,0,0,3.69349280803,151064.468806
6.91111111111,-0.00102548813447,0.579488277435,2.40511059761,6.82742102072e-05,2.32051224884e-05,0,0,-9.05124252313e-05,0.0166674368083,41.5200233459,0,0,0,0,3.67838711854,151064.468806
6.92222222222,-0.00102548813447,0.579488277435,2.40511059761,6.82742102072e-05,2.33808295889e-05,0,0,-9.05124252313e-05,0.0166674368083,41.5200233459,0,0,0,0,3.66331198826,151064.468806
6.93333333333,-0.00102548813447,0.579488277435,2.40511059761,6.82742102072e-05,2.31658959819e-05,0,0,-9.05124252313e-05,0.0166674368083,41.5200233459,0,0,0,0,3.64826815629,151064.468806
6.94444444444,-0.00102548813447,0.579488277435,2.40511059761,6.82742102072e-05,2.31658959819e-05,0,0,-9.05124252313e-05,0.0166674368083,41.5200233459,0,0,0,0,3.63325486013,151064.468806
6.95555555556,-0.00102548813447,0.579488277435,2.40511059761,6.82742102072e-05,2.32051224884e-05,0,0,-9.05124252313e-05,0.0166674368083,41.5200233459,0,0,0,0,3.6182719549,151064.468806
6.96666666667,-0.00102548813447,0.579488277435,2.40511059761,6.82742102072e-05,2.31658959819e-05,0,0,-9.05124252313e-05,0.0166674368083,41.5200233459,0,0,0,0,3.60332121673,151064.468806
6.97777777778,-0.00102548813447,0.579488277435,2.40511059761,6.82742102072e-05,2.35974184761e-05,0,0,-9.05124252313e-05,0.0166674368083,41.5200233459,0,0,0,0,3.58840084321,151064.468806
6.98888888889,-0.00102548813447,0.579488277435,2.40511059761,6.82742102072e-05,2.35974184761e-05,0,0,-9.05124252313e-05,0.0166674368083,41.5200233459,0,0,0,0,3.57351138178,151064.468806
7,-0.00102548813447,0.579488277435,2.40511059761,6.82742102072e-05,2.31658959819e-05,0,0,-9.05124252313e-05,0.0166674368083,41.5200233459,0,0,0,0,3.55865302063,151064.468806
7.01111111111,-0.00102548813447,0.579488277435,2.40511059761,6.82742102072e-05,2.31658959819e-05,0,0,-9.05124252313e-05,0.0166674368083,41.5200233459,0,0,0,0,3.54382568226,151064.468806
7.02222222222,-0.00102548813447,0.579488277435,2.40511059761,6.82742102072e-05,2.38466254814e-05,0,0,-9.05124252313e-05,0.0166674368083,41.5200233459,0,0,0,0,3.52902963957,151064.468689
7.03333333333,-0.00102548813447,0.579488277435,2.40511059761,6.82742102072e-05,2.31658959819e-05,0,0,-9.05124252313e-05,0.0166674368083,41.5200233459,0,0,0,0,3.51426328738,151064.468689
7.04444444444,-0.00102548813447,0.579488277435,2.40511059761,6.82742102072e-05,2.31658959819e-05,0,0,-9.05124252313e-05,0.0166674368083,41.5200233459,0,0,0,0,3.49952921271,151064.468572
7.05555555556,-0.00102548813447,0.579488277435,2.40511059761,6.82742102072e-05,2.31658959819e-05,0,0,-9.05124252313e-05,0.0166674368083,41.5200233459,0,0,0,0,3.48482528018,151064.468572
7.06666666667,-0.00102548813447,0.579488277435,2.40511059761,6.82742102072e-05,2.31658959819e-05,0,0,-9.05124252313e-05,0.0166674368083,41.5200233459,0,0,0,0,3.47015228716,151064.468572
7.07777777778,-0.00102548813447,0.579488277435,2.40511059761,6.82742102072e-05,2.31658959819e-05,0,0,-9.05124252313e-05,0.0166674368083,41.5200233459,0,0,0,0,3.45551082887,151064.468572
7.08888888889,-0.00102548813447,0.579488277435,2.40511059761,6.82742102072e-05,2.31658959819e-05,0,0,-9.05124252313e-05,0.0166674368083,41.5200233459,0,0,0,0,3.44090000815,151064.468455
7.1,-0.00102548813447,0.579488277435,2.40511059761,6.82742102072e-05,2.31658959819e-05,0,0,-9.05124252313e-05,0.0166674368083,41.5200233459,0,0,0,0,3.42631984462,151064.468455
7.11111111111,-0.00102548813447,0.579488277435,2.40511059761,6.82742102072e-05,2.35974184761e-05,0,0,-9.05124252313e-05,0.0166674368083,41.5200233459,0,0,0,0,3.41177046243,151064.468455
7.12222222222,-0.00102548813447,0.579488277435,2.40511059761,6.82742102072e-05,2.31658959819e-05,0,0,-9.05124252313e-05,0.0166674368083,41.5200233459,0,0,0,0,3.39725348946,151064.468455
7.13333333333,-0.00102548813447,0.579488277435,2.40511059761,6.82742102072e-05,2.31658959819e-05,0,0,-9.05124252313e-05,0.0166674368083,41.5200233459,0,0,0,0,3.38276655536,151064.468455
7.14444444444,-0.00102548813447,0.579488277435,2.40511059761,6.82742102072e-05,2.35974184761e-05,0,0,-9.05124252313e-05,0.0166674368083,41.5200233459,0,0,0,0,3.36831006278,151064.468338
7.15555555556,-0.00102548813447,0.579488277435,2.40511059761,6.82742102072e-05,2.35974184761e-05,0,0,-9.05124252313e-05,0.0166674368083,41.5200233459,0,0,0,0,3.35388476365,151064.468338
7.16666666667,-0.00102548813447,0.579488277435,2.40511059761,6.82742102072e-05,2.35974184761e-05,0,0,-9.05124252313e-05,0.0166674368083,41.5200233459,0,0,0,0,3.33949079715,151064.468338
7.17777777778,-0.00102548813447,0.579488277435,2.40511059761,6.82742102072e-05,2.38430493482e-05,0,0,-9.05124252313e-05,0.0166674368083,41.5200233459,0,0,0,0,3.32512860223,151064.468338
7.18888888889,-0.00102548813447,0.579488277435,2.40511059761,6.82742102072e-05,2.35974184761e-05,0,0,-9.05124252313e-05,0.0166674368083,41.5200233459,0,0,0,0,3.31079599639,151064.468221
7.2,-0.00102548813447,0.579488277435,2.40511059761,6.82742102072e-05,2.35938041442e-05,0,0,-9.05124252313e-05,0.0166674368083,41.5200233459,0,0,0,0,3.2964947291,151064.468221
7.21111111111,-0.00102548813447,0.579488277435,2.40511059761,6.82742102072e-05,3.08878625219e-05,0,0,-9.05124252313e-05,0.0166674368083,41.5200233459,0,0,0,0,3.28222462942,151064.468221
7.22222222222,-0.00102548813447,0.579488277435,2.40511059761,6.82742102072e-05,2.38430493482e-05,0,0,-9.05124252313e-05,0.0166674368083,41.5200233459,0,0,0,0,3.2679853147,151064.468221
7.23333333333,-0.00102548813447,0.579488277435,2.40511059761,6.82742102072e-05,2.33808295889e-05,0,0,-9.05124252313e-05,0.0166674368083,41.5200233459,0,0,0,0,3.25377701951,151064.468221
7.24444444444,-0.00102548813447,0.579488277435,2.40511059761,6.82742102072e-05,2.33844748436e-05,0,0,-9.05124252313e-05,0.0166674368083,41.5200233459,0,0,0,0,3.23959965084,151064.468221
7.25555555556,-0.00102548813447,0.579488277435,2.40511059761,6.82742102072e-05,2.38847351284e-05,0,0,-9.05124252313e-05,0.0166674368083,41.5200233459,0,0,0,0,3.22545250696,151064.468221
7.26666666667,-0.00102548813447,0.579488277435,2.40511059761,6.82742102072e-05,2.31658959819e-05,0,0,-9.05124252313e-05,0.0166674368083,41.5200233459,0,0,0,0,3.21133764608,151064.468221
7.27777777778,-0.00102548813447,0.579488277435,2.40511059761,6.82742102072e-05,2.31658959819e-05,0,0,-9.05124252313e-05,0.0166674368083,41.5200233459,0,0,0,0,3.19725365506,151064.468221
7.28888888889,-0.00102548813447,0.579488277435,2.40511059761,6.82742102072e-05,2.31658959819e-05,0,0,-9.05124252313e-05,0.0166674368083,41.5200233459,0,0,0,0,3.18320036392,151064.468221
7.3,-0.00102548813447,0.579488277435,2.40511059761,6.82742102072e-05,3.07559967041e-05,0,0,-9.05124252313e-05,0.0166674368083,41.5200233459,0,0,0,0,3.16917719642,151064.468221
7.31111111111,-0.00102548813447,0.579488277435,2.40511059761,6.82742102072e-05,2.35938041442e-05,0,0,-9.05124252313e-05,0.0166674368083,41.5200233459,0,0,0,0,3.15518577073,151064.468221
7.32222222222,-0.00102548813447,0.579488277435,2.40511059761,6.82742102072e-05,2.33808295889e-05,0,0,-9.05124252313e-05,0.0166674368083,41.5200233459,0,0,0,0,3.14122551414,151064.468221
7.33333333333,-0.00102548813447,0.579488277435,2.40511059761,6.82742102072e-05,2.31658959819e-05,0,0,-9.05124252313e-05,0.0166674368083,41.5200233459,0,0,0,0,3.12729594313,151064.468221
7.34444444444,-0.00102548813447,0.579488277435,2.40511059761,6.82742102072e-05,2.32234870055e-05,0,0,-9.05124252313e-05,0.0166674368083,41.5200233459,0,0,0,0,3.11339725651,151064.468221
7.35555555556,-0.00102548813447,0.579488277435,2.40511059761,6.82742102072e-05,2.33844748436e-05,0,0,-9.05124252313e-05,0.0166674368083,41.5200233459,0,0,0,0,3.09952991102,151064.468221
7.36666666667,-0.00102548813447,0.579488277435,2.40511059761,6.82742102072e-05,2.3208796847e-05,0,0,-9.05124252313e-05,0.0166674368083,41.5200233459,0,0,0,0,3.08569390396,151064.468221
7.37777777778,-0.00102548813447,0.579488277435,2.40511059761,6.82742102072e-05,2.3208796847e-05,0,0,-9.05124252313e-05,0.0166674368083,41.5200233459,0,0,0,0,3.07188892174,151064.468221
7.38888888889,-0.00102548813447,0.579488277435,2.40511059761,6.82742102072e-05,2.31658959819e-05,0,0,-9.05124252313e-05,0.0166674368083,41.5200233459,0,0,0,0,3.05811474802,151064.468221
7.4,-0.00102548813447,0.579488277435,2.40511059761,6.82742102072e-05,2.33844748436e-05,0,0,-9.05124252313e-05,0.0166674368083,41.5200233459,0,0,0,0,3.04437095136,151064.468221
7.41111111111,-0.00102548813447,0.579488277435,2.40511059761,6.82742102072e-05,2.31658959819e-05,0,0,-9.05124252313e-05,0.0166674368083,41.5200233459,0,0,0,0,3.03065816811,151064.468221
7.42222222222,-0.00102548813447,0.579488277435,2.40511059761,6.82742102072e-05,2.3611866709e-05,0,0,-9.05124252313e-05,0.0166674368083,41.5200233459,0,0,0,0,3.01697653345,151064.468221
7.43333333333,-0.00102548813447,0.579488277435,2.40511059761,6.82742102072e-05,2.36226969719e-05,0,0,-9.05124252313e-05,0.0166674368083,41.5200233459,0,0,0,0,3.00332634904,151064.468221
7.44444444444,-0.00102548813447,0.579488277435,2.40511059761,6.82742102072e-05,2.38716420426e-05,0,0,-9.05124252313e-05,0.0166674368083,41.5200233459,0,0,0,0,2.98970758811,151064.468221
7.45555555556,-0.00102548813447,0.579488277435,2.40511059761,6.82742102072e-05,2.31658959819e-05,0,0,-9.05124252313e-05,0.0166674368083,41.5200233459,0,0,0,0,2.97611819685,151064.468221
7.46666666667,-0.00102548813447,0.579488277435,2.40511059761,6.82742102072e-05,2.31658959819e-05,0,0,-9.05124252313e-05,0.0166674368083,41.5200233459,0,0,0,0,2.96256031135,151064.468221
7.47777777778,-0.00102548813447,0.579488277435,2.40511059761,6.82742102072e-05,2.31658959819e-05,0,0,-9.05124252313e-05,0.0166674368083,41.5200233459,0,0,0,0,2.94903351438,151064.468221
7.48888888889,-0.00102548813447,0.579488277435,2.40511059761,6.82742102072e-05,2.31658959819e-05,0,0,-9.05124252313e-05,0.0166674368083,41.5200233459,0,0,0,0,2.9355369155,151064.468221
7.5,-0.00102548813447,0.579488277435,2.40511059761,6.82742102072e-05,2.31658959819e-05,0,0,-9.05124252313e-05,0.0166674368083,41.5200233459,0,0,0,0,2.92207142312,151064.468221
7.51111111111,-0.00102548813447,0.579488277435,2.40511059761,6.82742102072e-05,2.31658959819e-05,0,0,-9.05124252313e-05,0.0166674368083,41.5200233459,0,0,0,0,2.9086370564,151064.468221
7.52222222222,-0.00102548813447,0.579488277435,2.40511059761,6.82742102072e-05,2.31658959819e-05,0,0,-9.05124252313e-05,0.0166674368083,41.5200233459,0,0,0,0,2.89523349942,151064.468221
7.53333333333,-0.00102548813447,0.579488277435,2.40511059761,6.82742102072e-05,2.31658959819e-05,0,0,-9.05124252313e-05,0.0166674368083,41.5200233459,0,0,0,0,2.88186153986,151064.468221
7.54444444444,-0.00102548813447,0.579488277435,2.40511059761,6.82742102072e-05,2.31658959819e-05,0,0,-9.05124252313e-05,0.0166674368083,41.5200233459,0,0,0,0,2.86852014853,151064.468221
7.55555555556,-0.00102548813447,0.579488277435,2.40511059761,6.82742102072e-05,2.31658959819e-05,0,0,-9.05124252313e-05,0.0166674368083,41.5200233459,0,0,0,0,2.85520990827,151064.468221
7.56666666667,-0.00102548813447,0.579488277435,2.40511059761,6.82742102072e-05,2.31658959819e-05,0,0,-9.05124252313e-05,0.0166674368083,41.5200233459,0,0,0,0,2.84193081895,151064.468221
7.57777777778,-0.00102548813447,0.579488277435,2.40511059761,6.82742102072e-05,2.31658959819e-05,0,0,-9.05124252313e-05,0.0166674368083,41.5200233459,0,0,0,0,2.82868235043,151064.468221
7.58888888889,-0.00102548813447,0.579488277435,2.40511059761,6.82742102072e-05,2.31658959819e-05,0,0,-9.05124252313e-05,0.0166674368083,41.5200233459,0,0,0,0,2.81546424869,151064.468221
7.6,-0.00102548813447,0.579488277435,2.40511059761,6.82742102072e-05,2.31658959819e-05,0,0,-9.05124252313e-05,0.0166674368083,41.5200233459,0,0,0,0,2.80227736624,151064.468221
7.61111111111,-0.00102548813447,0.579488277435,2.40511059761,6.82742102072e-05,2.31658959819e-05,0,0,-9.05124252313e-05,0.0166674368083,41.5200233459,0,0,0,0,2.78912156125,151064.468221
7.62222222222,-0.00102548813447,0.579488277435,2.40511059761,6.82742102072e-05,2.31658959819e-05,0,0,-9.05124252313e-05,0.0166674368083,41.5200233459,0,0,0,0,2.77599596605,151064.468221
7.63333333333,-0.00102548813447,0.579488277435,2.40511059761,6.82742102072e-05,2.31658959819e-05,0,0,-9.05124252313e-05,0.0166674368083,41.5200233459,0,0,0,0,2.76290183092,151064.468221
7.64444444444,-0.00102548813447,0.579488277435,2.40511059761,6.82742102072e-05,2.31658959819e-05,0,0,-9.05124252313e-05,0.0166674368083,41.5200233459,0,0,0,0,2.74983920294,151064.468221
7.65555555556,-0.00102548813447,0.579488277435,2.40511059761,6.82742102072e-05,2.31658959819e-05,0,0,-9.05124252313e-05,0.0166674368083,41.5200233459,0,0,0,0,2.73680728221,151064.468221
7.66666666667,-0.00102548813447,0.579488277435,2.40511059761,6.82742102072e-05,2.31658959819e-05,0,0,-9.05124252313e-05,0.0166674368083,41.5200233459,0,0,0,0,2.72380590909,151064.468221
7.67777777778,-0.00102548813447,0.579488277435,2.40511059761,6.82742102072e-05,2.31658959819e-05,0,0,-9.05124252313e-05,0.0166674368083,41.5200233459,0,0,0,0,2.71083577045,151064.468221
7.68888888889,-0.00102548813447,0.579488277435,2.40511059761,6.82742102072e-05,2.31658959819e-05,0,0,-9.05124252313e-05,0.0166674368083,41.5200233459,0,0,0,0,2.6978967192,151064.468221
7.7,-0.00102548813447,0.579488277435,2.40511059761,6.82742102072e-05,2.31658959819e-05,0,0,-9.05124252313e-05,0.0166674368083,41.5200233459,0,0,0,0,2.68498885698,151064.468221
7.71111111111,-0.00102548813447,0.579488277435,2.40511059761,6.82742102072e-05,2.31658959819e-05,0,0,-9.05124252313e-05,0.0166674368083,41.5200233459,0,0,0,0,2.67211125235,151064.468221
7.72222222222,-0.00102548813447,0.579488277435,2.40511059761,6.82742102072e-05,2.31658959819e-05,0,0,-9.05124252313e-05,0.0166674368083,41.5200233459,0,0,0,0,2.659265005,151064.468221
7.73333333333,-0.00102548813447,0.579488277435,2.40511059761,6.82742102072e-05,2.31658959819e-05,0,0,-9.05124252313e-05,0.0166674368083,41.5200233459,0,0,0,0,2.64644956163,151064.468221
7.74444444444,-0.00102548813447,0.579488277435,2.40511059761,6.82742102072e-05,2.31658959819e-05,0,0,-9.05124252313e-05,0.0166674368083,41.5200233459,0,0,0,0,2.63366543551,151064.468221
7.75555555556,-0.00102548813447,0.579488277435,2.40511059761,6.82742102072e-05,2.31658959819e-05,0,0,-9.05124252313e-05,0.0166674368083,41.5200233459,0,0,0,0,2.62091253065,151064.468221
7.76666666667,-0.00102548813447,0.579488277435,2.40511059761,6.82742102072e-05,2.31658959819e-05,0,0,-9.05124252313e-05,0.0166674368083,41.5200233459,0,0,0,0,2.60818978822,151064.468221
7.77777777778,-0.00102548813447,0.579488277435,2.40511059761,6.82742102072e-05,2.31658959819e-05,0,0,-9.05124252313e-05,0.0166674368083,41.5200233459,0,0,0,0,2.59549912668,151064.468221
7.78888888889,-0.00102548813447,0.579488277435,2.40511059761,6.82742102072e-05,2.31658959819e-05,0,0,-9.05124252313e-05,0.0166674368083,41.5200233459,0,0,0,0,2.58283813882,151064.468221
7.8,-0.00102548813447,0.579488277435,2.40511059761,6.82742102072e-05,2.31658959819e-05,0,0,-9.05124252313e-05,0.0166674368083,41.5200233459,0,0,0,0,2.57020855987,151064.468221
7.81111111111,-0.00102548813447,0.579488277435,2.40511059761,6.82742102072e-05,2.31658959819e-05,0,0,-9.05124252313e-05,0.0166674368083,41.5200233459,0,0,0,0,2.55761029539,151064.468221
7.82222222222,-0.00102548813447,0.579488277435,2.40511059761,6.82742102072e-05,2.31658959819e-05,0,0,-9.05124252313e-05,0.0166674368083,41.5200233459,0,0,0,0,2.5450425017,151064.468221
7.83333333333,-0.00102548813447,0.579488277435,2.40511059761,6.82742102072e-05,2.31658959819e-05,0,0,-9.05124252313e-05,0.0166674368083,41.5200233459,0,0,0,0,2.53250663084,151064.468221
7.84444444444,-0.00102548813447,0.579488277435,2.40511059761,6.82742102072e-05,2.31658959819e-05,0,0,-9.05124252313e-05,0.0166674368083,41.5200233459,0,0,0,0,2.52000127542,151064.468221
7.85555555556,-0.00102548813447,0.579488277435,2.40511059761,6.82742102072e-05,2.31658959819e-05,0,0,-9.05124252313e-05,0.0166674368083,41.5200233459,0,0,0,0,2.50752635087,151064.468221
7.86666666667,-0.00102548813447,0.579488277435,2.40511059761,6.82742102072e-05,2.31658959819e-05,0,0,-9.05124252313e-05,0.0166674368083,41.5200233459,0,0,0,0,2.49508283242,151064.468221
7.87777777778,-0.00102548813447,0.579488277435,2.40511059761,6.82742102072e-05,2.31658959819e-05,0,0,-9.05124252313e-05,0.0166674368083,41.5200233459,0,0,0,0,2.48266972704,151064.468221
7.88888888889,-0.00102548813447,0.579488277435,2.40511059761,6.82742102072e-05,2.31658959819e-05,0,0,-9.05124252313e-05,0.0166674368083,41.5200233459,0,0,0,0,2.4702874689,151064.468221
7.9,-0.00102548813447,0.579488277435,2.40511059761,6.82742102072e-05,2.31658959819e-05,0,0,-9.05124252313e-05,0.0166674368083,41.5200233459,0,0,0,0,2.45793633984,151064.468221
7.91111111111,-0.00102548813447,0.579488277435,2.40511059761,6.82742102072e-05,2.31658959819e-05,0,0,-9.05124252313e-05,0.0166674368083,41.5200233459,0,0,0,0,2.44561570985,151064.468221
7.92222222222,-0.00102548813447,0.579488277435,2.40511059761,6.82742102072e-05,2.33808295889e-05,0,0,-9.05124252313e-05,0.0166674368083,41.5200233459,0,0,0,0,2.43332658557,151064.468221
7.93333333333,-0.00102548813447,0.579488277435,2.40511059761,6.82742102072e-05,2.31658959819e-05,0,0,-9.05124252313e-05,0.0166674368083,41.5200233459,0,0,0,0,2.42106844918,151064.468221
7.94444444444,-0.00102548813447,0.579488277435,2.40511059761,6.82742102072e-05,2.31658959819e-05,0,0,-9.05124252313e-05,0.0166674368083,41.5200233459,0,0,0,0,2.40884170265,151064.468221
7.95555555556,-0.00102548813447,0.579488277435,2.40511059761,6.82742102072e-05,2.31658959819e-05,0,0,-9.05124252313e-05,0.0166674368083,41.5200233459,0,0,0,0,2.39664559055,151064.468221
7.96666666667,-0.00102548813447,0.579488277435,2.40511059761,6.82742102072e-05,2.31658959819e-05,0,0,-9.05124252313e-05,0.0166674368083,41.5200233459,0,0,0,0,2.38448058504,151064.468221
7.97777777778,-0.00102548813447,0.579488277435,2.40511059761,6.82742102072e-05,2.31658959819e-05,0,0,-9.05124252313e-05,0.0166674368083,41.5200233459,0,0,0,0,2.3723467738,151064.468221
7.98888888889,-0.00102548813447,0.579488277435,2.40511059761,6.82742102072e-05,2.31658959819e-05,0,0,-9.05124252313e-05,0.0166674368083,41.5200233459,0,0,0,0,2.36024380306,151064.468221
8,-0.00102548813447,0.579488277435,2.40511059761,6.82742102072e-05,2.31658959819e-05,0,0,-9.05124252313e-05,0.0166674368083,41.5200233459,0,0,0,0,2.34817137692,151064.468221
8.01111111111,-0.00102548813447,0.579488277435,2.40511059761,6.82742102072e-05,2.31658959819e-05,0,0,-9.05124252313e-05,0.0166674368083,41.5200233459,0,0,0,0,2.33612946542,151064.468221
8.02222222222,-0.00102548813447,0.579488277435,2.40511059761,6.82742102072e-05,2.31658959819e-05,0,0,-9.05124252313e-05,0.0166674368083,41.5200233459,0,0,0,0,2.32411924329,151064.468221
8.03333333333,-0.00102548813447,0.579488277435,2.40511059761,6.82742102072e-05,2.31658959819e-05,0,0,-9.05124252313e-05,0.0166674368083,41.5200233459,0,0,0,0,2.31214003346,151064.468221
8.04444444444,-0.00102548813447,0.579488277435,2.40511059761,6.82742102072e-05,2.31658959819e-05,0,0,-9.05124252313e-05,0.0166674368083,41.5200233459,0,0,0,0,2.30019104451,151064.468221
8.05555555556,-0.00102548813447,0.579488277435,2.40511059761,6.82742102072e-05,2.31658959819e-05,0,0,-9.05124252313e-05,0.0166674368083,41.5200233459,0,0,0,0,2.28827401937,151064.468221
8.06666666667,-0.00102548813447,0.579488277435,2.40511059761,6.82742102072e-05,2.31658959819e-05,0,0,-9.05124252313e-05,0.0166674368083,41.5200233459,0,0,0,0,2.2763871995,151064.468221
8.07777777778,-0.00102548813447,0.579488277435,2.40511059761,6.82742102072e-05,2.31658959819e-05,0,0,-9.05124252313e-05,0.0166674368083,41.5200233459,0,0,0,0,2.26453204931,151064.468221
8.08888888889,-0.00102548813447,0.579488277435,2.40511059761,6.82742102072e-05,2.31658959819e-05,0,0,-9.05124252313e-05,0.0166674368083,41.5200233459,0,0,0,0,2.25270645444,151064.468221
8.1,-0.00102548813447,0.579488277435,2.40511059761,6.82742102072e-05,2.31658959819e-05,0,0,-9.05124252313e-05,0.0166674368083,41.5200233459,0,0,0,0,2.24091208813,151064.468221
8.11111111111,-0.00102548813447,0.579488277435,2.40511059761,6.82742102072e-05,2.32234870055e-05,0,0,-9.05124252313e-05,0.0166674368083,41.5200233459,0,0,0,0,2.22914959609,151064.468221
8.12222222222,-0.00102548813447,0.579488277435,2.40511059761,6.82742102072e-05,2.32234870055e-05,0,0,-9.05124252313e-05,0.0166674368083,41.5200233459,0,0,0,0,2.21741729998,151064.468221
8.13333333333,-0.00102548813447,0.579488277435,2.40511059761,6.82742102072e-05,2.31658959819e-05,0,0,-9.05124252313e-05,0.0166674368083,41.5200233459,0,0,0,0,2.20571633636,151064.468221
8.14444444444,-0.00102548813447,0.579488277435,2.40511059761,6.82742102072e-05,2.31658959819e-05,0,0,-9.05124252313e-05,0.0166674368083,41.5200233459,0,0,0,0,2.19404571557,151064.468221
8.15555555556,-0.00102548813447,0.579488277435,2.40511059761,6.82742102072e-05,2.31658959819e-05,0,0,-9.05124252313e-05,0.0166674368083,41.5200233459,0,0,0,0,2.18240717178,151064.468221
8.16666666667,-0.00102548813447,0.579488277435,2.40511059761,6.82742102072e-05,2.31658959819e-05,0,0,-9.05124252313e-05,0.0166674368083,41.5200233459,0,0,0,0,2.17079932309,151064.468221
8.17777777778,-0.00102548813447,0.579488277435,2.40511059761,6.82742102072e-05,2.31658959819e-05,0,0,-9.05124252313e-05,0.0166674368083,41.5200233459,0,0,0,0,2.1592224886,151064.468221
8.18888888889,-0.00102548813447,0.579488277435,2.40511059761,6.82742102072e-05,2.31658959819e-05,0,0,-9.05124252313e-05,0.0166674368083,41.5200233459,0,0,0,0,2.14767678605,151064.468221
8.2,-0.00102548813447,0.579488277435,2.40511059761,6.82742102072e-05,2.31658959819e-05,0,0,-9.05124252313e-05,0.0166674368083,41.5200233459,0,0,0,0,2.13616231568,151064.468221
8.21111111111,-0.00102548813447,0.579488277435,2.40511059761,6.82742102072e-05,2.31658959819e-05,0,0,-9.05124252313e-05,0.0166674368083,41.5200233459,0,0,0,0,2.12467831022,151064.468221
8.22222222222,-0.00102548813447,0.579488277435,2.40511059761,6.82742102072e-05,2.31658959819e-05,0,0,-9.05124252313e-05,0.0166674368083,41.5200233459,0,0,0,0,2.11322558773,151064.468221
8.23333333333,-0.00102548813447,0.579488277435,2.40511059761,6.82742102072e-05,2.31658959819e-05,0,0,-9.05124252313e-05,0.0166674368083,41.5200233459,0,0,0,0,2.10180344069,151064.468221
8.24444444444,-0.00102548813447,0.579488277435,2.40511059761,6.82742102072e-05,2.31658959819e-05,0,0,-9.05124252313e-05,0.0166674368083,41.5200233459,0,0,0,0,2.09041185242,151064.468221
8.25555555556,-0.00102548813447,0.579488277435,2.40511059761,6.82742102072e-05,2.31658959819e-05,0,0,-9.05124252313e-05,0.0166674368083,41.5200233459,0,0,0,0,2.07905165194,151064.468221
8.26666666667,-0.00102548813447,0.579488277435,2.40511059761,6.82742102072e-05,2.31658959819e-05,0,0,-9.05124252313e-05,0.0166674368083,41.5200233459,0,0,0,0,2.06772267969,151064.468221
8.27777777778,-0.00102548813447,0.579488277435,2.40511059761,6.82742102072e-05,2.31658959819e-05,0,0,-9.05124252313e-05,0.0166674368083,41.5200233459,0,0,0,0,2.0564250207,151064.468221
8.28888888889,-0.00102548813447,0.579488277435,2.40511059761,6.82742102072e-05,2.31658959819e-05,0,0,-9.05124252313e-05,0.0166674368083,41.5200233459,0,0,0,0,2.04515756808,151064.468221
8.3,-0.00102548813447,0.579488277435,2.40511059761,6.82742102072e-05,2.31658959819e-05,0,0,-9.05124252313e-05,0.0166674368083,41.5200233459,0,0,0,0,2.03392133582,151064.468221
8.31111111111,-0.00102548813447,0.579488277435,2.40511059761,6.82742102072e-05,2.31658959819e-05,0,0,-9.05124252313e-05,0.0166674368083,41.5200233459,0,0,0,0,2.02271624504,151064.468221
8.32222222222,-0.00102548813447,0.579488277435,2.40511059761,6.82742102072e-05,2.31658959819e-05,0,0,-9.05124252313e-05,0.0166674368083,41.5200233459,0,0,0,0,2.01154222717,151064.468221
8.33333333333,-0.00102548813447,0.579488277435,2.40511059761,6.82742102072e-05,2.31658959819e-05,0,0,-9.05124252313e-05,0.0166674368083,41.5200233459,0,0,0,0,2.00039865326,151064.468221
8.34444444444,-0.00102548813447,0.579488277435,2.40511059761,6.82742102072e-05,2.31658959819e-05,0,0,-9.05124252313e-05,0.0166674368083,41.5200233459,0,0,0,0,1.98928679754,151064.468221
8.35555555556,-0.00102548813447,0.579488277435,2.40511059761,6.82742102072e-05,2.31658959819e-05,0,0,-9.05124252313e-05,0.0166674368083,41.5200233459,0,0,0,0,1.97820551989,151064.468221
8.36666666667,-0.00102548813447,0.579488277435,2.40511059761,6.82742102072e-05,2.31658959819e-05,0,0,-9.05124252313e-05,0.0166674368083,41.5200233459,0,0,0,0,1.96715462061,151064.468221
8.37777777778,-0.00102548813447,0.579488277435,2.40511059761,6.82742102072e-05,2.31658959819e-05,0,0,-9.05124252313e-05,0.0166674368083,41.5200233459,0,0,0,0,1.9561346073,151064.468221
8.38888888889,-0.00102548813447,0.579488277435,2.40511059761,6.82742102072e-05,2.31658959819e-05,0,0,-9.05124252313e-05,0.0166674368083,41.5200233459,0,0,0,0,1.94514540001,151064.468221
8.4,-0.00102548813447,0.579488277435,2.40511059761,6.82742102072e-05,2.31658959819e-05,0,0,-9.05124252313e-05,0.0166674368083,41.5200233459,0,0,0,0,1.93418813622,151064.468221
8.41111111111,-0.00102548813447,0.579488277435,2.40511059761,6.82742102072e-05,2.31658959819e-05,0,0,-9.05124252313e-05,0.0166674368083,41.5200233459,0,0,0,0,1.92326089775,151064.468221
8.42222222222,-0.00102548813447,0.579488277435,2.40511059761,6.82742102072e-05,2.31658959819e-05,0,0,-9.05124252313e-05,0.0166674368083,41.5200233459,0,0,0,0,1.91236458962,151064.468221
8.43333333333,-0.00102548813447,0.579488277435,2.40511059761,6.82742102072e-05,2.31658959819e-05,0,0,-9.05124252313e-05,0.0166674368083,41.5200233459,0,0,0,0,1.90149942654,151064.468221
8.44444444444,-0.00102548813447,0.579488277435,2.40511059761,6.82742102072e-05,2.31658959819e-05,0,0,-9.05124252313e-05,0.0166674368083,41.5200233459,0,0,0,0,1.89066534411,151064.468221
8.45555555556,-0.00102548813447,0.579488277435,2.40511059761,6.82742102072e-05,2.31658959819e-05,0,0,-9.05124252313e-05,0.0166674368083,41.5200233459,0,0,0,0,1.87986204302,151064.468221
8.46666666667,-0.00102548813447,0.579488277435,2.40511059761,6.82742102072e-05,2.31658959819e-05,0,0,-9.05124252313e-05,0.0166674368083,41.5200233459,0,0,0,0,1.86908941262,151064.468221
8.47777777778,-0.00102548813447,0.579488277435,2.40511059761,6.82742102072e-05,2.31658959819e-05,0,0,-9.05124252313e-05,0.0166674368083,41.5200233459,0,0,0,0,1.85834879322,151064.468221
8.48888888889,-0.00102548813447,0.579488277435,2.40511059761,6.82742102072e-05,2.31658959819e-05,0,0,-9.05124252313e-05,0.0166674368083,41.5200233459,0,0,0,0,1.84763848636,151064.468221
8.5,-0.00102548813447,0.579488277435,2.40511059761,6.82742102072e-05,2.31658959819e-05,0,0,-9.05124252313e-05,0.0166674368083,41.5200233459,0,0,0,0,1.83695966279,151064.468221
8.51111111111,-0.00102548813447,0.579488277435,2.40511059761,6.82742102072e-05,2.31658959819e-05,0,0,-9.05124252313e-05,0.0166674368083,41.5200233459,0,0,0,0,1.82631089539,151064.468221
8.52222222222,-0.00102548813447,0.579488277435,2.40511059761,6.82742102072e-05,2.31658959819e-05,0,0,-9.05124252313e-05,0.0166674368083,41.5200233459,0,0,0,0,1.81569302975,151064.468221
8.53333333333,-0.00102548813447,0.579488277435,2.40511059761,6.82742102072e-05,2.31658959819e-05,0,0,-9.05124252313e-05,0.0166674368083,41.5200233459,0,0,0,0,1.80510608345,151064.468221
8.54444444444,-0.00102548813447,0.579488277435,2.40511059761,6.82742102072e-05,2.31658959819e-05,0,0,-9.05124252313e-05,0.0166674368083,41.5200233459,0,0,0,0,1.79455035807,151064.468221
8.55555555556,-0.00102548813447,0.579488277435,2.40511059761,6.82742102072e-05,2.32149195654e-05,0,0,-9.05124252313e-05,0.0166674368083,41.5200233459,0,0,0,0,1.78402627261,151064.468221
8.56666666667,-0.00102548813447,0.579488277435,2.40511059761,6.82742102072e-05,2.32149195654e-05,0,0,-9.05124252313e-05,0.0166674368083,41.5200233459,0,0,0,0,1.77353245585,151064.468221
8.57777777778,-0.00102548813447,0.579488277435,2.40511059761,6.82742102072e-05,2.32149195654e-05,0,0,-9.05124252313e-05,0.0166674368083,41.5200233459,0,0,0,0,1.7630700545,151064.468221
8.58888888889,-0.00102548813447,0.579488277435,2.40511059761,6.82742102072e-05,2.31658959819e-05,0,0,-9.05124252313e-05,0.0166674368083,41.5200233459,0,0,0,0,1.75263792331,151064.468221
8.6,-0.00102548813447,0.579488277435,2.40511059761,6.82742102072e-05,2.31658959819e-05,0,0,-9.05124252313e-05,0.0166674368083,41.5200233459,0,0,0,0,1.74223698719,151064.468221
8.61111111111,-0.00102548813447,0.579488277435,2.40511059761,6.82742102072e-05,2.31658959819e-05,0,0,-9.05124252313e-05,0.0166674368083,41.5200233459,0,0,0,0,1.731866991,151064.468221
8.62222222222,-0.00102548813447,0.579488277435,2.40511059761,6.82742102072e-05,2.31658959819e-05,0,0,-9.05124252313e-05,0.0166674368083,41.5200233459,0,0,0,0,1.72152790262,151064.468221
8.63333333333,-0.00102548813447,0.579488277435,2.40511059761,6.82742102072e-05,2.31658959819e-05,0,0,-9.05124252313e-05,0.0166674368083,41.5200233459,0,0,0,0,1.71122053114,151064.468221
8.64444444444,-0.00102548813447,0.579488277435,2.40511059761,6.82742102072e-05,2.31658959819e-05,0,0,-9.05124252313e-05,0.0166674368083,41.5200233459,0,0,0,0,1.70094288331,151064.468221
8.65555555556,-0.00102548813447,0.579488277435,2.40511059761,6.82742102072e-05,2.31658959819e-05,0,0,-9.05124252313e-05,0.0166674368083,41.5200233459,0,0,0,0,1.69069684117,151064.468221
8.66666666667,-0.00102548813447,0.579488277435,2.40511059761,6.82742102072e-05,2.31658959819e-05,0,0,-9.05124252313e-05,0.0166674368083,41.5200233459,0,0,0,0,1.68048157109,151064.468221
8.67777777778,-0.00102548813447,0.579488277435,2.40511059761,6.82742102072e-05,2.31658959819e-05,0,0,-9.05124252313e-05,0.0166674368083,41.5200233459,0,0,0,0,1.6702974939,151064.468221
8.68888888889,-0.00102548813447,0.579488277435,2.40511059761,6.82742102072e-05,2.31658959819e-05,0,0,-9.05124252313e-05,0.0166674368083,41.5200233459,0,0,0,0,1.66014385649,151064.468221
8.7,-0.00102548813447,0.579488277435,2.40511059761,6.82742102072e-05,2.31658959819e-05,0,0,-9.05124252313e-05,0.0166674368083,41.5200233459,0,0,0,0,1.65002126449,151064.468221
8.71111111111,-0.00102548813447,0.579488277435,2.40511059761,6.82742102072e-05,2.32149195654e-05,0,0,-9.05124252313e-05,0.0166674368083,41.5200233459,0,0,0,0,1.63993051346,151064.468221
8.72222222222,-0.00102548813447,0.579488277435,2.40511059761,6.82742102072e-05,2.33905520872e-05,0,0,-9.05124252313e-05,0.0166674368083,41.5200233459,0,0,0,0,1.62987042655,151064.468221
8.73333333333,-0.00102548813447,0.579488277435,2.40511059761,6.82742102072e-05,2.33905520872e-05,0,0,-9.05124252313e-05,0.0166674368083,41.5200233459,0,0,0,0,1.61984068189,151064.468221
8.74444444444,-0.00102548813447,0.579488277435,2.40511059761,6.82742102072e-05,2.33905520872e-05,0,0,-9.05124252313e-05,0.0166674368083,41.5200233459,0,0,0,0,1.60984230972,151064.468221
8.75555555556,-0.00102548813447,0.579488277435,2.40511059761,6.82742102072e-05,2.36034393311e-05,0,0,-9.05124252313e-05,0.0166674368083,41.5200233459,0,0,0,0,1.5998748226,151064.468221
8.76666666667,-0.00102548813447,0.579488277435,2.40511059761,6.82742102072e-05,2.31658959819e-05,0,0,-9.05124252313e-05,0.0166674368083,41.5200233459,0,0,0,0,1.58993844745,151064.468221
8.77777777778,-0.00102548813447,0.579488277435,2.40511059761,6.82742102072e-05,2.31658959819e-05,0,0,-9.05124252313e-05,0.0166674368083,41.5200233459,0,0,0,0,1.58003329736,151064.468221
8.78888888889,-0.00102548813447,0.579488277435,2.40511059761,6.82742102072e-05,2.31658959819e-05,0,0,-9.05124252313e-05,0.0166674368083,41.5200233459,0,0,0,0,1.57015914407,151064.468221
8.8,-0.00102548813447,0.579488277435,2.40511059761,6.82742102072e-05,2.31658959819e-05,0,0,-9.05124252313e-05,0.0166674368083,41.5200233459,0,0,0,0,1.56031557427,151064.468221
8.81111111111,-0.00102548813447,0.579488277435,2.40511059761,6.82742102072e-05,2.31658959819e-05,0,0,-9.05124252313e-05,0.0166674368083,41.5200233459,0,0,0,0,1.55050345532,151064.468221
8.82222222222,-0.00102548813447,0.579488277435,2.40511059761,6.82742102072e-05,2.31658959819e-05,0,0,-9.05124252313e-05,0.0166674368083,41.5200233459,0,0,0,0,1.54072182808,151064.468221
8.83333333333,-0.00102548813447,0.579488277435,2.40511059761,6.82742102072e-05,2.31658959819e-05,0,0,-9.05124252313e-05,0.0166674368083,41.5200233459,0,0,0,0,1.53097056889,151064.468221
8.84444444444,-0.00102548813447,0.579488277435,2.40511059761,6.82742102072e-05,2.31658959819e-05,0,0,-9.05124252313e-05,0.0166674368083,41.5200233459,0,0,0,0,1.52125099479,151064.468221
8.85555555556,-0.00102548813447,0.579488277435,2.40511059761,6.82742102072e-05,2.31658959819e-05,0,0,-9.05124252313e-05,0.0166674368083,41.5200233459,0,0,0,0,1.51156187919,151064.468221
8.86666666667,-0.00102548813447,0.579488277435,2.40511059761,6.82742102072e-05,2.32149195654e-05,0,0,-9.05124252313e-05,0.0166674368083,41.5200233459,0,0,0,0,1.50190408112,151064.468221
8.87777777778,-0.00102548813447,0.579488277435,2.40511059761,6.82742102072e-05,2.33905520872e-05,0,0,-9.05124252313e-05,0.0166674368083,41.5200233459,0,0,0,0,1.49227673646,151064.468221
8.88888888889,-0.00102548813447,0.579488277435,2.40511059761,6.82742102072e-05,2.33905520872e-05,0,0,-9.05124252313e-05,0.0166674368083,41.5200233459,0,0,0,0,1.48268111477,151064.468221
8.9,-0.00102548813447,0.579488277435,2.40511059761,6.82742102072e-05,2.33905520872e-05,0,0,-9.05124252313e-05,0.0166674368083,41.5200233459,0,0,0,0,1.47311632937,151064.468221
8.91111111111,-0.00102548813447,0.579488277435,2.40511059761,6.82742102072e-05,2.32149195654e-05,0,0,-9.05124252313e-05,0.0166674368083,41.5200233459,0,0,0,0,1.46358252103,151064.468221
8.92222222222,-0.00102548813447,0.579488277435,2.40511059761,6.82742102072e-05,2.31658959819e-05,0,0,-9.05124252313e-05,0.0166674368083,41.5200233459,0,0,0,0,1.45407989262,151064.468221
8.93333333333,-0.00102548813447,0.579488277435,2.40511059761,6.82742102072e-05,2.31658959819e-05,0,0,-9.05124252313e-05,0.0166674368083,41.5200233459,0,0,0,0,1.44460780898,151064.468221
8.94444444444,-0.00102548813447,0.579488277435,2.40511059761,6.82742102072e-05,2.31658959819e-05,0,0,-9.05124252313e-05,0.0166674368083,41.5200233459,0,0,0,0,1.43516759097,151064.468221
8.95555555556,-0.00102548813447,0.579488277435,2.40511059761,6.82742102072e-05,2.31658959819e-05,0,0,-9.05124252313e-05,0.0166674368083,41.5200233459,0,0,0,0,1.42575749146,151064.468221
8.96666666667,-0.00102548813447,0.579488277435,2.40511059761,6.82742102072e-05,2.31658959819e-05,0,0,-9.05124252313e-05,0.0166674368083,41.5200233459,0,0,0,0,1.41637882396,151064.468221
8.97777777778,-0.00102548813447,0.579488277435,2.40511059761,6.82742102072e-05,2.31658959819e-05,0,0,-9.05124252313e-05,0.0166674368083,41.5200233459,0,0,0,0,1.40703077139,151064.468221
8.98888888889,-0.00102548813447,0.579488277435,2.40511059761,6.82742102072e-05,2.31658959819e-05,0,0,-9.05124252313e-05,0.0166674368083,41.5200233459,0,0,0,0,1.39771344575,151064.468221
9,-0.00102548813447,0.579488277435,2.40511059761,6.82742102072e-05,2.31658959819e-05,0,0,-9.05124252313e-05,0.0166674368083,41.5200233459,0,0,0,0,1.38842663376,151064.468221
9.01111111111,-0.00102548813447,0.579488277435,2.40511059761,6.82742102072e-05,2.31658959819e-05,0,0,-9.05124252313e-05,0.0166674368083,41.5200233459,0,0,0,0,1.37917136398,151064.468221
9.02222222222,-0.00102548813447,0.579488277435,2.40511059761,6.82742102072e-05,2.31658959819e-05,0,0,-9.05124252313e-05,0.0166674368083,41.5200233459,0,0,0,0,1.36994708537,151064.468221
9.03333333333,-0.00102548813447,0.579488277435,2.40511059761,6.82742102072e-05,2.33905520872e-05,0,0,-9.05124252313e-05,0.0166674368083,41.5200233459,0,0,0,0,1.3607534245,151064.468221
9.04444444444,-0.00102548813447,0.579488277435,2.40511059761,6.82742102072e-05,2.33905520872e-05,0,0,-9.05124252313e-05,0.0166674368083,41.5200233459,0,0,0,0,1.35159128218,151064.468221
9.05555555556,-0.00102548813447,0.579488277435,2.40511059761,6.82742102072e-05,2.31658959819e-05,0,0,-9.05124252313e-05,0.0166674368083,41.5200233459,0,0,0,0,1.34245922798,151064.468221
9.06666666667,-0.00102548813447,0.579488277435,2.40511059761,6.82742102072e-05,2.31658959819e-05,0,0,-9.05124252313e-05,0.0166674368083,41.5200233459,0,0,0,0,1.3333586519,151064.468221
9.07777777778,-0.00102548813447,0.579488277435,2.40511059761,6.82742102072e-05,2.31658959819e-05,0,0,-9.05124252313e-05,0.0166674368083,41.5200233459,0,0,0,0,1.3242888715,151064.468221
9.08888888889,-0.00102548813447,0.579488277435,2.40511059761,6.82742102072e-05,2.31658959819e-05,0,0,-9.05124252313e-05,0.0166674368083,41.5200233459,0,0,0,0,1.31525010028,151064.468221
9.1,-0.00102548813447,0.579488277435,2.40511059761,6.82742102072e-05,2.31658959819e-05,0,0,-9.05124252313e-05,0.0166674368083,41.5200233459,0,0,0,0,1.30624235882,151064.468221
9.11111111111,-0.00102548813447,0.579488277435,2.40511059761,6.82742102072e-05,2.31658959819e-05,0,0,-9.05124252313e-05,0.0166674368083,41.5200233459,0,0,0,0,1.2972652885,151064.468221
9.12222222222,-0.00102548813447,0.579488277435,2.40511059761,6.82742102072e-05,2.31658959819e-05,0,0,-9.05124252313e-05,0.0166674368083,41.5200233459,0,0,0,0,1.28831961237,151064.468221
9.13333333333,-0.00102548813447,0.579488277435,2.40511059761,6.82742102072e-05,2.31658959819e-05,0,0,-9.05124252313e-05,0.0166674368083,41.5200233459,0,0,0,0,1.27940495196,151064.468221
9.14444444444,-0.00102548813447,0.579488277435,2.40511059761,6.82742102072e-05,2.31658959819e-05,0,0,-9.05124252313e-05,0.0166674368083,41.5200233459,0,0,0,0,1.27052131408,151064.468221
9.15555555556,-0.00102548813447,0.579488277435,2.40511059761,6.82742102072e-05,2.31658959819e-05,0,0,-9.05124252313e-05,0.0166674368083,41.5200233459,0,0,0,0,1.26166846777,151064.468221
9.16666666667,-0.00102548813447,0.579488277435,2.40511059761,6.82742102072e-05,2.31658959819e-05,0,0,-9.05124252313e-05,0.0166674368083,41.5200233459,0,0,0,0,1.25284628424,151064.468221
9.17777777778,-0.00102548813447,0.579488277435,2.40511059761,6.82742102072e-05,2.32149195654e-05,0,0,-9.05124252313e-05,0.0166674368083,41.5200233459,0,0,0,0,1.24405483334,151064.468221
9.18888888889,-0.00102548813447,0.579488277435,2.40511059761,6.82742102072e-05,2.31658959819e-05,0,0,-9.05124252313e-05,0.0166674368083,41.5200233459,0,0,0,0,1.23529449402,151064.468221
9.2,-0.00102548813447,0.579488277435,2.40511059761,6.82742102072e-05,2.31658959819e-05,0,0,-9.05124252313e-05,0.0166674368083,41.5200233459,0,0,0,0,1.22656560408,151064.468221
9.21111111111,-0.00102548813447,0.579488277435,2.40511059761,6.82742102072e-05,2.31658959819e-05,0,0,-9.05124252313e-05,0.0166674368083,41.5200233459,0,0,0,0,1.21786709618,151064.468221
9.22222222222,-0.00102548813447,0.579488277435,2.40511059761,6.82742102072e-05,2.31658959819e-05,0,0,-9.05124252313e-05,0.0166674368083,41.5200233459,0,0,0,0,1.20919997415,151064.468221
9.23333333333,-0.00102548813447,0.579488277435,2.40511059761,6.82742102072e-05,2.31658959819e-05,0,0,-9.05124252313e-05,0.0166674368083,41.5200233459,0,0,0,0,1.20056328106,151064.468221
9.24444444444,-0.00102548813447,0.579488277435,2.40511059761,6.82742102072e-05,2.31658959819e-05,0,0,-9.05124252313e-05,0.0166674368083,41.5200233459,0,0,0,0,1.19195809769,151064.468221
9.25555555556,-0.00102548813447,0.579488277435,2.40511059761,6.82742102072e-05,2.31658959819e-05,0,0,-9.05124252313e-05,0.0166674368083,41.5200233459,0,0,0,0,1.18338339805,151064.468221
9.26666666667,-0.00102548813447,0.579488277435,2.40511059761,6.82742102072e-05,2.31658959819e-05,0,0,-9.05124252313e-05,0.0166674368083,41.5200233459,0,0,0,0,1.17483989754,151064.468221
9.27777777778,-0.00102548813447,0.579488277435,2.40511059761,6.82742102072e-05,2.31658959819e-05,0,0,-9.05124252313e-05,0.0166674368083,41.5200233459,0,0,0,0,1.16632713981,151064.468221
9.28888888889,-0.00102548813447,0.579488277435,2.40511059761,6.82742102072e-05,2.32149195654e-05,0,0,-9.05124252313e-05,0.0166674368083,41.5200233459,0,0,0,0,1.15784532574,151064.468221
9.3,-0.00102548813447,0.579488277435,2.40511059761,6.82742102072e-05,2.31658959819e-05,0,0,-9.05124252313e-05,0.0166674368083,41.5200233459,0,0,0,0,1.1493939828,151064.468221
9.31111111111,-0.00102548813447,0.579488277435,2.40511059761,6.82742102072e-05,2.31658959819e-05,0,0,-9.05124252313e-05,0.0166674368083,41.5200233459,0,0,0,0,1.14097474771,151064.468221
9.32222222222,-0.00102548813447,0.579488277435,2.40511059761,6.82742102072e-05,2.31658959819e-05,0,0,-9.05124252313e-05,0.0166674368083,41.5200233459,0,0,0,0,1.13258588059,151064.468221
9.33333333333,-0.00102548813447,0.579488277435,2.40511059761,6.82742102072e-05,2.31658959819e-05,0,0,-9.05124252313e-05,0.0166674368083,41.5200233459,0,0,0,0,1.12422806078,151064.468221
9.34444444444,-0.00102548813447,0.579488277435,2.40511059761,6.82742102072e-05,2.31658959819e-05,0,0,-9.05124252313e-05,0.0166674368083,41.5200233459,0,0,0,0,1.11590129794,151064.468221
9.35555555556,-0.00102548813447,0.579488277435,2.40511059761,6.82742102072e-05,2.31658959819e-05,0,0,-9.05124252313e-05,0.0166674368083,41.5200233459,0,0,0,0,1.10760527937,151064.468221
9.36666666667,-0.00102548813447,0.579488277435,2.40511059761,6.82742102072e-05,2.31658959819e-05,0,0,-9.05124252313e-05,0.0166674368083,41.5200233459,0,0,0,0,1.09934003924,151064.468221
9.37777777778,-0.00102548813447,0.579488277435,2.40511059761,6.82742102072e-05,2.31658959819e-05,0,0,-9.05124252313e-05,0.0166674368083,41.5200233459,0,0,0,0,1.09110583365,151064.468221
9.38888888889,-0.00102548813447,0.579488277435,2.40511059761,6.82742102072e-05,2.31658959819e-05,0,0,-9.05124252313e-05,0.0166674368083,41.5200233459,0,0,0,0,1.08290313464,151064.468221
9.4,-0.00102548813447,0.579488277435,2.40511059761,6.82742102072e-05,2.31658959819e-05,0,0,-9.05124252313e-05,0.0166674368083,41.5200233459,0,0,0,0,1.07473114248,151064.468221
9.41111111111,-0.00102548813447,0.579488277435,2.40511059761,6.82742102072e-05,2.31658959819e-05,0,0,-9.05124252313e-05,0.0166674368083,41.5200233459,0,0,0,0,1.06659007127,151064.468221
9.42222222222,-0.00102548813447,0.579488277435,2.40511059761,6.82742102072e-05,2.31658959819e-05,0,0,-9.05124252313e-05,0.0166674368083,41.5200233459,0,0,0,0,1.05847992253,151064.468221
9.43333333333,-0.00102548813447,0.579488277435,2.40511059761,6.82742102072e-05,2.31658959819e-05,0,0,-9.05124252313e-05,0.0166674368083,41.5200233459,0,0,0,0,1.05040113322,151064.468221
9.44444444444,-0.00102548813447,0.579488277435,2.40511059761,6.82742102072e-05,2.31658959819e-05,0,0,-9.05124252313e-05,0.0166674368083,41.5200233459,0,0,0,0,1.04235290508,151064.468221
9.45555555556,-0.00102548813447,0.579488277435,2.40511059761,6.82742102072e-05,2.31658959819e-05,0,0,-9.05124252313e-05,0.0166674368083,41.5200233459,0,0,0,0,1.03433596085,151064.468221
9.46666666667,-0.00102548813447,0.579488277435,2.40511059761,6.82742102072e-05,2.31658959819e-05,0,0,-9.05124252313e-05,0.0166674368083,41.5200233459,0,0,0,0,1.02634972137,151064.468221
9.47777777778,-0.00102548813447,0.579488277435,2.40511059761,6.82742102072e-05,2.31658959819e-05,0,0,-9.05124252313e-05,0.0166674368083,41.5200233459,0,0,0,0,1.01839435774,151064.468221
9.48888888889,-0.00102548813447,0.579488277435,2.40511059761,6.82742102072e-05,2.31658959819e-05,0,0,-9.05124252313e-05,0.0166674368083,41.5200233459,0,0,0,0,1.01046980625,151064.468221
9.5,-0.00102548813447,0.579488277435,2.40511059761,6.82742102072e-05,2.31658959819e-05,0,0,-9.05124252313e-05,0.0166674368083,41.5200233459,0,0,0,0,1.00257643723,151064.468221
9.51111111111,-0.00102548813447,0.579488277435,2.40511059761,6.82742102072e-05,2.31658959819e-05,0,0,-9.05124252313e-05,0.0166674368083,41.5200233459,0,0,0,0,0.994714039481,151064.468221
9.52222222222,-0.00102548813447,0.579488277435,2.40511059761,6.82742102072e-05,2.31658959819e-05,0,0,-9.05124252313e-05,0.0166674368083,41.5200233459,0,0,0,0,0.986882177564,151064.468221
9.53333333333,-0.00102548813447,0.579488277435,2.40511059761,6.82742102072e-05,2.31658959819e-05,0,0,-9.05124252313e-05,0.0166674368083,41.5200233459,0,0,0,0,0.979081331329,151064.468221
9.54444444444,-0.00102548813447,0.579488277435,2.40511059761,6.82742102072e-05,2.31658959819e-05,0,0,-9.05124252313e-05,0.0166674368083,41.5200233459,0,0,0,0,0.971311894253,151064.468221
9.55555555556,-0.00102548813447,0.579488277435,2.40511059761,6.82742102072e-05,2.31658959819e-05,0,0,-9.05124252313e-05,0.0166674368083,41.5200233459,0,0,0,0,0.963573294758,151064.468221
9.56666666667,-0.00102548813447,0.579488277435,2.40511059761,6.82742102072e-05,2.31658959819e-05,0,0,-9.05124252313e-05,0.0166674368083,41.5200233459,0,0,0,0,0.955865597197,151064.468221
9.57777777778,-0.00102548813447,0.579488277435,2.40511059761,6.82742102072e-05,2.31658959819e-05,0,0,-9.05124252313e-05,0.0166674368083,41.5200233459,0,0,0,0,0.94818886331,151064.468221
9.58888888889,-0.00102548813447,0.579488277435,2.40511059761,6.82742102072e-05,2.31658959819e-05,0,0,-9.05124252313e-05,0.0166674368083,41.5200233459,0,0,0,0,0.940542757681,151064.468221
9.6,-0.00102548813447,0.579488277435,2.40511059761,6.82742102072e-05,2.31658959819e-05,0,0,-9.05124252313e-05,0.0166674368083,41.5200233459,0,0,0,0,0.932927816176,151064.468221
9.61111111111,-0.00102548813447,0.579488277435,2.40511059761,6.82742102072e-05,2.31658959819e-05,0,0,-9.05124252313e-05,0.0166674368083,41.5200233459,0,0,0,0,0.925343639904,151064.468221
9.62222222222,-0.00102548813447,0.579488277435,2.40511059761,6.82742102072e-05,2.31658959819e-05,0,0,-9.05124252313e-05,0.0166674368083,41.5200233459,0,0,0,0,0.917790405522,151064.468221
9.63333333333,-0.00102548813447,0.579488277435,2.40511059761,6.82742102072e-05,2.31658959819e-05,0,0,-9.05124252313e-05,0.0166674368083,41.5200233459,0,0,0,0,0.910268201248,151064.468221
9.64444444444,-0.00102548813447,0.579488277435,2.40511059761,6.82742102072e-05,2.31658959819e-05,0,0,-9.05124252313e-05,0.0166674368083,41.5200233459,0,0,0,0,0.902777159455,151064.468221
9.65555555556,-0.00102548813447,0.579488277435,2.40511059761,6.82742102072e-05,2.31658959819e-05,0,0,-9.05124252313e-05,0.0166674368083,41.5200233459,0,0,0,0,0.895316998974,151064.468221
9.66666666667,-0.00102548813447,0.579488277435,2.40511059761,6.82742102072e-05,2.31658959819e-05,0,0,-9.05124252313e-05,0.0166674368083,41.5200233459,0,0,0,0,0.887888242942,151064.468221
9.67777777778,-0.00102548813447,0.579488277435,2.40511059761,6.82742102072e-05,2.31658959819e-05,0,0,-9.05124252313e-05,0.0166674368083,41.5200233459,0,0,0,0,0.880489746253,151064.468221
9.68888888889,-0.00102548813447,0.579488277435,2.40511059761,6.82742102072e-05,2.31658959819e-05,0,0,-9.05124252313e-05,0.0166674368083,41.5200233459,0,0,0,0,0.873122546578,151064.468221
9.7,-0.00102548813447,0.579488277435,2.40511059761,6.82742102072e-05,2.31658959819e-05,0,0,-9.05124252313e-05,0.0166674368083,41.5200233459,0,0,0,0,0.865786169316,151064.468221
9.71111111111,-0.00102548813447,0.579488277435,2.40511059761,6.82742102072e-05,2.31658959819e-05,0,0,-9.05124252313e-05,0.0166674368083,41.5200233459,0,0,0,0,0.858480756826,151064.468221
9.72222222222,-0.00102548813447,0.579488277435,2.40511059761,6.82742102072e-05,2.31658959819e-05,0,0,-9.05124252313e-05,0.0166674368083,41.5200233459,0,0,0,0,0.851206304157,151064.468221
9.73333333333,-0.00102548813447,0.579488277435,2.40511059761,6.82742102072e-05,2.31658959819e-05,0,0,-9.05124252313e-05,0.0166674368083,41.5200233459,0,0,0,0,0.843962594856,151064.468221
9.74444444444,-0.00102548813447,0.579488277435,2.40511059761,6.82742102072e-05,2.31658959819e-05,0,0,-9.05124252313e-05,0.0166674368083,41.5200233459,0,0,0,0,0.836750121658,151064.468221
9.75555555556,-0.00102548813447,0.579488277435,2.40511059761,6.82742102072e-05,2.31658959819e-05,0,0,-9.05124252313e-05,0.0166674368083,41.5200233459,0,0,0,0,0.82956819724,151064.468221
9.76666666667,-0.00102548813447,0.579488277435,2.40511059761,6.82742102072e-05,2.31658959819e-05,0,0,-9.05124252313e-05,0.0166674368083,41.5200233459,0,0,0,0,0.822417664976,151064.468221
9.77777777778,-0.00102548813447,0.579488277435,2.40511059761,6.82742102072e-05,2.31658959819e-05,0,0,-9.05124252313e-05,0.0166674368083,41.5200233459,0,0,0,0,0.815298008262,151064.468221
9.78888888889,-0.00102548813447,0.579488277435,2.40511059761,6.82742102072e-05,2.31658959819e-05,0,0,-9.05124252313e-05,0.0166674368083,41.5200233459,0,0,0,0,0.808209726114,151064.468221
9.8,-0.00102548813447,0.579488277435,2.40511059761,6.82742102072e-05,2.31658959819e-05,0,0,-9.05124252313e-05,0.0166674368083,41.5200233459,0,0,0,0,0.801151980971,151064.468221
9.81111111111,-0.00102548813447,0.579488277435,2.40511059761,6.82742102072e-05,2.31658959819e-05,0,0,-9.05124252313e-05,0.0166674368083,41.5200233459,0,0,0,0,0.794125145126,151064.468221
9.82222222222,-0.00102548813447,0.579488277435,2.40511059761,6.82742102072e-05,2.31658959819e-05,0,0,-9.05124252313e-05,0.0166674368083,41.5200233459,0,0,0,0,0.787129333567,151064.468221
9.83333333333,-0.00102548813447,0.579488277435,2.40511059761,6.82742102072e-05,2.31658959819e-05,0,0,-9.05124252313e-05,0.0166674368083,41.5200233459,0,0,0,0,0.780164745359,151064.468221
9.84444444444,-0.00102548813447,0.579488277435,2.40511059761,6.82742102072e-05,2.31658959819e-05,0,0,-9.05124252313e-05,0.0166674368083,41.5200233459,0,0,0,0,0.773230876597,151064.468221
9.85555555556,-0.00102548813447,0.579488277435,2.40511059761,6.82742102072e-05,2.31658959819e-05,0,0,-9.05124252313e-05,0.0166674368083,41.5200233459,0,0,0,0,0.766328005545,151064.468221
9.86666666667,-0.00102548813447,0.579488277435,2.40511059761,6.82742102072e-05,2.31658959819e-05,0,0,-9.05124252313e-05,0.0166674368083,41.5200233459,0,0,0,0,0.759456161404,151064.468221
9.87777777778,-0.00102548813447,0.579488277435,2.40511059761,6.82742102072e-05,2.31658959819e-05,0,0,-9.05124252313e-05,0.0166674368083,41.5200233459,0,0,0,0,0.75261500258,151064.468221
9.88888888889,-0.00102548813447,0.579488277435,2.40511059761,6.82742102072e-05,2.31658959819e-05,0,0,-9.05124252313e-05,0.0166674368083,41.5200233459,0,0,0,0,0.745804787192,151064.468221
9.9,-0.00102548813447,0.579488277435,2.40511059761,6.82742102072e-05,2.31658959819e-05,0,0,-9.05124252313e-05,0.0166674368083,41.5200233459,0,0,0,0,0.739025487824,151064.468221
9.91111111111,-0.00102548813447,0.579488277435,2.40511059761,6.82742102072e-05,2.31658959819e-05,0,0,-9.05124252313e-05,0.0166674368083,41.5200233459,0,0,0,0,0.732277233882,151064.468221
9.92222222222,-0.00102548813447,0.579488277435,2.40511059761,6.82742102072e-05,2.31658959819e-05,0,0,-9.05124252313e-05,0.0166674368083,41.5200233459,0,0,0,0,0.725559857086,151064.468221
9.93333333333,-0.00102548813447,0.579488277435,2.40511059761,6.82742102072e-05,2.31658959819e-05,0,0,-9.05124252313e-05,0.0166674368083,41.5200233459,0,0,0,0,0.718873424366,151064.468221
9.94444444444,-0.00102548813447,0.579488277435,2.40511059761,6.82742102072e-05,2.31658959819e-05,0,0,-9.05124252313e-05,0.0166674368083,41.5200233459,0,0,0,0,0.712218299153,151064.468221
9.95555555556,-0.00102548813447,0.579488277435,2.40511059761,6.82742102072e-05,2.31658959819e-05,0,0,-9.05124252313e-05,0.0166674368083,41.5200233459,0,0,0,0,0.705593889164,151064.468221
9.96666666667,-0.00102548813447,0.579488277435,2.40511059761,6.82742102072e-05,2.31658959819e-05,0,0,-9.05124252313e-05,0.0166674368083,41.5200233459,0,0,0,0,0.699000020566,151064.468221
9.97777777778,-0.00102548813447,0.579488277435,2.40511059761,6.82742102072e-05,2.31658959819e-05,0,0,-9.05124252313e-05,0.0166674368083,41.5200233459,0,0,0,0,0.692437665203,151064.468221
9.98888888889,-0.00102548813447,0.579488277435,2.40511059761,6.82742102072e-05,2.31658959819e-05,0,0,-9.05124252313e-05,0.0166674368083,41.5200233459,0,0,0,0,0.685906148512,151064.468221
10,-0.00102548813447,0.579488277435,2.40511059761,6.82742102072e-05,2.31658959819e-05,0,0,-9.05124252313e-05,0.0166674368083,41.5200233459,0,0,0,0,0.679405619578,151064.468221
10.0111111111,-0.00102548813447,0.579488277435,2.40511059761,6.82742102072e-05,2.31658959819e-05,0,0,-9.05124252313e-05,0.0166674368083,41.5200233459,0,0,0,0,0.672936072564,151064.468221
10.0222222222,-0.00102548813447,0.579488277435,2.40511059761,6.82742102072e-05,2.31658959819e-05,0,0,-9.05124252313e-05,0.0166674368083,41.5200233459,0,0,0,0,0.666497341313,151064.468221
10.0333333333,-0.00102548813447,0.579488277435,2.40511059761,6.82742102072e-05,2.31658959819e-05,0,0,-9.05124252313e-05,0.0166674368083,41.5200233459,0,0,0,0,0.660089338066,151064.468221
10.0444444444,-0.00102548813447,0.579488277435,2.40511059761,6.82742102072e-05,2.31658959819e-05,0,0,-9.05124252313e-05,0.0166674368083,41.5200233459,0,0,0,0,0.65371250494,151064.468221
10.0555555556,-0.00102548813447,0.579488277435,2.40511059761,6.82742102072e-05,2.31658959819e-05,0,0,-9.05124252313e-05,0.0166674368083,41.5200233459,0,0,0,0,0.64736661343,151064.468221
10.0666666667,-0.00102548813447,0.579488277435,2.40511059761,6.82742102072e-05,2.31658959819e-05,0,0,-9.05124252313e-05,0.0166674368083,41.5200233459,0,0,0,0,0.641051588714,151064.468221
10.0777777778,-0.00102548813447,0.579488277435,2.40511059761,6.82742102072e-05,2.31658959819e-05,0,0,-9.05124252313e-05,0.0166674368083,41.5200233459,0,0,0,0,0.634767471486,151064.468221
10.0888888889,-0.00102548813447,0.579488277435,2.40511059761,6.82742102072e-05,2.31658959819e-05,0,0,-9.05124252313e-05,0.0166674368083,41.5200233459,0,0,0,0,0.628514520255,151064.468221
10.1,-0.00102548813447,0.579488277435,2.40511059761,6.82742102072e-05,2.31658959819e-05,0,0,-9.05124252313e-05,0.0166674368083,41.5200233459,0,0,0,0,0.622292462363,151064.468221
10.1111111111,-0.00102548813447,0.579488277435,2.40511059761,6.82742102072e-05,2.31658959819e-05,0,0,-9.05124252313e-05,0.0166674368083,41.5200233459,0,0,0,0,0.616101202268,151064.468221
10.1222222222,-0.00102548813447,0.579488277435,2.40511059761,6.82742102072e-05,2.31658959819e-05,0,0,-9.05124252313e-05,0.0166674368083,41.5200233459,0,0,0,0,0.609940629895,151064.468221
10.1333333333,-0.00102548813447,0.579488277435,2.40511059761,6.82742102072e-05,2.31658959819e-05,0,0,-9.05124252313e-05,0.0166674368083,41.5200233459,0,0,0,0,0.603811188937,151064.468221
10.1444444444,-0.00102548813447,0.579488277435,2.40511059761,6.82742102072e-05,2.31658959819e-05,0,0,-9.05124252313e-05,0.0166674368083,41.5200233459,0,0,0,0,0.59771285524,151064.468221
10.1555555556,-0.00102548813447,0.579488277435,2.40511059761,6.82742102072e-05,2.31658959819e-05,0,0,-9.05124252313e-05,0.0166674368083,41.5200233459,0,0,0,0,0.591645423753,151064.468221
10.1666666667,-0.00102548813447,0.579488277435,2.40511059761,6.82742102072e-05,2.31658959819e-05,0,0,-9.05124252313e-05,0.0166674368083,41.5200233459,0,0,0,0,0.585608978534,151064.468221
10.1777777778,-0.00102548813447,0.579488277435,2.40511059761,6.82742102072e-05,2.31658959819e-05,0,0,-9.05124252313e-05,0.0166674368083,41.5200233459,0,0,0,0,0.579603530853,151064.468221
10.1888888889,-0.00102548813447,0.579488277435,2.40511059761,6.82742102072e-05,2.31658959819e-05,0,0,-9.05124252313e-05,0.0166674368083,41.5200233459,0,0,0,0,0.573629173499,151064.468221
10.2,-0.00102548813447,0.579488277435,2.40511059761,6.82742102072e-05,2.31658959819e-05,0,0,-9.05124252313e-05,0.0166674368083,41.5200233459,0,0,0,0,0.567685523722,151064.468221
10.2111111111,-0.00102548813447,0.579488277435,2.40511059761,6.82742102072e-05,2.31658959819e-05,0,0,-9.05124252313e-05,0.0166674368083,41.5200233459,0,0,0,0,0.561773117985,151064.468221
10.2222222222,-0.00102548813447,0.579488277435,2.40511059761,6.82742102072e-05,2.31658959819e-05,0,0,-9.05124252313e-05,0.0166674368083,41.5200233459,0,0,0,0,0.555891510056,151064.468221
10.2333333333,-0.00102548813447,0.579488277435,2.40511059761,6.82742102072e-05,2.31658959819e-05,0,0,-9.05124252313e-05,0.0166674368083,41.5200233459,0,0,0,0,0.550040962111,151064.468221
10.2444444444,-0.00102548813447,0.579488277435,2.40511059761,6.82742102072e-05,2.31658959819e-05,0,0,-9.05124252313e-05,0.0166674368083,41.5200233459,0,0,0,0,0.544221388162,151064.468221
10.2555555556,-0.00102548813447,0.579488277435,2.40511059761,6.82742102072e-05,2.31658959819e-05,0,0,-9.05124252313e-05,0.0166674368083,41.5200233459,0,0,0,0,0.538432861842,151064.468221
10.2666666667,-0.00102548813447,0.579488277435,2.40511059761,6.82742102072e-05,2.31658959819e-05,0,0,-9.05124252313e-05,0.0166674368083,41.5200233459,0,0,0,0,0.53267493647,151064.468221
10.2777777778,-0.00102548813447,0.579488277435,2.40511059761,6.82742102072e-05,2.31658959819e-05,0,0,-9.05124252313e-05,0.0166674368083,41.5200233459,0,0,0,0,0.526948197823,151064.468221
10.2888888889,-0.00102548813447,0.579488277435,2.40511059761,6.82742102072e-05,2.31658959819e-05,0,0,-9.05124252313e-05,0.0166674368083,41.5200233459,0,0,0,0,0.521252305122,151064.468221
10.3,-0.00102548813447,0.579488277435,2.40511059761,6.82742102072e-05,2.31658959819e-05,0,0,-9.05124252313e-05,0.0166674368083,41.5200233459,0,0,0,0,0.51558746447,151064.468221
10.3111111111,-0.00102548813447,0.579488277435,2.40511059761,6.82742102072e-05,2.31658959819e-05,0,0,-9.05124252313e-05,0.0166674368083,41.5200233459,0,0,0,0,0.509953416485,151064.468221
10.3222222222,-0.00102548813447,0.579488277435,2.40511059761,6.82742102072e-05,2.31658959819e-05,0,0,-9.05124252313e-05,0.0166674368083,41.5200233459,0,0,0,0,0.504350434184,151064.468221
10.3333333333,-0.00102548813447,0.579488277435,2.40511059761,6.82742102072e-05,2.31658959819e-05,0,0,-9.05124252313e-05,0.0166674368083,41.5200233459,0,0,0,0,0.498778364821,151064.468221
10.3444444444,-0.00102548813447,0.579488277435,2.40511059761,6.82742102072e-05,2.31658959819e-05,0,0,-9.05124252313e-05,0.0166674368083,41.5200233459,0,0,0,0,0.493237292907,151064.468221
10.3555555556,-0.00102548813447,0.579488277435,2.40511059761,6.82742102072e-05,2.31658959819e-05,0,0,-9.05124252313e-05,0.0166674368083,41.5200233459,0,0,0,0,0.48772714312,151064.468221
10.3666666667,-0.00102548813447,0.579488277435,2.40511059761,6.82742102072e-05,2.31658959819e-05,0,0,-9.05124252313e-05,0.0166674368083,41.5200233459,0,0,0,0,0.482248153192,151064.468221
10.3777777778,-0.00102548813447,0.579488277435,2.40511059761,6.82742102072e-05,2.31658959819e-05,0,0,-9.05124252313e-05,0.0166674368083,41.5200233459,0,0,0,0,0.47679993844,151064.468221
10.3888888889,-0.00102548813447,0.579488277435,2.40511059761,6.82742102072e-05,2.31658959819e-05,0,0,-9.05124252313e-05,0.0166674368083,41.5200233459,0,0,0,0,0.471382479072,151064.468221
10.4,-0.00102548813447,0.579488277435,2.40511059761,6.82742102072e-05,2.31658959819e-05,0,0,-9.05124252313e-05,0.0166674368083,41.5200233459,0,0,0,0,0.465996083393,151064.468221
10.4111111111,-0.00102548813447,0.579488277435,2.40511059761,6.82742102072e-05,2.31658959819e-05,0,0,-9.05124252313e-05,0.0166674368083,41.5200233459,0,0,0,0,0.46064062389,151064.468221
10.4222222222,-0.00102548813447,0.579488277435,2.40511059761,6.82742102072e-05,2.31658959819e-05,0,0,-9.05124252313e-05,0.0166674368083,41.5200233459,0,0,0,0,0.45531615515,151064.468221
10.4333333333,-0.00102548813447,0.579488277435,2.40511059761,6.82742102072e-05,2.31658959819e-05,0,0,-9.05124252313e-05,0.0166674368083,41.5200233459,0,0,0,0,0.450022563912,151064.468221
10.4444444444,-0.00102548813447,0.579488277435,2.40511059761,6.82742102072e-05,2.31658959819e-05,0,0,-9.05124252313e-05,0.0166674368083,41.5200233459,0,0,0,0,0.444760211501,151064.468221
10.4555555556,-0.00102548813447,0.579488277435,2.40511059761,6.82742102072e-05,2.31658959819e-05,0,0,-9.05124252313e-05,0.0166674368083,41.5200233459,0,0,0,0,0.439528557517,151064.468221
10.4666666667,-0.00102548813447,0.579488277435,2.40511059761,6.82742102072e-05,2.31658959819e-05,0,0,-9.05124252313e-05,0.0166674368083,41.5200233459,0,0,0,0,0.43432779933,151064.468221
10.4777777778,-0.00102548813447,0.579488277435,2.40511059761,6.82742102072e-05,2.31658959819e-05,0,0,-9.05124252313e-05,0.0166674368083,41.5200233459,0,0,0,0,0.42915793737,151064.468221
10.4888888889,-0.00102548813447,0.579488277435,2.40511059761,6.82742102072e-05,2.31658959819e-05,0,0,-9.05124252313e-05,0.0166674368083,41.5200233459,0,0,0,0,0.424018866033,151064.468221
10.5,-0.00102548813447,0.579488277435,2.40511059761,6.82742102072e-05,2.31658959819e-05,0,0,-9.05124252313e-05,0.0166674368083,41.5200233459,0,0,0,0,0.418911216347,151064.468221
10.5111111111,-0.00102548813447,0.579488277435,2.40511059761,6.82742102072e-05,2.31658959819e-05,0,0,-9.05124252313e-05,0.0166674368083,41.5200233459,0,0,0,0,0.413833991565,151064.468221
10.5222222222,-0.00102548813447,0.579488277435,2.40511059761,6.82742102072e-05,2.31658959819e-05,0,0,-9.05124252313e-05,0.0166674368083,41.5200233459,0,0,0,0,0.408788248424,151064.468221
10.5333333333,-0.00102548813447,0.579488277435,2.40511059761,6.82742102072e-05,2.31658959819e-05,0,0,-9.05124252313e-05,0.0166674368083,41.5200233459,0,0,0,0,0.403773324172,151064.468221
10.5444444444,-0.00102548813447,0.579488277435,2.40511059761,6.82742102072e-05,2.31658959819e-05,0,0,-9.05124252313e-05,0.0166674368083,41.5200233459,0,0,0,0,0.398789271226,151064.468221
10.5555555556,-0.00102548813447,0.579488277435,2.40511059761,6.82742102072e-05,2.31658959819e-05,0,0,-9.05124252313e-05,0.0166674368083,41.5200233459,0,0,0,0,0.393836051752,151064.468221
10.5666666667,-0.00102548813447,0.579488277435,2.40511059761,6.82742102072e-05,2.31658959819e-05,0,0,-9.05124252313e-05,0.0166674368083,41.5200233459,0,0,0,0,0.388913979766,151064.468221
10.5777777778,-0.00102548813447,0.579488277435,2.40511059761,6.82742102072e-05,2.31658959819e-05,0,0,-9.05124252313e-05,0.0166674368083,41.5200233459,0,0,0,0,0.384022877211,151064.468221
10.5888888889,-0.00102548813447,0.579488277435,2.40511059761,6.82742102072e-05,2.31658959819e-05,0,0,-9.05124252313e-05,0.0166674368083,41.5200233459,0,0,0,0,0.379162777468,151064.468221
10.6,-0.00102548813447,0.579488277435,2.40511059761,6.82742102072e-05,2.31658959819e-05,0,0,-9.05124252313e-05,0.0166674368083,41.5200233459,0,0,0,0,0.37433364226,151064.468221
10.6111111111,-0.00102548813447,0.579488277435,2.40511059761,6.82742102072e-05,2.31658959819e-05,0,0,-9.05124252313e-05,0.0166674368083,41.5200233459,0,0,0,0,0.369535294465,151064.468221
10.6222222222,-0.00102548813447,0.579488277435,2.40511059761,6.82742102072e-05,2.31658959819e-05,0,0,-9.05124252313e-05,0.0166674368083,41.5200233459,0,0,0,0,0.364767994558,151064.468221
10.6333333333,-0.00102548813447,0.579488277435,2.40511059761,6.82742102072e-05,2.31658959819e-05,0,0,-9.05124252313e-05,0.0166674368083,41.5200233459,0,0,0,0,0.360031464697,151064.468221
10.6444444444,-0.00102548813447,0.579488277435,2.40511059761,6.82742102072e-05,2.31658959819e-05,0,0,-9.05124252313e-05,0.0166674368083,41.5200233459,0,0,0,0,0.355326082389,151064.468221
10.6555555556,-0.00102548813447,0.579488277435,2.40511059761,6.82742102072e-05,2.31658959819e-05,0,0,-9.05124252313e-05,0.0166674368083,41.5200233459,0,0,0,0,0.350651497585,151064.468221
10.6666666667,-0.00102548813447,0.579488277435,2.40511059761,6.82742102072e-05,2.31658959819e-05,0,0,-9.05124252313e-05,0.0166674368083,41.5200233459,0,0,0,0,0.34600806075,151064.468221
10.6777777778,-0.00102548813447,0.579488277435,2.40511059761,6.82742102072e-05,2.31658959819e-05,0,0,-9.05124252313e-05,0.0166674368083,41.5200233459,0,0,0,0,0.341395565155,151064.468221
10.6888888889,-0.00102548813447,0.579488277435,2.40511059761,6.82742102072e-05,2.31658959819e-05,0,0,-9.05124252313e-05,0.0166674368083,41.5200233459,0,0,0,0,0.336813770136,151064.468221
10.7,-0.00102548813447,0.579488277435,2.40511059761,6.82742102072e-05,2.31658959819e-05,0,0,-9.05124252313e-05,0.0166674368083,41.5200233459,0,0,0,0,0.332263043993,151064.468221
10.7111111111,-0.00102548813447,0.579488277435,2.40511059761,6.82742102072e-05,2.31658959819e-05,0,0,-9.05124252313e-05,0.0166674368083,41.5200233459,0,0,0,0,0.327743329875,151064.468221
10.7222222222,-0.00102548813447,0.579488277435,2.40511059761,6.82742102072e-05,2.31658959819e-05,0,0,-9.05124252313e-05,0.0166674368083,41.5200233459,0,0,0,0,0.323254686896,151064.468221
10.7333333333,-0.00102548813447,0.579488277435,2.40511059761,6.82742102072e-05,2.31658959819e-05,0,0,-9.05124252313e-05,0.0166674368083,41.5200233459,0,0,0,0,0.318796918775,151064.468221
10.7444444444,-0.00102548813447,0.579488277435,2.40511059761,6.82742102072e-05,2.31658959819e-05,0,0,-9.05124252313e-05,0.0166674368083,41.5200233459,0,0,0,0,0.314370085494,151064.468221
10.7555555556,-0.00102548813447,0.579488277435,2.40511059761,6.82742102072e-05,2.31658959819e-05,0,0,-9.05124252313e-05,0.0166674368083,41.5200233459,0,0,0,0,0.309974285301,151064.468221
10.7666666667,-0.00102548813447,0.579488277435,2.40511059761,6.82742102072e-05,2.31658959819e-05,0,0,-9.05124252313e-05,0.0166674368083,41.5200233459,0,0,0,0,0.305609155234,151064.468221
10.7777777778,-0.00102548813447,0.579488277435,2.40511059761,6.82742102072e-05,2.31658959819e-05,0,0,-9.05124252313e-05,0.0166674368083,41.5200233459,0,0,0,0,0.301275140559,151064.468221
10.7888888889,-0.00102548813447,0.579488277435,2.40511059761,6.82742102072e-05,2.31658959819e-05,0,0,-9.05124252313e-05,0.0166674368083,41.5200233459,0,0,0,0,0.296972028695,151064.468221
10.8,-0.00102548813447,0.579488277435,2.40511059761,6.82742102072e-05,2.31658959819e-05,0,0,-9.05124252313e-05,0.0166674368083,41.5200233459,0,0,0,0,0.292699761414,151064.468221
10.8111111111,-0.00102548813447,0.579488277435,2.40511059761,6.82742102072e-05,2.31658959819e-05,0,0,-9.05124252313e-05,0.0166674368083,41.5200233459,0,0,0,0,0.288458602014,151064.468221
10.8222222222,-0.00102548813447,0.579488277435,2.40511059761,6.82742102072e-05,2.31658959819e-05,0,0,-9.05124252313e-05,0.0166674368083,41.5200233459,0,0,0,0,0.284248441062,151064.468221
10.8333333333,-0.00102548813447,0.579488277435,2.40511059761,6.82742102072e-05,2.31658959819e-05,0,0,-9.05124252313e-05,0.0166674368083,41.5200233459,0,0,0,0,0.280069122796,151064.468221
10.8444444444,-0.00102548813447,0.579488277435,2.40511059761,6.82742102072e-05,2.31658959819e-05,0,0,-9.05124252313e-05,0.0166674368083,41.5200233459,0,0,0,0,0.275920817666,151064.468221
10.8555555556,-0.00102548813447,0.579488277435,2.40511059761,6.82742102072e-05,2.31658959819e-05,0,0,-9.05124252313e-05,0.0166674368083,41.5200233459,0,0,0,0,0.271803539894,151064.468221
10.8666666667,-0.00102548813447,0.579488277435,2.40511059761,6.82742102072e-05,2.31658959819e-05,0,0,-9.05124252313e-05,0.0166674368083,41.5200233459,0,0,0,0,0.267717326568,151064.468221
10.8777777778,-0.00102548813447,0.579488277435,2.40511059761,6.82742102072e-05,2.31658959819e-05,0,0,-9.05124252313e-05,0.0166674368083,41.5200233459,0,0,0,0,0.263661843109,151064.468221
10.8888888889,-0.00102548813447,0.579488277435,2.40511059761,6.82742102072e-05,2.31658959819e-05,0,0,-9.05124252313e-05,0.0166674368083,41.5200233459,0,0,0,0,0.259637477584,151064.468221
10.9,-0.00102548813447,0.579488277435,2.40511059761,6.82742102072e-05,2.31658959819e-05,0,0,-9.05124252313e-05,0.0166674368083,41.5200233459,0,0,0,0,0.255643853051,151064.468221
10.9111111111,-0.00102548813447,0.579488277435,2.40511059761,6.82742102072e-05,2.31658959819e-05,0,0,-9.05124252313e-05,0.0166674368083,41.5200233459,0,0,0,0,0.251681305136,151064.468221
10.9222222222,-0.00102548813447,0.579488277435,2.40511059761,6.82742102072e-05,2.31658959819e-05,0,0,-9.05124252313e-05,0.0166674368083,41.5200233459,0,0,0,0,0.247749707736,151064.468221
10.9333333333,-0.00102548813447,0.579488277435,2.40511059761,6.82742102072e-05,2.31658959819e-05,0,0,-9.05124252313e-05,0.0166674368083,41.5200233459,0,0,0,0,0.243848938912,151064.468221
10.9444444444,-0.00102548813447,0.579488277435,2.40511059761,6.82742102072e-05,2.31658959819e-05,0,0,-9.05124252313e-05,0.0166674368083,41.5200233459,0,0,0,0,0.23997942939,151064.468221
10.9555555556,-0.00102548813447,0.579488277435,2.40511059761,6.82742102072e-05,2.31658959819e-05,0,0,-9.05124252313e-05,0.0166674368083,41.5200233459,0,0,0,0,0.236140687109,151064.468221
10.9666666667,-0.00102548813447,0.579488277435,2.40511059761,6.82742102072e-05,2.31658959819e-05,0,0,-9.05124252313e-05,0.0166674368083,41.5200233459,0,0,0,0,0.232332872912,151064.468221
10.9777777778,-0.00102548813447,0.579488277435,2.40511059761,6.82742102072e-05,2.31658959819e-05,0,0,-9.05124252313e-05,0.0166674368083,41.5200233459,0,0,0,0,0.228556012766,151064.468221
10.9888888889,-0.00102548813447,0.579488277435,2.40511059761,6.82742102072e-05,2.31658959819e-05,0,0,-9.05124252313e-05,0.0166674368083,41.5200233459,0,0,0,0,0.224810165765,151064.468221
11,-0.00102548813447,0.579488277435,2.40511059761,6.82742102072e-05,2.31658959819e-05,0,0,-9.05124252313e-05,0.0166674368083,41.5200233459,0,0,0,0,0.221095224159,151064.468221
11.0111111111,-0.00102548813447,0.579488277435,2.40511059761,6.82742102072e-05,2.31658959819e-05,0,0,-9.05124252313e-05,0.0166674368083,41.5200233459,0,0,0,0,0.217411248392,151064.468221
11.0222222222,-0.00102548813447,0.579488277435,2.40511059761,6.82742102072e-05,2.31658959819e-05,0,0,-9.05124252313e-05,0.0166674368083,41.5200233459,0,0,0,0,0.213758293556,151064.468221
11.0333333333,-0.00102548813447,0.579488277435,2.40511059761,6.82742102072e-05,2.31658959819e-05,0,0,-9.05124252313e-05,0.0166674368083,41.5200233459,0,0,0,0,0.210136210374,151064.468221
11.0444444444,-0.00102548813447,0.579488277435,2.40511059761,6.82742102072e-05,2.31658959819e-05,0,0,-9.05124252313e-05,0.0166674368083,41.5200233459,0,0,0,0,0.206545080502,151064.468221
11.0555555556,-0.00102548813447,0.579488277435,2.40511059761,6.82742102072e-05,2.31658959819e-05,0,0,-9.05124252313e-05,0.0166674368083,41.5200233459,0,0,0,0,0.202984995634,151064.468221
11.0666666667,-0.00102548813447,0.579488277435,2.40511059761,6.82742102072e-05,2.31658959819e-05,0,0,-9.05124252313e-05,0.0166674368083,41.5200233459,0,0,0,0,0.199455908806,151064.468221
11.0777777778,-0.00102548813447,0.579488277435,2.40511059761,6.82742102072e-05,2.31658959819e-05,0,0,-9.05124252313e-05,0.0166674368083,41.5200233459,0,0,0,0,0.195957640561,151064.468221
11.0888888889,-0.00102548813447,0.579488277435,2.40511059761,6.82742102072e-05,2.31658959819e-05,0,0,-9.05124252313e-05,0.0166674368083,41.5200233459,0,0,0,0,0.192490272236,151064.468221
11.1,-0.00102548813447,0.579488277435,2.40511059761,6.82742102072e-05,2.31658959819e-05,0,0,-9.05124252313e-05,0.0166674368083,41.5200233459,0,0,0,0,0.189053918405,151064.468221
11.1111111111,-0.00102548813447,0.579488277435,2.40511059761,6.82742102072e-05,2.31658959819e-05,0,0,-9.05124252313e-05,0.0166674368083,41.5200233459,0,0,0,0,0.185648417386,151064.468221
11.1222222222,-0.00102548813447,0.579488277435,2.40511059761,6.82742102072e-05,2.31658959819e-05,0,0,-9.05124252313e-05,0.0166674368083,41.5200233459,0,0,0,0,0.182273996188,151064.468221
11.1333333333,-0.00102548813447,0.579488277435,2.40511059761,6.82742102072e-05,2.31658959819e-05,0,0,-9.05124252313e-05,0.0166674368083,41.5200233459,0,0,0,0,0.178930399281,151064.468221
11.1444444444,-0.00102548813447,0.579488277435,2.40511059761,6.82742102072e-05,2.31658959819e-05,0,0,-9.05124252313e-05,0.0166674368083,41.5200233459,0,0,0,0,0.1756178637,151064.468221
11.1555555556,-0.00102548813447,0.579488277435,2.40511059761,6.82742102072e-05,2.31658959819e-05,0,0,-9.05124252313e-05,0.0166674368083,41.5200233459,0,0,0,0,0.172336257424,151064.468221
11.1666666667,-0.00102548813447,0.579488277435,2.40511059761,6.82742102072e-05,2.31658959819e-05,0,0,-9.05124252313e-05,0.0166674368083,41.5200233459,0,0,0,0,0.169085545871,151064.468221
11.1777777778,-0.00102548813447,0.579488277435,2.40511059761,6.82742102072e-05,2.31658959819e-05,0,0,-9.05124252313e-05,0.0166674368083,41.5200233459,0,0,0,0,0.165865725495,151064.468221
11.1888888889,-0.00102548813447,0.579488277435,2.40511059761,6.82742102072e-05,2.31658959819e-05,0,0,-9.05124252313e-05,0.0166674368083,41.5200233459,0,0,0,0,0.162677013912,151064.468221
11.2,-0.00102548813447,0.579488277435,2.40511059761,6.82742102072e-05,2.31658959819e-05,0,0,-9.05124252313e-05,0.0166674368083,41.5200233459,0,0,0,0,0.159519072229,151064.468221
11.2111111111,-0.00102548813447,0.579488277435,2.40511059761,6.82742102072e-05,2.31658959819e-05,0,0,-9.05124252313e-05,0.0166674368083,41.5200233459,0,0,0,0,0.156392201991,151064.468221
11.2222222222,-0.00102548813447,0.579488277435,2.40511059761,6.82742102072e-05,2.31658959819e-05,0,0,-9.05124252313e-05,0.0166674368083,41.5200233459,0,0,0,0,0.153296228256,151064.468221
11.2333333333,-0.00102548813447,0.579488277435,2.40511059761,6.82742102072e-05,2.31658959819e-05,0,0,-9.05124252313e-05,0.0166674368083,41.5200233459,0,0,0,0,0.150231316561,151064.468221
11.2444444444,-0.00102548813447,0.579488277435,2.40511059761,6.82742102072e-05,2.31658959819e-05,0,0,-9.05124252313e-05,0.0166674368083,41.5200233459,0,0,0,0,0.147197303741,151064.468221
11.2555555556,-0.00102548813447,0.579488277435,2.40511059761,6.82742102072e-05,2.31658959819e-05,0,0,-9.05124252313e-05,0.0166674368083,41.5200233459,0,0,0,0,0.144194285071,151064.468221
11.2666666667,-0.00102548813447,0.579488277435,2.40511059761,6.82742102072e-05,2.31658959819e-05,0,0,-9.05124252313e-05,0.0166674368083,41.5200233459,0,0,0,0,0.141222128508,151064.468221
11.2777777778,-0.00102548813447,0.579488277435,2.40511059761,6.82742102072e-05,2.31658959819e-05,0,0,-9.05124252313e-05,0.0166674368083,41.5200233459,0,0,0,0,0.138280957191,151064.468221
11.2888888889,-0.00102548813447,0.579488277435,2.40511059761,6.82742102072e-05,2.31658959819e-05,0,0,-9.05124252313e-05,0.0166674368083,41.5200233459,0,0,0,0,0.135370757536,151064.468221
11.3,-0.00102548813447,0.579488277435,2.40511059761,6.82742102072e-05,2.31658959819e-05,0,0,-9.05124252313e-05,0.0166674368083,41.5200233459,0,0,0,0,0.132491551039,151064.468221
11.3111111111,-0.00102548813447,0.579488277435,2.40511059761,6.82742102072e-05,2.31658959819e-05,0,0,-9.05124252313e-05,0.0166674368083,41.5200233459,0,0,0,0,0.129643309987,151064.468221
11.3222222222,-0.00102548813447,0.579488277435,2.40511059761,6.82742102072e-05,2.31658959819e-05,0,0,-9.05124252313e-05,0.0166674368083,41.5200233459,0,0,0,0,0.126825892565,151064.468221
11.3333333333,-0.00102548813447,0.579488277435,2.40511059761,6.82742102072e-05,2.31658959819e-05,0,0,-9.05124252313e-05,0.0166674368083,41.5200233459,0,0,0,0,0.124039455985,151064.468221
11.3444444444,-0.00102548813447,0.579488277435,2.40511059761,6.82742102072e-05,2.31658959819e-05,0,0,-9.05124252313e-05,0.0166674368083,41.5200233459,0,0,0,0,0.121284035826,151064.468221
11.3555555556,-0.00102548813447,0.579488277435,2.40511059761,6.82742102072e-05,2.31658959819e-05,0,0,-9.05124252313e-05,0.0166674368083,41.5200233459,0,0,0,0,0.118559510349,151064.468221
11.3666666667,-0.00102548813447,0.579488277435,2.40511059761,6.82742102072e-05,2.31658959819e-05,0,0,-9.05124252313e-05,0.0166674368083,41.5200233459,0,0,0,0,0.115865952503,151064.468221
11.3777777778,-0.00102548813447,0.579488277435,2.40511059761,6.82742102072e-05,2.31658959819e-05,0,0,-9.05124252313e-05,0.0166674368083,41.5200233459,0,0,0,0,0.113203251209,151064.468221
11.3888888889,-0.00102548813447,0.579488277435,2.40511059761,6.82742102072e-05,2.31658959819e-05,0,0,-9.05124252313e-05,0.0166674368083,41.5200233459,0,0,0,0,0.110571492457,151064.468221
11.4,-0.00102548813447,0.579488277435,2.40511059761,6.82742102072e-05,2.31658959819e-05,0,0,-9.05124252313e-05,0.0166674368083,41.5200233459,0,0,0,0,0.107970636667,151064.468221
11.4111111111,-0.00102548813447,0.579488277435,2.40511059761,6.82742102072e-05,2.31658959819e-05,0,0,-9.05124252313e-05,0.0166674368083,41.5200233459,0,0,0,0,0.105400968268,151064.468221
11.4222222222,-0.00102548813447,0.579488277435,2.40511059761,6.82742102072e-05,2.31658959819e-05,0,0,-9.05124252313e-05,0.0166674368083,41.5200233459,0,0,0,0,0.102862174262,151064.468221
11.4333333333,-0.00102548813447,0.579488277435,2.40511059761,6.82742102072e-05,2.31658959819e-05,0,0,-9.05124252313e-05,0.0166674368083,41.5200233459,0,0,0,0,0.100354364433,151064.468221
11.4444444444,-0.00102548813447,0.579488277435,2.40511059761,6.82742102072e-05,2.31658959819e-05,0,0,-9.05124252313e-05,0.0166674368083,41.5200233459,0,0,0,0,0.0978775062009,151064.468221
11.4555555556,-0.00102548813447,0.579488277435,2.40511059761,6.82742102072e-05,2.31658959819e-05,0,0,-9.05124252313e-05,0.0166674368083,41.5200233459,0,0,0,0,0.0954315759212,151064.468221
11.4666666667,-0.00102548813447,0.579488277435,2.40511059761,6.82742102072e-05,2.31658959819e-05,0,0,-9.05124252313e-05,0.0166674368083,41.5200233459,0,0,0,0,0.0930165212674,151064.468221
11.4777777778,-0.00102548813447,0.579488277435,2.40511059761,6.82742102072e-05,2.31658959819e-05,0,0,-9.05124252313e-05,0.0166674368083,41.5200233459,0,0,0,0,0.0906324371466,151064.468221
11.4888888889,-0.00102548813447,0.579488277435,2.40511059761,6.82742102072e-05,2.31658959819e-05,0,0,-9.05124252313e-05,0.0166674368083,41.5200233459,0,0,0,0,0.0882792777773,151064.468221
11.5,-0.00102548813447,0.579488277435,2.40511059761,6.82742102072e-05,2.31658959819e-05,0,0,-9.05124252313e-05,0.0166674368083,41.5200233459,0,0,0,0,0.0859571866136,151064.468221
11.5111111111,-0.00102548813447,0.579488277435,2.40511059761,6.82742102072e-05,2.31658959819e-05,0,0,-9.05124252313e-05,0.0166674368083,41.5200233459,0,0,0,0,0.0836659721029,151064.468221
11.5222222222,-0.00102548813447,0.579488277435,2.40511059761,6.82742102072e-05,2.31658959819e-05,0,0,-9.05124252313e-05,0.0166674368083,41.5200233459,0,0,0,0,0.0814057755615,151064.468221
11.5333333333,-0.00102548813447,0.579488277435,2.40511059761,6.82742102072e-05,2.31658959819e-05,0,0,-9.05124252313e-05,0.0166674368083,41.5200233459,0,0,0,0,0.0791764228353,151064.468221
11.5444444444,-0.00102548813447,0.579488277435,2.40511059761,6.82742102072e-05,2.31658959819e-05,0,0,-9.05124252313e-05,0.0166674368083,41.5200233459,0,0,0,0,0.0769780094956,151064.468221
11.5555555556,-0.00102548813447,0.579488277435,2.40511059761,6.82742102072e-05,2.31658959819e-05,0,0,-9.05124252313e-05,0.0166674368083,41.5200233459,0,0,0,0,0.0748106026264,151064.468221
11.5666666667,-0.00102548813447,0.579488277435,2.40511059761,6.82742102072e-05,2.31658959819e-05,0,0,-9.05124252313e-05,0.0166674368083,41.5200233459,0,0,0,0,0.0726741404452,151064.468221
11.5777777778,-0.00102548813447,0.579488277435,2.40511059761,6.82742102072e-05,2.31658959819e-05,0,0,-9.05124252313e-05,0.0166674368083,41.5200233459,0,0,0,0,0.0705686597915,151064.468221
11.5888888889,-0.00102548813447,0.579488277435,2.40511059761,6.82742102072e-05,2.31658959819e-05,0,0,-9.05124252313e-05,0.0166674368083,41.5200233459,0,0,0,0,0.0684941317588,151064.468221
11.6,-0.00102548813447,0.579488277435,2.40511059761,6.82742102072e-05,2.31658959819e-05,0,0,-9.05124252313e-05,0.0166674368083,41.5200233459,0,0,0,0,0.0664505290714,151064.468221
11.6111111111,-0.00102548813447,0.579488277435,2.40511059761,6.82742102072e-05,2.31658959819e-05,0,0,-9.05124252313e-05,0.0166674368083,41.5200233459,0,0,0,0,0.0644378056518,151064.468221
11.6222222222,-0.00102548813447,0.579488277435,2.40511059761,6.82742102072e-05,2.31658959819e-05,0,0,-9.05124252313e-05,0.0166674368083,41.5200233459,0,0,0,0,0.0624561230447,151064.468221
11.6333333333,-0.00102548813447,0.579488277435,2.40511059761,6.82742102072e-05,2.31658959819e-05,0,0,-9.05124252313e-05,0.0166674368083,41.5200233459,0,0,0,0,0.0605054197732,151064.468221
11.6444444444,-0.00102548813447,0.579488277435,2.40511059761,6.82742102072e-05,2.31658959819e-05,0,0,-9.05124252313e-05,0.0166674368083,41.5200233459,0,0,0,0,0.0585856663452,151064.468221
11.6555555556,-0.00102548813447,0.579488277435,2.40511059761,6.82742102072e-05,2.31658959819e-05,0,0,-9.05124252313e-05,0.0166674368083,41.5200233459,0,0,0,0,0.0566968338934,151064.468221
11.6666666667,-0.00102548813447,0.579488277435,2.40511059761,6.82742102072e-05,2.31658959819e-05,0,0,-9.05124252313e-05,0.0166674368083,41.5200233459,0,0,0,0,0.0548389530877,151064.468221
11.6777777778,-0.00102548813447,0.579488277435,2.40511059761,6.82742102072e-05,2.31658959819e-05,0,0,-9.05124252313e-05,0.0166674368083,41.5200233459,0,0,0,0,0.0530120207971,151064.468221
11.6888888889,-0.00102548813447,0.579488277435,2.40511059761,6.82742102072e-05,2.31658959819e-05,0,0,-9.05124252313e-05,0.0166674368083,41.5200233459,0,0,0,0,0.0512160221201,151064.468221
11.7,-0.00102548813447,0.579488277435,2.40511059761,6.82742102072e-05,2.31658959819e-05,0,0,-9.05124252313e-05,0.0166674368083,41.5200233459,0,0,0,0,0.0494509648792,151064.468221
11.7111111111,-0.00102548813447,0.579488277435,2.40511059761,6.82742102072e-05,2.31658959819e-05,0,0,-9.05124252313e-05,0.0166674368083,41.5200233459,0,0,0,0,0.047716839183,151064.468221
11.7222222222,-0.00102548813447,0.579488277435,2.40511059761,6.82742102072e-05,2.31658959819e-05,0,0,-9.05124252313e-05,0.0166674368083,41.5200233459,0,0,0,0,0.0460137257831,151064.468221
11.7333333333,-0.00102548813447,0.579488277435,2.40511059761,6.82742102072e-05,2.31658959819e-05,0,0,-9.05124252313e-05,0.0166674368083,41.5200233459,0,0,0,0,0.0443415641752,151064.468221
11.7444444444,-0.00102548813447,0.579488277435,2.40511059761,6.82742102072e-05,2.31658959819e-05,0,0,-9.05124252313e-05,0.0166674368083,41.5200233459,0,0,0,0,0.0427003773146,151064.468221
11.7555555556,-0.00102548813447,0.579488277435,2.40511059761,6.82742102072e-05,2.31658959819e-05,0,0,-9.05124252313e-05,0.0166674368083,41.5200233459,0,0,0,0,0.0410901267983,151064.468221
11.7666666667,-0.00102548813447,0.579488277435,2.40511059761,6.82742102072e-05,2.31658959819e-05,0,0,-9.05124252313e-05,0.0166674368083,41.5200233459,0,0,0,0,0.0395107646987,151064.468221
11.7777777778,-0.00102548813447,0.579488277435,2.40511059761,6.82742102072e-05,2.31658959819e-05,0,0,-9.05124252313e-05,0.0166674368083,41.5200233459,0,0,0,0,0.0379624130493,151064.468104
11.7888888889,-0.00102548813447,0.579488277435,2.40511059761,6.82742102072e-05,2.35938041442e-05,0,0,-9.05124252313e-05,0.0166674368083,41.5200233459,0,0,0,0,0.0364450167582,151064.468104
11.8,-0.00102548813447,0.579488277435,2.40511059761,6.82742102072e-05,2.38466254814e-05,0,0,-9.05124252313e-05,0.0166674368083,41.5200233459,0,0,0,0,0.0349585749688,151064.468104
11.8111111111,-0.00102548813447,0.579488277435,2.40511059761,6.82742102072e-05,2.33905520872e-05,0,0,-9.05124252313e-05,0.0166674368083,41.5200233459,0,0,0,0,0.0335030701915,151064.468104
11.8222222222,-0.00102548813447,0.579488277435,2.40511059761,6.82742102072e-05,2.31658959819e-05,0,0,-9.05124252313e-05,0.0166674368083,41.5200233459,0,0,0,0,0.032078539517,151064.468104
11.8333333333,-0.00102548813447,0.579488277435,2.40511059761,6.82742102072e-05,2.31658959819e-05,0,0,-9.05124252313e-05,0.0166674368083,41.5200233459,0,0,0,0,0.0306849488758,151064.468104
11.8444444444,-0.00102548813447,0.579488277435,2.40511059761,6.82742102072e-05,2.31658959819e-05,0,0,-9.05124252313e-05,0.0166674368083,41.5200233459,0,0,0,0,0.0293222643377,151064.468104
11.8555555556,-0.00102548813447,0.579488277435,2.40511059761,6.82742102072e-05,2.31658959819e-05,0,0,-9.05124252313e-05,0.0166674368083,41.5200233459,0,0,0,0,0.0279905608971,151064.468104
11.8666666667,-0.00102548813447,0.579488277435,2.40511059761,6.82742102072e-05,2.31658959819e-05,0,0,-9.05124252313e-05,0.0166674368083,41.5200233459,0,0,0,0,0.026689813407,151064.468104
11.8777777778,-0.00102548813447,0.579488277435,2.40511059761,6.82742102072e-05,2.31658959819e-05,0,0,-9.05124252313e-05,0.0166674368083,41.5200233459,0,0,0,0,0.025420021731,151064.468104
11.8888888889,-0.00102548813447,0.579488277435,2.40511059761,6.82742102072e-05,2.31658959819e-05,0,0,-9.05124252313e-05,0.0166674368083,41.5200233459,0,0,0,0,0.024181132448,151064.468104
11.9,-0.00102548813447,0.579488277435,2.40511059761,6.82742102072e-05,2.31658959819e-05,0,0,-9.05124252313e-05,0.0166674368083,41.5200233459,0,0,0,0,0.0229732445533,151064.468104
11.9111111111,-0.00102548813447,0.579488277435,2.40511059761,6.82742102072e-05,2.31658959819e-05,0,0,-9.05124252313e-05,0.0166674368083,41.5200233459,0,0,0,0,0.0217962901487,151064.468104
11.9222222222,-0.00102548813447,0.579488277435,2.40511059761,6.82742102072e-05,2.31658959819e-05,0,0,-9.05124252313e-05,0.0166674368083,41.5200233459,0,0,0,0,0.0206503131383,151064.468104
11.9333333333,-0.00102548813447,0.579488277435,2.40511059761,6.82742102072e-05,2.31658959819e-05,0,0,-9.05124252313e-05,0.0166674368083,41.5200233459,0,0,0,0,0.01953525565,151064.468104
11.9444444444,-0.00102548813447,0.579488277435,2.40511059761,6.82742102072e-05,2.31658959819e-05,0,0,-9.05124252313e-05,0.0166674368083,41.5200233459,0,0,0,0,0.0184511185206,151064.468104
11.9555555556,-0.00102548813447,0.579488277435,2.40511059761,6.82742102072e-05,2.31658959819e-05,0,0,-9.05124252313e-05,0.0166674368083,41.5200233459,0,0,0,0,0.0173979717442,151064.468104
11.9666666667,-0.00102548813447,0.579488277435,2.40511059761,6.82742102072e-05,2.31658959819e-05,0,0,-9.05124252313e-05,0.0166674368083,41.5200233459,0,0,0,0,0.0163758026426,151064.468104
11.9777777778,-0.00102548813447,0.579488277435,2.40511059761,6.82742102072e-05,2.31658959819e-05,0,0,-9.05124252313e-05,0.0166674368083,41.5200233459,0,0,0,0,0.0153845755252,151064.468104
11.9888888889,-0.00102548813447,0.579488277435,2.40511059761,6.82742102072e-05,2.31658959819e-05,0,0,-9.05124252313e-05,0.0166674368083,41.5200233459,0,0,0,0,0.0144242548205,151064.468104
12,-0.00102548813447,0.579488277435,2.40511059761,6.82742102072e-05,2.31658959819e-05,0,0,-9.05124252313e-05,0.0166674368083,41.5200233459,0,0,0,0,0.0134949073927,151064.468104
12.0111111111,-0.00102548813447,0.579488277435,2.40511059761,6.82742102072e-05,2.31658959819e-05,0,0,-9.05124252313e-05,0.0166674368083,41.5200233459,0,0,0,0,0.0125965230676,151064.468104
12.0222222222,-0.00102548813447,0.579488277435,2.40511059761,6.82742102072e-05,2.31658959819e-05,0,0,-9.05124252313e-05,0.0166674368083,41.5200233459,0,0,0,0,0.0117290744896,151064.468104
12.0333333333,-0.00102548813447,0.579488277435,2.40511059761,6.82742102072e-05,2.31658959819e-05,0,0,-9.05124252313e-05,0.0166674368083,41.5200233459,0,0,0,0,0.0108925806097,151064.468104
12.0444444444,-0.00102548813447,0.579488277435,2.40511059761,6.82742102072e-05,2.31658959819e-05,0,0,-9.05124252313e-05,0.0166674368083,41.5200233459,0,0,0,0,0.0100870238261,151064.468104
12.0555555556,-0.00102548813447,0.579488277435,2.40511059761,6.82742102072e-05,2.31658959819e-05,0,0,-9.05124252313e-05,0.0166674368083,41.5200233459,0,0,0,0,0.00931241519008,151064.468104
12.0666666667,-0.00102548813447,0.579488277435,2.40511059761,6.82742102072e-05,2.31658959819e-05,0,0,-9.05124252313e-05,0.0166674368083,41.5200233459,0,0,0,0,0.00856875341575,151064.468104
12.0777777778,-0.00102548813447,0.579488277435,2.40511059761,6.82742102072e-05,2.31658959819e-05,0,0,-9.05124252313e-05,0.0166674368083,41.5200233459,0,0,0,0,0.00785607840765,151064.468104
12.0888888889,-0.00102548813447,0.579488277435,2.40511059761,6.82742102072e-05,2.31658959819e-05,0,0,-9.05124252313e-05,0.0166674368083,41.5200233459,0,0,0,0,0.00717434310758,151064.468104
12.1,-0.00102548813447,0.579488277435,2.40511059761,6.82742102072e-05,2.31658959819e-05,0,0,-9.05124252313e-05,0.0166674368083,41.5200233459,0,0,0,0,0.00652354770617,151064.468104
12.1111111111,-0.00102548813447,0.579488277435,2.40511059761,6.82742102072e-05,2.31658959819e-05,0,0,-9.05124252313e-05,0.0166674368083,41.5200233459,0,0,0,0,0.00590371369211,151064.468104
12.1222222222,-0.00102548813447,0.579488277435,2.40511059761,6.82742102072e-05,2.31658959819e-05,0,0,-9.05124252313e-05,0.0166674368083,41.5200233459,0,0,0,0,0.00531482842598,151064.468104
12.1333333333,-0.00102548813447,0.579488277435,2.40511059761,6.82742102072e-05,2.31658959819e-05,0,0,-9.05124252313e-05,0.0166674368083,41.5200233459,0,0,0,0,0.00475690065137,151064.468104
12.1444444444,-0.00102548813447,0.579488277435,2.40511059761,6.82742102072e-05,2.31658959819e-05,0,0,-9.05124252313e-05,0.0166674368083,41.5200233459,0,0,0,0,0.00422991279659,151064.468104
12.1555555556,-0.00102548813447,0.579488277435,2.40511059761,6.82742102072e-05,2.31658959819e-05,0,0,-9.05124252313e-05,0.0166674368083,41.5200233459,0,0,0,0,0.00373388049451,151064.468104
12.1666666667,-0.00102548813447,0.579488277435,2.40511059761,6.82742102072e-05,2.31658959819e-05,0,0,-9.05124252313e-05,0.0166674368083,41.5200233459,0,0,0,0,0.00326879418732,151064.468104
12.1777777778,-0.00102548813447,0.579488277435,2.40511059761,6.82742102072e-05,2.31658959819e-05,0,0,-9.05124252313e-05,0.0166674368083,41.5200233459,0,0,0,0,0.00283466580711,151064.468104
12.1888888889,-0.00102548813447,0.579488277435,2.40511059761,6.82742102072e-05,2.31658959819e-05,0,0,-9.05124252313e-05,0.0166674368083,41.5200233459,0,0,0,0,0.00243149104368,151064.468104
12.2,-0.00102548813447,0.579488277435,2.40511059761,6.82742102072e-05,2.31658959819e-05,0,0,-9.05124252313e-05,0.0166674368083,41.5200233459,0,0,0,0,0.00205926493439,151064.468104
12.2111111111,-0.00102548813447,0.579488277435,2.40511059761,6.82742102072e-05,2.31658959819e-05,0,0,-9.05124252313e-05,0.0166674368083,41.5200233459,0,0,0,0,0.00171798718085,151064.468104
12.2222222222,-0.00102548813447,0.579488277435,2.40511059761,6.82742102072e-05,2.31658959819e-05,0,0,-9.05124252313e-05,0.0166674368083,41.5200233459,0,0,0,0,0.00140765503522,151064.468104
12.2333333333,-0.00102548813447,0.579488277435,2.40511059761,6.82742102072e-05,2.31658959819e-05,0,0,-9.05124252313e-05,0.0166674368083,41.5200233459,0,0,0,0,0.00112827603162,151064.468104
12.2444444444,-0.00102548813447,0.579488277435,2.40511059761,6.82742102072e-05,2.31658959819e-05,0,0,-9.05124252313e-05,0.0166674368083,41.5200233459,0,0,0,0,0.000879850172889,151064.468104
12.2555555556,-0.00102548813447,0.579488277435,2.40511059761,6.82742102072e-05,2.31658959819e-05,0,0,-9.05124252313e-05,0.0166674368083,41.5200233459,0,0,0,0,0.000662378837569,151064.468104
12.2666666667,-0.00102548813447,0.579488277435,2.40511059761,6.82742102072e-05,2.31658959819e-05,0,0,-9.05124252313e-05,0.0166674368083,41.5200233459,0,0,0,0,0.000475856892676,151064.468104
12.2777777778,-0.00102548813447,0.579488277435,2.40511059761,6.82742102072e-05,2.31658959819e-05,0,0,-9.05124252313e-05,0.0166674368083,41.5200233459,0,0,0,0,0.000320286049877,151064.468104
12.2888888889,-0.00102548813447,0.579488277435,2.40511059761,6.82742102072e-05,2.31658959819e-05,0,0,-9.05124252313e-05,0.0166674368083,41.5200233459,0,0,0,0,0.00019566593406,151064.468104
12.3,-0.00102548813447,0.579488277435,2.40511059761,6.82742102072e-05,2.31658959819e-05,0,0,-9.05124252313e-05,0.0166674368083,41.5200233459,0,0,0,0,0.000101994752626,151064.468104
12.3111111111,-0.00102548813447,0.579488277435,2.40511059761,6.82742102072e-05,2.31658959819e-05,0,0,-9.05124252313e-05,0.0166674368083,41.5200233459,0,0,0,0,3.92769915022e-05,151064.468104
12.3222222222,-0.00102548813447,0.579488277435,2.40511059761,6.82742102072e-05,2.31658959819e-05,0,0,-9.05124252313e-05,0.0166674368083,41.5200233459,0,0,0,0,7.50876880582e-06,151064.468104
12.3333333333,-0.00102548813447,0.579488277435,2.40511059761,6.82742102072e-05,2.31658959819e-05,0,0,-9.05124252313e-05,0.0166674368083,41.5200233459,0,0,0,0,3.22007130553e-06,151064.468104
12.3444444444,-0.00102548813447,0.579488277435,2.40511059761,6.82742102072e-05,2.31658959819e-05,0,0,-9.05124252313e-05,0.0166674368083,41.5200233459,0,0,0,0,3.22105726008e-06,151064.468104
12.3555555556,-0.00102548813447,0.579488277435,2.40511059761,6.82742102072e-05,2.31658959819e-05,0,0,-9.05124252313e-05,0.0166674368083,41.5200233459,0,0,0,0,3.22104195765e-06,151064.468104
12.3666666667,-0.00102548813447,0.579488277435,2.40511059761,6.82742102072e-05,2.31658959819e-05,0,0,-9.05124252313e-05,0.0166674368083,41.5200233459,0,0,0,0,3.21982644209e-06,151064.468104
12.3777777778,-0.00102548813447,0.579488277435,2.40511059761,6.82742102072e-05,2.31658959819e-05,0,0,-9.05124252313e-05,0.0166674368083,41.5200233459,0,0,0,0,3.2205116574e-06,151064.468104
12.3888888889,-0.00102548813447,0.579488277435,2.40511059761,6.82742102072e-05,2.31658959819e-05,0,0,-9.05124252313e-05,0.0166674368083,41.5200233459,0,0,0,0,3.22048084465e-06,151064.468104
12.4,-0.00102548813447,0.579488277435,2.40511059761,6.82742102072e-05,2.31658959819e-05,0,0,-9.05124252313e-05,0.0166674368083,41.5200233459,0,0,0,0,3.22027592593e-06,151064.468104
12.4111111111,-0.00102548813447,0.579488277435,2.40511059761,6.82742102072e-05,2.31658959819e-05,0,0,-9.05124252313e-05,0.0166674368083,41.5200233459,0,0,0,0,3.22085777137e-06,151064.468104
12.4222222222,-0.00102548813447,0.579488277435,2.40511059761,6.82742102072e-05,2.31658959819e-05,0,0,-9.05124252313e-05,0.0166674368083,41.5200233459,0,0,0,0,3.22093759181e-06,151064.468104
12.4333333333,-0.00102548813447,0.579488277435,2.40511059761,6.82742102072e-05,2.31658959819e-05,0,0,-9.05124252313e-05,0.0166674368083,41.5200233459,0,0,0,0,3.2201725543e-06,151064.468104
12.4444444444,-0.00102548813447,0.579488277435,2.40511059761,6.82742102072e-05,2.31658959819e-05,0,0,-9.05124252313e-05,0.0166674368083,41.5200233459,0,0,0,0,3.22007609298e-06,151064.468104
12.4555555556,-0.00102548813447,0.579488277435,2.40511059761,6.82742102072e-05,2.31658959819e-05,0,0,-9.05124252313e-05,0.0166674368083,41.5200233459,0,0,0,0,3.22007782529e-06,151064.468104
12.4666666667,-0.00102548813447,0.579488277435,2.40511059761,6.82742102072e-05,2.31658959819e-05,0,0,-9.05124252313e-05,0.0166674368083,41.5200233459,0,0,0,0,3.22122337938e-06,151064.468104
12.4777777778,-0.00102548813447,0.579488277435,2.40511059761,6.82742102072e-05,2.31658959819e-05,0,0,-9.05124252313e-05,0.0166674368083,41.5200233459,0,0,0,0,3.22004347676e-06,151064.468104
12.4888888889,-0.00102548813447,0.579488277435,2.40511059761,6.82742102072e-05,2.31658959819e-05,0,0,-9.05124252313e-05,0.0166674368083,41.5200233459,0,0,0,0,3.22079301367e-06,151064.468104
12.5,-0.00102548813447,0.579488277435,2.40511059761,6.82742102072e-05,2.31658959819e-05,0,0,-9.05124252313e-05,0.0166674368083,41.5200233459,0,0,0,0,3.22101412292e-06,151064.468104
12.5111111111,-0.00102548813447,0.579488277435,2.40511059761,6.82742102072e-05,2.31658959819e-05,0,0,-9.05124252313e-05,0.0166674368083,41.5200233459,0,0,0,0,3.22037698698e-06,151064.468104
12.5222222222,-0.00102548813447,0.579488277435,2.40511059761,6.82742102072e-05,2.31658959819e-05,0,0,-9.05124252313e-05,0.0166674368083,41.5200233459,0,0,0,0,3.22032560243e-06,151064.468104
12.5333333333,-0.00102548813447,0.579488277435,2.40511059761,6.82742102072e-05,2.31658959819e-05,0,0,-9.05124252313e-05,0.0166674368083,41.5200233459,0,0,0,0,3.22078105317e-06,151064.468104
12.5444444444,-0.00102548813447,0.579488277435,2.40511059761,6.82742102072e-05,2.31658959819e-05,0,0,-9.05124252313e-05,0.0166674368083,41.5200233459,0,0,0,0,3.21991090893e-06,151064.468104
12.5555555556,-0.00102548813447,0.579488277435,2.40511059761,6.82742102072e-05,2.31658959819e-05,0,0,-9.05124252313e-05,0.0166674368083,41.5200233459,0,0,0,0,3.21988773374e-06,151064.468104
12.5666666667,-0.00102548813447,0.579488277435,2.40511059761,6.82742102072e-05,2.31658959819e-05,0,0,-9.05124252313e-05,0.0166674368083,41.5200233459,0,0,0,0,3.22083737193e-06,151064.468104
12.5777777778,-0.00102548813447,0.579488277435,2.40511059761,6.82742102072e-05,2.31658959819e-05,0,0,-9.05124252313e-05,0.0166674368083,41.5200233459,0,0,0,0,3.22014879607e-06,151064.468104
12.5888888889,-0.00102548813447,0.579488277435,2.40511059761,6.82742102072e-05,2.31658959819e-05,0,0,-9.05124252313e-05,0.0166674368083,41.5200233459,0,0,0,0,3.22013593886e-06,151064.468104
12.6,-0.00102548813447,0.579488277435,2.40511059761,6.82742102072e-05,2.31658959819e-05,0,0,-9.05124252313e-05,0.0166674368083,41.5200233459,0,0,0,0,3.2200284054e-06,151064.468104
12.6111111111,-0.00102548813447,0.579488277435,2.40511059761,6.82742102072e-05,2.31658959819e-05,0,0,-9.05124252313e-05,0.0166674368083,41.5200233459,0,0,0,0,3.22052534201e-06,151064.468104
12.6222222222,-0.00102548813447,0.579488277435,2.40511059761,6.82742102072e-05,2.31658959819e-05,0,0,-9.05124252313e-05,0.0166674368083,41.5200233459,0,0,0,0,3.22033602451e-06,151064.468104
12.6333333333,-0.00102548813447,0.579488277435,2.40511059761,6.82742102072e-05,2.31658959819e-05,0,0,-9.05124252313e-05,0.0166674368083,41.5200233459,0,0,0,0,3.22093458557e-06,151064.468104
12.6444444444,-0.00102548813447,0.579488277435,2.40511059761,6.82742102072e-05,2.31658959819e-05,0,0,-9.05124252313e-05,0.0166674368083,41.5200233459,0,0,0,0,3.22081808095e-06,151064.468104
12.6555555556,-0.00102548813447,0.579488277435,2.40511059761,6.82742102072e-05,2.31658959819e-05,0,0,-9.05124252313e-05,0.0166674368083,41.5200233459,0,0,0,0,3.22046289679e-06,151064.468104
12.6666666667,-0.00102548813447,0.579488277435,2.40511059761,6.82742102072e-05,2.31658959819e-05,0,0,-9.05124252313e-05,0.0166674368083,41.5200233459,0,0,0,0,3.22005102546e-06,151064.468104
12.6777777778,-0.00102548813447,0.579488277435,2.40511059761,6.82742102072e-05,2.31658959819e-05,0,0,-9.05124252313e-05,0.0166674368083,41.5200233459,0,0,0,0,3.22119420208e-06,151064.468104
12.6888888889,-0.00102548813447,0.579488277435,2.40511059761,6.82742102072e-05,2.31658959819e-05,0,0,-9.05124252313e-05,0.0166674368083,41.5200233459,0,0,0,0,3.22014758127e-06,151064.468104
12.7,-0.00102548813447,0.579488277435,2.40511059761,6.82742102072e-05,2.31658959819e-05,0,0,-9.05124252313e-05,0.0166674368083,41.5200233459,0,0,0,0,3.22113891917e-06,151064.468104
12.7111111111,-0.00102548813447,0.579488277435,2.40511059761,6.82742102072e-05,2.31658959819e-05,0,0,-9.05124252313e-05,0.0166674368083,41.5200233459,0,0,0,0,3.21997374108e-06,151064.468104
12.7222222222,-0.00102548813447,0.579488277435,2.40511059761,6.82742102072e-05,2.31658959819e-05,0,0,-9.05124252313e-05,0.0166674368083,41.5200233459,0,0,0,0,3.22098723431e-06,151064.468104
12.7333333333,-0.00102548813447,0.579488277435,2.40511059761,6.82742102072e-05,2.31658959819e-05,0,0,-9.05124252313e-05,0.0166674368083,41.5200233459,0,0,0,0,3.21991154356e-06,151064.468104
12.7444444444,-0.00102548813447,0.579488277435,2.40511059761,6.82742102072e-05,2.31658959819e-05,0,0,-9.05124252313e-05,0.0166674368083,41.5200233459,0,0,0,0,3.2209062807e-06,151064.468104
12.7555555556,-0.00102548813447,0.579488277435,2.40511059761,6.82742102072e-05,2.31658959819e-05,0,0,-9.05124252313e-05,0.0166674368083,41.5200233459,0,0,0,0,3.22023014231e-06,151064.468104
12.7666666667,-0.00102548813447,0.579488277435,2.40511059761,6.82742102072e-05,2.31658959819e-05,0,0,-9.05124252313e-05,0.0166674368083,41.5200233459,0,0,0,0,3.22046317174e-06,151064.468104
12.7777777778,-0.00102548813447,0.579488277435,2.40511059761,6.82742102072e-05,2.31658959819e-05,0,0,-9.05124252313e-05,0.0166674368083,41.5200233459,0,0,0,0,3.22063817414e-06,151064.468104
12.7888888889,-0.00102548813447,0.579488277435,2.40511059761,6.82742102072e-05,2.31658959819e-05,0,0,-9.05124252313e-05,0.0166674368083,41.5200233459,0,0,0,0,3.22025208641e-06,151064.468104
12.8,-0.00102548813447,0.579488277435,2.40511059761,6.82742102072e-05,2.31658959819e-05,0,0,-9.05124252313e-05,0.0166674368083,41.5200233459,0,0,0,0,3.22111147403e-06,151064.468104
12.8111111111,-0.00102548813447,0.579488277435,2.40511059761,6.82742102072e-05,2.31658959819e-05,0,0,-9.05124252313e-05,0.0166674368083,41.5200233459,0,0,0,0,3.21997434618e-06,151064.468104
12.8222222222,-0.00102548813447,0.579488277435,2.40511059761,6.82742102072e-05,2.31658959819e-05,0,0,-9.05124252313e-05,0.0166674368083,41.5200233459,0,0,0,0,3.2204801736e-06,151064.468104
12.8333333333,-0.00102548813447,0.579488277435,2.40511059761,6.82742102072e-05,2.31658959819e-05,0,0,-9.05124252313e-05,0.0166674368083,41.5200233459,0,0,0,0,3.22046878286e-06,151064.468104
12.8444444444,-0.00102548813447,0.579488277435,2.40511059761,6.82742102072e-05,2.31658959819e-05,0,0,-9.05124252313e-05,0.0166674368083,41.5200233459,0,0,0,0,3.22086362338e-06,151064.468104
12.8555555556,-0.00102548813447,0.579488277435,2.40511059761,6.82742102072e-05,2.31658959819e-05,0,0,-9.05124252313e-05,0.0166674368083,41.5200233459,0,0,0,0,3.22024675659e-06,151064.468104
12.8666666667,-0.00102548813447,0.579488277435,2.40511059761,6.82742102072e-05,2.31658959819e-05,0,0,-9.05124252313e-05,0.0166674368083,41.5200233459,0,0,0,0,3.22070724803e-06,151064.468104
12.8777777778,-0.00102548813447,0.579488277435,2.40511059761,6.82742102072e-05,2.31658959819e-05,0,0,-9.05124252313e-05,0.0166674368083,41.5200233459,0,0,0,0,3.22110454761e-06,151064.468104
12.8888888889,-0.00102548813447,0.579488277435,2.40511059761,6.82742102072e-05,2.31658959819e-05,0,0,-9.05124252313e-05,0.0166674368083,41.5200233459,0,0,0,0,3.22083398844e-06,151064.468104
12.9,-0.00102548813447,0.579488277435,2.40511059761,6.82742102072e-05,2.31658959819e-05,0,0,-9.05124252313e-05,0.0166674368083,41.5200233459,0,0,0,0,3.22019844193e-06,151064.468104
12.9111111111,-0.00102548813447,0.579488277435,2.40511059761,6.82742102072e-05,2.31658959819e-05,0,0,-9.05124252313e-05,0.0166674368083,41.5200233459,0,0,0,0,3.22070140237e-06,151064.468104
12.9222222222,-0.00102548813447,0.579488277435,2.40511059761,6.82742102072e-05,2.31658959819e-05,0,0,-9.05124252313e-05,0.0166674368083,41.5200233459,0,0,0,0,3.22064727765e-06,151064.468104
12.9333333333,-0.00102548813447,0.579488277435,2.40511059761,6.82742102072e-05,2.31658959819e-05,0,0,-9.05124252313e-05,0.0166674368083,41.5200233459,0,0,0,0,3.22107318795e-06,151064.468104
12.9444444444,-0.00102548813447,0.579488277435,2.40511059761,6.82742102072e-05,2.31658959819e-05,0,0,-9.05124252313e-05,0.0166674368083,41.5200233459,0,0,0,0,3.2200539008e-06,151064.468104
12.9555555556,-0.00102548813447,0.579488277435,2.40511059761,6.82742102072e-05,2.31658959819e-05,0,0,-9.05124252313e-05,0.0166674368083,41.5200233459,0,0,0,0,3.22019218192e-06,151064.468104
12.9666666667,-0.00102548813447,0.579488277435,2.40511059761,6.82742102072e-05,2.31658959819e-05,0,0,-9.05124252313e-05,0.0166674368083,41.5200233459,0,0,0,0,3.22010581426e-06,151064.468104
12.9777777778,-0.00102548813447,0.579488277435,2.40511059761,6.82742102072e-05,2.31658959819e-05,0,0,-9.05124252313e-05,0.0166674368083,41.5200233459,0,0,0,0,3.2209273365e-06,151064.468104
12.9888888889,-0.00102548813447,0.579488277435,2.40511059761,6.82742102072e-05,2.31658959819e-05,0,0,-9.05124252313e-05,0.0166674368083,41.5200233459,0,0,0,0,3.22015924255e-06,151064.468104
13,-0.00102548813447,0.579488277435,2.40511059761,6.82742102072e-05,2.31658959819e-05,0,0,-9.05124252313e-05,0.0166674368083,41.5200233459,0,0,0,0,3.22120800819e-06,151064.468104
13.0111111111,-0.00102548813447,0.579488277435,2.40511059761,6.82742102072e-05,2.31658959819e-05,0,0,-9.05124252313e-05,0.0166674368083,41.5200233459,0,0,0,0,3.21980372869e-06,151064.468104
13.0222222222,-0.00102548813447,0.579488277435,2.40511059761,6.82742102072e-05,2.31658959819e-05,0,0,-9.05124252313e-05,0.0166674368083,41.5200233459,0,0,0,0,3.22056160811e-06,151064.468104
13.0333333333,-0.00102548813447,0.579488277435,2.40511059761,6.82742102072e-05,2.31658959819e-05,0,0,-9.05124252313e-05,0.0166674368083,41.5200233459,0,0,0,0,3.2201746974e-06,151064.468104
13.0444444444,-0.00102548813447,0.579488277435,2.40511059761,6.82742102072e-05,2.31658959819e-05,0,0,-9.05124252313e-05,0.0166674368083,41.5200233459,0,0,0,0,3.22107941744e-06,151064.468104
13.0555555556,-0.00102548813447,0.579488277435,2.40511059761,6.82742102072e-05,2.31658959819e-05,0,0,-9.05124252313e-05,0.0166674368083,41.5200233459,0,0,0,0,3.22082642445e-06,151064.468104
13.0666666667,-0.00102548813447,0.579488277435,2.40511059761,6.82742102072e-05,2.31658959819e-05,0,0,-9.05124252313e-05,0.0166674368083,41.5200233459,0,0,0,0,3.22047884874e-06,151064.468104
13.0777777778,-0.00102548813447,0.579488277435,2.40511059761,6.82742102072e-05,2.31658959819e-05,0,0,-9.05124252313e-05,0.0166674368083,41.5200233459,0,0,0,0,3.22017663811e-06,151064.468104
13.0888888889,-0.00102548813447,0.579488277435,2.40511059761,6.82742102072e-05,2.31658959819e-05,0,0,-9.05124252313e-05,0.0166674368083,41.5200233459,0,0,0,0,3.22069170344e-06,151064.468104
13.1,-0.00102548813447,0.579488277435,2.40511059761,6.82742102072e-05,2.31658959819e-05,0,0,-9.05124252313e-05,0.0166674368083,41.5200233459,0,0,0,0,3.22020525447e-06,151064.468104
13.1111111111,-0.00102548813447,0.579488277435,2.40511059761,6.82742102072e-05,2.31658959819e-05,0,0,-9.05124252313e-05,0.0166674368083,41.5200233459,0,0,0,0,3.22063413457e-06,151064.468104
13.1222222222,-0.00102548813447,0.579488277435,2.40511059761,6.82742102072e-05,2.31658959819e-05,0,0,-9.05124252313e-05,0.0166674368083,41.5200233459,0,0,0,0,3.22078213366e-06,151064.468104
13.1333333333,-0.00102548813447,0.579488277435,2.40511059761,6.82742102072e-05,2.31658959819e-05,0,0,-9.05124252313e-05,0.0166674368083,41.5200233459,0,0,0,0,3.2198992727e-06,151064.468104
13.1444444444,-0.00102548813447,0.579488277435,2.40511059761,6.82742102072e-05,2.31658959819e-05,0,0,-9.05124252313e-05,0.0166674368083,41.5200233459,0,0,0,0,3.22033693989e-06,151064.468104
13.1555555556,-0.00102548813447,0.579488277435,2.40511059761,6.82742102072e-05,2.31658959819e-05,0,0,-9.05124252313e-05,0.0166674368083,41.5200233459,0,0,0,0,3.22100850868e-06,151064.468104
13.1666666667,-0.00102548813447,0.579488277435,2.40511059761,6.82742102072e-05,2.31658959819e-05,0,0,-9.05124252313e-05,0.0166674368083,41.5200233459,0,0,0,0,3.22066731383e-06,151064.468104
13.1777777778,-0.00102548813447,0.579488277435,2.40511059761,6.82742102072e-05,2.31658959819e-05,0,0,-9.05124252313e-05,0.0166674368083,41.5200233459,0,0,0,0,3.22027739487e-06,151064.468104
13.1888888889,-0.00102548813447,0.579488277435,2.40511059761,6.82742102072e-05,2.31658959819e-05,0,0,-9.05124252313e-05,0.0166674368083,41.5200233459,0,0,0,0,3.22094729011e-06,151064.468104
13.2,-0.00102548813447,0.579488277435,2.40511059761,6.82742102072e-05,2.31658959819e-05,0,0,-9.05124252313e-05,0.0166674368083,41.5200233459,0,0,0,0,3.22119861673e-06,151064.468104
13.2111111111,-0.00102548813447,0.579488277435,2.40511059761,6.82742102072e-05,2.31658959819e-05,0,0,-9.05124252313e-05,0.0166674368083,41.5200233459,0,0,0,0,3.22082773694e-06,151064.468104
13.2222222222,-0.00102548813447,0.579488277435,2.40511059761,6.82742102072e-05,2.31658959819e-05,0,0,-9.05124252313e-05,0.0166674368083,41.5200233459,0,0,0,0,3.22039034269e-06,151064.468104
13.2333333333,-0.00102548813447,0.579488277435,2.40511059761,6.82742102072e-05,2.31658959819e-05,0,0,-9.05124252313e-05,0.0166674368083,41.5200233459,0,0,0,0,3.2200182638e-06,151064.468104
13.2444444444,-0.00102548813447,0.579488277435,2.40511059761,6.82742102072e-05,2.31658959819e-05,0,0,-9.05124252313e-05,0.0166674368083,41.5200233459,0,0,0,0,3.22077327997e-06,151064.468104
13.2555555556,-0.00102548813447,0.579488277435,2.40511059761,6.82742102072e-05,2.31658959819e-05,0,0,-9.05124252313e-05,0.0166674368083,41.5200233459,0,0,0,0,3.22102264755e-06,151064.468104
13.2666666667,-0.00102548813447,0.579488277435,2.40511059761,6.82742102072e-05,2.31658959819e-05,0,0,-9.05124252313e-05,0.0166674368083,41.5200233459,0,0,0,0,3.22039923236e-06,151064.468104
13.2777777778,-0.00102548813447,0.579488277435,2.40511059761,6.82742102072e-05,2.31658959819e-05,0,0,-9.05124252313e-05,0.0166674368083,41.5200233459,0,0,0,0,3.22029842646e-06,151064.468104
13.2888888889,-0.00102548813447,0.579488277435,2.40511059761,6.82742102072e-05,2.31658959819e-05,0,0,-9.05124252313e-05,0.0166674368083,41.5200233459,0,0,0,0,3.22043754872e-06,151064.468104
13.3,-0.00102548813447,0.579488277435,2.40511059761,6.82742102072e-05,2.31658959819e-05,0,0,-9.05124252313e-05,0.0166674368083,41.5200233459,0,0,0,0,3.22076349551e-06,151064.468104
13.3111111111,-0.00102548813447,0.579488277435,2.40511059761,6.82742102072e-05,2.31658959819e-05,0,0,-9.05124252313e-05,0.0166674368083,41.5200233459,0,0,0,0,3.22083215959e-06,151064.468104
13.3222222222,-0.00102548813447,0.579488277435,2.40511059761,6.82742102072e-05,2.31658959819e-05,0,0,-9.05124252313e-05,0.0166674368083,41.5200233459,0,0,0,0,3.22009033491e-06,151064.468104
13.3333333333,-0.00102548813447,0.579488277435,2.40511059761,6.82742102072e-05,2.31658959819e-05,0,0,-9.05124252313e-05,0.0166674368083,41.5200233459,0,0,0,0,3.22104181966e-06,151064.468104
13.3444444444,-0.00102548813447,0.579488277435,2.40511059761,6.82742102072e-05,2.31658959819e-05,0,0,-9.05124252313e-05,0.0166674368083,41.5200233459,0,0,0,0,3.22056336382e-06,151064.468104
13.3555555556,-0.00102548813447,0.579488277435,2.40511059761,6.82742102072e-05,2.31658959819e-05,0,0,-9.05124252313e-05,0.0166674368083,41.5200233459,0,0,0,0,3.22049083269e-06,151064.468104
13.3666666667,-0.00102548813447,0.579488277435,2.40511059761,6.82742102072e-05,2.31658959819e-05,0,0,-9.05124252313e-05,0.0166674368083,41.5200233459,0,0,0,0,3.22039121144e-06,151064.468104
13.3777777778,-0.00102548813447,0.579488277435,2.40511059761,6.82742102072e-05,2.31658959819e-05,0,0,-9.05124252313e-05,0.0166674368083,41.5200233459,0,0,0,0,3.21998792233e-06,151064.468104
13.3888888889,-0.00102548813447,0.579488277435,2.40511059761,6.82742102072e-05,2.31658959819e-05,0,0,-9.05124252313e-05,0.0166674368083,41.5200233459,0,0,0,0,3.22109745224e-06,151064.468104
13.4,-0.00102548813447,0.579488277435,2.40511059761,6.82742102072e-05,2.31658959819e-05,0,0,-9.05124252313e-05,0.0166674368083,41.5200233459,0,0,0,0,3.22065574923e-06,151064.468104
13.4111111111,-0.00102548813447,0.579488277435,2.40511059761,6.82742102072e-05,2.31658959819e-05,0,0,-9.05124252313e-05,0.0166674368083,41.5200233459,0,0,0,0,3.2199868178e-06,151064.468104
13.4222222222,-0.00102548813447,0.579488277435,2.40511059761,6.82742102072e-05,2.31658959819e-05,0,0,-9.05124252313e-05,0.0166674368083,41.5200233459,0,0,0,0,3.22090808757e-06,151064.468104
13.4333333333,-0.00102548813447,0.579488277435,2.40511059761,6.82742102072e-05,2.31658959819e-05,0,0,-9.05124252313e-05,0.0166674368083,41.5200233459,0,0,0,0,3.22015015366e-06,151064.468104
13.4444444444,-0.00102548813447,0.579488277435,2.40511059761,6.82742102072e-05,2.31658959819e-05,0,0,-9.05124252313e-05,0.0166674368083,41.5200233459,0,0,0,0,3.22046810275e-06,151064.468104
13.4555555556,-0.00102548813447,0.579488277435,2.40511059761,6.82742102072e-05,2.31658959819e-05,0,0,-9.05124252313e-05,0.0166674368083,41.5200233459,0,0,0,0,3.22035844755e-06,151064.468104
13.4666666667,-0.00102548813447,0.579488277435,2.40511059761,6.82742102072e-05,2.31658959819e-05,0,0,-9.05124252313e-05,0.0166674368083,41.5200233459,0,0,0,0,3.22092719178e-06,151064.468104
13.4777777778,-0.00102548813447,0.579488277435,2.40511059761,6.82742102072e-05,2.31658959819e-05,0,0,-9.05124252313e-05,0.0166674368083,41.5200233459,0,0,0,0,3.21981194065e-06,151064.468104
13.4888888889,-0.00102548813447,0.579488277435,2.40511059761,6.82742102072e-05,2.31658959819e-05,0,0,-9.05124252313e-05,0.0166674368083,41.5200233459,0,0,0,0,3.22024219538e-06,151064.468104
13.5,-0.00102548813447,0.579488277435,2.40511059761,6.82742102072e-05,2.31658959819e-05,0,0,-9.05124252313e-05,0.0166674368083,41.5200233459,0,0,0,0,3.22061540787e-06,151064.468104
13.5111111111,-0.00102548813447,0.579488277435,2.40511059761,6.82742102072e-05,2.31658959819e-05,0,0,-9.05124252313e-05,0.0166674368083,41.5200233459,0,0,0,0,3.21985515411e-06,151064.468104
13.5222222222,-0.00102548813447,0.579488277435,2.40511059761,6.82742102072e-05,2.31658959819e-05,0,0,-9.05124252313e-05,0.0166674368083,41.5200233459,0,0,0,0,3.2209526197e-06,151064.468104
13.5333333333,-0.00102548813447,0.579488277435,2.40511059761,6.82742102072e-05,2.31658959819e-05,0,0,-9.05124252313e-05,0.0166674368083,41.5200233459,0,0,0,0,3.22100892306e-06,151064.468104
13.5444444444,-0.00102548813447,0.579488277435,2.40511059761,6.82742102072e-05,2.31658959819e-05,0,0,-9.05124252313e-05,0.0166674368083,41.5200233459,0,0,0,0,3.22059891705e-06,151064.468104
13.5555555556,-0.00102548813447,0.579488277435,2.40511059761,6.82742102072e-05,2.31658959819e-05,0,0,-9.05124252313e-05,0.0166674368083,41.5200233459,0,0,0,0,3.22082805179e-06,151064.468104
13.5666666667,-0.00102548813447,0.579488277435,2.40511059761,6.82742102072e-05,2.31658959819e-05,0,0,-9.05124252313e-05,0.0166674368083,41.5200233459,0,0,0,0,3.22048985041e-06,151064.468104
13.5777777778,-0.00102548813447,0.579488277435,2.40511059761,6.82742102072e-05,2.31658959819e-05,0,0,-9.05124252313e-05,0.0166674368083,41.5200233459,0,0,0,0,3.2200234111e-06,151064.468104
13.5888888889,-0.00102548813447,0.579488277435,2.40511059761,6.82742102072e-05,2.31658959819e-05,0,0,-9.05124252313e-05,0.0166674368083,41.5200233459,0,0,0,0,3.22047606554e-06,151064.468104
13.6,-0.00102548813447,0.579488277435,2.40511059761,6.82742102072e-05,2.31658959819e-05,0,0,-9.05124252313e-05,0.0166674368083,41.5200233459,0,0,0,0,3.22045504808e-06,151064.468104
13.6111111111,-0.00102548813447,0.579488277435,2.40511059761,6.82742102072e-05,2.31658959819e-05,0,0,-9.05124252313e-05,0.0166674368083,41.5200233459,0,0,0,0,3.22094475688e-06,151064.468104
13.6222222222,-0.00102548813447,0.579488277435,2.40511059761,6.82742102072e-05,2.31658959819e-05,0,0,-9.05124252313e-05,0.0166674368083,41.5200233459,0,0,0,0,3.22062704093e-06,151064.468104
13.6333333333,-0.00102548813447,0.579488277435,2.40511059761,6.82742102072e-05,2.31658959819e-05,0,0,-9.05124252313e-05,0.0166674368083,41.5200233459,0,0,0,0,3.22051880011e-06,151064.468104
13.6444444444,-0.00102548813447,0.579488277435,2.40511059761,6.82742102072e-05,2.31658959819e-05,0,0,-9.05124252313e-05,0.0166674368083,41.5200233459,0,0,0,0,3.22024076137e-06,151064.468104
13.6555555556,-0.00102548813447,0.579488277435,2.40511059761,6.82742102072e-05,2.31658959819e-05,0,0,-9.05124252313e-05,0.0166674368083,41.5200233459,0,0,0,0,3.22081597776e-06,151064.468104
13.6666666667,-0.00102548813447,0.579488277435,2.40511059761,6.82742102072e-05,2.31658959819e-05,0,0,-9.05124252313e-05,0.0166674368083,41.5200233459,0,0,0,0,3.2199920768e-06,151064.468104
13.6777777778,-0.00102548813447,0.579488277435,2.40511059761,6.82742102072e-05,2.31658959819e-05,0,0,-9.05124252313e-05,0.0166674368083,41.5200233459,0,0,0,0,3.22087179571e-06,151064.468104
13.6888888889,-0.00102548813447,0.579488277435,2.40511059761,6.82742102072e-05,2.31658959819e-05,0,0,-9.05124252313e-05,0.0166674368083,41.5200233459,0,0,0,0,3.22055455085e-06,151064.468104
13.7,-0.00102548813447,0.579488277435,2.40511059761,6.82742102072e-05,2.31658959819e-05,0,0,-9.05124252313e-05,0.0166674368083,41.5200233459,0,0,0,0,3.22047523487e-06,151064.468104
13.7111111111,-0.00102548813447,0.579488277435,2.40511059761,6.82742102072e-05,2.31658959819e-05,0,0,-9.05124252313e-05,0.0166674368083,41.5200233459,0,0,0,0,3.22016660749e-06,151064.468104
13.7222222222,-0.00102548813447,0.579488277435,2.40511059761,6.82742102072e-05,2.31658959819e-05,0,0,-9.05124252313e-05,0.0166674368083,41.5200233459,0,0,0,0,3.22031605995e-06,151064.468104
13.7333333333,-0.00102548813447,0.579488277435,2.40511059761,6.82742102072e-05,2.31658959819e-05,0,0,-9.05124252313e-05,0.0166674368083,41.5200233459,0,0,0,0,3.22017702194e-06,151064.468104
13.7444444444,-0.00102548813447,0.579488277435,2.40511059761,6.82742102072e-05,2.31658959819e-05,0,0,-9.05124252313e-05,0.0166674368083,41.5200233459,0,0,0,0,3.21980420251e-06,151064.468104
13.7555555556,-0.00102548813447,0.579488277435,2.40511059761,6.82742102072e-05,2.31658959819e-05,0,0,-9.05124252313e-05,0.0166674368083,41.5200233459,0,0,0,0,3.22095586845e-06,151064.468104
13.7666666667,-0.00102548813447,0.579488277435,2.40511059761,6.82742102072e-05,2.31658959819e-05,0,0,-9.05124252313e-05,0.0166674368083,41.5200233459,0,0,0,0,3.21984331499e-06,151064.468104
13.7777777778,-0.00102548813447,0.579488277435,2.40511059761,6.82742102072e-05,2.31658959819e-05,0,0,-9.05124252313e-05,0.0166674368083,41.5200233459,0,0,0,0,3.2200391044e-06,151064.468104
13.7888888889,-0.00102548813447,0.579488277435,2.40511059761,6.82742102072e-05,2.31658959819e-05,0,0,-9.05124252313e-05,0.0166674368083,41.5200233459,0,0,0,0,3.22097310192e-06,151064.468104
13.8,-0.00102548813447,0.579488277435,2.40511059761,6.82742102072e-05,2.31658959819e-05,0,0,-9.05124252313e-05,0.0166674368083,41.5200233459,0,0,0,0,3.22041383814e-06,151064.468104
13.8111111111,-0.00102548813447,0.579488277435,2.40511059761,6.82742102072e-05,2.31658959819e-05,0,0,-9.05124252313e-05,0.0166674368083,41.5200233459,0,0,0,0,3.22008329297e-06,151064.468104
13.8222222222,-0.00102548813447,0.579488277435,2.40511059761,6.82742102072e-05,2.31658959819e-05,0,0,-9.05124252313e-05,0.0166674368083,41.5200233459,0,0,0,0,3.21993143339e-06,151064.468104
13.8333333333,-0.00102548813447,0.579488277435,2.40511059761,6.82742102072e-05,2.31658959819e-05,0,0,-9.05124252313e-05,0.0166674368083,41.5200233459,0,0,0,0,3.22053088685e-06,151064.468104
13.8444444444,-0.00102548813447,0.579488277435,2.40511059761,6.82742102072e-05,2.31658959819e-05,0,0,-9.05124252313e-05,0.0166674368083,41.5200233459,0,0,0,0,3.22036964517e-06,151064.468104
13.8555555556,-0.00102548813447,0.579488277435,2.40511059761,6.82742102072e-05,2.31658959819e-05,0,0,-9.05124252313e-05,0.0166674368083,41.5200233459,0,0,0,0,3.22118595791e-06,151064.468104
13.8666666667,-0.00102548813447,0.579488277435,2.40511059761,6.82742102072e-05,2.31658959819e-05,0,0,-9.05124252313e-05,0.0166674368083,41.5200233459,0,0,0,0,3.21998639716e-06,151064.468104
13.8777777778,-0.00102548813447,0.579488277435,2.40511059761,6.82742102072e-05,2.31658959819e-05,0,0,-9.05124252313e-05,0.0166674368083,41.5200233459,0,0,0,0,3.22041434461e-06,151064.468104
13.8888888889,-0.00102548813447,0.579488277435,2.40511059761,6.82742102072e-05,2.31658959819e-05,0,0,-9.05124252313e-05,0.0166674368083,41.5200233459,0,0,0,0,3.21996888687e-06,151064.468104
13.9,-0.00102548813447,0.579488277435,2.40511059761,6.82742102072e-05,2.31658959819e-05,0,0,-9.05124252313e-05,0.0166674368083,41.5200233459,0,0,0,0,3.22096463857e-06,151064.468104
13.9111111111,-0.00102548813447,0.579488277435,2.40511059761,6.82742102072e-05,2.31658959819e-05,0,0,-9.05124252313e-05,0.0166674368083,41.5200233459,0,0,0,0,3.22083540634e-06,151064.468104
13.9222222222,-0.00102548813447,0.579488277435,2.40511059761,6.82742102072e-05,2.31658959819e-05,0,0,-9.05124252313e-05,0.0166674368083,41.5200233459,0,0,0,0,3.21991964187e-06,151064.468104
13.9333333333,-0.00102548813447,0.579488277435,2.40511059761,6.82742102072e-05,2.31658959819e-05,0,0,-9.05124252313e-05,0.0166674368083,41.5200233459,0,0,0,0,3.22013866444e-06,151064.468104
13.9444444444,-0.00102548813447,0.579488277435,2.40511059761,6.82742102072e-05,2.31658959819e-05,0,0,-9.05124252313e-05,0.0166674368083,41.5200233459,0,0,0,0,3.22016579788e-06,151064.468104
13.9555555556,-0.00102548813447,0.579488277435,2.40511059761,6.82742102072e-05,2.31658959819e-05,0,0,-9.05124252313e-05,0.0166674368083,41.5200233459,0,0,0,0,3.22060511579e-06,151064.468104
13.9666666667,-0.00102548813447,0.579488277435,2.40511059761,6.82742102072e-05,2.31658959819e-05,0,0,-9.05124252313e-05,0.0166674368083,41.5200233459,0,0,0,0,3.22025945878e-06,151064.468104
13.9777777778,-0.00102548813447,0.579488277435,2.40511059761,6.82742102072e-05,2.31658959819e-05,0,0,-9.05124252313e-05,0.0166674368083,41.5200233459,0,0,0,0,3.21980002851e-06,151064.468104
13.9888888889,-0.00102548813447,0.579488277435,2.40511059761,6.82742102072e-05,2.31658959819e-05,0,0,-9.05124252313e-05,0.0166674368083,41.5200233459,0,0,0,0,3.22054166033e-06,151064.468104
14,-0.00102548813447,0.579488277435,2.40511059761,6.82742102072e-05,2.31658959819e-05,0,0,-9.05124252313e-05,0.0166674368083,41.5200233459,0,0,0,0,3.22000658457e-06,151064.468104
14.0111111111,-0.00102548813447,0.579488277435,2.40511059761,6.82742102072e-05,2.31658959819e-05,0,0,-9.05124252313e-05,0.0166014749557,41.5200233459,0.0225126743317,0,0,0,0.00929862328818,151064.471144
14.0222222222,-0.00102548813447,0.579488277435,2.40511059761,6.82742102072e-05,2.31658959819e-05,0,0,-9.05124252313e-05,0.0164695046842,41.5200233459,0.0676766037941,0,0,0,0.0372099594063,151064.47705
14.0333333333,-0.00102548813447,0.579488277435,2.40511059761,6.82742102072e-05,2.31658959819e-05,0,0,-9.05124252313e-05,0.0162714384496,41.5200233459,0.135464966297,0,0,0,0.0838127415174,151064.485996
14.0444444444,-0.00102548813447,0.579488277435,2.40511059761,6.82742102072e-05,2.31658959819e-05,0,0,-9.05124252313e-05,0.0160071421415,41.5200233459,0.225926935673,0,0,0,0.149232946881,151064.497691
14.0555555556,-0.00102548813447,0.579488277435,2.40511059761,6.82742102072e-05,2.31658959819e-05,0,0,-9.05124252313e-05,0.0156764388084,41.5200233459,0.339134037495,0,0,0,0.233647461446,151064.511958
14.0666666667,-0.00102548813447,0.579488277435,2.40511059761,6.82742102072e-05,2.31658959819e-05,0,0,-9.05124252313e-05,0.0152791058645,41.5200233459,0.475171208382,0,0,0,0.33728455342,151064.528798
14.0777777778,-0.00102548813447,0.579488277435,2.40511059761,6.82742102072e-05,2.31658959819e-05,0,0,-9.05124252313e-05,0.0148954223841,41.5200233459,1.5371337533,0,0,0,0.914185612021,151064.544644
14.0888888889,-0.00102548813447,0.579488277435,2.40511059761,6.82742102072e-05,0.000171470863279,0,0,-9.05124252313e-05,0.0142385242507,41.5200233459,1.03942751884,0,0,0,0.603328229803,151064.564937
14.1,-0.00102548813447,0.579488277435,2.40511059761,6.82742102072e-05,7.08588704583e-05,0,0,-9.05124252313e-05,0.0136728454381,41.5200233459,1.09987556934,0,0,0,0.766581031555,151064.586537
14.1111111111,-0.00102548813447,0.579488277435,2.40511059761,6.82742102072e-05,2.8215103157e-05,0,0,-9.05124252313e-05,0.0130158336833,41.5200233459,1.27898901701,0,0,0,0.950463076327,151064.612386
14.1222222222,-0.00102548813447,0.579488277435,2.40511059761,6.82742102072e-05,2.31658959819e-05,0,0,-9.05124252313e-05,0.0122843673453,41.5200233459,1.51273906231,0,0,0,1.1554878397,151064.638764
14.1333333333,-0.00102548813447,0.579488277435,2.40511059761,6.82742102072e-05,2.31658959819e-05,0,0,-9.05124252313e-05,0.0114800529554,41.5200233459,1.78184509277,0,0,0,1.3822177178,151064.666094
14.1444444444,-0.00102548813447,0.579488277435,2.40511059761,6.82742102072e-05,2.31658959819e-05,0,0,-9.05124252313e-05,0.0106062861159,41.5200233459,2.07908302546,0,0,0,1.6312731182,151064.693002
14.1555555556,-0.00102548813447,0.579488277435,2.40511059761,6.82742102072e-05,2.31658959819e-05,0,0,-9.05124252313e-05,0.00966247823089,41.5200233459,2.4021461606,0,0,0,1.90332653065,151064.719773
14.1666666667,-0.00102548813447,0.579488277435,2.40511059761,6.82742102072e-05,2.31658959819e-05,0,0,-9.05124252313e-05,0.00864799693227,41.5200233459,2.75023430586,0,0,0,2.19911224328,151064.7451
14.1777777778,-0.00102548813447,0.579488277435,2.40511059761,6.82742102072e-05,2.31658959819e-05,0,0,-9.05124252313e-05,0.00756215816364,41.5200233459,3.1232714653,0,0,0,2.51942913047,151064.76906
14.1888888889,-0.00102548813447,0.579488277435,2.40511059761,6.82742102072e-05,2.31658959819e-05,0,0,-9.05124252313e-05,0.00640423269942,41.5200233459,3.52130234241,0,0,0,2.86514158483,151064.790812
14.2,-0.00102548813447,0.579488277435,2.40511059761,6.82742102072e-05,2.31658959819e-05,0,0,-9.05124252313e-05,0.00525413034484,41.5200233459,4.84525859356,0,0,0,3.68870318509,151064.808997
14.2111111111,-0.00102548813447,0.579488277435,2.40511059761,6.82742102072e-05,0.000172496787854,0,0,-9.05124252313e-05,0.00382286892273,41.5200233459,4.61668074131,0,0,0,3.636519928,151064.824064
14.2222222222,-0.00102548813447,0.579488277435,2.40511059761,6.82742102072e-05,7.15319329174e-05,0,0,-9.05124252313e-05,0.00247701001354,41.5200233459,4.94727641344,0,0,0,4.06446468056,151064.834314
14.2333333333,-0.00102548813447,0.579488277435,2.40511059761,6.82742102072e-05,2.86261201836e-05,0,0,-9.05124252313e-05,0.00103259959724,41.5200233459,5.39923757315,0,0,0,4.52187050715,151064.842581
14.2444444444,-0.00102548813447,0.579488277435,2.40511059761,6.82742102072e-05,2.31658959819e-05,0,0,-9.05124252313e-05,-0.000494283274747,41.5200233459,5.90895563364,0,0,0,5.0100339736,151064.845515
14.2555555556,-0.00102548813447,0.579488277435,2.40511059761,6.82742102072e-05,2.31658959819e-05,0,0,-9.05124252313e-05,-0.00210282043554,41.5200233459,6.45739138126,0,0,0,5.53028710382,151064.841383
14.2666666667,-0.00102548813447,0.579488277435,2.40511059761,6.82742102072e-05,2.31658959819e-05,0,0,-9.05124252313e-05,-0.00378993130289,41.5200233459,7.03756213188,0,0,0,6.08405120345,151064.828833
14.2777777778,-0.00102548813447,0.579488277435,2.40511059761,6.82742102072e-05,2.31658959819e-05,0,0,-9.05124252313e-05,-0.00555674778298,41.5200233459,7.64742493629,0,0,0,6.6728189409,151064.806714
14.2888888889,-0.00102548813447,0.579488277435,2.40511059761,6.82742102072e-05,2.31658959819e-05,0,0,-9.05124252313e-05,-0.00740445451811,41.5200233459,8.286434412,0,0,0,7.2981711493,151064.774385
14.3,-0.00102548813447,0.579488277435,2.40511059761,6.82742102072e-05,2.31658959819e-05,0,0,-9.05124252313e-05,-0.00933428760618,41.5200233459,8.95455926657,0,0,0,7.96179012973,151064.730644
14.3111111111,-0.00102548813447,0.579488277435,2.40511059761,6.82742102072e-05,2.31658959819e-05,0,0,-9.05124252313e-05,-0.0112666282803,41.5200233459,10.5486139655,0,0,0,9.11295915857,151064.67644
14.3222222222,-0.00102548813447,0.579488277435,2.40511059761,6.82742102072e-05,0.000172695552465,0,0,-9.05124252313e-05,-0.0134919639677,41.5200233459,10.6026515365,0,0,0,9.41123689475,151064.602826
14.3333333333,-0.00102548813447,0.579488277435,2.40511059761,6.82742102072e-05,7.15510032023e-05,0,0,-9.05124252313e-05,-0.0156430471689,41.5200233459,11.2175747752,0,0,0,10.2010614783,151064.513472
14.3444444444,-0.00102548813447,0.579488277435,2.40511059761,6.82742102072e-05,2.81495522358e-05,0,0,-9.05124252313e-05,-0.0179048459977,41.5200233459,11.9582802057,0,0,0,11.0367750376,151064.41097
14.3555555556,-0.00102548813447,0.579488277435,2.40511059761,6.82742102072e-05,2.31658959819e-05,0,0,-9.05124252313e-05,-0.020261965692,41.5200233459,12.761695683,0,0,0,11.9207425971,151064.290015
14.3666666667,-0.00102548813447,0.579488277435,2.40511059761,6.82742102072e-05,2.31658959819e-05,0,0,-9.05124252313e-05,-0.0227137301117,41.5200233459,13.6092111468,0,0,0,12.8553584504,151064.148127
14.3777777778,-0.00102548813447,0.579488277435,2.40511059761,6.82742102072e-05,2.31658959819e-05,0,0,-9.05124252313e-05,-0.0252578575164,41.5200233459,14.4940763712,0,0,0,13.8431522281,151063.983132
14.3888888889,-0.00102548813447,0.579488277435,2.40511059761,6.82742102072e-05,2.31658959819e-05,0,0,-9.05124252313e-05,-0.0278960503638,41.5200233459,15.4144629836,0,0,0,14.886768219,151063.792734
14.4,-0.00102548813447,0.579488277435,2.40511059761,6.82742102072e-05,2.31658959819e-05,0,0,-9.05124252313e-05,-0.0306300707161,41.5200233459,16.3698792458,0,0,0,15.9889944281,151063.575292
14.4111111111,-0.00102548813447,0.579488277435,2.40511059761,6.82742102072e-05,2.31658959819e-05,0,0,-9.05124252313e-05,-0.0333805680275,41.5200233459,18.2512208819,0,0,0,17.5947640748,151063.336024
14.4222222222,-0.00102548813447,0.579488277435,2.40511059761,6.82742102072e-05,0.000172899992322,0,0,-9.05124252313e-05,-0.0364392288029,41.5200233459,18.6092600226,0,0,0,18.3817399411,151063.052347
14.4333333333,-0.00102548813447,0.579488277435,2.40511059761,6.82742102072e-05,7.15561618563e-05,0,0,-9.05124252313e-05,-0.0394387803972,41.5200233459,19.530826807,0,0,0,19.6785147271,151062.734943
14.4444444444,-0.00102548813447,0.579488277435,2.40511059761,6.82742102072e-05,2.822316128e-05,0,0,-9.05124252313e-05,-0.042565215379,41.5200233459,20.5841124058,0,0,0,21.0464503775,151062.385913
14.4555555556,-0.00102548813447,0.579488277435,2.40511059761,6.82742102072e-05,2.31658959819e-05,0,0,-9.05124252313e-05,-0.0458032935858,41.5200233459,21.7067688704,0,0,0,22.4893442435,151061.998054
14.4666666667,-0.00102548813447,0.579488277435,2.40511059761,6.82742102072e-05,2.31658959819e-05,0,0,-9.05124252313e-05,-0.0491531006992,41.5200233459,22.8804677725,0,0,0,24.0110924143,151061.56702
14.4777777778,-0.00102548813447,0.579488277435,2.40511059761,6.82742102072e-05,2.31658959819e-05,0,0,-9.05124252313e-05,-0.0526128821075,41.5200233459,24.0988343954,0,0,0,25.6157670875,151061.088849
14.4888888889,-0.00102548813447,0.579488277435,2.40511059761,6.82742102072e-05,2.31658959819e-05,0,0,-9.05124252313e-05,-0.0561849325895,41.5200233459,25.3601923585,0,0,0,27.3076348803,151060.561132
14.5,-0.00102548813447,0.579488277435,2.40511059761,6.82742102072e-05,2.31658959819e-05,0,0,-9.05124252313e-05,-0.0598716326058,41.5200233459,26.6640812159,0,0,0,29.0911735275,151059.980307
14.5111111111,-0.00102548813447,0.579488277435,2.40511059761,6.82742102072e-05,2.31658959819e-05,0,0,-9.05124252313e-05,-0.0635937228799,41.5200233459,28.8938954473,0,0,0,31.4054735742,151059.355649
14.5222222222,-0.00102548813447,0.579488277435,2.40511059761,6.82742102072e-05,0.00017293698329,0,0,-9.05124252313e-05,-0.0676444768906,41.5200233459,29.6235591173,0,0,0,32.9533631115,151058.647003
14.5333333333,-0.00102548813447,0.579488277435,2.40511059761,6.82742102072e-05,7.12971232133e-05,0,0,-9.05124252313e-05,-0.0716565549374,41.5200233459,30.9204652905,0,0,0,35.04175003,151057.8747
14.5444444444,-0.00102548813447,0.579488277435,2.40511059761,6.82742102072e-05,2.89519084617e-05,0,0,-9.05124252313e-05,-0.0758171677589,41.5200233459,32.357288897,0,0,0,37.241951332,151057.038556
14.5555555556,-0.00102548813447,0.579488277435,2.40511059761,6.82742102072e-05,2.31658959819e-05,0,0,-9.05124252313e-05,-0.0801106467843,41.5200233459,33.8723704219,0,0,0,39.5599499412,151056.129099
14.5666666667,-0.00102548813447,0.579488277435,2.40511059761,6.82742102072e-05,2.31658959819e-05,0,0,-9.05124252313e-05,-0.0845395773649,41.5200233459,35.4479178786,0,0,0,42.0018930933,151055.139908
14.5777777778,-0.00102548813447,0.579488277435,2.40511059761,6.82742102072e-05,2.31658959819e-05,0,0,-9.05124252313e-05,-0.0891019403934,41.5200233459,37.0780304074,0,0,0,44.5742564605,151054.064622
14.5888888889,-0.00102548813447,0.579488277435,2.40511059761,6.82742102072e-05,2.31658959819e-05,0,0,-9.05124252313e-05,-0.0938007682562,41.5200233459,38.7610092759,0,0,0,47.2837701678,151052.897705
14.6,-0.00102548813447,0.579488277435,2.40511059761,6.82742102072e-05,2.31658959819e-05,0,0,-9.05124252313e-05,-0.0985571965575,41.5200233459,41.3699135184,0,0,0,50.5629737183,151051.655099
14.6111111111,-0.00102548813447,0.579488277435,2.40511059761,6.82742102072e-05,4.27693958045e-05,0,0,-9.05124252313e-05,-0.103576749563,41.5200233459,42.1236768365,0,0,0,53.1444348531,151050.280957
14.6222222222,-0.00102548813447,0.579488277435,2.40511059761,6.82742102072e-05,2.31658959819e-05,0,0,-9.05124252313e-05,-0.108609631658,41.5200233459,42.0207694173,0,0,0,52.7484646511,151048.826317
14.6333333333,-0.00102548813447,0.579488277435,2.40511059761,6.82742102072e-05,2.31658959819e-05,0,0,-9.05124252313e-05,-0.113722153008,41.5200233459,42.0035049319,0,0,0,54.1693663887,151047.283549
14.6444444444,-0.00102548813447,0.579488277435,2.40511059761,6.82742102072e-05,2.31658959819e-05,0,0,-9.05124252313e-05,-0.118905320764,41.5200233459,42.0005992055,0,0,0,55.6808154095,151045.647226
14.6555555556,-0.00102548813447,0.579488277435,2.40511059761,6.82742102072e-05,2.31658959819e-05,0,0,-9.05124252313e-05,-0.124162554741,41.5200233459,42.0001164079,0,0,0,57.2866845708,151043.913444
14.6666666667,-0.00102548813447,0.579488277435,2.40511059761,6.82742102072e-05,2.31658959819e-05,0,0,-9.05124252313e-05,-0.129497259855,41.5200233459,42.0000359416,0,0,0,58.9910947151,151042.077418
14.6777777778,-0.00102548813447,0.579488277435,2.40511059761,6.82742102072e-05,2.31658959819e-05,0,0,-9.05124252313e-05,-0.134912952781,41.5200233459,42.0000359416,0,0,0,60.7984623515,151040.13468
14.6888888889,-0.00102548813447,0.579488277435,2.40511059761,6.82742102072e-05,2.31658959819e-05,0,0,-9.05124252313e-05,-0.140413150191,41.5200233459,42.0000359416,0,0,0,62.7134101486,151038.080378
14.7,-0.00102548813447,0.579488277435,2.40511059761,6.82742102072e-05,2.31658959819e-05,0,0,-9.05124252313e-05,-0.146001428366,41.5200233459,42.0000359416,0,0,0,64.7408223516,151035.910008
14.7111111111,-0.00102548813447,0.579488277435,2.40511059761,6.82742102072e-05,2.31658959819e-05,0,0,-9.05124252313e-05,-0.151681527495,41.5200233459,42.0000359416,0,0,0,66.8859148421,151033.618309
14.7222222222,-0.00102548813447,0.579488277435,2.40511059761,6.82742102072e-05,2.31658959819e-05,0,0,-9.05124252313e-05,-0.157457202673,41.5200233459,42.0000359416,0,0,0,69.1541645438,151031.198497
14.7333333333,-0.00102548813447,0.579488277435,2.40511059761,6.82742102072e-05,2.31658959819e-05,0,0,-9.05124252313e-05,-0.163332104683,41.5200233459,42.0000359416,0,0,0,71.5513779602,151028.64531
14.7444444444,-0.00102548813447,0.579488277435,2.40511059761,6.82742102072e-05,2.31658959819e-05,0,0,-9.05124252313e-05,-0.169310033321,41.5200233459,42.0000359416,0,0,0,74.0836704707,151025.952199
14.7555555556,-0.00102548813447,0.579488277435,2.40511059761,6.82742102072e-05,2.31658959819e-05,0,0,-9.05124252313e-05,-0.175394907594,41.5200233459,42.0000359416,0,0,0,76.7575031895,151023.112265
14.7666666667,-0.00102548813447,0.579488277435,2.40511059761,6.82742102072e-05,2.31658959819e-05,0,0,-9.05124252313e-05,-0.181590631604,41.5200233459,42.0000359416,0,0,0,79.5796667539,151020.119192
14.7777777778,-0.00102548813447,0.579488277435,2.40511059761,6.82742102072e-05,2.31658959819e-05,0,0,-9.05124252313e-05,-0.187901228666,41.5200233459,42.0000359416,0,0,0,82.5573516013,151016.964794
14.7888888889,-0.00102548813447,0.579488277435,2.40511059761,6.82742102072e-05,2.31658959819e-05,0,0,-9.05124252313e-05,-0.194330811501,41.5200233459,42.0000359416,0,0,0,85.6980989105,151013.641003
14.8,-0.00102548813447,0.579488277435,2.40511059761,6.82742102072e-05,2.31658959819e-05,0,0,-9.05124252313e-05,-0.200883477926,41.5200233459,42.0000359416,0,0,0,89.0098758574,151010.140801
14.8111111111,-0.00102548813447,0.579488277435,2.40511059761,6.82742102072e-05,2.33321534324e-05,0,0,-9.05124252313e-05,-0.207563474774,41.5200233459,42.0000359416,0,0,0,92.5010632718,151006.454073
14.8222222222,-0.00102548813447,0.579488277435,2.40511059761,6.82742102072e-05,2.41286197706e-05,0,0,-9.05124252313e-05,-0.214375182986,41.5200233459,42.0000359416,0,0,0,96.1804728665,151002.572223
14.8333333333,-0.00102548813447,0.579488277435,2.40511059761,6.82742102072e-05,2.50157791015e-05,0,0,-9.05124252313e-05,-0.221322819591,41.5200233459,42.0000359416,0,0,0,100.057343989,150998.48613
14.8444444444,-0.00102548813447,0.579488277435,2.40511059761,6.82742102072e-05,2.65598719125e-05,0,0,-9.05124252313e-05,-0.22841103375,41.5200233459,42.0000359416,0,0,0,104.14142158,150994.185386
14.8555555556,-0.00102548813447,0.579488277435,2.40511059761,6.82742102072e-05,2.72601173492e-05,0,0,-9.05124252313e-05,-0.235644295812,41.5200233459,42.0000359416,0,0,0,108.442959429,150989.658939
14.8666666667,-0.00102548813447,0.579488277435,2.40511059761,6.82742102072e-05,2.87578659481e-05,0,0,-9.05124252313e-05,-0.243027240038,41.5200233459,42.0000359416,0,0,0,112.972694688,150984.896557
14.8777777778,-0.00102548813447,0.579488277435,2.40511059761,6.82742102072e-05,2.97402693832e-05,0,0,-9.05124252313e-05,-0.250564515591,41.5200233459,42.0000359416,0,0,0,117.741916594,150979.885785
14.8888888889,-0.00102548813447,0.579488277435,2.40511059761,6.82742102072e-05,3.11124822474e-05,0,0,-9.05124252313e-05,-0.258261054754,41.5200233459,42.0000359416,0,0,0,122.76251431,150974.61452
14.9,-0.00102548813447,0.579488277435,2.40511059761,6.82742102072e-05,3.226764602e-05,0,0,-9.05124252313e-05,-0.266121685505,41.5200233459,42.0000359416,0,0,0,128.046900562,150969.070131
14.9111111111,-0.00102548813447,0.579488277435,2.40511059761,6.82742102072e-05,3.35975673806e-05,0,0,-9.05124252313e-05,-0.274151444435,41.5200233459,42.0000359416,0,0,0,133.608153414,150963.239287
14.9222222222,-0.00102548813447,0.579488277435,2.40511059761,6.82742102072e-05,3.50467198587e-05,0,0,-9.05124252313e-05,-0.282355368137,41.5200233459,42.0000359416,0,0,0,139.459934105,150957.106668
14.9333333333,-0.00102548813447,0.579488277435,2.40511059761,6.82742102072e-05,3.66614585801e-05,0,0,-9.05124252313e-05,-0.29073870182,41.5200233459,42.0000359416,0,0,0,145.616632028,150950.65906
14.9444444444,-0.00102548813447,0.579488277435,2.40511059761,6.82742102072e-05,3.84564082196e-05,0,0,-9.05124252313e-05,-0.299306660891,41.5200233459,42.0000359416,0,0,0,152.093259928,150943.879681
14.9555555556,-0.00102548813447,0.579488277435,2.40511059761,6.82742102072e-05,4.02164878324e-05,0,0,-9.05124252313e-05,-0.308064669371,41.5200233459,42.0000359416,0,0,0,158.905643851,150936.752743
14.9666666667,-0.00102548813447,0.579488277435,2.40511059761,6.82742102072e-05,4.19191455876e-05,0,0,-9.05124252313e-05,-0.317018270493,41.5200233459,42.0000359416,0,0,0,166.070283734,150929.260881
14.9777777778,-0.00102548813447,0.579488277435,2.40511059761,6.82742102072e-05,4.38575189037e-05,0,0,-9.05124252313e-05,-0.326172947884,41.5200233459,42.0000359416,0,0,0,173.604483046,150921.386552
14.9888888889,-0.00102548813447,0.579488277435,2.40511059761,6.82742102072e-05,4.58906215499e-05,0,0,-9.05124252313e-05,-0.335534542799,41.5200233459,42.0000359416,0,0,0,181.526344374,150913.110929
15,-0.00102548813447,0.579488277435,2.40511059761,6.82742102072e-05,4.77678331663e-05,0,0,-9.05124252313e-05,-0.345108807087,41.5200233459,42.0000359416,0,0,0,189.854797556,150904.414481
15.0111111111,-0.00102548813447,0.579488277435,2.40511059761,6.82742102072e-05,4.98363260704e-05,0,0,-9.05124252313e-05,-0.354901582003,41.5200233459,42.0000359416,0,0,0,198.609630982,150895.276686
15.0222222222,-0.00102548813447,0.579488277435,2.40511059761,6.82742102072e-05,5.26647418155e-05,0,0,-9.05124252313e-05,-0.364919066429,41.5200233459,42.0000359416,0,0,0,207.811604649,150885.676142
15.0333333333,-0.00102548813447,0.579488277435,2.40511059761,6.82742102072e-05,5.50825607206e-05,0,0,-9.05124252313e-05,-0.375167250633,41.5200233459,42.0000359416,0,0,0,217.482325959,150875.589811
15.0444444444,-0.00102548813447,0.579488277435,2.40511059761,6.82742102072e-05,5.772795339e-05,0,0,-9.05124252313e-05,-0.385652571917,41.5200233459,42.0000359416,0,0,0,227.644418214,150864.995533
15.0555555556,-0.00102548813447,0.579488277435,2.40511059761,6.82742102072e-05,6.04159467912e-05,0,0,-9.05124252313e-05,-0.396381318569,41.5200233459,42.0000359416,0,0,0,238.321447899,150853.868047
15.0666666667,-0.00102548813447,0.579488277435,2.40511059761,6.82742102072e-05,6.28724737908e-05,0,0,-9.05124252313e-05,-0.407359957695,41.5200233459,42.0000359416,0,0,0,249.53803692,150842.182269
15.0777777778,-0.00102548813447,0.579488277435,2.40511059761,6.82742102072e-05,6.59230572637e-05,0,0,-9.05124252313e-05,-0.418595254421,41.5200233459,42.0000359416,0,0,0,261.3198235,150829.911301
15.0888888889,-0.00102548813447,0.579488277435,2.40511059761,6.82742102072e-05,6.89396692906e-05,0,0,-9.05124252313e-05,-0.430093795061,41.5200233459,42.0000359416,0,0,0,273.693579069,150817.028364
15.1,-0.00102548813447,0.579488277435,2.40511059761,6.82742102072e-05,7.23509074305e-05,0,0,-9.05124252313e-05,-0.441862553358,41.5200233459,42.0000359416,0,0,0,286.68716546,150803.50387
15.1111111111,-0.00102548813447,0.579488277435,2.40511059761,6.82742102072e-05,7.57470697863e-05,0,0,-9.05124252313e-05,-0.453908324242,41.5200233459,42.0000359416,0,0,0,300.32961723,150789.307823
15.1222222222,-0.00102548813447,0.579488277435,2.40511059761,6.82742102072e-05,7.95483356342e-05,0,0,-9.05124252313e-05,-0.466238558292,41.5200233459,42.0000359416,0,0,0,314.651011422,150774.409117
15.1333333333,-0.00102548813447,0.579488277435,2.40511059761,6.82742102072e-05,8.30932331155e-05,0,0,-9.05124252313e-05,-0.478860229254,41.5200233459,42.0000359416,0,0,0,329.682836932,150758.775708
15.1444444444,-0.00102548813447,0.579488277435,2.40511059761,6.82742102072e-05,8.74463294167e-05,0,0,-9.05124252313e-05,-0.491780698299,41.5200233459,42.0000359416,0,0,0,345.457570129,150742.373331
15.1555555556,-0.00102548813447,0.579488277435,2.40511059761,6.82742102072e-05,9.14316624403e-05,0,0,-9.05124252313e-05,-0.505007505417,41.5200233459,42.0000359416,0,0,0,362.009028839,150725.167021
15.1666666667,-0.00102548813447,0.579488277435,2.40511059761,6.82742102072e-05,9.54299976001e-05,0,0,-9.05124252313e-05,-0.518548309803,41.5200233459,42.0000359416,0,0,0,379.372220367,150707.120758
15.1777777778,-0.00102548813447,0.579488277435,2.40511059761,6.82742102072e-05,0.00010010805272,0,0,-9.05124252313e-05,-0.532409667969,41.5200233459,42.0000359416,0,0,0,397.583583952,150688.19753
15.1888888889,-0.00102548813447,0.579488277435,2.40511059761,6.82742102072e-05,0.000105090948637,0,0,-9.05124252313e-05,-0.54660141468,41.5200233459,42.0000359416,0,0,0,416.680539333,150668.357692
15.2,-0.00102548813447,0.579488277435,2.40511059761,6.82742102072e-05,0.000110363405838,0,0,-9.05124252313e-05,-0.561129748821,41.5200233459,42.0000359416,0,0,0,436.702002146,150647.561016
15.2111111111,-0.00102548813447,0.579488277435,2.40511059761,6.82742102072e-05,0.000115469440061,0,0,-9.05124252313e-05,-0.576003313065,41.5200233459,42.0000359416,0,0,0,457.688191047,150625.76581
15.2222222222,-0.00102548813447,0.579488277435,2.40511059761,6.82742102072e-05,0.000120599506772,0,0,-9.05124252313e-05,-0.591230630875,41.5200233459,42.0000359416,0,0,0,479.680326999,150602.930268
15.2333333333,-0.00102548813447,0.579488277435,2.40511059761,6.82742102072e-05,0.000126713421196,0,0,-9.05124252313e-05,-0.606819748878,41.5200233459,42.0000359416,0,0,0,502.721126507,150579.009073
15.2444444444,-0.00102548813447,0.579488277435,2.40511059761,6.82742102072e-05,0.000132780100103,0,0,-9.05124252313e-05,-0.62277919054,41.5200233459,42.0000359416,0,0,0,526.854406261,150553.957027
15.2555555556,-0.00102548813447,0.579488277435,2.40511059761,6.82742102072e-05,0.000139473078889,0,0,-9.05124252313e-05,-0.639117240906,41.5200233459,42.0000359416,0,0,0,552.125382704,150527.726825
15.2666666667,-0.00102548813447,0.579488277435,2.40511059761,6.82742102072e-05,0.000146131380461,0,0,-9.05124252313e-05,-0.655842483044,41.5200233459,42.0000359416,0,0,0,578.580236207,150500.271105
15.2777777778,-0.00102548813447,0.579488277435,2.40511059761,6.82742102072e-05,0.000153290588059,0,0,-9.05124252313e-05,-0.672963619232,41.5200233459,42.0000359416,0,0,0,606.26618116,150471.540575
15.2888888889,-0.00102548813447,0.579488277435,2.40511059761,6.82742102072e-05,0.000160542869708,0,0,-9.05124252313e-05,-0.69048845768,41.5200233459,42.0000359416,0,0,0,635.23156492,150441.4853
15.3,-0.00102548813447,0.579488277435,2.40511059761,6.82742102072e-05,0.000168115919223,0,0,-9.05124252313e-05,-0.708426594734,41.5200233459,42.0000359416,0,0,0,665.525632729,150410.053766
15.3111111111,-0.00102548813447,0.579488277435,2.40511059761,6.82742102072e-05,0.00017612199008,0,0,-9.05124252313e-05,-0.726787209511,41.5200233459,42.0000359416,0,0,0,697.198731322,150377.193406
15.3222222222,-0.00102548813447,0.579488277435,2.40511059761,6.82742102072e-05,0.000184542761417,0,0,-9.05124252313e-05,-0.745579123497,41.5200233459,42.0000359416,0,0,0,730.30140556,150342.851303
15.3333333333,-0.00102548813447,0.579488277435,2.40511059761,6.82742102072e-05,0.000193223953829,0,0,-9.05124252313e-05,-0.764810144901,41.5200233459,42.0000359416,0,0,0,764.885742156,150306.973487
15.3444444444,-0.00102548813447,0.579488277435,2.40511059761,6.82742102072e-05,0.000202386057936,0,0,-9.05124252313e-05,-0.784491479397,41.5200233459,42.0000359416,0,0,0,801.00339724,150269.506164
15.3555555556,-0.00102548813447,0.579488277435,2.40511059761,6.82742102072e-05,0.000212001483305,0,0,-9.05124252313e-05,-0.804629802704,41.5200233459,42.0000359416,0,0,0,838.706932218,150230.394136
15.3666666667,-0.00102548813447,0.579488277435,2.40511059761,6.82742102072e-05,0.000221758324187,0,0,-9.05124252313e-05,-0.825235724449,41.5200233459,42.0000359416,0,0,0,878.048860931,150189.582205
15.3777777778,-0.00102548813447,0.579488277435,2.40511059761,6.82742102072e-05,0.000232329432038,0,0,-9.05124252313e-05,-0.846318185329,41.5200233459,42.0000359416,0,0,0,919.081603758,150147.015057
15.3888888889,-0.00102548813447,0.579488277435,2.40511059761,6.82742102072e-05,0.000242985537625,0,0,-9.05124252313e-05,-0.867884814739,41.5200233459,42.0000359416,0,0,0,961.857302729,150102.638663
15.4,-0.00102548813447,0.579488277435,2.40511059761,6.82742102072e-05,0.000254202255746,0,0,-9.05124252313e-05,-0.889945983887,41.5200233459,42.0000359416,0,0,0,1006.42769003,150056.398236
15.4111111111,-0.00102548813447,0.579488277435,2.40511059761,6.82742102072e-05,0.000266186223598,0,0,-9.05124252313e-05,-0.912510514259,41.5200233459,42.0000359416,0,0,0,1052.84336559,150008.240155
15.4222222222,-0.00102548813447,0.579488277435,2.40511059761,6.82742102072e-05,0.000278359191725,0,0,-9.05124252313e-05,-0.935587286949,41.5200233459,42.0000359416,0,0,0,1101.15370209,149958.11203
15.4333333333,-0.00102548813447,0.579488277435,2.40511059761,6.82742102072e-05,0.000291344302241,0,0,-9.05124252313e-05,-0.959183871746,41.5200233459,42.0000359416,0,0,0,1151.40704843,149905.962757
15.4444444444,-0.00102548813447,0.579488277435,2.40511059761,6.82742102072e-05,0.000304330489598,0,0,-9.05124252313e-05,-0.98331028223,41.5200233459,42.0000359416,0,0,0,1203.64954184,149851.742838
15.4555555556,-0.00102548813447,0.579488277435,2.40511059761,6.82742102072e-05,0.000318167440128,0,0,-9.05124252313e-05,-1.00797510147,41.5200233459,42.0000359416,0,0,0,1257.92455936,149795.405701
15.4666666667,-0.00102548813447,0.579488277435,2.40511059761,6.82742102072e-05,0.000332649826305,0,0,-9.05124252313e-05,-1.03318536282,41.5200233459,42.0000359416,0,0,0,1314.27314629,149736.906819
15.4777777778,-0.00102548813447,0.579488277435,2.40511059761,6.82742102072e-05,0.000347516761394,0,0,-9.05124252313e-05,-1.05895066261,41.5200233459,42.0000359416,0,0,0,1372.73369447,149676.205057
15.4888888889,-0.00102548813447,0.579488277435,2.40511059761,6.82742102072e-05,0.000362843973562,0,0,-9.05124252313e-05,-1.08527863026,41.5200233459,42.0000359416,0,0,0,1433.33955687,149613.262817
15.5,-0.00102548813447,0.579488277435,2.40511059761,6.82742102072e-05,0.000378868659027,0,0,-9.05124252313e-05,-1.11217737198,41.5200233459,42.0000359416,0,0,0,1496.1208144,149548.046623
15.5111111111,-0.00102548813447,0.579488277435,2.40511059761,6.82742102072e-05,0.000395573151764,0,0,-9.05124252313e-05,-1.13965272903,41.5200233459,42.0000359416,0,0,0,1561.10251092,149480.528381
15.5222222222,-0.00102548813447,0.579488277435,2.40511059761,6.82742102072e-05,0.000412533408962,0,0,-9.05124252313e-05,-1.16771376133,41.5200233459,42.0000359416,0,0,0,1628.30347184,149410.685081
15.5333333333,-0.00102548813447,0.579488277435,2.40511059761,6.82742102072e-05,0.00921836867929,0,0,-9.05124252313e-05,-1.16396510601,41.5200233459,42.0000359416,0,0,0,3.22115148165e-06,149420.139475
15.5444444444,-0.00102548813447,0.579488277435,2.40511059761,6.82742102072e-05,0.00617865845561,0,0,-9.05124252313e-05,-1.16143536568,41.5200233459,42.0000359416,0,0,0,3.22107434419e-06,149424.709395
15.5555555556,-0.00102548813447,0.579488277435,2.40511059761,6.82742102072e-05,0.00188676267862,0,0,-9.05124252313e-05,-1.16102874279,41.5200233459,42.0000359416,0,0,0,3.22077156271e-06,149425.692692
15.5666666667,-0.00102548813447,0.579488277435,2.40511059761,6.82742102072e-05,0.00310594262555,0,0,-9.05124252313e-05,-1.1602370739,41.5200233459,42.0000359416,0,0,0,3.22024955046e-06,149428.586684
15.5777777778,-0.00102548813447,0.579488277435,2.40511059761,6.82742102072e-05,0.000923653657082,0,0,-9.05124252313e-05,-1.15997815132,41.5200233459,42.0000359416,0,0,0,3.22090178431e-06,149429.055338
15.5888888889,-0.00102548813447,0.579488277435,2.40511059761,6.82742102072e-05,0.000338726007612,0,0,-9.05124252313e-05,-1.16004121304,41.5200233459,42.0000359416,0,0,0,3.2203036576e-06,149429.279872
15.6,-0.00102548813447,0.579488277435,2.40511059761,6.82742102072e-05,0.000130211963551,0,0,-9.05124252313e-05,-1.16007757187,41.5200233459,42.0000359416,0,0,0,3.21995506528e-06,149429.36986
15.6111111111,-0.00102548813447,0.579488277435,2.40511059761,6.82742102072e-05,5.07200165885e-05,0,0,-9.05124252313e-05,-1.16009271145,41.5200233459,42.0000359416,0,0,0,3.21981452702e-06,149429.404943
15.6222222222,-0.00102548813447,0.579488277435,2.40511059761,6.82742102072e-05,2.31658959819e-05,0,0,-9.05124252313e-05,-1.16009867191,41.5200233459,42.0000359416,0,0,0,3.22063227407e-06,149429.418626
15.6333333333,-0.00102548813447,0.579488277435,2.40511059761,6.82742102072e-05,2.31658959819e-05,0,0,-9.05124252313e-05,-1.16010165215,41.5200233459,42.0000359416,0,0,0,3.22055409055e-06,149429.423772
15.6444444444,-0.00102548813447,0.579488277435,2.40511059761,6.82742102072e-05,2.31658959819e-05,0,0,-9.05124252313e-05,-1.16010165215,41.5200233459,42.0000359416,0,0,0,3.22059043673e-06,149429.425643
15.6555555556,-0.00102548813447,0.579488277435,2.40511059761,6.82742102072e-05,2.31658959819e-05,0,0,-9.05124252313e-05,-1.16010165215,41.5200233459,42.0000359416,0,0,0,3.21984492556e-06,149429.426695
15.6666666667,-0.00102548813447,0.579488277435,2.40511059761,6.82742102072e-05,2.31658959819e-05,0,0,-9.05124252313e-05,-1.16010165215,41.5200233459,42.0000359416,0,0,0,3.22110434168e-06,149429.427397
15.6777777778,-0.00102548813447,0.579488277435,2.40511059761,6.82742102072e-05,2.31658959819e-05,0,0,-9.05124252313e-05,-1.16010165215,41.5200233459,42.0000359416,0,0,0,3.22020959725e-06,149429.427748
15.6888888889,-0.00102548813447,0.579488277435,2.40511059761,6.82742102072e-05,2.31658959819e-05,0,0,-9.05124252313e-05,-1.16010165215,41.5200233459,42.0000359416,0,0,0,3.22003225769e-06,149429.427748
15.7,-0.00102548813447,0.579488277435,2.40511059761,6.82742102072e-05,2.31658959819e-05,0,0,-9.05124252313e-05,-1.16010165215,41.5200233459,42.0000359416,0,0,0,3.22055266283e-06,149429.427748
15.7111111111,-0.00102548813447,0.579488277435,2.40511059761,6.82742102072e-05,2.31658959819e-05,0,0,-9.05124252313e-05,-1.16010165215,41.5200233459,42.0000359416,0,0,0,3.22066067012e-06,149429.427748
15.7222222222,-0.00102548813447,0.579488277435,2.40511059761,6.82742102072e-05,2.31658959819e-05,0,0,-9.05124252313e-05,-1.16010165215,41.5200233459,42.0000359416,0,0,0,3.21992424581e-06,149429.427748
15.7333333333,-0.00102548813447,0.579488277435,2.40511059761,6.82742102072e-05,2.31658959819e-05,0,0,-9.05124252313e-05,-1.16010165215,41.5200233459,42.0000359416,0,0,0,3.22075957455e-06,149429.427748
15.7444444444,-0.00102548813447,0.579488277435,2.40511059761,6.82742102072e-05,2.31658959819e-05,0,0,-9.05124252313e-05,-1.16010165215,41.5200233459,42.0000359416,0,0,0,3.22069425562e-06,149429.427748
15.7555555556,-0.00102548813447,0.579488277435,2.40511059761,6.82742102072e-05,2.31658959819e-05,0,0,-9.05124252313e-05,-1.16010165215,41.5200233459,42.0000359416,0,0,0,3.22033166024e-06,149429.427748
15.7666666667,-0.00102548813447,0.579488277435,2.40511059761,6.82742102072e-05,2.31658959819e-05,0,0,-9.05124252313e-05,-1.16010165215,41.5200233459,42.0000359416,0,0,0,3.21997501697e-06,149429.427748
15.7777777778,-0.00102548813447,0.579488277435,2.40511059761,6.82742102072e-05,2.31658959819e-05,0,0,-9.05124252313e-05,-1.16010165215,41.5200233459,42.0000359416,0,0,0,3.22105757135e-06,149429.427748
15.7888888889,-0.00102548813447,0.579488277435,2.40511059761,6.82742102072e-05,2.31658959819e-05,0,0,-9.05124252313e-05,-1.16010165215,41.5200233459,42.0000359416,0,0,0,3.22100242226e-06,149429.427748
15.8,-0.00102548813447,0.579488277435,2.40511059761,6.82742102072e-05,2.31658959819e-05,0,0,-9.05124252313e-05,-1.16010165215,41.5200233459,42.0000359416,0,0,0,3.22004625501e-06,149429.427748
15.8111111111,-0.00102548813447,0.579488277435,2.40511059761,6.82742102072e-05,2.31658959819e-05,0,0,-9.05124252313e-05,-1.16010165215,41.5200233459,42.0000359416,0,0,0,3.22057327222e-06,149429.427748
15.8222222222,-0.00102548813447,0.579488277435,2.40511059761,6.82742102072e-05,2.31658959819e-05,0,0,-9.05124252313e-05,-1.16010165215,41.5200233459,42.0000359416,0,0,0,3.22099260158e-06,149429.427748
15.8333333333,-0.00102548813447,0.579488277435,2.40511059761,6.82742102072e-05,2.31658959819e-05,0,0,-9.05124252313e-05,-1.16010165215,41.5200233459,42.0000359416,0,0,0,3.22051218008e-06,149429.427748
15.8444444444,-0.00102548813447,0.579488277435,2.40511059761,6.82742102072e-05,2.31658959819e-05,0,0,-9.05124252313e-05,-1.16010165215,41.5200233459,42.0000359416,0,0,0,3.22030644901e-06,149429.427748
15.8555555556,-0.00102548813447,0.579488277435,2.40511059761,6.82742102072e-05,2.31658959819e-05,0,0,-9.05124252313e-05,-1.16010165215,41.5200233459,42.0000359416,0,0,0,3.22087612504e-06,149429.427748
15.8666666667,-0.00102548813447,0.579488277435,2.40511059761,6.82742102072e-05,2.31658959819e-05,0,0,-9.05124252313e-05,-1.16010165215,41.5200233459,42.0000359416,0,0,0,3.21997854538e-06,149429.427748
15.8777777778,-0.00102548813447,0.579488277435,2.40511059761,6.82742102072e-05,2.31658959819e-05,0,0,-9.05124252313e-05,-1.16010165215,41.5200233459,42.0000359416,0,0,0,3.21989504073e-06,149429.427748
15.8888888889,-0.00102548813447,0.579488277435,2.40511059761,6.82742102072e-05,2.31658959819e-05,0,0,-9.05124252313e-05,-1.16010165215,41.5200233459,42.0000359416,0,0,0,3.22062741817e-06,149429.427748
15.9,-0.00102548813447,0.579488277435,2.40511059761,6.82742102072e-05,2.31658959819e-05,0,0,-9.05124252313e-05,-1.16010165215,41.5200233459,42.0000359416,0,0,0,3.22073623698e-06,149429.427748
15.9111111111,-0.00102548813447,0.579488277435,2.40511059761,6.82742102072e-05,2.31658959819e-05,0,0,-9.05124252313e-05,-1.16010165215,41.5200233459,42.0000359416,0,0,0,3.2206572791e-06,149429.427748
15.9222222222,-0.00102548813447,0.579488277435,2.40511059761,6.82742102072e-05,2.31658959819e-05,0,0,-9.05124252313e-05,-1.16010165215,41.5200233459,42.0000359416,0,0,0,3.22064056096e-06,149429.427748
15.9333333333,-0.00102548813447,0.579488277435,2.40511059761,6.82742102072e-05,2.31658959819e-05,0,0,-9.05124252313e-05,-1.16010165215,41.5200233459,42.0000359416,0,0,0,3.22075607595e-06,149429.427748
15.9444444444,-0.00102548813447,0.579488277435,2.40511059761,6.82742102072e-05,2.31658959819e-05,0,0,-9.05124252313e-05,-1.16010165215,41.5200233459,42.0000359416,0,0,0,3.22021189367e-06,149429.427748
15.9555555556,-0.00102548813447,0.579488277435,2.40511059761,6.82742102072e-05,2.31658959819e-05,0,0,-9.05124252313e-05,-1.16010165215,41.5200233459,42.0000359416,0,0,0,3.22063210001e-06,149429.427748
15.9666666667,-0.00102548813447,0.579488277435,2.40511059761,6.82742102072e-05,2.31658959819e-05,0,0,-9.05124252313e-05,-1.16010165215,41.5200233459,42.0000359416,0,0,0,3.22005259108e-06,149429.427748
15.9777777778,-0.00102548813447,0.579488277435,2.40511059761,6.82742102072e-05,2.31658959819e-05,0,0,-9.05124252313e-05,-1.16010165215,41.5200233459,42.0000359416,0,0,0,3.22000959169e-06,149429.427748
15.9888888889,-0.00102548813447,0.579488277435,2.40511059761,6.82742102072e-05,2.31658959819e-05,0,0,-9.05124252313e-05,-1.16010165215,41.5200233459,42.0000359416,0,0,0,3.22083216425e-06,149429.427748
16,-0.00102548813447,0.579488277435,2.40511059761,6.82742102072e-05,2.31658959819e-05,0,0,-9.05124252313e-05,-1.16010165215,41.5200233459,42.0000359416,0,0,0,3.22061577567e-06,149429.427748
16.0111111111,-0.00102548813447,0.579488277435,2.40511059761,6.82742102072e-05,2.31658959819e-05,0,0,-9.05124252313e-05,-1.16010165215,41.5200233459,42.0000359416,0,0,0,3.22075851389e-06,149429.427748
16.0222222222,-0.00102548813447,0.579488277435,2.40511059761,6.82742102072e-05,2.31658959819e-05,0,0,-9.05124252313e-05,-1.16010165215,41.5200233459,42.0000359416,0,0,0,3.22066693776e-06,149429.427748
16.0333333333,-0.00102548813447,0.579488277435,2.40511059761,6.82742102072e-05,2.31658959819e-05,0,0,-9.05124252313e-05,-1.16010165215,41.5200233459,42.0000359416,0,0,0,3.22086497997e-06,149429.427748
16.0444444444,-0.00102548813447,0.579488277435,2.40511059761,6.82742102072e-05,2.31658959819e-05,0,0,-9.05124252313e-05,-1.16010165215,41.5200233459,42.0000359416,0,0,0,3.22006225064e-06,149429.427748
16.0555555556,-0.00102548813447,0.579488277435,2.40511059761,6.82742102072e-05,2.31658959819e-05,0,0,-9.05124252313e-05,-1.16010165215,41.5200233459,42.0000359416,0,0,0,3.21992373545e-06,149429.427748
16.0666666667,-0.00102548813447,0.579488277435,2.40511059761,6.82742102072e-05,2.31658959819e-05,0,0,-9.05124252313e-05,-1.16010165215,41.5200233459,42.0000359416,0,0,0,3.22014611027e-06,149429.427748
16.0777777778,-0.00102548813447,0.579488277435,2.40511059761,6.82742102072e-05,2.31658959819e-05,0,0,-9.05124252313e-05,-1.16010165215,41.5200233459,42.0000359416,0,0,0,3.22116407958e-06,149429.427748
16.0888888889,-0.00102548813447,0.579488277435,2.40511059761,6.82742102072e-05,2.31658959819e-05,0,0,-9.05124252313e-05,-1.16010165215,41.5200233459,42.0000359416,0,0,0,3.22066063939e-06,149429.427748
16.1,-0.00102548813447,0.579488277435,2.40511059761,6.82742102072e-05,2.31658959819e-05,0,0,-9.05124252313e-05,-1.16010165215,41.5200233459,42.0000359416,0,0,0,3.22008249513e-06,149429.427748
16.1111111111,-0.00102548813447,0.579488277435,2.40511059761,6.82742102072e-05,2.31658959819e-05,0,0,-9.05124252313e-05,-1.16010165215,41.5200233459,42.0000359416,0,0,0,3.22004371048e-06,149429.427748
16.1222222222,-0.00102548813447,0.579488277435,2.40511059761,6.82742102072e-05,2.31658959819e-05,0,0,-9.05124252313e-05,-1.16010165215,41.5200233459,42.0000359416,0,0,0,3.2210335727e-06,149429.427748
16.1333333333,-0.00102548813447,0.579488277435,2.40511059761,6.82742102072e-05,2.31658959819e-05,0,0,-9.05124252313e-05,-1.16010165215,41.5200233459,42.0000359416,0,0,0,3.22104711769e-06,149429.427748
16.1444444444,-0.00102548813447,0.579488277435,2.40511059761,6.82742102072e-05,2.31658959819e-05,0,0,-9.05124252313e-05,-1.16010165215,41.5200233459,42.0000359416,0,0,0,3.22085170118e-06,149429.427748
16.1555555556,-0.00102548813447,0.579488277435,2.40511059761,6.82742102072e-05,2.31658959819e-05,0,0,-9.05124252313e-05,-1.16010165215,41.5200233459,42.0000359416,0,0,0,3.22003603856e-06,149429.427748
16.1666666667,-0.00102548813447,0.579488277435,2.40511059761,6.82742102072e-05,2.31658959819e-05,0,0,-9.05124252313e-05,-1.16010165215,41.5200233459,42.0000359416,0,0,0,3.22015039572e-06,149429.427748
16.1777777778,-0.00102548813447,0.579488277435,2.40511059761,6.82742102072e-05,2.31658959819e-05,0,0,-9.05124252313e-05,-1.16010165215,41.5200233459,42.0000359416,0,0,0,3.21993522399e-06,149429.427748
16.1888888889,-0.00102548813447,0.579488277435,2.40511059761,6.82742102072e-05,2.31658959819e-05,0,0,-9.05124252313e-05,-1.16010165215,41.5200233459,42.0000359416,0,0,0,3.22097736665e-06,149429.427748
16.2,-0.00102548813447,0.579488277435,2.40511059761,6.82742102072e-05,2.31658959819e-05,0,0,-9.05124252313e-05,-1.16010165215,41.5200233459,42.0000359416,0,0,0,3.22074541772e-06,149429.427748
16.2111111111,-0.00102548813447,0.579488277435,2.40511059761,6.82742102072e-05,2.31658959819e-05,0,0,-9.05124252313e-05,-1.16010165215,41.5200233459,42.0000359416,0,0,0,3.22082138347e-06,149429.427748
16.2222222222,-0.00102548813447,0.579488277435,2.40511059761,6.82742102072e-05,2.31658959819e-05,0,0,-9.05124252313e-05,-1.16010165215,41.5200233459,42.0000359416,0,0,0,3.22037022707e-06,149429.427748
16.2333333333,-0.00102548813447,0.579488277435,2.40511059761,6.82742102072e-05,2.31658959819e-05,0,0,-9.05124252313e-05,-1.16010165215,41.5200233459,42.0000359416,0,0,0,3.22025474011e-06,149429.427748
16.2444444444,-0.00102548813447,0.579488277435,2.40511059761,6.82742102072e-05,2.31658959819e-05,0,0,-9.05124252313e-05,-1.16010165215,41.5200233459,42.0000359416,0,0,0,3.22073166599e-06,149429.427748
16.2555555556,-0.00102548813447,0.579488277435,2.40511059761,6.82742102072e-05,2.31658959819e-05,0,0,-9.05124252313e-05,-1.16010165215,41.5200233459,42.0000359416,0,0,0,3.22005898191e-06,149429.427748
16.2666666667,-0.00102548813447,0.579488277435,2.40511059761,6.82742102072e-05,2.31658959819e-05,0,0,-9.05124252313e-05,-1.16010165215,41.5200233459,42.0000359416,0,0,0,3.22071011813e-06,149429.427748
16.2777777778,-0.00102548813447,0.579488277435,2.40511059761,6.82742102072e-05,2.31658959819e-05,0,0,-9.05124252313e-05,-1.16010165215,41.5200233459,42.0000359416,0,0,0,3.22091134176e-06,149429.427748
16.2888888889,-0.00102548813447,0.579488277435,2.40511059761,6.82742102072e-05,2.31658959819e-05,0,0,-9.05124252313e-05,-1.16010165215,41.5200233459,42.0000359416,0,0,0,3.22058147998e-06,149429.427748
16.3,-0.00102548813447,0.579488277435,2.40511059761,6.82742102072e-05,2.31658959819e-05,0,0,-9.05124252313e-05,-1.16010165215,41.5200233459,42.0000359416,0,0,0,3.22110428018e-06,149429.427748
16.3111111111,-0.00102548813447,0.579488277435,2.40511059761,6.82742102072e-05,2.31658959819e-05,0,0,-9.05124252313e-05,-1.16010165215,41.5200233459,42.0000359416,0,0,0,3.22034781583e-06,149429.427748
16.3222222222,-0.00102548813447,0.579488277435,2.40511059761,6.82742102072e-05,2.31658959819e-05,0,0,-9.05124252313e-05,-1.16010165215,41.5200233459,42.0000359416,0,0,0,3.22052652346e-06,149429.427748
16.3333333333,-0.00102548813447,0.579488277435,2.40511059761,6.82742102072e-05,2.31658959819e-05,0,0,-9.05124252313e-05,-1.16010165215,41.5200233459,42.0000359416,0,0,0,3.21976624421e-06,149429.427748
16.3444444444,-0.00102548813447,0.579488277435,2.40511059761,6.82742102072e-05,2.31658959819e-05,0,0,-9.05124252313e-05,-1.16010165215,41.5200233459,42.0000359416,0,0,0,3.22098711183e-06,149429.427748
16.3555555556,-0.00102548813447,0.579488277435,2.40511059761,6.82742102072e-05,2.31658959819e-05,0,0,-9.05124252313e-05,-1.16010165215,41.5200233459,42.0000359416,0,0,0,3.22108936274e-06,149429.427748
16.3666666667,-0.00102548813447,0.579488277435,2.40511059761,6.82742102072e-05,2.31658959819e-05,0,0,-9.05124252313e-05,-1.16010165215,41.5200233459,42.0000359416,0,0,0,3.22009065393e-06,149429.427748
16.3777777778,-0.00102548813447,0.579488277435,2.40511059761,6.82742102072e-05,2.31658959819e-05,0,0,-9.05124252313e-05,-1.16010165215,41.5200233459,42.0000359416,0,0,0,3.22087653218e-06,149429.427748
16.3888888889,-0.00102548813447,0.579488277435,2.40511059761,6.82742102072e-05,2.31658959819e-05,0,0,-9.05124252313e-05,-1.16010165215,41.5200233459,42.0000359416,0,0,0,3.21983806239e-06,149429.427748
16.4,-0.00102548813447,0.579488277435,2.40511059761,6.82742102072e-05,2.31658959819e-05,0,0,-9.05124252313e-05,-1.16010165215,41.5200233459,42.0000359416,0,0,0,3.21987439703e-06,149429.427748
16.4111111111,-0.00102548813447,0.579488277435,2.40511059761,6.82742102072e-05,2.31658959819e-05,0,0,-9.05124252313e-05,-1.16010165215,41.5200233459,42.0000359416,0,0,0,3.22115339424e-06,149429.427748
16.4222222222,-0.00102548813447,0.579488277435,2.40511059761,6.82742102072e-05,2.31658959819e-05,0,0,-9.05124252313e-05,-1.16010165215,41.5200233459,42.0000359416,0,0,0,3.22076975552e-06,149429.427748
16.4333333333,-0.00102548813447,0.579488277435,2.40511059761,6.82742102072e-05,2.31658959819e-05,0,0,-9.05124252313e-05,-1.16010165215,41.5200233459,42.0000359416,0,0,0,3.22071300849e-06,149429.427748
16.4444444444,-0.00102548813447,0.579488277435,2.40511059761,6.82742102072e-05,2.31658959819e-05,0,0,-9.05124252313e-05,-1.16010165215,41.5200233459,42.0000359416,0,0,0,3.21975145429e-06,149429.427748
16.4555555556,-0.00102548813447,0.579488277435,2.40511059761,6.82742102072e-05,2.31658959819e-05,0,0,-9.05124252313e-05,-1.16010165215,41.5200233459,42.0000359416,0,0,0,3.22079511945e-06,149429.427748
16.4666666667,-0.00102548813447,0.579488277435,2.40511059761,6.82742102072e-05,2.31658959819e-05,0,0,-9.05124252313e-05,-1.16010165215,41.5200233459,42.0000359416,0,0,0,3.22078873646e-06,149429.427748
16.4777777778,-0.00102548813447,0.579488277435,2.40511059761,6.82742102072e-05,2.31658959819e-05,0,0,-9.05124252313e-05,-1.16010165215,41.5200233459,42.0000359416,0,0,0,3.21997472874e-06,149429.427748
16.4888888889,-0.00102548813447,0.579488277435,2.40511059761,6.82742102072e-05,2.31658959819e-05,0,0,-9.05124252313e-05,-1.16010165215,41.5200233459,42.0000359416,0,0,0,3.22001263981e-06,149429.427748
16.5,-0.00102548813447,0.579488277435,2.40511059761,6.82742102072e-05,2.31658959819e-05,0,0,-9.05124252313e-05,-1.16010165215,41.5200233459,42.0000359416,0,0,0,3.22077110298e-06,149429.427748
16.5111111111,-0.00102548813447,0.579488277435,2.40511059761,6.82742102072e-05,2.31658959819e-05,0,0,-9.05124252313e-05,-1.16010165215,41.5200233459,42.0000359416,0,0,0,3.21998718157e-06,149429.427748
16.5222222222,-0.00102548813447,0.579488277435,2.40511059761,6.82742102072e-05,2.31658959819e-05,0,0,-9.05124252313e-05,-1.16010165215,41.5200233459,42.0000359416,0,0,0,3.22003819376e-06,149429.427748
16.5333333333,-0.00102548813447,0.579488277435,2.40511059761,6.82742102072e-05,2.31658959819e-05,0,0,-9.05124252313e-05,-1.16010165215,41.5200233459,42.0000359416,0,0,0,3.2209822566e-06,149429.427748
16.5444444444,-0.00102548813447,0.579488277435,2.40511059761,6.82742102072e-05,2.31658959819e-05,0,0,-9.05124252313e-05,-1.16010165215,41.5200233459,42.0000359416,0,0,0,3.22058796367e-06,149429.427748
16.5555555556,-0.00102548813447,0.579488277435,2.40511059761,6.82742102072e-05,2.31658959819e-05,0,0,-9.05124252313e-05,-1.16010165215,41.5200233459,42.0000359416,0,0,0,3.21977305977e-06,149429.427748
16.5666666667,-0.00102548813447,0.579488277435,2.40511059761,6.82742102072e-05,2.31658959819e-05,0,0,-9.05124252313e-05,-1.16010165215,41.5200233459,42.0000359416,0,0,0,3.22029357962e-06,149429.427748
16.5777777778,-0.00102548813447,0.579488277435,2.40511059761,6.82742102072e-05,2.31658959819e-05,0,0,-9.05124252313e-05,-1.16010165215,41.5200233459,42.0000359416,0,0,0,3.21999401391e-06,149429.427748
16.5888888889,-0.00102548813447,0.579488277435,2.40511059761,6.82742102072e-05,2.31658959819e-05,0,0,-9.05124252313e-05,-1.16010165215,41.5200233459,42.0000359416,0,0,0,3.21987544577e-06,149429.427748
16.6,-0.00102548813447,0.579488277435,2.40511059761,6.82742102072e-05,2.31658959819e-05,0,0,-9.05124252313e-05,-1.16010165215,41.5200233459,42.0000359416,0,0,0,3.21989559538e-06,149429.427748
16.6111111111,-0.00102548813447,0.579488277435,2.40511059761,6.82742102072e-05,2.31658959819e-05,0,0,-9.05124252313e-05,-1.16010165215,41.5200233459,42.0000359416,0,0,0,3.22085354936e-06,149429.427748
16.6222222222,-0.00102548813447,0.579488277435,2.40511059761,6.82742102072e-05,2.31658959819e-05,0,0,-9.05124252313e-05,-1.16010165215,41.5200233459,42.0000359416,0,0,0,3.22094216572e-06,149429.427748
16.6333333333,-0.00102548813447,0.579488277435,2.40511059761,6.82742102072e-05,2.31658959819e-05,0,0,-9.05124252313e-05,-1.16010165215,41.5200233459,42.0000359416,0,0,0,3.21985984474e-06,149429.427748
16.6444444444,-0.00102548813447,0.579488277435,2.40511059761,6.82742102072e-05,2.31658959819e-05,0,0,-9.05124252313e-05,-1.16010165215,41.5200233459,42.0000359416,0,0,0,3.21992938254e-06,149429.427748
16.6555555556,-0.00102548813447,0.579488277435,2.40511059761,6.82742102072e-05,2.31658959819e-05,0,0,-9.05124252313e-05,-1.16010165215,41.5200233459,42.0000359416,0,0,0,3.22031203118e-06,149429.427748
16.6666666667,-0.00102548813447,0.579488277435,2.40511059761,6.82742102072e-05,2.31658959819e-05,0,0,-9.05124252313e-05,-1.16010165215,41.5200233459,42.0000359416,0,0,0,3.22055083641e-06,149429.427748
16.6777777778,-0.00102548813447,0.579488277435,2.40511059761,6.82742102072e-05,2.31658959819e-05,0,0,-9.05124252313e-05,-1.16010165215,41.5200233459,42.0000359416,0,0,0,3.21990730079e-06,149429.427748
16.6888888889,-0.00102548813447,0.579488277435,2.40511059761,6.82742102072e-05,2.31658959819e-05,0,0,-9.05124252313e-05,-1.16010165215,41.5200233459,42.0000359416,0,0,0,3.21999022123e-06,149429.427748
16.7,-0.00102548813447,0.579488277435,2.40511059761,6.82742102072e-05,2.31658959819e-05,0,0,-9.05124252313e-05,-1.16010165215,41.5200233459,42.0000359416,0,0,0,3.22006905241e-06,149429.427748
16.7111111111,-0.00102548813447,0.579488277435,2.40511059761,6.82742102072e-05,2.31658959819e-05,0,0,-9.05124252313e-05,-1.16010165215,41.5200233459,42.0000359416,0,0,0,3.22078580496e-06,149429.427748
16.7222222222,-0.00102548813447,0.579488277435,2.40511059761,6.82742102072e-05,2.31658959819e-05,0,0,-9.05124252313e-05,-1.16010165215,41.5200233459,42.0000359416,0,0,0,3.22000235322e-06,149429.427748
16.7333333333,-0.00102548813447,0.579488277435,2.40511059761,6.82742102072e-05,2.31658959819e-05,0,0,-9.05124252313e-05,-1.16010165215,41.5200233459,42.0000359416,0,0,0,3.21975311396e-06,149429.427748
16.7444444444,-0.00102548813447,0.579488277435,2.40511059761,6.82742102072e-05,2.31658959819e-05,0,0,-9.05124252313e-05,-1.16010165215,41.5200233459,42.0000359416,0,0,0,3.22086678798e-06,149429.427748
16.7555555556,-0.00102548813447,0.579488277435,2.40511059761,6.82742102072e-05,2.31658959819e-05,0,0,-9.05124252313e-05,-1.16010165215,41.5200233459,42.0000359416,0,0,0,3.22101930856e-06,149429.427748
16.7666666667,-0.00102548813447,0.579488277435,2.40511059761,6.82742102072e-05,2.31658959819e-05,0,0,-9.05124252313e-05,-1.16010165215,41.5200233459,42.0000359416,0,0,0,3.22068315911e-06,149429.427748
16.7777777778,-0.00102548813447,0.579488277435,2.40511059761,6.82742102072e-05,2.31658959819e-05,0,0,-9.05124252313e-05,-1.16010165215,41.5200233459,42.0000359416,0,0,0,3.22078907561e-06,149429.427748
16.7888888889,-0.00102548813447,0.579488277435,2.40511059761,6.82742102072e-05,2.31658959819e-05,0,0,-9.05124252313e-05,-1.16010165215,41.5200233459,42.0000359416,0,0,0,3.22014164106e-06,149429.427748
16.8,-0.00102548813447,0.579488277435,2.40511059761,6.82742102072e-05,2.31658959819e-05,0,0,-9.05124252313e-05,-1.16010165215,41.5200233459,42.0000359416,0,0,0,3.22021904218e-06,149429.427748
16.8111111111,-0.00102548813447,0.579488277435,2.40511059761,6.82742102072e-05,2.31658959819e-05,0,0,-9.05124252313e-05,-1.16010165215,41.5200233459,42.0000359416,0,0,0,3.22027400634e-06,149429.427748
16.8222222222,-0.00102548813447,0.579488277435,2.40511059761,6.82742102072e-05,2.31658959819e-05,0,0,-9.05124252313e-05,-1.16010165215,41.5200233459,42.0000359416,0,0,0,3.22090682865e-06,149429.427748
16.8333333333,-0.00102548813447,0.579488277435,2.40511059761,6.82742102072e-05,2.31658959819e-05,0,0,-9.05124252313e-05,-1.16010165215,41.5200233459,42.0000359416,0,0,0,3.22010835509e-06,149429.427748
16.8444444444,-0.00102548813447,0.579488277435,2.40511059761,6.82742102072e-05,2.31658959819e-05,0,0,-9.05124252313e-05,-1.16010165215,41.5200233459,42.0000359416,0,0,0,3.22103806519e-06,149429.427748
16.8555555556,-0.00102548813447,0.579488277435,2.40511059761,6.82742102072e-05,2.31658959819e-05,0,0,-9.05124252313e-05,-1.16010165215,41.5200233459,42.0000359416,0,0,0,3.21982839759e-06,149429.427748
16.8666666667,-0.00102548813447,0.579488277435,2.40511059761,6.82742102072e-05,2.31658959819e-05,0,0,-9.05124252313e-05,-1.16010165215,41.5200233459,42.0000359416,0,0,0,3.22076870257e-06,149429.427748
16.8777777778,-0.00102548813447,0.579488277435,2.40511059761,6.82742102072e-05,2.31658959819e-05,0,0,-9.05124252313e-05,-1.16010165215,41.5200233459,42.0000359416,0,0,0,3.22009773828e-06,149429.427748
16.8888888889,-0.00102548813447,0.579488277435,2.40511059761,6.82742102072e-05,2.31658959819e-05,0,0,-9.05124252313e-05,-1.16010165215,41.5200233459,42.0000359416,0,0,0,3.22039276358e-06,149429.427748
16.9,-0.00102548813447,0.579488277435,2.40511059761,6.82742102072e-05,2.31658959819e-05,0,0,-9.05124252313e-05,-1.16010165215,41.5200233459,42.0000359416,0,0,0,3.22057848665e-06,149429.427748
16.9111111111,-0.00102548813447,0.579488277435,2.40511059761,6.82742102072e-05,2.31658959819e-05,0,0,-9.05124252313e-05,-1.16010165215,41.5200233459,42.0000359416,0,0,0,3.21974313232e-06,149429.427748
16.9222222222,-0.00102548813447,0.579488277435,2.40511059761,6.82742102072e-05,2.31658959819e-05,0,0,-9.05124252313e-05,-1.16010165215,41.5200233459,42.0000359416,0,0,0,3.22006846984e-06,149429.427748
16.9333333333,-0.00102548813447,0.579488277435,2.40511059761,6.82742102072e-05,2.31658959819e-05,0,0,-9.05124252313e-05,-1.16010165215,41.5200233459,42.0000359416,0,0,0,3.22090461168e-06,149429.427748
16.9444444444,-0.00102548813447,0.579488277435,2.40511059761,6.82742102072e-05,2.31658959819e-05,0,0,-9.05124252313e-05,-1.16010165215,41.5200233459,42.0000359416,0,0,0,3.22079234841e-06,149429.427748
16.9555555556,-0.00102548813447,0.579488277435,2.40511059761,6.82742102072e-05,2.31658959819e-05,0,0,-9.05124252313e-05,-1.16010165215,41.5200233459,42.0000359416,0,0,0,3.22071293228e-06,149429.427748
16.9666666667,-0.00102548813447,0.579488277435,2.40511059761,6.82742102072e-05,2.31658959819e-05,0,0,-9.05124252313e-05,-1.16010165215,41.5200233459,42.0000359416,0,0,0,3.22105471931e-06,149429.427748
16.9777777778,-0.00102548813447,0.579488277435,2.40511059761,6.82742102072e-05,2.31658959819e-05,0,0,-9.05124252313e-05,-1.16010165215,41.5200233459,42.0000359416,0,0,0,3.22034522459e-06,149429.427748
16.9888888889,-0.00102548813447,0.579488277435,2.40511059761,6.82742102072e-05,2.31658959819e-05,0,0,-9.05124252313e-05,-1.16010165215,41.5200233459,42.0000359416,0,0,0,3.22070914725e-06,149429.427748
17,-0.00102548813447,0.579488277435,2.40511059761,6.82742102072e-05,2.31658959819e-05,0,0,-9.05124252313e-05,-1.16010165215,41.5200233459,42.0000359416,0,0,0,3.22078275627e-06,149429.427748
17.0111111111,-0.00102548813447,0.579488277435,2.40511059761,6.82742102072e-05,2.31658959819e-05,0,0,-9.05124252313e-05,-1.16010165215,41.5200233459,42.0000359416,0,0,0,3.22068325186e-06,149429.427748
17.0222222222,-0.00102548813447,0.579488277435,2.40511059761,6.82742102072e-05,2.31658959819e-05,0,0,-9.05124252313e-05,-1.16010165215,41.5200233459,42.0000359416,0,0,0,3.22030859205e-06,149429.427748
17.0333333333,-0.00102548813447,0.579488277435,2.40511059761,6.82742102072e-05,2.31658959819e-05,0,0,-9.05124252313e-05,-1.16010165215,41.5200233459,42.0000359416,0,0,0,3.21989790196e-06,149429.427748
17.0444444444,-0.00102548813447,0.579488277435,2.40511059761,6.82742102072e-05,2.31658959819e-05,0,0,-9.05124252313e-05,-1.16010165215,41.5200233459,42.0000359416,0,0,0,3.22026089925e-06,149429.427748
17.0555555556,-0.00102548813447,0.579488277435,2.40511059761,6.82742102072e-05,2.31658959819e-05,0,0,-9.05124252313e-05,-1.16010165215,41.5200233459,42.0000359416,0,0,0,3.2206648094e-06,149429.427748
17.0666666667,-0.00102548813447,0.579488277435,2.40511059761,6.82742102072e-05,2.31658959819e-05,0,0,-9.05124252313e-05,-1.16010165215,41.5200233459,42.0000359416,0,0,0,3.22085704265e-06,149429.427748
17.0777777778,-0.00102548813447,0.579488277435,2.40511059761,6.82742102072e-05,2.31658959819e-05,0,0,-9.05124252313e-05,-1.16010165215,41.5200233459,42.0000359416,0,0,0,3.22071057736e-06,149429.427748
17.0888888889,-0.00102548813447,0.579488277435,2.40511059761,6.82742102072e-05,2.31658959819e-05,0,0,-9.05124252313e-05,-1.16010165215,41.5200233459,42.0000359416,0,0,0,3.22114594427e-06,149429.427748
17.1,-0.00102548813447,0.579488277435,2.40511059761,6.82742102072e-05,2.31658959819e-05,0,0,-9.05124252313e-05,-1.16010165215,41.5200233459,42.0000359416,0,0,0,3.21983613991e-06,149429.427748
17.1111111111,-0.00102548813447,0.579488277435,2.40511059761,6.82742102072e-05,2.31658959819e-05,0,0,-9.05124252313e-05,-1.16010165215,41.5200233459,42.0000359416,0,0,0,3.22012209035e-06,149429.427748
17.1222222222,-0.00102548813447,0.579488277435,2.40511059761,6.82742102072e-05,2.31658959819e-05,0,0,-9.05124252313e-05,-1.16010165215,41.5200233459,42.0000359416,0,0,0,3.22049657472e-06,149429.427748
17.1333333333,-0.00102548813447,0.579488277435,2.40511059761,6.82742102072e-05,2.31658959819e-05,0,0,-9.05124252313e-05,-1.16010165215,41.5200233459,42.0000359416,0,0,0,3.22088107621e-06,149429.427748
17.1444444444,-0.00102548813447,0.579488277435,2.40511059761,6.82742102072e-05,2.31658959819e-05,0,0,-9.05124252313e-05,-1.16010165215,41.5200233459,42.0000359416,0,0,0,3.22102335514e-06,149429.427748
17.1555555556,-0.00102548813447,0.579488277435,2.40511059761,6.82742102072e-05,2.31658959819e-05,0,0,-9.05124252313e-05,-1.16010165215,41.5200233459,42.0000359416,0,0,0,3.22017264406e-06,149429.427748
17.1666666667,-0.00102548813447,0.579488277435,2.40511059761,6.82742102072e-05,2.31658959819e-05,0,0,-9.05124252313e-05,-1.16010165215,41.5200233459,42.0000359416,0,0,0,3.22100685843e-06,149429.427748
17.1777777778,-0.00102548813447,0.579488277435,2.40511059761,6.82742102072e-05,2.31658959819e-05,0,0,-9.05124252313e-05,-1.16010165215,41.5200233459,42.0000359416,0,0,0,3.22081121604e-06,149429.427748
17.1888888889,-0.00102548813447,0.579488277435,2.40511059761,6.82742102072e-05,2.31658959819e-05,0,0,-9.05124252313e-05,-1.16010165215,41.5200233459,42.0000359416,0,0,0,3.22093879552e-06,149429.427748
17.2,-0.00102548813447,0.579488277435,2.40511059761,6.82742102072e-05,2.31658959819e-05,0,0,-9.05124252313e-05,-1.16010165215,41.5200233459,42.0000359416,0,0,0,3.22072877961e-06,149429.427748
17.2111111111,-0.00102548813447,0.579488277435,2.40511059761,6.82742102072e-05,2.31658959819e-05,0,0,-9.05124252313e-05,-1.16010165215,41.5200233459,42.0000359416,0,0,0,3.21976408256e-06,149429.427748
17.2222222222,-0.00102548813447,0.579488277435,2.40511059761,6.82742102072e-05,2.31658959819e-05,0,0,-9.05124252313e-05,-1.16010165215,41.5200233459,42.0000359416,0,0,0,3.22071050223e-06,149429.427748
17.2333333333,-0.00102548813447,0.579488277435,2.40511059761,6.82742102072e-05,2.31658959819e-05,0,0,-9.05124252313e-05,-1.16010165215,41.5200233459,42.0000359416,0,0,0,3.22087677582e-06,149429.427748
17.2444444444,-0.00102548813447,0.579488277435,2.40511059761,6.82742102072e-05,2.31658959819e-05,0,0,-9.05124252313e-05,-1.16010165215,41.5200233459,42.0000359416,0,0,0,3.22072403062e-06,149429.427748
17.2555555556,-0.00102548813447,0.579488277435,2.40511059761,6.82742102072e-05,2.31658959819e-05,0,0,-9.05124252313e-05,-1.16010165215,41.5200233459,42.0000359416,0,0,0,3.21984572076e-06,149429.427748
17.2666666667,-0.00102548813447,0.579488277435,2.40511059761,6.82742102072e-05,2.31658959819e-05,0,0,-9.05124252313e-05,-1.16010165215,41.5200233459,42.0000359416,0,0,0,3.2205013021e-06,149429.427748
17.2777777778,-0.00102548813447,0.579488277435,2.40511059761,6.82742102072e-05,2.31658959819e-05,0,0,-9.05124252313e-05,-1.16010165215,41.5200233459,42.0000359416,0,0,0,3.22114598151e-06,149429.427748
17.2888888889,-0.00102548813447,0.579488277435,2.40511059761,6.82742102072e-05,2.31658959819e-05,0,0,-9.05124252313e-05,-1.16010165215,41.5200233459,42.0000359416,0,0,0,3.22007871525e-06,149429.427748
17.3,-0.00102548813447,0.579488277435,2.40511059761,6.82742102072e-05,2.31658959819e-05,0,0,-9.05124252313e-05,-1.16010165215,41.5200233459,42.0000359416,0,0,0,3.22017227153e-06,149429.427748
17.3111111111,-0.00102548813447,0.579488277435,2.40511059761,6.82742102072e-05,2.31658959819e-05,0,0,-9.05124252313e-05,-1.16010165215,41.5200233459,42.0000359416,0,0,0,3.22050963009e-06,149429.427748
17.3222222222,-0.00102548813447,0.579488277435,2.40511059761,6.82742102072e-05,2.31658959819e-05,0,0,-9.05124252313e-05,-1.16010165215,41.5200233459,42.0000359416,0,0,0,3.22045790713e-06,149429.427748
17.3333333333,-0.00102548813447,0.579488277435,2.40511059761,6.82742102072e-05,2.31658959819e-05,0,0,-9.05124252313e-05,-1.16010165215,41.5200233459,42.0000359416,0,0,0,3.2205871362e-06,149429.427748
17.3444444444,-0.00102548813447,0.579488277435,2.40511059761,6.82742102072e-05,2.31658959819e-05,0,0,-9.05124252313e-05,-1.16010165215,41.5200233459,42.0000359416,0,0,0,3.22022468076e-06,149429.427748
17.3555555556,-0.00102548813447,0.579488277435,2.40511059761,6.82742102072e-05,2.31658959819e-05,0,0,-9.05124252313e-05,-1.16010165215,41.5200233459,42.0000359416,0,0,0,3.22069298804e-06,149429.427748
17.3666666667,-0.00102548813447,0.579488277435,2.40511059761,6.82742102072e-05,2.31658959819e-05,0,0,-9.05124252313e-05,-1.16010165215,41.5200233459,42.0000359416,0,0,0,3.2211020776e-06,149429.427748
17.3777777778,-0.00102548813447,0.579488277435,2.40511059761,6.82742102072e-05,2.31658959819e-05,0,0,-9.05124252313e-05,-1.16010165215,41.5200233459,42.0000359416,0,0,0,3.21980811841e-06,149429.427748
17.3888888889,-0.00102548813447,0.579488277435,2.40511059761,6.82742102072e-05,2.31658959819e-05,0,0,-9.05124252313e-05,-1.16010165215,41.5200233459,42.0000359416,0,0,0,3.22003460371e-06,149429.427748
17.4,-0.00102548813447,0.579488277435,2.40511059761,6.82742102072e-05,2.31658959819e-05,0,0,-9.05124252313e-05,-1.16010165215,41.5200233459,42.0000359416,0,0,0,3.2209543359e-06,149429.427748
17.4111111111,-0.00102548813447,0.579488277435,2.40511059761,6.82742102072e-05,2.31658959819e-05,0,0,-9.05124252313e-05,-1.16010165215,41.5200233459,42.0000359416,0,0,0,3.22040090802e-06,149429.427748
17.4222222222,-0.00102548813447,0.579488277435,2.40511059761,6.82742102072e-05,2.31658959819e-05,0,0,-9.05124252313e-05,-1.16010165215,41.5200233459,42.0000359416,0,0,0,3.22095304528e-06,149429.427748
17.4333333333,-0.00102548813447,0.579488277435,2.40511059761,6.82742102072e-05,2.31658959819e-05,0,0,-9.05124252313e-05,-1.16010165215,41.5200233459,42.0000359416,0,0,0,3.22080134711e-06,149429.427748
17.4444444444,-0.00102548813447,0.579488277435,2.40511059761,6.82742102072e-05,2.31658959819e-05,0,0,-9.05124252313e-05,-1.16010165215,41.5200233459,42.0000359416,0,0,0,3.22067492874e-06,149429.427748
17.4555555556,-0.00102548813447,0.579488277435,2.40511059761,6.82742102072e-05,2.31658959819e-05,0,0,-9.05124252313e-05,-1.16010165215,41.5200233459,42.0000359416,0,0,0,3.22041246528e-06,149429.427748
17.4666666667,-0.00102548813447,0.579488277435,2.40511059761,6.82742102072e-05,2.31658959819e-05,0,0,-9.05124252313e-05,-1.16010165215,41.5200233459,42.0000359416,0,0,0,3.22111729304e-06,149429.427748
17.4777777778,-0.00102548813447,0.579488277435,2.40511059761,6.82742102072e-05,2.31658959819e-05,0,0,-9.05124252313e-05,-1.16010165215,41.5200233459,42.0000359416,0,0,0,3.22022221683e-06,149429.427748
17.4888888889,-0.00102548813447,0.579488277435,2.40511059761,6.82742102072e-05,2.31658959819e-05,0,0,-9.05124252313e-05,-1.16010165215,41.5200233459,42.0000359416,0,0,0,3.22072705506e-06,149429.427748
17.5,-0.00102548813447,0.579488277435,2.40511059761,6.82742102072e-05,2.31658959819e-05,0,0,-9.05124252313e-05,-1.16010165215,41.5200233459,42.0000359416,0,0,0,3.21975246326e-06,149429.427748
17.5111111111,-0.00102548813447,0.579488277435,2.40511059761,6.82742102072e-05,2.31658959819e-05,0,0,-9.05124252313e-05,-1.16010165215,41.5200233459,42.0000359416,0,0,0,3.22058734306e-06,149429.427748
17.5222222222,-0.00102548813447,0.579488277435,2.40511059761,6.82742102072e-05,2.31658959819e-05,0,0,-9.05124252313e-05,-1.16010165215,41.5200233459,42.0000359416,0,0,0,3.22091073089e-06,149429.427748
17.5333333333,-0.00102548813447,0.579488277435,2.40511059761,6.82742102072e-05,2.31658959819e-05,0,0,-9.05124252313e-05,-1.16010165215,41.5200233459,42.0000359416,0,0,0,3.21974760186e-06,149429.427748
17.5444444444,-0.00102548813447,0.579488277435,2.40511059761,6.82742102072e-05,2.31658959819e-05,0,0,-9.05124252313e-05,-1.16010165215,41.5200233459,42.0000359416,0,0,0,3.22034301773e-06,149429.427748
17.5555555556,-0.00102548813447,0.579488277435,2.40511059761,6.82742102072e-05,2.31658959819e-05,0,0,-9.05124252313e-05,-1.16010165215,41.5200233459,42.0000359416,0,0,0,3.22031438861e-06,149429.427748
17.5666666667,-0.00102548813447,0.579488277435,2.40511059761,6.82742102072e-05,2.31658959819e-05,0,0,-9.05124252313e-05,-1.16010165215,41.5200233459,42.0000359416,0,0,0,3.219744789e-06,149429.427748
17.5777777778,-0.00102548813447,0.579488277435,2.40511059761,6.82742102072e-05,2.31658959819e-05,0,0,-9.05124252313e-05,-1.16010165215,41.5200233459,42.0000359416,0,0,0,3.22086224423e-06,149429.427748
17.5888888889,-0.00102548813447,0.579488277435,2.40511059761,6.82742102072e-05,2.31658959819e-05,0,0,-9.05124252313e-05,-1.16010165215,41.5200233459,42.0000359416,0,0,0,3.22033782536e-06,149429.427748
17.6,-0.00102548813447,0.579488277435,2.40511059761,6.82742102072e-05,2.31658959819e-05,0,0,-9.05124252313e-05,-1.16010165215,41.5200233459,42.0000359416,0,0,0,3.2201076927e-06,149429.427748
17.6111111111,-0.00102548813447,0.579488277435,2.40511059761,6.82742102072e-05,2.31658959819e-05,0,0,-9.05124252313e-05,-1.16010165215,41.5200233459,42.0000359416,0,0,0,3.22000542252e-06,149429.427748
17.6222222222,-0.00102548813447,0.579488277435,2.40511059761,6.82742102072e-05,2.31658959819e-05,0,0,-9.05124252313e-05,-1.16010165215,41.5200233459,42.0000359416,0,0,0,3.22092449863e-06,149429.427748
17.6333333333,-0.00102548813447,0.579488277435,2.40511059761,6.82742102072e-05,2.31658959819e-05,0,0,-9.05124252313e-05,-1.16010165215,41.5200233459,42.0000359416,0,0,0,3.22013480791e-06,149429.427748
17.6444444444,-0.00102548813447,0.579488277435,2.40511059761,6.82742102072e-05,2.31658959819e-05,0,0,-9.05124252313e-05,-1.16010165215,41.5200233459,42.0000359416,0,0,0,3.22110832009e-06,149429.427748
17.6555555556,-0.00102548813447,0.579488277435,2.40511059761,6.82742102072e-05,2.31658959819e-05,0,0,-9.05124252313e-05,-1.16010165215,41.5200233459,42.0000359416,0,0,0,3.22078559499e-06,149429.427748
17.6666666667,-0.00102548813447,0.579488277435,2.40511059761,6.82742102072e-05,2.31658959819e-05,0,0,-9.05124252313e-05,-1.16010165215,41.5200233459,42.0000359416,0,0,0,3.22041558232e-06,149429.427748
17.6777777778,-0.00102548813447,0.579488277435,2.40511059761,6.82742102072e-05,2.31658959819e-05,0,0,-9.05124252313e-05,-1.16010165215,41.5200233459,42.0000359416,0,0,0,3.22009662014e-06,149429.427748
17.6888888889,-0.00102548813447,0.579488277435,2.40511059761,6.82742102072e-05,2.31658959819e-05,0,0,-9.05124252313e-05,-1.16010165215,41.5200233459,42.0000359416,0,0,0,3.2201619482e-06,149429.427748
17.7,-0.00102548813447,0.579488277435,2.40511059761,6.82742102072e-05,2.31658959819e-05,0,0,-9.05124252313e-05,-1.16010165215,41.5200233459,42.0000359416,0,0,0,3.22021906849e-06,149429.427748
17.7111111111,-0.00102548813447,0.579488277435,2.40511059761,6.82742102072e-05,2.31658959819e-05,0,0,-9.05124252313e-05,-1.16010165215,41.5200233459,42.0000359416,0,0,0,3.22105906444e-06,149429.427748
17.7222222222,-0.00102548813447,0.579488277435,2.40511059761,6.82742102072e-05,2.31658959819e-05,0,0,-9.05124252313e-05,-1.16010165215,41.5200233459,42.0000359416,0,0,0,3.22077334562e-06,149429.427748
17.7333333333,-0.00102548813447,0.579488277435,2.40511059761,6.82742102072e-05,2.31658959819e-05,0,0,-9.05124252313e-05,-1.16010165215,41.5200233459,42.0000359416,0,0,0,3.2202747663e-06,149429.427748
17.7444444444,-0.00102548813447,0.579488277435,2.40511059761,6.82742102072e-05,2.31658959819e-05,0,0,-9.05124252313e-05,-1.16010165215,41.5200233459,42.0000359416,0,0,0,3.22038694853e-06,149429.427748
17.7555555556,-0.00102548813447,0.579488277435,2.40511059761,6.82742102072e-05,2.31658959819e-05,0,0,-9.05124252313e-05,-1.16010165215,41.5200233459,42.0000359416,0,0,0,3.2201915948e-06,149429.427748
17.7666666667,-0.00102548813447,0.579488277435,2.40511059761,6.82742102072e-05,2.31658959819e-05,0,0,-9.05124252313e-05,-1.16010165215,41.5200233459,42.0000359416,0,0,0,3.21989891564e-06,149429.427748
17.7777777778,-0.00102548813447,0.579488277435,2.40511059761,6.82742102072e-05,2.31658959819e-05,0,0,-9.05124252313e-05,-1.16010165215,41.5200233459,42.0000359416,0,0,0,3.22044306869e-06,149429.427748
17.7888888889,-0.00102548813447,0.579488277435,2.40511059761,6.82742102072e-05,2.31658959819e-05,0,0,-9.05124252313e-05,-1.16010165215,41.5200233459,42.0000359416,0,0,0,3.21980273713e-06,149429.427748
17.8,-0.00102548813447,0.579488277435,2.40511059761,6.82742102072e-05,2.31658959819e-05,0,0,-9.05124252313e-05,-1.16010165215,41.5200233459,42.0000359416,0,0,0,3.21978679844e-06,149429.427748
17.8111111111,-0.00102548813447,0.579488277435,2.40511059761,6.82742102072e-05,2.31658959819e-05,0,0,-9.05124252313e-05,-1.16010165215,41.5200233459,42.0000359416,0,0,0,3.22073126124e-06,149429.427748
17.8222222222,-0.00102548813447,0.579488277435,2.40511059761,6.82742102072e-05,2.31658959819e-05,0,0,-9.05124252313e-05,-1.16010165215,41.5200233459,42.0000359416,0,0,0,3.22074746045e-06,149429.427748
17.8333333333,-0.00102548813447,0.579488277435,2.40511059761,6.82742102072e-05,2.31658959819e-05,0,0,-9.05124252313e-05,-1.16010165215,41.5200233459,42.0000359416,0,0,0,3.21984763831e-06,149429.427748
17.8444444444,-0.00102548813447,0.579488277435,2.40511059761,6.82742102072e-05,2.31658959819e-05,0,0,-9.05124252313e-05,-1.16010165215,41.5200233459,42.0000359416,0,0,0,3.22056782751e-06,149429.427748
17.8555555556,-0.00102548813447,0.579488277435,2.40511059761,6.82742102072e-05,2.31658959819e-05,0,0,-9.05124252313e-05,-1.16010165215,41.5200233459,42.0000359416,0,0,0,3.22079432817e-06,149429.427748
17.8666666667,-0.00102548813447,0.579488277435,2.40511059761,6.82742102072e-05,2.31658959819e-05,0,0,-9.05124252313e-05,-1.16010165215,41.5200233459,42.0000359416,0,0,0,3.22091688398e-06,149429.427748
17.8777777778,-0.00102548813447,0.579488277435,2.40511059761,6.82742102072e-05,2.31658959819e-05,0,0,-9.05124252313e-05,-1.16010165215,41.5200233459,42.0000359416,0,0,0,3.2205211552e-06,149429.427748
17.8888888889,-0.00102548813447,0.579488277435,2.40511059761,6.82742102072e-05,2.31658959819e-05,0,0,-9.05124252313e-05,-1.16010165215,41.5200233459,42.0000359416,0,0,0,3.2199952212e-06,149429.427748
17.9,-0.00102548813447,0.579488277435,2.40511059761,6.82742102072e-05,2.31658959819e-05,0,0,-9.05124252313e-05,-1.16010165215,41.5200233459,42.0000359416,0,0,0,3.22026015088e-06,149429.427748
17.9111111111,-0.00102548813447,0.579488277435,2.40511059761,6.82742102072e-05,2.31658959819e-05,0,0,-9.05124252313e-05,-1.16010165215,41.5200233459,42.0000359416,0,0,0,3.22019580525e-06,149429.427748
17.9222222222,-0.00102548813447,0.579488277435,2.40511059761,6.82742102072e-05,2.31658959819e-05,0,0,-9.05124252313e-05,-1.16010165215,41.5200233459,42.0000359416,0,0,0,3.2200220433e-06,149429.427748
17.9333333333,-0.00102548813447,0.579488277435,2.40511059761,6.82742102072e-05,2.31658959819e-05,0,0,-9.05124252313e-05,-1.16010165215,41.5200233459,42.0000359416,0,0,0,3.21974142621e-06,149429.427748
17.9444444444,-0.00102548813447,0.579488277435,2.40511059761,6.82742102072e-05,2.31658959819e-05,0,0,-9.05124252313e-05,-1.16010165215,41.5200233459,42.0000359416,0,0,0,3.22028527691e-06,149429.427748
17.9555555556,-0.00102548813447,0.579488277435,2.40511059761,6.82742102072e-05,2.31658959819e-05,0,0,-9.05124252313e-05,-1.16010165215,41.5200233459,42.0000359416,0,0,0,3.22100725714e-06,149429.427748
17.9666666667,-0.00102548813447,0.579488277435,2.40511059761,6.82742102072e-05,2.31658959819e-05,0,0,-9.05124252313e-05,-1.16010165215,41.5200233459,42.0000359416,0,0,0,3.22009967626e-06,149429.427748
17.9777777778,-0.00102548813447,0.579488277435,2.40511059761,6.82742102072e-05,2.31658959819e-05,0,0,-9.05124252313e-05,-1.16010165215,41.5200233459,42.0000359416,0,0,0,3.21978384658e-06,149429.427748
17.9888888889,-0.00102548813447,0.579488277435,2.40511059761,6.82742102072e-05,2.31658959819e-05,0,0,-9.05124252313e-05,-1.16010165215,41.5200233459,42.0000359416,0,0,0,3.22108315468e-06,149429.427748
18,-0.00102548813447,0.579488277435,2.40511059761,6.82742102072e-05,2.31658959819e-05,0,0,-9.05124252313e-05,-1.16010165215,41.5200233459,42.0000359416,0,0,0,3.22086889528e-06,149429.427748
18.0111111111,-0.00102548813447,0.579488277435,2.40511059761,6.82742102072e-05,2.31658959819e-05,0,0,-9.05124252313e-05,-1.16010165215,41.5200233459,42.0000359416,0,0,0,3.21975615947e-06,149429.427748
18.0222222222,-0.00102548813447,0.579488277435,2.40511059761,6.82742102072e-05,2.31658959819e-05,0,0,-9.05124252313e-05,-1.16010165215,41.5200233459,42.0000359416,0,0,0,3.22049983142e-06,149429.427748
18.0333333333,-0.00102548813447,0.579488277435,2.40511059761,6.82742102072e-05,2.31658959819e-05,0,0,-9.05124252313e-05,-1.16010165215,41.5200233459,42.0000359416,0,0,0,3.21987181285e-06,149429.427748
18.0444444444,-0.00102548813447,0.579488277435,2.40511059761,6.82742102072e-05,2.31658959819e-05,0,0,-9.05124252313e-05,-1.16010165215,41.5200233459,42.0000359416,0,0,0,3.22081972211e-06,149429.427748
18.0555555556,-0.00102548813447,0.579488277435,2.40511059761,6.82742102072e-05,2.31658959819e-05,0,0,-9.05124252313e-05,-1.16010165215,41.5200233459,42.0000359416,0,0,0,3.22012596043e-06,149429.427748
18.0666666667,-0.00102548813447,0.579488277435,2.40511059761,6.82742102072e-05,2.31658959819e-05,0,0,-9.05124252313e-05,-1.16010165215,41.5200233459,42.0000359416,0,0,0,3.22093989116e-06,149429.427748
18.0777777778,-0.00102548813447,0.579488277435,2.40511059761,6.82742102072e-05,2.31658959819e-05,0,0,-9.05124252313e-05,-1.16010165215,41.5200233459,42.0000359416,0,0,0,3.21989299741e-06,149429.427748
18.0888888889,-0.00102548813447,0.579488277435,2.40511059761,6.82742102072e-05,2.31658959819e-05,0,0,-9.05124252313e-05,-1.16010165215,41.5200233459,42.0000359416,0,0,0,3.22009068888e-06,149429.427748
18.1,-0.00102548813447,0.579488277435,2.40511059761,6.82742102072e-05,2.31658959819e-05,0,0,-9.05124252313e-05,-1.16010165215,41.5200233459,42.0000359416,0,0,0,3.22013521481e-06,149429.427748
18.1111111111,-0.00102548813447,0.579488277435,2.40511059761,6.82742102072e-05,2.31658959819e-05,0,0,-9.05124252313e-05,-1.16010165215,41.5200233459,42.0000359416,0,0,0,3.22072162872e-06,149429.427748
18.1222222222,-0.00102548813447,0.579488277435,2.40511059761,6.82742102072e-05,2.31658959819e-05,0,0,-9.05124252313e-05,-1.16010165215,41.5200233459,42.0000359416,0,0,0,3.22031272438e-06,149429.427748
18.1333333333,-0.00102548813447,0.579488277435,2.40511059761,6.82742102072e-05,2.31658959819e-05,0,0,-9.05124252313e-05,-1.16010165215,41.5200233459,42.0000359416,0,0,0,3.21997986344e-06,149429.427748
18.1444444444,-0.00102548813447,0.579488277435,2.40511059761,6.82742102072e-05,2.31658959819e-05,0,0,-9.05124252313e-05,-1.16010165215,41.5200233459,42.0000359416,0,0,0,3.22096448404e-06,149429.427748
18.1555555556,-0.00102548813447,0.579488277435,2.40511059761,6.82742102072e-05,2.31658959819e-05,0,0,-9.05124252313e-05,-1.16010165215,41.5200233459,42.0000359416,0,0,0,3.22041649617e-06,149429.427748
18.1666666667,-0.00102548813447,0.579488277435,2.40511059761,6.82742102072e-05,2.31658959819e-05,0,0,-9.05124252313e-05,-1.16010165215,41.5200233459,42.0000359416,0,0,0,3.221079749e-06,149429.427748
18.1777777778,-0.00102548813447,0.579488277435,2.40511059761,6.82742102072e-05,2.31658959819e-05,0,0,-9.05124252313e-05,-1.16010165215,41.5200233459,42.0000359416,0,0,0,3.22028586226e-06,149429.427748
18.1888888889,-0.00102548813447,0.579488277435,2.40511059761,6.82742102072e-05,2.31658959819e-05,0,0,-9.05124252313e-05,-1.16010165215,41.5200233459,42.0000359416,0,0,0,3.21980305327e-06,149429.427748
18.2,-0.00102548813447,0.579488277435,2.40511059761,6.82742102072e-05,2.31658959819e-05,0,0,-9.05124252313e-05,-1.16010165215,41.5200233459,42.0000359416,0,0,0,3.22015520879e-06,149429.427748
18.2111111111,-0.00102548813447,0.579488277435,2.40511059761,6.82742102072e-05,2.31658959819e-05,0,0,-9.05124252313e-05,-1.16010165215,41.5200233459,42.0000359416,0,0,0,3.22061826973e-06,149429.427748
18.2222222222,-0.00102548813447,0.579488277435,2.40511059761,6.82742102072e-05,2.31658959819e-05,0,0,-9.05124252313e-05,-1.16010165215,41.5200233459,42.0000359416,0,0,0,3.21983130562e-06,149429.427748
18.2333333333,-0.00102548813447,0.579488277435,2.40511059761,6.82742102072e-05,2.31658959819e-05,0,0,-9.05124252313e-05,-1.16010165215,41.5200233459,42.0000359416,0,0,0,3.22092219686e-06,149429.427748
18.2444444444,-0.00102548813447,0.579488277435,2.40511059761,6.82742102072e-05,2.31658959819e-05,0,0,-9.05124252313e-05,-1.16010165215,41.5200233459,42.0000359416,0,0,0,3.22021598104e-06,149429.427748
18.2555555556,-0.00102548813447,0.579488277435,2.40511059761,6.82742102072e-05,2.31658959819e-05,0,0,-9.05124252313e-05,-1.16010165215,41.5200233459,42.0000359416,0,0,0,3.22031127177e-06,149429.427748
18.2666666667,-0.00102548813447,0.579488277435,2.40511059761,6.82742102072e-05,2.31658959819e-05,0,0,-9.05124252313e-05,-1.16010165215,41.5200233459,42.0000359416,0,0,0,3.21982977766e-06,149429.427748
18.2777777778,-0.00102548813447,0.579488277435,2.40511059761,6.82742102072e-05,2.31658959819e-05,0,0,-9.05124252313e-05,-1.16010165215,41.5200233459,42.0000359416,0,0,0,3.22104825384e-06,149429.427748
18.2888888889,-0.00102548813447,0.579488277435,2.40511059761,6.82742102072e-05,2.31658959819e-05,0,0,-9.05124252313e-05,-1.16010165215,41.5200233459,42.0000359416,0,0,0,3.2199407167e-06,149429.427748
18.3,-0.00102548813447,0.579488277435,2.40511059761,6.82742102072e-05,2.31658959819e-05,0,0,-9.05124252313e-05,-1.16010165215,41.5200233459,42.0000359416,0,0,0,3.22007850064e-06,149429.427748
18.3111111111,-0.00102548813447,0.579488277435,2.40511059761,6.82742102072e-05,2.31658959819e-05,0,0,-9.05124252313e-05,-1.16010165215,41.5200233459,42.0000359416,0,0,0,3.22041971687e-06,149429.427748
18.3222222222,-0.00102548813447,0.579488277435,2.40511059761,6.82742102072e-05,2.31658959819e-05,0,0,-9.05124252313e-05,-1.16010165215,41.5200233459,42.0000359416,0,0,0,3.22029761852e-06,149429.427748
18.3333333333,-0.00102548813447,0.579488277435,2.40511059761,6.82742102072e-05,2.31658959819e-05,0,0,-9.05124252313e-05,-1.16010165215,41.5200233459,42.0000359416,0,0,0,3.22054579959e-06,149429.427748
18.3444444444,-0.00102548813447,0.579488277435,2.40511059761,6.82742102072e-05,2.31658959819e-05,0,0,-9.05124252313e-05,-1.16010165215,41.5200233459,42.0000359416,0,0,0,3.22007865763e-06,149429.427748
18.3555555556,-0.00102548813447,0.579488277435,2.40511059761,6.82742102072e-05,2.31658959819e-05,0,0,-9.05124252313e-05,-1.16010165215,41.5200233459,42.0000359416,0,0,0,3.2205069253e-06,149429.427748
18.3666666667,-0.00102548813447,0.579488277435,2.40511059761,6.82742102072e-05,2.31658959819e-05,0,0,-9.05124252313e-05,-1.16010165215,41.5200233459,42.0000359416,0,0,0,3.22047835927e-06,149429.427748
18.3777777778,-0.00102548813447,0.579488277435,2.40511059761,6.82742102072e-05,2.31658959819e-05,0,0,-9.05124252313e-05,-1.16010165215,41.5200233459,42.0000359416,0,0,0,3.22106561742e-06,149429.427748
18.3888888889,-0.00102548813447,0.579488277435,2.40511059761,6.82742102072e-05,2.31658959819e-05,0,0,-9.05124252313e-05,-1.16010165215,41.5200233459,42.0000359416,0,0,0,3.22006134159e-06,149429.427748
18.4,-0.00102548813447,0.579488277435,2.40511059761,6.82742102072e-05,2.31658959819e-05,0,0,-9.05124252313e-05,-1.16010165215,41.5200233459,42.0000359416,0,0,0,3.2202816269e-06,149429.427748
18.4111111111,-0.00102548813447,0.579488277435,2.40511059761,6.82742102072e-05,2.31658959819e-05,0,0,-9.05124252313e-05,-1.16010165215,41.5200233459,42.0000359416,0,0,0,3.21988986364e-06,149429.427748
18.4222222222,-0.00102548813447,0.579488277435,2.40511059761,6.82742102072e-05,2.31658959819e-05,0,0,-9.05124252313e-05,-1.16010165215,41.5200233459,42.0000359416,0,0,0,3.22015296954e-06,149429.427748
18.4333333333,-0.00102548813447,0.579488277435,2.40511059761,6.82742102072e-05,2.31658959819e-05,0,0,-9.05124252313e-05,-1.16010165215,41.5200233459,42.0000359416,0,0,0,3.22045116338e-06,149429.427748
18.4444444444,-0.00102548813447,0.579488277435,2.40511059761,6.82742102072e-05,2.31658959819e-05,0,0,-9.05124252313e-05,-1.16010165215,41.5200233459,42.0000359416,0,0,0,3.22085528485e-06,149429.427748
18.4555555556,-0.00102548813447,0.579488277435,2.40511059761,6.82742102072e-05,2.31658959819e-05,0,0,-9.05124252313e-05,-1.16010165215,41.5200233459,42.0000359416,0,0,0,3.22096442876e-06,149429.427748
18.4666666667,-0.00102548813447,0.579488277435,2.40511059761,6.82742102072e-05,2.31658959819e-05,0,0,-9.05124252313e-05,-1.16010165215,41.5200233459,42.0000359416,0,0,0,3.22075708464e-06,149429.427748
18.4777777778,-0.00102548813447,0.579488277435,2.40511059761,6.82742102072e-05,2.31658959819e-05,0,0,-9.05124252313e-05,-1.16010165215,41.5200233459,42.0000359416,0,0,0,3.22036390549e-06,149429.427748
18.4888888889,-0.00102548813447,0.579488277435,2.40511059761,6.82742102072e-05,2.31658959819e-05,0,0,-9.05124252313e-05,-1.16010165215,41.5200233459,42.0000359416,0,0,0,3.22080026824e-06,149429.427748
18.5,-0.00102548813447,0.579488277435,2.40511059761,6.82742102072e-05,2.31658959819e-05,0,0,-9.05124252313e-05,-1.16010165215,41.5200233459,42.0000359416,0,0,0,3.2201572182e-06,149429.427748
18.5111111111,-0.00102548813447,0.579488277435,2.40511059761,6.82742102072e-05,2.31658959819e-05,0,0,-9.05124252313e-05,-1.16010165215,41.5200233459,42.0000359416,0,0,0,3.21987108227e-06,149429.427748
18.5222222222,-0.00102548813447,0.579488277435,2.40511059761,6.82742102072e-05,2.31658959819e-05,0,0,-9.05124252313e-05,-1.16010165215,41.5200233459,42.0000359416,0,0,0,3.22107145069e-06,149429.427748
18.5333333333,-0.00102548813447,0.579488277435,2.40511059761,6.82742102072e-05,2.31658959819e-05,0,0,-9.05124252313e-05,-1.16010165215,41.5200233459,42.0000359416,0,0,0,3.22085318531e-06,149429.427748
18.5444444444,-0.00102548813447,0.579488277435,2.40511059761,6.82742102072e-05,2.31658959819e-05,0,0,-9.05124252313e-05,-1.16010165215,41.5200233459,42.0000359416,0,0,0,3.22012053408e-06,149429.427748
18.5555555556,-0.00102548813447,0.579488277435,2.40511059761,6.82742102072e-05,2.31658959819e-05,0,0,-9.05124252313e-05,-1.16010165215,41.5200233459,42.0000359416,0,0,0,3.22036367758e-06,149429.427748
18.5666666667,-0.00102548813447,0.579488277435,2.40511059761,6.82742102072e-05,2.31658959819e-05,0,0,-9.05124252313e-05,-1.16010165215,41.5200233459,42.0000359416,0,0,0,3.22085150912e-06,149429.427748
18.5777777778,-0.00102548813447,0.579488277435,2.40511059761,6.82742102072e-05,2.31658959819e-05,0,0,-9.05124252313e-05,-1.16010165215,41.5200233459,42.0000359416,0,0,0,3.22105921166e-06,149429.427748
18.5888888889,-0.00102548813447,0.579488277435,2.40511059761,6.82742102072e-05,2.31658959819e-05,0,0,-9.05124252313e-05,-1.16010165215,41.5200233459,42.0000359416,0,0,0,3.21974744097e-06,149429.427748
18.6,-0.00102548813447,0.579488277435,2.40511059761,6.82742102072e-05,2.31658959819e-05,0,0,-9.05124252313e-05,-1.16010165215,41.5200233459,42.0000359416,0,0,0,3.21987937568e-06,149429.427748
18.6111111111,-0.00102548813447,0.579488277435,2.40511059761,6.82742102072e-05,2.31658959819e-05,0,0,-9.05124252313e-05,-1.16010165215,41.5200233459,42.0000359416,0,0,0,3.22032347358e-06,149429.427748
18.6222222222,-0.00102548813447,0.579488277435,2.40511059761,6.82742102072e-05,2.31658959819e-05,0,0,-9.05124252313e-05,-1.16010165215,41.5200233459,42.0000359416,0,0,0,3.21987961559e-06,149429.427748
18.6333333333,-0.00102548813447,0.579488277435,2.40511059761,6.82742102072e-05,2.31658959819e-05,0,0,-9.05124252313e-05,-1.16010165215,41.5200233459,42.0000359416,0,0,0,3.21996460303e-06,149429.427748
18.6444444444,-0.00102548813447,0.579488277435,2.40511059761,6.82742102072e-05,2.31658959819e-05,0,0,-9.05124252313e-05,-1.16010165215,41.5200233459,42.0000359416,0,0,0,3.22036266371e-06,149429.427748
18.6555555556,-0.00102548813447,0.579488277435,2.40511059761,6.82742102072e-05,2.31658959819e-05,0,0,-9.05124252313e-05,-1.16010165215,41.5200233459,42.0000359416,0,0,0,3.22034528258e-06,149429.427748
18.6666666667,-0.00102548813447,0.579488277435,2.40511059761,6.82742102072e-05,2.31658959819e-05,0,0,-9.05124252313e-05,-1.16010165215,41.5200233459,42.0000359416,0,0,0,3.22007878296e-06,149429.427748
18.6777777778,-0.00102548813447,0.579488277435,2.40511059761,6.82742102072e-05,2.31658959819e-05,0,0,-9.05124252313e-05,-1.16010165215,41.5200233459,42.0000359416,0,0,0,3.22050822614e-06,149429.427748
18.6888888889,-0.00102548813447,0.579488277435,2.40511059761,6.82742102072e-05,2.31658959819e-05,0,0,-9.05124252313e-05,-1.16010165215,41.5200233459,42.0000359416,0,0,0,3.21990037579e-06,149429.427748
18.7,-0.00102548813447,0.579488277435,2.40511059761,6.82742102072e-05,2.31658959819e-05,0,0,-9.05124252313e-05,-1.16010165215,41.5200233459,42.0000359416,0,0,0,3.2209078426e-06,149429.427748
18.7111111111,-0.00102548813447,0.579488277435,2.40511059761,6.82742102072e-05,2.31658959819e-05,0,0,-9.05124252313e-05,-1.16010165215,41.5200233459,42.0000359416,0,0,0,3.22024304349e-06,149429.427748
18.7222222222,-0.00102548813447,0.579488277435,2.40511059761,6.82742102072e-05,2.31658959819e-05,0,0,-9.05124252313e-05,-1.16010165215,41.5200233459,42.0000359416,0,0,0,3.22034139242e-06,149429.427748
18.7333333333,-0.00102548813447,0.579488277435,2.40511059761,6.82742102072e-05,2.31658959819e-05,0,0,-9.05124252313e-05,-1.16010165215,41.5200233459,42.0000359416,0,0,0,3.22067554599e-06,149429.427748
18.7444444444,-0.00102548813447,0.579488277435,2.40511059761,6.82742102072e-05,2.31658959819e-05,0,0,-9.05124252313e-05,-1.16010165215,41.5200233459,42.0000359416,0,0,0,3.22044387949e-06,149429.427748
18.7555555556,-0.00102548813447,0.579488277435,2.40511059761,6.82742102072e-05,2.31658959819e-05,0,0,-9.05124252313e-05,-1.16010165215,41.5200233459,42.0000359416,0,0,0,3.22005025585e-06,149429.427748
18.7666666667,-0.00102548813447,0.579488277435,2.40511059761,6.82742102072e-05,2.31658959819e-05,0,0,-9.05124252313e-05,-1.16010165215,41.5200233459,42.0000359416,0,0,0,3.22009941666e-06,149429.427748
18.7777777778,-0.00102548813447,0.579488277435,2.40511059761,6.82742102072e-05,2.31658959819e-05,0,0,-9.05124252313e-05,-1.16010165215,41.5200233459,42.0000359416,0,0,0,3.21985901376e-06,149429.427748
18.7888888889,-0.00102548813447,0.579488277435,2.40511059761,6.82742102072e-05,2.31658959819e-05,0,0,-9.05124252313e-05,-1.16010165215,41.5200233459,42.0000359416,0,0,0,3.22100167451e-06,149429.427748
18.8,-0.00102548813447,0.579488277435,2.40511059761,6.82742102072e-05,2.31658959819e-05,0,0,-9.05124252313e-05,-1.16010165215,41.5200233459,42.0000359416,0,0,0,3.22102586446e-06,149429.427748
18.8111111111,-0.00102548813447,0.579488277435,2.40511059761,6.82742102072e-05,2.31658959819e-05,0,0,-9.05124252313e-05,-1.16010165215,41.5200233459,42.0000359416,0,0,0,3.22044885969e-06,149429.427748
18.8222222222,-0.00102548813447,0.579488277435,2.40511059761,6.82742102072e-05,2.31658959819e-05,0,0,-9.05124252313e-05,-1.16010165215,41.5200233459,42.0000359416,0,0,0,3.2197259005e-06,149429.427748
18.8333333333,-0.00102548813447,0.579488277435,2.40511059761,6.82742102072e-05,2.31658959819e-05,0,0,-9.05124252313e-05,-1.16010165215,41.5200233459,42.0000359416,0,0,0,3.22023533803e-06,149429.427748
18.8444444444,-0.00102548813447,0.579488277435,2.40511059761,6.82742102072e-05,2.31658959819e-05,0,0,-9.05124252313e-05,-1.16010165215,41.5200233459,42.0000359416,0,0,0,3.21993981818e-06,149429.427748
18.8555555556,-0.00102548813447,0.579488277435,2.40511059761,6.82742102072e-05,2.31658959819e-05,0,0,-9.05124252313e-05,-1.16010165215,41.5200233459,42.0000359416,0,0,0,3.22061229098e-06,149429.427748
18.8666666667,-0.00102548813447,0.579488277435,2.40511059761,6.82742102072e-05,2.31658959819e-05,0,0,-9.05124252313e-05,-1.16010165215,41.5200233459,42.0000359416,0,0,0,3.2206425665e-06,149429.427748
18.8777777778,-0.00102548813447,0.579488277435,2.40511059761,6.82742102072e-05,2.31658959819e-05,0,0,-9.05124252313e-05,-1.16010165215,41.5200233459,42.0000359416,0,0,0,3.21995261039e-06,149429.427748
18.8888888889,-0.00102548813447,0.579488277435,2.40511059761,6.82742102072e-05,2.31658959819e-05,0,0,-9.05124252313e-05,-1.16010165215,41.5200233459,42.0000359416,0,0,0,3.2207424057e-06,149429.427748
18.9,-0.00102548813447,0.579488277435,2.40511059761,6.82742102072e-05,2.31658959819e-05,0,0,-9.05124252313e-05,-1.16010165215,41.5200233459,42.0000359416,0,0,0,3.22027245143e-06,149429.427748
18.9111111111,-0.00102548813447,0.579488277435,2.40511059761,6.82742102072e-05,2.31658959819e-05,0,0,-9.05124252313e-05,-1.16010165215,41.5200233459,42.0000359416,0,0,0,3.22066427416e-06,149429.427748
18.9222222222,-0.00102548813447,0.579488277435,2.40511059761,6.82742102072e-05,2.31658959819e-05,0,0,-9.05124252313e-05,-1.16010165215,41.5200233459,42.0000359416,0,0,0,3.22084603556e-06,149429.427748
18.9333333333,-0.00102548813447,0.579488277435,2.40511059761,6.82742102072e-05,2.31658959819e-05,0,0,-9.05124252313e-05,-1.16010165215,41.5200233459,42.0000359416,0,0,0,3.2210386641e-06,149429.427748
18.9444444444,-0.00102548813447,0.579488277435,2.40511059761,6.82742102072e-05,2.31658959819e-05,0,0,-9.05124252313e-05,-1.16010165215,41.5200233459,42.0000359416,0,0,0,3.22058818159e-06,149429.427748
18.9555555556,-0.00102548813447,0.579488277435,2.40511059761,6.82742102072e-05,2.31658959819e-05,0,0,-9.05124252313e-05,-1.16010165215,41.5200233459,42.0000359416,0,0,0,3.22045126225e-06,149429.427748
18.9666666667,-0.00102548813447,0.579488277435,2.40511059761,6.82742102072e-05,2.31658959819e-05,0,0,-9.05124252313e-05,-1.16010165215,41.5200233459,42.0000359416,0,0,0,3.21975992581e-06,149429.427748
18.9777777778,-0.00102548813447,0.579488277435,2.40511059761,6.82742102072e-05,2.31658959819e-05,0,0,-9.05124252313e-05,-1.16010165215,41.5200233459,42.0000359416,0,0,0,3.21984695942e-06,149429.427748
18.9888888889,-0.00102548813447,0.579488277435,2.40511059761,6.82742102072e-05,2.31658959819e-05,0,0,-9.05124252313e-05,-1.16010165215,41.5200233459,42.0000359416,0,0,0,3.2199432252e-06,149429.427748
19,-0.00102548813447,0.579488277435,2.40511059761,6.82742102072e-05,2.31658959819e-05,0,0,-9.05124252313e-05,-1.16010165215,41.5200233459,42.0000359416,0,0,0,3.22091558528e-06,149429.427748
19.0111111111,-0.00102548813447,0.579488277435,2.40511059761,6.82742102072e-05,2.31658959819e-05,0,0,-9.05124252313e-05,-1.16010165215,41.5200233459,42.0000359416,0,0,0,3.22041264219e-06,149429.427748
19.0222222222,-0.00102548813447,0.579488277435,2.40511059761,6.82742102072e-05,2.31658959819e-05,0,0,-9.05124252313e-05,-1.16010165215,41.5200233459,42.0000359416,0,0,0,3.22066973005e-06,149429.427748
19.0333333333,-0.00102548813447,0.579488277435,2.40511059761,6.82742102072e-05,2.31658959819e-05,0,0,-9.05124252313e-05,-1.16010165215,41.5200233459,42.0000359416,0,0,0,3.21981807892e-06,149429.427748
19.0444444444,-0.00102548813447,0.579488277435,2.40511059761,6.82742102072e-05,2.31658959819e-05,0,0,-9.05124252313e-05,-1.16010165215,41.5200233459,42.0000359416,0,0,0,3.22087796817e-06,149429.427748
19.0555555556,-0.00102548813447,0.579488277435,2.40511059761,6.82742102072e-05,2.31658959819e-05,0,0,-9.05124252313e-05,-1.16010165215,41.5200233459,42.0000359416,0,0,0,3.21987103796e-06,149429.427748
19.0666666667,-0.00102548813447,0.579488277435,2.40511059761,6.82742102072e-05,2.31658959819e-05,0,0,-9.05124252313e-05,-1.16010165215,41.5200233459,42.0000359416,0,0,0,3.22075809223e-06,149429.427748
19.0777777778,-0.00102548813447,0.579488277435,2.40511059761,6.82742102072e-05,2.31658959819e-05,0,0,-9.05124252313e-05,-1.16010165215,41.5200233459,42.0000359416,0,0,0,3.21976184e-06,149429.427748
19.0888888889,-0.00102548813447,0.579488277435,2.40511059761,6.82742102072e-05,2.31658959819e-05,0,0,-9.05124252313e-05,-1.16010165215,41.5200233459,42.0000359416,0,0,0,3.22082634927e-06,149429.427748
19.1,-0.00102548813447,0.579488277435,2.40511059761,6.82742102072e-05,2.31658959819e-05,0,0,-9.05124252313e-05,-1.16010165215,41.5200233459,42.0000359416,0,0,0,3.22013716953e-06,149429.427748
19.1111111111,-0.00102548813447,0.579488277435,2.40511059761,6.82742102072e-05,2.31658959819e-05,0,0,-9.05124252313e-05,-1.16010165215,41.5200233459,42.0000359416,0,0,0,3.21992841714e-06,149429.427748
19.1222222222,-0.00102548813447,0.579488277435,2.40511059761,6.82742102072e-05,2.31658959819e-05,0,0,-9.05124252313e-05,-1.16010165215,41.5200233459,42.0000359416,0,0,0,3.22004445649e-06,149429.427748
19.1333333333,-0.00102548813447,0.579488277435,2.40511059761,6.82742102072e-05,2.31658959819e-05,0,0,-9.05124252313e-05,-1.16010165215,41.5200233459,42.0000359416,0,0,0,3.21988118429e-06,149429.427748
19.1444444444,-0.00102548813447,0.579488277435,2.40511059761,6.82742102072e-05,2.31658959819e-05,0,0,-9.05124252313e-05,-1.16010165215,41.5200233459,42.0000359416,0,0,0,3.22019351383e-06,149429.427748
19.1555555556,-0.00102548813447,0.579488277435,2.40511059761,6.82742102072e-05,2.31658959819e-05,0,0,-9.05124252313e-05,-1.16010165215,41.5200233459,42.0000359416,0,0,0,3.22020455972e-06,149429.427748
19.1666666667,-0.00102548813447,0.579488277435,2.40511059761,6.82742102072e-05,2.31658959819e-05,0,0,-9.05124252313e-05,-1.16010165215,41.5200233459,42.0000359416,0,0,0,3.22042448572e-06,149429.427748
19.1777777778,-0.00102548813447,0.579488277435,2.40511059761,6.82742102072e-05,2.31658959819e-05,0,0,-9.05124252313e-05,-1.16010165215,41.5200233459,42.0000359416,0,0,0,3.22099739128e-06,149429.427748
19.1888888889,-0.00102548813447,0.579488277435,2.40511059761,6.82742102072e-05,2.31658959819e-05,0,0,-9.05124252313e-05,-1.16010165215,41.5200233459,42.0000359416,0,0,0,3.22110378636e-06,149429.427748
19.2,-0.00102548813447,0.579488277435,2.40511059761,6.82742102072e-05,2.31658959819e-05,0,0,-9.05124252313e-05,-1.16010165215,41.5200233459,42.0000359416,0,0,0,3.22000590833e-06,149429.427748
19.2111111111,-0.00102548813447,0.579488277435,2.40511059761,6.82742102072e-05,2.31658959819e-05,0,0,-9.05124252313e-05,-1.16010165215,41.5200233459,42.0000359416,0,0,0,3.22088648117e-06,149429.427748
19.2222222222,-0.00102548813447,0.579488277435,2.40511059761,6.82742102072e-05,2.31658959819e-05,0,0,-9.05124252313e-05,-1.16010165215,41.5200233459,42.0000359416,0,0,0,3.22109030469e-06,149429.427748
19.2333333333,-0.00102548813447,0.579488277435,2.40511059761,6.82742102072e-05,2.31658959819e-05,0,0,-9.05124252313e-05,-1.16010165215,41.5200233459,42.0000359416,0,0,0,3.22077778968e-06,149429.427748
19.2444444444,-0.00102548813447,0.579488277435,2.40511059761,6.82742102072e-05,2.31658959819e-05,0,0,-9.05124252313e-05,-1.16010165215,41.5200233459,42.0000359416,0,0,0,3.2205437654e-06,149429.427748
19.2555555556,-0.00102548813447,0.579488277435,2.40511059761,6.82742102072e-05,2.31658959819e-05,0,0,-9.05124252313e-05,-1.16010165215,41.5200233459,42.0000359416,0,0,0,3.22089662271e-06,149429.427748
19.2666666667,-0.00102548813447,0.579488277435,2.40511059761,6.82742102072e-05,2.31658959819e-05,0,0,-9.05124252313e-05,-1.16010165215,41.5200233459,42.0000359416,0,0,0,3.22089998031e-06,149429.427748
19.2777777778,-0.00102548813447,0.579488277435,2.40511059761,6.82742102072e-05,2.31658959819e-05,0,0,-9.05124252313e-05,-1.16010165215,41.5200233459,42.0000359416,0,0,0,3.22062337765e-06,149429.427748
19.2888888889,-0.00102548813447,0.579488277435,2.40511059761,6.82742102072e-05,2.31658959819e-05,0,0,-9.05124252313e-05,-1.16010165215,41.5200233459,42.0000359416,0,0,0,3.22061076352e-06,149429.427748
19.3,-0.00102548813447,0.579488277435,2.40511059761,6.82742102072e-05,2.31658959819e-05,0,0,-9.05124252313e-05,-1.16010165215,41.5200233459,42.0000359416,0,0,0,3.22103661413e-06,149429.427748
19.3111111111,-0.00102548813447,0.579488277435,2.40511059761,6.82742102072e-05,2.31658959819e-05,0,0,-9.05124252313e-05,-1.16010165215,41.5200233459,42.0000359416,0,0,0,3.21998626605e-06,149429.427748
19.3222222222,-0.00102548813447,0.579488277435,2.40511059761,6.82742102072e-05,2.31658959819e-05,0,0,-9.05124252313e-05,-1.16010165215,41.5200233459,42.0000359416,0,0,0,3.22092927848e-06,149429.427748
19.3333333333,-0.00102548813447,0.579488277435,2.40511059761,6.82742102072e-05,2.31658959819e-05,0,0,-9.05124252313e-05,-1.16010165215,41.5200233459,42.0000359416,0,0,0,3.22065619566e-06,149429.427748
19.3444444444,-0.00102548813447,0.579488277435,2.40511059761,6.82742102072e-05,2.31658959819e-05,0,0,-9.05124252313e-05,-1.16010165215,41.5200233459,42.0000359416,0,0,0,3.22101501736e-06,149429.427748
19.3555555556,-0.00102548813447,0.579488277435,2.40511059761,6.82742102072e-05,2.31658959819e-05,0,0,-9.05124252313e-05,-1.16010165215,41.5200233459,42.0000359416,0,0,0,3.22056091365e-06,149429.427748
19.3666666667,-0.00102548813447,0.579488277435,2.40511059761,6.82742102072e-05,2.31658959819e-05,0,0,-9.05124252313e-05,-1.16010165215,41.5200233459,42.0000359416,0,0,0,3.21985123392e-06,149429.427748
19.3777777778,-0.00102548813447,0.579488277435,2.40511059761,6.82742102072e-05,2.31658959819e-05,0,0,-9.05124252313e-05,-1.16010165215,41.5200233459,42.0000359416,0,0,0,3.22022514066e-06,149429.427748
19.3888888889,-0.00102548813447,0.579488277435,2.40511059761,6.82742102072e-05,2.31658959819e-05,0,0,-9.05124252313e-05,-1.16010165215,41.5200233459,42.0000359416,0,0,0,3.21998914892e-06,149429.427748
19.4,-0.00102548813447,0.579488277435,2.40511059761,6.82742102072e-05,2.31658959819e-05,0,0,-9.05124252313e-05,-1.16010165215,41.5200233459,42.0000359416,0,0,0,3.22019681516e-06,149429.427748
19.4111111111,-0.00102548813447,0.579488277435,2.40511059761,6.82742102072e-05,2.31658959819e-05,0,0,-9.05124252313e-05,-1.16010165215,41.5200233459,42.0000359416,0,0,0,3.22018392757e-06,149429.427748
19.4222222222,-0.00102548813447,0.579488277435,2.40511059761,6.82742102072e-05,2.31658959819e-05,0,0,-9.05124252313e-05,-1.16010165215,41.5200233459,42.0000359416,0,0,0,3.22051522686e-06,149429.427748
19.4333333333,-0.00102548813447,0.579488277435,2.40511059761,6.82742102072e-05,2.31658959819e-05,0,0,-9.05124252313e-05,-1.16010165215,41.5200233459,42.0000359416,0,0,0,3.22004260992e-06,149429.427748
19.4444444444,-0.00102548813447,0.579488277435,2.40511059761,6.82742102072e-05,2.31658959819e-05,0,0,-9.05124252313e-05,-1.16010165215,41.5200233459,42.0000359416,0,0,0,3.220400435e-06,149429.427748
19.4555555556,-0.00102548813447,0.579488277435,2.40511059761,6.82742102072e-05,2.31658959819e-05,0,0,-9.05124252313e-05,-1.16010165215,41.5200233459,42.0000359416,0,0,0,3.22050705855e-06,149429.427748
19.4666666667,-0.00102548813447,0.579488277435,2.40511059761,6.82742102072e-05,2.31658959819e-05,0,0,-9.05124252313e-05,-1.16010165215,41.5200233459,42.0000359416,0,0,0,3.22104226632e-06,149429.427748
19.4777777778,-0.00102548813447,0.579488277435,2.40511059761,6.82742102072e-05,2.31658959819e-05,0,0,-9.05124252313e-05,-1.16010165215,41.5200233459,42.0000359416,0,0,0,3.2198374101e-06,149429.427748
19.4888888889,-0.00102548813447,0.579488277435,2.40511059761,6.82742102072e-05,2.31658959819e-05,0,0,-9.05124252313e-05,-1.16010165215,41.5200233459,42.0000359416,0,0,0,3.21971709442e-06,149429.427748
19.5,-0.00102548813447,0.579488277435,2.40511059761,6.82742102072e-05,2.31658959819e-05,0,0,-9.05124252313e-05,-1.16010165215,41.5200233459,42.0000359416,0,0,0,3.22082245286e-06,149429.427748
19.5111111111,-0.00102548813447,0.579488277435,2.40511059761,6.82742102072e-05,2.31658959819e-05,0,0,-9.05124252313e-05,-1.16010165215,41.5200233459,42.0000359416,0,0,0,3.22058858938e-06,149429.427748
19.5222222222,-0.00102548813447,0.579488277435,2.40511059761,6.82742102072e-05,2.31658959819e-05,0,0,-9.05124252313e-05,-1.16010165215,41.5200233459,42.0000359416,0,0,0,3.22047022383e-06,149429.427748
19.5333333333,-0.00102548813447,0.579488277435,2.40511059761,6.82742102072e-05,2.31658959819e-05,0,0,-9.05124252313e-05,-1.16010165215,41.5200233459,42.0000359416,0,0,0,3.22008939669e-06,149429.427748
19.5444444444,-0.00102548813447,0.579488277435,2.40511059761,6.82742102072e-05,2.31658959819e-05,0,0,-9.05124252313e-05,-1.16010165215,41.5200233459,42.0000359416,0,0,0,3.22002594193e-06,149429.427748
19.5555555556,-0.00102548813447,0.579488277435,2.40511059761,6.82742102072e-05,2.31658959819e-05,0,0,-9.05124252313e-05,-1.16010165215,41.5200233459,42.0000359416,0,0,0,3.22016828174e-06,149429.427748
19.5666666667,-0.00102548813447,0.579488277435,2.40511059761,6.82742102072e-05,2.31658959819e-05,0,0,-9.05124252313e-05,-1.16010165215,41.5200233459,42.0000359416,0,0,0,3.2201593389e-06,149429.427748
19.5777777778,-0.00102548813447,0.579488277435,2.40511059761,6.82742102072e-05,2.31658959819e-05,0,0,-9.05124252313e-05,-1.16010165215,41.5200233459,42.0000359416,0,0,0,3.22101358608e-06,149429.427748
19.5888888889,-0.00102548813447,0.579488277435,2.40511059761,6.82742102072e-05,2.31658959819e-05,0,0,-9.05124252313e-05,-1.16010165215,41.5200233459,42.0000359416,0,0,0,3.22057956892e-06,149429.427748
19.6,-0.00102548813447,0.579488277435,2.40511059761,6.82742102072e-05,2.31658959819e-05,0,0,-9.05124252313e-05,-1.16010165215,41.5200233459,42.0000359416,0,0,0,3.22031949657e-06,149429.427748
19.6111111111,-0.00102548813447,0.579488277435,2.40511059761,6.82742102072e-05,2.31658959819e-05,0,0,-9.05124252313e-05,-1.16010165215,41.5200233459,42.0000359416,0,0,0,3.2197394595e-06,149429.427748
19.6222222222,-0.00102548813447,0.579488277435,2.40511059761,6.82742102072e-05,2.31658959819e-05,0,0,-9.05124252313e-05,-1.16010165215,41.5200233459,42.0000359416,0,0,0,3.2209198001e-06,149429.427748
19.6333333333,-0.00102548813447,0.579488277435,2.40511059761,6.82742102072e-05,2.31658959819e-05,0,0,-9.05124252313e-05,-1.16010165215,41.5200233459,42.0000359416,0,0,0,3.2208395131e-06,149429.427748
19.6444444444,-0.00102548813447,0.579488277435,2.40511059761,6.82742102072e-05,2.31658959819e-05,0,0,-9.05124252313e-05,-1.16010165215,41.5200233459,42.0000359416,0,0,0,3.22094511063e-06,149429.427748
19.6555555556,-0.00102548813447,0.579488277435,2.40511059761,6.82742102072e-05,2.31658959819e-05,0,0,-9.05124252313e-05,-1.16010165215,41.5200233459,42.0000359416,0,0,0,3.22107779459e-06,149429.427748
19.6666666667,-0.00102548813447,0.579488277435,2.40511059761,6.82742102072e-05,2.31658959819e-05,0,0,-9.05124252313e-05,-1.16010165215,41.5200233459,42.0000359416,0,0,0,3.22073158155e-06,149429.427748
19.6777777778,-0.00102548813447,0.579488277435,2.40511059761,6.82742102072e-05,2.31658959819e-05,0,0,-9.05124252313e-05,-1.16010165215,41.5200233459,42.0000359416,0,0,0,3.21978884087e-06,149429.427748
19.6888888889,-0.00102548813447,0.579488277435,2.40511059761,6.82742102072e-05,2.31658959819e-05,0,0,-9.05124252313e-05,-1.16010165215,41.5200233459,42.0000359416,0,0,0,3.22001989996e-06,149429.427748
19.7,-0.00102548813447,0.579488277435,2.40511059761,6.82742102072e-05,2.31658959819e-05,0,0,-9.05124252313e-05,-1.16010165215,41.5200233459,42.0000359416,0,0,0,3.22092394218e-06,149429.427748
19.7111111111,-0.00102548813447,0.579488277435,2.40511059761,6.82742102072e-05,2.31658959819e-05,0,0,-9.05124252313e-05,-1.16010165215,41.5200233459,42.0000359416,0,0,0,3.2207238607e-06,149429.427748
19.7222222222,-0.00102548813447,0.579488277435,2.40511059761,6.82742102072e-05,2.31658959819e-05,0,0,-9.05124252313e-05,-1.16010165215,41.5200233459,42.0000359416,0,0,0,3.22032706481e-06,149429.427748
19.7333333333,-0.00102548813447,0.579488277435,2.40511059761,6.82742102072e-05,2.31658959819e-05,0,0,-9.05124252313e-05,-1.16010165215,41.5200233459,42.0000359416,0,0,0,3.22038694306e-06,149429.427748
19.7444444444,-0.00102548813447,0.579488277435,2.40511059761,6.82742102072e-05,2.31658959819e-05,0,0,-9.05124252313e-05,-1.16010165215,41.5200233459,42.0000359416,0,0,0,3.22042036707e-06,149429.427748
19.7555555556,-0.00102548813447,0.579488277435,2.40511059761,6.82742102072e-05,2.31658959819e-05,0,0,-9.05124252313e-05,-1.16010165215,41.5200233459,42.0000359416,0,0,0,3.2198797781e-06,149429.427748
19.7666666667,-0.00102548813447,0.579488277435,2.40511059761,6.82742102072e-05,2.31658959819e-05,0,0,-9.05124252313e-05,-1.16010165215,41.5200233459,42.0000359416,0,0,0,3.22045880193e-06,149429.427748
19.7777777778,-0.00102548813447,0.579488277435,2.40511059761,6.82742102072e-05,2.31658959819e-05,0,0,-9.05124252313e-05,-1.16010165215,41.5200233459,42.0000359416,0,0,0,3.21996307901e-06,149429.427748
19.7888888889,-0.00102548813447,0.579488277435,2.40511059761,6.82742102072e-05,2.31658959819e-05,0,0,-9.05124252313e-05,-1.16010165215,41.5200233459,42.0000359416,0,0,0,3.22029797398e-06,149429.427748
19.8,-0.00102548813447,0.579488277435,2.40511059761,6.82742102072e-05,2.31658959819e-05,0,0,-9.05124252313e-05,-1.16010165215,41.5200233459,42.0000359416,0,0,0,3.22079712706e-06,149429.427748
19.8111111111,-0.00102548813447,0.579488277435,2.40511059761,6.82742102072e-05,2.31658959819e-05,0,0,-9.05124252313e-05,-1.16010165215,41.5200233459,42.0000359416,0,0,0,3.21988392894e-06,149429.427748
19.8222222222,-0.00102548813447,0.579488277435,2.40511059761,6.82742102072e-05,2.31658959819e-05,0,0,-9.05124252313e-05,-1.16010165215,41.5200233459,42.0000359416,0,0,0,3.219757156e-06,149429.427748
19.8333333333,-0.00102548813447,0.579488277435,2.40511059761,6.82742102072e-05,2.31658959819e-05,0,0,-9.05124252313e-05,-1.16010165215,41.5200233459,42.0000359416,0,0,0,3.22001251716e-06,149429.427748
19.8444444444,-0.00102548813447,0.579488277435,2.40511059761,6.82742102072e-05,2.31658959819e-05,0,0,-9.05124252313e-05,-1.16010165215,41.5200233459,42.0000359416,0,0,0,3.22011978581e-06,149429.427748
19.8555555556,-0.00102548813447,0.579488277435,2.40511059761,6.82742102072e-05,2.31658959819e-05,0,0,-9.05124252313e-05,-1.16010165215,41.5200233459,42.0000359416,0,0,0,3.22071560507e-06,149429.427748
19.8666666667,-0.00102548813447,0.579488277435,2.40511059761,6.82742102072e-05,2.31658959819e-05,0,0,-9.05124252313e-05,-1.16010165215,41.5200233459,42.0000359416,0,0,0,3.22018734291e-06,149429.427748
19.8777777778,-0.00102548813447,0.579488277435,2.40511059761,6.82742102072e-05,2.31658959819e-05,0,0,-9.05124252313e-05,-1.16010165215,41.5200233459,42.0000359416,0,0,0,3.22012169405e-06,149429.427748
19.8888888889,-0.00102548813447,0.579488277435,2.40511059761,6.82742102072e-05,2.31658959819e-05,0,0,-9.05124252313e-05,-1.16010165215,41.5200233459,42.0000359416,0,0,0,3.22061072699e-06,149429.427748
19.9,-0.00102548813447,0.579488277435,2.40511059761,6.82742102072e-05,2.31658959819e-05,0,0,-9.05124252313e-05,-1.16010165215,41.5200233459,42.0000359416,0,0,0,3.22107925456e-06,149429.427748
19.9111111111,-0.00102548813447,0.579488277435,2.40511059761,6.82742102072e-05,2.31658959819e-05,0,0,-9.05124252313e-05,-1.16010165215,41.5200233459,42.0000359416,0,0,0,3.2207105568e-06,149429.427748
19.9222222222,-0.00102548813447,0.579488277435,2.40511059761,6.82742102072e-05,2.31658959819e-05,0,0,-9.05124252313e-05,-1.16010165215,41.5200233459,42.0000359416,0,0,0,3.21978088142e-06,149429.427748
19.9333333333,-0.00102548813447,0.579488277435,2.40511059761,6.82742102072e-05,2.31658959819e-05,0,0,-9.05124252313e-05,-1.16010165215,41.5200233459,42.0000359416,0,0,0,3.22023868343e-06,149429.427748
19.9444444444,-0.00102548813447,0.579488277435,2.40511059761,6.82742102072e-05,2.31658959819e-05,0,0,-9.05124252313e-05,-1.16010165215,41.5200233459,42.0000359416,0,0,0,3.22103509708e-06,149429.427748
19.9555555556,-0.00102548813447,0.579488277435,2.40511059761,6.82742102072e-05,2.31658959819e-05,0,0,-9.05124252313e-05,-1.16010165215,41.5200233459,42.0000359416,0,0,0,3.22067646948e-06,149429.427748
19.9666666667,-0.00102548813447,0.579488277435,2.40511059761,6.82742102072e-05,2.31658959819e-05,0,0,-9.05124252313e-05,-1.16010165215,41.5200233459,42.0000359416,0,0,0,3.22090855135e-06,149429.427748
19.9777777778,-0.00102548813447,0.579488277435,2.40511059761,6.82742102072e-05,2.31658959819e-05,0,0,-9.05124252313e-05,-1.16010165215,41.5200233459,42.0000359416,0,0,0,3.22077450791e-06,149429.427748
19.9888888889,-0.00102548813447,0.579488277435,2.40511059761,6.82742102072e-05,2.31658959819e-05,0,0,-9.05124252313e-05,-1.16010165215,41.5200233459,42.0000359416,0,0,0,3.2206792226e-06,149429.427748
20,-0.00102548813447,0.579488277435,2.40511059761,6.82742102072e-05,2.31658959819e-05,0,0,-9.05124252313e-05,-1.16010165215,41.5200233459,42.0000359416,0,0,0,3.22039426132e-06,149429.427748
20.0111111111,-0.00102548813447,0.579488277435,2.40511059761,6.82742102072e-05,2.31658959819e-05,0,0,-9.05124252313e-05,-1.16010165215,41.5200233459,42.0000359416,0,0,0,3.22045120759e-06,149429.427748
20.0222222222,-0.00102548813447,0.579488277435,2.40511059761,6.82742102072e-05,2.31658959819e-05,0,0,-9.05124252313e-05,-1.16010165215,41.5200233459,42.0000359416,0,0,0,3.22079592796e-06,149429.427748
20.0333333333,-0.00102548813447,0.579488277435,2.40511059761,6.82742102072e-05,2.31658959819e-05,0,0,-9.05124252313e-05,-1.16010165215,41.5200233459,42.0000359416,0,0,0,3.21980919667e-06,149429.427748
20.0444444444,-0.00102548813447,0.579488277435,2.40511059761,6.82742102072e-05,2.31658959819e-05,0,0,-9.05124252313e-05,-1.16010165215,41.5200233459,42.0000359416,0,0,0,3.22099748424e-06,149429.427748
20.0555555556,-0.00102548813447,0.579488277435,2.40511059761,6.82742102072e-05,2.31658959819e-05,0,0,-9.05124252313e-05,-1.16010165215,41.5200233459,42.0000359416,0,0,0,3.22056739478e-06,149429.427748
20.0666666667,-0.00102548813447,0.579488277435,2.40511059761,6.82742102072e-05,2.31658959819e-05,0,0,-9.05124252313e-05,-1.16010165215,41.5200233459,42.0000359416,0,0,0,3.21992786887e-06,149429.427748
20.0777777778,-0.00102548813447,0.579488277435,2.40511059761,6.82742102072e-05,2.31658959819e-05,0,0,-9.05124252313e-05,-1.16010165215,41.5200233459,42.0000359416,0,0,0,3.21972464072e-06,149429.427748
20.0888888889,-0.00102548813447,0.579488277435,2.40511059761,6.82742102072e-05,2.31658959819e-05,0,0,-9.05124252313e-05,-1.16010165215,41.5200233459,42.0000359416,0,0,0,3.21981865674e-06,149429.427748
20.1,-0.00102548813447,0.579488277435,2.40511059761,6.82742102072e-05,2.31658959819e-05,0,0,-9.05124252313e-05,-1.16010165215,41.5200233459,42.0000359416,0,0,0,3.22095660262e-06,149429.427748
20.1111111111,-0.00102548813447,0.579488277435,2.40511059761,6.82742102072e-05,2.31658959819e-05,0,0,-9.05124252313e-05,-1.16010165215,41.5200233459,42.0000359416,0,0,0,3.21998311054e-06,149429.427748
20.1222222222,-0.00102548813447,0.579488277435,2.40511059761,6.82742102072e-05,2.31658959819e-05,0,0,-9.05124252313e-05,-1.16010165215,41.5200233459,42.0000359416,0,0,0,3.2207943865e-06,149429.427748
20.1333333333,-0.00102548813447,0.579488277435,2.40511059761,6.82742102072e-05,2.31658959819e-05,0,0,-9.05124252313e-05,-1.16010165215,41.5200233459,42.0000359416,0,0,0,3.21993243929e-06,149429.427748
20.1444444444,-0.00102548813447,0.579488277435,2.40511059761,6.82742102072e-05,2.31658959819e-05,0,0,-9.05124252313e-05,-1.16010165215,41.5200233459,42.0000359416,0,0,0,3.22029682795e-06,149429.427748
20.1555555556,-0.00102548813447,0.579488277435,2.40511059761,6.82742102072e-05,2.31658959819e-05,0,0,-9.05124252313e-05,-1.16010165215,41.5200233459,42.0000359416,0,0,0,3.22052367684e-06,149429.427748
20.1666666667,-0.00102548813447,0.579488277435,2.40511059761,6.82742102072e-05,2.31658959819e-05,0,0,-9.05124252313e-05,-1.16010165215,41.5200233459,42.0000359416,0,0,0,3.22073302028e-06,149429.427748
20.1777777778,-0.00102548813447,0.579488277435,2.40511059761,6.82742102072e-05,2.31658959819e-05,0,0,-9.05124252313e-05,-1.16010165215,41.5200233459,42.0000359416,0,0,0,3.22030484671e-06,149429.427748
20.1888888889,-0.00102548813447,0.579488277435,2.40511059761,6.82742102072e-05,2.31658959819e-05,0,0,-9.05124252313e-05,-1.16010165215,41.5200233459,42.0000359416,0,0,0,3.22017196613e-06,149429.427748
20.2,-0.00102548813447,0.579488277435,2.40511059761,6.82742102072e-05,2.31658959819e-05,0,0,-9.05124252313e-05,-1.16010165215,41.5200233459,42.0000359416,0,0,0,3.22105699348e-06,149429.427748
20.2111111111,-0.00102548813447,0.579488277435,2.40511059761,6.82742102072e-05,2.31658959819e-05,0,0,-9.05124252313e-05,-1.16010165215,41.5200233459,42.0000359416,0,0,0,3.22047116882e-06,149429.427748
20.2222222222,-0.00102548813447,0.579488277435,2.40511059761,6.82742102072e-05,2.31658959819e-05,0,0,-9.05124252313e-05,-1.16010165215,41.5200233459,42.0000359416,0,0,0,3.22073484789e-06,149429.427748
20.2333333333,-0.00102548813447,0.579488277435,2.40511059761,6.82742102072e-05,2.31658959819e-05,0,0,-9.05124252313e-05,-1.16010165215,41.5200233459,42.0000359416,0,0,0,3.22045235116e-06,149429.427748
20.2444444444,-0.00102548813447,0.579488277435,2.40511059761,6.82742102072e-05,2.31658959819e-05,0,0,-9.05124252313e-05,-1.16010165215,41.5200233459,42.0000359416,0,0,0,3.22040071519e-06,149429.427748
20.2555555556,-0.00102548813447,0.579488277435,2.40511059761,6.82742102072e-05,2.31658959819e-05,0,0,-9.05124252313e-05,-1.16010165215,41.5200233459,42.0000359416,0,0,0,3.22109800081e-06,149429.427748
20.2666666667,-0.00102548813447,0.579488277435,2.40511059761,6.82742102072e-05,2.31658959819e-05,0,0,-9.05124252313e-05,-1.16010165215,41.5200233459,42.0000359416,0,0,0,3.22059118731e-06,149429.427748
20.2777777778,-0.00102548813447,0.579488277435,2.40511059761,6.82742102072e-05,2.31658959819e-05,0,0,-9.05124252313e-05,-1.16010165215,41.5200233459,42.0000359416,0,0,0,3.22024073554e-06,149429.427748
20.2888888889,-0.00102548813447,0.579488277435,2.40511059761,6.82742102072e-05,2.31658959819e-05,0,0,-9.05124252313e-05,-1.16010165215,41.5200233459,42.0000359416,0,0,0,3.22061393516e-06,149429.427748
20.3,-0.00102548813447,0.579488277435,2.40511059761,6.82742102072e-05,2.31658959819e-05,0,0,-9.05124252313e-05,-1.16010165215,41.5200233459,42.0000359416,0,0,0,3.21985903146e-06,149429.427748
20.3111111111,-0.00102548813447,0.579488277435,2.40511059761,6.82742102072e-05,2.31658959819e-05,0,0,-9.05124252313e-05,-1.16010165215,41.5200233459,42.0000359416,0,0,0,3.22056059009e-06,149429.427748
20.3222222222,-0.00102548813447,0.579488277435,2.40511059761,6.82742102072e-05,2.31658959819e-05,0,0,-9.05124252313e-05,-1.16010165215,41.5200233459,42.0000359416,0,0,0,3.22056893115e-06,149429.427748
20.3333333333,-0.00102548813447,0.579488277435,2.40511059761,6.82742102072e-05,2.31658959819e-05,0,0,-9.05124252313e-05,-1.16010165215,41.5200233459,42.0000359416,0,0,0,3.2206661492e-06,149429.427748
20.3444444444,-0.00102548813447,0.579488277435,2.40511059761,6.82742102072e-05,2.31658959819e-05,0,0,-9.05124252313e-05,-1.16010165215,41.5200233459,42.0000359416,0,0,0,3.22040866052e-06,149429.427748
20.3555555556,-0.00102548813447,0.579488277435,2.40511059761,6.82742102072e-05,2.31658959819e-05,0,0,-9.05124252313e-05,-1.16010165215,41.5200233459,42.0000359416,0,0,0,3.21994798576e-06,149429.427748
20.3666666667,-0.00102548813447,0.579488277435,2.40511059761,6.82742102072e-05,2.31658959819e-05,0,0,-9.05124252313e-05,-1.16010165215,41.5200233459,42.0000359416,0,0,0,3.22008791177e-06,149429.427748
20.3777777778,-0.00102548813447,0.579488277435,2.40511059761,6.82742102072e-05,2.31658959819e-05,0,0,-9.05124252313e-05,-1.16010165215,41.5200233459,42.0000359416,0,0,0,3.22046792499e-06,149429.427748
20.3888888889,-0.00102548813447,0.579488277435,2.40511059761,6.82742102072e-05,2.31658959819e-05,0,0,-9.05124252313e-05,-1.16010165215,41.5200233459,42.0000359416,0,0,0,3.21976677265e-06,149429.427748
20.4,-0.00102548813447,0.579488277435,2.40511059761,6.82742102072e-05,2.31658959819e-05,0,0,-9.05124252313e-05,-1.16010165215,41.5200233459,42.0000359416,0,0,0,3.21996358307e-06,149429.427748
20.4111111111,-0.00102548813447,0.579488277435,2.40511059761,6.82742102072e-05,2.31658959819e-05,0,0,-9.05124252313e-05,-1.16010165215,41.5200233459,42.0000359416,0,0,0,3.22083084316e-06,149429.427748
20.4222222222,-0.00102548813447,0.579488277435,2.40511059761,6.82742102072e-05,2.31658959819e-05,0,0,-9.05124252313e-05,-1.16010165215,41.5200233459,42.0000359416,0,0,0,3.22027711389e-06,149429.427748
20.4333333333,-0.00102548813447,0.579488277435,2.40511059761,6.82742102072e-05,2.31658959819e-05,0,0,-9.05124252313e-05,-1.16010165215,41.5200233459,42.0000359416,0,0,0,3.22023043425e-06,149429.427748
20.4444444444,-0.00102548813447,0.579488277435,2.40511059761,6.82742102072e-05,2.31658959819e-05,0,0,-9.05124252313e-05,-1.16010165215,41.5200233459,42.0000359416,0,0,0,3.21982256422e-06,149429.427748
20.4555555556,-0.00102548813447,0.579488277435,2.40511059761,6.82742102072e-05,2.31658959819e-05,0,0,-9.05124252313e-05,-1.16010165215,41.5200233459,42.0000359416,0,0,0,3.22069614727e-06,149429.427748
20.4666666667,-0.00102548813447,0.579488277435,2.40511059761,6.82742102072e-05,2.31658959819e-05,0,0,-9.05124252313e-05,-1.16010165215,41.5200233459,42.0000359416,0,0,0,3.2209372838e-06,149429.427748
20.4777777778,-0.00102548813447,0.579488277435,2.40511059761,6.82742102072e-05,2.31658959819e-05,0,0,-9.05124252313e-05,-1.16010165215,41.5200233459,42.0000359416,0,0,0,3.22054266245e-06,149429.427748
20.4888888889,-0.00102548813447,0.579488277435,2.40511059761,6.82742102072e-05,2.31658959819e-05,0,0,-9.05124252313e-05,-1.16010165215,41.5200233459,42.0000359416,0,0,0,3.2206851007e-06,149429.427748
20.5,-0.00102548813447,0.579488277435,2.40511059761,6.82742102072e-05,2.31658959819e-05,0,0,-9.05124252313e-05,-1.16010165215,41.5200233459,42.0000359416,0,0,0,3.21982838038e-06,149429.427748
20.5111111111,-0.00102548813447,0.579488277435,2.40511059761,6.82742102072e-05,2.31658959819e-05,0,0,-9.05124252313e-05,-1.16010165215,41.5200233459,42.0000359416,0,0,0,3.21984592058e-06,149429.427748
20.5222222222,-0.00102548813447,0.579488277435,2.40511059761,6.82742102072e-05,2.31658959819e-05,0,0,-9.05124252313e-05,-1.16010165215,41.5200233459,42.0000359416,0,0,0,3.22071796452e-06,149429.427748
20.5333333333,-0.00102548813447,0.579488277435,2.40511059761,6.82742102072e-05,2.31658959819e-05,0,0,-9.05124252313e-05,-1.16010165215,41.5200233459,42.0000359416,0,0,0,3.22077669624e-06,149429.427748
20.5444444444,-0.00102548813447,0.579488277435,2.40511059761,6.82742102072e-05,2.31658959819e-05,0,0,-9.05124252313e-05,-1.16010165215,41.5200233459,42.0000359416,0,0,0,3.22086100349e-06,149429.427748
20.5555555556,-0.00102548813447,0.579488277435,2.40511059761,6.82742102072e-05,2.31658959819e-05,0,0,-9.05124252313e-05,-1.16010165215,41.5200233459,42.0000359416,0,0,0,3.21970356798e-06,149429.427748
20.5666666667,-0.00102548813447,0.579488277435,2.40511059761,6.82742102072e-05,2.31658959819e-05,0,0,-9.05124252313e-05,-1.16010165215,41.5200233459,42.0000359416,0,0,0,3.21993459165e-06,149429.427748
20.5777777778,-0.00102548813447,0.579488277435,2.40511059761,6.82742102072e-05,2.31658959819e-05,0,0,-9.05124252313e-05,-1.16010165215,41.5200233459,42.0000359416,0,0,0,3.21998215925e-06,149429.427748
20.5888888889,-0.00102548813447,0.579488277435,2.40511059761,6.82742102072e-05,2.31658959819e-05,0,0,-9.05124252313e-05,-1.16010165215,41.5200233459,42.0000359416,0,0,0,3.22084143088e-06,149429.427748
20.6,-0.00102548813447,0.579488277435,2.40511059761,6.82742102072e-05,2.31658959819e-05,0,0,-9.05124252313e-05,-1.16010165215,41.5200233459,42.0000359416,0,0,0,3.2199417788e-06,149429.427748
20.6111111111,-0.00102548813447,0.579488277435,2.40511059761,6.82742102072e-05,2.31658959819e-05,0,0,-9.05124252313e-05,-1.16010165215,41.5200233459,42.0000359416,0,0,0,3.22005156384e-06,149429.427748
20.6222222222,-0.00102548813447,0.579488277435,2.40511059761,6.82742102072e-05,2.31658959819e-05,0,0,-9.05124252313e-05,-1.16010165215,41.5200233459,42.0000359416,0,0,0,3.22062128518e-06,149429.427748
20.6333333333,-0.00102548813447,0.579488277435,2.40511059761,6.82742102072e-05,2.31658959819e-05,0,0,-9.05124252313e-05,-1.16010165215,41.5200233459,42.0000359416,0,0,0,3.22037895924e-06,149429.427748
20.6444444444,-0.00102548813447,0.579488277435,2.40511059761,6.82742102072e-05,2.31658959819e-05,0,0,-9.05124252313e-05,-1.16010165215,41.5200233459,42.0000359416,0,0,0,3.22052903426e-06,149429.427748
20.6555555556,-0.00102548813447,0.579488277435,2.40511059761,6.82742102072e-05,2.31658959819e-05,0,0,-9.05124252313e-05,-1.16010165215,41.5200233459,42.0000359416,0,0,0,3.2203756131e-06,149429.427748
20.6666666667,-0.00102548813447,0.579488277435,2.40511059761,6.82742102072e-05,2.31658959819e-05,0,0,-9.05124252313e-05,-1.16010165215,41.5200233459,42.0000359416,0,0,0,3.22028246848e-06,149429.427748
20.6777777778,-0.00102548813447,0.579488277435,2.40511059761,6.82742102072e-05,2.31658959819e-05,0,0,-9.05124252313e-05,-1.16010165215,41.5200233459,42.0000359416,0,0,0,3.21994634074e-06,149429.427748
20.6888888889,-0.00102548813447,0.579488277435,2.40511059761,6.82742102072e-05,2.31658959819e-05,0,0,-9.05124252313e-05,-1.16010165215,41.5200233459,42.0000359416,0,0,0,3.21979987963e-06,149429.427748
20.7,-0.00102548813447,0.579488277435,2.40511059761,6.82742102072e-05,2.31658959819e-05,0,0,-9.05124252313e-05,-1.16010165215,41.5200233459,42.0000359416,0,0,0,3.2200209108e-06,149429.427748
20.7111111111,-0.00102548813447,0.579488277435,2.40511059761,6.82742102072e-05,2.31658959819e-05,0,0,-9.05124252313e-05,-1.16010165215,41.5200233459,42.0000359416,0,0,0,3.2201660972e-06,149429.427748
20.7222222222,-0.00102548813447,0.579488277435,2.40511059761,6.82742102072e-05,2.31658959819e-05,0,0,-9.05124252313e-05,-1.16010165215,41.5200233459,42.0000359416,0,0,0,3.22034278265e-06,149429.427748
20.7333333333,-0.00102548813447,0.579488277435,2.40511059761,6.82742102072e-05,2.31658959819e-05,0,0,-9.05124252313e-05,-1.16010165215,41.5200233459,42.0000359416,0,0,0,3.22060934545e-06,149429.427748
20.7444444444,-0.00102548813447,0.579488277435,2.40511059761,6.82742102072e-05,2.31658959819e-05,0,0,-9.05124252313e-05,-1.16010165215,41.5200233459,42.0000359416,0,0,0,3.22105818047e-06,149429.427748
20.7555555556,-0.00102548813447,0.579488277435,2.40511059761,6.82742102072e-05,2.31658959819e-05,0,0,-9.05124252313e-05,-1.16010165215,41.5200233459,42.0000359416,0,0,0,3.22085042814e-06,149429.427748
20.7666666667,-0.00102548813447,0.579488277435,2.40511059761,6.82742102072e-05,2.31658959819e-05,0,0,-9.05124252313e-05,-1.16010165215,41.5200233459,42.0000359416,0,0,0,3.22044497801e-06,149429.427748
20.7777777778,-0.00102548813447,0.579488277435,2.40511059761,6.82742102072e-05,2.31658959819e-05,0,0,-9.05124252313e-05,-1.16010165215,41.5200233459,42.0000359416,0,0,0,3.22039279614e-06,149429.427748
20.7888888889,-0.00102548813447,0.579488277435,2.40511059761,6.82742102072e-05,2.31658959819e-05,0,0,-9.05124252313e-05,-1.16010165215,41.5200233459,42.0000359416,0,0,0,3.22049867532e-06,149429.427748
20.8,-0.00102548813447,0.579488277435,2.40511059761,6.82742102072e-05,2.31658959819e-05,0,0,-9.05124252313e-05,-1.16010165215,41.5200233459,42.0000359416,0,0,0,3.22028994461e-06,149429.427748
20.8111111111,-0.00102548813447,0.579488277435,2.40511059761,6.82742102072e-05,2.31658959819e-05,0,0,-9.05124252313e-05,-1.16010165215,41.5200233459,42.0000359416,0,0,0,3.220514697e-06,149429.427748
20.8222222222,-0.00102548813447,0.579488277435,2.40511059761,6.82742102072e-05,2.31658959819e-05,0,0,-9.05124252313e-05,-1.16010165215,41.5200233459,42.0000359416,0,0,0,3.22088788154e-06,149429.427748
20.8333333333,-0.00102548813447,0.579488277435,2.40511059761,6.82742102072e-05,2.31658959819e-05,0,0,-9.05124252313e-05,-1.16010165215,41.5200233459,42.0000359416,0,0,0,3.22060349075e-06,149429.427748
20.8444444444,-0.00102548813447,0.579488277435,2.40511059761,6.82742102072e-05,2.31658959819e-05,0,0,-9.05124252313e-05,-1.16010165215,41.5200233459,42.0000359416,0,0,0,3.21978262726e-06,149429.427748
20.8555555556,-0.00102548813447,0.579488277435,2.40511059761,6.82742102072e-05,2.31658959819e-05,0,0,-9.05124252313e-05,-1.16010165215,41.5200233459,42.0000359416,0,0,0,3.2202607723e-06,149429.427748
20.8666666667,-0.00102548813447,0.579488277435,2.40511059761,6.82742102072e-05,2.31658959819e-05,0,0,-9.05124252313e-05,-1.16010165215,41.5200233459,42.0000359416,0,0,0,3.22084925718e-06,149429.427748
20.8777777778,-0.00102548813447,0.579488277435,2.40511059761,6.82742102072e-05,2.31658959819e-05,0,0,-9.05124252313e-05,-1.16010165215,41.5200233459,42.0000359416,0,0,0,3.22050336204e-06,149429.427748
20.8888888889,-0.00102548813447,0.579488277435,2.40511059761,6.82742102072e-05,2.31658959819e-05,0,0,-9.05124252313e-05,-1.16010165215,41.5200233459,42.0000359416,0,0,0,3.22052527037e-06,149429.427748
20.9,-0.00102548813447,0.579488277435,2.40511059761,6.82742102072e-05,2.31658959819e-05,0,0,-9.05124252313e-05,-1.16010165215,41.5200233459,42.0000359416,0,0,0,3.21983243834e-06,149429.427748
20.9111111111,-0.00102548813447,0.579488277435,2.40511059761,6.82742102072e-05,2.31658959819e-05,0,0,-9.05124252313e-05,-1.16010165215,41.5200233459,42.0000359416,0,0,0,3.22064445482e-06,149429.427748
20.9222222222,-0.00102548813447,0.579488277435,2.40511059761,6.82742102072e-05,2.31658959819e-05,0,0,-9.05124252313e-05,-1.16010165215,41.5200233459,42.0000359416,0,0,0,3.22065736286e-06,149429.427748
20.9333333333,-0.00102548813447,0.579488277435,2.40511059761,6.82742102072e-05,2.31658959819e-05,0,0,-9.05124252313e-05,-1.16010165215,41.5200233459,42.0000359416,0,0,0,3.21987276668e-06,149429.427748
20.9444444444,-0.00102548813447,0.579488277435,2.40511059761,6.82742102072e-05,2.31658959819e-05,0,0,-9.05124252313e-05,-1.16010165215,41.5200233459,42.0000359416,0,0,0,3.22085395446e-06,149429.427748
20.9555555556,-0.00102548813447,0.579488277435,2.40511059761,6.82742102072e-05,2.31658959819e-05,0,0,-9.05124252313e-05,-1.16010165215,41.5200233459,42.0000359416,0,0,0,3.22088604203e-06,149429.427748
20.9666666667,-0.00102548813447,0.579488277435,2.40511059761,6.82742102072e-05,2.31658959819e-05,0,0,-9.05124252313e-05,-1.16010165215,41.5200233459,42.0000359416,0,0,0,3.22010808926e-06,149429.427748
20.9777777778,-0.00102548813447,0.579488277435,2.40511059761,6.82742102072e-05,2.31658959819e-05,0,0,-9.05124252313e-05,-1.16010165215,41.5200233459,42.0000359416,0,0,0,3.22081121159e-06,149429.427748
20.9888888889,-0.00102548813447,0.579488277435,2.40511059761,6.82742102072e-05,2.31658959819e-05,0,0,-9.05124252313e-05,-1.16010165215,41.5200233459,42.0000359416,0,0,0,3.22068583936e-06,149429.427748
21,-0.00102548813447,0.579488277435,2.40511059761,6.82742102072e-05,2.31658959819e-05,0,0,-9.05124252313e-05,-1.16010165215,41.5200233459,42.0000359416,0,0,0,3.22040892871e-06,149429.427748
21.0111111111,-0.00102548813447,0.579488277435,2.40511059761,6.82742102072e-05,2.31658959819e-05,0,0,-9.05124252313e-05,-1.16010165215,41.5200233459,42.0000359416,0,0,0,3.22057972311e-06,149429.427748
21.0222222222,-0.00102548813447,0.579488277435,2.40511059761,6.82742102072e-05,2.31658959819e-05,0,0,-9.05124252313e-05,-1.16010165215,41.5200233459,42.0000359416,0,0,0,3.22024569637e-06,149429.427748
21.0333333333,-0.00102548813447,0.579488277435,2.40511059761,6.82742102072e-05,2.31658959819e-05,0,0,-9.05124252313e-05,-1.16010165215,41.5200233459,42.0000359416,0,0,0,3.21988727487e-06,149429.427748
21.0444444444,-0.00102548813447,0.579488277435,2.40511059761,6.82742102072e-05,2.31658959819e-05,0,0,-9.05124252313e-05,-1.16010165215,41.5200233459,42.0000359416,0,0,0,3.21972289715e-06,149429.427748
21.0555555556,-0.00102548813447,0.579488277435,2.40511059761,6.82742102072e-05,2.31658959819e-05,0,0,-9.05124252313e-05,-1.16010165215,41.5200233459,42.0000359416,0,0,0,3.22071252148e-06,149429.427748
21.0666666667,-0.00102548813447,0.579488277435,2.40511059761,6.82742102072e-05,2.31658959819e-05,0,0,-9.05124252313e-05,-1.16010165215,41.5200233459,42.0000359416,0,0,0,3.22105755782e-06,149429.427748
21.0777777778,-0.00102548813447,0.579488277435,2.40511059761,6.82742102072e-05,2.31658959819e-05,0,0,-9.05124252313e-05,-1.16010165215,41.5200233459,42.0000359416,0,0,0,3.22101025652e-06,149429.427748
21.0888888889,-0.00102548813447,0.579488277435,2.40511059761,6.82742102072e-05,2.31658959819e-05,0,0,-9.05124252313e-05,-1.16010165215,41.5200233459,42.0000359416,0,0,0,3.21977412974e-06,149429.427748
21.1,-0.00102548813447,0.579488277435,2.40511059761,6.82742102072e-05,2.31658959819e-05,0,0,-9.05124252313e-05,-1.16010165215,41.5200233459,42.0000359416,0,0,0,3.22067783489e-06,149429.427748
21.1111111111,-0.00102548813447,0.579488277435,2.40511059761,6.82742102072e-05,2.31658959819e-05,0,0,-9.05124252313e-05,-1.16010165215,41.5200233459,42.0000359416,0,0,0,3.22105501213e-06,149429.427748
21.1222222222,-0.00102548813447,0.579488277435,2.40511059761,6.82742102072e-05,2.31658959819e-05,0,0,-9.05124252313e-05,-1.16010165215,41.5200233459,42.0000359416,0,0,0,3.21991939201e-06,149429.427748
21.1333333333,-0.00102548813447,0.579488277435,2.40511059761,6.82742102072e-05,2.31658959819e-05,0,0,-9.05124252313e-05,-1.16010165215,41.5200233459,42.0000359416,0,0,0,3.22067483374e-06,149429.427748
21.1444444444,-0.00102548813447,0.579488277435,2.40511059761,6.82742102072e-05,2.31658959819e-05,0,0,-9.05124252313e-05,-1.16010165215,41.5200233459,42.0000359416,0,0,0,3.22066556695e-06,149429.427748
21.1555555556,-0.00102548813447,0.579488277435,2.40511059761,6.82742102072e-05,2.31658959819e-05,0,0,-9.05124252313e-05,-1.16010165215,41.5200233459,42.0000359416,0,0,0,3.22082222498e-06,149429.427748
21.1666666667,-0.00102548813447,0.579488277435,2.40511059761,6.82742102072e-05,2.31658959819e-05,0,0,-9.05124252313e-05,-1.16010165215,41.5200233459,42.0000359416,0,0,0,3.2198824525e-06,149429.427748
21.1777777778,-0.00102548813447,0.579488277435,2.40511059761,6.82742102072e-05,2.31658959819e-05,0,0,-9.05124252313e-05,-1.16010165215,41.5200233459,42.0000359416,0,0,0,3.22085321581e-06,149429.427748
21.1888888889,-0.00102548813447,0.579488277435,2.40511059761,6.82742102072e-05,2.31658959819e-05,0,0,-9.05124252313e-05,-1.16010165215,41.5200233459,42.0000359416,0,0,0,3.22018997762e-06,149429.427748
21.2,-0.00102548813447,0.579488277435,2.40511059761,6.82742102072e-05,2.31658959819e-05,0,0,-9.05124252313e-05,-1.16010165215,41.5200233459,42.0000359416,0,0,0,3.22020918703e-06,149429.427748
21.2111111111,-0.00102548813447,0.579488277435,2.40511059761,6.82742102072e-05,2.31658959819e-05,0,0,-9.05124252313e-05,-1.16010165215,41.5200233459,42.0000359416,0,0,0,3.22016706909e-06,149429.427748
21.2222222222,-0.00102548813447,0.579488277435,2.40511059761,6.82742102072e-05,2.31658959819e-05,0,0,-9.05124252313e-05,-1.16010165215,41.5200233459,42.0000359416,0,0,0,3.22102726963e-06,149429.427748
21.2333333333,-0.00102548813447,0.579488277435,2.40511059761,6.82742102072e-05,2.31658959819e-05,0,0,-9.05124252313e-05,-1.16010165215,41.5200233459,42.0000359416,0,0,0,3.22057636337e-06,149429.427748
21.2444444444,-0.00102548813447,0.579488277435,2.40511059761,6.82742102072e-05,2.31658959819e-05,0,0,-9.05124252313e-05,-1.16010165215,41.5200233459,42.0000359416,0,0,0,3.22014491248e-06,149429.427748
21.2555555556,-0.00102548813447,0.579488277435,2.40511059761,6.82742102072e-05,2.31658959819e-05,0,0,-9.05124252313e-05,-1.16010165215,41.5200233459,42.0000359416,0,0,0,3.22097646816e-06,149429.427748
21.2666666667,-0.00102548813447,0.579488277435,2.40511059761,6.82742102072e-05,2.31658959819e-05,0,0,-9.05124252313e-05,-1.16010165215,41.5200233459,42.0000359416,0,0,0,3.22106567255e-06,149429.427748
21.2777777778,-0.00102548813447,0.579488277435,2.40511059761,6.82742102072e-05,2.31658959819e-05,0,0,-9.05124252313e-05,-1.16010165215,41.5200233459,42.0000359416,0,0,0,3.22083279817e-06,149429.427748
21.2888888889,-0.00102548813447,0.579488277435,2.40511059761,6.82742102072e-05,2.31658959819e-05,0,0,-9.05124252313e-05,-1.16010165215,41.5200233459,42.0000359416,0,0,0,3.22033710184e-06,149429.427748
21.3,-0.00102548813447,0.579488277435,2.40511059761,6.82742102072e-05,2.31658959819e-05,0,0,-9.05124252313e-05,-1.16010165215,41.5200233459,42.0000359416,0,0,0,3.21994638461e-06,149429.427748
21.3111111111,-0.00102548813447,0.579488277435,2.40511059761,6.82742102072e-05,2.31658959819e-05,0,0,-9.05124252313e-05,-1.16010165215,41.5200233459,42.0000359416,0,0,0,3.22083091216e-06,149429.427748
21.3222222222,-0.00102548813447,0.579488277435,2.40511059761,6.82742102072e-05,2.31658959819e-05,0,0,-9.05124252313e-05,-1.16010165215,41.5200233459,42.0000359416,0,0,0,3.22076954047e-06,149429.427748
21.3333333333,-0.00102548813447,0.579488277435,2.40511059761,6.82742102072e-05,2.31658959819e-05,0,0,-9.05124252313e-05,-1.16010165215,41.5200233459,42.0000359416,0,0,0,3.21996480217e-06,149429.427748
21.3444444444,-0.00102548813447,0.579488277435,2.40511059761,6.82742102072e-05,2.31658959819e-05,0,0,-9.05124252313e-05,-1.16010165215,41.5200233459,42.0000359416,0,0,0,3.21978168539e-06,149429.427748
21.3555555556,-0.00102548813447,0.579488277435,2.40511059761,6.82742102072e-05,2.31658959819e-05,0,0,-9.05124252313e-05,-1.16010165215,41.5200233459,42.0000359416,0,0,0,3.21973095916e-06,149429.427748
21.3666666667,-0.00102548813447,0.579488277435,2.40511059761,6.82742102072e-05,2.31658959819e-05,0,0,-9.05124252313e-05,-1.16010165215,41.5200233459,42.0000359416,0,0,0,3.22086839464e-06,149429.427748
21.3777777778,-0.00102548813447,0.579488277435,2.40511059761,6.82742102072e-05,2.31658959819e-05,0,0,-9.05124252313e-05,-1.16010165215,41.5200233459,42.0000359416,0,0,0,3.22076076997e-06,149429.427748
21.3888888889,-0.00102548813447,0.579488277435,2.40511059761,6.82742102072e-05,2.31658959819e-05,0,0,-9.05124252313e-05,-1.16010165215,41.5200233459,42.0000359416,0,0,0,3.22066513631e-06,149429.427748
21.4,-0.00102548813447,0.579488277435,2.40511059761,6.82742102072e-05,2.31658959819e-05,0,0,-9.05124252313e-05,-1.16010165215,41.5200233459,42.0000359416,0,0,0,3.22029566489e-06,149429.427748
21.4111111111,-0.00102548813447,0.579488277435,2.40511059761,6.82742102072e-05,2.31658959819e-05,0,0,-9.05124252313e-05,-1.16010165215,41.5200233459,42.0000359416,0,0,0,3.22055834262e-06,149429.427748
21.4222222222,-0.00102548813447,0.579488277435,2.40511059761,6.82742102072e-05,2.31658959819e-05,0,0,-9.05124252313e-05,-1.16010165215,41.5200233459,42.0000359416,0,0,0,3.2210545487e-06,149429.427748
21.4333333333,-0.00102548813447,0.579488277435,2.40511059761,6.82742102072e-05,2.31658959819e-05,0,0,-9.05124252313e-05,-1.16010165215,41.5200233459,42.0000359416,0,0,0,3.21989121464e-06,149429.427748
21.4444444444,-0.00102548813447,0.579488277435,2.40511059761,6.82742102072e-05,2.31658959819e-05,0,0,-9.05124252313e-05,-1.16010165215,41.5200233459,42.0000359416,0,0,0,3.22103027321e-06,149429.427748
21.4555555556,-0.00102548813447,0.579488277435,2.40511059761,6.82742102072e-05,2.31658959819e-05,0,0,-9.05124252313e-05,-1.16010165215,41.5200233459,42.0000359416,0,0,0,3.2201099757e-06,149429.427748
21.4666666667,-0.00102548813447,0.579488277435,2.40511059761,6.82742102072e-05,2.31658959819e-05,0,0,-9.05124252313e-05,-1.16010165215,41.5200233459,42.0000359416,0,0,0,3.22044765614e-06,149429.427748
21.4777777778,-0.00102548813447,0.579488277435,2.40511059761,6.82742102072e-05,2.31658959819e-05,0,0,-9.05124252313e-05,-1.16010165215,41.5200233459,42.0000359416,0,0,0,3.22068169058e-06,149429.427748
21.4888888889,-0.00102548813447,0.579488277435,2.40511059761,6.82742102072e-05,2.31658959819e-05,0,0,-9.05124252313e-05,-1.16010165215,41.5200233459,42.0000359416,0,0,0,3.22046369009e-06,149429.427748
21.5,-0.00102548813447,0.579488277435,2.40511059761,6.82742102072e-05,2.31658959819e-05,0,0,-9.05124252313e-05,-1.16010165215,41.5200233459,42.0000359416,0,0,0,3.2204267856e-06,149429.427748
21.5111111111,-0.00102548813447,0.579488277435,2.40511059761,6.82742102072e-05,2.31658959819e-05,0,0,-9.05124252313e-05,-1.16010165215,41.5200233459,42.0000359416,0,0,0,3.21973182344e-06,149429.427748
21.5222222222,-0.00102548813447,0.579488277435,2.40511059761,6.82742102072e-05,2.31658959819e-05,0,0,-9.05124252313e-05,-1.16010165215,41.5200233459,42.0000359416,0,0,0,3.21997612243e-06,149429.427748
21.5333333333,-0.00102548813447,0.579488277435,2.40511059761,6.82742102072e-05,2.31658959819e-05,0,0,-9.05124252313e-05,-1.16010165215,41.5200233459,42.0000359416,0,0,0,3.22080827697e-06,149429.427748
21.5444444444,-0.00102548813447,0.579488277435,2.40511059761,6.82742102072e-05,2.31658959819e-05,0,0,-9.05124252313e-05,-1.16010165215,41.5200233459,42.0000359416,0,0,0,3.22032069687e-06,149429.427748
21.5555555556,-0.00102548813447,0.579488277435,2.40511059761,6.82742102072e-05,2.31658959819e-05,0,0,-9.05124252313e-05,-1.16010165215,41.5200233459,42.0000359416,0,0,0,3.22073969294e-06,149429.427748
21.5666666667,-0.00102548813447,0.579488277435,2.40511059761,6.82742102072e-05,2.31658959819e-05,0,0,-9.05124252313e-05,-1.16010165215,41.5200233459,42.0000359416,0,0,0,3.22036080925e-06,149429.427748
21.5777777778,-0.00102548813447,0.579488277435,2.40511059761,6.82742102072e-05,2.31658959819e-05,0,0,-9.05124252313e-05,-1.16010165215,41.5200233459,42.0000359416,0,0,0,3.22028964358e-06,149429.427748
21.5888888889,-0.00102548813447,0.579488277435,2.40511059761,6.82742102072e-05,2.31658959819e-05,0,0,-9.05124252313e-05,-1.16010165215,41.5200233459,42.0000359416,0,0,0,3.22067627638e-06,149429.427748
21.6,-0.00102548813447,0.579488277435,2.40511059761,6.82742102072e-05,2.31658959819e-05,0,0,-9.05124252313e-05,-1.16010165215,41.5200233459,42.0000359416,0,0,0,3.22107823339e-06,149429.427748
21.6111111111,-0.00102548813447,0.579488277435,2.40511059761,6.82742102072e-05,2.31658959819e-05,0,0,-9.05124252313e-05,-1.16010165215,41.5200233459,42.0000359416,0,0,0,3.22074861027e-06,149429.427748
21.6222222222,-0.00102548813447,0.579488277435,2.40511059761,6.82742102072e-05,2.31658959819e-05,0,0,-9.05124252313e-05,-1.16010165215,41.5200233459,42.0000359416,0,0,0,3.22069961185e-06,149429.427748
21.6333333333,-0.00102548813447,0.579488277435,2.40511059761,6.82742102072e-05,2.31658959819e-05,0,0,-9.05124252313e-05,-1.16010165215,41.5200233459,42.0000359416,0,0,0,3.21968995948e-06,149429.427748
21.6444444444,-0.00102548813447,0.579488277435,2.40511059761,6.82742102072e-05,2.31658959819e-05,0,0,-9.05124252313e-05,-1.16010165215,41.5200233459,42.0000359416,0,0,0,3.22012707236e-06,149429.427748
21.6555555556,-0.00102548813447,0.579488277435,2.40511059761,6.82742102072e-05,2.31658959819e-05,0,0,-9.05124252313e-05,-1.16010165215,41.5200233459,42.0000359416,0,0,0,3.22022337708e-06,149429.427748
21.6666666667,-0.00102548813447,0.579488277435,2.40511059761,6.82742102072e-05,2.31658959819e-05,0,0,-9.05124252313e-05,-1.16010165215,41.5200233459,42.0000359416,0,0,0,3.22055911037e-06,149429.427748
21.6777777778,-0.00102548813447,0.579488277435,2.40511059761,6.82742102072e-05,2.31658959819e-05,0,0,-9.05124252313e-05,-1.16010165215,41.5200233459,42.0000359416,0,0,0,3.22098197895e-06,149429.427748
21.6888888889,-0.00102548813447,0.579488277435,2.40511059761,6.82742102072e-05,2.31658959819e-05,0,0,-9.05124252313e-05,-1.16010165215,41.5200233459,42.0000359416,0,0,0,3.22052990115e-06,149429.427748
21.7,-0.00102548813447,0.579488277435,2.40511059761,6.82742102072e-05,2.31658959819e-05,0,0,-9.05124252313e-05,-1.16010165215,41.5200233459,42.0000359416,0,0,0,3.22028043545e-06,149429.427748
21.7111111111,-0.00102548813447,0.579488277435,2.40511059761,6.82742102072e-05,2.31658959819e-05,0,0,-9.05124252313e-05,-1.16010165215,41.5200233459,42.0000359416,0,0,0,3.22036342305e-06,149429.427748
21.7222222222,-0.00102548813447,0.579488277435,2.40511059761,6.82742102072e-05,2.31658959819e-05,0,0,-9.05124252313e-05,-1.16010165215,41.5200233459,42.0000359416,0,0,0,3.22021484801e-06,149429.427748
21.7333333333,-0.00102548813447,0.579488277435,2.40511059761,6.82742102072e-05,2.31658959819e-05,0,0,-9.05124252313e-05,-1.16010165215,41.5200233459,42.0000359416,0,0,0,3.22017884023e-06,149429.427748
21.7444444444,-0.00102548813447,0.579488277435,2.40511059761,6.82742102072e-05,2.31658959819e-05,0,0,-9.05124252313e-05,-1.16010165215,41.5200233459,42.0000359416,0,0,0,3.22002039469e-06,149429.427748
21.7555555556,-0.00102548813447,0.579488277435,2.40511059761,6.82742102072e-05,2.31658959819e-05,0,0,-9.05124252313e-05,-1.16010165215,41.5200233459,42.0000359416,0,0,0,3.2201024056e-06,149429.427748
21.7666666667,-0.00102548813447,0.579488277435,2.40511059761,6.82742102072e-05,2.31658959819e-05,0,0,-9.05124252313e-05,-1.16010165215,41.5200233459,42.0000359416,0,0,0,3.21989769163e-06,149429.427748
21.7777777778,-0.00102548813447,0.579488277435,2.40511059761,6.82742102072e-05,2.31658959819e-05,0,0,-9.05124252313e-05,-1.16010165215,41.5200233459,42.0000359416,0,0,0,3.220418067e-06,149429.427748
21.7888888889,-0.00102548813447,0.579488277435,2.40511059761,6.82742102072e-05,2.31658959819e-05,0,0,-9.05124252313e-05,-1.16010165215,41.5200233459,42.0000359416,0,0,0,3.2201503808e-06,149429.427748
21.8,-0.00102548813447,0.579488277435,2.40511059761,6.82742102072e-05,2.31658959819e-05,0,0,-9.05124252313e-05,-1.16010165215,41.5200233459,42.0000359416,0,0,0,3.22027851212e-06,149429.427748
21.8111111111,-0.00102548813447,0.579488277435,2.40511059761,6.82742102072e-05,2.31658959819e-05,0,0,-9.05124252313e-05,-1.16010165215,41.5200233459,42.0000359416,0,0,0,3.22016952409e-06,149429.427748
21.8222222222,-0.00102548813447,0.579488277435,2.40511059761,6.82742102072e-05,2.31658959819e-05,0,0,-9.05124252313e-05,-1.16010165215,41.5200233459,42.0000359416,0,0,0,3.22108805355e-06,149429.427748
21.8333333333,-0.00102548813447,0.579488277435,2.40511059761,6.82742102072e-05,2.31658959819e-05,0,0,-9.05124252313e-05,-1.16010165215,41.5200233459,42.0000359416,0,0,0,3.22086141351e-06,149429.427748
21.8444444444,-0.00102548813447,0.579488277435,2.40511059761,6.82742102072e-05,2.31658959819e-05,0,0,-9.05124252313e-05,-1.16010165215,41.5200233459,42.0000359416,0,0,0,3.221025789e-06,149429.427748
21.8555555556,-0.00102548813447,0.579488277435,2.40511059761,6.82742102072e-05,2.31658959819e-05,0,0,-9.05124252313e-05,-1.16010165215,41.5200233459,42.0000359416,0,0,0,3.22014420845e-06,149429.427748
21.8666666667,-0.00102548813447,0.579488277435,2.40511059761,6.82742102072e-05,2.31658959819e-05,0,0,-9.05124252313e-05,-1.16010165215,41.5200233459,42.0000359416,0,0,0,3.22074278185e-06,149429.427748
21.8777777778,-0.00102548813447,0.579488277435,2.40511059761,6.82742102072e-05,2.31658959819e-05,0,0,-9.05124252313e-05,-1.16010165215,41.5200233459,42.0000359416,0,0,0,3.22049858717e-06,149429.427748
21.8888888889,-0.00102548813447,0.579488277435,2.40511059761,6.82742102072e-05,2.31658959819e-05,0,0,-9.05124252313e-05,-1.16010165215,41.5200233459,42.0000359416,0,0,0,3.22025856427e-06,149429.427748
21.9,-0.00102548813447,0.579488277435,2.40511059761,6.82742102072e-05,2.31658959819e-05,0,0,-9.05124252313e-05,-1.16010165215,41.5200233459,42.0000359416,0,0,0,3.22101501205e-06,149429.427748
21.9111111111,-0.00102548813447,0.579488277435,2.40511059761,6.82742102072e-05,2.31658959819e-05,0,0,-9.05124252313e-05,-1.16010165215,41.5200233459,42.0000359416,0,0,0,3.22023193622e-06,149429.427748
21.9222222222,-0.00102548813447,0.579488277435,2.40511059761,6.82742102072e-05,2.31658959819e-05,0,0,-9.05124252313e-05,-1.16010165215,41.5200233459,42.0000359416,0,0,0,3.22104858409e-06,149429.427748
21.9333333333,-0.00102548813447,0.579488277435,2.40511059761,6.82742102072e-05,2.31658959819e-05,0,0,-9.05124252313e-05,-1.16010165215,41.5200233459,42.0000359416,0,0,0,3.21974562107e-06,149429.427748
21.9444444444,-0.00102548813447,0.579488277435,2.40511059761,6.82742102072e-05,2.31658959819e-05,0,0,-9.05124252313e-05,-1.16010165215,41.5200233459,42.0000359416,0,0,0,3.22076616669e-06,149429.427748
21.9555555556,-0.00102548813447,0.579488277435,2.40511059761,6.82742102072e-05,2.31658959819e-05,0,0,-9.05124252313e-05,-1.16010165215,41.5200233459,42.0000359416,0,0,0,3.22049047492e-06,149429.427748
21.9666666667,-0.00102548813447,0.579488277435,2.40511059761,6.82742102072e-05,2.31658959819e-05,0,0,-9.05124252313e-05,-1.16010165215,41.5200233459,42.0000359416,0,0,0,3.21998375043e-06,149429.427748
21.9777777778,-0.00102548813447,0.579488277435,2.40511059761,6.82742102072e-05,2.31658959819e-05,0,0,-9.05124252313e-05,-1.16010165215,41.5200233459,42.0000359416,0,0,0,3.22053747725e-06,149429.427748
21.9888888889,-0.00102548813447,0.579488277435,2.40511059761,6.82742102072e-05,2.31658959819e-05,0,0,-9.05124252313e-05,-1.16010165215,41.5200233459,42.0000359416,0,0,0,3.21995011082e-06,149429.427748
22,-0.00102548813447,0.579488277435,2.40511059761,6.82742102072e-05,2.31658959819e-05,0,0,-9.05124252313e-05,-1.16010165215,41.5200233459,42.0000359416,0,0,0,3.22015940511e-06,149429.427748
22.0111111111,-0.00102548813447,0.579488277435,2.40511059761,6.82742102072e-05,2.31658959819e-05,0,0,-9.05124252313e-05,-1.16010165215,41.5200233459,42.0000359416,0,0,0,3.22010133348e-06,149429.427748
22.0222222222,-0.00102548813447,0.579488277435,2.40511059761,6.82742102072e-05,2.31658959819e-05,0,0,-9.05124252313e-05,-1.16010165215,41.5200233459,42.0000359416,0,0,0,3.21994563596e-06,149429.427748
22.0333333333,-0.00102548813447,0.579488277435,2.40511059761,6.82742102072e-05,2.31658959819e-05,0,0,-9.05124252313e-05,-1.16010165215,41.5200233459,42.0000359416,0,0,0,3.22053680793e-06,149429.427748
22.0444444444,-0.00102548813447,0.579488277435,2.40511059761,6.82742102072e-05,2.31658959819e-05,0,0,-9.05124252313e-05,-1.16010165215,41.5200233459,42.0000359416,0,0,0,3.2207360127e-06,149429.427748
22.0555555556,-0.00102548813447,0.579488277435,2.40511059761,6.82742102072e-05,2.31658959819e-05,0,0,-9.05124252313e-05,-1.16010165215,41.5200233459,42.0000359416,0,0,0,3.22015731384e-06,149429.427748
22.0666666667,-0.00102548813447,0.579488277435,2.40511059761,6.82742102072e-05,2.31658959819e-05,0,0,-9.05124252313e-05,-1.16010165215,41.5200233459,42.0000359416,0,0,0,3.22075489178e-06,149429.427748
22.0777777778,-0.00102548813447,0.579488277435,2.40511059761,6.82742102072e-05,2.31658959819e-05,0,0,-9.05124252313e-05,-1.16010165215,41.5200233459,42.0000359416,0,0,0,3.22066509455e-06,149429.427748
22.0888888889,-0.00102548813447,0.579488277435,2.40511059761,6.82742102072e-05,2.31658959819e-05,0,0,-9.05124252313e-05,-1.16010165215,41.5200233459,42.0000359416,0,0,0,3.21998821352e-06,149429.427748
22.1,-0.00102548813447,0.579488277435,2.40511059761,6.82742102072e-05,2.31658959819e-05,0,0,-9.05124252313e-05,-1.16010165215,41.5200233459,42.0000359416,0,0,0,3.22031684691e-06,149429.427748
22.1111111111,-0.00102548813447,0.579488277435,2.40511059761,6.82742102072e-05,2.31658959819e-05,0,0,-9.05124252313e-05,-1.16010165215,41.5200233459,42.0000359416,0,0,0,3.22054102713e-06,149429.427748
22.1222222222,-0.00102548813447,0.579488277435,2.40511059761,6.82742102072e-05,2.31658959819e-05,0,0,-9.05124252313e-05,-1.16010165215,41.5200233459,42.0000359416,0,0,0,3.21998345552e-06,149429.427748
22.1333333333,-0.00102548813447,0.579488277435,2.40511059761,6.82742102072e-05,2.31658959819e-05,0,0,-9.05124252313e-05,-1.16010165215,41.5200233459,42.0000359416,0,0,0,3.21983132944e-06,149429.427748
22.1444444444,-0.00102548813447,0.579488277435,2.40511059761,6.82742102072e-05,2.31658959819e-05,0,0,-9.05124252313e-05,-1.16010165215,41.5200233459,42.0000359416,0,0,0,3.21980018594e-06,149429.427748
22.1555555556,-0.00102548813447,0.579488277435,2.40511059761,6.82742102072e-05,2.31658959819e-05,0,0,-9.05124252313e-05,-1.16010165215,41.5200233459,42.0000359416,0,0,0,3.22091055737e-06,149429.427748
22.1666666667,-0.00102548813447,0.579488277435,2.40511059761,6.82742102072e-05,2.31658959819e-05,0,0,-9.05124252313e-05,-1.16010165215,41.5200233459,42.0000359416,0,0,0,3.22023019538e-06,149429.427748
22.1777777778,-0.00102548813447,0.579488277435,2.40511059761,6.82742102072e-05,2.31658959819e-05,0,0,-9.05124252313e-05,-1.16010165215,41.5200233459,42.0000359416,0,0,0,3.22005620146e-06,149429.427748
22.1888888889,-0.00102548813447,0.579488277435,2.40511059761,6.82742102072e-05,2.31658959819e-05,0,0,-9.05124252313e-05,-1.16010165215,41.5200233459,42.0000359416,0,0,0,3.2204059796e-06,149429.427748
22.2,-0.00102548813447,0.579488277435,2.40511059761,6.82742102072e-05,2.31658959819e-05,0,0,-9.05124252313e-05,-1.16010165215,41.5200233459,42.0000359416,0,0,0,3.22053338679e-06,149429.427748
22.2111111111,-0.00102548813447,0.579488277435,2.40511059761,6.82742102072e-05,2.31658959819e-05,0,0,-9.05124252313e-05,-1.16010165215,41.5200233459,42.0000359416,0,0,0,3.22011471602e-06,149429.427748
22.2222222222,-0.00102548813447,0.579488277435,2.40511059761,6.82742102072e-05,2.31658959819e-05,0,0,-9.05124252313e-05,-1.16010165215,41.5200233459,42.0000359416,0,0,0,3.22001604129e-06,149429.427748
22.2333333333,-0.00102548813447,0.579488277435,2.40511059761,6.82742102072e-05,2.31658959819e-05,0,0,-9.05124252313e-05,-1.16010165215,41.5200233459,42.0000359416,0,0,0,3.22045123058e-06,149429.427748
22.2444444444,-0.00102548813447,0.579488277435,2.40511059761,6.82742102072e-05,2.31658959819e-05,0,0,-9.05124252313e-05,-1.16010165215,41.5200233459,42.0000359416,0,0,0,3.21986796602e-06,149429.427748
22.2555555556,-0.00102548813447,0.579488277435,2.40511059761,6.82742102072e-05,2.31658959819e-05,0,0,-9.05124252313e-05,-1.16010165215,41.5200233459,42.0000359416,0,0,0,3.22000631497e-06,149429.427748
22.2666666667,-0.00102548813447,0.579488277435,2.40511059761,6.82742102072e-05,2.31658959819e-05,0,0,-9.05124252313e-05,-1.16010165215,41.5200233459,42.0000359416,0,0,0,3.21998582876e-06,149429.427748
22.2777777778,-0.00102548813447,0.579488277435,2.40511059761,6.82742102072e-05,2.31658959819e-05,0,0,-9.05124252313e-05,-1.16010165215,41.5200233459,42.0000359416,0,0,0,3.21999522038e-06,149429.427748
22.2888888889,-0.00102548813447,0.579488277435,2.40511059761,6.82742102072e-05,2.31658959819e-05,0,0,-9.05124252313e-05,-1.16010165215,41.5200233459,42.0000359416,0,0,0,3.21996066352e-06,149429.427748
22.3,-0.00102548813447,0.579488277435,2.40511059761,6.82742102072e-05,2.31658959819e-05,0,0,-9.05124252313e-05,-1.16010165215,41.5200233459,42.0000359416,0,0,0,3.21996000272e-06,149429.427748
22.3111111111,-0.00102548813447,0.579488277435,2.40511059761,6.82742102072e-05,2.31658959819e-05,0,0,-9.05124252313e-05,-1.16010165215,41.5200233459,42.0000359416,0,0,0,3.22013234635e-06,149429.427748
22.3222222222,-0.00102548813447,0.579488277435,2.40511059761,6.82742102072e-05,2.31658959819e-05,0,0,-9.05124252313e-05,-1.16010165215,41.5200233459,42.0000359416,0,0,0,3.22063782155e-06,149429.427748
22.3333333333,-0.00102548813447,0.579488277435,2.40511059761,6.82742102072e-05,2.31658959819e-05,0,0,-9.05124252313e-05,-1.16010165215,41.5200233459,42.0000359416,0,0,0,3.22017666376e-06,149429.427748
22.3444444444,-0.00102548813447,0.579488277435,2.40511059761,6.82742102072e-05,2.31658959819e-05,0,0,-9.05124252313e-05,-1.16010165215,41.5200233459,42.0000359416,0,0,0,3.21996320772e-06,149429.427748
22.3555555556,-0.00102548813447,0.579488277435,2.40511059761,6.82742102072e-05,2.31658959819e-05,0,0,-9.05124252313e-05,-1.16010165215,41.5200233459,42.0000359416,0,0,0,3.22091431645e-06,149429.427748
22.3666666667,-0.00102548813447,0.579488277435,2.40511059761,6.82742102072e-05,2.31658959819e-05,0,0,-9.05124252313e-05,-1.16010165215,41.5200233459,42.0000359416,0,0,0,3.22061194564e-06,149429.427748
22.3777777778,-0.00102548813447,0.579488277435,2.40511059761,6.82742102072e-05,2.31658959819e-05,0,0,-9.05124252313e-05,-1.16010165215,41.5200233459,42.0000359416,0,0,0,3.2205369562e-06,149429.427748
22.3888888889,-0.00102548813447,0.579488277435,2.40511059761,6.82742102072e-05,2.31658959819e-05,0,0,-9.05124252313e-05,-1.16010165215,41.5200233459,42.0000359416,0,0,0,3.21981202707e-06,149429.427748
22.4,-0.00102548813447,0.579488277435,2.40511059761,6.82742102072e-05,2.31658959819e-05,0,0,-9.05124252313e-05,-1.16010165215,41.5200233459,42.0000359416,0,0,0,3.22083727231e-06,149429.427748
22.4111111111,-0.00102548813447,0.579488277435,2.40511059761,6.82742102072e-05,2.31658959819e-05,0,0,-9.05124252313e-05,-1.16010165215,41.5200233459,42.0000359416,0,0,0,3.22072282757e-06,149429.427748
22.4222222222,-0.00102548813447,0.579488277435,2.40511059761,6.82742102072e-05,2.31658959819e-05,0,0,-9.05124252313e-05,-1.16010165215,41.5200233459,42.0000359416,0,0,0,3.22071819303e-06,149429.427748
22.4333333333,-0.00102548813447,0.579488277435,2.40511059761,6.82742102072e-05,2.31658959819e-05,0,0,-9.05124252313e-05,-1.16010165215,41.5200233459,42.0000359416,0,0,0,3.21980692613e-06,149429.427748
22.4444444444,-0.00102548813447,0.579488277435,2.40511059761,6.82742102072e-05,2.31658959819e-05,0,0,-9.05124252313e-05,-1.16010165215,41.5200233459,42.0000359416,0,0,0,3.22072766341e-06,149429.427748
22.4555555556,-0.00102548813447,0.579488277435,2.40511059761,6.82742102072e-05,2.31658959819e-05,0,0,-9.05124252313e-05,-1.16010165215,41.5200233459,42.0000359416,0,0,0,3.22068672095e-06,149429.427748
22.4666666667,-0.00102548813447,0.579488277435,2.40511059761,6.82742102072e-05,2.31658959819e-05,0,0,-9.05124252313e-05,-1.16010165215,41.5200233459,42.0000359416,0,0,0,3.22101587335e-06,149429.427748
22.4777777778,-0.00102548813447,0.579488277435,2.40511059761,6.82742102072e-05,2.31658959819e-05,0,0,-9.05124252313e-05,-1.16010165215,41.5200233459,42.0000359416,0,0,0,3.22102027936e-06,149429.427748
22.4888888889,-0.00102548813447,0.579488277435,2.40511059761,6.82742102072e-05,2.31658959819e-05,0,0,-9.05124252313e-05,-1.16010165215,41.5200233459,42.0000359416,0,0,0,3.22066889345e-06,149429.427748
22.5,-0.00102548813447,0.579488277435,2.40511059761,6.82742102072e-05,2.31658959819e-05,0,0,-9.05124252313e-05,-1.16010165215,41.5200233459,42.0000359416,0,0,0,3.22086635748e-06,149429.427748
22.5111111111,-0.00102548813447,0.579488277435,2.40511059761,6.82742102072e-05,2.31658959819e-05,0,0,-9.05124252313e-05,-1.16010165215,41.5200233459,42.0000359416,0,0,0,3.22072822577e-06,149429.427748
22.5222222222,-0.00102548813447,0.579488277435,2.40511059761,6.82742102072e-05,2.31658959819e-05,0,0,-9.05124252313e-05,-1.16010165215,41.5200233459,42.0000359416,0,0,0,3.21980673149e-06,149429.427748
22.5333333333,-0.00102548813447,0.579488277435,2.40511059761,6.82742102072e-05,2.31658959819e-05,0,0,-9.05124252313e-05,-1.16010165215,41.5200233459,42.0000359416,0,0,0,3.2203345114e-06,149429.427748
22.5444444444,-0.00102548813447,0.579488277435,2.40511059761,6.82742102072e-05,2.31658959819e-05,0,0,-9.05124252313e-05,-1.16010165215,41.5200233459,42.0000359416,0,0,0,3.21986252706e-06,149429.427748
22.5555555556,-0.00102548813447,0.579488277435,2.40511059761,6.82742102072e-05,2.31658959819e-05,0,0,-9.05124252313e-05,-1.16010165215,41.5200233459,42.0000359416,0,0,0,3.22058345084e-06,149429.427748
22.5666666667,-0.00102548813447,0.579488277435,2.40511059761,6.82742102072e-05,2.31658959819e-05,0,0,-9.05124252313e-05,-1.16010165215,41.5200233459,42.0000359416,0,0,0,3.22056283935e-06,149429.427748
22.5777777778,-0.00102548813447,0.579488277435,2.40511059761,6.82742102072e-05,2.31658959819e-05,0,0,-9.05124252313e-05,-1.16010165215,41.5200233459,42.0000359416,0,0,0,3.22025559464e-06,149429.427748
22.5888888889,-0.00102548813447,0.579488277435,2.40511059761,6.82742102072e-05,2.31658959819e-05,0,0,-9.05124252313e-05,-1.16010165215,41.5200233459,42.0000359416,0,0,0,3.22091275157e-06,149429.427748
22.6,-0.00102548813447,0.579488277435,2.40511059761,6.82742102072e-05,2.31658959819e-05,0,0,-9.05124252313e-05,-1.16010165215,41.5200233459,42.0000359416,0,0,0,3.22087442822e-06,149429.427748
22.6111111111,-0.00102548813447,0.579488277435,2.40511059761,6.82742102072e-05,2.31658959819e-05,0,0,-9.05124252313e-05,-1.16010165215,41.5200233459,42.0000359416,0,0,0,3.22022463701e-06,149429.427748
22.6222222222,-0.00102548813447,0.579488277435,2.40511059761,6.82742102072e-05,2.31658959819e-05,0,0,-9.05124252313e-05,-1.16010165215,41.5200233459,42.0000359416,0,0,0,3.22096436005e-06,149429.427748
22.6333333333,-0.00102548813447,0.579488277435,2.40511059761,6.82742102072e-05,2.31658959819e-05,0,0,-9.05124252313e-05,-1.16010165215,41.5200233459,42.0000359416,0,0,0,3.22059714277e-06,149429.427748
22.6444444444,-0.00102548813447,0.579488277435,2.40511059761,6.82742102072e-05,2.31658959819e-05,0,0,-9.05124252313e-05,-1.16010165215,41.5200233459,42.0000359416,0,0,0,3.22013685618e-06,149429.427748
22.6555555556,-0.00102548813447,0.579488277435,2.40511059761,6.82742102072e-05,2.31658959819e-05,0,0,-9.05124252313e-05,-1.16010165215,41.5200233459,42.0000359416,0,0,0,3.22030840319e-06,149429.427748
22.6666666667,-0.00102548813447,0.579488277435,2.40511059761,6.82742102072e-05,2.31658959819e-05,0,0,-9.05124252313e-05,-1.16010165215,41.5200233459,42.0000359416,0,0,0,3.22043646328e-06,149429.427748
22.6777777778,-0.00102548813447,0.579488277435,2.40511059761,6.82742102072e-05,2.31658959819e-05,0,0,-9.05124252313e-05,-1.16010165215,41.5200233459,42.0000359416,0,0,0,3.22105614945e-06,149429.427748
22.6888888889,-0.00102548813447,0.579488277435,2.40511059761,6.82742102072e-05,2.31658959819e-05,0,0,-9.05124252313e-05,-1.16010165215,41.5200233459,42.0000359416,0,0,0,3.22086797098e-06,149429.427748
22.7,-0.00102548813447,0.579488277435,2.40511059761,6.82742102072e-05,2.31658959819e-05,0,0,-9.05124252313e-05,-1.16010165215,41.5200233459,42.0000359416,0,0,0,3.22090218172e-06,149429.427748
22.7111111111,-0.00102548813447,0.579488277435,2.40511059761,6.82742102072e-05,2.31658959819e-05,0,0,-9.05124252313e-05,-1.16010165215,41.5200233459,42.0000359416,0,0,0,3.22037600635e-06,149429.427748
22.7222222222,-0.00102548813447,0.579488277435,2.40511059761,6.82742102072e-05,2.31658959819e-05,0,0,-9.05124252313e-05,-1.16010165215,41.5200233459,42.0000359416,0,0,0,3.22102412453e-06,149429.427748
22.7333333333,-0.00102548813447,0.579488277435,2.40511059761,6.82742102072e-05,2.31658959819e-05,0,0,-9.05124252313e-05,-1.16010165215,41.5200233459,42.0000359416,0,0,0,3.22043521181e-06,149429.427748
22.7444444444,-0.00102548813447,0.579488277435,2.40511059761,6.82742102072e-05,2.31658959819e-05,0,0,-9.05124252313e-05,-1.16010165215,41.5200233459,42.0000359416,0,0,0,3.22066288434e-06,149429.427748
22.7555555556,-0.00102548813447,0.579488277435,2.40511059761,6.82742102072e-05,2.31658959819e-05,0,0,-9.05124252313e-05,-1.16010165215,41.5200233459,42.0000359416,0,0,0,3.22054948146e-06,149429.427748
22.7666666667,-0.00102548813447,0.579488277435,2.40511059761,6.82742102072e-05,2.31658959819e-05,0,0,-9.05124252313e-05,-1.16010165215,41.5200233459,42.0000359416,0,0,0,3.22052866623e-06,149429.427748
22.7777777778,-0.00102548813447,0.579488277435,2.40511059761,6.82742102072e-05,2.31658959819e-05,0,0,-9.05124252313e-05,-1.16010165215,41.5200233459,42.0000359416,0,0,0,3.22036489068e-06,149429.427748
22.7888888889,-0.00102548813447,0.579488277435,2.40511059761,6.82742102072e-05,2.31658959819e-05,0,0,-9.05124252313e-05,-1.16010165215,41.5200233459,42.0000359416,0,0,0,3.22101349533e-06,149429.427748
22.8,-0.00102548813447,0.579488277435,2.40511059761,6.82742102072e-05,2.31658959819e-05,0,0,-9.05124252313e-05,-1.16010165215,41.5200233459,42.0000359416,0,0,0,3.22045146213e-06,149429.427748
22.8111111111,-0.00102548813447,0.579488277435,2.40511059761,6.82742102072e-05,2.31658959819e-05,0,0,-9.05124252313e-05,-1.16010165215,41.5200233459,42.0000359416,0,0,0,3.22085777041e-06,149429.427748
22.8222222222,-0.00102548813447,0.579488277435,2.40511059761,6.82742102072e-05,2.31658959819e-05,0,0,-9.05124252313e-05,-1.16010165215,41.5200233459,42.0000359416,0,0,0,3.21990023966e-06,149429.427748
22.8333333333,-0.00102548813447,0.579488277435,2.40511059761,6.82742102072e-05,2.31658959819e-05,0,0,-9.05124252313e-05,-1.16010165215,41.5200233459,42.0000359416,0,0,0,3.21991345074e-06,149429.427748
22.8444444444,-0.00102548813447,0.579488277435,2.40511059761,6.82742102072e-05,2.31658959819e-05,0,0,-9.05124252313e-05,-1.16010165215,41.5200233459,42.0000359416,0,0,0,3.2197566487e-06,149429.427748
22.8555555556,-0.00102548813447,0.579488277435,2.40511059761,6.82742102072e-05,2.31658959819e-05,0,0,-9.05124252313e-05,-1.16010165215,41.5200233459,42.0000359416,0,0,0,3.22035152868e-06,149429.427748
22.8666666667,-0.00102548813447,0.579488277435,2.40511059761,6.82742102072e-05,2.31658959819e-05,0,0,-9.05124252313e-05,-1.16010165215,41.5200233459,42.0000359416,0,0,0,3.22101812041e-06,149429.427748
22.8777777778,-0.00102548813447,0.579488277435,2.40511059761,6.82742102072e-05,2.31658959819e-05,0,0,-9.05124252313e-05,-1.16010165215,41.5200233459,42.0000359416,0,0,0,3.22041852435e-06,149429.427748
22.8888888889,-0.00102548813447,0.579488277435,2.40511059761,6.82742102072e-05,2.31658959819e-05,0,0,-9.05124252313e-05,-1.16010165215,41.5200233459,42.0000359416,0,0,0,3.21976022632e-06,149429.427748
22.9,-0.00102548813447,0.579488277435,2.40511059761,6.82742102072e-05,2.31658959819e-05,0,0,-9.05124252313e-05,-1.16010165215,41.5200233459,42.0000359416,0,0,0,3.22078990246e-06,149429.427748
22.9111111111,-0.00102548813447,0.579488277435,2.40511059761,6.82742102072e-05,2.31658959819e-05,0,0,-9.05124252313e-05,-1.16010165215,41.5200233459,42.0000359416,0,0,0,3.22061278511e-06,149429.427748
22.9222222222,-0.00102548813447,0.579488277435,2.40511059761,6.82742102072e-05,2.31658959819e-05,0,0,-9.05124252313e-05,-1.16010165215,41.5200233459,42.0000359416,0,0,0,3.22077496614e-06,149429.427748
22.9333333333,-0.00102548813447,0.579488277435,2.40511059761,6.82742102072e-05,2.31658959819e-05,0,0,-9.05124252313e-05,-1.16010165215,41.5200233459,42.0000359416,0,0,0,3.22077474997e-06,149429.427748
22.9444444444,-0.00102548813447,0.579488277435,2.40511059761,6.82742102072e-05,2.31658959819e-05,0,0,-9.05124252313e-05,-1.16010165215,41.5200233459,42.0000359416,0,0,0,3.22032226064e-06,149429.427748
22.9555555556,-0.00102548813447,0.579488277435,2.40511059761,6.82742102072e-05,2.31658959819e-05,0,0,-9.05124252313e-05,-1.16010165215,41.5200233459,42.0000359416,0,0,0,3.22019973926e-06,149429.427748
22.9666666667,-0.00102548813447,0.579488277435,2.40511059761,6.82742102072e-05,2.31658959819e-05,0,0,-9.05124252313e-05,-1.16010165215,41.5200233459,42.0000359416,0,0,0,3.21993016056e-06,149429.427748
22.9777777778,-0.00102548813447,0.579488277435,2.40511059761,6.82742102072e-05,2.31658959819e-05,0,0,-9.05124252313e-05,-1.16010165215,41.5200233459,42.0000359416,0,0,0,3.22027543668e-06,149429.427748
22.9888888889,-0.00102548813447,0.579488277435,2.40511059761,6.82742102072e-05,2.31658959819e-05,0,0,-9.05124252313e-05,-1.16010165215,41.5200233459,42.0000359416,0,0,0,3.21974336153e-06,149429.427748
23,-0.00102548813447,0.579488277435,2.40511059761,6.82742102072e-05,2.31658959819e-05,0,0,-9.05124252313e-05,-1.16010165215,41.5200233459,42.0000359416,0,0,0,3.22007967717e-06,149429.427748
23.0111111111,-0.00102548813447,0.579488277435,2.40511059761,6.82742102072e-05,2.31658959819e-05,0,0,-9.05124252313e-05,-1.16010165215,41.5200233459,42.0000359416,0,0,0,3.21999473371e-06,149429.427748
23.0222222222,-0.00102548813447,0.579488277435,2.40511059761,6.82742102072e-05,2.31658959819e-05,0,0,-9.05124252313e-05,-1.16010165215,41.5200233459,42.0000359416,0,0,0,3.22057452728e-06,149429.427748
23.0333333333,-0.00102548813447,0.579488277435,2.40511059761,6.82742102072e-05,2.31658959819e-05,0,0,-9.05124252313e-05,-1.16010165215,41.5200233459,42.0000359416,0,0,0,3.21973935303e-06,149429.427748
23.0444444444,-0.00102548813447,0.579488277435,2.40511059761,6.82742102072e-05,2.31658959819e-05,0,0,-9.05124252313e-05,-1.16010165215,41.5200233459,42.0000359416,0,0,0,3.22066397871e-06,149429.427748
23.0555555556,-0.00102548813447,0.579488277435,2.40511059761,6.82742102072e-05,2.31658959819e-05,0,0,-9.05124252313e-05,-1.16010165215,41.5200233459,42.0000359416,0,0,0,3.2202876791e-06,149429.427748
23.0666666667,-0.00102548813447,0.579488277435,2.40511059761,6.82742102072e-05,2.31658959819e-05,0,0,-9.05124252313e-05,-1.16010165215,41.5200233459,42.0000359416,0,0,0,3.2208009562e-06,149429.427748
23.0777777778,-0.00102548813447,0.579488277435,2.40511059761,6.82742102072e-05,2.31658959819e-05,0,0,-9.05124252313e-05,-1.16010165215,41.5200233459,42.0000359416,0,0,0,3.22005437816e-06,149429.427748
23.0888888889,-0.00102548813447,0.579488277435,2.40511059761,6.82742102072e-05,2.31658959819e-05,0,0,-9.05124252313e-05,-1.16010165215,41.5200233459,42.0000359416,0,0,0,3.22072975024e-06,149429.427748
23.1,-0.00102548813447,0.579488277435,2.40511059761,6.82742102072e-05,2.31658959819e-05,0,0,-9.05124252313e-05,-1.16010165215,41.5200233459,42.0000359416,0,0,0,3.22085393734e-06,149429.427748
23.1111111111,-0.00102548813447,0.579488277435,2.40511059761,6.82742102072e-05,2.31658959819e-05,0,0,-9.05124252313e-05,-1.16010165215,41.5200233459,42.0000359416,0,0,0,3.22098782966e-06,149429.427748
23.1222222222,-0.00102548813447,0.579488277435,2.40511059761,6.82742102072e-05,2.31658959819e-05,0,0,-9.05124252313e-05,-1.16010165215,41.5200233459,42.0000359416,0,0,0,3.22088396219e-06,149429.427748
23.1333333333,-0.00102548813447,0.579488277435,2.40511059761,6.82742102072e-05,2.31658959819e-05,0,0,-9.05124252313e-05,-1.16010165215,41.5200233459,42.0000359416,0,0,0,3.22002314453e-06,149429.427748
23.1444444444,-0.00102548813447,0.579488277435,2.40511059761,6.82742102072e-05,2.31658959819e-05,0,0,-9.05124252313e-05,-1.16010165215,41.5200233459,42.0000359416,0,0,0,3.22087755769e-06,149429.427748
23.1555555556,-0.00102548813447,0.579488277435,2.40511059761,6.82742102072e-05,2.31658959819e-05,0,0,-9.05124252313e-05,-1.16010165215,41.5200233459,42.0000359416,0,0,0,3.22096418494e-06,149429.427748
23.1666666667,-0.00102548813447,0.579488277435,2.40511059761,6.82742102072e-05,2.31658959819e-05,0,0,-9.05124252313e-05,-1.16010165215,41.5200233459,42.0000359416,0,0,0,3.22099908924e-06,149429.427748
23.1777777778,-0.00102548813447,0.579488277435,2.40511059761,6.82742102072e-05,2.31658959819e-05,0,0,-9.05124252313e-05,-1.16010165215,41.5200233459,42.0000359416,0,0,0,3.22055077651e-06,149429.427748
23.1888888889,-0.00102548813447,0.579488277435,2.40511059761,6.82742102072e-05,2.31658959819e-05,0,0,-9.05124252313e-05,-1.16010165215,41.5200233459,42.0000359416,0,0,0,3.22080020866e-06,149429.427748
23.2,-0.00102548813447,0.579488277435,2.40511059761,6.82742102072e-05,2.31658959819e-05,0,0,-9.05124252313e-05,-1.16010165215,41.5200233459,42.0000359416,0,0,0,3.22103163312e-06,149429.427748
23.2111111111,-0.00102548813447,0.579488277435,2.40511059761,6.82742102072e-05,2.31658959819e-05,0,0,-9.05124252313e-05,-1.16010165215,41.5200233459,42.0000359416,0,0,0,3.22086031985e-06,149429.427748
23.2222222222,-0.00102548813447,0.579488277435,2.40511059761,6.82742102072e-05,2.31658959819e-05,0,0,-9.05124252313e-05,-1.16010165215,41.5200233459,42.0000359416,0,0,0,3.22044203931e-06,149429.427748
23.2333333333,-0.00102548813447,0.579488277435,2.40511059761,6.82742102072e-05,2.31658959819e-05,0,0,-9.05124252313e-05,-1.16010165215,41.5200233459,42.0000359416,0,0,0,3.22087957234e-06,149429.427748
23.2444444444,-0.00102548813447,0.579488277435,2.40511059761,6.82742102072e-05,2.31658959819e-05,0,0,-9.05124252313e-05,-1.16010165215,41.5200233459,42.0000359416,0,0,0,3.21973367419e-06,149429.427748
23.2555555556,-0.00102548813447,0.579488277435,2.40511059761,6.82742102072e-05,2.31658959819e-05,0,0,-9.05124252313e-05,-1.16010165215,41.5200233459,42.0000359416,0,0,0,3.22013329091e-06,149429.427748
23.2666666667,-0.00102548813447,0.579488277435,2.40511059761,6.82742102072e-05,2.31658959819e-05,0,0,-9.05124252313e-05,-1.16010165215,41.5200233459,42.0000359416,0,0,0,3.22089895137e-06,149429.427748
23.2777777778,-0.00102548813447,0.579488277435,2.40511059761,6.82742102072e-05,2.31658959819e-05,0,0,-9.05124252313e-05,-1.16010165215,41.5200233459,42.0000359416,0,0,0,3.21998773196e-06,149429.427748
23.2888888889,-0.00102548813447,0.579488277435,2.40511059761,6.82742102072e-05,2.31658959819e-05,0,0,-9.05124252313e-05,-1.16010165215,41.5200233459,42.0000359416,0,0,0,3.2207385067e-06,149429.427748
23.3,-0.00102548813447,0.579488277435,2.40511059761,6.82742102072e-05,2.31658959819e-05,0,0,-9.05124252313e-05,-1.16010165215,41.5200233459,42.0000359416,0,0,0,3.21971929134e-06,149429.427748
23.3111111111,-0.00102548813447,0.579488277435,2.40511059761,6.82742102072e-05,2.31658959819e-05,0,0,-9.05124252313e-05,-1.16010165215,41.5200233459,42.0000359416,0,0,0,3.2202781284e-06,149429.427748
23.3222222222,-0.00102548813447,0.579488277435,2.40511059761,6.82742102072e-05,2.31658959819e-05,0,0,-9.05124252313e-05,-1.16010165215,41.5200233459,42.0000359416,0,0,0,3.21993775361e-06,149429.427748
23.3333333333,-0.00102548813447,0.579488277435,2.40511059761,6.82742102072e-05,2.31658959819e-05,0,0,-9.05124252313e-05,-1.16010165215,41.5200233459,42.0000359416,0,0,0,3.22078450549e-06,149429.427748
23.3444444444,-0.00102548813447,0.579488277435,2.40511059761,6.82742102072e-05,2.31658959819e-05,0,0,-9.05124252313e-05,-1.16010165215,41.5200233459,42.0000359416,0,0,0,3.21978909078e-06,149429.427748
23.3555555556,-0.00102548813447,0.579488277435,2.40511059761,6.82742102072e-05,2.31658959819e-05,0,0,-9.05124252313e-05,-1.16010165215,41.5200233459,42.0000359416,0,0,0,3.22039116591e-06,149429.427748
23.3666666667,-0.00102548813447,0.579488277435,2.40511059761,6.82742102072e-05,2.31658959819e-05,0,0,-9.05124252313e-05,-1.16010165215,41.5200233459,42.0000359416,0,0,0,3.21966770462e-06,149429.427748
23.3777777778,-0.00102548813447,0.579488277435,2.40511059761,6.82742102072e-05,2.31658959819e-05,0,0,-9.05124252313e-05,-1.16010165215,41.5200233459,42.0000359416,0,0,0,3.21980092159e-06,149429.427748
23.3888888889,-0.00102548813447,0.579488277435,2.40511059761,6.82742102072e-05,2.31658959819e-05,0,0,-9.05124252313e-05,-1.16010165215,41.5200233459,42.0000359416,0,0,0,3.22074402908e-06,149429.427748
23.4,-0.00102548813447,0.579488277435,2.40511059761,6.82742102072e-05,2.31658959819e-05,0,0,-9.05124252313e-05,-1.16010165215,41.5200233459,42.0000359416,0,0,0,3.22056413465e-06,149429.427748
23.4111111111,-0.00102548813447,0.579488277435,2.40511059761,6.82742102072e-05,2.31658959819e-05,0,0,-9.05124252313e-05,-1.16010165215,41.5200233459,42.0000359416,0,0,0,3.22047783957e-06,149429.427748
23.4222222222,-0.00102548813447,0.579488277435,2.40511059761,6.82742102072e-05,2.31658959819e-05,0,0,-9.05124252313e-05,-1.16010165215,41.5200233459,42.0000359416,0,0,0,3.21981978285e-06,149429.427748
23.4333333333,-0.00102548813447,0.579488277435,2.40511059761,6.82742102072e-05,2.31658959819e-05,0,0,-9.05124252313e-05,-1.16010165215,41.5200233459,42.0000359416,0,0,0,3.21968609677e-06,149429.427748
23.4444444444,-0.00102548813447,0.579488277435,2.40511059761,6.82742102072e-05,2.31658959819e-05,0,0,-9.05124252313e-05,-1.16010165215,41.5200233459,42.0000359416,0,0,0,3.21984334188e-06,149429.427748
23.4555555556,-0.00102548813447,0.579488277435,2.40511059761,6.82742102072e-05,2.31658959819e-05,0,0,-9.05124252313e-05,-1.16010165215,41.5200233459,42.0000359416,0,0,0,3.21987399525e-06,149429.427748
23.4666666667,-0.00102548813447,0.579488277435,2.40511059761,6.82742102072e-05,2.31658959819e-05,0,0,-9.05124252313e-05,-1.16010165215,41.5200233459,42.0000359416,0,0,0,3.22039587929e-06,149429.427748
23.4777777778,-0.00102548813447,0.579488277435,2.40511059761,6.82742102072e-05,2.31658959819e-05,0,0,-9.05124252313e-05,-1.16010165215,41.5200233459,42.0000359416,0,0,0,3.22075516285e-06,149429.427748
23.4888888889,-0.00102548813447,0.579488277435,2.40511059761,6.82742102072e-05,2.31658959819e-05,0,0,-9.05124252313e-05,-1.16010165215,41.5200233459,42.0000359416,0,0,0,3.22099838948e-06,149429.427748
23.5,-0.00102548813447,0.579488277435,2.40511059761,6.82742102072e-05,2.31658959819e-05,0,0,-9.05124252313e-05,-1.16010165215,41.5200233459,42.0000359416,0,0,0,3.21975863903e-06,149429.427748
23.5111111111,-0.00102548813447,0.579488277435,2.40511059761,6.82742102072e-05,2.31658959819e-05,0,0,-9.05124252313e-05,-1.16010165215,41.5200233459,42.0000359416,0,0,0,3.22072792137e-06,149429.427748
23.5222222222,-0.00102548813447,0.579488277435,2.40511059761,6.82742102072e-05,2.31658959819e-05,0,0,-9.05124252313e-05,-1.16010165215,41.5200233459,42.0000359416,0,0,0,3.22027064466e-06,149429.427748
23.5333333333,-0.00102548813447,0.579488277435,2.40511059761,6.82742102072e-05,2.31658959819e-05,0,0,-9.05124252313e-05,-1.16010165215,41.5200233459,42.0000359416,0,0,0,3.22040007056e-06,149429.427748
23.5444444444,-0.00102548813447,0.579488277435,2.40511059761,6.82742102072e-05,2.31658959819e-05,0,0,-9.05124252313e-05,-1.16010165215,41.5200233459,42.0000359416,0,0,0,3.21974433375e-06,149429.427748
23.5555555556,-0.00102548813447,0.579488277435,2.40511059761,6.82742102072e-05,2.31658959819e-05,0,0,-9.05124252313e-05,-1.16010165215,41.5200233459,42.0000359416,0,0,0,3.22062240845e-06,149429.427748
23.5666666667,-0.00102548813447,0.579488277435,2.40511059761,6.82742102072e-05,2.31658959819e-05,0,0,-9.05124252313e-05,-1.16010165215,41.5200233459,42.0000359416,0,0,0,3.22096226184e-06,149429.427748
23.5777777778,-0.00102548813447,0.579488277435,2.40511059761,6.82742102072e-05,2.31658959819e-05,0,0,-9.05124252313e-05,-1.16010165215,41.5200233459,42.0000359416,0,0,0,3.22013191134e-06,149429.427748
23.5888888889,-0.00102548813447,0.579488277435,2.40511059761,6.82742102072e-05,2.31658959819e-05,0,0,-9.05124252313e-05,-1.16010165215,41.5200233459,42.0000359416,0,0,0,3.22047094542e-06,149429.427748
23.6,-0.00102548813447,0.579488277435,2.40511059761,6.82742102072e-05,2.31658959819e-05,0,0,-9.05124252313e-05,-1.16010165215,41.5200233459,42.0000359416,0,0,0,3.22095747623e-06,149429.427748
23.6111111111,-0.00102548813447,0.579488277435,2.40511059761,6.82742102072e-05,2.31658959819e-05,0,0,-9.05124252313e-05,-1.16010165215,41.5200233459,42.0000359416,0,0,0,3.22046226547e-06,149429.427748
23.6222222222,-0.00102548813447,0.579488277435,2.40511059761,6.82742102072e-05,2.31658959819e-05,0,0,-9.05124252313e-05,-1.16010165215,41.5200233459,42.0000359416,0,0,0,3.22014037251e-06,149429.427748
23.6333333333,-0.00102548813447,0.579488277435,2.40511059761,6.82742102072e-05,2.31658959819e-05,0,0,-9.05124252313e-05,-1.16010165215,41.5200233459,42.0000359416,0,0,0,3.22053601352e-06,149429.427748
23.6444444444,-0.00102548813447,0.579488277435,2.40511059761,6.82742102072e-05,2.31658959819e-05,0,0,-9.05124252313e-05,-1.16010165215,41.5200233459,42.0000359416,0,0,0,3.2204628944e-06,149429.427748
23.6555555556,-0.00102548813447,0.579488277435,2.40511059761,6.82742102072e-05,2.31658959819e-05,0,0,-9.05124252313e-05,-1.16010165215,41.5200233459,42.0000359416,0,0,0,3.2204597325e-06,149429.427748
23.6666666667,-0.00102548813447,0.579488277435,2.40511059761,6.82742102072e-05,2.31658959819e-05,0,0,-9.05124252313e-05,-1.16010165215,41.5200233459,42.0000359416,0,0,0,3.21989470479e-06,149429.427748
23.6777777778,-0.00102548813447,0.579488277435,2.40511059761,6.82742102072e-05,2.31658959819e-05,0,0,-9.05124252313e-05,-1.16010165215,41.5200233459,42.0000359416,0,0,0,3.22047069478e-06,149429.427748
23.6888888889,-0.00102548813447,0.579488277435,2.40511059761,6.82742102072e-05,2.31658959819e-05,0,0,-9.05124252313e-05,-1.16010165215,41.5200233459,42.0000359416,0,0,0,3.21981792533e-06,149429.427748
23.7,-0.00102548813447,0.579488277435,2.40511059761,6.82742102072e-05,2.31658959819e-05,0,0,-9.05124252313e-05,-1.16010165215,41.5200233459,42.0000359416,0,0,0,3.21968808499e-06,149429.427748
23.7111111111,-0.00102548813447,0.579488277435,2.40511059761,6.82742102072e-05,2.31658959819e-05,0,0,-9.05124252313e-05,-1.16010165215,41.5200233459,42.0000359416,0,0,0,3.22044384193e-06,149429.427748
23.7222222222,-0.00102548813447,0.579488277435,2.40511059761,6.82742102072e-05,2.31658959819e-05,0,0,-9.05124252313e-05,-1.16010165215,41.5200233459,42.0000359416,0,0,0,3.22010102238e-06,149429.427748
23.7333333333,-0.00102548813447,0.579488277435,2.40511059761,6.82742102072e-05,2.31658959819e-05,0,0,-9.05124252313e-05,-1.16010165215,41.5200233459,42.0000359416,0,0,0,3.21965374854e-06,149429.427748
23.7444444444,-0.00102548813447,0.579488277435,2.40511059761,6.82742102072e-05,2.31658959819e-05,0,0,-9.05124252313e-05,-1.16010165215,41.5200233459,42.0000359416,0,0,0,3.22003653789e-06,149429.427748
23.7555555556,-0.00102548813447,0.579488277435,2.40511059761,6.82742102072e-05,2.31658959819e-05,0,0,-9.05124252313e-05,-1.16010165215,41.5200233459,42.0000359416,0,0,0,3.21969937297e-06,149429.427748
23.7666666667,-0.00102548813447,0.579488277435,2.40511059761,6.82742102072e-05,2.31658959819e-05,0,0,-9.05124252313e-05,-1.16010165215,41.5200233459,42.0000359416,0,0,0,3.22030980552e-06,149429.427748
23.7777777778,-0.00102548813447,0.579488277435,2.40511059761,6.82742102072e-05,2.31658959819e-05,0,0,-9.05124252313e-05,-1.16010165215,41.5200233459,42.0000359416,0,0,0,3.22035826711e-06,149429.427748
23.7888888889,-0.00102548813447,0.579488277435,2.40511059761,6.82742102072e-05,2.31658959819e-05,0,0,-9.05124252313e-05,-1.16010165215,41.5200233459,42.0000359416,0,0,0,3.22071680193e-06,149429.427748
23.8,-0.00102548813447,0.579488277435,2.40511059761,6.82742102072e-05,2.31658959819e-05,0,0,-9.05124252313e-05,-1.16010165215,41.5200233459,42.0000359416,0,0,0,3.22062090423e-06,149429.427748
23.8111111111,-0.00102548813447,0.579488277435,2.40511059761,6.82742102072e-05,2.31658959819e-05,0,0,-9.05124252313e-05,-1.16010165215,41.5200233459,42.0000359416,0,0,0,3.22039119799e-06,149429.427748
23.8222222222,-0.00102548813447,0.579488277435,2.40511059761,6.82742102072e-05,2.31658959819e-05,0,0,-9.05124252313e-05,-1.16010165215,41.5200233459,42.0000359416,0,0,0,3.22023201022e-06,149429.427748
23.8333333333,-0.00102548813447,0.579488277435,2.40511059761,6.82742102072e-05,2.31658959819e-05,0,0,-9.05124252313e-05,-1.16010165215,41.5200233459,42.0000359416,0,0,0,3.22065787302e-06,149429.427748
23.8444444444,-0.00102548813447,0.579488277435,2.40511059761,6.82742102072e-05,2.31658959819e-05,0,0,-9.05124252313e-05,-1.16010165215,41.5200233459,42.0000359416,0,0,0,3.22093175695e-06,149429.427748
23.8555555556,-0.00102548813447,0.579488277435,2.40511059761,6.82742102072e-05,2.31658959819e-05,0,0,-9.05124252313e-05,-1.16010165215,41.5200233459,42.0000359416,0,0,0,3.2197470751e-06,149429.427748
23.8666666667,-0.00102548813447,0.579488277435,2.40511059761,6.82742102072e-05,2.31658959819e-05,0,0,-9.05124252313e-05,-1.16010165215,41.5200233459,42.0000359416,0,0,0,3.22055310613e-06,149429.427748
23.8777777778,-0.00102548813447,0.579488277435,2.40511059761,6.82742102072e-05,2.31658959819e-05,0,0,-9.05124252313e-05,-1.16010165215,41.5200233459,42.0000359416,0,0,0,3.22026360791e-06,149429.427748
23.8888888889,-0.00102548813447,0.579488277435,2.40511059761,6.82742102072e-05,2.31658959819e-05,0,0,-9.05124252313e-05,-1.16010165215,41.5200233459,42.0000359416,0,0,0,3.22081706299e-06,149429.427748
23.9,-0.00102548813447,0.579488277435,2.40511059761,6.82742102072e-05,2.31658959819e-05,0,0,-9.05124252313e-05,-1.16010165215,41.5200233459,42.0000359416,0,0,0,3.22100239523e-06,149429.427748
23.9111111111,-0.00102548813447,0.579488277435,2.40511059761,6.82742102072e-05,2.31658959819e-05,0,0,-9.05124252313e-05,-1.16010165215,41.5200233459,42.0000359416,0,0,0,3.21985814712e-06,149429.427748
23.9222222222,-0.00102548813447,0.579488277435,2.40511059761,6.82742102072e-05,2.31658959819e-05,0,0,-9.05124252313e-05,-1.16010165215,41.5200233459,42.0000359416,0,0,0,3.22085069126e-06,149429.427748
23.9333333333,-0.00102548813447,0.579488277435,2.40511059761,6.82742102072e-05,2.31658959819e-05,0,0,-9.05124252313e-05,-1.16010165215,41.5200233459,42.0000359416,0,0,0,3.21975559489e-06,149429.427748
23.9444444444,-0.00102548813447,0.579488277435,2.40511059761,6.82742102072e-05,2.31658959819e-05,0,0,-9.05124252313e-05,-1.16010165215,41.5200233459,42.0000359416,0,0,0,3.22085025496e-06,149429.427748
23.9555555556,-0.00102548813447,0.579488277435,2.40511059761,6.82742102072e-05,2.31658959819e-05,0,0,-9.05124252313e-05,-1.16010165215,41.5200233459,42.0000359416,0,0,0,3.22053622664e-06,149429.427748
23.9666666667,-0.00102548813447,0.579488277435,2.40511059761,6.82742102072e-05,2.31658959819e-05,0,0,-9.05124252313e-05,-1.16010165215,41.5200233459,42.0000359416,0,0,0,3.21970743272e-06,149429.427748
23.9777777778,-0.00102548813447,0.579488277435,2.40511059761,6.82742102072e-05,2.31658959819e-05,0,0,-9.05124252313e-05,-1.16010165215,41.5200233459,42.0000359416,0,0,0,3.22091443774e-06,149429.427748
23.9888888889,-0.00102548813447,0.579488277435,2.40511059761,6.82742102072e-05,2.31658959819e-05,0,0,-9.05124252313e-05,-1.16010165215,41.5200233459,42.0000359416,0,0,0,3.22049921147e-06,149429.427748
24,-0.00102548813447,0.579488277435,2.40511059761,6.82742102072e-05,2.31658959819e-05,0,0,-9.05124252313e-05,-1.16010165215,41.5200233459,42.0000359416,0,0,0,3.21967282382e-06,149429.427748
24.0111111111,-0.00102548813447,0.579488277435,2.40511059761,6.82742102072e-05,2.31658959819e-05,0,0,-9.05124252313e-05,-1.16010165215,41.5200233459,42.0000359416,0,0,0,3.22103083942e-06,149429.427748
24.0222222222,-0.00102548813447,0.579488277435,2.40511059761,6.82742102072e-05,2.31658959819e-05,0,0,-9.05124252313e-05,-1.16010165215,41.5200233459,42.0000359416,0,0,0,3.22026402701e-06,149429.427748
24.0333333333,-0.00102548813447,0.579488277435,2.40511059761,6.82742102072e-05,2.31658959819e-05,0,0,-9.05124252313e-05,-1.16010165215,41.5200233459,42.0000359416,0,0,0,3.21991178816e-06,149429.427748
24.0444444444,-0.00102548813447,0.579488277435,2.40511059761,6.82742102072e-05,2.31658959819e-05,0,0,-9.05124252313e-05,-1.16010165215,41.5200233459,42.0000359416,0,0,0,3.22049607928e-06,149429.427748
24.0555555556,-0.00102548813447,0.579488277435,2.40511059761,6.82742102072e-05,2.31658959819e-05,0,0,-9.05124252313e-05,-1.16010165215,41.5200233459,42.0000359416,0,0,0,3.22076421381e-06,149429.427748
24.0666666667,-0.00102548813447,0.579488277435,2.40511059761,6.82742102072e-05,2.31658959819e-05,0,0,-9.05124252313e-05,-1.16010165215,41.5200233459,42.0000359416,0,0,0,3.22105299184e-06,149429.427748
24.0777777778,-0.00102548813447,0.579488277435,2.40511059761,6.82742102072e-05,2.31658959819e-05,0,0,-9.05124252313e-05,-1.16010165215,41.5200233459,42.0000359416,0,0,0,3.21974466078e-06,149429.427748
24.0888888889,-0.00102548813447,0.579488277435,2.40511059761,6.82742102072e-05,2.31658959819e-05,0,0,-9.05124252313e-05,-1.16010165215,41.5200233459,42.0000359416,0,0,0,3.22105869009e-06,149429.427748
24.1,-0.00102548813447,0.579488277435,2.40511059761,6.82742102072e-05,2.31658959819e-05,0,0,-9.05124252313e-05,-1.16010165215,41.5200233459,42.0000359416,0,0,0,3.22085352692e-06,149429.427748
24.1111111111,-0.00102548813447,0.579488277435,2.40511059761,6.82742102072e-05,2.31658959819e-05,0,0,-9.05124252313e-05,-1.16010165215,41.5200233459,42.0000359416,0,0,0,3.22010013333e-06,149429.427748
24.1222222222,-0.00102548813447,0.579488277435,2.40511059761,6.82742102072e-05,2.31658959819e-05,0,0,-9.05124252313e-05,-1.16010165215,41.5200233459,42.0000359416,0,0,0,3.21982023767e-06,149429.427748
24.1333333333,-0.00102548813447,0.579488277435,2.40511059761,6.82742102072e-05,2.31658959819e-05,0,0,-9.05124252313e-05,-1.16010165215,41.5200233459,42.0000359416,0,0,0,3.22101058302e-06,149429.427748
24.1444444444,-0.00102548813447,0.579488277435,2.40511059761,6.82742102072e-05,2.31658959819e-05,0,0,-9.05124252313e-05,-1.16010165215,41.5200233459,42.0000359416,0,0,0,3.22090954805e-06,149429.427748
24.1555555556,-0.00102548813447,0.579488277435,2.40511059761,6.82742102072e-05,2.31658959819e-05,0,0,-9.05124252313e-05,-1.16010165215,41.5200233459,42.0000359416,0,0,0,3.22019012415e-06,149429.427748
24.1666666667,-0.00102548813447,0.579488277435,2.40511059761,6.82742102072e-05,2.31658959819e-05,0,0,-9.05124252313e-05,-1.16010165215,41.5200233459,42.0000359416,0,0,0,3.2204347259e-06,149429.427748
24.1777777778,-0.00102548813447,0.579488277435,2.40511059761,6.82742102072e-05,2.31658959819e-05,0,0,-9.05124252313e-05,-1.16010165215,41.5200233459,42.0000359416,0,0,0,3.22089454098e-06,149429.427748
24.1888888889,-0.00102548813447,0.579488277435,2.40511059761,6.82742102072e-05,2.31658959819e-05,0,0,-9.05124252313e-05,-1.16010165215,41.5200233459,42.0000359416,0,0,0,3.2204516012e-06,149429.427748
24.2,-0.00102548813447,0.579488277435,2.40511059761,6.82742102072e-05,2.31658959819e-05,0,0,-9.05124252313e-05,-1.16010165215,41.5200233459,42.0000359416,0,0,0,3.21982386153e-06,149429.427748
24.2111111111,-0.00102548813447,0.579488277435,2.40511059761,6.82742102072e-05,2.31658959819e-05,0,0,-9.05124252313e-05,-1.16010165215,41.5200233459,42.0000359416,0,0,0,3.22065442776e-06,149429.427748
24.2222222222,-0.00102548813447,0.579488277435,2.40511059761,6.82742102072e-05,2.31658959819e-05,0,0,-9.05124252313e-05,-1.16010165215,41.5200233459,42.0000359416,0,0,0,3.21999481245e-06,149429.427748
24.2333333333,-0.00102548813447,0.579488277435,2.40511059761,6.82742102072e-05,2.31658959819e-05,0,0,-9.05124252313e-05,-1.16010165215,41.5200233459,42.0000359416,0,0,0,3.22049196601e-06,149429.427748
24.2444444444,-0.00102548813447,0.579488277435,2.40511059761,6.82742102072e-05,2.31658959819e-05,0,0,-9.05124252313e-05,-1.16010165215,41.5200233459,42.0000359416,0,0,0,3.22030130119e-06,149429.427748
24.2555555556,-0.00102548813447,0.579488277435,2.40511059761,6.82742102072e-05,2.31658959819e-05,0,0,-9.05124252313e-05,-1.16010165215,41.5200233459,42.0000359416,0,0,0,3.22091666181e-06,149429.427748
24.2666666667,-0.00102548813447,0.579488277435,2.40511059761,6.82742102072e-05,2.31658959819e-05,0,0,-9.05124252313e-05,-1.16010165215,41.5200233459,42.0000359416,0,0,0,3.22055884223e-06,149429.427748
24.2777777778,-0.00102548813447,0.579488277435,2.40511059761,6.82742102072e-05,2.31658959819e-05,0,0,-9.05124252313e-05,-1.16010165215,41.5200233459,42.0000359416,0,0,0,3.2199754461e-06,149429.427748
24.2888888889,-0.00102548813447,0.579488277435,2.40511059761,6.82742102072e-05,2.31658959819e-05,0,0,-9.05124252313e-05,-1.16010165215,41.5200233459,42.0000359416,0,0,0,3.2199143355e-06,149429.427748
24.3,-0.00102548813447,0.579488277435,2.40511059761,6.82742102072e-05,2.31658959819e-05,0,0,-9.05124252313e-05,-1.16010165215,41.5200233459,42.0000359416,0,0,0,3.2200768381e-06,149429.427748
24.3111111111,-0.00102548813447,0.579488277435,2.40511059761,6.82742102072e-05,2.31658959819e-05,0,0,-9.05124252313e-05,-1.16010165215,41.5200233459,42.0000359416,0,0,0,3.22017328678e-06,149429.427748
24.3222222222,-0.00102548813447,0.579488277435,2.40511059761,6.82742102072e-05,2.31658959819e-05,0,0,-9.05124252313e-05,-1.16010165215,41.5200233459,42.0000359416,0,0,0,3.22058513161e-06,149429.427748
24.3333333333,-0.00102548813447,0.579488277435,2.40511059761,6.82742102072e-05,2.31658959819e-05,0,0,-9.05124252313e-05,-1.16010165215,41.5200233459,42.0000359416,0,0,0,3.21967463136e-06,149429.427748
24.3444444444,-0.00102548813447,0.579488277435,2.40511059761,6.82742102072e-05,2.31658959819e-05,0,0,-9.05124252313e-05,-1.16010165215,41.5200233459,42.0000359416,0,0,0,3.22074575597e-06,149429.427748
24.3555555556,-0.00102548813447,0.579488277435,2.40511059761,6.82742102072e-05,2.31658959819e-05,0,0,-9.05124252313e-05,-1.16010165215,41.5200233459,42.0000359416,0,0,0,3.22011692288e-06,149429.427748
24.3666666667,-0.00102548813447,0.579488277435,2.40511059761,6.82742102072e-05,2.31658959819e-05,0,0,-9.05124252313e-05,-1.16010165215,41.5200233459,42.0000359416,0,0,0,3.22071848637e-06,149429.427748
24.3777777778,-0.00102548813447,0.579488277435,2.40511059761,6.82742102072e-05,2.31658959819e-05,0,0,-9.05124252313e-05,-1.16010165215,41.5200233459,42.0000359416,0,0,0,3.22020126871e-06,149429.427748
24.3888888889,-0.00102548813447,0.579488277435,2.40511059761,6.82742102072e-05,2.31658959819e-05,0,0,-9.05124252313e-05,-1.16010165215,41.5200233459,42.0000359416,0,0,0,3.2200435415e-06,149429.427748
24.4,-0.00102548813447,0.579488277435,2.40511059761,6.82742102072e-05,2.31658959819e-05,0,0,-9.05124252313e-05,-1.16010165215,41.5200233459,42.0000359416,0,0,0,3.22056025525e-06,149429.427748
24.4111111111,-0.00102548813447,0.579488277435,2.40511059761,6.82742102072e-05,2.31658959819e-05,0,0,-9.05124252313e-05,-1.16010165215,41.5200233459,42.0000359416,0,0,0,3.22027334737e-06,149429.427748
24.4222222222,-0.00102548813447,0.579488277435,2.40511059761,6.82742102072e-05,2.31658959819e-05,0,0,-9.05124252313e-05,-1.16010165215,41.5200233459,42.0000359416,0,0,0,3.21972584707e-06,149429.427748
24.4333333333,-0.00102548813447,0.579488277435,2.40511059761,6.82742102072e-05,2.31658959819e-05,0,0,-9.05124252313e-05,-1.16010165215,41.5200233459,42.0000359416,0,0,0,3.21968779957e-06,149429.427748
24.4444444444,-0.00102548813447,0.579488277435,2.40511059761,6.82742102072e-05,2.31658959819e-05,0,0,-9.05124252313e-05,-1.16010165215,41.5200233459,42.0000359416,0,0,0,3.22005890166e-06,149429.427748
24.4555555556,-0.00102548813447,0.579488277435,2.40511059761,6.82742102072e-05,2.31658959819e-05,0,0,-9.05124252313e-05,-1.16010165215,41.5200233459,42.0000359416,0,0,0,3.22025775655e-06,149429.427748
24.4666666667,-0.00102548813447,0.579488277435,2.40511059761,6.82742102072e-05,2.31658959819e-05,0,0,-9.05124252313e-05,-1.16010165215,41.5200233459,42.0000359416,0,0,0,3.22071687682e-06,149429.427748
24.4777777778,-0.00102548813447,0.579488277435,2.40511059761,6.82742102072e-05,2.31658959819e-05,0,0,-9.05124252313e-05,-1.16010165215,41.5200233459,42.0000359416,0,0,0,3.22009708397e-06,149429.427748
24.4888888889,-0.00102548813447,0.579488277435,2.40511059761,6.82742102072e-05,2.31658959819e-05,0,0,-9.05124252313e-05,-1.16010165215,41.5200233459,42.0000359416,0,0,0,3.21972327697e-06,149429.427748
24.5,-0.00102548813447,0.579488277435,2.40511059761,6.82742102072e-05,2.31658959819e-05,0,0,-9.05124252313e-05,-1.16010165215,41.5200233459,42.0000359416,0,0,0,3.22078077046e-06,149429.427748
24.5111111111,-0.00102548813447,0.579488277435,2.40511059761,6.82742102072e-05,2.31658959819e-05,0,0,-9.05124252313e-05,-1.16010165215,41.5200233459,42.0000359416,0,0,0,3.2203396778e-06,149429.427748
24.5222222222,-0.00102548813447,0.579488277435,2.40511059761,6.82742102072e-05,2.31658959819e-05,0,0,-9.05124252313e-05,-1.16010165215,41.5200233459,42.0000359416,0,0,0,3.21989516792e-06,149429.427748
24.5333333333,-0.00102548813447,0.579488277435,2.40511059761,6.82742102072e-05,2.31658959819e-05,0,0,-9.05124252313e-05,-1.16010165215,41.5200233459,42.0000359416,0,0,0,3.22016042038e-06,149429.427748
24.5444444444,-0.00102548813447,0.579488277435,2.40511059761,6.82742102072e-05,2.31658959819e-05,0,0,-9.05124252313e-05,-1.16010165215,41.5200233459,42.0000359416,0,0,0,3.22051487419e-06,149429.427748
24.5555555556,-0.00102548813447,0.579488277435,2.40511059761,6.82742102072e-05,2.31658959819e-05,0,0,-9.05124252313e-05,-1.16010165215,41.5200233459,42.0000359416,0,0,0,3.22057591349e-06,149429.427748
24.5666666667,-0.00102548813447,0.579488277435,2.40511059761,6.82742102072e-05,2.31658959819e-05,0,0,-9.05124252313e-05,-1.16010165215,41.5200233459,42.0000359416,0,0,0,3.21974386869e-06,149429.427748
24.5777777778,-0.00102548813447,0.579488277435,2.40511059761,6.82742102072e-05,2.31658959819e-05,0,0,-9.05124252313e-05,-1.16010165215,41.5200233459,42.0000359416,0,0,0,3.22026280777e-06,149429.427748
24.5888888889,-0.00102548813447,0.579488277435,2.40511059761,6.82742102072e-05,2.31658959819e-05,0,0,-9.05124252313e-05,-1.16010165215,41.5200233459,42.0000359416,0,0,0,3.22093292989e-06,149429.427748
24.6,-0.00102548813447,0.579488277435,2.40511059761,6.82742102072e-05,2.31658959819e-05,0,0,-9.05124252313e-05,-1.16010165215,41.5200233459,42.0000359416,0,0,0,3.21984948141e-06,149429.427748
24.6111111111,-0.00102548813447,0.579488277435,2.40511059761,6.82742102072e-05,2.31658959819e-05,0,0,-9.05124252313e-05,-1.16010165215,41.5200233459,42.0000359416,0,0,0,3.22049819573e-06,149429.427748
24.6222222222,-0.00102548813447,0.579488277435,2.40511059761,6.82742102072e-05,2.31658959819e-05,0,0,-9.05124252313e-05,-1.16010165215,41.5200233459,42.0000359416,0,0,0,3.22008173119e-06,149429.427748
24.6333333333,-0.00102548813447,0.579488277435,2.40511059761,6.82742102072e-05,2.31658959819e-05,0,0,-9.05124252313e-05,-1.16010165215,41.5200233459,42.0000359416,0,0,0,3.22076864942e-06,149429.427748
24.6444444444,-0.00102548813447,0.579488277435,2.40511059761,6.82742102072e-05,2.31658959819e-05,0,0,-9.05124252313e-05,-1.16010165215,41.5200233459,42.0000359416,0,0,0,3.22034406738e-06,149429.427748
24.6555555556,-0.00102548813447,0.579488277435,2.40511059761,6.82742102072e-05,2.31658959819e-05,0,0,-9.05124252313e-05,-1.16010165215,41.5200233459,42.0000359416,0,0,0,3.22027927995e-06,149429.427748
24.6666666667,-0.00102548813447,0.579488277435,2.40511059761,6.82742102072e-05,2.31658959819e-05,0,0,-9.05124252313e-05,-1.16010165215,41.5200233459,42.0000359416,0,0,0,3.21977600162e-06,149429.427748
24.6777777778,-0.00102548813447,0.579488277435,2.40511059761,6.82742102072e-05,2.31658959819e-05,0,0,-9.05124252313e-05,-1.16010165215,41.5200233459,42.0000359416,0,0,0,3.21968719516e-06,149429.427748
24.6888888889,-0.00102548813447,0.579488277435,2.40511059761,6.82742102072e-05,2.31658959819e-05,0,0,-9.05124252313e-05,-1.16010165215,41.5200233459,42.0000359416,0,0,0,3.22012239481e-06,149429.427748
24.7,-0.00102548813447,0.579488277435,2.40511059761,6.82742102072e-05,2.31658959819e-05,0,0,-9.05124252313e-05,-1.16010165215,41.5200233459,42.0000359416,0,0,0,3.22015151239e-06,149429.427748
24.7111111111,-0.00102548813447,0.579488277435,2.40511059761,6.82742102072e-05,2.31658959819e-05,0,0,-9.05124252313e-05,-1.16010165215,41.5200233459,42.0000359416,0,0,0,3.22054415989e-06,149429.427748
24.7222222222,-0.00102548813447,0.579488277435,2.40511059761,6.82742102072e-05,2.31658959819e-05,0,0,-9.05124252313e-05,-1.16010165215,41.5200233459,42.0000359416,0,0,0,3.22054752348e-06,149429.427748
24.7333333333,-0.00102548813447,0.579488277435,2.40511059761,6.82742102072e-05,2.31658959819e-05,0,0,-9.05124252313e-05,-1.16010165215,41.5200233459,42.0000359416,0,0,0,3.22062697304e-06,149429.427748
24.7444444444,-0.00102548813447,0.579488277435,2.40511059761,6.82742102072e-05,2.31658959819e-05,0,0,-9.05124252313e-05,-1.16010165215,41.5200233459,42.0000359416,0,0,0,3.22022317164e-06,149429.427748
24.7555555556,-0.00102548813447,0.579488277435,2.40511059761,6.82742102072e-05,2.31658959819e-05,0,0,-9.05124252313e-05,-1.16010165215,41.5200233459,42.0000359416,0,0,0,3.22032847084e-06,149429.427748
24.7666666667,-0.00102548813447,0.579488277435,2.40511059761,6.82742102072e-05,2.31658959819e-05,0,0,-9.05124252313e-05,-1.16010165215,41.5200233459,42.0000359416,0,0,0,3.22028534922e-06,149429.427748
24.7777777778,-0.00102548813447,0.579488277435,2.40511059761,6.82742102072e-05,2.31658959819e-05,0,0,-9.05124252313e-05,-1.16010165215,41.5200233459,42.0000359416,0,0,0,3.22044803427e-06,149429.427748
24.7888888889,-0.00102548813447,0.579488277435,2.40511059761,6.82742102072e-05,2.31658959819e-05,0,0,-9.05124252313e-05,-1.16010165215,41.5200233459,42.0000359416,0,0,0,3.21971107791e-06,149429.427748
24.8,-0.00102548813447,0.579488277435,2.40511059761,6.82742102072e-05,2.31658959819e-05,0,0,-9.05124252313e-05,-1.16010165215,41.5200233459,42.0000359416,0,0,0,3.22097051282e-06,149429.427748
24.8111111111,-0.00102548813447,0.579488277435,2.40511059761,6.82742102072e-05,2.31658959819e-05,0,0,-9.05124252313e-05,-1.16010165215,41.5200233459,42.0000359416,0,0,0,3.21983235111e-06,149429.427748
24.8222222222,-0.00102548813447,0.579488277435,2.40511059761,6.82742102072e-05,2.31658959819e-05,0,0,-9.05124252313e-05,-1.16010165215,41.5200233459,42.0000359416,0,0,0,3.21988654666e-06,149429.427748
24.8333333333,-0.00102548813447,0.579488277435,2.40511059761,6.82742102072e-05,2.31658959819e-05,0,0,-9.05124252313e-05,-1.16010165215,41.5200233459,42.0000359416,0,0,0,3.21976386629e-06,149429.427748
24.8444444444,-0.00102548813447,0.579488277435,2.40511059761,6.82742102072e-05,2.31658959819e-05,0,0,-9.05124252313e-05,-1.16010165215,41.5200233459,42.0000359416,0,0,0,3.21987645746e-06,149429.427748
24.8555555556,-0.00102548813447,0.579488277435,2.40511059761,6.82742102072e-05,2.31658959819e-05,0,0,-9.05124252313e-05,-1.16010165215,41.5200233459,42.0000359416,0,0,0,3.2198100656e-06,149429.427748
24.8666666667,-0.00102548813447,0.579488277435,2.40511059761,6.82742102072e-05,2.31658959819e-05,0,0,-9.05124252313e-05,-1.16010165215,41.5200233459,42.0000359416,0,0,0,3.22052263227e-06,149429.427748
24.8777777778,-0.00102548813447,0.579488277435,2.40511059761,6.82742102072e-05,2.31658959819e-05,0,0,-9.05124252313e-05,-1.16010165215,41.5200233459,42.0000359416,0,0,0,3.22038142115e-06,149429.427748
24.8888888889,-0.00102548813447,0.579488277435,2.40511059761,6.82742102072e-05,2.31658959819e-05,0,0,-9.05124252313e-05,-1.16010165215,41.5200233459,42.0000359416,0,0,0,3.22021886168e-06,149429.427748
24.9,-0.00102548813447,0.579488277435,2.40511059761,6.82742102072e-05,2.31658959819e-05,0,0,-9.05124252313e-05,-1.16010165215,41.5200233459,42.0000359416,0,0,0,3.22074081955e-06,149429.427748
24.9111111111,-0.00102548813447,0.579488277435,2.40511059761,6.82742102072e-05,2.31658959819e-05,0,0,-9.05124252313e-05,-1.16010165215,41.5200233459,42.0000359416,0,0,0,3.21972058801e-06,149429.427748
24.9222222222,-0.00102548813447,0.579488277435,2.40511059761,6.82742102072e-05,2.31658959819e-05,0,0,-9.05124252313e-05,-1.16010165215,41.5200233459,42.0000359416,0,0,0,3.22042727048e-06,149429.427748
24.9333333333,-0.00102548813447,0.579488277435,2.40511059761,6.82742102072e-05,2.31658959819e-05,0,0,-9.05124252313e-05,-1.16010165215,41.5200233459,42.0000359416,0,0,0,3.22081863406e-06,149429.427748
24.9444444444,-0.00102548813447,0.579488277435,2.40511059761,6.82742102072e-05,2.31658959819e-05,0,0,-9.05124252313e-05,-1.16010165215,41.5200233459,42.0000359416,0,0,0,3.2205785295e-06,149429.427748
24.9555555556,-0.00102548813447,0.579488277435,2.40511059761,6.82742102072e-05,2.31658959819e-05,0,0,-9.05124252313e-05,-1.16010165215,41.5200233459,42.0000359416,0,0,0,3.22083734575e-06,149429.427748
24.9666666667,-0.00102548813447,0.579488277435,2.40511059761,6.82742102072e-05,2.31658959819e-05,0,0,-9.05124252313e-05,-1.16010165215,41.5200233459,42.0000359416,0,0,0,3.22078172544e-06,149429.427748
24.9777777778,-0.00102548813447,0.579488277435,2.40511059761,6.82742102072e-05,2.31658959819e-05,0,0,-9.05124252313e-05,-1.16010165215,41.5200233459,42.0000359416,0,0,0,3.22006087414e-06,149429.427748
24.9888888889,-0.00102548813447,0.579488277435,2.40511059761,6.82742102072e-05,2.31658959819e-05,0,0,-9.05124252313e-05,-1.16010165215,41.5200233459,42.0000359416,0,0,0,3.22035659543e-06,149429.427748
25,-0.00102548813447,0.579488277435,2.40511059761,6.82742102072e-05,2.31658959819e-05,0,0,-9.05124252313e-05,-1.16010165215,41.5200233459,42.0000359416,0,0,0,3.22020875617e-06,149429.427748
25.0111111111,-0.00102548813447,0.579488277435,2.40511059761,6.82742102072e-05,2.31658959819e-05,0,0,-9.05124252313e-05,-1.16010165215,41.5200233459,42.0000359416,0,0,0,3.22097769181e-06,149429.427748
25.0222222222,-0.00102548813447,0.579488277435,2.40511059761,6.82742102072e-05,2.31658959819e-05,0,0,-9.05124252313e-05,-1.16010165215,41.5200233459,42.0000359416,0,0,0,3.21966629799e-06,149429.427748
25.0333333333,-0.00102548813447,0.579488277435,2.40511059761,6.82742102072e-05,2.31658959819e-05,0,0,-9.05124252313e-05,-1.16010165215,41.5200233459,42.0000359416,0,0,0,3.22030186463e-06,149429.427748
25.0444444444,-0.00102548813447,0.579488277435,2.40511059761,6.82742102072e-05,2.31658959819e-05,0,0,-9.05124252313e-05,-1.16010165215,41.5200233459,42.0000359416,0,0,0,3.22084546424e-06,149429.427748
25.0555555556,-0.00102548813447,0.579488277435,2.40511059761,6.82742102072e-05,2.31658959819e-05,0,0,-9.05124252313e-05,-1.16010165215,41.5200233459,42.0000359416,0,0,0,3.22078056618e-06,149429.427748
25.0666666667,-0.00102548813447,0.579488277435,2.40511059761,6.82742102072e-05,2.31658959819e-05,0,0,-9.05124252313e-05,-1.16010165215,41.5200233459,42.0000359416,0,0,0,3.21966884795e-06,149429.427748
25.0777777778,-0.00102548813447,0.579488277435,2.40511059761,6.82742102072e-05,2.31658959819e-05,0,0,-9.05124252313e-05,-1.16010165215,41.5200233459,42.0000359416,0,0,0,3.22030038592e-06,149429.427748
25.0888888889,-0.00102548813447,0.579488277435,2.40511059761,6.82742102072e-05,2.31658959819e-05,0,0,-9.05124252313e-05,-1.16010165215,41.5200233459,42.0000359416,0,0,0,3.21973132953e-06,149429.427748
25.1,-0.00102548813447,0.579488277435,2.40511059761,6.82742102072e-05,2.31658959819e-05,0,0,-9.05124252313e-05,-1.16010165215,41.5200233459,42.0000359416,0,0,0,3.22021893616e-06,149429.427748
25.1111111111,-0.00102548813447,0.579488277435,2.40511059761,6.82742102072e-05,2.31658959819e-05,0,0,-9.05124252313e-05,-1.16010165215,41.5200233459,42.0000359416,0,0,0,3.22034308508e-06,149429.427748
25.1222222222,-0.00102548813447,0.579488277435,2.40511059761,6.82742102072e-05,2.31658959819e-05,0,0,-9.05124252313e-05,-1.16010165215,41.5200233459,42.0000359416,0,0,0,3.21984875614e-06,149429.427748
25.1333333333,-0.00102548813447,0.579488277435,2.40511059761,6.82742102072e-05,2.31658959819e-05,0,0,-9.05124252313e-05,-1.16010165215,41.5200233459,42.0000359416,0,0,0,3.2201529272e-06,149429.427748
25.1444444444,-0.00102548813447,0.579488277435,2.40511059761,6.82742102072e-05,2.31658959819e-05,0,0,-9.05124252313e-05,-1.16010165215,41.5200233459,42.0000359416,0,0,0,3.21971769531e-06,149429.427748
25.1555555556,-0.00102548813447,0.579488277435,2.40511059761,6.82742102072e-05,2.31658959819e-05,0,0,-9.05124252313e-05,-1.16010165215,41.5200233459,42.0000359416,0,0,0,3.2203928833e-06,149429.427748
25.1666666667,-0.00102548813447,0.579488277435,2.40511059761,6.82742102072e-05,2.31658959819e-05,0,0,-9.05124252313e-05,-1.16010165215,41.5200233459,42.0000359416,0,0,0,3.22002898111e-06,149429.427748
25.1777777778,-0.00102548813447,0.579488277435,2.40511059761,6.82742102072e-05,2.31658959819e-05,0,0,-9.05124252313e-05,-1.16010165215,41.5200233459,42.0000359416,0,0,0,3.22076288299e-06,149429.427748
25.1888888889,-0.00102548813447,0.579488277435,2.40511059761,6.82742102072e-05,2.31658959819e-05,0,0,-9.05124252313e-05,-1.16010165215,41.5200233459,42.0000359416,0,0,0,3.22076741965e-06,149429.427748
25.2,-0.00102548813447,0.579488277435,2.40511059761,6.82742102072e-05,2.31658959819e-05,0,0,-9.05124252313e-05,-1.16010165215,41.5200233459,42.0000359416,0,0,0,3.22071163722e-06,149429.427748
25.2111111111,-0.00102548813447,0.579488277435,2.40511059761,6.82742102072e-05,2.31658959819e-05,0,0,-9.05124252313e-05,-1.16010165215,41.5200233459,42.0000359416,0,0,0,3.2208747297e-06,149429.427748
25.2222222222,-0.00102548813447,0.579488277435,2.40511059761,6.82742102072e-05,2.31658959819e-05,0,0,-9.05124252313e-05,-1.16010165215,41.5200233459,42.0000359416,0,0,0,3.21975007706e-06,149429.427748
25.2333333333,-0.00102548813447,0.579488277435,2.40511059761,6.82742102072e-05,2.31658959819e-05,0,0,-9.05124252313e-05,-1.16010165215,41.5200233459,42.0000359416,0,0,0,3.2206715334e-06,149429.427748
25.2444444444,-0.00102548813447,0.579488277435,2.40511059761,6.82742102072e-05,2.31658959819e-05,0,0,-9.05124252313e-05,-1.16010165215,41.5200233459,42.0000359416,0,0,0,3.22014151455e-06,149429.427748
25.2555555556,-0.00102548813447,0.579488277435,2.40511059761,6.82742102072e-05,2.31658959819e-05,0,0,-9.05124252313e-05,-1.16010165215,41.5200233459,42.0000359416,0,0,0,3.2207969838e-06,149429.427748
25.2666666667,-0.00102548813447,0.579488277435,2.40511059761,6.82742102072e-05,2.31658959819e-05,0,0,-9.05124252313e-05,-1.16010165215,41.5200233459,42.0000359416,0,0,0,3.2202141886e-06,149429.427748
25.2777777778,-0.00102548813447,0.579488277435,2.40511059761,6.82742102072e-05,2.31658959819e-05,0,0,-9.05124252313e-05,-1.16010165215,41.5200233459,42.0000359416,0,0,0,3.21972423287e-06,149429.427748
25.2888888889,-0.00102548813447,0.579488277435,2.40511059761,6.82742102072e-05,2.31658959819e-05,0,0,-9.05124252313e-05,-1.16010165215,41.5200233459,42.0000359416,0,0,0,3.21974366935e-06,149429.427748
25.3,-0.00102548813447,0.579488277435,2.40511059761,6.82742102072e-05,2.31658959819e-05,0,0,-9.05124252313e-05,-1.16010165215,41.5200233459,42.0000359416,0,0,0,3.21969263268e-06,149429.427748
25.3111111111,-0.00102548813447,0.579488277435,2.40511059761,6.82742102072e-05,2.31658959819e-05,0,0,-9.05124252313e-05,-1.16010165215,41.5200233459,42.0000359416,0,0,0,3.22058358495e-06,149429.427748
25.3222222222,-0.00102548813447,0.579488277435,2.40511059761,6.82742102072e-05,2.31658959819e-05,0,0,-9.05124252313e-05,-1.16010165215,41.5200233459,42.0000359416,0,0,0,3.2208656195e-06,149429.427748
25.3333333333,-0.00102548813447,0.579488277435,2.40511059761,6.82742102072e-05,2.31658959819e-05,0,0,-9.05124252313e-05,-1.16010165215,41.5200233459,42.0000359416,0,0,0,3.21983910998e-06,149429.427748
25.3444444444,-0.00102548813447,0.579488277435,2.40511059761,6.82742102072e-05,2.31658959819e-05,0,0,-9.05124252313e-05,-1.16010165215,41.5200233459,42.0000359416,0,0,0,3.22045011865e-06,149429.427748
25.3555555556,-0.00102548813447,0.579488277435,2.40511059761,6.82742102072e-05,2.31658959819e-05,0,0,-9.05124252313e-05,-1.16010165215,41.5200233459,42.0000359416,0,0,0,3.22035601744e-06,149429.427748
25.3666666667,-0.00102548813447,0.579488277435,2.40511059761,6.82742102072e-05,2.31658959819e-05,0,0,-9.05124252313e-05,-1.16010165215,41.5200233459,42.0000359416,0,0,0,3.22061479478e-06,149429.427748
25.3777777778,-0.00102548813447,0.579488277435,2.40511059761,6.82742102072e-05,2.31658959819e-05,0,0,-9.05124252313e-05,-1.16010165215,41.5200233459,42.0000359416,0,0,0,3.22050768394e-06,149429.427748
25.3888888889,-0.00102548813447,0.579488277435,2.40511059761,6.82742102072e-05,2.31658959819e-05,0,0,-9.05124252313e-05,-1.16010165215,41.5200233459,42.0000359416,0,0,0,3.22059357142e-06,149429.427748
25.4,-0.00102548813447,0.579488277435,2.40511059761,6.82742102072e-05,2.31658959819e-05,0,0,-9.05124252313e-05,-1.16010165215,41.5200233459,42.0000359416,0,0,0,3.21999939467e-06,149429.427748
25.4111111111,-0.00102548813447,0.579488277435,2.40511059761,6.82742102072e-05,2.31658959819e-05,0,0,-9.05124252313e-05,-1.16010165215,41.5200233459,42.0000359416,0,0,0,3.21971356942e-06,149429.427748
25.4222222222,-0.00102548813447,0.579488277435,2.40511059761,6.82742102072e-05,2.31658959819e-05,0,0,-9.05124252313e-05,-1.16010165215,41.5200233459,42.0000359416,0,0,0,3.22018991257e-06,149429.427748
25.4333333333,-0.00102548813447,0.579488277435,2.40511059761,6.82742102072e-05,2.31658959819e-05,0,0,-9.05124252313e-05,-1.16010165215,41.5200233459,42.0000359416,0,0,0,3.22079168821e-06,149429.427748
25.4444444444,-0.00102548813447,0.579488277435,2.40511059761,6.82742102072e-05,2.31658959819e-05,0,0,-9.05124252313e-05,-1.16010165215,41.5200233459,42.0000359416,0,0,0,3.2197556596e-06,149429.427748
25.4555555556,-0.00102548813447,0.579488277435,2.40511059761,6.82742102072e-05,2.31658959819e-05,0,0,-9.05124252313e-05,-1.16010165215,41.5200233459,42.0000359416,0,0,0,3.2203331737e-06,149429.427748
25.4666666667,-0.00102548813447,0.579488277435,2.40511059761,6.82742102072e-05,2.31658959819e-05,0,0,-9.05124252313e-05,-1.16010165215,41.5200233459,42.0000359416,0,0,0,3.21984589811e-06,149429.427748
25.4777777778,-0.00102548813447,0.579488277435,2.40511059761,6.82742102072e-05,2.31658959819e-05,0,0,-9.05124252313e-05,-1.16010165215,41.5200233459,42.0000359416,0,0,0,3.22036826436e-06,149429.427748
25.4888888889,-0.00102548813447,0.579488277435,2.40511059761,6.82742102072e-05,2.31658959819e-05,0,0,-9.05124252313e-05,-1.16010165215,41.5200233459,42.0000359416,0,0,0,3.22060337133e-06,149429.427748
25.5,-0.00102548813447,0.579488277435,2.40511059761,6.82742102072e-05,2.31658959819e-05,0,0,-9.05124252313e-05,-1.16010165215,41.5200233459,42.0000359416,0,0,0,3.21970803282e-06,149429.427748
25.5111111111,-0.00102548813447,0.579488277435,2.40511059761,6.82742102072e-05,2.31658959819e-05,0,0,-9.05124252313e-05,-1.16010165215,41.5200233459,42.0000359416,0,0,0,3.22103851264e-06,149429.427748
25.5222222222,-0.00102548813447,0.579488277435,2.40511059761,6.82742102072e-05,2.31658959819e-05,0,0,-9.05124252313e-05,-1.16010165215,41.5200233459,42.0000359416,0,0,0,3.22026202907e-06,149429.427748
25.5333333333,-0.00102548813447,0.579488277435,2.40511059761,6.82742102072e-05,2.31658959819e-05,0,0,-9.05124252313e-05,-1.16010165215,41.5200233459,42.0000359416,0,0,0,3.21998762539e-06,149429.427748
25.5444444444,-0.00102548813447,0.579488277435,2.40511059761,6.82742102072e-05,2.31658959819e-05,0,0,-9.05124252313e-05,-1.16010165215,41.5200233459,42.0000359416,0,0,0,3.22105447126e-06,149429.427748
25.5555555556,-0.00102548813447,0.579488277435,2.40511059761,6.82742102072e-05,2.31658959819e-05,0,0,-9.05124252313e-05,-1.16010165215,41.5200233459,42.0000359416,0,0,0,3.22026587968e-06,149429.427748
25.5666666667,-0.00102548813447,0.579488277435,2.40511059761,6.82742102072e-05,2.31658959819e-05,0,0,-9.05124252313e-05,-1.16010165215,41.5200233459,42.0000359416,0,0,0,3.22077980232e-06,149429.427748
25.5777777778,-0.00102548813447,0.579488277435,2.40511059761,6.82742102072e-05,2.31658959819e-05,0,0,-9.05124252313e-05,-1.16010165215,41.5200233459,42.0000359416,0,0,0,3.22069374522e-06,149429.427748
25.5888888889,-0.00102548813447,0.579488277435,2.40511059761,6.82742102072e-05,2.31658959819e-05,0,0,-9.05124252313e-05,-1.16010165215,41.5200233459,42.0000359416,0,0,0,3.21980464818e-06,149429.427748
25.6,-0.00102548813447,0.579488277435,2.40511059761,6.82742102072e-05,2.31658959819e-05,0,0,-9.05124252313e-05,-1.16010165215,41.5200233459,42.0000359416,0,0,0,3.21974506012e-06,149429.427748
25.6111111111,-0.00102548813447,0.579488277435,2.40511059761,6.82742102072e-05,2.31658959819e-05,0,0,-9.05124252313e-05,-1.16010165215,41.5200233459,42.0000359416,0,0,0,3.22059075477e-06,149429.427748
25.6222222222,-0.00102548813447,0.579488277435,2.40511059761,6.82742102072e-05,2.31658959819e-05,0,0,-9.05124252313e-05,-1.16010165215,41.5200233459,42.0000359416,0,0,0,3.21992483583e-06,149429.427748
25.6333333333,-0.00102548813447,0.579488277435,2.40511059761,6.82742102072e-05,2.31658959819e-05,0,0,-9.05124252313e-05,-1.16010165215,41.5200233459,42.0000359416,0,0,0,3.22079698938e-06,149429.427748
25.6444444444,-0.00102548813447,0.579488277435,2.40511059761,6.82742102072e-05,2.31658959819e-05,0,0,-9.05124252313e-05,-1.16010165215,41.5200233459,42.0000359416,0,0,0,3.22074539881e-06,149429.427748
25.6555555556,-0.00102548813447,0.579488277435,2.40511059761,6.82742102072e-05,2.31658959819e-05,0,0,-9.05124252313e-05,-1.16010165215,41.5200233459,42.0000359416,0,0,0,3.21994002409e-06,149429.427748
25.6666666667,-0.00102548813447,0.579488277435,2.40511059761,6.82742102072e-05,2.31658959819e-05,0,0,-9.05124252313e-05,-1.16010165215,41.5200233459,42.0000359416,0,0,0,3.22022798549e-06,149429.427748
25.6777777778,-0.00102548813447,0.579488277435,2.40511059761,6.82742102072e-05,2.31658959819e-05,0,0,-9.05124252313e-05,-1.16010165215,41.5200233459,42.0000359416,0,0,0,3.2198755003e-06,149429.427748
25.6888888889,-0.00102548813447,0.579488277435,2.40511059761,6.82742102072e-05,2.31658959819e-05,0,0,-9.05124252313e-05,-1.16010165215,41.5200233459,42.0000359416,0,0,0,3.22017194437e-06,149429.427748
25.7,-0.00102548813447,0.579488277435,2.40511059761,6.82742102072e-05,2.31658959819e-05,0,0,-9.05124252313e-05,-1.16010165215,41.5200233459,42.0000359416,0,0,0,3.21999314073e-06,149429.427748
25.7111111111,-0.00102548813447,0.579488277435,2.40511059761,6.82742102072e-05,2.31658959819e-05,0,0,-9.05124252313e-05,-1.16010165215,41.5200233459,42.0000359416,0,0,0,3.22024621242e-06,149429.427748
25.7222222222,-0.00102548813447,0.579488277435,2.40511059761,6.82742102072e-05,2.31658959819e-05,0,0,-9.05124252313e-05,-1.16010165215,41.5200233459,42.0000359416,0,0,0,3.22031560784e-06,149429.427748
25.7333333333,-0.00102548813447,0.579488277435,2.40511059761,6.82742102072e-05,2.31658959819e-05,0,0,-9.05124252313e-05,-1.16010165215,41.5200233459,42.0000359416,0,0,0,3.21983771234e-06,149429.427748
25.7444444444,-0.00102548813447,0.579488277435,2.40511059761,6.82742102072e-05,2.31658959819e-05,0,0,-9.05124252313e-05,-1.16010165215,41.5200233459,42.0000359416,0,0,0,3.21964473319e-06,149429.427748
25.7555555556,-0.00102548813447,0.579488277435,2.40511059761,6.82742102072e-05,2.31658959819e-05,0,0,-9.05124252313e-05,-1.16010165215,41.5200233459,42.0000359416,0,0,0,3.22057137569e-06,149429.427748
25.7666666667,-0.00102548813447,0.579488277435,2.40511059761,6.82742102072e-05,2.31658959819e-05,0,0,-9.05124252313e-05,-1.16010165215,41.5200233459,42.0000359416,0,0,0,3.21987408046e-06,149429.427748
25.7777777778,-0.00102548813447,0.579488277435,2.40511059761,6.82742102072e-05,2.31658959819e-05,0,0,-9.05124252313e-05,-1.16010165215,41.5200233459,42.0000359416,0,0,0,3.22012062178e-06,149429.427748
25.7888888889,-0.00102548813447,0.579488277435,2.40511059761,6.82742102072e-05,2.31658959819e-05,0,0,-9.05124252313e-05,-1.16010165215,41.5200233459,42.0000359416,0,0,0,3.21975679849e-06,149429.427748
25.8,-0.00102548813447,0.579488277435,2.40511059761,6.82742102072e-05,2.31658959819e-05,0,0,-9.05124252313e-05,-1.16010165215,41.5200233459,42.0000359416,0,0,0,3.22095827496e-06,149429.427748
25.8111111111,-0.00102548813447,0.579488277435,2.40511059761,6.82742102072e-05,2.31658959819e-05,0,0,-9.05124252313e-05,-1.16010165215,41.5200233459,42.0000359416,0,0,0,3.22030394849e-06,149429.427748
25.8222222222,-0.00102548813447,0.579488277435,2.40511059761,6.82742102072e-05,2.31658959819e-05,0,0,-9.05124252313e-05,-1.16010165215,41.5200233459,42.0000359416,0,0,0,3.22078719284e-06,149429.427748
25.8333333333,-0.00102548813447,0.579488277435,2.40511059761,6.82742102072e-05,2.31658959819e-05,0,0,-9.05124252313e-05,-1.16010165215,41.5200233459,42.0000359416,0,0,0,3.21983331333e-06,149429.427748
25.8444444444,-0.00102548813447,0.579488277435,2.40511059761,6.82742102072e-05,2.31658959819e-05,0,0,-9.05124252313e-05,-1.16010165215,41.5200233459,42.0000359416,0,0,0,3.2204953132e-06,149429.427748
25.8555555556,-0.00102548813447,0.579488277435,2.40511059761,6.82742102072e-05,2.31658959819e-05,0,0,-9.05124252313e-05,-1.16010165215,41.5200233459,42.0000359416,0,0,0,3.21966101394e-06,149429.427748
25.8666666667,-0.00102548813447,0.579488277435,2.40511059761,6.82742102072e-05,2.31658959819e-05,0,0,-9.05124252313e-05,-1.16010165215,41.5200233459,42.0000359416,0,0,0,3.22070095531e-06,149429.427748
25.8777777778,-0.00102548813447,0.579488277435,2.40511059761,6.82742102072e-05,2.31658959819e-05,0,0,-9.05124252313e-05,-1.16010165215,41.5200233459,42.0000359416,0,0,0,3.22065556092e-06,149429.427748
25.8888888889,-0.00102548813447,0.579488277435,2.40511059761,6.82742102072e-05,2.31658959819e-05,0,0,-9.05124252313e-05,-1.16010165215,41.5200233459,42.0000359416,0,0,0,3.21968645258e-06,149429.427748
25.9,-0.00102548813447,0.579488277435,2.40511059761,6.82742102072e-05,2.31658959819e-05,0,0,-9.05124252313e-05,-1.16010165215,41.5200233459,42.0000359416,0,0,0,3.22082550098e-06,149429.427748
25.9111111111,-0.00102548813447,0.579488277435,2.40511059761,6.82742102072e-05,2.31658959819e-05,0,0,-9.05124252313e-05,-1.16010165215,41.5200233459,42.0000359416,0,0,0,3.21976238899e-06,149429.427748
25.9222222222,-0.00102548813447,0.579488277435,2.40511059761,6.82742102072e-05,2.31658959819e-05,0,0,-9.05124252313e-05,-1.16010165215,41.5200233459,42.0000359416,0,0,0,3.22000961758e-06,149429.427748
25.9333333333,-0.00102548813447,0.579488277435,2.40511059761,6.82742102072e-05,2.31658959819e-05,0,0,-9.05124252313e-05,-1.16010165215,41.5200233459,42.0000359416,0,0,0,3.21987071889e-06,149429.427748
25.9444444444,-0.00102548813447,0.579488277435,2.40511059761,6.82742102072e-05,2.31658959819e-05,0,0,-9.05124252313e-05,-1.16010165215,41.5200233459,42.0000359416,0,0,0,3.22013261659e-06,149429.427748
25.9555555556,-0.00102548813447,0.579488277435,2.40511059761,6.82742102072e-05,2.31658959819e-05,0,0,-9.05124252313e-05,-1.16010165215,41.5200233459,42.0000359416,0,0,0,3.21972984245e-06,149429.427748
25.9666666667,-0.00102548813447,0.579488277435,2.40511059761,6.82742102072e-05,2.31658959819e-05,0,0,-9.05124252313e-05,-1.16010165215,41.5200233459,42.0000359416,0,0,0,3.22020933647e-06,149429.427748
25.9777777778,-0.00102548813447,0.579488277435,2.40511059761,6.82742102072e-05,2.31658959819e-05,0,0,-9.05124252313e-05,-1.16010165215,41.5200233459,42.0000359416,0,0,0,3.22057397825e-06,149429.427748
25.9888888889,-0.00102548813447,0.579488277435,2.40511059761,6.82742102072e-05,2.31658959819e-05,0,0,-9.05124252313e-05,-1.16010165215,41.5200233459,42.0000359416,0,0,0,3.22013604636e-06,149429.427748
26,-0.00102548813447,0.579488277435,2.40511059761,6.82742102072e-05,2.31658959819e-05,0,0,-9.05124252313e-05,-1.16010165215,41.5200233459,42.0000359416,0,0,0,3.22021620661e-06,149429.427748
26.0111111111,-0.00102548813447,0.579488277435,2.40511059761,6.82742102072e-05,2.31658959819e-05,0,0,-9.05124252313e-05,-1.16010165215,41.5200233459,42.0000359416,0,0,0,3.2206283336e-06,149429.427748
26.0222222222,-0.00102548813447,0.579488277435,2.40511059761,6.82742102072e-05,2.31658959819e-05,0,0,-9.05124252313e-05,-1.16010165215,41.5200233459,42.0000359416,0,0,0,3.22012835378e-06,149429.427748
26.0333333333,-0.00102548813447,0.579488277435,2.40511059761,6.82742102072e-05,2.31658959819e-05,0,0,-9.05124252313e-05,-1.16010165215,41.5200233459,42.0000359416,0,0,0,3.22089021079e-06,149429.427748
26.0444444444,-0.00102548813447,0.579488277435,2.40511059761,6.82742102072e-05,2.31658959819e-05,0,0,-9.05124252313e-05,-1.16010165215,41.5200233459,42.0000359416,0,0,0,3.22099907956e-06,149429.427748
26.0555555556,-0.00102548813447,0.579488277435,2.40511059761,6.82742102072e-05,2.31658959819e-05,0,0,-9.05124252313e-05,-1.16010165215,41.5200233459,42.0000359416,0,0,0,3.22050379092e-06,149429.427748
26.0666666667,-0.00102548813447,0.579488277435,2.40511059761,6.82742102072e-05,2.31658959819e-05,0,0,-9.05124252313e-05,-1.16010165215,41.5200233459,42.0000359416,0,0,0,3.22021252341e-06,149429.427748
26.0777777778,-0.00102548813447,0.579488277435,2.40511059761,6.82742102072e-05,2.31658959819e-05,0,0,-9.05124252313e-05,-1.16010165215,41.5200233459,42.0000359416,0,0,0,3.22070215396e-06,149429.427748
26.0888888889,-0.00102548813447,0.579488277435,2.40511059761,6.82742102072e-05,2.31658959819e-05,0,0,-9.05124252313e-05,-1.16010165215,41.5200233459,42.0000359416,0,0,0,3.22057031083e-06,149429.427748
26.1,-0.00102548813447,0.579488277435,2.40511059761,6.82742102072e-05,2.31658959819e-05,0,0,-9.05124252313e-05,-1.16010165215,41.5200233459,42.0000359416,0,0,0,3.22047311618e-06,149429.427748
26.1111111111,-0.00102548813447,0.579488277435,2.40511059761,6.82742102072e-05,2.31658959819e-05,0,0,-9.05124252313e-05,-1.16010165215,41.5200233459,42.0000359416,0,0,0,3.22023603965e-06,149429.427748
26.1222222222,-0.00102548813447,0.579488277435,2.40511059761,6.82742102072e-05,2.31658959819e-05,0,0,-9.05124252313e-05,-1.16010165215,41.5200233459,42.0000359416,0,0,0,3.2198041047e-06,149429.427748
26.1333333333,-0.00102548813447,0.579488277435,2.40511059761,6.82742102072e-05,2.31658959819e-05,0,0,-9.05124252313e-05,-1.16010165215,41.5200233459,42.0000359416,0,0,0,3.22059271359e-06,149429.427748
26.1444444444,-0.00102548813447,0.579488277435,2.40511059761,6.82742102072e-05,2.31658959819e-05,0,0,-9.05124252313e-05,-1.16010165215,41.5200233459,42.0000359416,0,0,0,3.22097168847e-06,149429.427748
26.1555555556,-0.00102548813447,0.579488277435,2.40511059761,6.82742102072e-05,2.31658959819e-05,0,0,-9.05124252313e-05,-1.16010165215,41.5200233459,42.0000359416,0,0,0,3.21992606764e-06,149429.427748
26.1666666667,-0.00102548813447,0.579488277435,2.40511059761,6.82742102072e-05,2.31658959819e-05,0,0,-9.05124252313e-05,-1.16010165215,41.5200233459,42.0000359416,0,0,0,3.22039877241e-06,149429.427748
26.1777777778,-0.00102548813447,0.579488277435,2.40511059761,6.82742102072e-05,2.31658959819e-05,0,0,-9.05124252313e-05,-1.16010165215,41.5200233459,42.0000359416,0,0,0,3.22033793807e-06,149429.427748
26.1888888889,-0.00102548813447,0.579488277435,2.40511059761,6.82742102072e-05,2.31658959819e-05,0,0,-9.05124252313e-05,-1.16010165215,41.5200233459,42.0000359416,0,0,0,3.21983399888e-06,149429.427748
26.2,-0.00102548813447,0.579488277435,2.40511059761,6.82742102072e-05,2.31658959819e-05,0,0,-9.05124252313e-05,-1.16010165215,41.5200233459,42.0000359416,0,0,0,3.22000041087e-06,149429.427748
26.2111111111,-0.00102548813447,0.579488277435,2.40511059761,6.82742102072e-05,2.31658959819e-05,0,0,-9.05124252313e-05,-1.16010165215,41.5200233459,42.0000359416,0,0,0,3.22099519918e-06,149429.427748
26.2222222222,-0.00102548813447,0.579488277435,2.40511059761,6.82742102072e-05,2.31658959819e-05,0,0,-9.05124252313e-05,-1.16010165215,41.5200233459,42.0000359416,0,0,0,3.22030123936e-06,149429.427748
26.2333333333,-0.00102548813447,0.579488277435,2.40511059761,6.82742102072e-05,2.31658959819e-05,0,0,-9.05124252313e-05,-1.16010165215,41.5200233459,42.0000359416,0,0,0,3.22064148887e-06,149429.427748
26.2444444444,-0.00102548813447,0.579488277435,2.40511059761,6.82742102072e-05,2.31658959819e-05,0,0,-9.05124252313e-05,-1.16010165215,41.5200233459,42.0000359416,0,0,0,3.22068637697e-06,149429.427748
26.2555555556,-0.00102548813447,0.579488277435,2.40511059761,6.82742102072e-05,2.31658959819e-05,0,0,-9.05124252313e-05,-1.16010165215,41.5200233459,42.0000359416,0,0,0,3.22062342657e-06,149429.427748
26.2666666667,-0.00102548813447,0.579488277435,2.40511059761,6.82742102072e-05,2.31658959819e-05,0,0,-9.05124252313e-05,-1.16010165215,41.5200233459,42.0000359416,0,0,0,3.22034014317e-06,149429.427748
26.2777777778,-0.00102548813447,0.579488277435,2.40511059761,6.82742102072e-05,2.31658959819e-05,0,0,-9.05124252313e-05,-1.16010165215,41.5200233459,42.0000359416,0,0,0,3.22047545986e-06,149429.427748
26.2888888889,-0.00102548813447,0.579488277435,2.40511059761,6.82742102072e-05,2.31658959819e-05,0,0,-9.05124252313e-05,-1.16010165215,41.5200233459,42.0000359416,0,0,0,3.22020959448e-06,149429.427748
26.3,-0.00102548813447,0.579488277435,2.40511059761,6.82742102072e-05,2.31658959819e-05,0,0,-9.05124252313e-05,-1.16010165215,41.5200233459,42.0000359416,0,0,0,3.22082562793e-06,149429.427748
26.3111111111,-0.00102548813447,0.579488277435,2.40511059761,6.82742102072e-05,2.31658959819e-05,0,0,-9.05124252313e-05,-1.16010165215,41.5200233459,42.0000359416,0,0,0,3.22000212378e-06,149429.427748
26.3222222222,-0.00102548813447,0.579488277435,2.40511059761,6.82742102072e-05,2.31658959819e-05,0,0,-9.05124252313e-05,-1.16010165215,41.5200233459,42.0000359416,0,0,0,3.21966950048e-06,149429.427748
26.3333333333,-0.00102548813447,0.579488277435,2.40511059761,6.82742102072e-05,2.31658959819e-05,0,0,-9.05124252313e-05,-1.16010165215,41.5200233459,42.0000359416,0,0,0,3.21970647327e-06,149429.427748
26.3444444444,-0.00102548813447,0.579488277435,2.40511059761,6.82742102072e-05,2.31658959819e-05,0,0,-9.05124252313e-05,-1.16010165215,41.5200233459,42.0000359416,0,0,0,3.21985781193e-06,149429.427748
26.3555555556,-0.00102548813447,0.579488277435,2.40511059761,6.82742102072e-05,2.31658959819e-05,0,0,-9.05124252313e-05,-1.16010165215,41.5200233459,42.0000359416,0,0,0,3.22098929492e-06,149429.427748
26.3666666667,-0.00102548813447,0.579488277435,2.40511059761,6.82742102072e-05,2.31658959819e-05,0,0,-9.05124252313e-05,-1.16010165215,41.5200233459,42.0000359416,0,0,0,3.22023960136e-06,149429.427748
26.3777777778,-0.00102548813447,0.579488277435,2.40511059761,6.82742102072e-05,2.31658959819e-05,0,0,-9.05124252313e-05,-1.16010165215,41.5200233459,42.0000359416,0,0,0,3.21984380544e-06,149429.427748
26.3888888889,-0.00102548813447,0.579488277435,2.40511059761,6.82742102072e-05,2.31658959819e-05,0,0,-9.05124252313e-05,-1.16010165215,41.5200233459,42.0000359416,0,0,0,3.21985740762e-06,149429.427748
26.4,-0.00102548813447,0.579488277435,2.40511059761,6.82742102072e-05,2.31658959819e-05,0,0,-9.05124252313e-05,-1.16010165215,41.5200233459,42.0000359416,0,0,0,3.22006622621e-06,149429.427748
26.4111111111,-0.00102548813447,0.579488277435,2.40511059761,6.82742102072e-05,2.31658959819e-05,0,0,-9.05124252313e-05,-1.16010165215,41.5200233459,42.0000359416,0,0,0,3.22023830998e-06,149429.427748
26.4222222222,-0.00102548813447,0.579488277435,2.40511059761,6.82742102072e-05,2.31658959819e-05,0,0,-9.05124252313e-05,-1.16010165215,41.5200233459,42.0000359416,0,0,0,3.22097147586e-06,149429.427748
26.4333333333,-0.00102548813447,0.579488277435,2.40511059761,6.82742102072e-05,2.31658959819e-05,0,0,-9.05124252313e-05,-1.16010165215,41.5200233459,42.0000359416,0,0,0,3.22083429172e-06,149429.427748
26.4444444444,-0.00102548813447,0.579488277435,2.40511059761,6.82742102072e-05,2.31658959819e-05,0,0,-9.05124252313e-05,-1.16010165215,41.5200233459,42.0000359416,0,0,0,3.22089239035e-06,149429.427748
26.4555555556,-0.00102548813447,0.579488277435,2.40511059761,6.82742102072e-05,2.31658959819e-05,0,0,-9.05124252313e-05,-1.16010165215,41.5200233459,42.0000359416,0,0,0,3.22095335148e-06,149429.427748
26.4666666667,-0.00102548813447,0.579488277435,2.40511059761,6.82742102072e-05,2.31658959819e-05,0,0,-9.05124252313e-05,-1.16010165215,41.5200233459,42.0000359416,0,0,0,3.22090220458e-06,149429.427748
26.4777777778,-0.00102548813447,0.579488277435,2.40511059761,6.82742102072e-05,2.31658959819e-05,0,0,-9.05124252313e-05,-1.16010165215,41.5200233459,42.0000359416,0,0,0,3.22092413934e-06,149429.427748
26.4888888889,-0.00102548813447,0.579488277435,2.40511059761,6.82742102072e-05,2.31658959819e-05,0,0,-9.05124252313e-05,-1.16010165215,41.5200233459,42.0000359416,0,0,0,3.22057011624e-06,149429.427748
26.5,-0.00102548813447,0.579488277435,2.40511059761,6.82742102072e-05,2.31658959819e-05,0,0,-9.05124252313e-05,-1.16010165215,41.5200233459,42.0000359416,0,0,0,3.22007789875e-06,149429.427748
26.5111111111,-0.00102548813447,0.579488277435,2.40511059761,6.82742102072e-05,2.31658959819e-05,0,0,-9.05124252313e-05,-1.16010165215,41.5200233459,42.0000359416,0,0,0,3.22070997475e-06,149429.427748
26.5222222222,-0.00102548813447,0.579488277435,2.40511059761,6.82742102072e-05,2.31658959819e-05,0,0,-9.05124252313e-05,-1.16010165215,41.5200233459,42.0000359416,0,0,0,3.22012264045e-06,149429.427748
26.5333333333,-0.00102548813447,0.579488277435,2.40511059761,6.82742102072e-05,2.31658959819e-05,0,0,-9.05124252313e-05,-1.16010165215,41.5200233459,42.0000359416,0,0,0,3.22079226476e-06,149429.427748
26.5444444444,-0.00102548813447,0.579488277435,2.40511059761,6.82742102072e-05,2.31658959819e-05,0,0,-9.05124252313e-05,-1.16010165215,41.5200233459,42.0000359416,0,0,0,3.22014538776e-06,149429.427748
26.5555555556,-0.00102548813447,0.579488277435,2.40511059761,6.82742102072e-05,2.31658959819e-05,0,0,-9.05124252313e-05,-1.16010165215,41.5200233459,42.0000359416,0,0,0,3.21998991748e-06,149429.427748
26.5666666667,-0.00102548813447,0.579488277435,2.40511059761,6.82742102072e-05,2.31658959819e-05,0,0,-9.05124252313e-05,-1.16010165215,41.5200233459,42.0000359416,0,0,0,3.22028794273e-06,149429.427748
26.5777777778,-0.00102548813447,0.579488277435,2.40511059761,6.82742102072e-05,2.31658959819e-05,0,0,-9.05124252313e-05,-1.16010165215,41.5200233459,42.0000359416,0,0,0,3.22004890985e-06,149429.427748
26.5888888889,-0.00102548813447,0.579488277435,2.40511059761,6.82742102072e-05,2.31658959819e-05,0,0,-9.05124252313e-05,-1.16010165215,41.5200233459,42.0000359416,0,0,0,3.21984723499e-06,149429.427748
26.6,-0.00102548813447,0.579488277435,2.40511059761,6.82742102072e-05,2.31658959819e-05,0,0,-9.05124252313e-05,-1.16010165215,41.5200233459,42.0000359416,0,0,0,3.22072898179e-06,149429.427748
26.6111111111,-0.00102548813447,0.579488277435,2.40511059761,6.82742102072e-05,2.31658959819e-05,0,0,-9.05124252313e-05,-1.16010165215,41.5200233459,42.0000359416,0,0,0,3.22102032062e-06,149429.427748
26.6222222222,-0.00102548813447,0.579488277435,2.40511059761,6.82742102072e-05,2.31658959819e-05,0,0,-9.05124252313e-05,-1.16010165215,41.5200233459,42.0000359416,0,0,0,3.22044001684e-06,149429.427748
26.6333333333,-0.00102548813447,0.579488277435,2.40511059761,6.82742102072e-05,2.31658959819e-05,0,0,-9.05124252313e-05,-1.16010165215,41.5200233459,42.0000359416,0,0,0,3.21970307891e-06,149429.427748
26.6444444444,-0.00102548813447,0.579488277435,2.40511059761,6.82742102072e-05,2.31658959819e-05,0,0,-9.05124252313e-05,-1.16010165215,41.5200233459,42.0000359416,0,0,0,3.22081249757e-06,149429.427748
26.6555555556,-0.00102548813447,0.579488277435,2.40511059761,6.82742102072e-05,2.31658959819e-05,0,0,-9.05124252313e-05,-1.16010165215,41.5200233459,42.0000359416,0,0,0,3.22084215747e-06,149429.427748
26.6666666667,-0.00102548813447,0.579488277435,2.40511059761,6.82742102072e-05,2.31658959819e-05,0,0,-9.05124252313e-05,-1.16010165215,41.5200233459,42.0000359416,0,0,0,3.22030939505e-06,149429.427748
26.6777777778,-0.00102548813447,0.579488277435,2.40511059761,6.82742102072e-05,2.31658959819e-05,0,0,-9.05124252313e-05,-1.16010165215,41.5200233459,42.0000359416,0,0,0,3.22008500967e-06,149429.427748
26.6888888889,-0.00102548813447,0.579488277435,2.40511059761,6.82742102072e-05,2.31658959819e-05,0,0,-9.05124252313e-05,-1.16010165215,41.5200233459,42.0000359416,0,0,0,3.21991906057e-06,149429.427748
26.7,-0.00102548813447,0.579488277435,2.40511059761,6.82742102072e-05,2.31658959819e-05,0,0,-9.05124252313e-05,-1.16010165215,41.5200233459,42.0000359416,0,0,0,3.22041349541e-06,149429.427748
26.7111111111,-0.00102548813447,0.579488277435,2.40511059761,6.82742102072e-05,2.31658959819e-05,0,0,-9.05124252313e-05,-1.16010165215,41.5200233459,42.0000359416,0,0,0,3.21992720178e-06,149429.427748
26.7222222222,-0.00102548813447,0.579488277435,2.40511059761,6.82742102072e-05,2.31658959819e-05,0,0,-9.05124252313e-05,-1.16010165215,41.5200233459,42.0000359416,0,0,0,3.22011106642e-06,149429.427748
26.7333333333,-0.00102548813447,0.579488277435,2.40511059761,6.82742102072e-05,2.31658959819e-05,0,0,-9.05124252313e-05,-1.16010165215,41.5200233459,42.0000359416,0,0,0,3.21988723659e-06,149429.427748
26.7444444444,-0.00102548813447,0.579488277435,2.40511059761,6.82742102072e-05,2.31658959819e-05,0,0,-9.05124252313e-05,-1.16010165215,41.5200233459,42.0000359416,0,0,0,3.22058170568e-06,149429.427748
26.7555555556,-0.00102548813447,0.579488277435,2.40511059761,6.82742102072e-05,2.31658959819e-05,0,0,-9.05124252313e-05,-1.16010165215,41.5200233459,42.0000359416,0,0,0,3.21991352117e-06,149429.427748
26.7666666667,-0.00102548813447,0.579488277435,2.40511059761,6.82742102072e-05,2.31658959819e-05,0,0,-9.05124252313e-05,-1.16010165215,41.5200233459,42.0000359416,0,0,0,3.22017235893e-06,149429.427748
26.7777777778,-0.00102548813447,0.579488277435,2.40511059761,6.82742102072e-05,2.31658959819e-05,0,0,-9.05124252313e-05,-1.16010165215,41.5200233459,42.0000359416,0,0,0,3.22052271534e-06,149429.427748
26.7888888889,-0.00102548813447,0.579488277435,2.40511059761,6.82742102072e-05,2.31658959819e-05,0,0,-9.05124252313e-05,-1.16010165215,41.5200233459,42.0000359416,0,0,0,3.22081713115e-06,149429.427748
26.8,-0.00102548813447,0.579488277435,2.40511059761,6.82742102072e-05,2.31658959819e-05,0,0,-9.05124252313e-05,-1.16010165215,41.5200233459,42.0000359416,0,0,0,3.22060347554e-06,149429.427748
26.8111111111,-0.00102548813447,0.579488277435,2.40511059761,6.82742102072e-05,2.31658959819e-05,0,0,-9.05124252313e-05,-1.16010165215,41.5200233459,42.0000359416,0,0,0,3.2205262748e-06,149429.427748
26.8222222222,-0.00102548813447,0.579488277435,2.40511059761,6.82742102072e-05,2.31658959819e-05,0,0,-9.05124252313e-05,-1.16010165215,41.5200233459,42.0000359416,0,0,0,3.22086478561e-06,149429.427748
26.8333333333,-0.00102548813447,0.579488277435,2.40511059761,6.82742102072e-05,2.31658959819e-05,0,0,-9.05124252313e-05,-1.16010165215,41.5200233459,42.0000359416,0,0,0,3.22008722786e-06,149429.427748
26.8444444444,-0.00102548813447,0.579488277435,2.40511059761,6.82742102072e-05,2.31658959819e-05,0,0,-9.05124252313e-05,-1.16010165215,41.5200233459,42.0000359416,0,0,0,3.22005649843e-06,149429.427748
26.8555555556,-0.00102548813447,0.579488277435,2.40511059761,6.82742102072e-05,2.31658959819e-05,0,0,-9.05124252313e-05,-1.16010165215,41.5200233459,42.0000359416,0,0,0,3.2205204043e-06,149429.427748
26.8666666667,-0.00102548813447,0.579488277435,2.40511059761,6.82742102072e-05,2.31658959819e-05,0,0,-9.05124252313e-05,-1.16010165215,41.5200233459,42.0000359416,0,0,0,3.22031034934e-06,149429.427748
26.8777777778,-0.00102548813447,0.579488277435,2.40511059761,6.82742102072e-05,2.31658959819e-05,0,0,-9.05124252313e-05,-1.16010165215,41.5200233459,42.0000359416,0,0,0,3.22020408058e-06,149429.427748
26.8888888889,-0.00102548813447,0.579488277435,2.40511059761,6.82742102072e-05,2.31658959819e-05,0,0,-9.05124252313e-05,-1.16010165215,41.5200233459,42.0000359416,0,0,0,3.22031969615e-06,149429.427748
26.9,-0.00102548813447,0.579488277435,2.40511059761,6.82742102072e-05,2.31658959819e-05,0,0,-9.05124252313e-05,-1.16010165215,41.5200233459,42.0000359416,0,0,0,3.22031568675e-06,149429.427748
26.9111111111,-0.00102548813447,0.579488277435,2.40511059761,6.82742102072e-05,2.31658959819e-05,0,0,-9.05124252313e-05,-1.16010165215,41.5200233459,42.0000359416,0,0,0,3.2204596234e-06,149429.427748
26.9222222222,-0.00102548813447,0.579488277435,2.40511059761,6.82742102072e-05,2.31658959819e-05,0,0,-9.05124252313e-05,-1.16010165215,41.5200233459,42.0000359416,0,0,0,3.22088366446e-06,149429.427748
26.9333333333,-0.00102548813447,0.579488277435,2.40511059761,6.82742102072e-05,2.31658959819e-05,0,0,-9.05124252313e-05,-1.16010165215,41.5200233459,42.0000359416,0,0,0,3.22076023852e-06,149429.427748
26.9444444444,-0.00102548813447,0.579488277435,2.40511059761,6.82742102072e-05,2.31658959819e-05,0,0,-9.05124252313e-05,-1.16010165215,41.5200233459,42.0000359416,0,0,0,3.22088943553e-06,149429.427748
26.9555555556,-0.00102548813447,0.579488277435,2.40511059761,6.82742102072e-05,2.31658959819e-05,0,0,-9.05124252313e-05,-1.16010165215,41.5200233459,42.0000359416,0,0,0,3.21970705431e-06,149429.427748
26.9666666667,-0.00102548813447,0.579488277435,2.40511059761,6.82742102072e-05,2.31658959819e-05,0,0,-9.05124252313e-05,-1.16010165215,41.5200233459,42.0000359416,0,0,0,3.22029280294e-06,149429.427748
26.9777777778,-0.00102548813447,0.579488277435,2.40511059761,6.82742102072e-05,2.31658959819e-05,0,0,-9.05124252313e-05,-1.16010165215,41.5200233459,42.0000359416,0,0,0,3.22067309947e-06,149429.427748
26.9888888889,-0.00102548813447,0.579488277435,2.40511059761,6.82742102072e-05,2.31658959819e-05,0,0,-9.05124252313e-05,-1.16010165215,41.5200233459,42.0000359416,0,0,0,3.2198334166e-06,149429.427748
27,-0.00102548813447,0.579488277435,2.40511059761,6.82742102072e-05,2.31658959819e-05,0,0,-9.05124252313e-05,-1.16010165215,41.5200233459,42.0000359416,0,0,0,3.22063612205e-06,149429.427748
27.0111111111,-0.00102548813447,0.579488277435,2.40511059761,6.82742102072e-05,2.31658959819e-05,0,0,-9.05124252313e-05,-1.16010165215,41.5200233459,42.0000359416,0,0,0,3.2200251943e-06,149429.427748
27.0222222222,-0.00102548813447,0.579488277435,2.40511059761,6.82742102072e-05,2.31658959819e-05,0,0,-9.05124252313e-05,-1.16010165215,41.5200233459,42.0000359416,0,0,0,3.21973938413e-06,149429.427748
27.0333333333,-0.00102548813447,0.579488277435,2.40511059761,6.82742102072e-05,2.31658959819e-05,0,0,-9.05124252313e-05,-1.16010165215,41.5200233459,42.0000359416,0,0,0,3.21978792838e-06,149429.427748
27.0444444444,-0.00102548813447,0.579488277435,2.40511059761,6.82742102072e-05,2.31658959819e-05,0,0,-9.05124252313e-05,-1.16010165215,41.5200233459,42.0000359416,0,0,0,3.21982548531e-06,149429.427748
27.0555555556,-0.00102548813447,0.579488277435,2.40511059761,6.82742102072e-05,2.31658959819e-05,0,0,-9.05124252313e-05,-1.16010165215,41.5200233459,42.0000359416,0,0,0,3.22095660991e-06,149429.427748
27.0666666667,-0.00102548813447,0.579488277435,2.40511059761,6.82742102072e-05,2.31658959819e-05,0,0,-9.05124252313e-05,-1.16010165215,41.5200233459,42.0000359416,0,0,0,3.22056158708e-06,149429.427748
27.0777777778,-0.00102548813447,0.579488277435,2.40511059761,6.82742102072e-05,2.31658959819e-05,0,0,-9.05124252313e-05,-1.16010165215,41.5200233459,42.0000359416,0,0,0,3.22015552246e-06,149429.427748
27.0888888889,-0.00102548813447,0.579488277435,2.40511059761,6.82742102072e-05,2.31658959819e-05,0,0,-9.05124252313e-05,-1.16010165215,41.5200233459,42.0000359416,0,0,0,3.22054598712e-06,149429.427748
27.1,-0.00102548813447,0.579488277435,2.40511059761,6.82742102072e-05,2.31658959819e-05,0,0,-9.05124252313e-05,-1.16010165215,41.5200233459,42.0000359416,0,0,0,3.22086434882e-06,149429.427748
27.1111111111,-0.00102548813447,0.579488277435,2.40511059761,6.82742102072e-05,2.31658959819e-05,0,0,-9.05124252313e-05,-1.16010165215,41.5200233459,42.0000359416,0,0,0,3.22064442579e-06,149429.427748
27.1222222222,-0.00102548813447,0.579488277435,2.40511059761,6.82742102072e-05,2.31658959819e-05,0,0,-9.05124252313e-05,-1.16010165215,41.5200233459,42.0000359416,0,0,0,3.22019485714e-06,149429.427748
27.1333333333,-0.00102548813447,0.579488277435,2.40511059761,6.82742102072e-05,2.31658959819e-05,0,0,-9.05124252313e-05,-1.16010165215,41.5200233459,42.0000359416,0,0,0,3.2208331795e-06,149429.427748
27.1444444444,-0.00102548813447,0.579488277435,2.40511059761,6.82742102072e-05,2.31658959819e-05,0,0,-9.05124252313e-05,-1.16010165215,41.5200233459,42.0000359416,0,0,0,3.22014750938e-06,149429.427748
27.1555555556,-0.00102548813447,0.579488277435,2.40511059761,6.82742102072e-05,2.31658959819e-05,0,0,-9.05124252313e-05,-1.16010165215,41.5200233459,42.0000359416,0,0,0,3.21967848446e-06,149429.427748
27.1666666667,-0.00102548813447,0.579488277435,2.40511059761,6.82742102072e-05,2.31658959819e-05,0,0,-9.05124252313e-05,-1.16010165215,41.5200233459,42.0000359416,0,0,0,3.22067889398e-06,149429.427748
27.1777777778,-0.00102548813447,0.579488277435,2.40511059761,6.82742102072e-05,2.31658959819e-05,0,0,-9.05124252313e-05,-1.16010165215,41.5200233459,42.0000359416,0,0,0,3.22012890413e-06,149429.427748
27.1888888889,-0.00102548813447,0.579488277435,2.40511059761,6.82742102072e-05,2.31658959819e-05,0,0,-9.05124252313e-05,-1.16010165215,41.5200233459,42.0000359416,0,0,0,3.22014340446e-06,149429.427748
27.2,-0.00102548813447,0.579488277435,2.40511059761,6.82742102072e-05,2.31658959819e-05,0,0,-9.05124252313e-05,-1.16010165215,41.5200233459,42.0000359416,0,0,0,3.22014671383e-06,149429.427748
27.2111111111,-0.00102548813447,0.579488277435,2.40511059761,6.82742102072e-05,2.31658959819e-05,0,0,-9.05124252313e-05,-1.16010165215,41.5200233459,42.0000359416,0,0,0,3.21971224567e-06,149429.427748
27.2222222222,-0.00102548813447,0.579488277435,2.40511059761,6.82742102072e-05,2.31658959819e-05,0,0,-9.05124252313e-05,-1.16010165215,41.5200233459,42.0000359416,0,0,0,3.22065995333e-06,149429.427748
27.2333333333,-0.00102548813447,0.579488277435,2.40511059761,6.82742102072e-05,2.31658959819e-05,0,0,-9.05124252313e-05,-1.16010165215,41.5200233459,42.0000359416,0,0,0,3.21989829983e-06,149429.427748
27.2444444444,-0.00102548813447,0.579488277435,2.40511059761,6.82742102072e-05,2.31658959819e-05,0,0,-9.05124252313e-05,-1.16010165215,41.5200233459,42.0000359416,0,0,0,3.22063300854e-06,149429.427748
27.2555555556,-0.00102548813447,0.579488277435,2.40511059761,6.82742102072e-05,2.31658959819e-05,0,0,-9.05124252313e-05,-1.16010165215,41.5200233459,42.0000359416,0,0,0,3.2197784446e-06,149429.427748
27.2666666667,-0.00102548813447,0.579488277435,2.40511059761,6.82742102072e-05,2.31658959819e-05,0,0,-9.05124252313e-05,-1.16010165215,41.5200233459,42.0000359416,0,0,0,3.22047979044e-06,149429.427748
27.2777777778,-0.00102548813447,0.579488277435,2.40511059761,6.82742102072e-05,2.31658959819e-05,0,0,-9.05124252313e-05,-1.16010165215,41.5200233459,42.0000359416,0,0,0,3.22039145586e-06,149429.427748
27.2888888889,-0.00102548813447,0.579488277435,2.40511059761,6.82742102072e-05,2.31658959819e-05,0,0,-9.05124252313e-05,-1.16010165215,41.5200233459,42.0000359416,0,0,0,3.21983019132e-06,149429.427748
27.3,-0.00102548813447,0.579488277435,2.40511059761,6.82742102072e-05,2.31658959819e-05,0,0,-9.05124252313e-05,-1.16010165215,41.5200233459,42.0000359416,0,0,0,3.22072210392e-06,149429.427748
27.3111111111,-0.00102548813447,0.579488277435,2.40511059761,6.82742102072e-05,2.31658959819e-05,0,0,-9.05124252313e-05,-1.16010165215,41.5200233459,42.0000359416,0,0,0,3.22014365548e-06,149429.427748
27.3222222222,-0.00102548813447,0.579488277435,2.40511059761,6.82742102072e-05,2.31658959819e-05,0,0,-9.05124252313e-05,-1.16010165215,41.5200233459,42.0000359416,0,0,0,3.2207747039e-06,149429.427748
27.3333333333,-0.00102548813447,0.579488277435,2.40511059761,6.82742102072e-05,2.31658959819e-05,0,0,-9.05124252313e-05,-1.16010165215,41.5200233459,42.0000359416,0,0,0,3.22028027675e-06,149429.427748
27.3444444444,-0.00102548813447,0.579488277435,2.40511059761,6.82742102072e-05,2.31658959819e-05,0,0,-9.05124252313e-05,-1.16010165215,41.5200233459,42.0000359416,0,0,0,3.22040262118e-06,149429.427748
27.3555555556,-0.00102548813447,0.579488277435,2.40511059761,6.82742102072e-05,2.31658959819e-05,0,0,-9.05124252313e-05,-1.16010165215,41.5200233459,42.0000359416,0,0,0,3.22020778617e-06,149429.427748
27.3666666667,-0.00102548813447,0.579488277435,2.40511059761,6.82742102072e-05,2.31658959819e-05,0,0,-9.05124252313e-05,-1.16010165215,41.5200233459,42.0000359416,0,0,0,3.22016147331e-06,149429.427748
27.3777777778,-0.00102548813447,0.579488277435,2.40511059761,6.82742102072e-05,2.31658959819e-05,0,0,-9.05124252313e-05,-1.16010165215,41.5200233459,42.0000359416,0,0,0,3.22081392845e-06,149429.427748
27.3888888889,-0.00102548813447,0.579488277435,2.40511059761,6.82742102072e-05,2.31658959819e-05,0,0,-9.05124252313e-05,-1.16010165215,41.5200233459,42.0000359416,0,0,0,3.22018726976e-06,149429.427748
27.4,-0.00102548813447,0.579488277435,2.40511059761,6.82742102072e-05,2.31658959819e-05,0,0,-9.05124252313e-05,-1.16010165215,41.5200233459,42.0000359416,0,0,0,3.22066173069e-06,149429.427748
27.4111111111,-0.00102548813447,0.579488277435,2.40511059761,6.82742102072e-05,2.31658959819e-05,0,0,-9.05124252313e-05,-1.16010165215,41.5200233459,42.0000359416,0,0,0,3.21990310758e-06,149429.427748
27.4222222222,-0.00102548813447,0.579488277435,2.40511059761,6.82742102072e-05,2.31658959819e-05,0,0,-9.05124252313e-05,-1.16010165215,41.5200233459,42.0000359416,0,0,0,3.21973590729e-06,149429.427748
27.4333333333,-0.00102548813447,0.579488277435,2.40511059761,6.82742102072e-05,2.31658959819e-05,0,0,-9.05124252313e-05,-1.16010165215,41.5200233459,42.0000359416,0,0,0,3.21997750542e-06,149429.427748
27.4444444444,-0.00102548813447,0.579488277435,2.40511059761,6.82742102072e-05,2.31658959819e-05,0,0,-9.05124252313e-05,-1.16010165215,41.5200233459,42.0000359416,0,0,0,3.21979330329e-06,149429.427748
27.4555555556,-0.00102548813447,0.579488277435,2.40511059761,6.82742102072e-05,2.31658959819e-05,0,0,-9.05124252313e-05,-1.16010165215,41.5200233459,42.0000359416,0,0,0,3.22030814544e-06,149429.427748
27.4666666667,-0.00102548813447,0.579488277435,2.40511059761,6.82742102072e-05,2.31658959819e-05,0,0,-9.05124252313e-05,-1.16010165215,41.5200233459,42.0000359416,0,0,0,3.21994501035e-06,149429.427748
27.4777777778,-0.00102548813447,0.579488277435,2.40511059761,6.82742102072e-05,2.31658959819e-05,0,0,-9.05124252313e-05,-1.16010165215,41.5200233459,42.0000359416,0,0,0,3.22030925771e-06,149429.427748
27.4888888889,-0.00102548813447,0.579488277435,2.40511059761,6.82742102072e-05,2.31658959819e-05,0,0,-9.05124252313e-05,-1.16010165215,41.5200233459,42.0000359416,0,0,0,3.22044828403e-06,149429.427748
27.5,-0.00102548813447,0.579488277435,2.40511059761,6.82742102072e-05,2.31658959819e-05,0,0,-9.05124252313e-05,-1.16010165215,41.5200233459,42.0000359416,0,0,0,3.22042245667e-06,149429.427748
27.5111111111,-0.00102548813447,0.579488277435,2.40511059761,6.82742102072e-05,2.31658959819e-05,0,0,-9.05124252313e-05,-1.16010165215,41.5200233459,42.0000359416,0,0,0,3.22024140798e-06,149429.427748
27.5222222222,-0.00102548813447,0.579488277435,2.40511059761,6.82742102072e-05,2.31658959819e-05,0,0,-9.05124252313e-05,-1.16010165215,41.5200233459,42.0000359416,0,0,0,3.2203600158e-06,149429.427748
27.5333333333,-0.00102548813447,0.579488277435,2.40511059761,6.82742102072e-05,2.31658959819e-05,0,0,-9.05124252313e-05,-1.16010165215,41.5200233459,42.0000359416,0,0,0,3.22025117247e-06,149429.427748
27.5444444444,-0.00102548813447,0.579488277435,2.40511059761,6.82742102072e-05,2.31658959819e-05,0,0,-9.05124252313e-05,-1.16010165215,41.5200233459,42.0000359416,0,0,0,3.21967965142e-06,149429.427748
27.5555555556,-0.00102548813447,0.579488277435,2.40511059761,6.82742102072e-05,2.31658959819e-05,0,0,-9.05124252313e-05,-1.16010165215,41.5200233459,42.0000359416,0,0,0,3.22076861318e-06,149429.427748
27.5666666667,-0.00102548813447,0.579488277435,2.40511059761,6.82742102072e-05,2.31658959819e-05,0,0,-9.05124252313e-05,-1.16010165215,41.5200233459,42.0000359416,0,0,0,3.22082006135e-06,149429.427748
27.5777777778,-0.00102548813447,0.579488277435,2.40511059761,6.82742102072e-05,2.31658959819e-05,0,0,-9.05124252313e-05,-1.16010165215,41.5200233459,42.0000359416,0,0,0,3.22079372387e-06,149429.427748
27.5888888889,-0.00102548813447,0.579488277435,2.40511059761,6.82742102072e-05,2.31658959819e-05,0,0,-9.05124252313e-05,-1.16010165215,41.5200233459,42.0000359416,0,0,0,3.22101067922e-06,149429.427748
27.6,-0.00102548813447,0.579488277435,2.40511059761,6.82742102072e-05,2.31658959819e-05,0,0,-9.05124252313e-05,-1.16010165215,41.5200233459,42.0000359416,0,0,0,3.22089153502e-06,149429.427748
27.6111111111,-0.00102548813447,0.579488277435,2.40511059761,6.82742102072e-05,2.31658959819e-05,0,0,-9.05124252313e-05,-1.16010165215,41.5200233459,42.0000359416,0,0,0,3.22094579209e-06,149429.427748
27.6222222222,-0.00102548813447,0.579488277435,2.40511059761,6.82742102072e-05,2.31658959819e-05,0,0,-9.05124252313e-05,-1.16010165215,41.5200233459,42.0000359416,0,0,0,3.22015281572e-06,149429.427748
27.6333333333,-0.00102548813447,0.579488277435,2.40511059761,6.82742102072e-05,2.31658959819e-05,0,0,-9.05124252313e-05,-1.16010165215,41.5200233459,42.0000359416,0,0,0,3.22009643372e-06,149429.427748
27.6444444444,-0.00102548813447,0.579488277435,2.40511059761,6.82742102072e-05,2.31658959819e-05,0,0,-9.05124252313e-05,-1.16010165215,41.5200233459,42.0000359416,0,0,0,3.22017142426e-06,149429.427748
27.6555555556,-0.00102548813447,0.579488277435,2.40511059761,6.82742102072e-05,2.31658959819e-05,0,0,-9.05124252313e-05,-1.16010165215,41.5200233459,42.0000359416,0,0,0,3.22003243023e-06,149429.427748
27.6666666667,-0.00102548813447,0.579488277435,2.40511059761,6.82742102072e-05,2.31658959819e-05,0,0,-9.05124252313e-05,-1.16010165215,41.5200233459,42.0000359416,0,0,0,3.22014600586e-06,149429.427748
27.6777777778,-0.00102548813447,0.579488277435,2.40511059761,6.82742102072e-05,2.31658959819e-05,0,0,-9.05124252313e-05,-1.16010165215,41.5200233459,42.0000359416,0,0,0,3.22034772392e-06,149429.427748
27.6888888889,-0.00102548813447,0.579488277435,2.40511059761,6.82742102072e-05,2.31658959819e-05,0,0,-9.05124252313e-05,-1.16010165215,41.5200233459,42.0000359416,0,0,0,3.22061779903e-06,149429.427748
27.7,-0.00102548813447,0.579488277435,2.40511059761,6.82742102072e-05,2.31658959819e-05,0,0,-9.05124252313e-05,-1.16010165215,41.5200233459,42.0000359416,0,0,0,3.21984449588e-06,149429.427748
27.7111111111,-0.00102548813447,0.579488277435,2.40511059761,6.82742102072e-05,2.31658959819e-05,0,0,-9.05124252313e-05,-1.16010165215,41.5200233459,42.0000359416,0,0,0,3.22029524364e-06,149429.427748
27.7222222222,-0.00102548813447,0.579488277435,2.40511059761,6.82742102072e-05,2.31658959819e-05,0,0,-9.05124252313e-05,-1.16010165215,41.5200233459,42.0000359416,0,0,0,3.22071425324e-06,149429.427748
27.7333333333,-0.00102548813447,0.579488277435,2.40511059761,6.82742102072e-05,2.31658959819e-05,0,0,-9.05124252313e-05,-1.16010165215,41.5200233459,42.0000359416,0,0,0,3.22014609532e-06,149429.427748
27.7444444444,-0.00102548813447,0.579488277435,2.40511059761,6.82742102072e-05,2.31658959819e-05,0,0,-9.05124252313e-05,-1.16010165215,41.5200233459,42.0000359416,0,0,0,3.22031556174e-06,149429.427748
27.7555555556,-0.00102548813447,0.579488277435,2.40511059761,6.82742102072e-05,2.31658959819e-05,0,0,-9.05124252313e-05,-1.16010165215,41.5200233459,42.0000359416,0,0,0,3.21986257703e-06,149429.427748
27.7666666667,-0.00102548813447,0.579488277435,2.40511059761,6.82742102072e-05,2.31658959819e-05,0,0,-9.05124252313e-05,-1.16010165215,41.5200233459,42.0000359416,0,0,0,3.2204300096e-06,149429.427748
27.7777777778,-0.00102548813447,0.579488277435,2.40511059761,6.82742102072e-05,2.31658959819e-05,0,0,-9.05124252313e-05,-1.16010165215,41.5200233459,42.0000359416,0,0,0,3.220790732e-06,149429.427748
27.7888888889,-0.00102548813447,0.579488277435,2.40511059761,6.82742102072e-05,2.31658959819e-05,0,0,-9.05124252313e-05,-1.16010165215,41.5200233459,42.0000359416,0,0,0,3.21972606769e-06,149429.427748
27.8,-0.00102548813447,0.579488277435,2.40511059761,6.82742102072e-05,2.31658959819e-05,0,0,-9.05124252313e-05,-1.16010165215,41.5200233459,42.0000359416,0,0,0,3.22085339985e-06,149429.427748
27.8111111111,-0.00102548813447,0.579488277435,2.40511059761,6.82742102072e-05,2.31658959819e-05,0,0,-9.05124252313e-05,-1.16010165215,41.5200233459,42.0000359416,0,0,0,3.21985716711e-06,149429.427748
27.8222222222,-0.00102548813447,0.579488277435,2.40511059761,6.82742102072e-05,2.31658959819e-05,0,0,-9.05124252313e-05,-1.16010165215,41.5200233459,42.0000359416,0,0,0,3.22004577483e-06,149429.427748
27.8333333333,-0.00102548813447,0.579488277435,2.40511059761,6.82742102072e-05,2.31658959819e-05,0,0,-9.05124252313e-05,-1.16010165215,41.5200233459,42.0000359416,0,0,0,3.22082450099e-06,149429.427748
27.8444444444,-0.00102548813447,0.579488277435,2.40511059761,6.82742102072e-05,2.31658959819e-05,0,0,-9.05124252313e-05,-1.16010165215,41.5200233459,42.0000359416,0,0,0,3.22096244872e-06,149429.427748
27.8555555556,-0.00102548813447,0.579488277435,2.40511059761,6.82742102072e-05,2.31658959819e-05,0,0,-9.05124252313e-05,-1.16010165215,41.5200233459,42.0000359416,0,0,0,3.22033516323e-06,149429.427748
27.8666666667,-0.00102548813447,0.579488277435,2.40511059761,6.82742102072e-05,2.31658959819e-05,0,0,-9.05124252313e-05,-1.16010165215,41.5200233459,42.0000359416,0,0,0,3.22004029463e-06,149429.427748
27.8777777778,-0.00102548813447,0.579488277435,2.40511059761,6.82742102072e-05,2.31658959819e-05,0,0,-9.05124252313e-05,-1.16010165215,41.5200233459,42.0000359416,0,0,0,3.22004639808e-06,149429.427748
27.8888888889,-0.00102548813447,0.579488277435,2.40511059761,6.82742102072e-05,2.31658959819e-05,0,0,-9.05124252313e-05,-1.16010165215,41.5200233459,42.0000359416,0,0,0,3.22046746953e-06,149429.427748
27.9,-0.00102548813447,0.579488277435,2.40511059761,6.82742102072e-05,2.31658959819e-05,0,0,-9.05124252313e-05,-1.16010165215,41.5200233459,42.0000359416,0,0,0,3.220015418e-06,149429.427748
27.9111111111,-0.00102548813447,0.579488277435,2.40511059761,6.82742102072e-05,2.31658959819e-05,0,0,-9.05124252313e-05,-1.16010165215,41.5200233459,42.0000359416,0,0,0,3.2205210182e-06,149429.427748
27.9222222222,-0.00102548813447,0.579488277435,2.40511059761,6.82742102072e-05,2.31658959819e-05,0,0,-9.05124252313e-05,-1.16010165215,41.5200233459,42.0000359416,0,0,0,3.22040781455e-06,149429.427748
27.9333333333,-0.00102548813447,0.579488277435,2.40511059761,6.82742102072e-05,2.31658959819e-05,0,0,-9.05124252313e-05,-1.16010165215,41.5200233459,42.0000359416,0,0,0,3.2197663075e-06,149429.427748
27.9444444444,-0.00102548813447,0.579488277435,2.40511059761,6.82742102072e-05,2.31658959819e-05,0,0,-9.05124252313e-05,-1.16010165215,41.5200233459,42.0000359416,0,0,0,3.22030726841e-06,149429.427748
27.9555555556,-0.00102548813447,0.579488277435,2.40511059761,6.82742102072e-05,2.31658959819e-05,0,0,-9.05124252313e-05,-1.16010165215,41.5200233459,42.0000359416,0,0,0,3.21994649453e-06,149429.427748
27.9666666667,-0.00102548813447,0.579488277435,2.40511059761,6.82742102072e-05,2.31658959819e-05,0,0,-9.05124252313e-05,-1.16010165215,41.5200233459,42.0000359416,0,0,0,3.22013895508e-06,149429.427748
27.9777777778,-0.00102548813447,0.579488277435,2.40511059761,6.82742102072e-05,2.31658959819e-05,0,0,-9.05124252313e-05,-1.16010165215,41.5200233459,42.0000359416,0,0,0,3.22073845422e-06,149429.427748
27.9888888889,-0.00102548813447,0.579488277435,2.40511059761,6.82742102072e-05,2.31658959819e-05,0,0,-9.05124252313e-05,-1.16010165215,41.5200233459,42.0000359416,0,0,0,3.21968112966e-06,149429.427748
28,-0.00102548813447,0.579488277435,2.40511059761,6.82742102072e-05,2.31658959819e-05,0,0,-9.05124252313e-05,-1.16010165215,41.5200233459,42.0000359416,0,0,0,3.22057798373e-06,149429.427748
28.0111111111,-0.00102548813447,0.579488277435,2.40511059761,6.82742102072e-05,2.31658959819e-05,0,0,-9.05124252313e-05,-1.16010165215,41.5200233459,42.0000359416,0,0,0,3.21964684609e-06,149429.427748
28.0222222222,-0.00102548813447,0.579488277435,2.40511059761,6.82742102072e-05,2.31658959819e-05,0,0,-9.05124252313e-05,-1.16010165215,41.5200233459,42.0000359416,0,0,0,3.22043325239e-06,149429.427748
28.0333333333,-0.00102548813447,0.579488277435,2.40511059761,6.82742102072e-05,2.31658959819e-05,0,0,-9.05124252313e-05,-1.16010165215,41.5200233459,42.0000359416,0,0,0,3.22091401831e-06,149429.427748
28.0444444444,-0.00102548813447,0.579488277435,2.40511059761,6.82742102072e-05,2.31658959819e-05,0,0,-9.05124252313e-05,-1.16010165215,41.5200233459,42.0000359416,0,0,0,3.22065299032e-06,149429.427748
28.0555555556,-0.00102548813447,0.579488277435,2.40511059761,6.82742102072e-05,2.31658959819e-05,0,0,-9.05124252313e-05,-1.16010165215,41.5200233459,42.0000359416,0,0,0,3.21990946716e-06,149429.427748
28.0666666667,-0.00102548813447,0.579488277435,2.40511059761,6.82742102072e-05,2.31658959819e-05,0,0,-9.05124252313e-05,-1.16010165215,41.5200233459,42.0000359416,0,0,0,3.21980664767e-06,149429.427748
28.0777777778,-0.00102548813447,0.579488277435,2.40511059761,6.82742102072e-05,2.31658959819e-05,0,0,-9.05124252313e-05,-1.16010165215,41.5200233459,42.0000359416,0,0,0,3.22046640432e-06,149429.427748
28.0888888889,-0.00102548813447,0.579488277435,2.40511059761,6.82742102072e-05,2.31658959819e-05,0,0,-9.05124252313e-05,-1.16010165215,41.5200233459,42.0000359416,0,0,0,3.2200516383e-06,149429.427748
28.1,-0.00102548813447,0.579488277435,2.40511059761,6.82742102072e-05,2.31658959819e-05,0,0,-9.05124252313e-05,-1.16010165215,41.5200233459,42.0000359416,0,0,0,3.22087598617e-06,149429.427748
28.1111111111,-0.00102548813447,0.579488277435,2.40511059761,6.82742102072e-05,2.31658959819e-05,0,0,-9.05124252313e-05,-1.16010165215,41.5200233459,42.0000359416,0,0,0,3.21973912699e-06,149429.427748
28.1222222222,-0.00102548813447,0.579488277435,2.40511059761,6.82742102072e-05,2.31658959819e-05,0,0,-9.05124252313e-05,-1.16010165215,41.5200233459,42.0000359416,0,0,0,3.22060559368e-06,149429.427748
28.1333333333,-0.00102548813447,0.579488277435,2.40511059761,6.82742102072e-05,2.31658959819e-05,0,0,-9.05124252313e-05,-1.16010165215,41.5200233459,42.0000359416,0,0,0,3.22012951317e-06,149429.427748
28.1444444444,-0.00102548813447,0.579488277435,2.40511059761,6.82742102072e-05,2.31658959819e-05,0,0,-9.05124252313e-05,-1.16010165215,41.5200233459,42.0000359416,0,0,0,3.22014972308e-06,149429.427748
28.1555555556,-0.00102548813447,0.579488277435,2.40511059761,6.82742102072e-05,2.31658959819e-05,0,0,-9.05124252313e-05,-1.16010165215,41.5200233459,42.0000359416,0,0,0,3.22064943776e-06,149429.427748
28.1666666667,-0.00102548813447,0.579488277435,2.40511059761,6.82742102072e-05,2.31658959819e-05,0,0,-9.05124252313e-05,-1.16010165215,41.5200233459,42.0000359416,0,0,0,3.21986677853e-06,149429.427748
28.1777777778,-0.00102548813447,0.579488277435,2.40511059761,6.82742102072e-05,2.31658959819e-05,0,0,-9.05124252313e-05,-1.16010165215,41.5200233459,42.0000359416,0,0,0,3.22093329827e-06,149429.427748
28.1888888889,-0.00102548813447,0.579488277435,2.40511059761,6.82742102072e-05,2.31658959819e-05,0,0,-9.05124252313e-05,-1.16010165215,41.5200233459,42.0000359416,0,0,0,3.22005386697e-06,149429.427748
28.2,-0.00102548813447,0.579488277435,2.40511059761,6.82742102072e-05,2.31658959819e-05,0,0,-9.05124252313e-05,-1.16010165215,41.5200233459,42.0000359416,0,0,0,3.21967712542e-06,149429.427748
28.2111111111,-0.00102548813447,0.579488277435,2.40511059761,6.82742102072e-05,2.31658959819e-05,0,0,-9.05124252313e-05,-1.16010165215,41.5200233459,42.0000359416,0,0,0,3.22016215759e-06,149429.427748
28.2222222222,-0.00102548813447,0.579488277435,2.40511059761,6.82742102072e-05,2.31658959819e-05,0,0,-9.05124252313e-05,-1.16010165215,41.5200233459,42.0000359416,0,0,0,3.22062469517e-06,149429.427748
28.2333333333,-0.00102548813447,0.579488277435,2.40511059761,6.82742102072e-05,2.31658959819e-05,0,0,-9.05124252313e-05,-1.16010165215,41.5200233459,42.0000359416,0,0,0,3.22061089892e-06,149429.427748
28.2444444444,-0.00102548813447,0.579488277435,2.40511059761,6.82742102072e-05,2.31658959819e-05,0,0,-9.05124252313e-05,-1.16010165215,41.5200233459,42.0000359416,0,0,0,3.22084140114e-06,149429.427748
28.2555555556,-0.00102548813447,0.579488277435,2.40511059761,6.82742102072e-05,2.31658959819e-05,0,0,-9.05124252313e-05,-1.16010165215,41.5200233459,42.0000359416,0,0,0,3.22102015308e-06,149429.427748
28.2666666667,-0.00102548813447,0.579488277435,2.40511059761,6.82742102072e-05,2.31658959819e-05,0,0,-9.05124252313e-05,-1.16010165215,41.5200233459,42.0000359416,0,0,0,3.21970900914e-06,149429.427748
28.2777777778,-0.00102548813447,0.579488277435,2.40511059761,6.82742102072e-05,2.31658959819e-05,0,0,-9.05124252313e-05,-1.16010165215,41.5200233459,42.0000359416,0,0,0,3.2201913794e-06,149429.427748
28.2888888889,-0.00102548813447,0.579488277435,2.40511059761,6.82742102072e-05,2.31658959819e-05,0,0,-9.05124252313e-05,-1.16010165215,41.5200233459,42.0000359416,0,0,0,3.22062060529e-06,149429.427748
28.3,-0.00102548813447,0.579488277435,2.40511059761,6.82742102072e-05,2.31658959819e-05,0,0,-9.05124252313e-05,-1.16010165215,41.5200233459,42.0000359416,0,0,0,3.22101768852e-06,149429.427748
28.3111111111,-0.00102548813447,0.579488277435,2.40511059761,6.82742102072e-05,2.31658959819e-05,0,0,-9.05124252313e-05,-1.16010165215,41.5200233459,42.0000359416,0,0,0,3.22137998678e-06,149429.427748
28.3222222222,-0.00102548813447,0.579488277435,2.40511059761,6.82742102072e-05,2.31658959819e-05,0,0,-9.05124252313e-05,-1.16010165215,41.5200233459,42.0000359416,0,0,0,3.21992500069e-06,149429.427748
28.3333333333,-0.00102548813447,0.579488277435,2.40511059761,6.82742102072e-05,2.31658959819e-05,0,0,-9.05124252313e-05,-1.16010165215,41.5200233459,42.0000359416,0,0,0,3.22036677365e-06,149429.427748
28.3444444444,-0.00102548813447,0.579488277435,2.40511059761,6.82742102072e-05,2.31658959819e-05,0,0,-9.05124252313e-05,-1.16010165215,41.5200233459,42.0000359416,0,0,0,3.22011552203e-06,149429.427748
28.3555555556,-0.00102548813447,0.579488277435,2.40511059761,6.82742102072e-05,2.31658959819e-05,0,0,-9.05124252313e-05,-1.16010165215,41.5200233459,42.0000359416,0,0,0,3.21978876864e-06,149429.427748
28.3666666667,-0.00102548813447,0.579488277435,2.40511059761,6.82742102072e-05,2.31658959819e-05,0,0,-9.05124252313e-05,-1.16010165215,41.5200233459,42.0000359416,0,0,0,3.22039854717e-06,149429.427748
28.3777777778,-0.00102548813447,0.579488277435,2.40511059761,6.82742102072e-05,2.31658959819e-05,0,0,-9.05124252313e-05,-1.16010165215,41.5200233459,42.0000359416,0,0,0,3.22054913224e-06,149429.427748
28.3888888889,-0.00102548813447,0.579488277435,2.40511059761,6.82742102072e-05,2.31658959819e-05,0,0,-9.05124252313e-05,-1.16010165215,41.5200233459,42.0000359416,0,0,0,3.22017014782e-06,149429.427748
28.4,-0.00102548813447,0.579488277435,2.40511059761,6.82742102072e-05,2.31658959819e-05,0,0,-9.05124252313e-05,-1.16010165215,41.5200233459,42.0000359416,0,0,0,3.22051923392e-06,149429.427748
28.4111111111,-0.00102548813447,0.579488277435,2.40511059761,6.82742102072e-05,2.31658959819e-05,0,0,-9.05124252313e-05,-1.16010165215,41.5200233459,42.0000359416,0,0,0,3.22053242253e-06,149429.427748
28.4222222222,-0.00102548813447,0.579488277435,2.40511059761,6.82742102072e-05,2.31658959819e-05,0,0,-9.05124252313e-05,-1.16010165215,41.5200233459,42.0000359416,0,0,0,3.22008841355e-06,149429.427748
28.4333333333,-0.00102548813447,0.579488277435,2.40511059761,6.82742102072e-05,2.31658959819e-05,0,0,-9.05124252313e-05,-1.16010165215,41.5200233459,42.0000359416,0,0,0,3.22087856778e-06,149429.427748
28.4444444444,-0.00102548813447,0.579488277435,2.40511059761,6.82742102072e-05,2.31658959819e-05,0,0,-9.05124252313e-05,-1.16010165215,41.5200233459,42.0000359416,0,0,0,3.22008528392e-06,149429.427748
28.4555555556,-0.00102548813447,0.579488277435,2.40511059761,6.82742102072e-05,2.31658959819e-05,0,0,-9.05124252313e-05,-1.16010165215,41.5200233459,42.0000359416,0,0,0,3.22001739338e-06,149429.427748
28.4666666667,-0.00102548813447,0.579488277435,2.40511059761,6.82742102072e-05,2.31658959819e-05,0,0,-9.05124252313e-05,-1.16010165215,41.5200233459,42.0000359416,0,0,0,3.22033835173e-06,149429.427748
28.4777777778,-0.00102548813447,0.579488277435,2.40511059761,6.82742102072e-05,2.31658959819e-05,0,0,-9.05124252313e-05,-1.16010165215,41.5200233459,42.0000359416,0,0,0,3.22066704763e-06,149429.427748
28.4888888889,-0.00102548813447,0.579488277435,2.40511059761,6.82742102072e-05,2.31658959819e-05,0,0,-9.05124252313e-05,-1.16010165215,41.5200233459,42.0000359416,0,0,0,3.21984065393e-06,149429.427748
28.5,-0.00102548813447,0.579488277435,2.40511059761,6.82742102072e-05,2.31658959819e-05,0,0,-9.05124252313e-05,-1.16010165215,41.5200233459,42.0000359416,0,0,0,3.21983906572e-06,149429.427748
28.5111111111,-0.00102548813447,0.579488277435,2.40511059761,6.82742102072e-05,2.31658959819e-05,0,0,-9.05124252313e-05,-1.16010165215,41.5200233459,42.0000359416,0,0,0,3.2203556868e-06,149429.427748
28.5222222222,-0.00102548813447,0.579488277435,2.40511059761,6.82742102072e-05,2.31658959819e-05,0,0,-9.05124252313e-05,-1.16010165215,41.5200233459,42.0000359416,0,0,0,3.21971702421e-06,149429.427748
28.5333333333,-0.00102548813447,0.579488277435,2.40511059761,6.82742102072e-05,2.31658959819e-05,0,0,-9.05124252313e-05,-1.16010165215,41.5200233459,42.0000359416,0,0,0,3.22051423593e-06,149429.427748
28.5444444444,-0.00102548813447,0.579488277435,2.40511059761,6.82742102072e-05,2.31658959819e-05,0,0,-9.05124252313e-05,-1.16010165215,41.5200233459,42.0000359416,0,0,0,3.22031536157e-06,149429.427748
28.5555555556,-0.00102548813447,0.579488277435,2.40511059761,6.82742102072e-05,2.31658959819e-05,0,0,-9.05124252313e-05,-1.16010165215,41.5200233459,42.0000359416,0,0,0,3.21977755654e-06,149429.427748
28.5666666667,-0.00102548813447,0.579488277435,2.40511059761,6.82742102072e-05,2.31658959819e-05,0,0,-9.05124252313e-05,-1.16010165215,41.5200233459,42.0000359416,0,0,0,3.2198455944e-06,149429.427748
28.5777777778,-0.00102548813447,0.579488277435,2.40511059761,6.82742102072e-05,2.31658959819e-05,0,0,-9.05124252313e-05,-1.16010165215,41.5200233459,42.0000359416,0,0,0,3.21976058408e-06,149429.427748
28.5888888889,-0.00102548813447,0.579488277435,2.40511059761,6.82742102072e-05,2.31658959819e-05,0,0,-9.05124252313e-05,-1.16010165215,41.5200233459,42.0000359416,0,0,0,3.22041502379e-06,149429.427748
28.6,-0.00102548813447,0.579488277435,2.40511059761,6.82742102072e-05,2.31658959819e-05,0,0,-9.05124252313e-05,-1.16010165215,41.5200233459,42.0000359416,0,0,0,3.21972249584e-06,149429.427748
28.6111111111,-0.00102548813447,0.579488277435,2.40511059761,6.82742102072e-05,2.31658959819e-05,0,0,-9.05124252313e-05,-1.16010165215,41.5200233459,42.0000359416,0,0,0,3.22066969535e-06,149429.427748
28.6222222222,-0.00102548813447,0.579488277435,2.40511059761,6.82742102072e-05,2.31658959819e-05,0,0,-9.05124252313e-05,-1.16010165215,41.5200233459,42.0000359416,0,0,0,3.21969399498e-06,149429.427748
28.6333333333,-0.00102548813447,0.579488277435,2.40511059761,6.82742102072e-05,2.31658959819e-05,0,0,-9.05124252313e-05,-1.16010165215,41.5200233459,42.0000359416,0,0,0,3.22052725752e-06,149429.427748
28.6444444444,-0.00102548813447,0.579488277435,2.40511059761,6.82742102072e-05,2.31658959819e-05,0,0,-9.05124252313e-05,-1.16010165215,41.5200233459,42.0000359416,0,0,0,3.21992656833e-06,149429.427748
28.6555555556,-0.00102548813447,0.579488277435,2.40511059761,6.82742102072e-05,2.31658959819e-05,0,0,-9.05124252313e-05,-1.16010165215,41.5200233459,42.0000359416,0,0,0,3.22088455608e-06,149429.427748
28.6666666667,-0.00102548813447,0.579488277435,2.40511059761,6.82742102072e-05,2.31658959819e-05,0,0,-9.05124252313e-05,-1.16010165215,41.5200233459,42.0000359416,0,0,0,3.22035408248e-06,149429.427748
28.6777777778,-0.00102548813447,0.579488277435,2.40511059761,6.82742102072e-05,2.31658959819e-05,0,0,-9.05124252313e-05,-1.16010165215,41.5200233459,42.0000359416,0,0,0,3.22053718307e-06,149429.427748
28.6888888889,-0.00102548813447,0.579488277435,2.40511059761,6.82742102072e-05,2.31658959819e-05,0,0,-9.05124252313e-05,-1.16010165215,41.5200233459,42.0000359416,0,0,0,3.2203568498e-06,149429.427748
28.7,-0.00102548813447,0.579488277435,2.40511059761,6.82742102072e-05,2.31658959819e-05,0,0,-9.05124252313e-05,-1.16010165215,41.5200233459,42.0000359416,0,0,0,3.22088491481e-06,149429.427748
28.7111111111,-0.00102548813447,0.579488277435,2.40511059761,6.82742102072e-05,2.31658959819e-05,0,0,-9.05124252313e-05,-1.16010165215,41.5200233459,42.0000359416,0,0,0,3.22059113471e-06,149429.427748
28.7222222222,-0.00102548813447,0.579488277435,2.40511059761,6.82742102072e-05,2.31658959819e-05,0,0,-9.05124252313e-05,-1.16010165215,41.5200233459,42.0000359416,0,0,0,3.21996308366e-06,149429.427748
28.7333333333,-0.00102548813447,0.579488277435,2.40511059761,6.82742102072e-05,2.31658959819e-05,0,0,-9.05124252313e-05,-1.16010165215,41.5200233459,42.0000359416,0,0,0,3.22032026828e-06,149429.427748
28.7444444444,-0.00102548813447,0.579488277435,2.40511059761,6.82742102072e-05,2.31658959819e-05,0,0,-9.05124252313e-05,-1.16010165215,41.5200233459,42.0000359416,0,0,0,3.22099103649e-06,149429.427748
28.7555555556,-0.00102548813447,0.579488277435,2.40511059761,6.82742102072e-05,2.31658959819e-05,0,0,-9.05124252313e-05,-1.16010165215,41.5200233459,42.0000359416,0,0,0,3.22020843649e-06,149429.427748
28.7666666667,-0.00102548813447,0.579488277435,2.40511059761,6.82742102072e-05,2.31658959819e-05,0,0,-9.05124252313e-05,-1.16010165215,41.5200233459,42.0000359416,0,0,0,3.22051940428e-06,149429.427748
28.7777777778,-0.00102548813447,0.579488277435,2.40511059761,6.82742102072e-05,2.31658959819e-05,0,0,-9.05124252313e-05,-1.16010165215,41.5200233459,42.0000359416,0,0,0,3.22005729305e-06,149429.427748
28.7888888889,-0.00102548813447,0.579488277435,2.40511059761,6.82742102072e-05,2.31658959819e-05,0,0,-9.05124252313e-05,-1.16010165215,41.5200233459,42.0000359416,0,0,0,3.22070339244e-06,149429.427748
28.8,-0.00102548813447,0.579488277435,2.40511059761,6.82742102072e-05,2.31658959819e-05,0,0,-9.05124252313e-05,-1.16010165215,41.5200233459,42.0000359416,0,0,0,3.22137537709e-06,149429.427748
28.8111111111,-0.00102548813447,0.579488277435,2.40511059761,6.82742102072e-05,2.31658959819e-05,0,0,-9.05124252313e-05,-1.16010165215,41.5200233459,42.0000359416,0,0,0,3.22019272332e-06,149429.427748
28.8222222222,-0.00102548813447,0.579488277435,2.40511059761,6.82742102072e-05,2.31658959819e-05,0,0,-9.05124252313e-05,-1.16010165215,41.5200233459,42.0000359416,0,0,0,3.2206186433e-06,149429.427748
28.8333333333,-0.00102548813447,0.579488277435,2.40511059761,6.82742102072e-05,2.31658959819e-05,0,0,-9.05124252313e-05,-1.16010165215,41.5200233459,42.0000359416,0,0,0,3.22048998323e-06,149429.427748
28.8444444444,-0.00102548813447,0.579488277435,2.40511059761,6.82742102072e-05,2.31658959819e-05,0,0,-9.05124252313e-05,-1.16010165215,41.5200233459,42.0000359416,0,0,0,3.22017072142e-06,149429.427748
28.8555555556,-0.00102548813447,0.579488277435,2.40511059761,6.82742102072e-05,2.31658959819e-05,0,0,-9.05124252313e-05,-1.16010165215,41.5200233459,42.0000359416,0,0,0,3.22027349253e-06,149429.427748
28.8666666667,-0.00102548813447,0.579488277435,2.40511059761,6.82742102072e-05,2.31658959819e-05,0,0,-9.05124252313e-05,-1.16010165215,41.5200233459,42.0000359416,0,0,0,3.22100727372e-06,149429.427748
28.8777777778,-0.00102548813447,0.579488277435,2.40511059761,6.82742102072e-05,2.31658959819e-05,0,0,-9.05124252313e-05,-1.16010165215,41.5200233459,42.0000359416,0,0,0,3.2208423714e-06,149429.427748
28.8888888889,-0.00102548813447,0.579488277435,2.40511059761,6.82742102072e-05,2.31658959819e-05,0,0,-9.05124252313e-05,-1.16010165215,41.5200233459,42.0000359416,0,0,0,3.22080903853e-06,149429.427748
28.9,-0.00102548813447,0.579488277435,2.40511059761,6.82742102072e-05,2.31658959819e-05,0,0,-9.05124252313e-05,-1.16010165215,41.5200233459,42.0000359416,0,0,0,3.22098103148e-06,149429.427748
28.9111111111,-0.00102548813447,0.579488277435,2.40511059761,6.82742102072e-05,2.31658959819e-05,0,0,-9.05124252313e-05,-1.16010165215,41.5200233459,42.0000359416,0,0,0,3.22024840648e-06,149429.427748
28.9222222222,-0.00102548813447,0.579488277435,2.40511059761,6.82742102072e-05,2.31658959819e-05,0,0,-9.05124252313e-05,-1.16010165215,41.5200233459,42.0000359416,0,0,0,3.22009121856e-06,149429.427748
28.9333333333,-0.00102548813447,0.579488277435,2.40511059761,6.82742102072e-05,2.31658959819e-05,0,0,-9.05124252313e-05,-1.16010165215,41.5200233459,42.0000359416,0,0,0,3.22035707075e-06,149429.427748
28.9444444444,-0.00102548813447,0.579488277435,2.40511059761,6.82742102072e-05,2.31658959819e-05,0,0,-9.05124252313e-05,-1.16010165215,41.5200233459,42.0000359416,0,0,0,3.22011144746e-06,149429.427748
28.9555555556,-0.00102548813447,0.579488277435,2.40511059761,6.82742102072e-05,2.31658959819e-05,0,0,-9.05124252313e-05,-1.16010165215,41.5200233459,42.0000359416,0,0,0,3.22070609104e-06,149429.427748
28.9666666667,-0.00102548813447,0.579488277435,2.40511059761,6.82742102072e-05,2.31658959819e-05,0,0,-9.05124252313e-05,-1.16010165215,41.5200233459,42.0000359416,0,0,0,3.21988268478e-06,149429.427748
28.9777777778,-0.00102548813447,0.579488277435,2.40511059761,6.82742102072e-05,2.31658959819e-05,0,0,-9.05124252313e-05,-1.16010165215,41.5200233459,42.0000359416,0,0,0,3.2203299651e-06,149429.427748
28.9888888889,-0.00102548813447,0.579488277435,2.40511059761,6.82742102072e-05,2.31658959819e-05,0,0,-9.05124252313e-05,-1.16010165215,41.5200233459,42.0000359416,0,0,0,3.21962902146e-06,149429.427748
29,-0.00102548813447,0.579488277435,2.40511059761,6.82742102072e-05,2.31658959819e-05,0,0,-9.05124252313e-05,-1.16010165215,41.5200233459,42.0000359416,0,0,0,3.22083147183e-06,149429.427748
29.0111111111,-0.00102548813447,0.579488277435,2.40511059761,6.82742102072e-05,2.31658959819e-05,0,0,-9.05124252313e-05,-1.16010165215,41.5200233459,42.0000359416,0,0,0,3.220792279e-06,149429.427748
29.0222222222,-0.00102548813447,0.579488277435,2.40511059761,6.82742102072e-05,2.31658959819e-05,0,0,-9.05124252313e-05,-1.16010165215,41.5200233459,42.0000359416,0,0,0,3.21997387264e-06,149429.427748
29.0333333333,-0.00102548813447,0.579488277435,2.40511059761,6.82742102072e-05,2.31658959819e-05,0,0,-9.05124252313e-05,-1.16010165215,41.5200233459,42.0000359416,0,0,0,3.21964156218e-06,149429.427748
29.0444444444,-0.00102548813447,0.579488277435,2.40511059761,6.82742102072e-05,2.31658959819e-05,0,0,-9.05124252313e-05,-1.16010165215,41.5200233459,42.0000359416,0,0,0,3.21963574112e-06,149429.427748
29.0555555556,-0.00102548813447,0.579488277435,2.40511059761,6.82742102072e-05,2.31658959819e-05,0,0,-9.05124252313e-05,-1.16010165215,41.5200233459,42.0000359416,0,0,0,3.22068229917e-06,149429.427748
29.0666666667,-0.00102548813447,0.579488277435,2.40511059761,6.82742102072e-05,2.31658959819e-05,0,0,-9.05124252313e-05,-1.16010165215,41.5200233459,42.0000359416,0,0,0,3.22055586322e-06,149429.427748
29.0777777778,-0.00102548813447,0.579488277435,2.40511059761,6.82742102072e-05,2.31658959819e-05,0,0,-9.05124252313e-05,-1.16010165215,41.5200233459,42.0000359416,0,0,0,3.22025845836e-06,149429.427748
29.0888888889,-0.00102548813447,0.579488277435,2.40511059761,6.82742102072e-05,2.31658959819e-05,0,0,-9.05124252313e-05,-1.16010165215,41.5200233459,42.0000359416,0,0,0,3.22025163454e-06,149429.427748
29.1,-0.00102548813447,0.579488277435,2.40511059761,6.82742102072e-05,2.31658959819e-05,0,0,-9.05124252313e-05,-1.16010165215,41.5200233459,42.0000359416,0,0,0,3.22038573785e-06,149429.427748
29.1111111111,-0.00102548813447,0.579488277435,2.40511059761,6.82742102072e-05,2.31658959819e-05,0,0,-9.05124252313e-05,-1.16010165215,41.5200233459,42.0000359416,0,0,0,3.22075924956e-06,149429.427748
29.1222222222,-0.00102548813447,0.579488277435,2.40511059761,6.82742102072e-05,2.31658959819e-05,0,0,-9.05124252313e-05,-1.16010165215,41.5200233459,42.0000359416,0,0,0,3.22078038182e-06,149429.427748
29.1333333333,-0.00102548813447,0.579488277435,2.40511059761,6.82742102072e-05,2.31658959819e-05,0,0,-9.05124252313e-05,-1.16010165215,41.5200233459,42.0000359416,0,0,0,3.21986545121e-06,149429.427748
29.1444444444,-0.00102548813447,0.579488277435,2.40511059761,6.82742102072e-05,2.31658959819e-05,0,0,-9.05124252313e-05,-1.16010165215,41.5200233459,42.0000359416,0,0,0,3.22049862543e-06,149429.427748
29.1555555556,-0.00102548813447,0.579488277435,2.40511059761,6.82742102072e-05,2.31658959819e-05,0,0,-9.05124252313e-05,-1.16010165215,41.5200233459,42.0000359416,0,0,0,3.22085730764e-06,149429.427748
29.1666666667,-0.00102548813447,0.579488277435,2.40511059761,6.82742102072e-05,2.31658959819e-05,0,0,-9.05124252313e-05,-1.16010165215,41.5200233459,42.0000359416,0,0,0,3.2205874962e-06,149429.427748
29.1777777778,-0.00102548813447,0.579488277435,2.40511059761,6.82742102072e-05,2.31658959819e-05,0,0,-9.05124252313e-05,-1.16010165215,41.5200233459,42.0000359416,0,0,0,3.22079277075e-06,149429.427748
29.1888888889,-0.00102548813447,0.579488277435,2.40511059761,6.82742102072e-05,2.31658959819e-05,0,0,-9.05124252313e-05,-1.16010165215,41.5200233459,42.0000359416,0,0,0,3.22022278316e-06,149429.427748
29.2,-0.00102548813447,0.579488277435,2.40511059761,6.82742102072e-05,2.31658959819e-05,0,0,-9.05124252313e-05,-1.16010165215,41.5200233459,42.0000359416,0,0,0,3.22106639254e-06,149429.427748
29.2111111111,-0.00102548813447,0.579488277435,2.40511059761,6.82742102072e-05,2.31658959819e-05,0,0,-9.05124252313e-05,-1.16010165215,41.5200233459,42.0000359416,0,0,0,3.22042128173e-06,149429.427748
29.2222222222,-0.00102548813447,0.579488277435,2.40511059761,6.82742102072e-05,2.31658959819e-05,0,0,-9.05124252313e-05,-1.16010165215,41.5200233459,42.0000359416,0,0,0,3.22083796749e-06,149429.427748
29.2333333333,-0.00102548813447,0.579488277435,2.40511059761,6.82742102072e-05,2.31658959819e-05,0,0,-9.05124252313e-05,-1.16010165215,41.5200233459,42.0000359416,0,0,0,3.22074658752e-06,149429.427748
29.2444444444,-0.00102548813447,0.579488277435,2.40511059761,6.82742102072e-05,2.31658959819e-05,0,0,-9.05124252313e-05,-1.16010165215,41.5200233459,42.0000359416,0,0,0,3.22045074212e-06,149429.427748
29.2555555556,-0.00102548813447,0.579488277435,2.40511059761,6.82742102072e-05,2.31658959819e-05,0,0,-9.05124252313e-05,-1.16010165215,41.5200233459,42.0000359416,0,0,0,3.22022754142e-06,149429.427748
29.2666666667,-0.00102548813447,0.579488277435,2.40511059761,6.82742102072e-05,2.31658959819e-05,0,0,-9.05124252313e-05,-1.16010165215,41.5200233459,42.0000359416,0,0,0,3.2197016948e-06,149429.427748
29.2777777778,-0.00102548813447,0.579488277435,2.40511059761,6.82742102072e-05,2.31658959819e-05,0,0,-9.05124252313e-05,-1.16010165215,41.5200233459,42.0000359416,0,0,0,3.22081653265e-06,149429.427748
29.2888888889,-0.00102548813447,0.579488277435,2.40511059761,6.82742102072e-05,2.31658959819e-05,0,0,-9.05124252313e-05,-1.16010165215,41.5200233459,42.0000359416,0,0,0,3.22023669453e-06,149429.427748
29.3,-0.00102548813447,0.579488277435,2.40511059761,6.82742102072e-05,2.31658959819e-05,0,0,-9.05124252313e-05,-1.16010165215,41.5200233459,42.0000359416,0,0,0,3.22045180812e-06,149429.427748
29.3111111111,-0.00102548813447,0.579488277435,2.40511059761,6.82742102072e-05,2.31658959819e-05,0,0,-9.05124252313e-05,-1.16010165215,41.5200233459,42.0000359416,0,0,0,3.22099488679e-06,149429.427748
29.3222222222,-0.00102548813447,0.579488277435,2.40511059761,6.82742102072e-05,2.31658959819e-05,0,0,-9.05124252313e-05,-1.16010165215,41.5200233459,42.0000359416,0,0,0,3.22061161168e-06,149429.427748
29.3333333333,-0.00102548813447,0.579488277435,2.40511059761,6.82742102072e-05,2.31658959819e-05,0,0,-9.05124252313e-05,-1.16010165215,41.5200233459,42.0000359416,0,0,0,3.2198048953e-06,149429.427748
29.3444444444,-0.00102548813447,0.579488277435,2.40511059761,6.82742102072e-05,2.31658959819e-05,0,0,-9.05124252313e-05,-1.16010165215,41.5200233459,42.0000359416,0,0,0,3.2200718164e-06,149429.427748
29.3555555556,-0.00102548813447,0.579488277435,2.40511059761,6.82742102072e-05,2.31658959819e-05,0,0,-9.05124252313e-05,-1.16010165215,41.5200233459,42.0000359416,0,0,0,3.2201151234e-06,149429.427748
29.3666666667,-0.00102548813447,0.579488277435,2.40511059761,6.82742102072e-05,2.31658959819e-05,0,0,-9.05124252313e-05,-1.16010165215,41.5200233459,42.0000359416,0,0,0,3.21969049913e-06,149429.427748
29.3777777778,-0.00102548813447,0.579488277435,2.40511059761,6.82742102072e-05,2.31658959819e-05,0,0,-9.05124252313e-05,-1.16010165215,41.5200233459,42.0000359416,0,0,0,3.2197826737e-06,149429.427748
29.3888888889,-0.00102548813447,0.579488277435,2.40511059761,6.82742102072e-05,2.31658959819e-05,0,0,-9.05124252313e-05,-1.16010165215,41.5200233459,42.0000359416,0,0,0,3.2203284617e-06,149429.427748
29.4,-0.00102548813447,0.579488277435,2.40511059761,6.82742102072e-05,2.31658959819e-05,0,0,-9.05124252313e-05,-1.16010165215,41.5200233459,42.0000359416,0,0,0,3.22008761371e-06,149429.427748
29.4111111111,-0.00102548813447,0.579488277435,2.40511059761,6.82742102072e-05,2.31658959819e-05,0,0,-9.05124252313e-05,-1.16010165215,41.5200233459,42.0000359416,0,0,0,3.21976645709e-06,149429.427748
29.4222222222,-0.00102548813447,0.579488277435,2.40511059761,6.82742102072e-05,2.31658959819e-05,0,0,-9.05124252313e-05,-1.16010165215,41.5200233459,42.0000359416,0,0,0,3.22067629147e-06,149429.427748
29.4333333333,-0.00102548813447,0.579488277435,2.40511059761,6.82742102072e-05,2.31658959819e-05,0,0,-9.05124252313e-05,-1.16010165215,41.5200233459,42.0000359416,0,0,0,3.22073742468e-06,149429.427748
29.4444444444,-0.00102548813447,0.579488277435,2.40511059761,6.82742102072e-05,2.31658959819e-05,0,0,-9.05124252313e-05,-1.16010165215,41.5200233459,42.0000359416,0,0,0,3.21967963194e-06,149429.427748
29.4555555556,-0.00102548813447,0.579488277435,2.40511059761,6.82742102072e-05,2.31658959819e-05,0,0,-9.05124252313e-05,-1.16010165215,41.5200233459,42.0000359416,0,0,0,3.22012483272e-06,149429.427748
29.4666666667,-0.00102548813447,0.579488277435,2.40511059761,6.82742102072e-05,2.31658959819e-05,0,0,-9.05124252313e-05,-1.16010165215,41.5200233459,42.0000359416,0,0,0,3.21973673578e-06,149429.427748
29.4777777778,-0.00102548813447,0.579488277435,2.40511059761,6.82742102072e-05,2.31658959819e-05,0,0,-9.05124252313e-05,-1.16010165215,41.5200233459,42.0000359416,0,0,0,3.22022542933e-06,149429.427748
29.4888888889,-0.00102548813447,0.579488277435,2.40511059761,6.82742102072e-05,2.31658959819e-05,0,0,-9.05124252313e-05,-1.16010165215,41.5200233459,42.0000359416,0,0,0,3.22009620442e-06,149429.427748
29.5,-0.00102548813447,0.579488277435,2.40511059761,6.82742102072e-05,2.31658959819e-05,0,0,-9.05124252313e-05,-1.16010165215,41.5200233459,42.0000359416,0,0,0,3.2207424997e-06,149429.427748
29.5111111111,-0.00102548813447,0.579488277435,2.40511059761,6.82742102072e-05,2.31658959819e-05,0,0,-9.05124252313e-05,-1.16010165215,41.5200233459,42.0000359416,0,0,0,3.21982251397e-06,149429.427748
29.5222222222,-0.00102548813447,0.579488277435,2.40511059761,6.82742102072e-05,2.31658959819e-05,0,0,-9.05124252313e-05,-1.16010165215,41.5200233459,42.0000359416,0,0,0,3.21998105096e-06,149429.427748
29.5333333333,-0.00102548813447,0.579488277435,2.40511059761,6.82742102072e-05,2.31658959819e-05,0,0,-9.05124252313e-05,-1.16010165215,41.5200233459,42.0000359416,0,0,0,3.22074429779e-06,149429.427748
29.5444444444,-0.00102548813447,0.579488277435,2.40511059761,6.82742102072e-05,2.31658959819e-05,0,0,-9.05124252313e-05,-1.16010165215,41.5200233459,42.0000359416,0,0,0,3.21982200301e-06,149429.427748
29.5555555556,-0.00102548813447,0.579488277435,2.40511059761,6.82742102072e-05,2.31658959819e-05,0,0,-9.05124252313e-05,-1.16010165215,41.5200233459,42.0000359416,0,0,0,3.22056896147e-06,149429.427748
29.5666666667,-0.00102548813447,0.579488277435,2.40511059761,6.82742102072e-05,2.31658959819e-05,0,0,-9.05124252313e-05,-1.16010165215,41.5200233459,42.0000359416,0,0,0,3.22073604508e-06,149429.427748
29.5777777778,-0.00102548813447,0.579488277435,2.40511059761,6.82742102072e-05,2.31658959819e-05,0,0,-9.05124252313e-05,-1.16010165215,41.5200233459,42.0000359416,0,0,0,3.22097509102e-06,149429.427748
29.5888888889,-0.00102548813447,0.579488277435,2.40511059761,6.82742102072e-05,2.31658959819e-05,0,0,-9.05124252313e-05,-1.16010165215,41.5200233459,42.0000359416,0,0,0,3.22061315523e-06,149429.427748
29.6,-0.00102548813447,0.579488277435,2.40511059761,6.82742102072e-05,2.31658959819e-05,0,0,-9.05124252313e-05,-1.16010165215,41.5200233459,42.0000359416,0,0,0,3.21979642519e-06,149429.427748
29.6111111111,-0.00102548813447,0.579488277435,2.40511059761,6.82742102072e-05,2.31658959819e-05,0,0,-9.05124252313e-05,-1.16010165215,41.5200233459,42.0000359416,0,0,0,3.22095829195e-06,149429.427748
29.6222222222,-0.00102548813447,0.579488277435,2.40511059761,6.82742102072e-05,2.31658959819e-05,0,0,-9.05124252313e-05,-1.16010165215,41.5200233459,42.0000359416,0,0,0,3.2201107383e-06,149429.427748
29.6333333333,-0.00102548813447,0.579488277435,2.40511059761,6.82742102072e-05,2.31658959819e-05,0,0,-9.05124252313e-05,-1.16010165215,41.5200233459,42.0000359416,0,0,0,3.21979803365e-06,149429.427748
29.6444444444,-0.00102548813447,0.579488277435,2.40511059761,6.82742102072e-05,2.31658959819e-05,0,0,-9.05124252313e-05,-1.16010165215,41.5200233459,42.0000359416,0,0,0,3.22076887174e-06,149429.427748
29.6555555556,-0.00102548813447,0.579488277435,2.40511059761,6.82742102072e-05,2.31658959819e-05,0,0,-9.05124252313e-05,-1.16010165215,41.5200233459,42.0000359416,0,0,0,3.22003485214e-06,149429.427748
29.6666666667,-0.00102548813447,0.579488277435,2.40511059761,6.82742102072e-05,2.31658959819e-05,0,0,-9.05124252313e-05,-1.16010165215,41.5200233459,42.0000359416,0,0,0,3.22067388705e-06,149429.427748
29.6777777778,-0.00102548813447,0.579488277435,2.40511059761,6.82742102072e-05,2.31658959819e-05,0,0,-9.05124252313e-05,-1.16010165215,41.5200233459,42.0000359416,0,0,0,3.22047724409e-06,149429.427748
29.6888888889,-0.00102548813447,0.579488277435,2.40511059761,6.82742102072e-05,2.31658959819e-05,0,0,-9.05124252313e-05,-1.16010165215,41.5200233459,42.0000359416,0,0,0,3.2206110592e-06,149429.427748
29.7,-0.00102548813447,0.579488277435,2.40511059761,6.82742102072e-05,2.31658959819e-05,0,0,-9.05124252313e-05,-1.16010165215,41.5200233459,42.0000359416,0,0,0,3.22025226932e-06,149429.427748
29.7111111111,-0.00102548813447,0.579488277435,2.40511059761,6.82742102072e-05,2.31658959819e-05,0,0,-9.05124252313e-05,-1.16010165215,41.5200233459,42.0000359416,0,0,0,3.22063884332e-06,149429.427748
29.7222222222,-0.00102548813447,0.579488277435,2.40511059761,6.82742102072e-05,2.31658959819e-05,0,0,-9.05124252313e-05,-1.16010165215,41.5200233459,42.0000359416,0,0,0,3.22030941085e-06,149429.427748
29.7333333333,-0.00102548813447,0.579488277435,2.40511059761,6.82742102072e-05,2.31658959819e-05,0,0,-9.05124252313e-05,-1.16010165215,41.5200233459,42.0000359416,0,0,0,3.22048533816e-06,149429.427748
29.7444444444,-0.00102548813447,0.579488277435,2.40511059761,6.82742102072e-05,2.31658959819e-05,0,0,-9.05124252313e-05,-1.16010165215,41.5200233459,42.0000359416,0,0,0,3.2208377839e-06,149429.427748
29.7555555556,-0.00102548813447,0.579488277435,2.40511059761,6.82742102072e-05,2.31658959819e-05,0,0,-9.05124252313e-05,-1.16010165215,41.5200233459,42.0000359416,0,0,0,3.22080739563e-06,149429.427748
29.7666666667,-0.00102548813447,0.579488277435,2.40511059761,6.82742102072e-05,2.31658959819e-05,0,0,-9.05124252313e-05,-1.16010165215,41.5200233459,42.0000359416,0,0,0,3.21976666565e-06,149429.427748
29.7777777778,-0.00102548813447,0.579488277435,2.40511059761,6.82742102072e-05,2.31658959819e-05,0,0,-9.05124252313e-05,-1.16010165215,41.5200233459,42.0000359416,0,0,0,3.2198879386e-06,149429.427748
29.7888888889,-0.00102548813447,0.579488277435,2.40511059761,6.82742102072e-05,2.31658959819e-05,0,0,-9.05124252313e-05,-1.16010165215,41.5200233459,42.0000359416,0,0,0,3.21984393025e-06,149429.427748
29.8,-0.00102548813447,0.579488277435,2.40511059761,6.82742102072e-05,2.31658959819e-05,0,0,-9.05124252313e-05,-1.16010165215,41.5200233459,42.0000359416,0,0,0,3.22005082311e-06,149429.427748
29.8111111111,-0.00102548813447,0.579488277435,2.40511059761,6.82742102072e-05,2.31658959819e-05,0,0,-9.05124252313e-05,-1.16010165215,41.5200233459,42.0000359416,0,0,0,3.22094013379e-06,149429.427748
29.8222222222,-0.00102548813447,0.579488277435,2.40511059761,6.82742102072e-05,2.31658959819e-05,0,0,-9.05124252313e-05,-1.16010165215,41.5200233459,42.0000359416,0,0,0,3.22082402087e-06,149429.427748
29.8333333333,-0.00102548813447,0.579488277435,2.40511059761,6.82742102072e-05,2.31658959819e-05,0,0,-9.05124252313e-05,-1.16010165215,41.5200233459,42.0000359416,0,0,0,3.220765362e-06,149429.427748
29.8444444444,-0.00102548813447,0.579488277435,2.40511059761,6.82742102072e-05,2.31658959819e-05,0,0,-9.05124252313e-05,-1.16010165215,41.5200233459,42.0000359416,0,0,0,3.22039885685e-06,149429.427748
29.8555555556,-0.00102548813447,0.579488277435,2.40511059761,6.82742102072e-05,2.31658959819e-05,0,0,-9.05124252313e-05,-1.16010165215,41.5200233459,42.0000359416,0,0,0,3.22030897398e-06,149429.427748
29.8666666667,-0.00102548813447,0.579488277435,2.40511059761,6.82742102072e-05,2.31658959819e-05,0,0,-9.05124252313e-05,-1.16010165215,41.5200233459,42.0000359416,0,0,0,3.21982832244e-06,149429.427748
29.8777777778,-0.00102548813447,0.579488277435,2.40511059761,6.82742102072e-05,2.31658959819e-05,0,0,-9.05124252313e-05,-1.16010165215,41.5200233459,42.0000359416,0,0,0,3.22029993225e-06,149429.427748
29.8888888889,-0.00102548813447,0.579488277435,2.40511059761,6.82742102072e-05,2.31658959819e-05,0,0,-9.05124252313e-05,-1.16010165215,41.5200233459,42.0000359416,0,0,0,3.22011163861e-06,149429.427748
29.9,-0.00102548813447,0.579488277435,2.40511059761,6.82742102072e-05,2.31658959819e-05,0,0,-9.05124252313e-05,-1.16010165215,41.5200233459,42.0000359416,0,0,0,3.22006398502e-06,149429.427748
29.9111111111,-0.00102548813447,0.579488277435,2.40511059761,6.82742102072e-05,2.31658959819e-05,0,0,-9.05124252313e-05,-1.16010165215,41.5200233459,42.0000359416,0,0,0,3.22008095623e-06,149429.427748
29.9222222222,-0.00102548813447,0.579488277435,2.40511059761,6.82742102072e-05,2.31658959819e-05,0,0,-9.05124252313e-05,-1.16010165215,41.5200233459,42.0000359416,0,0,0,3.22003946578e-06,149429.427748
29.9333333333,-0.00102548813447,0.579488277435,2.40511059761,6.82742102072e-05,2.31658959819e-05,0,0,-9.05124252313e-05,-1.16010165215,41.5200233459,42.0000359416,0,0,0,3.21973802514e-06,149429.427748
29.9444444444,-0.00102548813447,0.579488277435,2.40511059761,6.82742102072e-05,2.31658959819e-05,0,0,-9.05124252313e-05,-1.16010165215,41.5200233459,42.0000359416,0,0,0,3.22001192915e-06,149429.427748
29.9555555556,-0.00102548813447,0.579488277435,2.40511059761,6.82742102072e-05,2.31658959819e-05,0,0,-9.05124252313e-05,-1.16010165215,41.5200233459,42.0000359416,0,0,0,3.22038692973e-06,149429.427748
29.9666666667,-0.00102548813447,0.579488277435,2.40511059761,6.82742102072e-05,2.31658959819e-05,0,0,-9.05124252313e-05,-1.16010165215,41.5200233459,42.0000359416,0,0,0,3.21978754435e-06,149429.427748
29.9777777778,-0.00102548813447,0.579488277435,2.40511059761,6.82742102072e-05,2.31658959819e-05,0,0,-9.05124252313e-05,-1.16010165215,41.5200233459,42.0000359416,0,0,0,3.22017938335e-06,149429.427748
29.9888888889,-0.00102548813447,0.579488277435,2.40511059761,6.82742102072e-05,2.31658959819e-05,0,0,-9.05124252313e-05,-1.16010165215,41.5200233459,42.0000359416,0,0,0,3.22102065057e-06,149429.427748
30,-0.00102548813447,0.579488277435,2.40511059761,6.82742102072e-05,2.31658959819e-05,0,0,-9.05124252313e-05,-1.16010165215,41.5200233459,42.0000359416,0,0,0,3.22039228323e-06,149429.427748
30.0111111111,-0.00102548813447,0.579488277435,2.40511059761,6.82742102072e-05,2.31658959819e-05,0,0,-9.05124252313e-05,-1.16010165215,41.5200233459,42.0000359416,0,0,0,3.21999303116e-06,149429.427748
30.0222222222,-0.00102548813447,0.579488277435,2.40511059761,6.82742102072e-05,2.31658959819e-05,0,0,-9.05124252313e-05,-1.16010165215,41.5200233459,42.0000359416,0,0,0,3.22049650596e-06,149429.427748
30.0333333333,-0.00102548813447,0.579488277435,2.40511059761,6.82742102072e-05,2.31658959819e-05,0,0,-9.05124252313e-05,-1.16010165215,41.5200233459,42.0000359416,0,0,0,3.22001875547e-06,149429.427748
30.0444444444,-0.00102548813447,0.579488277435,2.40511059761,6.82742102072e-05,2.31658959819e-05,0,0,-9.05124252313e-05,-1.16010165215,41.5200233459,42.0000359416,0,0,0,3.22042476043e-06,149429.427748
30.0555555556,-0.00102548813447,0.579488277435,2.40511059761,6.82742102072e-05,2.31658959819e-05,0,0,-9.05124252313e-05,-1.16010165215,41.5200233459,42.0000359416,0,0,0,3.21962575025e-06,149429.427748
30.0666666667,-0.00102548813447,0.579488277435,2.40511059761,6.82742102072e-05,2.31658959819e-05,0,0,-9.05124252313e-05,-1.16010165215,41.5200233459,42.0000359416,0,0,0,3.21990036331e-06,149429.427748
30.0777777778,-0.00102548813447,0.579488277435,2.40511059761,6.82742102072e-05,2.31658959819e-05,0,0,-9.05124252313e-05,-1.16010165215,41.5200233459,42.0000359416,0,0,0,3.22038637948e-06,149429.427748
30.0888888889,-0.00102548813447,0.579488277435,2.40511059761,6.82742102072e-05,2.31658959819e-05,0,0,-9.05124252313e-05,-1.16010165215,41.5200233459,42.0000359416,0,0,0,3.22099232495e-06,149429.427748
30.1,-0.00102548813447,0.579488277435,2.40511059761,6.82742102072e-05,2.31658959819e-05,0,0,-9.05124252313e-05,-1.16010165215,41.5200233459,42.0000359416,0,0,0,3.21986972296e-06,149429.427748
30.1111111111,-0.00102548813447,0.579488277435,2.40511059761,6.82742102072e-05,2.31658959819e-05,0,0,-9.05124252313e-05,-1.16010165215,41.5200233459,42.0000359416,0,0,0,3.2207318505e-06,149429.427748
30.1222222222,-0.00102548813447,0.579488277435,2.40511059761,6.82742102072e-05,2.31658959819e-05,0,0,-9.05124252313e-05,-1.16010165215,41.5200233459,42.0000359416,0,0,0,3.22017425797e-06,149429.427748
30.1333333333,-0.00102548813447,0.579488277435,2.40511059761,6.82742102072e-05,2.31658959819e-05,0,0,-9.05124252313e-05,-1.16010165215,41.5200233459,42.0000359416,0,0,0,3.2204949018e-06,149429.427748
30.1444444444,-0.00102548813447,0.579488277435,2.40511059761,6.82742102072e-05,2.31658959819e-05,0,0,-9.05124252313e-05,-1.16010165215,41.5200233459,42.0000359416,0,0,0,3.2200624902e-06,149429.427748
30.1555555556,-0.00102548813447,0.579488277435,2.40511059761,6.82742102072e-05,2.31658959819e-05,0,0,-9.05124252313e-05,-1.16010165215,41.5200233459,42.0000359416,0,0,0,3.22076254571e-06,149429.427748
30.1666666667,-0.00102548813447,0.579488277435,2.40511059761,6.82742102072e-05,2.31658959819e-05,0,0,-9.05124252313e-05,-1.16010165215,41.5200233459,42.0000359416,0,0,0,3.2208546316e-06,149429.427748
30.1777777778,-0.00102548813447,0.579488277435,2.40511059761,6.82742102072e-05,2.31658959819e-05,0,0,-9.05124252313e-05,-1.16010165215,41.5200233459,42.0000359416,0,0,0,3.22019959355e-06,149429.427748
30.1888888889,-0.00102548813447,0.579488277435,2.40511059761,6.82742102072e-05,2.31658959819e-05,0,0,-9.05124252313e-05,-1.16010165215,41.5200233459,42.0000359416,0,0,0,3.2207174682e-06,149429.427748
30.2,-0.00102548813447,0.579488277435,2.40511059761,6.82742102072e-05,2.31658959819e-05,0,0,-9.05124252313e-05,-1.16010165215,41.5200233459,42.0000359416,0,0,0,3.22048780855e-06,149429.427748
30.2111111111,-0.00102548813447,0.579488277435,2.40511059761,6.82742102072e-05,2.31658959819e-05,0,0,-9.05124252313e-05,-1.16010165215,41.5200233459,42.0000359416,0,0,0,3.22096692507e-06,149429.427748
30.2222222222,-0.00102548813447,0.579488277435,2.40511059761,6.82742102072e-05,2.31658959819e-05,0,0,-9.05124252313e-05,-1.16010165215,41.5200233459,42.0000359416,0,0,0,3.22059980569e-06,149429.427748
30.2333333333,-0.00102548813447,0.579488277435,2.40511059761,6.82742102072e-05,2.31658959819e-05,0,0,-9.05124252313e-05,-1.16010165215,41.5200233459,42.0000359416,0,0,0,3.22052809033e-06,149429.427748
30.2444444444,-0.00102548813447,0.579488277435,2.40511059761,6.82742102072e-05,2.31658959819e-05,0,0,-9.05124252313e-05,-1.16010165215,41.5200233459,42.0000359416,0,0,0,3.22080818635e-06,149429.427748
30.2555555556,-0.00102548813447,0.579488277435,2.40511059761,6.82742102072e-05,2.31658959819e-05,0,0,-9.05124252313e-05,-1.16010165215,41.5200233459,42.0000359416,0,0,0,3.22028782764e-06,149429.427748
30.2666666667,-0.00102548813447,0.579488277435,2.40511059761,6.82742102072e-05,2.31658959819e-05,0,0,-9.05124252313e-05,-1.16010165215,41.5200233459,42.0000359416,0,0,0,3.22008753051e-06,149429.427748
30.2777777778,-0.00102548813447,0.579488277435,2.40511059761,6.82742102072e-05,2.31658959819e-05,0,0,-9.05124252313e-05,-1.16010165215,41.5200233459,42.0000359416,0,0,0,3.2206263187e-06,149429.427748
30.2888888889,-0.00102548813447,0.579488277435,2.40511059761,6.82742102072e-05,2.31658959819e-05,0,0,-9.05124252313e-05,-1.16010165215,41.5200233459,42.0000359416,0,0,0,3.21982257052e-06,149429.427748
30.3,-0.00102548813447,0.579488277435,2.40511059761,6.82742102072e-05,2.31658959819e-05,0,0,-9.05124252313e-05,-1.16010165215,41.5200233459,42.0000359416,0,0,0,3.21964979105e-06,149429.427748
30.3111111111,-0.00102548813447,0.579488277435,2.40511059761,6.82742102072e-05,2.31658959819e-05,0,0,-9.05124252313e-05,-1.16010165215,41.5200233459,42.0000359416,0,0,0,3.22074590885e-06,149429.427748
30.3222222222,-0.00102548813447,0.579488277435,2.40511059761,6.82742102072e-05,2.31658959819e-05,0,0,-9.05124252313e-05,-1.16010165215,41.5200233459,42.0000359416,0,0,0,3.22065045706e-06,149429.427748
30.3333333333,-0.00102548813447,0.579488277435,2.40511059761,6.82742102072e-05,2.31658959819e-05,0,0,-9.05124252313e-05,-1.16010165215,41.5200233459,42.0000359416,0,0,0,3.2197497386e-06,149429.427748
30.3444444444,-0.00102548813447,0.579488277435,2.40511059761,6.82742102072e-05,2.31658959819e-05,0,0,-9.05124252313e-05,-1.16010165215,41.5200233459,42.0000359416,0,0,0,3.22028344901e-06,149429.427748
30.3555555556,-0.00102548813447,0.579488277435,2.40511059761,6.82742102072e-05,2.31658959819e-05,0,0,-9.05124252313e-05,-1.16010165215,41.5200233459,42.0000359416,0,0,0,3.21966273315e-06,149429.427748
30.3666666667,-0.00102548813447,0.579488277435,2.40511059761,6.82742102072e-05,2.31658959819e-05,0,0,-9.05124252313e-05,-1.16010165215,41.5200233459,42.0000359416,0,0,0,3.2203087557e-06,149429.427748
30.3777777778,-0.00102548813447,0.579488277435,2.40511059761,6.82742102072e-05,2.31658959819e-05,0,0,-9.05124252313e-05,-1.16010165215,41.5200233459,42.0000359416,0,0,0,3.22013110306e-06,149429.427748
30.3888888889,-0.00102548813447,0.579488277435,2.40511059761,6.82742102072e-05,2.31658959819e-05,0,0,-9.05124252313e-05,-1.16010165215,41.5200233459,42.0000359416,0,0,0,3.22088463516e-06,149429.427748
30.4,-0.00102548813447,0.579488277435,2.40511059761,6.82742102072e-05,2.31658959819e-05,0,0,-9.05124252313e-05,-1.16010165215,41.5200233459,42.0000359416,0,0,0,3.22090424992e-06,149429.427748
30.4111111111,-0.00102548813447,0.579488277435,2.40511059761,6.82742102072e-05,2.31658959819e-05,0,0,-9.05124252313e-05,-1.16010165215,41.5200233459,42.0000359416,0,0,0,3.2204707759e-06,149429.427748
30.4222222222,-0.00102548813447,0.579488277435,2.40511059761,6.82742102072e-05,2.31658959819e-05,0,0,-9.05124252313e-05,-1.16010165215,41.5200233459,42.0000359416,0,0,0,3.22066723507e-06,149429.427748
30.4333333333,-0.00102548813447,0.579488277435,2.40511059761,6.82742102072e-05,2.31658959819e-05,0,0,-9.05124252313e-05,-1.16010165215,41.5200233459,42.0000359416,0,0,0,3.22029637368e-06,149429.427748
30.4444444444,-0.00102548813447,0.579488277435,2.40511059761,6.82742102072e-05,2.31658959819e-05,0,0,-9.05124252313e-05,-1.16010165215,41.5200233459,42.0000359416,0,0,0,3.21989209267e-06,149429.427748
30.4555555556,-0.00102548813447,0.579488277435,2.40511059761,6.82742102072e-05,2.31658959819e-05,0,0,-9.05124252313e-05,-1.16010165215,41.5200233459,42.0000359416,0,0,0,3.22008954035e-06,149429.427748
30.4666666667,-0.00102548813447,0.579488277435,2.40511059761,6.82742102072e-05,2.31658959819e-05,0,0,-9.05124252313e-05,-1.16010165215,41.5200233459,42.0000359416,0,0,0,3.21975863308e-06,149429.427748
30.4777777778,-0.00102548813447,0.579488277435,2.40511059761,6.82742102072e-05,2.31658959819e-05,0,0,-9.05124252313e-05,-1.16010165215,41.5200233459,42.0000359416,0,0,0,3.21997942099e-06,149429.427748
30.4888888889,-0.00102548813447,0.579488277435,2.40511059761,6.82742102072e-05,2.31658959819e-05,0,0,-9.05124252313e-05,-1.16010165215,41.5200233459,42.0000359416,0,0,0,3.22102232881e-06,149429.427748
30.5,-0.00102548813447,0.579488277435,2.40511059761,6.82742102072e-05,2.31658959819e-05,0,0,-9.05124252313e-05,-1.16010165215,41.5200233459,42.0000359416,0,0,0,3.22024799106e-06,149429.427748
30.5111111111,-0.00102548813447,0.579488277435,2.40511059761,6.82742102072e-05,2.31658959819e-05,0,0,-9.05124252313e-05,-1.16010165215,41.5200233459,42.0000359416,0,0,0,3.22021655107e-06,149429.427748
30.5222222222,-0.00102548813447,0.579488277435,2.40511059761,6.82742102072e-05,2.31658959819e-05,0,0,-9.05124252313e-05,-1.16010165215,41.5200233459,42.0000359416,0,0,0,3.21987821695e-06,149429.427748
30.5333333333,-0.00102548813447,0.579488277435,2.40511059761,6.82742102072e-05,2.31658959819e-05,0,0,-9.05124252313e-05,-1.16010165215,41.5200233459,42.0000359416,0,0,0,3.2208633108e-06,149429.427748
30.5444444444,-0.00102548813447,0.579488277435,2.40511059761,6.82742102072e-05,2.31658959819e-05,0,0,-9.05124252313e-05,-1.16010165215,41.5200233459,42.0000359416,0,0,0,3.22001069737e-06,149429.427748
30.5555555556,-0.00102548813447,0.579488277435,2.40511059761,6.82742102072e-05,2.31658959819e-05,0,0,-9.05124252313e-05,-1.16010165215,41.5200233459,42.0000359416,0,0,0,3.22004923085e-06,149429.427748
30.5666666667,-0.00102548813447,0.579488277435,2.40511059761,6.82742102072e-05,2.31658959819e-05,0,0,-9.05124252313e-05,-1.16010165215,41.5200233459,42.0000359416,0,0,0,3.22083223684e-06,149429.427748
30.5777777778,-0.00102548813447,0.579488277435,2.40511059761,6.82742102072e-05,2.31658959819e-05,0,0,-9.05124252313e-05,-1.16010165215,41.5200233459,42.0000359416,0,0,0,3.22096765349e-06,149429.427748
30.5888888889,-0.00102548813447,0.579488277435,2.40511059761,6.82742102072e-05,2.31658959819e-05,0,0,-9.05124252313e-05,-1.16010165215,41.5200233459,42.0000359416,0,0,0,3.21980989063e-06,149429.427748
30.6,-0.00102548813447,0.579488277435,2.40511059761,6.82742102072e-05,2.31658959819e-05,0,0,-9.05124252313e-05,-1.16010165215,41.5200233459,42.0000359416,0,0,0,3.21985736257e-06,149429.427748
30.6111111111,-0.00102548813447,0.579488277435,2.40511059761,6.82742102072e-05,2.31658959819e-05,0,0,-9.05124252313e-05,-1.16010165215,41.5200233459,42.0000359416,0,0,0,3.22092034866e-06,149429.427748
30.6222222222,-0.00102548813447,0.579488277435,2.40511059761,6.82742102072e-05,2.31658959819e-05,0,0,-9.05124252313e-05,-1.16010165215,41.5200233459,42.0000359416,0,0,0,3.22031555163e-06,149429.427748
30.6333333333,-0.00102548813447,0.579488277435,2.40511059761,6.82742102072e-05,2.31658959819e-05,0,0,-9.05124252313e-05,-1.16010165215,41.5200233459,42.0000359416,0,0,0,3.2203030959e-06,149429.427748
30.6444444444,-0.00102548813447,0.579488277435,2.40511059761,6.82742102072e-05,2.31658959819e-05,0,0,-9.05124252313e-05,-1.16010165215,41.5200233459,42.0000359416,0,0,0,3.22083380943e-06,149429.427748
30.6555555556,-0.00102548813447,0.579488277435,2.40511059761,6.82742102072e-05,2.31658959819e-05,0,0,-9.05124252313e-05,-1.16010165215,41.5200233459,42.0000359416,0,0,0,3.22092766729e-06,149429.427748
30.6666666667,-0.00102548813447,0.579488277435,2.40511059761,6.82742102072e-05,2.31658959819e-05,0,0,-9.05124252313e-05,-1.16010165215,41.5200233459,42.0000359416,0,0,0,3.22090751579e-06,149429.427748
30.6777777778,-0.00102548813447,0.579488277435,2.40511059761,6.82742102072e-05,2.31658959819e-05,0,0,-9.05124252313e-05,-1.16010165215,41.5200233459,42.0000359416,0,0,0,3.22019267434e-06,149429.427748
30.6888888889,-0.00102548813447,0.579488277435,2.40511059761,6.82742102072e-05,2.31658959819e-05,0,0,-9.05124252313e-05,-1.16010165215,41.5200233459,42.0000359416,0,0,0,3.22082842793e-06,149429.427748
30.7,-0.00102548813447,0.579488277435,2.40511059761,6.82742102072e-05,2.31658959819e-05,0,0,-9.05124252313e-05,-1.16010165215,41.5200233459,42.0000359416,0,0,0,3.22014171736e-06,149429.427748
30.7111111111,-0.00102548813447,0.579488277435,2.40511059761,6.82742102072e-05,2.31658959819e-05,0,0,-9.05124252313e-05,-1.16010165215,41.5200233459,42.0000359416,0,0,0,3.2208567544e-06,149429.427748
30.7222222222,-0.00102548813447,0.579488277435,2.40511059761,6.82742102072e-05,2.31658959819e-05,0,0,-9.05124252313e-05,-1.16010165215,41.5200233459,42.0000359416,0,0,0,3.22021263857e-06,149429.427748
30.7333333333,-0.00102548813447,0.579488277435,2.40511059761,6.82742102072e-05,2.31658959819e-05,0,0,-9.05124252313e-05,-1.16010165215,41.5200233459,42.0000359416,0,0,0,3.21988528652e-06,149429.427748
30.7444444444,-0.00102548813447,0.579488277435,2.40511059761,6.82742102072e-05,2.31658959819e-05,0,0,-9.05124252313e-05,-1.16010165215,41.5200233459,42.0000359416,0,0,0,3.22026466868e-06,149429.427748
30.7555555556,-0.00102548813447,0.579488277435,2.40511059761,6.82742102072e-05,2.31658959819e-05,0,0,-9.05124252313e-05,-1.16010165215,41.5200233459,42.0000359416,0,0,0,3.22079733352e-06,149429.427748
30.7666666667,-0.00102548813447,0.579488277435,2.40511059761,6.82742102072e-05,2.31658959819e-05,0,0,-9.05124252313e-05,-1.16010165215,41.5200233459,42.0000359416,0,0,0,3.21966093737e-06,149429.427748
30.7777777778,-0.00102548813447,0.579488277435,2.40511059761,6.82742102072e-05,2.31658959819e-05,0,0,-9.05124252313e-05,-1.16010165215,41.5200233459,42.0000359416,0,0,0,3.22008470326e-06,149429.427748
30.7888888889,-0.00102548813447,0.579488277435,2.40511059761,6.82742102072e-05,2.31658959819e-05,0,0,-9.05124252313e-05,-1.16010165215,41.5200233459,42.0000359416,0,0,0,3.21980376818e-06,149429.427748
30.8,-0.00102548813447,0.579488277435,2.40511059761,6.82742102072e-05,2.31658959819e-05,0,0,-9.05124252313e-05,-1.16010165215,41.5200233459,42.0000359416,0,0,0,3.22081826996e-06,149429.427748
30.8111111111,-0.00102548813447,0.579488277435,2.40511059761,6.82742102072e-05,2.31658959819e-05,0,0,-9.05124252313e-05,-1.16010165215,41.5200233459,42.0000359416,0,0,0,3.21978497938e-06,149429.427748
30.8222222222,-0.00102548813447,0.579488277435,2.40511059761,6.82742102072e-05,2.31658959819e-05,0,0,-9.05124252313e-05,-1.16010165215,41.5200233459,42.0000359416,0,0,0,3.22026225906e-06,149429.427748
30.8333333333,-0.00102548813447,0.579488277435,2.40511059761,6.82742102072e-05,2.31658959819e-05,0,0,-9.05124252313e-05,-1.16010165215,41.5200233459,42.0000359416,0,0,0,3.22018293092e-06,149429.427748
30.8444444444,-0.00102548813447,0.579488277435,2.40511059761,6.82742102072e-05,2.31658959819e-05,0,0,-9.05124252313e-05,-1.16010165215,41.5200233459,42.0000359416,0,0,0,3.219736332e-06,149429.427748
30.8555555556,-0.00102548813447,0.579488277435,2.40511059761,6.82742102072e-05,2.31658959819e-05,0,0,-9.05124252313e-05,-1.16010165215,41.5200233459,42.0000359416,0,0,0,3.21970617867e-06,149429.427748
30.8666666667,-0.00102548813447,0.579488277435,2.40511059761,6.82742102072e-05,2.31658959819e-05,0,0,-9.05124252313e-05,-1.16010165215,41.5200233459,42.0000359416,0,0,0,3.22090175368e-06,149429.427748
30.8777777778,-0.00102548813447,0.579488277435,2.40511059761,6.82742102072e-05,2.31658959819e-05,0,0,-9.05124252313e-05,-1.16010165215,41.5200233459,42.0000359416,0,0,0,3.22058842117e-06,149429.427748
30.8888888889,-0.00102548813447,0.579488277435,2.40511059761,6.82742102072e-05,2.31658959819e-05,0,0,-9.05124252313e-05,-1.16010165215,41.5200233459,42.0000359416,0,0,0,3.22026915937e-06,149429.427748
30.9,-0.00102548813447,0.579488277435,2.40511059761,6.82742102072e-05,2.31658959819e-05,0,0,-9.05124252313e-05,-1.16010165215,41.5200233459,42.0000359416,0,0,0,3.22085355723e-06,149429.427748
30.9111111111,-0.00102548813447,0.579488277435,2.40511059761,6.82742102072e-05,2.31658959819e-05,0,0,-9.05124252313e-05,-1.16010165215,41.5200233459,42.0000359416,0,0,0,3.22052676273e-06,149429.427748
30.9222222222,-0.00102548813447,0.579488277435,2.40511059761,6.82742102072e-05,2.31658959819e-05,0,0,-9.05124252313e-05,-1.16010165215,41.5200233459,42.0000359416,0,0,0,3.22016025724e-06,149429.427748
30.9333333333,-0.00102548813447,0.579488277435,2.40511059761,6.82742102072e-05,2.31658959819e-05,0,0,-9.05124252313e-05,-1.16010165215,41.5200233459,42.0000359416,0,0,0,3.22081976654e-06,149429.427748
30.9444444444,-0.00102548813447,0.579488277435,2.40511059761,6.82742102072e-05,2.31658959819e-05,0,0,-9.05124252313e-05,-1.16010165215,41.5200233459,42.0000359416,0,0,0,3.22080176944e-06,149429.427748
30.9555555556,-0.00102548813447,0.579488277435,2.40511059761,6.82742102072e-05,2.31658959819e-05,0,0,-9.05124252313e-05,-1.16010165215,41.5200233459,42.0000359416,0,0,0,3.2206535303e-06,149429.427748
30.9666666667,-0.00102548813447,0.579488277435,2.40511059761,6.82742102072e-05,2.31658959819e-05,0,0,-9.05124252313e-05,-1.16010165215,41.5200233459,42.0000359416,0,0,0,3.22025438895e-06,149429.427748
30.9777777778,-0.00102548813447,0.579488277435,2.40511059761,6.82742102072e-05,2.31658959819e-05,0,0,-9.05124252313e-05,-1.16010165215,41.5200233459,42.0000359416,0,0,0,3.22099464574e-06,149429.427748
30.9888888889,-0.00102548813447,0.579488277435,2.40511059761,6.82742102072e-05,2.31658959819e-05,0,0,-9.05124252313e-05,-1.16010165215,41.5200233459,42.0000359416,0,0,0,3.22057263409e-06,149429.427748
31,-0.00102548813447,0.579488277435,2.40511059761,6.82742102072e-05,2.31658959819e-05,0,0,-9.05124252313e-05,-1.16010165215,41.5200233459,42.0000359416,0,0,0,3.22096784019e-06,149429.427748
31.0111111111,-0.00102548813447,0.579488277435,2.40511059761,6.82742102072e-05,2.31658959819e-05,0,0,-9.05124252313e-05,-1.16010165215,41.5200233459,42.0000359416,0,0,0,3.22085660579e-06,149429.427748
31.0222222222,-0.00102548813447,0.579488277435,2.40511059761,6.82742102072e-05,2.31658959819e-05,0,0,-9.05124252313e-05,-1.16010165215,41.5200233459,42.0000359416,0,0,0,3.22092046056e-06,149429.427748
31.0333333333,-0.00102548813447,0.579488277435,2.40511059761,6.82742102072e-05,2.31658959819e-05,0,0,-9.05124252313e-05,-1.16010165215,41.5200233459,42.0000359416,0,0,0,3.22011116704e-06,149429.427748
31.0444444444,-0.00102548813447,0.579488277435,2.40511059761,6.82742102072e-05,2.31658959819e-05,0,0,-9.05124252313e-05,-1.16010165215,41.5200233459,42.0000359416,0,0,0,3.22067004262e-06,149429.427748
31.0555555556,-0.00102548813447,0.579488277435,2.40511059761,6.82742102072e-05,2.31658959819e-05,0,0,-9.05124252313e-05,-1.16010165215,41.5200233459,42.0000359416,0,0,0,3.22032211803e-06,149429.427748
31.0666666667,-0.00102548813447,0.579488277435,2.40511059761,6.82742102072e-05,2.31658959819e-05,0,0,-9.05124252313e-05,-1.16010165215,41.5200233459,42.0000359416,0,0,0,3.22095801914e-06,149429.427748
31.0777777778,-0.00102548813447,0.579488277435,2.40511059761,6.82742102072e-05,2.31658959819e-05,0,0,-9.05124252313e-05,-1.16010165215,41.5200233459,42.0000359416,0,0,0,3.21990602849e-06,149429.427748
31.0888888889,-0.00102548813447,0.579488277435,2.40511059761,6.82742102072e-05,2.31658959819e-05,0,0,-9.05124252313e-05,-1.16010165215,41.5200233459,42.0000359416,0,0,0,3.22087533996e-06,149429.427748
31.1,-0.00102548813447,0.579488277435,2.40511059761,6.82742102072e-05,2.31658959819e-05,0,0,-9.05124252313e-05,-1.16010165215,41.5200233459,42.0000359416,0,0,0,3.22043225355e-06,149429.427748
31.1111111111,-0.00102548813447,0.579488277435,2.40511059761,6.82742102072e-05,2.31658959819e-05,0,0,-9.05124252313e-05,-1.16010165215,41.5200233459,42.0000359416,0,0,0,3.2207766551e-06,149429.427748
31.1222222222,-0.00102548813447,0.579488277435,2.40511059761,6.82742102072e-05,2.31658959819e-05,0,0,-9.05124252313e-05,-1.16010165215,41.5200233459,42.0000359416,0,0,0,3.21994860635e-06,149429.427748
31.1333333333,-0.00102548813447,0.579488277435,2.40511059761,6.82742102072e-05,2.31658959819e-05,0,0,-9.05124252313e-05,-1.16010165215,41.5200233459,42.0000359416,0,0,0,3.22007547414e-06,149429.427748
31.1444444444,-0.00102548813447,0.579488277435,2.40511059761,6.82742102072e-05,2.31658959819e-05,0,0,-9.05124252313e-05,-1.16010165215,41.5200233459,42.0000359416,0,0,0,3.21965605063e-06,149429.427748
31.1555555556,-0.00102548813447,0.579488277435,2.40511059761,6.82742102072e-05,2.31658959819e-05,0,0,-9.05124252313e-05,-1.16010165215,41.5200233459,42.0000359416,0,0,0,3.22020970992e-06,149429.427748
31.1666666667,-0.00102548813447,0.579488277435,2.40511059761,6.82742102072e-05,2.31658959819e-05,0,0,-9.05124252313e-05,-1.16010165215,41.5200233459,42.0000359416,0,0,0,3.22098080808e-06,149429.427748
31.1777777778,-0.00102548813447,0.579488277435,2.40511059761,6.82742102072e-05,2.31658959819e-05,0,0,-9.05124252313e-05,-1.16010165215,41.5200233459,42.0000359416,0,0,0,3.22053968957e-06,149429.427748
31.1888888889,-0.00102548813447,0.579488277435,2.40511059761,6.82742102072e-05,2.31658959819e-05,0,0,-9.05124252313e-05,-1.16010165215,41.5200233459,42.0000359416,0,0,0,3.22039136247e-06,149429.427748
31.2,-0.00102548813447,0.579488277435,2.40511059761,6.82742102072e-05,2.31658959819e-05,0,0,-9.05124252313e-05,-1.16010165215,41.5200233459,42.0000359416,0,0,0,3.22017874442e-06,149429.427748
31.2111111111,-0.00102548813447,0.579488277435,2.40511059761,6.82742102072e-05,2.31658959819e-05,0,0,-9.05124252313e-05,-1.16010165215,41.5200233459,42.0000359416,0,0,0,3.22082559618e-06,149429.427748
31.2222222222,-0.00102548813447,0.579488277435,2.40511059761,6.82742102072e-05,2.31658959819e-05,0,0,-9.05124252313e-05,-1.16010165215,41.5200233459,42.0000359416,0,0,0,3.22019570826e-06,149429.427748
31.2333333333,-0.00102548813447,0.579488277435,2.40511059761,6.82742102072e-05,2.31658959819e-05,0,0,-9.05124252313e-05,-1.16010165215,41.5200233459,42.0000359416,0,0,0,3.22026590849e-06,149429.427748
31.2444444444,-0.00102548813447,0.579488277435,2.40511059761,6.82742102072e-05,2.31658959819e-05,0,0,-9.05124252313e-05,-1.16010165215,41.5200233459,42.0000359416,0,0,0,3.2204213591e-06,149429.427748
31.2555555556,-0.00102548813447,0.579488277435,2.40511059761,6.82742102072e-05,2.31658959819e-05,0,0,-9.05124252313e-05,-1.16010165215,41.5200233459,42.0000359416,0,0,0,3.22020534849e-06,149429.427748
31.2666666667,-0.00102548813447,0.579488277435,2.40511059761,6.82742102072e-05,2.31658959819e-05,0,0,-9.05124252313e-05,-1.16010165215,41.5200233459,42.0000359416,0,0,0,3.22067494364e-06,149429.427748
31.2777777778,-0.00102548813447,0.579488277435,2.40511059761,6.82742102072e-05,2.31658959819e-05,0,0,-9.05124252313e-05,-1.16010165215,41.5200233459,42.0000359416,0,0,0,3.22079333783e-06,149429.427748
31.2888888889,-0.00102548813447,0.579488277435,2.40511059761,6.82742102072e-05,2.31658959819e-05,0,0,-9.05124252313e-05,-1.16010165215,41.5200233459,42.0000359416,0,0,0,3.21972398367e-06,149429.427748
31.3,-0.00102548813447,0.579488277435,2.40511059761,6.82742102072e-05,2.31658959819e-05,0,0,-9.05124252313e-05,-1.16010165215,41.5200233459,42.0000359416,0,0,0,3.22047359184e-06,149429.427748
31.3111111111,-0.00102548813447,0.579488277435,2.40511059761,6.82742102072e-05,2.31658959819e-05,0,0,-9.05124252313e-05,-1.16010165215,41.5200233459,42.0000359416,0,0,0,3.22094146073e-06,149429.427748
31.3222222222,-0.00102548813447,0.579488277435,2.40511059761,6.82742102072e-05,2.31658959819e-05,0,0,-9.05124252313e-05,-1.16010165215,41.5200233459,42.0000359416,0,0,0,3.21990020305e-06,149429.427748
31.3333333333,-0.00102548813447,0.579488277435,2.40511059761,6.82742102072e-05,2.31658959819e-05,0,0,-9.05124252313e-05,-1.16010165215,41.5200233459,42.0000359416,0,0,0,3.21969539906e-06,149429.427748
31.3444444444,-0.00102548813447,0.579488277435,2.40511059761,6.82742102072e-05,2.31658959819e-05,0,0,-9.05124252313e-05,-1.16010165215,41.5200233459,42.0000359416,0,0,0,3.21984987765e-06,149429.427748
31.3555555556,-0.00102548813447,0.579488277435,2.40511059761,6.82742102072e-05,2.31658959819e-05,0,0,-9.05124252313e-05,-1.16010165215,41.5200233459,42.0000359416,0,0,0,3.22006088428e-06,149429.427748
31.3666666667,-0.00102548813447,0.579488277435,2.40511059761,6.82742102072e-05,2.31658959819e-05,0,0,-9.05124252313e-05,-1.16010165215,41.5200233459,42.0000359416,0,0,0,3.22024955801e-06,149429.427748
31.3777777778,-0.00102548813447,0.579488277435,2.40511059761,6.82742102072e-05,2.31658959819e-05,0,0,-9.05124252313e-05,-1.16010165215,41.5200233459,42.0000359416,0,0,0,3.22003617387e-06,149429.427748
31.3888888889,-0.00102548813447,0.579488277435,2.40511059761,6.82742102072e-05,2.31658959819e-05,0,0,-9.05124252313e-05,-1.16010165215,41.5200233459,42.0000359416,0,0,0,3.2205587184e-06,149429.427748
31.4,-0.00102548813447,0.579488277435,2.40511059761,6.82742102072e-05,2.31658959819e-05,0,0,-9.05124252313e-05,-1.16010165215,41.5200233459,42.0000359416,0,0,0,3.2196521527e-06,149429.427748
31.4111111111,-0.00102548813447,0.579488277435,2.40511059761,6.82742102072e-05,2.31658959819e-05,0,0,-9.05124252313e-05,-1.16010165215,41.5200233459,42.0000359416,0,0,0,3.22053586824e-06,149429.427748
31.4222222222,-0.00102548813447,0.579488277435,2.40511059761,6.82742102072e-05,2.31658959819e-05,0,0,-9.05124252313e-05,-1.16010165215,41.5200233459,42.0000359416,0,0,0,3.22080638297e-06,149429.427748
31.4333333333,-0.00102548813447,0.579488277435,2.40511059761,6.82742102072e-05,2.31658959819e-05,0,0,-9.05124252313e-05,-1.16010165215,41.5200233459,42.0000359416,0,0,0,3.22017200346e-06,149429.427748
31.4444444444,-0.00102548813447,0.579488277435,2.40511059761,6.82742102072e-05,2.31658959819e-05,0,0,-9.05124252313e-05,-1.16010165215,41.5200233459,42.0000359416,0,0,0,3.22067390983e-06,149429.427748
31.4555555556,-0.00102548813447,0.579488277435,2.40511059761,6.82742102072e-05,2.31658959819e-05,0,0,-9.05124252313e-05,-1.16010165215,41.5200233459,42.0000359416,0,0,0,3.21992275848e-06,149429.427748
31.4666666667,-0.00102548813447,0.579488277435,2.40511059761,6.82742102072e-05,2.31658959819e-05,0,0,-9.05124252313e-05,-1.16010165215,41.5200233459,42.0000359416,0,0,0,3.21999461559e-06,149429.427748
31.4777777778,-0.00102548813447,0.579488277435,2.40511059761,6.82742102072e-05,2.31658959819e-05,0,0,-9.05124252313e-05,-1.16010165215,41.5200233459,42.0000359416,0,0,0,3.22091285105e-06,149429.427748
31.4888888889,-0.00102548813447,0.579488277435,2.40511059761,6.82742102072e-05,2.31658959819e-05,0,0,-9.05124252313e-05,-1.16010165215,41.5200233459,42.0000359416,0,0,0,3.22172008087e-06,149429.427748
31.5,-0.00102548813447,0.579488277435,2.40511059761,6.82742102072e-05,2.31658959819e-05,0,0,-9.05124252313e-05,-1.16010165215,41.5200233459,42.0000359416,0,0,0,3.219916478e-06,149429.427748
31.5111111111,-0.00102548813447,0.579488277435,2.40511059761,6.82742102072e-05,2.31658959819e-05,0,0,-9.05124252313e-05,-1.16010165215,41.5200233459,42.0000359416,0,0,0,3.22009758753e-06,149429.427748
31.5222222222,-0.00102548813447,0.579488277435,2.40511059761,6.82742102072e-05,2.31658959819e-05,0,0,-9.05124252313e-05,-1.16010165215,41.5200233459,42.0000359416,0,0,0,3.2204534389e-06,149429.427748
31.5333333333,-0.00102548813447,0.579488277435,2.40511059761,6.82742102072e-05,2.31658959819e-05,0,0,-9.05124252313e-05,-1.16010165215,41.5200233459,42.0000359416,0,0,0,3.22006060407e-06,149429.427748
31.5444444444,-0.00102548813447,0.579488277435,2.40511059761,6.82742102072e-05,2.31658959819e-05,0,0,-9.05124252313e-05,-1.16010165215,41.5200233459,42.0000359416,0,0,0,3.22012120463e-06,149429.427748
31.5555555556,-0.00102548813447,0.579488277435,2.40511059761,6.82742102072e-05,2.31658959819e-05,0,0,-9.05124252313e-05,-1.16010165215,41.5200233459,42.0000359416,0,0,0,3.2197087127e-06,149429.427748
31.5666666667,-0.00102548813447,0.579488277435,2.40511059761,6.82742102072e-05,2.31658959819e-05,0,0,-9.05124252313e-05,-1.16010165215,41.5200233459,42.0000359416,0,0,0,3.21965987066e-06,149429.427748
31.5777777778,-0.00102548813447,0.579488277435,2.40511059761,6.82742102072e-05,2.31658959819e-05,0,0,-9.05124252313e-05,-1.16010165215,41.5200233459,42.0000359416,0,0,0,3.21983598896e-06,149429.427748
31.5888888889,-0.00102548813447,0.579488277435,2.40511059761,6.82742102072e-05,2.31658959819e-05,0,0,-9.05124252313e-05,-1.16010165215,41.5200233459,42.0000359416,0,0,0,3.22018345745e-06,149429.427748
31.6,-0.00102548813447,0.579488277435,2.40511059761,6.82742102072e-05,2.31658959819e-05,0,0,-9.05124252313e-05,-1.16010165215,41.5200233459,42.0000359416,0,0,0,3.22077748989e-06,149429.427748
31.6111111111,-0.00102548813447,0.579488277435,2.40511059761,6.82742102072e-05,2.31658959819e-05,0,0,-9.05124252313e-05,-1.16010165215,41.5200233459,42.0000359416,0,0,0,3.22093491668e-06,149429.427748
31.6222222222,-0.00102548813447,0.579488277435,2.40511059761,6.82742102072e-05,2.31658959819e-05,0,0,-9.05124252313e-05,-1.16010165215,41.5200233459,42.0000359416,0,0,0,3.22078448985e-06,149429.427748
31.6333333333,-0.00102548813447,0.579488277435,2.40511059761,6.82742102072e-05,2.31658959819e-05,0,0,-9.05124252313e-05,-1.16010165215,41.5200233459,42.0000359416,0,0,0,3.21984695995e-06,149429.427748
31.6444444444,-0.00102548813447,0.579488277435,2.40511059761,6.82742102072e-05,2.31658959819e-05,0,0,-9.05124252313e-05,-1.16010165215,41.5200233459,42.0000359416,0,0,0,3.22050457787e-06,149429.427748
31.6555555556,-0.00102548813447,0.579488277435,2.40511059761,6.82742102072e-05,2.31658959819e-05,0,0,-9.05124252313e-05,-1.16010165215,41.5200233459,42.0000359416,0,0,0,3.22056190882e-06,149429.427748
31.6666666667,-0.00102548813447,0.579488277435,2.40511059761,6.82742102072e-05,2.31658959819e-05,0,0,-9.05124252313e-05,-1.16010165215,41.5200233459,42.0000359416,0,0,0,3.22011951167e-06,149429.427748
31.6777777778,-0.00102548813447,0.579488277435,2.40511059761,6.82742102072e-05,2.31658959819e-05,0,0,-9.05124252313e-05,-1.16010165215,41.5200233459,42.0000359416,0,0,0,3.21959723101e-06,149429.427748
31.6888888889,-0.00102548813447,0.579488277435,2.40511059761,6.82742102072e-05,2.31658959819e-05,0,0,-9.05124252313e-05,-1.16010165215,41.5200233459,42.0000359416,0,0,0,3.22058011613e-06,149429.427748
31.7,-0.00102548813447,0.579488277435,2.40511059761,6.82742102072e-05,2.31658959819e-05,0,0,-9.05124252313e-05,-1.16010165215,41.5200233459,42.0000359416,0,0,0,3.22060316217e-06,149429.427748
31.7111111111,-0.00102548813447,0.579488277435,2.40511059761,6.82742102072e-05,2.31658959819e-05,0,0,-9.05124252313e-05,-1.16010165215,41.5200233459,42.0000359416,0,0,0,3.21980713221e-06,149429.427748
31.7222222222,-0.00102548813447,0.579488277435,2.40511059761,6.82742102072e-05,2.31658959819e-05,0,0,-9.05124252313e-05,-1.16010165215,41.5200233459,42.0000359416,0,0,0,3.22083121407e-06,149429.427748
31.7333333333,-0.00102548813447,0.579488277435,2.40511059761,6.82742102072e-05,2.31658959819e-05,0,0,-9.05124252313e-05,-1.16010165215,41.5200233459,42.0000359416,0,0,0,3.22095279401e-06,149429.427748
31.7444444444,-0.00102548813447,0.579488277435,2.40511059761,6.82742102072e-05,2.31658959819e-05,0,0,-9.05124252313e-05,-1.16010165215,41.5200233459,42.0000359416,0,0,0,3.22014458884e-06,149429.427748
31.7555555556,-0.00102548813447,0.579488277435,2.40511059761,6.82742102072e-05,2.31658959819e-05,0,0,-9.05124252313e-05,-1.16010165215,41.5200233459,42.0000359416,0,0,0,3.22019772682e-06,149429.427748
31.7666666667,-0.00102548813447,0.579488277435,2.40511059761,6.82742102072e-05,2.31658959819e-05,0,0,-9.05124252313e-05,-1.16010165215,41.5200233459,42.0000359416,0,0,0,3.21975216881e-06,149429.427748
31.7777777778,-0.00102548813447,0.579488277435,2.40511059761,6.82742102072e-05,2.31658959819e-05,0,0,-9.05124252313e-05,-1.16010165215,41.5200233459,42.0000359416,0,0,0,3.22095484718e-06,149429.427748
31.7888888889,-0.00102548813447,0.579488277435,2.40511059761,6.82742102072e-05,2.31658959819e-05,0,0,-9.05124252313e-05,-1.16010165215,41.5200233459,42.0000359416,0,0,0,3.2196276535e-06,149429.427748
31.8,-0.00102548813447,0.579488277435,2.40511059761,6.82742102072e-05,2.31658959819e-05,0,0,-9.05124252313e-05,-1.16010165215,41.5200233459,42.0000359416,0,0,0,3.22036453849e-06,149429.427748
31.8111111111,-0.00102548813447,0.579488277435,2.40511059761,6.82742102072e-05,2.31658959819e-05,0,0,-9.05124252313e-05,-1.16010165215,41.5200233459,42.0000359416,0,0,0,3.21990793069e-06,149429.427748
31.8222222222,-0.00102548813447,0.579488277435,2.40511059761,6.82742102072e-05,2.31658959819e-05,0,0,-9.05124252313e-05,-1.16010165215,41.5200233459,42.0000359416,0,0,0,3.21988404205e-06,149429.427748
31.8333333333,-0.00102548813447,0.579488277435,2.40511059761,6.82742102072e-05,2.31658959819e-05,0,0,-9.05124252313e-05,-1.16010165215,41.5200233459,42.0000359416,0,0,0,3.21978373949e-06,149429.427748
31.8444444444,-0.00102548813447,0.579488277435,2.40511059761,6.82742102072e-05,2.31658959819e-05,0,0,-9.05124252313e-05,-1.16010165215,41.5200233459,42.0000359416,0,0,0,3.2199408414e-06,149429.427748
31.8555555556,-0.00102548813447,0.579488277435,2.40511059761,6.82742102072e-05,2.31658959819e-05,0,0,-9.05124252313e-05,-1.16010165215,41.5200233459,42.0000359416,0,0,0,3.21973855226e-06,149429.427748
31.8666666667,-0.00102548813447,0.579488277435,2.40511059761,6.82742102072e-05,2.31658959819e-05,0,0,-9.05124252313e-05,-1.16010165215,41.5200233459,42.0000359416,0,0,0,3.21998540322e-06,149429.427748
31.8777777778,-0.00102548813447,0.579488277435,2.40511059761,6.82742102072e-05,2.31658959819e-05,0,0,-9.05124252313e-05,-1.16010165215,41.5200233459,42.0000359416,0,0,0,3.21966672691e-06,149429.427748
31.8888888889,-0.00102548813447,0.579488277435,2.40511059761,6.82742102072e-05,2.31658959819e-05,0,0,-9.05124252313e-05,-1.16010165215,41.5200233459,42.0000359416,0,0,0,3.22050914797e-06,149429.427748
31.9,-0.00102548813447,0.579488277435,2.40511059761,6.82742102072e-05,2.31658959819e-05,0,0,-9.05124252313e-05,-1.16010165215,41.5200233459,42.0000359416,0,0,0,3.22008729431e-06,149429.427748
31.9111111111,-0.00102548813447,0.579488277435,2.40511059761,6.82742102072e-05,2.31658959819e-05,0,0,-9.05124252313e-05,-1.16010165215,41.5200233459,42.0000359416,0,0,0,3.21963483717e-06,149429.427748
31.9222222222,-0.00102548813447,0.579488277435,2.40511059761,6.82742102072e-05,2.31658959819e-05,0,0,-9.05124252313e-05,-1.16010165215,41.5200233459,42.0000359416,0,0,0,3.22052763738e-06,149429.427748
31.9333333333,-0.00102548813447,0.579488277435,2.40511059761,6.82742102072e-05,2.31658959819e-05,0,0,-9.05124252313e-05,-1.16010165215,41.5200233459,42.0000359416,0,0,0,3.22001465718e-06,149429.427748
31.9444444444,-0.00102548813447,0.579488277435,2.40511059761,6.82742102072e-05,2.31658959819e-05,0,0,-9.05124252313e-05,-1.16010165215,41.5200233459,42.0000359416,0,0,0,3.22025669753e-06,149429.427748
31.9555555556,-0.00102548813447,0.579488277435,2.40511059761,6.82742102072e-05,2.31658959819e-05,0,0,-9.05124252313e-05,-1.16010165215,41.5200233459,42.0000359416,0,0,0,3.22039044521e-06,149429.427748
31.9666666667,-0.00102548813447,0.579488277435,2.40511059761,6.82742102072e-05,2.31658959819e-05,0,0,-9.05124252313e-05,-1.16010165215,41.5200233459,42.0000359416,0,0,0,3.2206136707e-06,149429.427748
31.9777777778,-0.00102548813447,0.579488277435,2.40511059761,6.82742102072e-05,2.31658959819e-05,0,0,-9.05124252313e-05,-1.16010165215,41.5200233459,42.0000359416,0,0,0,3.22066836674e-06,149429.427748
31.9888888889,-0.00102548813447,0.579488277435,2.40511059761,6.82742102072e-05,2.31658959819e-05,0,0,-9.05124252313e-05,-1.16010165215,41.5200233459,42.0000359416,0,0,0,3.22008479108e-06,149429.427748
32,-0.00102548813447,0.579488277435,2.40511059761,6.82742102072e-05,2.31658959819e-05,0,0,-9.05124252313e-05,-1.16010165215,41.5200233459,42.0000359416,0,0,0,3.22077340092e-06,149429.427748
32.0111111111,-0.00102548813447,0.579488277435,2.40511059761,6.82742102072e-05,2.31658959819e-05,0,0,-9.05124252313e-05,-1.16010165215,41.5200233459,42.0000359416,0,0,0,3.21990143406e-06,149429.427748
32.0222222222,-0.00102548813447,0.579488277435,2.40511059761,6.82742102072e-05,2.31658959819e-05,0,0,-9.05124252313e-05,-1.16010165215,41.5200233459,42.0000359416,0,0,0,3.22045491547e-06,149429.427748
32.0333333333,-0.00102548813447,0.579488277435,2.40511059761,6.82742102072e-05,2.31658959819e-05,0,0,-9.05124252313e-05,-1.16010165215,41.5200233459,42.0000359416,0,0,0,3.22047604294e-06,149429.427748
32.0444444444,-0.00102548813447,0.579488277435,2.40511059761,6.82742102072e-05,2.31658959819e-05,0,0,-9.05124252313e-05,-1.16010165215,41.5200233459,42.0000359416,0,0,0,3.21992738898e-06,149429.427748
32.0555555556,-0.00102548813447,0.579488277435,2.40511059761,6.82742102072e-05,2.31658959819e-05,0,0,-9.05124252313e-05,-1.16010165215,41.5200233459,42.0000359416,0,0,0,3.22064469782e-06,149429.427748
32.0666666667,-0.00102548813447,0.579488277435,2.40511059761,6.82742102072e-05,2.31658959819e-05,0,0,-9.05124252313e-05,-1.16010165215,41.5200233459,42.0000359416,0,0,0,3.21992291652e-06,149429.427748
32.0777777778,-0.00102548813447,0.579488277435,2.40511059761,6.82742102072e-05,2.31658959819e-05,0,0,-9.05124252313e-05,-1.16010165215,41.5200233459,42.0000359416,0,0,0,3.21969997416e-06,149429.427748
32.0888888889,-0.00102548813447,0.579488277435,2.40511059761,6.82742102072e-05,2.31658959819e-05,0,0,-9.05124252313e-05,-1.16010165215,41.5200233459,42.0000359416,0,0,0,3.2196588012e-06,149429.427748
32.1,-0.00102548813447,0.579488277435,2.40511059761,6.82742102072e-05,2.31658959819e-05,0,0,-9.05124252313e-05,-1.16010165215,41.5200233459,42.0000359416,0,0,0,3.22092801406e-06,149429.427748
32.1111111111,-0.00102548813447,0.579488277435,2.40511059761,6.82742102072e-05,2.31658959819e-05,0,0,-9.05124252313e-05,-1.16010165215,41.5200233459,42.0000359416,0,0,0,3.21963499498e-06,149429.427748
32.1222222222,-0.00102548813447,0.579488277435,2.40511059761,6.82742102072e-05,2.31658959819e-05,0,0,-9.05124252313e-05,-1.16010165215,41.5200233459,42.0000359416,0,0,0,3.21996340293e-06,149429.427748
32.1333333333,-0.00102548813447,0.579488277435,2.40511059761,6.82742102072e-05,2.31658959819e-05,0,0,-9.05124252313e-05,-1.16010165215,41.5200233459,42.0000359416,0,0,0,3.22007752805e-06,149429.427748
32.1444444444,-0.00102548813447,0.579488277435,2.40511059761,6.82742102072e-05,2.31658959819e-05,0,0,-9.05124252313e-05,-1.16010165215,41.5200233459,42.0000359416,0,0,0,3.22082733649e-06,149429.427748
32.1555555556,-0.00102548813447,0.579488277435,2.40511059761,6.82742102072e-05,2.31658959819e-05,0,0,-9.05124252313e-05,-1.16010165215,41.5200233459,42.0000359416,0,0,0,3.22057455852e-06,149429.427748
32.1666666667,-0.00102548813447,0.579488277435,2.40511059761,6.82742102072e-05,2.31658959819e-05,0,0,-9.05124252313e-05,-1.16010165215,41.5200233459,42.0000359416,0,0,0,3.21966241439e-06,149429.427748
32.1777777778,-0.00102548813447,0.579488277435,2.40511059761,6.82742102072e-05,2.31658959819e-05,0,0,-9.05124252313e-05,-1.16010165215,41.5200233459,42.0000359416,0,0,0,3.21968077746e-06,149429.427748
32.1888888889,-0.00102548813447,0.579488277435,2.40511059761,6.82742102072e-05,2.31658959819e-05,0,0,-9.05124252313e-05,-1.16010165215,41.5200233459,42.0000359416,0,0,0,3.22096112024e-06,149429.427748
32.2,-0.00102548813447,0.579488277435,2.40511059761,6.82742102072e-05,2.31658959819e-05,0,0,-9.05124252313e-05,-1.16010165215,41.5200233459,42.0000359416,0,0,0,3.22053140232e-06,149429.427748
32.2111111111,-0.00102548813447,0.579488277435,2.40511059761,6.82742102072e-05,2.31658959819e-05,0,0,-9.05124252313e-05,-1.16010165215,41.5200233459,42.0000359416,0,0,0,3.21999642204e-06,149429.427748
32.2222222222,-0.00102548813447,0.579488277435,2.40511059761,6.82742102072e-05,2.31658959819e-05,0,0,-9.05124252313e-05,-1.16010165215,41.5200233459,42.0000359416,0,0,0,3.22080736058e-06,149429.427748
32.2333333333,-0.00102548813447,0.579488277435,2.40511059761,6.82742102072e-05,2.31658959819e-05,0,0,-9.05124252313e-05,-1.16010165215,41.5200233459,42.0000359416,0,0,0,3.22061958675e-06,149429.427748
32.2444444444,-0.00102548813447,0.579488277435,2.40511059761,6.82742102072e-05,2.31658959819e-05,0,0,-9.05124252313e-05,-1.16010165215,41.5200233459,42.0000359416,0,0,0,3.21978767995e-06,149429.427748
32.2555555556,-0.00102548813447,0.579488277435,2.40511059761,6.82742102072e-05,2.31658959819e-05,0,0,-9.05124252313e-05,-1.16010165215,41.5200233459,42.0000359416,0,0,0,3.21961862895e-06,149429.427748
32.2666666667,-0.00102548813447,0.579488277435,2.40511059761,6.82742102072e-05,2.31658959819e-05,0,0,-9.05124252313e-05,-1.16010165215,41.5200233459,42.0000359416,0,0,0,3.21995483178e-06,149429.427748
32.2777777778,-0.00102548813447,0.579488277435,2.40511059761,6.82742102072e-05,2.31658959819e-05,0,0,-9.05124252313e-05,-1.16010165215,41.5200233459,42.0000359416,0,0,0,3.22011761911e-06,149429.427748
32.2888888889,-0.00102548813447,0.579488277435,2.40511059761,6.82742102072e-05,2.31658959819e-05,0,0,-9.05124252313e-05,-1.16010165215,41.5200233459,42.0000359416,0,0,0,3.22038939074e-06,149429.427748
32.3,-0.00102548813447,0.579488277435,2.40511059761,6.82742102072e-05,2.31658959819e-05,0,0,-9.05124252313e-05,-1.16010165215,41.5200233459,42.0000359416,0,0,0,3.22093922673e-06,149429.427748
32.3111111111,-0.00102548813447,0.579488277435,2.40511059761,6.82742102072e-05,2.31658959819e-05,0,0,-9.05124252313e-05,-1.16010165215,41.5200233459,42.0000359416,0,0,0,3.21976382796e-06,149429.427748
32.3222222222,-0.00102548813447,0.579488277435,2.40511059761,6.82742102072e-05,2.31658959819e-05,0,0,-9.05124252313e-05,-1.16010165215,41.5200233459,42.0000359416,0,0,0,3.22083697422e-06,149429.427748
32.3333333333,-0.00102548813447,0.579488277435,2.40511059761,6.82742102072e-05,2.31658959819e-05,0,0,-9.05124252313e-05,-1.16010165215,41.5200233459,42.0000359416,0,0,0,3.2206767654e-06,149429.427748
32.3444444444,-0.00102548813447,0.579488277435,2.40511059761,6.82742102072e-05,2.31658959819e-05,0,0,-9.05124252313e-05,-1.16010165215,41.5200233459,42.0000359416,0,0,0,3.22052248632e-06,149429.427748
32.3555555556,-0.00102548813447,0.579488277435,2.40511059761,6.82742102072e-05,2.31658959819e-05,0,0,-9.05124252313e-05,-1.16010165215,41.5200233459,42.0000359416,0,0,0,3.2205392328e-06,149429.427748
32.3666666667,-0.00102548813447,0.579488277435,2.40511059761,6.82742102072e-05,2.31658959819e-05,0,0,-9.05124252313e-05,-1.16010165215,41.5200233459,42.0000359416,0,0,0,3.22047227184e-06,149429.427748
32.3777777778,-0.00102548813447,0.579488277435,2.40511059761,6.82742102072e-05,2.31658959819e-05,0,0,-9.05124252313e-05,-1.16010165215,41.5200233459,42.0000359416,0,0,0,3.21971913011e-06,149429.427748
32.3888888889,-0.00102548813447,0.579488277435,2.40511059761,6.82742102072e-05,2.31658959819e-05,0,0,-9.05124252313e-05,-1.16010165215,41.5200233459,42.0000359416,0,0,0,3.22074416927e-06,149429.427748
32.4,-0.00102548813447,0.579488277435,2.40511059761,6.82742102072e-05,2.31658959819e-05,0,0,-9.05124252313e-05,-1.16010165215,41.5200233459,42.0000359416,0,0,0,3.21991336916e-06,149429.427748
32.4111111111,-0.00102548813447,0.579488277435,2.40511059761,6.82742102072e-05,2.31658959819e-05,0,0,-9.05124252313e-05,-1.16010165215,41.5200233459,42.0000359416,0,0,0,3.21998976898e-06,149429.427748
32.4222222222,-0.00102548813447,0.579488277435,2.40511059761,6.82742102072e-05,2.31658959819e-05,0,0,-9.05124252313e-05,-1.16010165215,41.5200233459,42.0000359416,0,0,0,3.22022217853e-06,149429.427748
32.4333333333,-0.00102548813447,0.579488277435,2.40511059761,6.82742102072e-05,2.31658959819e-05,0,0,-9.05124252313e-05,-1.16010165215,41.5200233459,42.0000359416,0,0,0,3.22004371956e-06,149429.427748
32.4444444444,-0.00102548813447,0.579488277435,2.40511059761,6.82742102072e-05,2.31658959819e-05,0,0,-9.05124252313e-05,-1.16010165215,41.5200233459,42.0000359416,0,0,0,3.21991092396e-06,149429.427748
32.4555555556,-0.00102548813447,0.579488277435,2.40511059761,6.82742102072e-05,2.31658959819e-05,0,0,-9.05124252313e-05,-1.16010165215,41.5200233459,42.0000359416,0,0,0,3.2209631406e-06,149429.427748
32.4666666667,-0.00102548813447,0.579488277435,2.40511059761,6.82742102072e-05,2.31658959819e-05,0,0,-9.05124252313e-05,-1.16010165215,41.5200233459,42.0000359416,0,0,0,3.22041390103e-06,149429.427748
32.4777777778,-0.00102548813447,0.579488277435,2.40511059761,6.82742102072e-05,2.31658959819e-05,0,0,-9.05124252313e-05,-1.16010165215,41.5200233459,42.0000359416,0,0,0,3.22032381851e-06,149429.427748
32.4888888889,-0.00102548813447,0.579488277435,2.40511059761,6.82742102072e-05,2.31658959819e-05,0,0,-9.05124252313e-05,-1.16010165215,41.5200233459,42.0000359416,0,0,0,3.21993371817e-06,149429.427748
32.5,-0.00102548813447,0.579488277435,2.40511059761,6.82742102072e-05,2.31658959819e-05,0,0,-9.05124252313e-05,-1.16010165215,41.5200233459,42.0000359416,0,0,0,3.22064137749e-06,149429.427748
32.5111111111,-0.00102548813447,0.579488277435,2.40511059761,6.82742102072e-05,2.31658959819e-05,0,0,-9.05124252313e-05,-1.16010165215,41.5200233459,42.0000359416,0,0,0,3.22081835245e-06,149429.427748
32.5222222222,-0.00102548813447,0.579488277435,2.40511059761,6.82742102072e-05,2.31658959819e-05,0,0,-9.05124252313e-05,-1.16010165215,41.5200233459,42.0000359416,0,0,0,3.22033682509e-06,149429.427748
32.5333333333,-0.00102548813447,0.579488277435,2.40511059761,6.82742102072e-05,2.31658959819e-05,0,0,-9.05124252313e-05,-1.16010165215,41.5200233459,42.0000359416,0,0,0,3.22055545603e-06,149429.427748
32.5444444444,-0.00102548813447,0.579488277435,2.40511059761,6.82742102072e-05,2.31658959819e-05,0,0,-9.05124252313e-05,-1.16010165215,41.5200233459,42.0000359416,0,0,0,3.22025154759e-06,149429.427748
32.5555555556,-0.00102548813447,0.579488277435,2.40511059761,6.82742102072e-05,2.31658959819e-05,0,0,-9.05124252313e-05,-1.16010165215,41.5200233459,42.0000359416,0,0,0,3.21999618646e-06,149429.427748
32.5666666667,-0.00102548813447,0.579488277435,2.40511059761,6.82742102072e-05,2.31658959819e-05,0,0,-9.05124252313e-05,-1.16010165215,41.5200233459,42.0000359416,0,0,0,3.21988993003e-06,149429.427748
32.5777777778,-0.00102548813447,0.579488277435,2.40511059761,6.82742102072e-05,2.31658959819e-05,0,0,-9.05124252313e-05,-1.16010165215,41.5200233459,42.0000359416,0,0,0,3.21997028733e-06,149429.427748
32.5888888889,-0.00102548813447,0.579488277435,2.40511059761,6.82742102072e-05,2.31658959819e-05,0,0,-9.05124252313e-05,-1.16010165215,41.5200233459,42.0000359416,0,0,0,3.22005614943e-06,149429.427748
32.6,-0.00102548813447,0.579488277435,2.40511059761,6.82742102072e-05,2.31658959819e-05,0,0,-9.05124252313e-05,-1.16010165215,41.5200233459,42.0000359416,0,0,0,3.2201376647e-06,149429.427748
32.6111111111,-0.00102548813447,0.579488277435,2.40511059761,6.82742102072e-05,2.31658959819e-05,0,0,-9.05124252313e-05,-1.16010165215,41.5200233459,42.0000359416,0,0,0,3.22068043978e-06,149429.427748
32.6222222222,-0.00102548813447,0.579488277435,2.40511059761,6.82742102072e-05,2.31658959819e-05,0,0,-9.05124252313e-05,-1.16010165215,41.5200233459,42.0000359416,0,0,0,3.22081920806e-06,149429.427748
32.6333333333,-0.00102548813447,0.579488277435,2.40511059761,6.82742102072e-05,2.31658959819e-05,0,0,-9.05124252313e-05,-1.16010165215,41.5200233459,42.0000359416,0,0,0,3.22097185577e-06,149429.427748
32.6444444444,-0.00102548813447,0.579488277435,2.40511059761,6.82742102072e-05,2.31658959819e-05,0,0,-9.05124252313e-05,-1.16010165215,41.5200233459,42.0000359416,0,0,0,3.22084647315e-06,149429.427748
32.6555555556,-0.00102548813447,0.579488277435,2.40511059761,6.82742102072e-05,2.31658959819e-05,0,0,-9.05124252313e-05,-1.16010165215,41.5200233459,42.0000359416,0,0,0,3.22082121005e-06,149429.427748
32.6666666667,-0.00102548813447,0.579488277435,2.40511059761,6.82742102072e-05,2.31658959819e-05,0,0,-9.05124252313e-05,-1.16010165215,41.5200233459,42.0000359416,0,0,0,3.21998555584e-06,149429.427748
32.6777777778,-0.00102548813447,0.579488277435,2.40511059761,6.82742102072e-05,2.31658959819e-05,0,0,-9.05124252313e-05,-1.16010165215,41.5200233459,42.0000359416,0,0,0,3.22072817792e-06,149429.427748
32.6888888889,-0.00102548813447,0.579488277435,2.40511059761,6.82742102072e-05,2.31658959819e-05,0,0,-9.05124252313e-05,-1.16010165215,41.5200233459,42.0000359416,0,0,0,3.21991632397e-06,149429.427748
32.7,-0.00102548813447,0.579488277435,2.40511059761,6.82742102072e-05,2.31658959819e-05,0,0,-9.05124252313e-05,-1.16010165215,41.5200233459,42.0000359416,0,0,0,3.22029532373e-06,149429.427748
32.7111111111,-0.00102548813447,0.579488277435,2.40511059761,6.82742102072e-05,2.31658959819e-05,0,0,-9.05124252313e-05,-1.16010165215,41.5200233459,42.0000359416,0,0,0,3.22068417401e-06,149429.427748
32.7222222222,-0.00102548813447,0.579488277435,2.40511059761,6.82742102072e-05,2.31658959819e-05,0,0,-9.05124252313e-05,-1.16010165215,41.5200233459,42.0000359416,0,0,0,3.22087223066e-06,149429.427748
32.7333333333,-0.00102548813447,0.579488277435,2.40511059761,6.82742102072e-05,2.31658959819e-05,0,0,-9.05124252313e-05,-1.16010165215,41.5200233459,42.0000359416,0,0,0,3.21959633271e-06,149429.427748
32.7444444444,-0.00102548813447,0.579488277435,2.40511059761,6.82742102072e-05,2.31658959819e-05,0,0,-9.05124252313e-05,-1.16010165215,41.5200233459,42.0000359416,0,0,0,3.22037453967e-06,149429.427748
32.7555555556,-0.00102548813447,0.579488277435,2.40511059761,6.82742102072e-05,2.31658959819e-05,0,0,-9.05124252313e-05,-1.16010165215,41.5200233459,42.0000359416,0,0,0,3.22060654431e-06,149429.427748
32.7666666667,-0.00102548813447,0.579488277435,2.40511059761,6.82742102072e-05,2.31658959819e-05,0,0,-9.05124252313e-05,-1.16010165215,41.5200233459,42.0000359416,0,0,0,3.21976310442e-06,149429.427748
32.7777777778,-0.00102548813447,0.579488277435,2.40511059761,6.82742102072e-05,2.31658959819e-05,0,0,-9.05124252313e-05,-1.16010165215,41.5200233459,42.0000359416,0,0,0,3.22103670081e-06,149429.427748
32.7888888889,-0.00102548813447,0.579488277435,2.40511059761,6.82742102072e-05,2.31658959819e-05,0,0,-9.05124252313e-05,-1.16010165215,41.5200233459,42.0000359416,0,0,0,3.22058912973e-06,149429.427748
32.8,-0.00102548813447,0.579488277435,2.40511059761,6.82742102072e-05,2.31658959819e-05,0,0,-9.05124252313e-05,-1.16010165215,41.5200233459,42.0000359416,0,0,0,3.21973382413e-06,149429.427748
32.8111111111,-0.00102548813447,0.579488277435,2.40511059761,6.82742102072e-05,2.31658959819e-05,0,0,-9.05124252313e-05,-1.16010165215,41.5200233459,42.0000359416,0,0,0,3.22048451533e-06,149429.427748
32.8222222222,-0.00102548813447,0.579488277435,2.40511059761,6.82742102072e-05,2.31658959819e-05,0,0,-9.05124252313e-05,-1.16010165215,41.5200233459,42.0000359416,0,0,0,3.21961011653e-06,149429.427748
32.8333333333,-0.00102548813447,0.579488277435,2.40511059761,6.82742102072e-05,2.31658959819e-05,0,0,-9.05124252313e-05,-1.16010165215,41.5200233459,42.0000359416,0,0,0,3.22069312609e-06,149429.427748
32.8444444444,-0.00102548813447,0.579488277435,2.40511059761,6.82742102072e-05,2.31658959819e-05,0,0,-9.05124252313e-05,-1.16010165215,41.5200233459,42.0000359416,0,0,0,3.2204186821e-06,149429.427748
32.8555555556,-0.00102548813447,0.579488277435,2.40511059761,6.82742102072e-05,2.31658959819e-05,0,0,-9.05124252313e-05,-1.16010165215,41.5200233459,42.0000359416,0,0,0,3.21964148671e-06,149429.427748
32.8666666667,-0.00102548813447,0.579488277435,2.40511059761,6.82742102072e-05,2.31658959819e-05,0,0,-9.05124252313e-05,-1.16010165215,41.5200233459,42.0000359416,0,0,0,3.22027773467e-06,149429.427748
32.8777777778,-0.00102548813447,0.579488277435,2.40511059761,6.82742102072e-05,2.31658959819e-05,0,0,-9.05124252313e-05,-1.16010165215,41.5200233459,42.0000359416,0,0,0,3.21963537827e-06,149429.427748
32.8888888889,-0.00102548813447,0.579488277435,2.40511059761,6.82742102072e-05,2.31658959819e-05,0,0,-9.05124252313e-05,-1.16010165215,41.5200233459,42.0000359416,0,0,0,3.22064789871e-06,149429.427748
32.9,-0.00102548813447,0.579488277435,2.40511059761,6.82742102072e-05,2.31658959819e-05,0,0,-9.05124252313e-05,-1.16010165215,41.5200233459,42.0000359416,0,0,0,3.22068164616e-06,149429.427748
32.9111111111,-0.00102548813447,0.579488277435,2.40511059761,6.82742102072e-05,2.31658959819e-05,0,0,-9.05124252313e-05,-1.16010165215,41.5200233459,42.0000359416,0,0,0,3.22110918736e-06,149429.427748
32.9222222222,-0.00102548813447,0.579488277435,2.40511059761,6.82742102072e-05,2.31658959819e-05,0,0,-9.05124252313e-05,-1.16010165215,41.5200233459,42.0000359416,0,0,0,3.21979264655e-06,149429.427748
32.9333333333,-0.00102548813447,0.579488277435,2.40511059761,6.82742102072e-05,2.31658959819e-05,0,0,-9.05124252313e-05,-1.16010165215,41.5200233459,42.0000359416,0,0,0,3.22075522577e-06,149429.427748
32.9444444444,-0.00102548813447,0.579488277435,2.40511059761,6.82742102072e-05,2.31658959819e-05,0,0,-9.05124252313e-05,-1.16010165215,41.5200233459,42.0000359416,0,0,0,3.2205719974e-06,149429.427748
32.9555555556,-0.00102548813447,0.579488277435,2.40511059761,6.82742102072e-05,2.31658959819e-05,0,0,-9.05124252313e-05,-1.16010165215,41.5200233459,42.0000359416,0,0,0,3.22047588633e-06,149429.427748
32.9666666667,-0.00102548813447,0.579488277435,2.40511059761,6.82742102072e-05,2.31658959819e-05,0,0,-9.05124252313e-05,-1.16010165215,41.5200233459,42.0000359416,0,0,0,3.21961855418e-06,149429.427748
32.9777777778,-0.00102548813447,0.579488277435,2.40511059761,6.82742102072e-05,2.31658959819e-05,0,0,-9.05124252313e-05,-1.16010165215,41.5200233459,42.0000359416,0,0,0,3.21976258642e-06,149429.427748
32.9888888889,-0.00102548813447,0.579488277435,2.40511059761,6.82742102072e-05,2.31658959819e-05,0,0,-9.05124252313e-05,-1.16010165215,41.5200233459,42.0000359416,0,0,0,3.22070784811e-06,149429.427748
33,-0.00102548813447,0.579488277435,2.40511059761,6.82742102072e-05,2.31658959819e-05,0,0,-9.05124252313e-05,-1.16010165215,41.5200233459,42.0000359416,0,0,0,3.21969753622e-06,149429.427748
33.0111111111,-0.00102548813447,0.579488277435,2.40511059761,6.82742102072e-05,2.31658959819e-05,0,0,-9.05124252313e-05,-1.16010165215,41.5200233459,42.0000359416,0,0,0,3.22060435786e-06,149429.427748
33.0222222222,-0.00102548813447,0.579488277435,2.40511059761,6.82742102072e-05,2.31658959819e-05,0,0,-9.05124252313e-05,-1.16010165215,41.5200233459,42.0000359416,0,0,0,3.2204286779e-06,149429.427748
33.0333333333,-0.00102548813447,0.579488277435,2.40511059761,6.82742102072e-05,2.31658959819e-05,0,0,-9.05124252313e-05,-1.16010165215,41.5200233459,42.0000359416,0,0,0,3.21977270284e-06,149429.427748
33.0444444444,-0.00102548813447,0.579488277435,2.40511059761,6.82742102072e-05,2.31658959819e-05,0,0,-9.05124252313e-05,-1.16010165215,41.5200233459,42.0000359416,0,0,0,3.22051950908e-06,149429.427748
33.0555555556,-0.00102548813447,0.579488277435,2.40511059761,6.82742102072e-05,2.31658959819e-05,0,0,-9.05124252313e-05,-1.16010165215,41.5200233459,42.0000359416,0,0,0,3.22079507838e-06,149429.427748
33.0666666667,-0.00102548813447,0.579488277435,2.40511059761,6.82742102072e-05,2.31658959819e-05,0,0,-9.05124252313e-05,-1.16010165215,41.5200233459,42.0000359416,0,0,0,3.22097938379e-06,149429.427748
33.0777777778,-0.00102548813447,0.579488277435,2.40511059761,6.82742102072e-05,2.31658959819e-05,0,0,-9.05124252313e-05,-1.16010165215,41.5200233459,42.0000359416,0,0,0,3.22021598754e-06,149429.427748
33.0888888889,-0.00102548813447,0.579488277435,2.40511059761,6.82742102072e-05,2.31658959819e-05,0,0,-9.05124252313e-05,-1.16010165215,41.5200233459,42.0000359416,0,0,0,3.21965578035e-06,149429.427748
33.1,-0.00102548813447,0.579488277435,2.40511059761,6.82742102072e-05,2.31658959819e-05,0,0,-9.05124252313e-05,-1.16010165215,41.5200233459,42.0000359416,0,0,0,3.22006255844e-06,149429.427748
33.1111111111,-0.00102548813447,0.579488277435,2.40511059761,6.82742102072e-05,2.31658959819e-05,0,0,-9.05124252313e-05,-1.16010165215,41.5200233459,42.0000359416,0,0,0,3.22016983749e-06,149429.427748
33.1222222222,-0.00102548813447,0.579488277435,2.40511059761,6.82742102072e-05,2.31658959819e-05,0,0,-9.05124252313e-05,-1.16010165215,41.5200233459,42.0000359416,0,0,0,3.21978402282e-06,149429.427748
33.1333333333,-0.00102548813447,0.579488277435,2.40511059761,6.82742102072e-05,2.31658959819e-05,0,0,-9.05124252313e-05,-1.16010165215,41.5200233459,42.0000359416,0,0,0,3.22031216999e-06,149429.427748
33.1444444444,-0.00102548813447,0.579488277435,2.40511059761,6.82742102072e-05,2.31658959819e-05,0,0,-9.05124252313e-05,-1.16010165215,41.5200233459,42.0000359416,0,0,0,3.21965923689e-06,149429.427748
33.1555555556,-0.00102548813447,0.579488277435,2.40511059761,6.82742102072e-05,2.31658959819e-05,0,0,-9.05124252313e-05,-1.16010165215,41.5200233459,42.0000359416,0,0,0,3.22092329627e-06,149429.427748
33.1666666667,-0.00102548813447,0.579488277435,2.40511059761,6.82742102072e-05,2.31658959819e-05,0,0,-9.05124252313e-05,-1.16010165215,41.5200233459,42.0000359416,0,0,0,3.22013669244e-06,149429.427748
33.1777777778,-0.00102548813447,0.579488277435,2.40511059761,6.82742102072e-05,2.31658959819e-05,0,0,-9.05124252313e-05,-1.16010165215,41.5200233459,42.0000359416,0,0,0,3.22071531188e-06,149429.427748
33.1888888889,-0.00102548813447,0.579488277435,2.40511059761,6.82742102072e-05,2.31658959819e-05,0,0,-9.05124252313e-05,-1.16010165215,41.5200233459,42.0000359416,0,0,0,3.22031127935e-06,149429.427748
33.2,-0.00102548813447,0.579488277435,2.40511059761,6.82742102072e-05,2.31658959819e-05,0,0,-9.05124252313e-05,-1.16010165215,41.5200233459,42.0000359416,0,0,0,3.22002689736e-06,149429.427748
33.2111111111,-0.00102548813447,0.579488277435,2.40511059761,6.82742102072e-05,2.31658959819e-05,0,0,-9.05124252313e-05,-1.16010165215,41.5200233459,42.0000359416,0,0,0,3.21978862228e-06,149429.427748
33.2222222222,-0.00102548813447,0.579488277435,2.40511059761,6.82742102072e-05,2.31658959819e-05,0,0,-9.05124252313e-05,-1.16010165215,41.5200233459,42.0000359416,0,0,0,3.21995561445e-06,149429.427748
33.2333333333,-0.00102548813447,0.579488277435,2.40511059761,6.82742102072e-05,2.31658959819e-05,0,0,-9.05124252313e-05,-1.16010165215,41.5200233459,42.0000359416,0,0,0,3.22022811309e-06,149429.427748
33.2444444444,-0.00102548813447,0.579488277435,2.40511059761,6.82742102072e-05,2.31658959819e-05,0,0,-9.05124252313e-05,-1.16010165215,41.5200233459,42.0000359416,0,0,0,3.21981021451e-06,149429.427748
33.2555555556,-0.00102548813447,0.579488277435,2.40511059761,6.82742102072e-05,2.31658959819e-05,0,0,-9.05124252313e-05,-1.16010165215,41.5200233459,42.0000359416,0,0,0,3.22088554332e-06,149429.427748
33.2666666667,-0.00102548813447,0.579488277435,2.40511059761,6.82742102072e-05,2.31658959819e-05,0,0,-9.05124252313e-05,-1.16010165215,41.5200233459,42.0000359416,0,0,0,3.22006040219e-06,149429.427748
33.2777777778,-0.00102548813447,0.579488277435,2.40511059761,6.82742102072e-05,2.31658959819e-05,0,0,-9.05124252313e-05,-1.16010165215,41.5200233459,42.0000359416,0,0,0,3.22037053936e-06,149429.427748
33.2888888889,-0.00102548813447,0.579488277435,2.40511059761,6.82742102072e-05,2.31658959819e-05,0,0,-9.05124252313e-05,-1.16010165215,41.5200233459,42.0000359416,0,0,0,3.22018187312e-06,149429.427748
33.3,-0.00102548813447,0.579488277435,2.40511059761,6.82742102072e-05,2.31658959819e-05,0,0,-9.05124252313e-05,-1.16010165215,41.5200233459,42.0000359416,0,0,0,3.21974415601e-06,149429.427748
33.3111111111,-0.00102548813447,0.579488277435,2.40511059761,6.82742102072e-05,2.31658959819e-05,0,0,-9.05124252313e-05,-1.16010165215,41.5200233459,42.0000359416,0,0,0,3.22074140848e-06,149429.427748
33.3222222222,-0.00102548813447,0.579488277435,2.40511059761,6.82742102072e-05,2.31658959819e-05,0,0,-9.05124252313e-05,-1.16010165215,41.5200233459,42.0000359416,0,0,0,3.22082390152e-06,149429.427748
33.3333333333,-0.00102548813447,0.579488277435,2.40511059761,6.82742102072e-05,2.31658959819e-05,0,0,-9.05124252313e-05,-1.16010165215,41.5200233459,42.0000359416,0,0,0,3.21977471114e-06,149429.427748
33.3444444444,-0.00102548813447,0.579488277435,2.40511059761,6.82742102072e-05,2.31658959819e-05,0,0,-9.05124252313e-05,-1.16010165215,41.5200233459,42.0000359416,0,0,0,3.2199964803e-06,149429.427748
33.3555555556,-0.00102548813447,0.579488277435,2.40511059761,6.82742102072e-05,2.31658959819e-05,0,0,-9.05124252313e-05,-1.16010165215,41.5200233459,42.0000359416,0,0,0,3.21988859219e-06,149429.427748
33.3666666667,-0.00102548813447,0.579488277435,2.40511059761,6.82742102072e-05,2.31658959819e-05,0,0,-9.05124252313e-05,-1.16010165215,41.5200233459,42.0000359416,0,0,0,3.22023120776e-06,149429.427748
33.3777777778,-0.00102548813447,0.579488277435,2.40511059761,6.82742102072e-05,2.31658959819e-05,0,0,-9.05124252313e-05,-1.16010165215,41.5200233459,42.0000359416,0,0,0,3.22052243569e-06,149429.427748
33.3888888889,-0.00102548813447,0.579488277435,2.40511059761,6.82742102072e-05,2.31658959819e-05,0,0,-9.05124252313e-05,-1.16010165215,41.5200233459,42.0000359416,0,0,0,3.22058297777e-06,149429.427748
33.4,-0.00102548813447,0.579488277435,2.40511059761,6.82742102072e-05,2.31658959819e-05,0,0,-9.05124252313e-05,-1.16010165215,41.5200233459,42.0000359416,0,0,0,3.22066503906e-06,149429.427748
33.4111111111,-0.00102548813447,0.579488277435,2.40511059761,6.82742102072e-05,2.31658959819e-05,0,0,-9.05124252313e-05,-1.16010165215,41.5200233459,42.0000359416,0,0,0,3.22087681121e-06,149429.427748
33.4222222222,-0.00102548813447,0.579488277435,2.40511059761,6.82742102072e-05,2.31658959819e-05,0,0,-9.05124252313e-05,-1.16010165215,41.5200233459,42.0000359416,0,0,0,3.21997563378e-06,149429.427748
33.4333333333,-0.00102548813447,0.579488277435,2.40511059761,6.82742102072e-05,2.31658959819e-05,0,0,-9.05124252313e-05,-1.16010165215,41.5200233459,42.0000359416,0,0,0,3.22063114438e-06,149429.427748
33.4444444444,-0.00102548813447,0.579488277435,2.40511059761,6.82742102072e-05,2.31658959819e-05,0,0,-9.05124252313e-05,-1.16010165215,41.5200233459,42.0000359416,0,0,0,3.22082232188e-06,149429.427748
33.4555555556,-0.00102548813447,0.579488277435,2.40511059761,6.82742102072e-05,2.31658959819e-05,0,0,-9.05124252313e-05,-1.16010165215,41.5200233459,42.0000359416,0,0,0,3.21981011287e-06,149429.427748
33.4666666667,-0.00102548813447,0.579488277435,2.40511059761,6.82742102072e-05,2.31658959819e-05,0,0,-9.05124252313e-05,-1.16010165215,41.5200233459,42.0000359416,0,0,0,3.22033334128e-06,149429.427748
33.4777777778,-0.00102548813447,0.579488277435,2.40511059761,6.82742102072e-05,2.31658959819e-05,0,0,-9.05124252313e-05,-1.16010165215,41.5200233459,42.0000359416,0,0,0,3.21997126752e-06,149429.427748
33.4888888889,-0.00102548813447,0.579488277435,2.40511059761,6.82742102072e-05,2.31658959819e-05,0,0,-9.05124252313e-05,-1.16010165215,41.5200233459,42.0000359416,0,0,0,3.22082230832e-06,149429.427748
33.5,-0.00102548813447,0.579488277435,2.40511059761,6.82742102072e-05,2.31658959819e-05,0,0,-9.05124252313e-05,-1.16010165215,41.5200233459,42.0000359416,0,0,0,3.22027776548e-06,149429.427748
33.5111111111,-0.00102548813447,0.579488277435,2.40511059761,6.82742102072e-05,2.31658959819e-05,0,0,-9.05124252313e-05,-1.16010165215,41.5200233459,42.0000359416,0,0,0,3.22075397948e-06,149429.427748
33.5222222222,-0.00102548813447,0.579488277435,2.40511059761,6.82742102072e-05,2.31658959819e-05,0,0,-9.05124252313e-05,-1.16010165215,41.5200233459,42.0000359416,0,0,0,3.21991615655e-06,149429.427748
33.5333333333,-0.00102548813447,0.579488277435,2.40511059761,6.82742102072e-05,2.31658959819e-05,0,0,-9.05124252313e-05,-1.16010165215,41.5200233459,42.0000359416,0,0,0,3.22009921585e-06,149429.427748
33.5444444444,-0.00102548813447,0.579488277435,2.40511059761,6.82742102072e-05,2.31658959819e-05,0,0,-9.05124252313e-05,-1.16010165215,41.5200233459,42.0000359416,0,0,0,3.22045202794e-06,149429.427748
33.5555555556,-0.00102548813447,0.579488277435,2.40511059761,6.82742102072e-05,2.31658959819e-05,0,0,-9.05124252313e-05,-1.16010165215,41.5200233459,42.0000359416,0,0,0,3.22080759336e-06,149429.427748
33.5666666667,-0.00102548813447,0.579488277435,2.40511059761,6.82742102072e-05,2.31658959819e-05,0,0,-9.05124252313e-05,-1.16010165215,41.5200233459,42.0000359416,0,0,0,3.21997164834e-06,149429.427748
33.5777777778,-0.00102548813447,0.579488277435,2.40511059761,6.82742102072e-05,2.31658959819e-05,0,0,-9.05124252313e-05,-1.16010165215,41.5200233459,42.0000359416,0,0,0,3.22092867077e-06,149429.427748
33.5888888889,-0.00102548813447,0.579488277435,2.40511059761,6.82742102072e-05,2.31658959819e-05,0,0,-9.05124252313e-05,-1.16010165215,41.5200233459,42.0000359416,0,0,0,3.22066680901e-06,149429.427748
33.6,-0.00102548813447,0.579488277435,2.40511059761,6.82742102072e-05,2.31658959819e-05,0,0,-9.05124252313e-05,-1.16010165215,41.5200233459,42.0000359416,0,0,0,3.22014030655e-06,149429.427748
33.6111111111,-0.00102548813447,0.579488277435,2.40511059761,6.82742102072e-05,2.31658959819e-05,0,0,-9.05124252313e-05,-1.16010165215,41.5200233459,42.0000359416,0,0,0,3.22022536156e-06,149429.427748
33.6222222222,-0.00102548813447,0.579488277435,2.40511059761,6.82742102072e-05,2.31658959819e-05,0,0,-9.05124252313e-05,-1.16010165215,41.5200233459,42.0000359416,0,0,0,3.22050789682e-06,149429.427748
33.6333333333,-0.00102548813447,0.579488277435,2.40511059761,6.82742102072e-05,2.31658959819e-05,0,0,-9.05124252313e-05,-1.16010165215,41.5200233459,42.0000359416,0,0,0,3.22092177877e-06,149429.427748
33.6444444444,-0.00102548813447,0.579488277435,2.40511059761,6.82742102072e-05,2.31658959819e-05,0,0,-9.05124252313e-05,-1.16010165215,41.5200233459,42.0000359416,0,0,0,3.22028123437e-06,149429.427748
33.6555555556,-0.00102548813447,0.579488277435,2.40511059761,6.82742102072e-05,2.31658959819e-05,0,0,-9.05124252313e-05,-1.16010165215,41.5200233459,42.0000359416,0,0,0,3.21987875735e-06,149429.427748
33.6666666667,-0.00102548813447,0.579488277435,2.40511059761,6.82742102072e-05,2.31658959819e-05,0,0,-9.05124252313e-05,-1.16010165215,41.5200233459,42.0000359416,0,0,0,3.22014667056e-06,149429.427748
33.6777777778,-0.00102548813447,0.579488277435,2.40511059761,6.82742102072e-05,2.31658959819e-05,0,0,-9.05124252313e-05,-1.16010165215,41.5200233459,42.0000359416,0,0,0,3.22117716177e-06,149429.427748
33.6888888889,-0.00102548813447,0.579488277435,2.40511059761,6.82742102072e-05,2.31658959819e-05,0,0,-9.05124252313e-05,-1.16010165215,41.5200233459,42.0000359416,0,0,0,3.22117284153e-06,149429.427748
33.7,-0.00102548813447,0.579488277435,2.40511059761,6.82742102072e-05,2.31658959819e-05,0,0,-9.05124252313e-05,-1.16010165215,41.5200233459,42.0000359416,0,0,0,3.22098444535e-06,149429.427748
33.7111111111,-0.00102548813447,0.579488277435,2.40511059761,6.82742102072e-05,2.31658959819e-05,0,0,-9.05124252313e-05,-1.16010165215,41.5200233459,42.0000359416,0,0,0,3.22093502033e-06,149429.427748
33.7222222222,-0.00102548813447,0.579488277435,2.40511059761,6.82742102072e-05,2.31658959819e-05,0,0,-9.05124252313e-05,-1.16010165215,41.5200233459,42.0000359416,0,0,0,3.22028763395e-06,149429.427748
33.7333333333,-0.00102548813447,0.579488277435,2.40511059761,6.82742102072e-05,2.31658959819e-05,0,0,-9.05124252313e-05,-1.16010165215,41.5200233459,42.0000359416,0,0,0,3.22052149946e-06,149429.427748
33.7444444444,-0.00102548813447,0.579488277435,2.40511059761,6.82742102072e-05,2.31658959819e-05,0,0,-9.05124252313e-05,-1.16010165215,41.5200233459,42.0000359416,0,0,0,3.21969804656e-06,149429.427748
33.7555555556,-0.00102548813447,0.579488277435,2.40511059761,6.82742102072e-05,2.31658959819e-05,0,0,-9.05124252313e-05,-1.16010165215,41.5200233459,42.0000359416,0,0,0,3.22029747484e-06,149429.427748
33.7666666667,-0.00102548813447,0.579488277435,2.40511059761,6.82742102072e-05,2.31658959819e-05,0,0,-9.05124252313e-05,-1.16010165215,41.5200233459,42.0000359416,0,0,0,3.22046792234e-06,149429.427748
33.7777777778,-0.00102548813447,0.579488277435,2.40511059761,6.82742102072e-05,2.31658959819e-05,0,0,-9.05124252313e-05,-1.16010165215,41.5200233459,42.0000359416,0,0,0,3.22063046387e-06,149429.427748
33.7888888889,-0.00102548813447,0.579488277435,2.40511059761,6.82742102072e-05,2.31658959819e-05,0,0,-9.05124252313e-05,-1.16010165215,41.5200233459,42.0000359416,0,0,0,3.22092540073e-06,149429.427748
33.8,-0.00102548813447,0.579488277435,2.40511059761,6.82742102072e-05,2.31658959819e-05,0,0,-9.05124252313e-05,-1.16010165215,41.5200233459,42.0000359416,0,0,0,3.22021506482e-06,149429.427748
33.8111111111,-0.00102548813447,0.579488277435,2.40511059761,6.82742102072e-05,2.31658959819e-05,0,0,-9.05124252313e-05,-1.16010165215,41.5200233459,42.0000359416,0,0,0,3.21972468174e-06,149429.427748
33.8222222222,-0.00102548813447,0.579488277435,2.40511059761,6.82742102072e-05,2.31658959819e-05,0,0,-9.05124252313e-05,-1.16010165215,41.5200233459,42.0000359416,0,0,0,3.21983062329e-06,149429.427748
33.8333333333,-0.00102548813447,0.579488277435,2.40511059761,6.82742102072e-05,2.31658959819e-05,0,0,-9.05124252313e-05,-1.16010165215,41.5200233459,42.0000359416,0,0,0,3.21978466229e-06,149429.427748
33.8444444444,-0.00102548813447,0.579488277435,2.40511059761,6.82742102072e-05,2.31658959819e-05,0,0,-9.05124252313e-05,-1.16010165215,41.5200233459,42.0000359416,0,0,0,3.22041443469e-06,149429.427748
33.8555555556,-0.00102548813447,0.579488277435,2.40511059761,6.82742102072e-05,2.31658959819e-05,0,0,-9.05124252313e-05,-1.16010165215,41.5200233459,42.0000359416,0,0,0,3.22005404913e-06,149429.427748
33.8666666667,-0.00102548813447,0.579488277435,2.40511059761,6.82742102072e-05,2.31658959819e-05,0,0,-9.05124252313e-05,-1.16010165215,41.5200233459,42.0000359416,0,0,0,3.22091181798e-06,149429.427748
33.8777777778,-0.00102548813447,0.579488277435,2.40511059761,6.82742102072e-05,2.31658959819e-05,0,0,-9.05124252313e-05,-1.16010165215,41.5200233459,42.0000359416,0,0,0,3.22094468663e-06,149429.427748
33.8888888889,-0.00102548813447,0.579488277435,2.40511059761,6.82742102072e-05,2.31658959819e-05,0,0,-9.05124252313e-05,-1.16010165215,41.5200233459,42.0000359416,0,0,0,3.22079930794e-06,149429.427748
33.9,-0.00102548813447,0.579488277435,2.40511059761,6.82742102072e-05,2.31658959819e-05,0,0,-9.05124252313e-05,-1.16010165215,41.5200233459,42.0000359416,0,0,0,3.22034566735e-06,149429.427748
33.9111111111,-0.00102548813447,0.579488277435,2.40511059761,6.82742102072e-05,2.31658959819e-05,0,0,-9.05124252313e-05,-1.16010165215,41.5200233459,42.0000359416,0,0,0,3.21982535613e-06,149429.427748
33.9222222222,-0.00102548813447,0.579488277435,2.40511059761,6.82742102072e-05,2.31658959819e-05,0,0,-9.05124252313e-05,-1.16010165215,41.5200233459,42.0000359416,0,0,0,3.22068161651e-06,149429.427748
33.9333333333,-0.00102548813447,0.579488277435,2.40511059761,6.82742102072e-05,2.31658959819e-05,0,0,-9.05124252313e-05,-1.16010165215,41.5200233459,42.0000359416,0,0,0,3.22021070461e-06,149429.427748
33.9444444444,-0.00102548813447,0.579488277435,2.40511059761,6.82742102072e-05,2.31658959819e-05,0,0,-9.05124252313e-05,-1.16010165215,41.5200233459,42.0000359416,0,0,0,3.22039344829e-06,149429.427748
33.9555555556,-0.00102548813447,0.579488277435,2.40511059761,6.82742102072e-05,2.31658959819e-05,0,0,-9.05124252313e-05,-1.16010165215,41.5200233459,42.0000359416,0,0,0,3.22029082262e-06,149429.427748
33.9666666667,-0.00102548813447,0.579488277435,2.40511059761,6.82742102072e-05,2.31658959819e-05,0,0,-9.05124252313e-05,-1.16010165215,41.5200233459,42.0000359416,0,0,0,3.21991311218e-06,149429.427748
33.9777777778,-0.00102548813447,0.579488277435,2.40511059761,6.82742102072e-05,2.31658959819e-05,0,0,-9.05124252313e-05,-1.16010165215,41.5200233459,42.0000359416,0,0,0,3.22081818398e-06,149429.427748
33.9888888889,-0.00102548813447,0.579488277435,2.40511059761,6.82742102072e-05,2.31658959819e-05,0,0,-9.05124252313e-05,-1.16010165215,41.5200233459,42.0000359416,0,0,0,3.21971258067e-06,149429.427748
34,-0.00102548813447,0.579488277435,2.40511059761,6.82742102072e-05,2.31658959819e-05,0,0,-9.05124252313e-05,-1.16010165215,41.5200233459,42.0000359416,0,0,0,3.22078750674e-06,149429.427748
34.0111111111,-0.00102548813447,0.579488277435,2.40511059761,6.82742102072e-05,2.31658959819e-05,0,0,-9.05124252313e-05,-1.16010165215,41.5200233459,42.0000359416,0,0,0,3.22095795247e-06,149429.427748
34.0222222222,-0.00102548813447,0.579488277435,2.40511059761,6.82742102072e-05,2.31658959819e-05,0,0,-9.05124252313e-05,-1.16010165215,41.5200233459,42.0000359416,0,0,0,3.22038960005e-06,149429.427748
34.0333333333,-0.00102548813447,0.579488277435,2.40511059761,6.82742102072e-05,2.31658959819e-05,0,0,-9.05124252313e-05,-1.16010165215,41.5200233459,42.0000359416,0,0,0,3.21973069181e-06,149429.427748
34.0444444444,-0.00102548813447,0.579488277435,2.40511059761,6.82742102072e-05,2.31658959819e-05,0,0,-9.05124252313e-05,-1.16010165215,41.5200233459,42.0000359416,0,0,0,3.22022312896e-06,149429.427748
34.0555555556,-0.00102548813447,0.579488277435,2.40511059761,6.82742102072e-05,2.31658959819e-05,0,0,-9.05124252313e-05,-1.16010165215,41.5200233459,42.0000359416,0,0,0,3.22007578112e-06,149429.427748
34.0666666667,-0.00102548813447,0.579488277435,2.40511059761,6.82742102072e-05,2.31658959819e-05,0,0,-9.05124252313e-05,-1.16010165215,41.5200233459,42.0000359416,0,0,0,3.22019874778e-06,149429.427748
34.0777777778,-0.00102548813447,0.579488277435,2.40511059761,6.82742102072e-05,2.31658959819e-05,0,0,-9.05124252313e-05,-1.16010165215,41.5200233459,42.0000359416,0,0,0,3.2201689286e-06,149429.427748
34.0888888889,-0.00102548813447,0.579488277435,2.40511059761,6.82742102072e-05,2.31658959819e-05,0,0,-9.05124252313e-05,-1.16010165215,41.5200233459,42.0000359416,0,0,0,3.21980680085e-06,149429.427748
34.1,-0.00102548813447,0.579488277435,2.40511059761,6.82742102072e-05,2.31658959819e-05,0,0,-9.05124252313e-05,-1.16010165215,41.5200233459,42.0000359416,0,0,0,3.22062265997e-06,149429.427748
34.1111111111,-0.00102548813447,0.579488277435,2.40511059761,6.82742102072e-05,2.31658959819e-05,0,0,-9.05124252313e-05,-1.16010165215,41.5200233459,42.0000359416,0,0,0,3.22037429903e-06,149429.427748
34.1222222222,-0.00102548813447,0.579488277435,2.40511059761,6.82742102072e-05,2.31658959819e-05,0,0,-9.05124252313e-05,-1.16010165215,41.5200233459,42.0000359416,0,0,0,3.21974278244e-06,149429.427748
34.1333333333,-0.00102548813447,0.579488277435,2.40511059761,6.82742102072e-05,2.31658959819e-05,0,0,-9.05124252313e-05,-1.16010165215,41.5200233459,42.0000359416,0,0,0,3.22014041929e-06,149429.427748
34.1444444444,-0.00102548813447,0.579488277435,2.40511059761,6.82742102072e-05,2.31658959819e-05,0,0,-9.05124252313e-05,-1.16010165215,41.5200233459,42.0000359416,0,0,0,3.21977112041e-06,149429.427748
34.1555555556,-0.00102548813447,0.579488277435,2.40511059761,6.82742102072e-05,2.31658959819e-05,0,0,-9.05124252313e-05,-1.16010165215,41.5200233459,42.0000359416,0,0,0,3.22058540831e-06,149429.427748
34.1666666667,-0.00102548813447,0.579488277435,2.40511059761,6.82742102072e-05,2.31658959819e-05,0,0,-9.05124252313e-05,-1.16010165215,41.5200233459,42.0000359416,0,0,0,3.22050743436e-06,149429.427748
34.1777777778,-0.00102548813447,0.579488277435,2.40511059761,6.82742102072e-05,2.31658959819e-05,0,0,-9.05124252313e-05,-1.16010165215,41.5200233459,42.0000359416,0,0,0,3.21994190551e-06,149429.427748
34.1888888889,-0.00102548813447,0.579488277435,2.40511059761,6.82742102072e-05,2.31658959819e-05,0,0,-9.05124252313e-05,-1.16010165215,41.5200233459,42.0000359416,0,0,0,3.22064163079e-06,149429.427748
34.2,-0.00102548813447,0.579488277435,2.40511059761,6.82742102072e-05,2.31658959819e-05,0,0,-9.05124252313e-05,-1.16010165215,41.5200233459,42.0000359416,0,0,0,3.22080536007e-06,149429.427748
34.2111111111,-0.00102548813447,0.579488277435,2.40511059761,6.82742102072e-05,2.31658959819e-05,0,0,-9.05124252313e-05,-1.16010165215,41.5200233459,42.0000359416,0,0,0,3.22091998554e-06,149429.427748
34.2222222222,-0.00102548813447,0.579488277435,2.40511059761,6.82742102072e-05,2.31658959819e-05,0,0,-9.05124252313e-05,-1.16010165215,41.5200233459,42.0000359416,0,0,0,3.22092207847e-06,149429.427748
34.2333333333,-0.00102548813447,0.579488277435,2.40511059761,6.82742102072e-05,2.31658959819e-05,0,0,-9.05124252313e-05,-1.16010165215,41.5200233459,42.0000359416,0,0,0,3.22009756872e-06,149429.427748
34.2444444444,-0.00102548813447,0.579488277435,2.40511059761,6.82742102072e-05,2.31658959819e-05,0,0,-9.05124252313e-05,-1.16010165215,41.5200233459,42.0000359416,0,0,0,3.22071674257e-06,149429.427748
34.2555555556,-0.00102548813447,0.579488277435,2.40511059761,6.82742102072e-05,2.31658959819e-05,0,0,-9.05124252313e-05,-1.16010165215,41.5200233459,42.0000359416,0,0,0,3.2198899818e-06,149429.427748
34.2666666667,-0.00102548813447,0.579488277435,2.40511059761,6.82742102072e-05,2.31658959819e-05,0,0,-9.05124252313e-05,-1.16010165215,41.5200233459,42.0000359416,0,0,0,3.22049025256e-06,149429.427748
34.2777777778,-0.00102548813447,0.579488277435,2.40511059761,6.82742102072e-05,2.31658959819e-05,0,0,-9.05124252313e-05,-1.16010165215,41.5200233459,42.0000359416,0,0,0,3.22030620211e-06,149429.427748
34.2888888889,-0.00102548813447,0.579488277435,2.40511059761,6.82742102072e-05,2.31658959819e-05,0,0,-9.05124252313e-05,-1.16010165215,41.5200233459,42.0000359416,0,0,0,3.2199734806e-06,149429.427748
34.3,-0.00102548813447,0.579488277435,2.40511059761,6.82742102072e-05,2.31658959819e-05,0,0,-9.05124252313e-05,-1.16010165215,41.5200233459,42.0000359416,0,0,0,3.21980565854e-06,149429.427748
34.3111111111,-0.00102548813447,0.579488277435,2.40511059761,6.82742102072e-05,2.31658959819e-05,0,0,-9.05124252313e-05,-1.16010165215,41.5200233459,42.0000359416,0,0,0,3.22040146792e-06,149429.427748
34.3222222222,-0.00102548813447,0.579488277435,2.40511059761,6.82742102072e-05,2.31658959819e-05,0,0,-9.05124252313e-05,-1.16010165215,41.5200233459,42.0000359416,0,0,0,3.22015749273e-06,149429.427748
34.3333333333,-0.00102548813447,0.579488277435,2.40511059761,6.82742102072e-05,2.31658959819e-05,0,0,-9.05124252313e-05,-1.16010165215,41.5200233459,42.0000359416,0,0,0,3.22081705877e-06,149429.427748
34.3444444444,-0.00102548813447,0.579488277435,2.40511059761,6.82742102072e-05,2.31658959819e-05,0,0,-9.05124252313e-05,-1.16010165215,41.5200233459,42.0000359416,0,0,0,3.22039525919e-06,149429.427748
34.3555555556,-0.00102548813447,0.579488277435,2.40511059761,6.82742102072e-05,2.31658959819e-05,0,0,-9.05124252313e-05,-1.16010165215,41.5200233459,42.0000359416,0,0,0,3.2208037855e-06,149429.427748
34.3666666667,-0.00102548813447,0.579488277435,2.40511059761,6.82742102072e-05,2.31658959819e-05,0,0,-9.05124252313e-05,-1.16010165215,41.5200233459,42.0000359416,0,0,0,3.21977783882e-06,149429.427748
34.3777777778,-0.00102548813447,0.579488277435,2.40511059761,6.82742102072e-05,2.31658959819e-05,0,0,-9.05124252313e-05,-1.16010165215,41.5200233459,42.0000359416,0,0,0,3.2197805394e-06,149429.427748
34.3888888889,-0.00102548813447,0.579488277435,2.40511059761,6.82742102072e-05,2.31658959819e-05,0,0,-9.05124252313e-05,-1.16010165215,41.5200233459,42.0000359416,0,0,0,3.21965977357e-06,149429.427748
34.4,-0.00102548813447,0.579488277435,2.40511059761,6.82742102072e-05,2.31658959819e-05,0,0,-9.05124252313e-05,-1.16010165215,41.5200233459,42.0000359416,0,0,0,3.22001403686e-06,149429.427748
34.4111111111,-0.00102548813447,0.579488277435,2.40511059761,6.82742102072e-05,2.31658959819e-05,0,0,-9.05124252313e-05,-1.16010165215,41.5200233459,42.0000359416,0,0,0,3.22013501468e-06,149429.427748
34.4222222222,-0.00102548813447,0.579488277435,2.40511059761,6.82742102072e-05,2.31658959819e-05,0,0,-9.05124252313e-05,-1.16010165215,41.5200233459,42.0000359416,0,0,0,3.22106792989e-06,149429.427748
34.4333333333,-0.00102548813447,0.579488277435,2.40511059761,6.82742102072e-05,2.31658959819e-05,0,0,-9.05124252313e-05,-1.16010165215,41.5200233459,42.0000359416,0,0,0,3.22095241028e-06,149429.427748
34.4444444444,-0.00102548813447,0.579488277435,2.40511059761,6.82742102072e-05,2.31658959819e-05,0,0,-9.05124252313e-05,-1.16010165215,41.5200233459,42.0000359416,0,0,0,3.21977209789e-06,149429.427748
34.4555555556,-0.00102548813447,0.579488277435,2.40511059761,6.82742102072e-05,2.31658959819e-05,0,0,-9.05124252313e-05,-1.16010165215,41.5200233459,42.0000359416,0,0,0,3.22067962714e-06,149429.427748
34.4666666667,-0.00102548813447,0.579488277435,2.40511059761,6.82742102072e-05,2.31658959819e-05,0,0,-9.05124252313e-05,-1.16010165215,41.5200233459,42.0000359416,0,0,0,3.22067189687e-06,149429.427748
34.4777777778,-0.00102548813447,0.579488277435,2.40511059761,6.82742102072e-05,2.31658959819e-05,0,0,-9.05124252313e-05,-1.16010165215,41.5200233459,42.0000359416,0,0,0,3.21989663572e-06,149429.427748
34.4888888889,-0.00102548813447,0.579488277435,2.40511059761,6.82742102072e-05,2.31658959819e-05,0,0,-9.05124252313e-05,-1.16010165215,41.5200233459,42.0000359416,0,0,0,3.22067615082e-06,149429.427748
34.5,-0.00102548813447,0.579488277435,2.40511059761,6.82742102072e-05,2.31658959819e-05,0,0,-9.05124252313e-05,-1.16010165215,41.5200233459,42.0000359416,0,0,0,3.22047168733e-06,149429.427748
34.5111111111,-0.00102548813447,0.579488277435,2.40511059761,6.82742102072e-05,2.31658959819e-05,0,0,-9.05124252313e-05,-1.16010165215,41.5200233459,42.0000359416,0,0,0,3.21972295399e-06,149429.427748
34.5222222222,-0.00102548813447,0.579488277435,2.40511059761,6.82742102072e-05,2.31658959819e-05,0,0,-9.05124252313e-05,-1.16010165215,41.5200233459,42.0000359416,0,0,0,3.22069048575e-06,149429.427748
34.5333333333,-0.00102548813447,0.579488277435,2.40511059761,6.82742102072e-05,2.31658959819e-05,0,0,-9.05124252313e-05,-1.16010165215,41.5200233459,42.0000359416,0,0,0,3.21994241768e-06,149429.427748
34.5444444444,-0.00102548813447,0.579488277435,2.40511059761,6.82742102072e-05,2.31658959819e-05,0,0,-9.05124252313e-05,-1.16010165215,41.5200233459,42.0000359416,0,0,0,3.22056780361e-06,149429.427748
34.5555555556,-0.00102548813447,0.579488277435,2.40511059761,6.82742102072e-05,2.31658959819e-05,0,0,-9.05124252313e-05,-1.16010165215,41.5200233459,42.0000359416,0,0,0,3.22050297316e-06,149429.427748
34.5666666667,-0.00102548813447,0.579488277435,2.40511059761,6.82742102072e-05,2.31658959819e-05,0,0,-9.05124252313e-05,-1.16010165215,41.5200233459,42.0000359416,0,0,0,3.2204439571e-06,149429.427748
34.5777777778,-0.00102548813447,0.579488277435,2.40511059761,6.82742102072e-05,2.31658959819e-05,0,0,-9.05124252313e-05,-1.16010165215,41.5200233459,42.0000359416,0,0,0,3.21978055818e-06,149429.427748
34.5888888889,-0.00102548813447,0.579488277435,2.40511059761,6.82742102072e-05,2.31658959819e-05,0,0,-9.05124252313e-05,-1.16010165215,41.5200233459,42.0000359416,0,0,0,3.21959786345e-06,149429.427748
34.6,-0.00102548813447,0.579488277435,2.40511059761,6.82742102072e-05,2.31658959819e-05,0,0,-9.05124252313e-05,-1.16010165215,41.5200233459,42.0000359416,0,0,0,3.21995665768e-06,149429.427748
34.6111111111,-0.00102548813447,0.579488277435,2.40511059761,6.82742102072e-05,2.31658959819e-05,0,0,-9.05124252313e-05,-1.16010165215,41.5200233459,42.0000359416,0,0,0,3.22007530018e-06,149429.427748
34.6222222222,-0.00102548813447,0.579488277435,2.40511059761,6.82742102072e-05,2.31658959819e-05,0,0,-9.05124252313e-05,-1.16010165215,41.5200233459,42.0000359416,0,0,0,3.22065573776e-06,149429.427748
34.6333333333,-0.00102548813447,0.579488277435,2.40511059761,6.82742102072e-05,2.31658959819e-05,0,0,-9.05124252313e-05,-1.16010165215,41.5200233459,42.0000359416,0,0,0,3.22054425747e-06,149429.427748
34.6444444444,-0.00102548813447,0.579488277435,2.40511059761,6.82742102072e-05,2.31658959819e-05,0,0,-9.05124252313e-05,-1.16010165215,41.5200233459,42.0000359416,0,0,0,3.2203856835e-06,149429.427748
34.6555555556,-0.00102548813447,0.579488277435,2.40511059761,6.82742102072e-05,2.31658959819e-05,0,0,-9.05124252313e-05,-1.16010165215,41.5200233459,42.0000359416,0,0,0,3.22021176764e-06,149429.427748
34.6666666667,-0.00102548813447,0.579488277435,2.40511059761,6.82742102072e-05,2.31658959819e-05,0,0,-9.05124252313e-05,-1.16010165215,41.5200233459,42.0000359416,0,0,0,3.2200350105e-06,149429.427748
34.6777777778,-0.00102548813447,0.579488277435,2.40511059761,6.82742102072e-05,2.31658959819e-05,0,0,-9.05124252313e-05,-1.16010165215,41.5200233459,42.0000359416,0,0,0,3.22021677463e-06,149429.427748
34.6888888889,-0.00102548813447,0.579488277435,2.40511059761,6.82742102072e-05,2.31658959819e-05,0,0,-9.05124252313e-05,-1.16010165215,41.5200233459,42.0000359416,0,0,0,3.22055624746e-06,149429.427748
34.7,-0.00102548813447,0.579488277435,2.40511059761,6.82742102072e-05,2.31658959819e-05,0,0,-9.05124252313e-05,-1.16010165215,41.5200233459,42.0000359416,0,0,0,3.21973820372e-06,149429.427748
34.7111111111,-0.00102548813447,0.579488277435,2.40511059761,6.82742102072e-05,2.31658959819e-05,0,0,-9.05124252313e-05,-1.16010165215,41.5200233459,42.0000359416,0,0,0,3.22061667909e-06,149429.427748
34.7222222222,-0.00102548813447,0.579488277435,2.40511059761,6.82742102072e-05,2.31658959819e-05,0,0,-9.05124252313e-05,-1.16010165215,41.5200233459,42.0000359416,0,0,0,3.2199315566e-06,149429.427748
34.7333333333,-0.00102548813447,0.579488277435,2.40511059761,6.82742102072e-05,2.31658959819e-05,0,0,-9.05124252313e-05,-1.16010165215,41.5200233459,42.0000359416,0,0,0,3.21997471702e-06,149429.427748
34.7444444444,-0.00102548813447,0.579488277435,2.40511059761,6.82742102072e-05,2.31658959819e-05,0,0,-9.05124252313e-05,-1.16010165215,41.5200233459,42.0000359416,0,0,0,3.22051274795e-06,149429.427748
34.7555555556,-0.00102548813447,0.579488277435,2.40511059761,6.82742102072e-05,2.31658959819e-05,0,0,-9.05124252313e-05,-1.16010165215,41.5200233459,42.0000359416,0,0,0,3.22084016854e-06,149429.427748
34.7666666667,-0.00102548813447,0.579488277435,2.40511059761,6.82742102072e-05,2.31658959819e-05,0,0,-9.05124252313e-05,-1.16010165215,41.5200233459,42.0000359416,0,0,0,3.22056890588e-06,149429.427748
34.7777777778,-0.00102548813447,0.579488277435,2.40511059761,6.82742102072e-05,2.31658959819e-05,0,0,-9.05124252313e-05,-1.16010165215,41.5200233459,42.0000359416,0,0,0,3.22029588184e-06,149429.427748
34.7888888889,-0.00102548813447,0.579488277435,2.40511059761,6.82742102072e-05,2.31658959819e-05,0,0,-9.05124252313e-05,-1.16010165215,41.5200233459,42.0000359416,0,0,0,3.22007140229e-06,149429.427748
34.8,-0.00102548813447,0.579488277435,2.40511059761,6.82742102072e-05,2.31658959819e-05,0,0,-9.05124252313e-05,-1.16010165215,41.5200233459,42.0000359416,0,0,0,3.22097892847e-06,149429.427748
34.8111111111,-0.00102548813447,0.579488277435,2.40511059761,6.82742102072e-05,2.31658959819e-05,0,0,-9.05124252313e-05,-1.16010165215,41.5200233459,42.0000359416,0,0,0,3.21985918684e-06,149429.427748
34.8222222222,-0.00102548813447,0.579488277435,2.40511059761,6.82742102072e-05,2.31658959819e-05,0,0,-9.05124252313e-05,-1.16010165215,41.5200233459,42.0000359416,0,0,0,3.22070438191e-06,149429.427748
34.8333333333,-0.00102548813447,0.579488277435,2.40511059761,6.82742102072e-05,2.31658959819e-05,0,0,-9.05124252313e-05,-1.16010165215,41.5200233459,42.0000359416,0,0,0,3.21995972188e-06,149429.427748
34.8444444444,-0.00102548813447,0.579488277435,2.40511059761,6.82742102072e-05,2.31658959819e-05,0,0,-9.05124252313e-05,-1.16010165215,41.5200233459,42.0000359416,0,0,0,3.22078646556e-06,149429.427748
34.8555555556,-0.00102548813447,0.579488277435,2.40511059761,6.82742102072e-05,2.31658959819e-05,0,0,-9.05124252313e-05,-1.16010165215,41.5200233459,42.0000359416,0,0,0,3.21999685193e-06,149429.427748
34.8666666667,-0.00102548813447,0.579488277435,2.40511059761,6.82742102072e-05,2.31658959819e-05,0,0,-9.05124252313e-05,-1.16010165215,41.5200233459,42.0000359416,0,0,0,3.22068370244e-06,149429.427748
34.8777777778,-0.00102548813447,0.579488277435,2.40511059761,6.82742102072e-05,2.31658959819e-05,0,0,-9.05124252313e-05,-1.16010165215,41.5200233459,42.0000359416,0,0,0,3.22035170887e-06,149429.427748
34.8888888889,-0.00102548813447,0.579488277435,2.40511059761,6.82742102072e-05,2.31658959819e-05,0,0,-9.05124252313e-05,-1.16010165215,41.5200233459,42.0000359416,0,0,0,3.2200504182e-06,149429.427748
34.9,-0.00102548813447,0.579488277435,2.40511059761,6.82742102072e-05,2.31658959819e-05,0,0,-9.05124252313e-05,-1.16010165215,41.5200233459,42.0000359416,0,0,0,3.22002732484e-06,149429.427748
34.9111111111,-0.00102548813447,0.579488277435,2.40511059761,6.82742102072e-05,2.31658959819e-05,0,0,-9.05124252313e-05,-1.16010165215,41.5200233459,42.0000359416,0,0,0,3.22070020974e-06,149429.427748
34.9222222222,-0.00102548813447,0.579488277435,2.40511059761,6.82742102072e-05,2.31658959819e-05,0,0,-9.05124252313e-05,-1.16010165215,41.5200233459,42.0000359416,0,0,0,3.21966505018e-06,149429.427748
34.9333333333,-0.00102548813447,0.579488277435,2.40511059761,6.82742102072e-05,2.31658959819e-05,0,0,-9.05124252313e-05,-1.16010165215,41.5200233459,42.0000359416,0,0,0,3.22059202369e-06,149429.427748
34.9444444444,-0.00102548813447,0.579488277435,2.40511059761,6.82742102072e-05,2.31658959819e-05,0,0,-9.05124252313e-05,-1.16010165215,41.5200233459,42.0000359416,0,0,0,3.22053801217e-06,149429.427748
34.9555555556,-0.00102548813447,0.579488277435,2.40511059761,6.82742102072e-05,2.31658959819e-05,0,0,-9.05124252313e-05,-1.16010165215,41.5200233459,42.0000359416,0,0,0,3.22016101678e-06,149429.427748
34.9666666667,-0.00102548813447,0.579488277435,2.40511059761,6.82742102072e-05,2.31658959819e-05,0,0,-9.05124252313e-05,-1.16010165215,41.5200233459,42.0000359416,0,0,0,3.21999144943e-06,149429.427748
34.9777777778,-0.00102548813447,0.579488277435,2.40511059761,6.82742102072e-05,2.31658959819e-05,0,0,-9.05124252313e-05,-1.16010165215,41.5200233459,42.0000359416,0,0,0,3.22007621114e-06,149429.427748
34.9888888889,-0.00102548813447,0.579488277435,2.40511059761,6.82742102072e-05,2.31658959819e-05,0,0,-9.05124252313e-05,-1.16010165215,41.5200233459,42.0000359416,0,0,0,3.22036851047e-06,149429.427748
35,-0.00102548813447,0.579488277435,2.40511059761,6.82742102072e-05,2.31658959819e-05,0,0,-9.05124252313e-05,-1.16010165215,41.5200233459,42.0000359416,0,0,0,3.22060832043e-06,149429.427748
35.0111111111,-0.00102548813447,0.579488277435,2.40511059761,6.82742102072e-05,2.31658959819e-05,0,0,-9.05124252313e-05,-1.16010165215,41.5200233459,42.0000359416,0,0,0,3.22009843297e-06,149429.427748
35.0222222222,-0.00102548813447,0.579488277435,2.40511059761,6.82742102072e-05,2.31658959819e-05,0,0,-9.05124252313e-05,-1.16010165215,41.5200233459,42.0000359416,0,0,0,3.22026234003e-06,149429.427748
35.0333333333,-0.00102548813447,0.579488277435,2.40511059761,6.82742102072e-05,2.31658959819e-05,0,0,-9.05124252313e-05,-1.16010165215,41.5200233459,42.0000359416,0,0,0,3.22014856014e-06,149429.427748
35.0444444444,-0.00102548813447,0.579488277435,2.40511059761,6.82742102072e-05,2.31658959819e-05,0,0,-9.05124252313e-05,-1.16010165215,41.5200233459,42.0000359416,0,0,0,3.21958360834e-06,149429.427748
35.0555555556,-0.00102548813447,0.579488277435,2.40511059761,6.82742102072e-05,2.31658959819e-05,0,0,-9.05124252313e-05,-1.16010165215,41.5200233459,42.0000359416,0,0,0,3.22040809278e-06,149429.427748
35.0666666667,-0.00102548813447,0.579488277435,2.40511059761,6.82742102072e-05,2.31658959819e-05,0,0,-9.05124252313e-05,-1.16010165215,41.5200233459,42.0000359416,0,0,0,3.21998276499e-06,149429.427748
35.0777777778,-0.00102548813447,0.579488277435,2.40511059761,6.82742102072e-05,2.31658959819e-05,0,0,-9.05124252313e-05,-1.16010165215,41.5200233459,42.0000359416,0,0,0,3.22047441161e-06,149429.427748
35.0888888889,-0.00102548813447,0.579488277435,2.40511059761,6.82742102072e-05,2.31658959819e-05,0,0,-9.05124252313e-05,-1.16010165215,41.5200233459,42.0000359416,0,0,0,3.22093988827e-06,149429.427748
35.1,-0.00102548813447,0.579488277435,2.40511059761,6.82742102072e-05,2.31658959819e-05,0,0,-9.05124252313e-05,-1.16010165215,41.5200233459,42.0000359416,0,0,0,3.21986521277e-06,149429.427748
35.1111111111,-0.00102548813447,0.579488277435,2.40511059761,6.82742102072e-05,2.31658959819e-05,0,0,-9.05124252313e-05,-1.16010165215,41.5200233459,42.0000359416,0,0,0,3.22092128956e-06,149429.427748
35.1222222222,-0.00102548813447,0.579488277435,2.40511059761,6.82742102072e-05,2.31658959819e-05,0,0,-9.05124252313e-05,-1.16010165215,41.5200233459,42.0000359416,0,0,0,3.22025775518e-06,149429.427748
35.1333333333,-0.00102548813447,0.579488277435,2.40511059761,6.82742102072e-05,2.31658959819e-05,0,0,-9.05124252313e-05,-1.16010165215,41.5200233459,42.0000359416,0,0,0,3.22009301367e-06,149429.427748
35.1444444444,-0.00102548813447,0.579488277435,2.40511059761,6.82742102072e-05,2.31658959819e-05,0,0,-9.05124252313e-05,-1.16010165215,41.5200233459,42.0000359416,0,0,0,3.22042832844e-06,149429.427748
35.1555555556,-0.00102548813447,0.579488277435,2.40511059761,6.82742102072e-05,2.31658959819e-05,0,0,-9.05124252313e-05,-1.16010165215,41.5200233459,42.0000359416,0,0,0,3.22008876818e-06,149429.427748
35.1666666667,-0.00102548813447,0.579488277435,2.40511059761,6.82742102072e-05,2.31658959819e-05,0,0,-9.05124252313e-05,-1.16010165215,41.5200233459,42.0000359416,0,0,0,3.22035360583e-06,149429.427748
35.1777777778,-0.00102548813447,0.579488277435,2.40511059761,6.82742102072e-05,2.31658959819e-05,0,0,-9.05124252313e-05,-1.16010165215,41.5200233459,42.0000359416,0,0,0,3.22078976596e-06,149429.427748
35.1888888889,-0.00102548813447,0.579488277435,2.40511059761,6.82742102072e-05,2.31658959819e-05,0,0,-9.05124252313e-05,-1.16010165215,41.5200233459,42.0000359416,0,0,0,3.21966233161e-06,149429.427748
35.2,-0.00102548813447,0.579488277435,2.40511059761,6.82742102072e-05,2.31658959819e-05,0,0,-9.05124252313e-05,-1.16010165215,41.5200233459,42.0000359416,0,0,0,3.22099526628e-06,149429.427748
35.2111111111,-0.00102548813447,0.579488277435,2.40511059761,6.82742102072e-05,2.31658959819e-05,0,0,-9.05124252313e-05,-1.16010165215,41.5200233459,42.0000359416,0,0,0,3.22011421164e-06,149429.427748
35.2222222222,-0.00102548813447,0.579488277435,2.40511059761,6.82742102072e-05,2.31658959819e-05,0,0,-9.05124252313e-05,-1.16010165215,41.5200233459,42.0000359416,0,0,0,3.21971028248e-06,149429.427748
35.2333333333,-0.00102548813447,0.579488277435,2.40511059761,6.82742102072e-05,2.31658959819e-05,0,0,-9.05124252313e-05,-1.16010165215,41.5200233459,42.0000359416,0,0,0,3.22060759578e-06,149429.427748
35.2444444444,-0.00102548813447,0.579488277435,2.40511059761,6.82742102072e-05,2.31658959819e-05,0,0,-9.05124252313e-05,-1.16010165215,41.5200233459,42.0000359416,0,0,0,3.21988598945e-06,149429.427748
35.2555555556,-0.00102548813447,0.579488277435,2.40511059761,6.82742102072e-05,2.31658959819e-05,0,0,-9.05124252313e-05,-1.16010165215,41.5200233459,42.0000359416,0,0,0,3.21998033e-06,149429.427748
35.2666666667,-0.00102548813447,0.579488277435,2.40511059761,6.82742102072e-05,2.31658959819e-05,0,0,-9.05124252313e-05,-1.16010165215,41.5200233459,42.0000359416,0,0,0,3.22048723936e-06,149429.427748
35.2777777778,-0.00102548813447,0.579488277435,2.40511059761,6.82742102072e-05,2.31658959819e-05,0,0,-9.05124252313e-05,-1.16010165215,41.5200233459,42.0000359416,0,0,0,3.21980735737e-06,149429.427748
35.2888888889,-0.00102548813447,0.579488277435,2.40511059761,6.82742102072e-05,2.31658959819e-05,0,0,-9.05124252313e-05,-1.16010165215,41.5200233459,42.0000359416,0,0,0,3.22007234169e-06,149429.427748
35.3,-0.00102548813447,0.579488277435,2.40511059761,6.82742102072e-05,2.31658959819e-05,0,0,-9.05124252313e-05,-1.16010165215,41.5200233459,42.0000359416,0,0,0,3.22031627042e-06,149429.427748
35.3111111111,-0.00102548813447,0.579488277435,2.40511059761,6.82742102072e-05,2.31658959819e-05,0,0,-9.05124252313e-05,-1.16010165215,41.5200233459,42.0000359416,0,0,0,3.22061720404e-06,149429.427748
35.3222222222,-0.00102548813447,0.579488277435,2.40511059761,6.82742102072e-05,2.31658959819e-05,0,0,-9.05124252313e-05,-1.16010165215,41.5200233459,42.0000359416,0,0,0,3.22088534628e-06,149429.427748
35.3333333333,-0.00102548813447,0.579488277435,2.40511059761,6.82742102072e-05,2.31658959819e-05,0,0,-9.05124252313e-05,-1.16010165215,41.5200233459,42.0000359416,0,0,0,3.21990286489e-06,149429.427748
35.3444444444,-0.00102548813447,0.579488277435,2.40511059761,6.82742102072e-05,2.31658959819e-05,0,0,-9.05124252313e-05,-1.16010165215,41.5200233459,42.0000359416,0,0,0,3.22031930249e-06,149429.427748
35.3555555556,-0.00102548813447,0.579488277435,2.40511059761,6.82742102072e-05,2.31658959819e-05,0,0,-9.05124252313e-05,-1.16010165215,41.5200233459,42.0000359416,0,0,0,3.22084064414e-06,149429.427748
35.3666666667,-0.00102548813447,0.579488277435,2.40511059761,6.82742102072e-05,2.31658959819e-05,0,0,-9.05124252313e-05,-1.16010165215,41.5200233459,42.0000359416,0,0,0,3.22083825191e-06,149429.427748
35.3777777778,-0.00102548813447,0.579488277435,2.40511059761,6.82742102072e-05,2.31658959819e-05,0,0,-9.05124252313e-05,-1.16010165215,41.5200233459,42.0000359416,0,0,0,3.21983186019e-06,149429.427748
35.3888888889,-0.00102548813447,0.579488277435,2.40511059761,6.82742102072e-05,2.31658959819e-05,0,0,-9.05124252313e-05,-1.16010165215,41.5200233459,42.0000359416,0,0,0,3.21996673845e-06,149429.427748
35.4,-0.00102548813447,0.579488277435,2.40511059761,6.82742102072e-05,2.31658959819e-05,0,0,-9.05124252313e-05,-1.16010165215,41.5200233459,42.0000359416,0,0,0,3.22075832952e-06,149429.427748
35.4111111111,-0.00102548813447,0.579488277435,2.40511059761,6.82742102072e-05,2.31658959819e-05,0,0,-9.05124252313e-05,-1.16010165215,41.5200233459,42.0000359416,0,0,0,3.22064564342e-06,149429.427748
35.4222222222,-0.00102548813447,0.579488277435,2.40511059761,6.82742102072e-05,2.31658959819e-05,0,0,-9.05124252313e-05,-1.16010165215,41.5200233459,42.0000359416,0,0,0,3.22088954388e-06,149429.427748
35.4333333333,-0.00102548813447,0.579488277435,2.40511059761,6.82742102072e-05,2.31658959819e-05,0,0,-9.05124252313e-05,-1.16010165215,41.5200233459,42.0000359416,0,0,0,3.22021013457e-06,149429.427748
35.4444444444,-0.00102548813447,0.579488277435,2.40511059761,6.82742102072e-05,2.31658959819e-05,0,0,-9.05124252313e-05,-1.16010165215,41.5200233459,42.0000359416,0,0,0,3.22008018284e-06,149429.427748
35.4555555556,-0.00102548813447,0.579488277435,2.40511059761,6.82742102072e-05,2.31658959819e-05,0,0,-9.05124252313e-05,-1.16010165215,41.5200233459,42.0000359416,0,0,0,3.22007643453e-06,149429.427748
35.4666666667,-0.00102548813447,0.579488277435,2.40511059761,6.82742102072e-05,2.31658959819e-05,0,0,-9.05124252313e-05,-1.16010165215,41.5200233459,42.0000359416,0,0,0,3.22006617074e-06,149429.427748
35.4777777778,-0.00102548813447,0.579488277435,2.40511059761,6.82742102072e-05,2.31658959819e-05,0,0,-9.05124252313e-05,-1.16010165215,41.5200233459,42.0000359416,0,0,0,3.22081132073e-06,149429.427748
35.4888888889,-0.00102548813447,0.579488277435,2.40511059761,6.82742102072e-05,2.31658959819e-05,0,0,-9.05124252313e-05,-1.16010165215,41.5200233459,42.0000359416,0,0,0,3.2198955978e-06,149429.427748
35.5,-0.00102548813447,0.579488277435,2.40511059761,6.82742102072e-05,2.31658959819e-05,0,0,-9.05124252313e-05,-1.16010165215,41.5200233459,42.0000359416,0,0,0,3.21961130192e-06,149429.427748
35.5111111111,-0.00102548813447,0.579488277435,2.40511059761,6.82742102072e-05,2.31658959819e-05,0,0,-9.05124252313e-05,-1.16010165215,41.5200233459,42.0000359416,0,0,0,3.22000928998e-06,149429.427748
35.5222222222,-0.00102548813447,0.579488277435,2.40511059761,6.82742102072e-05,2.31658959819e-05,0,0,-9.05124252313e-05,-1.16010165215,41.5200233459,42.0000359416,0,0,0,3.21985462575e-06,149429.427748
35.5333333333,-0.00102548813447,0.579488277435,2.40511059761,6.82742102072e-05,2.31658959819e-05,0,0,-9.05124252313e-05,-1.16010165215,41.5200233459,42.0000359416,0,0,0,3.22023571407e-06,149429.427748
35.5444444444,-0.00102548813447,0.579488277435,2.40511059761,6.82742102072e-05,2.31658959819e-05,0,0,-9.05124252313e-05,-1.16010165215,41.5200233459,42.0000359416,0,0,0,3.22097480764e-06,149429.427748
35.5555555556,-0.00102548813447,0.579488277435,2.40511059761,6.82742102072e-05,2.31658959819e-05,0,0,-9.05124252313e-05,-1.16010165215,41.5200233459,42.0000359416,0,0,0,3.22015805126e-06,149429.427748
35.5666666667,-0.00102548813447,0.579488277435,2.40511059761,6.82742102072e-05,2.31658959819e-05,0,0,-9.05124252313e-05,-1.16010165215,41.5200233459,42.0000359416,0,0,0,3.21988818054e-06,149429.427748
35.5777777778,-0.00102548813447,0.579488277435,2.40511059761,6.82742102072e-05,2.31658959819e-05,0,0,-9.05124252313e-05,-1.16010165215,41.5200233459,42.0000359416,0,0,0,3.22032507434e-06,149429.427748
35.5888888889,-0.00102548813447,0.579488277435,2.40511059761,6.82742102072e-05,2.31658959819e-05,0,0,-9.05124252313e-05,-1.16010165215,41.5200233459,42.0000359416,0,0,0,3.21985441069e-06,149429.427748
35.6,-0.00102548813447,0.579488277435,2.40511059761,6.82742102072e-05,2.31658959819e-05,0,0,-9.05124252313e-05,-1.16010165215,41.5200233459,42.0000359416,0,0,0,3.22011456354e-06,149429.427748
35.6111111111,-0.00102548813447,0.579488277435,2.40511059761,6.82742102072e-05,2.31658959819e-05,0,0,-9.05124252313e-05,-1.16010165215,41.5200233459,42.0000359416,0,0,0,3.22038160428e-06,149429.427748
35.6222222222,-0.00102548813447,0.579488277435,2.40511059761,6.82742102072e-05,2.31658959819e-05,0,0,-9.05124252313e-05,-1.16010165215,41.5200233459,42.0000359416,0,0,0,3.21992968726e-06,149429.427748
35.6333333333,-0.00102548813447,0.579488277435,2.40511059761,6.82742102072e-05,2.31658959819e-05,0,0,-9.05124252313e-05,-1.16010165215,41.5200233459,42.0000359416,0,0,0,3.22033182712e-06,149429.427748
35.6444444444,-0.00102548813447,0.579488277435,2.40511059761,6.82742102072e-05,2.31658959819e-05,0,0,-9.05124252313e-05,-1.16010165215,41.5200233459,42.0000359416,0,0,0,3.22041122419e-06,149429.427748
35.6555555556,-0.00102548813447,0.579488277435,2.40511059761,6.82742102072e-05,2.31658959819e-05,0,0,-9.05124252313e-05,-1.16010165215,41.5200233459,42.0000359416,0,0,0,3.22084345537e-06,149429.427748
35.6666666667,-0.00102548813447,0.579488277435,2.40511059761,6.82742102072e-05,2.31658959819e-05,0,0,-9.05124252313e-05,-1.16010165215,41.5200233459,42.0000359416,0,0,0,3.22069207363e-06,149429.427748
35.6777777778,-0.00102548813447,0.579488277435,2.40511059761,6.82742102072e-05,2.31658959819e-05,0,0,-9.05124252313e-05,-1.16010165215,41.5200233459,42.0000359416,0,0,0,3.22094682088e-06,149429.427748
35.6888888889,-0.00102548813447,0.579488277435,2.40511059761,6.82742102072e-05,2.31658959819e-05,0,0,-9.05124252313e-05,-1.16010165215,41.5200233459,42.0000359416,0,0,0,3.21977638744e-06,149429.427748
35.7,-0.00102548813447,0.579488277435,2.40511059761,6.82742102072e-05,2.31658959819e-05,0,0,-9.05124252313e-05,-1.16010165215,41.5200233459,42.0000359416,0,0,0,3.2198108346e-06,149429.427748
35.7111111111,-0.00102548813447,0.579488277435,2.40511059761,6.82742102072e-05,2.31658959819e-05,0,0,-9.05124252313e-05,-1.16010165215,41.5200233459,42.0000359416,0,0,0,3.21959842022e-06,149429.427748
35.7222222222,-0.00102548813447,0.579488277435,2.40511059761,6.82742102072e-05,2.31658959819e-05,0,0,-9.05124252313e-05,-1.16010165215,41.5200233459,42.0000359416,0,0,0,3.21990655156e-06,149429.427748
35.7333333333,-0.00102548813447,0.579488277435,2.40511059761,6.82742102072e-05,2.31658959819e-05,0,0,-9.05124252313e-05,-1.16010165215,41.5200233459,42.0000359416,0,0,0,3.21958846142e-06,149429.427748
35.7444444444,-0.00102548813447,0.579488277435,2.40511059761,6.82742102072e-05,2.31658959819e-05,0,0,-9.05124252313e-05,-1.16010165215,41.5200233459,42.0000359416,0,0,0,3.22012367786e-06,149429.427748
35.7555555556,-0.00102548813447,0.579488277435,2.40511059761,6.82742102072e-05,2.31658959819e-05,0,0,-9.05124252313e-05,-1.16010165215,41.5200233459,42.0000359416,0,0,0,3.21986260258e-06,149429.427748
35.7666666667,-0.00102548813447,0.579488277435,2.40511059761,6.82742102072e-05,2.31658959819e-05,0,0,-9.05124252313e-05,-1.16010165215,41.5200233459,42.0000359416,0,0,0,3.22051289471e-06,149429.427748
35.7777777778,-0.00102548813447,0.579488277435,2.40511059761,6.82742102072e-05,2.31658959819e-05,0,0,-9.05124252313e-05,-1.16010165215,41.5200233459,42.0000359416,0,0,0,3.22019463807e-06,149429.427748
35.7888888889,-0.00102548813447,0.579488277435,2.40511059761,6.82742102072e-05,2.31658959819e-05,0,0,-9.05124252313e-05,-1.16010165215,41.5200233459,42.0000359416,0,0,0,3.22037560697e-06,149429.427748
35.8,-0.00102548813447,0.579488277435,2.40511059761,6.82742102072e-05,2.31658959819e-05,0,0,-9.05124252313e-05,-1.16010165215,41.5200233459,42.0000359416,0,0,0,3.22039561776e-06,149429.427748
35.8111111111,-0.00102548813447,0.579488277435,2.40511059761,6.82742102072e-05,2.31658959819e-05,0,0,-9.05124252313e-05,-1.16010165215,41.5200233459,42.0000359416,0,0,0,3.22058055561e-06,149429.427748
35.8222222222,-0.00102548813447,0.579488277435,2.40511059761,6.82742102072e-05,2.31658959819e-05,0,0,-9.05124252313e-05,-1.16010165215,41.5200233459,42.0000359416,0,0,0,3.22079626335e-06,149429.427748
35.8333333333,-0.00102548813447,0.579488277435,2.40511059761,6.82742102072e-05,2.31658959819e-05,0,0,-9.05124252313e-05,-1.16010165215,41.5200233459,42.0000359416,0,0,0,3.22082207779e-06,149429.427748
35.8444444444,-0.00102548813447,0.579488277435,2.40511059761,6.82742102072e-05,2.31658959819e-05,0,0,-9.05124252313e-05,-1.16010165215,41.5200233459,42.0000359416,0,0,0,3.22018769206e-06,149429.427748
35.8555555556,-0.00102548813447,0.579488277435,2.40511059761,6.82742102072e-05,2.31658959819e-05,0,0,-9.05124252313e-05,-1.16010165215,41.5200233459,42.0000359416,0,0,0,3.22014090584e-06,149429.427748
35.8666666667,-0.00102548813447,0.579488277435,2.40511059761,6.82742102072e-05,2.31658959819e-05,0,0,-9.05124252313e-05,-1.16010165215,41.5200233459,42.0000359416,0,0,0,3.22027496255e-06,149429.427748
35.8777777778,-0.00102548813447,0.579488277435,2.40511059761,6.82742102072e-05,2.31658959819e-05,0,0,-9.05124252313e-05,-1.16010165215,41.5200233459,42.0000359416,0,0,0,3.22001862036e-06,149429.427748
35.8888888889,-0.00102548813447,0.579488277435,2.40511059761,6.82742102072e-05,2.31658959819e-05,0,0,-9.05124252313e-05,-1.16010165215,41.5200233459,42.0000359416,0,0,0,3.22048242327e-06,149429.427748
35.9,-0.00102548813447,0.579488277435,2.40511059761,6.82742102072e-05,2.31658959819e-05,0,0,-9.05124252313e-05,-1.16010165215,41.5200233459,42.0000359416,0,0,0,3.21976550095e-06,149429.427748
35.9111111111,-0.00102548813447,0.579488277435,2.40511059761,6.82742102072e-05,2.31658959819e-05,0,0,-9.05124252313e-05,-1.16010165215,41.5200233459,42.0000359416,0,0,0,3.21983425049e-06,149429.427748
35.9222222222,-0.00102548813447,0.579488277435,2.40511059761,6.82742102072e-05,2.31658959819e-05,0,0,-9.05124252313e-05,-1.16010165215,41.5200233459,42.0000359416,0,0,0,3.22055590177e-06,149429.427748
35.9333333333,-0.00102548813447,0.579488277435,2.40511059761,6.82742102072e-05,2.31658959819e-05,0,0,-9.05124252313e-05,-1.16010165215,41.5200233459,42.0000359416,0,0,0,3.21959573531e-06,149429.427748
35.9444444444,-0.00102548813447,0.579488277435,2.40511059761,6.82742102072e-05,2.31658959819e-05,0,0,-9.05124252313e-05,-1.16010165215,41.5200233459,42.0000359416,0,0,0,3.22097372382e-06,149429.427748
35.9555555556,-0.00102548813447,0.579488277435,2.40511059761,6.82742102072e-05,2.31658959819e-05,0,0,-9.05124252313e-05,-1.16010165215,41.5200233459,42.0000359416,0,0,0,3.21995627117e-06,149429.427748
35.9666666667,-0.00102548813447,0.579488277435,2.40511059761,6.82742102072e-05,2.31658959819e-05,0,0,-9.05124252313e-05,-1.16010165215,41.5200233459,42.0000359416,0,0,0,3.22070452129e-06,149429.427748
35.9777777778,-0.00102548813447,0.579488277435,2.40511059761,6.82742102072e-05,2.31658959819e-05,0,0,-9.05124252313e-05,-1.16010165215,41.5200233459,42.0000359416,0,0,0,3.22052530897e-06,149429.427748
35.9888888889,-0.00102548813447,0.579488277435,2.40511059761,6.82742102072e-05,2.31658959819e-05,0,0,-9.05124252313e-05,-1.16010165215,41.5200233459,42.0000359416,0,0,0,3.21984436942e-06,149429.427748
36,-0.00102548813447,0.579488277435,2.40511059761,6.82742102072e-05,2.31658959819e-05,0,0,-9.05124252313e-05,-1.16010165215,41.5200233459,42.0000359416,0,0,0,3.22001547548e-06,149429.427748
36.0111111111,-0.00102548813447,0.579488277435,2.40511059761,6.82742102072e-05,2.31658959819e-05,0,0,-9.05124252313e-05,-1.16010165215,41.5200233459,42.0000359416,0,0,0,3.22002731438e-06,149429.427748
36.0222222222,-0.00102548813447,0.579488277435,2.40511059761,6.82742102072e-05,2.31658959819e-05,0,0,-9.05124252313e-05,-1.16010165215,41.5200233459,42.0000359416,0,0,0,3.22062295312e-06,149429.427748
36.0333333333,-0.00102548813447,0.579488277435,2.40511059761,6.82742102072e-05,2.31658959819e-05,0,0,-9.05124252313e-05,-1.16010165215,41.5200233459,42.0000359416,0,0,0,3.21990138438e-06,149429.427748
36.0444444444,-0.00102548813447,0.579488277435,2.40511059761,6.82742102072e-05,2.31658959819e-05,0,0,-9.05124252313e-05,-1.16010165215,41.5200233459,42.0000359416,0,0,0,3.21989833237e-06,149429.427748
36.0555555556,-0.00102548813447,0.579488277435,2.40511059761,6.82742102072e-05,2.31658959819e-05,0,0,-9.05124252313e-05,-1.16010165215,41.5200233459,42.0000359416,0,0,0,3.22068213375e-06,149429.427748
36.0666666667,-0.00102548813447,0.579488277435,2.40511059761,6.82742102072e-05,2.31658959819e-05,0,0,-9.05124252313e-05,-1.16010165215,41.5200233459,42.0000359416,0,0,0,3.21982633596e-06,149429.427748
36.0777777778,-0.00102548813447,0.579488277435,2.40511059761,6.82742102072e-05,2.31658959819e-05,0,0,-9.05124252313e-05,-1.16010165215,41.5200233459,42.0000359416,0,0,0,3.22044885211e-06,149429.427748
36.0888888889,-0.00102548813447,0.579488277435,2.40511059761,6.82742102072e-05,2.31658959819e-05,0,0,-9.05124252313e-05,-1.16010165215,41.5200233459,42.0000359416,0,0,0,3.22027792074e-06,149429.427748
36.1,-0.00102548813447,0.579488277435,2.40511059761,6.82742102072e-05,2.31658959819e-05,0,0,-9.05124252313e-05,-1.16010165215,41.5200233459,42.0000359416,0,0,0,3.22077185585e-06,149429.427748
36.1111111111,-0.00102548813447,0.579488277435,2.40511059761,6.82742102072e-05,2.31658959819e-05,0,0,-9.05124252313e-05,-1.16010165215,41.5200233459,42.0000359416,0,0,0,3.22005396732e-06,149429.427748
36.1222222222,-0.00102548813447,0.579488277435,2.40511059761,6.82742102072e-05,2.31658959819e-05,0,0,-9.05124252313e-05,-1.16010165215,41.5200233459,42.0000359416,0,0,0,3.22097650719e-06,149429.427748
36.1333333333,-0.00102548813447,0.579488277435,2.40511059761,6.82742102072e-05,2.31658959819e-05,0,0,-9.05124252313e-05,-1.16010165215,41.5200233459,42.0000359416,0,0,0,3.22041270847e-06,149429.427748
36.1444444444,-0.00102548813447,0.579488277435,2.40511059761,6.82742102072e-05,2.31658959819e-05,0,0,-9.05124252313e-05,-1.16010165215,41.5200233459,42.0000359416,0,0,0,3.22072623115e-06,149429.427748
36.1555555556,-0.00102548813447,0.579488277435,2.40511059761,6.82742102072e-05,2.31658959819e-05,0,0,-9.05124252313e-05,-1.16010165215,41.5200233459,42.0000359416,0,0,0,3.21972614956e-06,149429.427748
36.1666666667,-0.00102548813447,0.579488277435,2.40511059761,6.82742102072e-05,2.31658959819e-05,0,0,-9.05124252313e-05,-1.16010165215,41.5200233459,42.0000359416,0,0,0,3.22070468274e-06,149429.427748
36.1777777778,-0.00102548813447,0.579488277435,2.40511059761,6.82742102072e-05,2.31658959819e-05,0,0,-9.05124252313e-05,-1.16010165215,41.5200233459,42.0000359416,0,0,0,3.22097143338e-06,149429.427748
36.1888888889,-0.00102548813447,0.579488277435,2.40511059761,6.82742102072e-05,2.31658959819e-05,0,0,-9.05124252313e-05,-1.16010165215,41.5200233459,42.0000359416,0,0,0,3.22024206407e-06,149429.427748
36.2,-0.00102548813447,0.579488277435,2.40511059761,6.82742102072e-05,2.31658959819e-05,0,0,-9.05124252313e-05,-1.16010165215,41.5200233459,42.0000359416,0,0,0,3.22032191355e-06,149429.427748
36.2111111111,-0.00102548813447,0.579488277435,2.40511059761,6.82742102072e-05,2.31658959819e-05,0,0,-9.05124252313e-05,-1.16010165215,41.5200233459,42.0000359416,0,0,0,3.22061889289e-06,149429.427748
36.2222222222,-0.00102548813447,0.579488277435,2.40511059761,6.82742102072e-05,2.31658959819e-05,0,0,-9.05124252313e-05,-1.16010165215,41.5200233459,42.0000359416,0,0,0,3.22033463111e-06,149429.427748
36.2333333333,-0.00102548813447,0.579488277435,2.40511059761,6.82742102072e-05,2.31658959819e-05,0,0,-9.05124252313e-05,-1.16010165215,41.5200233459,42.0000359416,0,0,0,3.21960698728e-06,149429.427748
36.2444444444,-0.00102548813447,0.579488277435,2.40511059761,6.82742102072e-05,2.31658959819e-05,0,0,-9.05124252313e-05,-1.16010165215,41.5200233459,42.0000359416,0,0,0,3.21957892312e-06,149429.427748
36.2555555556,-0.00102548813447,0.579488277435,2.40511059761,6.82742102072e-05,2.31658959819e-05,0,0,-9.05124252313e-05,-1.16010165215,41.5200233459,42.0000359416,0,0,0,3.22029954056e-06,149429.427748
36.2666666667,-0.00102548813447,0.579488277435,2.40511059761,6.82742102072e-05,2.31658959819e-05,0,0,-9.05124252313e-05,-1.16010165215,41.5200233459,42.0000359416,0,0,0,3.21981328612e-06,149429.427748
36.2777777778,-0.00102548813447,0.579488277435,2.40511059761,6.82742102072e-05,2.31658959819e-05,0,0,-9.05124252313e-05,-1.16010165215,41.5200233459,42.0000359416,0,0,0,3.22019446274e-06,149429.427748
36.2888888889,-0.00102548813447,0.579488277435,2.40511059761,6.82742102072e-05,2.31658959819e-05,0,0,-9.05124252313e-05,-1.16010165215,41.5200233459,42.0000359416,0,0,0,3.22093988531e-06,149429.427748
36.3,-0.00102548813447,0.579488277435,2.40511059761,6.82742102072e-05,2.31658959819e-05,0,0,-9.05124252313e-05,-1.16010165215,41.5200233459,42.0000359416,0,0,0,3.21962992928e-06,149429.427748
36.3111111111,-0.00102548813447,0.579488277435,2.40511059761,6.82742102072e-05,2.31658959819e-05,0,0,-9.05124252313e-05,-1.16010165215,41.5200233459,42.0000359416,0,0,0,3.21970556424e-06,149429.427748
36.3222222222,-0.00102548813447,0.579488277435,2.40511059761,6.82742102072e-05,2.31658959819e-05,0,0,-9.05124252313e-05,-1.16010165215,41.5200233459,42.0000359416,0,0,0,3.21994430095e-06,149429.427748
36.3333333333,-0.00102548813447,0.579488277435,2.40511059761,6.82742102072e-05,2.31658959819e-05,0,0,-9.05124252313e-05,-1.16010165215,41.5200233459,42.0000359416,0,0,0,3.22058522882e-06,149429.427748
36.3444444444,-0.00102548813447,0.579488277435,2.40511059761,6.82742102072e-05,2.31658959819e-05,0,0,-9.05124252313e-05,-1.16010165215,41.5200233459,42.0000359416,0,0,0,3.22085892436e-06,149429.427748
36.3555555556,-0.00102548813447,0.579488277435,2.40511059761,6.82742102072e-05,2.31658959819e-05,0,0,-9.05124252313e-05,-1.16010165215,41.5200233459,42.0000359416,0,0,0,3.22092443767e-06,149429.427748
36.3666666667,-0.00102548813447,0.579488277435,2.40511059761,6.82742102072e-05,2.31658959819e-05,0,0,-9.05124252313e-05,-1.16010165215,41.5200233459,42.0000359416,0,0,0,3.22033164837e-06,149429.427748
36.3777777778,-0.00102548813447,0.579488277435,2.40511059761,6.82742102072e-05,2.31658959819e-05,0,0,-9.05124252313e-05,-1.16010165215,41.5200233459,42.0000359416,0,0,0,3.22024961155e-06,149429.427748
36.3888888889,-0.00102548813447,0.579488277435,2.40511059761,6.82742102072e-05,2.31658959819e-05,0,0,-9.05124252313e-05,-1.16010165215,41.5200233459,42.0000359416,0,0,0,3.22035323855e-06,149429.427748
36.4,-0.00102548813447,0.579488277435,2.40511059761,6.82742102072e-05,2.31658959819e-05,0,0,-9.05124252313e-05,-1.16010165215,41.5200233459,42.0000359416,0,0,0,3.21978627781e-06,149429.427748
36.4111111111,-0.00102548813447,0.579488277435,2.40511059761,6.82742102072e-05,2.31658959819e-05,0,0,-9.05124252313e-05,-1.16010165215,41.5200233459,42.0000359416,0,0,0,3.2199955754e-06,149429.427748
36.4222222222,-0.00102548813447,0.579488277435,2.40511059761,6.82742102072e-05,2.31658959819e-05,0,0,-9.05124252313e-05,-1.16010165215,41.5200233459,42.0000359416,0,0,0,3.22019414986e-06,149429.427748
36.4333333333,-0.00102548813447,0.579488277435,2.40511059761,6.82742102072e-05,2.31658959819e-05,0,0,-9.05124252313e-05,-1.16010165215,41.5200233459,42.0000359416,0,0,0,3.21990711636e-06,149429.427748
36.4444444444,-0.00102548813447,0.579488277435,2.40511059761,6.82742102072e-05,2.31658959819e-05,0,0,-9.05124252313e-05,-1.16010165215,41.5200233459,42.0000359416,0,0,0,3.22023651481e-06,149429.427748
36.4555555556,-0.00102548813447,0.579488277435,2.40511059761,6.82742102072e-05,2.31658959819e-05,0,0,-9.05124252313e-05,-1.16010165215,41.5200233459,42.0000359416,0,0,0,3.22014747001e-06,149429.427748
36.4666666667,-0.00102548813447,0.579488277435,2.40511059761,6.82742102072e-05,2.31658959819e-05,0,0,-9.05124252313e-05,-1.16010165215,41.5200233459,42.0000359416,0,0,0,3.22089656776e-06,149429.427748
36.4777777778,-0.00102548813447,0.579488277435,2.40511059761,6.82742102072e-05,2.31658959819e-05,0,0,-9.05124252313e-05,-1.16010165215,41.5200233459,42.0000359416,0,0,0,3.22030648535e-06,149429.427748
36.4888888889,-0.00102548813447,0.579488277435,2.40511059761,6.82742102072e-05,2.31658959819e-05,0,0,-9.05124252313e-05,-1.16010165215,41.5200233459,42.0000359416,0,0,0,3.22007981388e-06,149429.427748
36.5,-0.00102548813447,0.579488277435,2.40511059761,6.82742102072e-05,2.31658959819e-05,0,0,-9.05124252313e-05,-1.16010165215,41.5200233459,42.0000359416,0,0,0,3.22030564392e-06,149429.427748
36.5111111111,-0.00102548813447,0.579488277435,2.40511059761,6.82742102072e-05,2.31658959819e-05,0,0,-9.05124252313e-05,-1.16010165215,41.5200233459,42.0000359416,0,0,0,3.22009088244e-06,149429.427748
36.5222222222,-0.00102548813447,0.579488277435,2.40511059761,6.82742102072e-05,2.31658959819e-05,0,0,-9.05124252313e-05,-1.16010165215,41.5200233459,42.0000359416,0,0,0,3.22048336226e-06,149429.427748
36.5333333333,-0.00102548813447,0.579488277435,2.40511059761,6.82742102072e-05,2.31658959819e-05,0,0,-9.05124252313e-05,-1.16010165215,41.5200233459,42.0000359416,0,0,0,3.22084739293e-06,149429.427748
36.5444444444,-0.00102548813447,0.579488277435,2.40511059761,6.82742102072e-05,2.31658959819e-05,0,0,-9.05124252313e-05,-1.16010165215,41.5200233459,42.0000359416,0,0,0,3.22004451124e-06,149429.427748
36.5555555556,-0.00102548813447,0.579488277435,2.40511059761,6.82742102072e-05,2.31658959819e-05,0,0,-9.05124252313e-05,-1.16010165215,41.5200233459,42.0000359416,0,0,0,3.22024467335e-06,149429.427748
36.5666666667,-0.00102548813447,0.579488277435,2.40511059761,6.82742102072e-05,2.31658959819e-05,0,0,-9.05124252313e-05,-1.16010165215,41.5200233459,42.0000359416,0,0,0,3.22105147594e-06,149429.427748
36.5777777778,-0.00102548813447,0.579488277435,2.40511059761,6.82742102072e-05,2.31658959819e-05,0,0,-9.05124252313e-05,-1.16010165215,41.5200233459,42.0000359416,0,0,0,3.22044199267e-06,149429.427748
36.5888888889,-0.00102548813447,0.579488277435,2.40511059761,6.82742102072e-05,2.31658959819e-05,0,0,-9.05124252313e-05,-1.16010165215,41.5200233459,42.0000359416,0,0,0,3.21972070494e-06,149429.427748
36.6,-0.00102548813447,0.579488277435,2.40511059761,6.82742102072e-05,2.31658959819e-05,0,0,-9.05124252313e-05,-1.16010165215,41.5200233459,42.0000359416,0,0,0,3.21976661578e-06,149429.427748
36.6111111111,-0.00102548813447,0.579488277435,2.40511059761,6.82742102072e-05,2.31658959819e-05,0,0,-9.05124252313e-05,-1.16010165215,41.5200233459,42.0000359416,0,0,0,3.21988745593e-06,149429.427748
36.6222222222,-0.00102548813447,0.579488277435,2.40511059761,6.82742102072e-05,2.31658959819e-05,0,0,-9.05124252313e-05,-1.16010165215,41.5200233459,42.0000359416,0,0,0,3.22007567673e-06,149429.427748
36.6333333333,-0.00102548813447,0.579488277435,2.40511059761,6.82742102072e-05,2.31658959819e-05,0,0,-9.05124252313e-05,-1.16010165215,41.5200233459,42.0000359416,0,0,0,3.21997876028e-06,149429.427748
36.6444444444,-0.00102548813447,0.579488277435,2.40511059761,6.82742102072e-05,2.31658959819e-05,0,0,-9.05124252313e-05,-1.16010165215,41.5200233459,42.0000359416,0,0,0,3.22018209054e-06,149429.427748
36.6555555556,-0.00102548813447,0.579488277435,2.40511059761,6.82742102072e-05,2.31658959819e-05,0,0,-9.05124252313e-05,-1.16010165215,41.5200233459,42.0000359416,0,0,0,3.21958274475e-06,149429.427748
36.6666666667,-0.00102548813447,0.579488277435,2.40511059761,6.82742102072e-05,2.31658959819e-05,0,0,-9.05124252313e-05,-1.16010165215,41.5200233459,42.0000359416,0,0,0,3.22021040052e-06,149429.427748
36.6777777778,-0.00102548813447,0.579488277435,2.40511059761,6.82742102072e-05,2.31658959819e-05,0,0,-9.05124252313e-05,-1.16010165215,41.5200233459,42.0000359416,0,0,0,3.21964977478e-06,149429.427748
36.6888888889,-0.00102548813447,0.579488277435,2.40511059761,6.82742102072e-05,2.31658959819e-05,0,0,-9.05124252313e-05,-1.16010165215,41.5200233459,42.0000359416,0,0,0,3.22061267981e-06,149429.427748
36.7,-0.00102548813447,0.579488277435,2.40511059761,6.82742102072e-05,2.31658959819e-05,0,0,-9.05124252313e-05,-1.16010165215,41.5200233459,42.0000359416,0,0,0,3.22090003114e-06,149429.427748
36.7111111111,-0.00102548813447,0.579488277435,2.40511059761,6.82742102072e-05,2.31658959819e-05,0,0,-9.05124252313e-05,-1.16010165215,41.5200233459,42.0000359416,0,0,0,3.22069377959e-06,149429.427748
36.7222222222,-0.00102548813447,0.579488277435,2.40511059761,6.82742102072e-05,2.31658959819e-05,0,0,-9.05124252313e-05,-1.16010165215,41.5200233459,42.0000359416,0,0,0,3.22060417051e-06,149429.427748
36.7333333333,-0.00102548813447,0.579488277435,2.40511059761,6.82742102072e-05,2.31658959819e-05,0,0,-9.05124252313e-05,-1.16010165215,41.5200233459,42.0000359416,0,0,0,3.22025220854e-06,149429.427748
36.7444444444,-0.00102548813447,0.579488277435,2.40511059761,6.82742102072e-05,2.31658959819e-05,0,0,-9.05124252313e-05,-1.16010165215,41.5200233459,42.0000359416,0,0,0,3.22050203883e-06,149429.427748
36.7555555556,-0.00102548813447,0.579488277435,2.40511059761,6.82742102072e-05,2.31658959819e-05,0,0,-9.05124252313e-05,-1.16010165215,41.5200233459,42.0000359416,0,0,0,3.21988637701e-06,149429.427748
36.7666666667,-0.00102548813447,0.579488277435,2.40511059761,6.82742102072e-05,2.31658959819e-05,0,0,-9.05124252313e-05,-1.16010165215,41.5200233459,42.0000359416,0,0,0,3.22010398753e-06,149429.427748
36.7777777778,-0.00102548813447,0.579488277435,2.40511059761,6.82742102072e-05,2.31658959819e-05,0,0,-9.05124252313e-05,-1.16010165215,41.5200233459,42.0000359416,0,0,0,3.22061484416e-06,149429.427748
36.7888888889,-0.00102548813447,0.579488277435,2.40511059761,6.82742102072e-05,2.31658959819e-05,0,0,-9.05124252313e-05,-1.16010165215,41.5200233459,42.0000359416,0,0,0,3.22066267384e-06,149429.427748
36.8,-0.00102548813447,0.579488277435,2.40511059761,6.82742102072e-05,2.31658959819e-05,0,0,-9.05124252313e-05,-1.16010165215,41.5200233459,42.0000359416,0,0,0,3.21990129316e-06,149429.427748
36.8111111111,-0.00102548813447,0.579488277435,2.40511059761,6.82742102072e-05,2.31658959819e-05,0,0,-9.05124252313e-05,-1.16010165215,41.5200233459,42.0000359416,0,0,0,3.21980953224e-06,149429.427748
36.8222222222,-0.00102548813447,0.579488277435,2.40511059761,6.82742102072e-05,2.31658959819e-05,0,0,-9.05124252313e-05,-1.16010165215,41.5200233459,42.0000359416,0,0,0,3.21960376668e-06,149429.427748
36.8333333333,-0.00102548813447,0.579488277435,2.40511059761,6.82742102072e-05,2.31658959819e-05,0,0,-9.05124252313e-05,-1.16010165215,41.5200233459,42.0000359416,0,0,0,3.22083041824e-06,149429.427748
36.8444444444,-0.00102548813447,0.579488277435,2.40511059761,6.82742102072e-05,2.31658959819e-05,0,0,-9.05124252313e-05,-1.16010165215,41.5200233459,42.0000359416,0,0,0,3.2207348269e-06,149429.427748
36.8555555556,-0.00102548813447,0.579488277435,2.40511059761,6.82742102072e-05,2.31658959819e-05,0,0,-9.05124252313e-05,-1.16010165215,41.5200233459,42.0000359416,0,0,0,3.22015940739e-06,149429.427748
36.8666666667,-0.00102548813447,0.579488277435,2.40511059761,6.82742102072e-05,2.31658959819e-05,0,0,-9.05124252313e-05,-1.16010165215,41.5200233459,42.0000359416,0,0,0,3.22012982881e-06,149429.427748
36.8777777778,-0.00102548813447,0.579488277435,2.40511059761,6.82742102072e-05,2.31658959819e-05,0,0,-9.05124252313e-05,-1.16010165215,41.5200233459,42.0000359416,0,0,0,3.22007178328e-06,149429.427748
36.8888888889,-0.00102548813447,0.579488277435,2.40511059761,6.82742102072e-05,2.31658959819e-05,0,0,-9.05124252313e-05,-1.16010165215,41.5200233459,42.0000359416,0,0,0,3.22019830086e-06,149429.427748
36.9,-0.00102548813447,0.579488277435,2.40511059761,6.82742102072e-05,2.31658959819e-05,0,0,-9.05124252313e-05,-1.16010165215,41.5200233459,42.0000359416,0,0,0,3.22026297274e-06,149429.427748
36.9111111111,-0.00102548813447,0.579488277435,2.40511059761,6.82742102072e-05,2.31658959819e-05,0,0,-9.05124252313e-05,-1.16010165215,41.5200233459,42.0000359416,0,0,0,3.22028735427e-06,149429.427748
36.9222222222,-0.00102548813447,0.579488277435,2.40511059761,6.82742102072e-05,2.31658959819e-05,0,0,-9.05124252313e-05,-1.16010165215,41.5200233459,42.0000359416,0,0,0,3.219603827e-06,149429.427748
36.9333333333,-0.00102548813447,0.579488277435,2.40511059761,6.82742102072e-05,2.31658959819e-05,0,0,-9.05124252313e-05,-1.16010165215,41.5200233459,42.0000359416,0,0,0,3.21987938983e-06,149429.427748
36.9444444444,-0.00102548813447,0.579488277435,2.40511059761,6.82742102072e-05,2.31658959819e-05,0,0,-9.05124252313e-05,-1.16010165215,41.5200233459,42.0000359416,0,0,0,3.22046906582e-06,149429.427748
36.9555555556,-0.00102548813447,0.579488277435,2.40511059761,6.82742102072e-05,2.31658959819e-05,0,0,-9.05124252313e-05,-1.16010165215,41.5200233459,42.0000359416,0,0,0,3.21989185231e-06,149429.427748
36.9666666667,-0.00102548813447,0.579488277435,2.40511059761,6.82742102072e-05,2.31658959819e-05,0,0,-9.05124252313e-05,-1.16010165215,41.5200233459,42.0000359416,0,0,0,3.21997173253e-06,149429.427748
36.9777777778,-0.00102548813447,0.579488277435,2.40511059761,6.82742102072e-05,2.31658959819e-05,0,0,-9.05124252313e-05,-1.16010165215,41.5200233459,42.0000359416,0,0,0,3.22084344682e-06,149429.427748
36.9888888889,-0.00102548813447,0.579488277435,2.40511059761,6.82742102072e-05,2.31658959819e-05,0,0,-9.05124252313e-05,-1.16010165215,41.5200233459,42.0000359416,0,0,0,3.22081624329e-06,149429.427748
37,-0.00102548813447,0.579488277435,2.40511059761,6.82742102072e-05,2.31658959819e-05,0,0,-9.05124252313e-05,-1.16010165215,41.5200233459,42.0000359416,0,0,0,3.21982063587e-06,149429.427748
37.0111111111,-0.00102548813447,0.579488277435,2.40511059761,6.82742102072e-05,2.31658959819e-05,0,0,-9.05124252313e-05,-1.16010165215,41.5200233459,42.0000359416,0,0,0,3.22032635664e-06,149429.427748
37.0222222222,-0.00102548813447,0.579488277435,2.40511059761,6.82742102072e-05,2.31658959819e-05,0,0,-9.05124252313e-05,-1.16010165215,41.5200233459,42.0000359416,0,0,0,3.2201054184e-06,149429.427748
37.0333333333,-0.00102548813447,0.579488277435,2.40511059761,6.82742102072e-05,2.31658959819e-05,0,0,-9.05124252313e-05,-1.16010165215,41.5200233459,42.0000359416,0,0,0,3.22019553813e-06,149429.427748
37.0444444444,-0.00102548813447,0.579488277435,2.40511059761,6.82742102072e-05,2.31658959819e-05,0,0,-9.05124252313e-05,-1.16010165215,41.5200233459,42.0000359416,0,0,0,3.2199105517e-06,149429.427748
37.0555555556,-0.00102548813447,0.579488277435,2.40511059761,6.82742102072e-05,2.31658959819e-05,0,0,-9.05124252313e-05,-1.16010165215,41.5200233459,42.0000359416,0,0,0,3.21964871051e-06,149429.427748
37.0666666667,-0.00102548813447,0.579488277435,2.40511059761,6.82742102072e-05,2.31658959819e-05,0,0,-9.05124252313e-05,-1.16010165215,41.5200233459,42.0000359416,0,0,0,3.22064555131e-06,149429.427748
37.0777777778,-0.00102548813447,0.579488277435,2.40511059761,6.82742102072e-05,2.31658959819e-05,0,0,-9.05124252313e-05,-1.16010165215,41.5200233459,42.0000359416,0,0,0,3.22083595843e-06,149429.427748
37.0888888889,-0.00102548813447,0.579488277435,2.40511059761,6.82742102072e-05,2.31658959819e-05,0,0,-9.05124252313e-05,-1.16010165215,41.5200233459,42.0000359416,0,0,0,3.2203103647e-06,149429.427748
37.1,-0.00102548813447,0.579488277435,2.40511059761,6.82742102072e-05,2.31658959819e-05,0,0,-9.05124252313e-05,-1.16010165215,41.5200233459,42.0000359416,0,0,0,3.22131542012e-06,149429.427748
37.1111111111,-0.00102548813447,0.579488277435,2.40511059761,6.82742102072e-05,2.31658959819e-05,0,0,-9.05124252313e-05,-1.16010165215,41.5200233459,42.0000359416,0,0,0,3.22001406243e-06,149429.427748
37.1222222222,-0.00102548813447,0.579488277435,2.40511059761,6.82742102072e-05,2.31658959819e-05,0,0,-9.05124252313e-05,-1.16010165215,41.5200233459,42.0000359416,0,0,0,3.22034333454e-06,149429.427748
37.1333333333,-0.00102548813447,0.579488277435,2.40511059761,6.82742102072e-05,2.31658959819e-05,0,0,-9.05124252313e-05,-1.16010165215,41.5200233459,42.0000359416,0,0,0,3.21996793789e-06,149429.427748
37.1444444444,-0.00102548813447,0.579488277435,2.40511059761,6.82742102072e-05,2.31658959819e-05,0,0,-9.05124252313e-05,-1.16010165215,41.5200233459,42.0000359416,0,0,0,3.22031424804e-06,149429.427748
37.1555555556,-0.00102548813447,0.579488277435,2.40511059761,6.82742102072e-05,2.31658959819e-05,0,0,-9.05124252313e-05,-1.16010165215,41.5200233459,42.0000359416,0,0,0,3.22005580785e-06,149429.427748
37.1666666667,-0.00102548813447,0.579488277435,2.40511059761,6.82742102072e-05,2.31658959819e-05,0,0,-9.05124252313e-05,-1.16010165215,41.5200233459,42.0000359416,0,0,0,3.22016396408e-06,149429.427748
37.1777777778,-0.00102548813447,0.579488277435,2.40511059761,6.82742102072e-05,2.31658959819e-05,0,0,-9.05124252313e-05,-1.16010165215,41.5200233459,42.0000359416,0,0,0,3.21978178436e-06,149429.427748
37.1888888889,-0.00102548813447,0.579488277435,2.40511059761,6.82742102072e-05,2.31658959819e-05,0,0,-9.05124252313e-05,-1.16010165215,41.5200233459,42.0000359416,0,0,0,3.22030141116e-06,149429.427748
37.2,-0.00102548813447,0.579488277435,2.40511059761,6.82742102072e-05,2.31658959819e-05,0,0,-9.05124252313e-05,-1.16010165215,41.5200233459,42.0000359416,0,0,0,3.22060720846e-06,149429.427748
37.2111111111,-0.00102548813447,0.579488277435,2.40511059761,6.82742102072e-05,2.31658959819e-05,0,0,-9.05124252313e-05,-1.16010165215,41.5200233459,42.0000359416,0,0,0,3.22041559051e-06,149429.427748
37.2222222222,-0.00102548813447,0.579488277435,2.40511059761,6.82742102072e-05,2.31658959819e-05,0,0,-9.05124252313e-05,-1.16010165215,41.5200233459,42.0000359416,0,0,0,3.21964134494e-06,149429.427748
37.2333333333,-0.00102548813447,0.579488277435,2.40511059761,6.82742102072e-05,2.31658959819e-05,0,0,-9.05124252313e-05,-1.16010165215,41.5200233459,42.0000359416,0,0,0,3.22015313396e-06,149429.427748
37.2444444444,-0.00102548813447,0.579488277435,2.40511059761,6.82742102072e-05,2.31658959819e-05,0,0,-9.05124252313e-05,-1.16010165215,41.5200233459,42.0000359416,0,0,0,3.22008043202e-06,149429.427748
37.2555555556,-0.00102548813447,0.579488277435,2.40511059761,6.82742102072e-05,2.31658959819e-05,0,0,-9.05124252313e-05,-1.16010165215,41.5200233459,42.0000359416,0,0,0,3.22004267369e-06,149429.427748
37.2666666667,-0.00102548813447,0.579488277435,2.40511059761,6.82742102072e-05,2.31658959819e-05,0,0,-9.05124252313e-05,-1.16010165215,41.5200233459,42.0000359416,0,0,0,3.22077514544e-06,149429.427748
37.2777777778,-0.00102548813447,0.579488277435,2.40511059761,6.82742102072e-05,2.31658959819e-05,0,0,-9.05124252313e-05,-1.16010165215,41.5200233459,42.0000359416,0,0,0,3.21969296329e-06,149429.427748
37.2888888889,-0.00102548813447,0.579488277435,2.40511059761,6.82742102072e-05,2.31658959819e-05,0,0,-9.05124252313e-05,-1.16010165215,41.5200233459,42.0000359416,0,0,0,3.22025119705e-06,149429.427748
37.3,-0.00102548813447,0.579488277435,2.40511059761,6.82742102072e-05,2.31658959819e-05,0,0,-9.05124252313e-05,-1.16010165215,41.5200233459,42.0000359416,0,0,0,3.22084003119e-06,149429.427748
37.3111111111,-0.00102548813447,0.579488277435,2.40511059761,6.82742102072e-05,2.31658959819e-05,0,0,-9.05124252313e-05,-1.16010165215,41.5200233459,42.0000359416,0,0,0,3.22006477465e-06,149429.427748
37.3222222222,-0.00102548813447,0.579488277435,2.40511059761,6.82742102072e-05,2.31658959819e-05,0,0,-9.05124252313e-05,-1.16010165215,41.5200233459,42.0000359416,0,0,0,3.22058749064e-06,149429.427748
37.3333333333,-0.00102548813447,0.579488277435,2.40511059761,6.82742102072e-05,2.31658959819e-05,0,0,-9.05124252313e-05,-1.16010165215,41.5200233459,42.0000359416,0,0,0,3.21974423745e-06,149429.427748
37.3444444444,-0.00102548813447,0.579488277435,2.40511059761,6.82742102072e-05,2.31658959819e-05,0,0,-9.05124252313e-05,-1.16010165215,41.5200233459,42.0000359416,0,0,0,3.22083495716e-06,149429.427748
37.3555555556,-0.00102548813447,0.579488277435,2.40511059761,6.82742102072e-05,2.31658959819e-05,0,0,-9.05124252313e-05,-1.16010165215,41.5200233459,42.0000359416,0,0,0,3.21967768225e-06,149429.427748
37.3666666667,-0.00102548813447,0.579488277435,2.40511059761,6.82742102072e-05,2.31658959819e-05,0,0,-9.05124252313e-05,-1.16010165215,41.5200233459,42.0000359416,0,0,0,3.22028416056e-06,149429.427748
37.3777777778,-0.00102548813447,0.579488277435,2.40511059761,6.82742102072e-05,2.31658959819e-05,0,0,-9.05124252313e-05,-1.16010165215,41.5200233459,42.0000359416,0,0,0,3.22028135527e-06,149429.427748
37.3888888889,-0.00102548813447,0.579488277435,2.40511059761,6.82742102072e-05,2.31658959819e-05,0,0,-9.05124252313e-05,-1.16010165215,41.5200233459,42.0000359416,0,0,0,3.2207601459e-06,149429.427748
37.4,-0.00102548813447,0.579488277435,2.40511059761,6.82742102072e-05,2.31658959819e-05,0,0,-9.05124252313e-05,-1.16010165215,41.5200233459,42.0000359416,0,0,0,3.2200895578e-06,149429.427748
37.4111111111,-0.00102548813447,0.579488277435,2.40511059761,6.82742102072e-05,2.31658959819e-05,0,0,-9.05124252313e-05,-1.16010165215,41.5200233459,42.0000359416,0,0,0,3.22075985096e-06,149429.427748
37.4222222222,-0.00102548813447,0.579488277435,2.40511059761,6.82742102072e-05,2.31658959819e-05,0,0,-9.05124252313e-05,-1.16010165215,41.5200233459,42.0000359416,0,0,0,3.21998249585e-06,149429.427748
37.4333333333,-0.00102548813447,0.579488277435,2.40511059761,6.82742102072e-05,2.31658959819e-05,0,0,-9.05124252313e-05,-1.16010165215,41.5200233459,42.0000359416,0,0,0,3.22028988368e-06,149429.427748
37.4444444444,-0.00102548813447,0.579488277435,2.40511059761,6.82742102072e-05,2.31658959819e-05,0,0,-9.05124252313e-05,-1.16010165215,41.5200233459,42.0000359416,0,0,0,3.22064317439e-06,149429.427748
37.4555555556,-0.00102548813447,0.579488277435,2.40511059761,6.82742102072e-05,2.31658959819e-05,0,0,-9.05124252313e-05,-1.16010165215,41.5200233459,42.0000359416,0,0,0,3.22067195821e-06,149429.427748
37.4666666667,-0.00102548813447,0.579488277435,2.40511059761,6.82742102072e-05,2.31658959819e-05,0,0,-9.05124252313e-05,-1.16010165215,41.5200233459,42.0000359416,0,0,0,3.21980745424e-06,149429.427748
37.4777777778,-0.00102548813447,0.579488277435,2.40511059761,6.82742102072e-05,2.31658959819e-05,0,0,-9.05124252313e-05,-1.16010165215,41.5200233459,42.0000359416,0,0,0,3.21972498776e-06,149429.427748
37.4888888889,-0.00102548813447,0.579488277435,2.40511059761,6.82742102072e-05,2.31658959819e-05,0,0,-9.05124252313e-05,-1.16010165215,41.5200233459,42.0000359416,0,0,0,3.21993213882e-06,149429.427748
37.5,-0.00102548813447,0.579488277435,2.40511059761,6.82742102072e-05,2.31658959819e-05,0,0,-9.05124252313e-05,-1.16010165215,41.5200233459,42.0000359416,0,0,0,3.22045503773e-06,149429.427748
37.5111111111,-0.00102548813447,0.579488277435,2.40511059761,6.82742102072e-05,2.31658959819e-05,0,0,-9.05124252313e-05,-1.16010165215,41.5200233459,42.0000359416,0,0,0,3.21964522941e-06,149429.427748
37.5222222222,-0.00102548813447,0.579488277435,2.40511059761,6.82742102072e-05,2.31658959819e-05,0,0,-9.05124252313e-05,-1.16010165215,41.5200233459,42.0000359416,0,0,0,3.22032361568e-06,149429.427748
37.5333333333,-0.00102548813447,0.579488277435,2.40511059761,6.82742102072e-05,2.31658959819e-05,0,0,-9.05124252313e-05,-1.16010165215,41.5200233459,42.0000359416,0,0,0,3.21985364791e-06,149429.427748
37.5444444444,-0.00102548813447,0.579488277435,2.40511059761,6.82742102072e-05,2.31658959819e-05,0,0,-9.05124252313e-05,-1.16010165215,41.5200233459,42.0000359416,0,0,0,3.22088605999e-06,149429.427748
37.5555555556,-0.00102548813447,0.579488277435,2.40511059761,6.82742102072e-05,2.31658959819e-05,0,0,-9.05124252313e-05,-1.16010165215,41.5200233459,42.0000359416,0,0,0,3.22041146718e-06,149429.427748
37.5666666667,-0.00102548813447,0.579488277435,2.40511059761,6.82742102072e-05,2.31658959819e-05,0,0,-9.05124252313e-05,-1.16010165215,41.5200233459,42.0000359416,0,0,0,3.22041995307e-06,149429.427748
37.5777777778,-0.00102548813447,0.579488277435,2.40511059761,6.82742102072e-05,2.31658959819e-05,0,0,-9.05124252313e-05,-1.16010165215,41.5200233459,42.0000359416,0,0,0,3.22056479069e-06,149429.427748
37.5888888889,-0.00102548813447,0.579488277435,2.40511059761,6.82742102072e-05,2.31658959819e-05,0,0,-9.05124252313e-05,-1.16010165215,41.5200233459,42.0000359416,0,0,0,3.22117912912e-06,149429.427748
37.6,-0.00102548813447,0.579488277435,2.40511059761,6.82742102072e-05,2.31658959819e-05,0,0,-9.05124252313e-05,-1.16010165215,41.5200233459,42.0000359416,0,0,0,3.22048934038e-06,149429.427748
37.6111111111,-0.00102548813447,0.579488277435,2.40511059761,6.82742102072e-05,2.31658959819e-05,0,0,-9.05124252313e-05,-1.16010165215,41.5200233459,42.0000359416,0,0,0,3.22074388796e-06,149429.427748
37.6222222222,-0.00102548813447,0.579488277435,2.40511059761,6.82742102072e-05,2.31658959819e-05,0,0,-9.05124252313e-05,-1.16010165215,41.5200233459,42.0000359416,0,0,0,3.22056581631e-06,149429.427748
37.6333333333,-0.00102548813447,0.579488277435,2.40511059761,6.82742102072e-05,2.31658959819e-05,0,0,-9.05124252313e-05,-1.16010165215,41.5200233459,42.0000359416,0,0,0,3.22080057425e-06,149429.427748
37.6444444444,-0.00102548813447,0.579488277435,2.40511059761,6.82742102072e-05,2.31658959819e-05,0,0,-9.05124252313e-05,-1.16010165215,41.5200233459,42.0000359416,0,0,0,3.22005657276e-06,149429.427748
37.6555555556,-0.00102548813447,0.579488277435,2.40511059761,6.82742102072e-05,2.31658959819e-05,0,0,-9.05124252313e-05,-1.16010165215,41.5200233459,42.0000359416,0,0,0,3.21992972338e-06,149429.427748
37.6666666667,-0.00102548813447,0.579488277435,2.40511059761,6.82742102072e-05,2.31658959819e-05,0,0,-9.05124252313e-05,-1.16010165215,41.5200233459,42.0000359416,0,0,0,3.21967860887e-06,149429.427748
37.6777777778,-0.00102548813447,0.579488277435,2.40511059761,6.82742102072e-05,2.31658959819e-05,0,0,-9.05124252313e-05,-1.16010165215,41.5200233459,42.0000359416,0,0,0,3.21969988688e-06,149429.427748
37.6888888889,-0.00102548813447,0.579488277435,2.40511059761,6.82742102072e-05,2.31658959819e-05,0,0,-9.05124252313e-05,-1.16010165215,41.5200233459,42.0000359416,0,0,0,3.21969779263e-06,149429.427748
37.7,-0.00102548813447,0.579488277435,2.40511059761,6.82742102072e-05,2.31658959819e-05,0,0,-9.05124252313e-05,-1.16010165215,41.5200233459,42.0000359416,0,0,0,3.22037416123e-06,149429.427748
37.7111111111,-0.00102548813447,0.579488277435,2.40511059761,6.82742102072e-05,2.31658959819e-05,0,0,-9.05124252313e-05,-1.16010165215,41.5200233459,42.0000359416,0,0,0,3.22066051595e-06,149429.427748
37.7222222222,-0.00102548813447,0.579488277435,2.40511059761,6.82742102072e-05,2.31658959819e-05,0,0,-9.05124252313e-05,-1.16010165215,41.5200233459,42.0000359416,0,0,0,3.22009910105e-06,149429.427748
37.7333333333,-0.00102548813447,0.579488277435,2.40511059761,6.82742102072e-05,2.31658959819e-05,0,0,-9.05124252313e-05,-1.16010165215,41.5200233459,42.0000359416,0,0,0,3.2209148645e-06,149429.427748
37.7444444444,-0.00102548813447,0.579488277435,2.40511059761,6.82742102072e-05,2.31658959819e-05,0,0,-9.05124252313e-05,-1.16010165215,41.5200233459,42.0000359416,0,0,0,3.22080915418e-06,149429.427748
37.7555555556,-0.00102548813447,0.579488277435,2.40511059761,6.82742102072e-05,2.31658959819e-05,0,0,-9.05124252313e-05,-1.16010165215,41.5200233459,42.0000359416,0,0,0,3.21989512207e-06,149429.427748
37.7666666667,-0.00102548813447,0.579488277435,2.40511059761,6.82742102072e-05,2.31658959819e-05,0,0,-9.05124252313e-05,-1.16010165215,41.5200233459,42.0000359416,0,0,0,3.22070504186e-06,149429.427748
37.7777777778,-0.00102548813447,0.579488277435,2.40511059761,6.82742102072e-05,2.31658959819e-05,0,0,-9.05124252313e-05,-1.16010165215,41.5200233459,42.0000359416,0,0,0,3.22103682349e-06,149429.427748
37.7888888889,-0.00102548813447,0.579488277435,2.40511059761,6.82742102072e-05,2.31658959819e-05,0,0,-9.05124252313e-05,-1.16010165215,41.5200233459,42.0000359416,0,0,0,3.22019601981e-06,149429.427748
37.8,-0.00102548813447,0.579488277435,2.40511059761,6.82742102072e-05,2.31658959819e-05,0,0,-9.05124252313e-05,-1.16010165215,41.5200233459,42.0000359416,0,0,0,3.22003571115e-06,149429.427748
37.8111111111,-0.00102548813447,0.579488277435,2.40511059761,6.82742102072e-05,2.31658959819e-05,0,0,-9.05124252313e-05,-1.16010165215,41.5200233459,42.0000359416,0,0,0,3.21991196151e-06,149429.427748
37.8222222222,-0.00102548813447,0.579488277435,2.40511059761,6.82742102072e-05,2.31658959819e-05,0,0,-9.05124252313e-05,-1.16010165215,41.5200233459,42.0000359416,0,0,0,3.2207173516e-06,149429.427748
37.8333333333,-0.00102548813447,0.579488277435,2.40511059761,6.82742102072e-05,2.31658959819e-05,0,0,-9.05124252313e-05,-1.16010165215,41.5200233459,42.0000359416,0,0,0,3.21969615566e-06,149429.427748
37.8444444444,-0.00102548813447,0.579488277435,2.40511059761,6.82742102072e-05,2.31658959819e-05,0,0,-9.05124252313e-05,-1.16010165215,41.5200233459,42.0000359416,0,0,0,3.22072984307e-06,149429.427748
37.8555555556,-0.00102548813447,0.579488277435,2.40511059761,6.82742102072e-05,2.31658959819e-05,0,0,-9.05124252313e-05,-1.16010165215,41.5200233459,42.0000359416,0,0,0,3.21962097975e-06,149429.427748
37.8666666667,-0.00102548813447,0.579488277435,2.40511059761,6.82742102072e-05,2.31658959819e-05,0,0,-9.05124252313e-05,-1.16010165215,41.5200233459,42.0000359416,0,0,0,3.22033588532e-06,149429.427748
37.8777777778,-0.00102548813447,0.579488277435,2.40511059761,6.82742102072e-05,2.31658959819e-05,0,0,-9.05124252313e-05,-1.16010165215,41.5200233459,42.0000359416,0,0,0,3.22010222664e-06,149429.427748
37.8888888889,-0.00102548813447,0.579488277435,2.40511059761,6.82742102072e-05,2.31658959819e-05,0,0,-9.05124252313e-05,-1.16010165215,41.5200233459,42.0000359416,0,0,0,3.22037277524e-06,149429.427748
37.9,-0.00102548813447,0.579488277435,2.40511059761,6.82742102072e-05,2.31658959819e-05,0,0,-9.05124252313e-05,-1.16010165215,41.5200233459,42.0000359416,0,0,0,3.22011486252e-06,149429.427748
37.9111111111,-0.00102548813447,0.579488277435,2.40511059761,6.82742102072e-05,2.31658959819e-05,0,0,-9.05124252313e-05,-1.16010165215,41.5200233459,42.0000359416,0,0,0,3.22058048244e-06,149429.427748
37.9222222222,-0.00102548813447,0.579488277435,2.40511059761,6.82742102072e-05,2.31658959819e-05,0,0,-9.05124252313e-05,-1.16010165215,41.5200233459,42.0000359416,0,0,0,3.22066478735e-06,149429.427748
37.9333333333,-0.00102548813447,0.579488277435,2.40511059761,6.82742102072e-05,2.31658959819e-05,0,0,-9.05124252313e-05,-1.16010165215,41.5200233459,42.0000359416,0,0,0,3.22004612085e-06,149429.427748
37.9444444444,-0.00102548813447,0.579488277435,2.40511059761,6.82742102072e-05,2.31658959819e-05,0,0,-9.05124252313e-05,-1.16010165215,41.5200233459,42.0000359416,0,0,0,3.22057995265e-06,149429.427748
37.9555555556,-0.00102548813447,0.579488277435,2.40511059761,6.82742102072e-05,2.31658959819e-05,0,0,-9.05124252313e-05,-1.16010165215,41.5200233459,42.0000359416,0,0,0,3.21999774689e-06,149429.427748
37.9666666667,-0.00102548813447,0.579488277435,2.40511059761,6.82742102072e-05,2.31658959819e-05,0,0,-9.05124252313e-05,-1.16010165215,41.5200233459,42.0000359416,0,0,0,3.22071025689e-06,149429.427748
37.9777777778,-0.00102548813447,0.579488277435,2.40511059761,6.82742102072e-05,2.31658959819e-05,0,0,-9.05124252313e-05,-1.16010165215,41.5200233459,42.0000359416,0,0,0,3.22048417722e-06,149429.427748
37.9888888889,-0.00102548813447,0.579488277435,2.40511059761,6.82742102072e-05,2.31658959819e-05,0,0,-9.05124252313e-05,-1.16010165215,41.5200233459,42.0000359416,0,0,0,3.22007178272e-06,149429.427748
38,-0.00102548813447,0.579488277435,2.40511059761,6.82742102072e-05,2.31658959819e-05,0,0,-9.05124252313e-05,-1.16010165215,41.5200233459,42.0000359416,0,0,0,3.22054672639e-06,149429.427748
38.0111111111,-0.00102548813447,0.579488277435,2.40511059761,6.82742102072e-05,2.31658959819e-05,0,0,-9.05124252313e-05,-1.16010165215,41.5200233459,42.0000359416,0,0,0,3.22056045345e-06,149429.427748
38.0222222222,-0.00102548813447,0.579488277435,2.40511059761,6.82742102072e-05,2.31658959819e-05,0,0,-9.05124252313e-05,-1.16010165215,41.5200233459,42.0000359416,0,0,0,3.22036171173e-06,149429.427748
38.0333333333,-0.00102548813447,0.579488277435,2.40511059761,6.82742102072e-05,2.31658959819e-05,0,0,-9.05124252313e-05,-1.16010165215,41.5200233459,42.0000359416,0,0,0,3.22033727033e-06,149429.427748
38.0444444444,-0.00102548813447,0.579488277435,2.40511059761,6.82742102072e-05,2.31658959819e-05,0,0,-9.05124252313e-05,-1.16010165215,41.5200233459,42.0000359416,0,0,0,3.21993685768e-06,149429.427748
38.0555555556,-0.00102548813447,0.579488277435,2.40511059761,6.82742102072e-05,2.31658959819e-05,0,0,-9.05124252313e-05,-1.16010165215,41.5200233459,42.0000359416,0,0,0,3.22012447975e-06,149429.427748
38.0666666667,-0.00102548813447,0.579488277435,2.40511059761,6.82742102072e-05,2.31658959819e-05,0,0,-9.05124252313e-05,-1.16010165215,41.5200233459,42.0000359416,0,0,0,3.21982087432e-06,149429.427748
38.0777777778,-0.00102548813447,0.579488277435,2.40511059761,6.82742102072e-05,2.31658959819e-05,0,0,-9.05124252313e-05,-1.16010165215,41.5200233459,42.0000359416,0,0,0,3.220340045e-06,149429.427748
38.0888888889,-0.00102548813447,0.579488277435,2.40511059761,6.82742102072e-05,2.31658959819e-05,0,0,-9.05124252313e-05,-1.16010165215,41.5200233459,42.0000359416,0,0,0,3.22067601321e-06,149429.427748
38.1,-0.00102548813447,0.579488277435,2.40511059761,6.82742102072e-05,2.31658959819e-05,0,0,-9.05124252313e-05,-1.16010165215,41.5200233459,42.0000359416,0,0,0,3.22035865425e-06,149429.427748
38.1111111111,-0.00102548813447,0.579488277435,2.40511059761,6.82742102072e-05,2.31658959819e-05,0,0,-9.05124252313e-05,-1.16010165215,41.5200233459,42.0000359416,0,0,0,3.22072894025e-06,149429.427748
38.1222222222,-0.00102548813447,0.579488277435,2.40511059761,6.82742102072e-05,2.31658959819e-05,0,0,-9.05124252313e-05,-1.16010165215,41.5200233459,42.0000359416,0,0,0,3.2205456566e-06,149429.427748
38.1333333333,-0.00102548813447,0.579488277435,2.40511059761,6.82742102072e-05,2.31658959819e-05,0,0,-9.05124252313e-05,-1.16010165215,41.5200233459,42.0000359416,0,0,0,3.21990798486e-06,149429.427748
38.1444444444,-0.00102548813447,0.579488277435,2.40511059761,6.82742102072e-05,2.31658959819e-05,0,0,-9.05124252313e-05,-1.16010165215,41.5200233459,42.0000359416,0,0,0,3.22071364683e-06,149429.427748
38.1555555556,-0.00102548813447,0.579488277435,2.40511059761,6.82742102072e-05,2.31658959819e-05,0,0,-9.05124252313e-05,-1.16010165215,41.5200233459,42.0000359416,0,0,0,3.22063096953e-06,149429.427748
38.1666666667,-0.00102548813447,0.579488277435,2.40511059761,6.82742102072e-05,2.31658959819e-05,0,0,-9.05124252313e-05,-1.16010165215,41.5200233459,42.0000359416,0,0,0,3.22055268087e-06,149429.427748
38.1777777778,-0.00102548813447,0.579488277435,2.40511059761,6.82742102072e-05,2.31658959819e-05,0,0,-9.05124252313e-05,-1.16010165215,41.5200233459,42.0000359416,0,0,0,3.2204273597e-06,149429.427748
38.1888888889,-0.00102548813447,0.579488277435,2.40511059761,6.82742102072e-05,2.31658959819e-05,0,0,-9.05124252313e-05,-1.16010165215,41.5200233459,42.0000359416,0,0,0,3.2204079252e-06,149429.427748
38.2,-0.00102548813447,0.579488277435,2.40511059761,6.82742102072e-05,2.31658959819e-05,0,0,-9.05124252313e-05,-1.16010165215,41.5200233459,42.0000359416,0,0,0,3.22050637242e-06,149429.427748
38.2111111111,-0.00102548813447,0.579488277435,2.40511059761,6.82742102072e-05,2.31658959819e-05,0,0,-9.05124252313e-05,-1.16010165215,41.5200233459,42.0000359416,0,0,0,3.21970379822e-06,149429.427748
38.2222222222,-0.00102548813447,0.579488277435,2.40511059761,6.82742102072e-05,2.31658959819e-05,0,0,-9.05124252313e-05,-1.16010165215,41.5200233459,42.0000359416,0,0,0,3.22099689474e-06,149429.427748
38.2333333333,-0.00102548813447,0.579488277435,2.40511059761,6.82742102072e-05,2.31658959819e-05,0,0,-9.05124252313e-05,-1.16010165215,41.5200233459,42.0000359416,0,0,0,3.2212392653e-06,149429.427748
38.2444444444,-0.00102548813447,0.579488277435,2.40511059761,6.82742102072e-05,2.31658959819e-05,0,0,-9.05124252313e-05,-1.16010165215,41.5200233459,42.0000359416,0,0,0,3.22082940928e-06,149429.427748
38.2555555556,-0.00102548813447,0.579488277435,2.40511059761,6.82742102072e-05,2.31658959819e-05,0,0,-9.05124252313e-05,-1.16010165215,41.5200233459,42.0000359416,0,0,0,3.22047152197e-06,149429.427748
38.2666666667,-0.00102548813447,0.579488277435,2.40511059761,6.82742102072e-05,2.31658959819e-05,0,0,-9.05124252313e-05,-1.16010165215,41.5200233459,42.0000359416,0,0,0,3.22030555088e-06,149429.427748
38.2777777778,-0.00102548813447,0.579488277435,2.40511059761,6.82742102072e-05,2.31658959819e-05,0,0,-9.05124252313e-05,-1.16010165215,41.5200233459,42.0000359416,0,0,0,3.21963140172e-06,149429.427748
38.2888888889,-0.00102548813447,0.579488277435,2.40511059761,6.82742102072e-05,2.31658959819e-05,0,0,-9.05124252313e-05,-1.16010165215,41.5200233459,42.0000359416,0,0,0,3.22089065595e-06,149429.427748
38.3,-0.00102548813447,0.579488277435,2.40511059761,6.82742102072e-05,2.31658959819e-05,0,0,-9.05124252313e-05,-1.16010165215,41.5200233459,42.0000359416,0,0,0,3.21965075838e-06,149429.427748
38.3111111111,-0.00102548813447,0.579488277435,2.40511059761,6.82742102072e-05,2.31658959819e-05,0,0,-9.05124252313e-05,-1.16010165215,41.5200233459,42.0000359416,0,0,0,3.22056943167e-06,149429.427748
38.3222222222,-0.00102548813447,0.579488277435,2.40511059761,6.82742102072e-05,2.31658959819e-05,0,0,-9.05124252313e-05,-1.16010165215,41.5200233459,42.0000359416,0,0,0,3.22065315214e-06,149429.427748
38.3333333333,-0.00102548813447,0.579488277435,2.40511059761,6.82742102072e-05,2.31658959819e-05,0,0,-9.05124252313e-05,-1.16010165215,41.5200233459,42.0000359416,0,0,0,3.21962781868e-06,149429.427748
38.3444444444,-0.00102548813447,0.579488277435,2.40511059761,6.82742102072e-05,2.31658959819e-05,0,0,-9.05124252313e-05,-1.16010165215,41.5200233459,42.0000359416,0,0,0,3.22037072346e-06,149429.427748
38.3555555556,-0.00102548813447,0.579488277435,2.40511059761,6.82742102072e-05,2.31658959819e-05,0,0,-9.05124252313e-05,-1.16010165215,41.5200233459,42.0000359416,0,0,0,3.22089119132e-06,149429.427748
38.3666666667,-0.00102548813447,0.579488277435,2.40511059761,6.82742102072e-05,2.31658959819e-05,0,0,-9.05124252313e-05,-1.16010165215,41.5200233459,42.0000359416,0,0,0,3.22016666142e-06,149429.427748
38.3777777778,-0.00102548813447,0.579488277435,2.40511059761,6.82742102072e-05,2.31658959819e-05,0,0,-9.05124252313e-05,-1.16010165215,41.5200233459,42.0000359416,0,0,0,3.21966429747e-06,149429.427748
38.3888888889,-0.00102548813447,0.579488277435,2.40511059761,6.82742102072e-05,2.31658959819e-05,0,0,-9.05124252313e-05,-1.16010165215,41.5200233459,42.0000359416,0,0,0,3.22082135749e-06,149429.427748
38.4,-0.00102548813447,0.579488277435,2.40511059761,6.82742102072e-05,2.31658959819e-05,0,0,-9.05124252313e-05,-1.16010165215,41.5200233459,42.0000359416,0,0,0,3.22086195301e-06,149429.427748
38.4111111111,-0.00102548813447,0.579488277435,2.40511059761,6.82742102072e-05,2.31658959819e-05,0,0,-9.05124252313e-05,-1.16010165215,41.5200233459,42.0000359416,0,0,0,3.21965943767e-06,149429.427748
38.4222222222,-0.00102548813447,0.579488277435,2.40511059761,6.82742102072e-05,2.31658959819e-05,0,0,-9.05124252313e-05,-1.16010165215,41.5200233459,42.0000359416,0,0,0,3.22070070712e-06,149429.427748
38.4333333333,-0.00102548813447,0.579488277435,2.40511059761,6.82742102072e-05,2.31658959819e-05,0,0,-9.05124252313e-05,-1.16010165215,41.5200233459,42.0000359416,0,0,0,3.22104228038e-06,149429.427748
38.4444444444,-0.00102548813447,0.579488277435,2.40511059761,6.82742102072e-05,2.31658959819e-05,0,0,-9.05124252313e-05,-1.16010165215,41.5200233459,42.0000359416,0,0,0,3.22036833075e-06,149429.427748
38.4555555556,-0.00102548813447,0.579488277435,2.40511059761,6.82742102072e-05,2.31658959819e-05,0,0,-9.05124252313e-05,-1.16010165215,41.5200233459,42.0000359416,0,0,0,3.22021304543e-06,149429.427748
38.4666666667,-0.00102548813447,0.579488277435,2.40511059761,6.82742102072e-05,2.31658959819e-05,0,0,-9.05124252313e-05,-1.16010165215,41.5200233459,42.0000359416,0,0,0,3.22031129263e-06,149429.427748
38.4777777778,-0.00102548813447,0.579488277435,2.40511059761,6.82742102072e-05,2.31658959819e-05,0,0,-9.05124252313e-05,-1.16010165215,41.5200233459,42.0000359416,0,0,0,3.22074832593e-06,149429.427748
38.4888888889,-0.00102548813447,0.579488277435,2.40511059761,6.82742102072e-05,2.31658959819e-05,0,0,-9.05124252313e-05,-1.16010165215,41.5200233459,42.0000359416,0,0,0,3.22069134714e-06,149429.427748
38.5,-0.00102548813447,0.579488277435,2.40511059761,6.82742102072e-05,2.31658959819e-05,0,0,-9.05124252313e-05,-1.16010165215,41.5200233459,42.0000359416,0,0,0,3.22047080287e-06,149429.427748
38.5111111111,-0.00102548813447,0.579488277435,2.40511059761,6.82742102072e-05,2.31658959819e-05,0,0,-9.05124252313e-05,-1.16010165215,41.5200233459,42.0000359416,0,0,0,3.22080128596e-06,149429.427748
38.5222222222,-0.00102548813447,0.579488277435,2.40511059761,6.82742102072e-05,2.31658959819e-05,0,0,-9.05124252313e-05,-1.16010165215,41.5200233459,42.0000359416,0,0,0,3.22063163685e-06,149429.427748
38.5333333333,-0.00102548813447,0.579488277435,2.40511059761,6.82742102072e-05,2.31658959819e-05,0,0,-9.05124252313e-05,-1.16010165215,41.5200233459,42.0000359416,0,0,0,3.22045353045e-06,149429.427748
38.5444444444,-0.00102548813447,0.579488277435,2.40511059761,6.82742102072e-05,2.31658959819e-05,0,0,-9.05124252313e-05,-1.16010165215,41.5200233459,42.0000359416,0,0,0,3.21979186071e-06,149429.427748
38.5555555556,-0.00102548813447,0.579488277435,2.40511059761,6.82742102072e-05,2.31658959819e-05,0,0,-9.05124252313e-05,-1.16010165215,41.5200233459,42.0000359416,0,0,0,3.21977207409e-06,149429.427748
38.5666666667,-0.00102548813447,0.579488277435,2.40511059761,6.82742102072e-05,2.31658959819e-05,0,0,-9.05124252313e-05,-1.16010165215,41.5200233459,42.0000359416,0,0,0,3.22062962364e-06,149429.427748
38.5777777778,-0.00102548813447,0.579488277435,2.40511059761,6.82742102072e-05,2.31658959819e-05,0,0,-9.05124252313e-05,-1.16010165215,41.5200233459,42.0000359416,0,0,0,3.22058721352e-06,149429.427748
38.5888888889,-0.00102548813447,0.579488277435,2.40511059761,6.82742102072e-05,2.31658959819e-05,0,0,-9.05124252313e-05,-1.16010165215,41.5200233459,42.0000359416,0,0,0,3.21988184264e-06,149429.427748
38.6,-0.00102548813447,0.579488277435,2.40511059761,6.82742102072e-05,2.31658959819e-05,0,0,-9.05124252313e-05,-1.16010165215,41.5200233459,42.0000359416,0,0,0,3.22022452355e-06,149429.427748
38.6111111111,-0.00102548813447,0.579488277435,2.40511059761,6.82742102072e-05,2.31658959819e-05,0,0,-9.05124252313e-05,-1.16010165215,41.5200233459,42.0000359416,0,0,0,3.22058091249e-06,149429.427748
38.6222222222,-0.00102548813447,0.579488277435,2.40511059761,6.82742102072e-05,2.31658959819e-05,0,0,-9.05124252313e-05,-1.16010165215,41.5200233459,42.0000359416,0,0,0,3.21976901973e-06,149429.427748
38.6333333333,-0.00102548813447,0.579488277435,2.40511059761,6.82742102072e-05,2.31658959819e-05,0,0,-9.05124252313e-05,-1.16010165215,41.5200233459,42.0000359416,0,0,0,3.22006943765e-06,149429.427748
38.6444444444,-0.00102548813447,0.579488277435,2.40511059761,6.82742102072e-05,2.31658959819e-05,0,0,-9.05124252313e-05,-1.16010165215,41.5200233459,42.0000359416,0,0,0,3.22013864692e-06,149429.427748
38.6555555556,-0.00102548813447,0.579488277435,2.40511059761,6.82742102072e-05,2.31658959819e-05,0,0,-9.05124252313e-05,-1.16010165215,41.5200233459,42.0000359416,0,0,0,3.21986442376e-06,149429.427748
38.6666666667,-0.00102548813447,0.579488277435,2.40511059761,6.82742102072e-05,2.31658959819e-05,0,0,-9.05124252313e-05,-1.16010165215,41.5200233459,42.0000359416,0,0,0,3.22013687373e-06,149429.427748
38.6777777778,-0.00102548813447,0.579488277435,2.40511059761,6.82742102072e-05,2.31658959819e-05,0,0,-9.05124252313e-05,-1.16010165215,41.5200233459,42.0000359416,0,0,0,3.21986245466e-06,149429.427748
38.6888888889,-0.00102548813447,0.579488277435,2.40511059761,6.82742102072e-05,2.31658959819e-05,0,0,-9.05124252313e-05,-1.16010165215,41.5200233459,42.0000359416,0,0,0,3.2205782204e-06,149429.427748
38.7,-0.00102548813447,0.579488277435,2.40511059761,6.82742102072e-05,2.31658959819e-05,0,0,-9.05124252313e-05,-1.16010165215,41.5200233459,42.0000359416,0,0,0,3.21976044095e-06,149429.427748
38.7111111111,-0.00102548813447,0.579488277435,2.40511059761,6.82742102072e-05,2.31658959819e-05,0,0,-9.05124252313e-05,-1.16010165215,41.5200233459,42.0000359416,0,0,0,3.22035715121e-06,149429.427748
38.7222222222,-0.00102548813447,0.579488277435,2.40511059761,6.82742102072e-05,2.31658959819e-05,0,0,-9.05124252313e-05,-1.16010165215,41.5200233459,42.0000359416,0,0,0,3.2206155176e-06,149429.427748
38.7333333333,-0.00102548813447,0.579488277435,2.40511059761,6.82742102072e-05,2.31658959819e-05,0,0,-9.05124252313e-05,-1.16010165215,41.5200233459,42.0000359416,0,0,0,3.22092312974e-06,149429.427748
38.7444444444,-0.00102548813447,0.579488277435,2.40511059761,6.82742102072e-05,2.31658959819e-05,0,0,-9.05124252313e-05,-1.16010165215,41.5200233459,42.0000359416,0,0,0,3.22032908224e-06,149429.427748
38.7555555556,-0.00102548813447,0.579488277435,2.40511059761,6.82742102072e-05,2.31658959819e-05,0,0,-9.05124252313e-05,-1.16010165215,41.5200233459,42.0000359416,0,0,0,3.22064911235e-06,149429.427748
38.7666666667,-0.00102548813447,0.579488277435,2.40511059761,6.82742102072e-05,2.31658959819e-05,0,0,-9.05124252313e-05,-1.16010165215,41.5200233459,42.0000359416,0,0,0,3.21968734447e-06,149429.427748
38.7777777778,-0.00102548813447,0.579488277435,2.40511059761,6.82742102072e-05,2.31658959819e-05,0,0,-9.05124252313e-05,-1.16010165215,41.5200233459,42.0000359416,0,0,0,3.22006351063e-06,149429.427748
38.7888888889,-0.00102548813447,0.579488277435,2.40511059761,6.82742102072e-05,2.31658959819e-05,0,0,-9.05124252313e-05,-1.16010165215,41.5200233459,42.0000359416,0,0,0,3.21999207476e-06,149429.427748
38.8,-0.00102548813447,0.579488277435,2.40511059761,6.82742102072e-05,2.31658959819e-05,0,0,-9.05124252313e-05,-1.16010165215,41.5200233459,42.0000359416,0,0,0,3.21995661297e-06,149429.427748
38.8111111111,-0.00102548813447,0.579488277435,2.40511059761,6.82742102072e-05,2.31658959819e-05,0,0,-9.05124252313e-05,-1.16010165215,41.5200233459,42.0000359416,0,0,0,3.22056982177e-06,149429.427748
38.8222222222,-0.00102548813447,0.579488277435,2.40511059761,6.82742102072e-05,2.31658959819e-05,0,0,-9.05124252313e-05,-1.16010165215,41.5200233459,42.0000359416,0,0,0,3.21973318054e-06,149429.427748
38.8333333333,-0.00102548813447,0.579488277435,2.40511059761,6.82742102072e-05,2.31658959819e-05,0,0,-9.05124252313e-05,-1.16010165215,41.5200233459,42.0000359416,0,0,0,3.22046837251e-06,149429.427748
38.8444444444,-0.00102548813447,0.579488277435,2.40511059761,6.82742102072e-05,2.31658959819e-05,0,0,-9.05124252313e-05,-1.16010165215,41.5200233459,42.0000359416,0,0,0,3.2201467789e-06,149429.427748
38.8555555556,-0.00102548813447,0.579488277435,2.40511059761,6.82742102072e-05,2.31658959819e-05,0,0,-9.05124252313e-05,-1.16010165215,41.5200233459,42.0000359416,0,0,0,3.21972973789e-06,149429.427748
38.8666666667,-0.00102548813447,0.579488277435,2.40511059761,6.82742102072e-05,2.31658959819e-05,0,0,-9.05124252313e-05,-1.16010165215,41.5200233459,42.0000359416,0,0,0,3.2208458771e-06,149429.427748
38.8777777778,-0.00102548813447,0.579488277435,2.40511059761,6.82742102072e-05,2.31658959819e-05,0,0,-9.05124252313e-05,-1.16010165215,41.5200233459,42.0000359416,0,0,0,3.22017151636e-06,149429.427748
38.8888888889,-0.00102548813447,0.579488277435,2.40511059761,6.82742102072e-05,2.31658959819e-05,0,0,-9.05124252313e-05,-1.16010165215,41.5200233459,42.0000359416,0,0,0,3.21964788951e-06,149429.427748
38.9,-0.00102548813447,0.579488277435,2.40511059761,6.82742102072e-05,2.31658959819e-05,0,0,-9.05124252313e-05,-1.16010165215,41.5200233459,42.0000359416,0,0,0,3.2202981002e-06,149429.427748
38.9111111111,-0.00102548813447,0.579488277435,2.40511059761,6.82742102072e-05,2.31658959819e-05,0,0,-9.05124252313e-05,-1.16010165215,41.5200233459,42.0000359416,0,0,0,3.22064618409e-06,149429.427748
38.9222222222,-0.00102548813447,0.579488277435,2.40511059761,6.82742102072e-05,2.31658959819e-05,0,0,-9.05124252313e-05,-1.16010165215,41.5200233459,42.0000359416,0,0,0,3.220842588e-06,149429.427748
38.9333333333,-0.00102548813447,0.579488277435,2.40511059761,6.82742102072e-05,2.31658959819e-05,0,0,-9.05124252313e-05,-1.16010165215,41.5200233459,42.0000359416,0,0,0,3.22030395705e-06,149429.427748
38.9444444444,-0.00102548813447,0.579488277435,2.40511059761,6.82742102072e-05,2.31658959819e-05,0,0,-9.05124252313e-05,-1.16010165215,41.5200233459,42.0000359416,0,0,0,3.22085748233e-06,149429.427748
38.9555555556,-0.00102548813447,0.579488277435,2.40511059761,6.82742102072e-05,2.31658959819e-05,0,0,-9.05124252313e-05,-1.16010165215,41.5200233459,42.0000359416,0,0,0,3.22028945562e-06,149429.427748
38.9666666667,-0.00102548813447,0.579488277435,2.40511059761,6.82742102072e-05,2.31658959819e-05,0,0,-9.05124252313e-05,-1.16010165215,41.5200233459,42.0000359416,0,0,0,3.21988426234e-06,149429.427748
38.9777777778,-0.00102548813447,0.579488277435,2.40511059761,6.82742102072e-05,2.31658959819e-05,0,0,-9.05124252313e-05,-1.16010165215,41.5200233459,42.0000359416,0,0,0,3.2210199992e-06,149429.427748
38.9888888889,-0.00102548813447,0.579488277435,2.40511059761,6.82742102072e-05,2.31658959819e-05,0,0,-9.05124252313e-05,-1.16010165215,41.5200233459,42.0000359416,0,0,0,3.22057498579e-06,149429.427748
39,-0.00102548813447,0.579488277435,2.40511059761,6.82742102072e-05,2.31658959819e-05,0,0,-9.05124252313e-05,-1.16010165215,41.5200233459,42.0000359416,0,0,0,3.22071305125e-06,149429.427748
39.0111111111,-0.00102548813447,0.579488277435,2.40511059761,6.82742102072e-05,2.31658959819e-05,0,0,-9.05124252313e-05,-1.16010165215,41.5200233459,42.0000359416,0,0,0,3.22001894416e-06,149429.427748
39.0222222222,-0.00102548813447,0.579488277435,2.40511059761,6.82742102072e-05,2.31658959819e-05,0,0,-9.05124252313e-05,-1.16010165215,41.5200233459,42.0000359416,0,0,0,3.22001609869e-06,149429.427748
39.0333333333,-0.00102548813447,0.579488277435,2.40511059761,6.82742102072e-05,2.31658959819e-05,0,0,-9.05124252313e-05,-1.16010165215,41.5200233459,42.0000359416,0,0,0,3.21972968033e-06,149429.427748
39.0444444444,-0.00102548813447,0.579488277435,2.40511059761,6.82742102072e-05,2.31658959819e-05,0,0,-9.05124252313e-05,-1.16010165215,41.5200233459,42.0000359416,0,0,0,3.21974506635e-06,149429.427748
39.0555555556,-0.00102548813447,0.579488277435,2.40511059761,6.82742102072e-05,2.31658959819e-05,0,0,-9.05124252313e-05,-1.16010165215,41.5200233459,42.0000359416,0,0,0,3.2197901876e-06,149429.427748
39.0666666667,-0.00102548813447,0.579488277435,2.40511059761,6.82742102072e-05,2.31658959819e-05,0,0,-9.05124252313e-05,-1.16010165215,41.5200233459,42.0000359416,0,0,0,3.22085598556e-06,149429.427748
39.0777777778,-0.00102548813447,0.579488277435,2.40511059761,6.82742102072e-05,2.31658959819e-05,0,0,-9.05124252313e-05,-1.16010165215,41.5200233459,42.0000359416,0,0,0,3.22056768942e-06,149429.427748
39.0888888889,-0.00102548813447,0.579488277435,2.40511059761,6.82742102072e-05,2.31658959819e-05,0,0,-9.05124252313e-05,-1.16010165215,41.5200233459,42.0000359416,0,0,0,3.22063480947e-06,149429.427748
39.1,-0.00102548813447,0.579488277435,2.40511059761,6.82742102072e-05,2.31658959819e-05,0,0,-9.05124252313e-05,-1.16010165215,41.5200233459,42.0000359416,0,0,0,3.22064069529e-06,149429.427748
39.1111111111,-0.00102548813447,0.579488277435,2.40511059761,6.82742102072e-05,2.31658959819e-05,0,0,-9.05124252313e-05,-1.16010165215,41.5200233459,42.0000359416,0,0,0,3.2204590051e-06,149429.427748
39.1222222222,-0.00102548813447,0.579488277435,2.40511059761,6.82742102072e-05,2.31658959819e-05,0,0,-9.05124252313e-05,-1.16010165215,41.5200233459,42.0000359416,0,0,0,3.21965577571e-06,149429.427748
39.1333333333,-0.00102548813447,0.579488277435,2.40511059761,6.82742102072e-05,2.31658959819e-05,0,0,-9.05124252313e-05,-1.16010165215,41.5200233459,42.0000359416,0,0,0,3.21967135283e-06,149429.427748
39.1444444444,-0.00102548813447,0.579488277435,2.40511059761,6.82742102072e-05,2.31658959819e-05,0,0,-9.05124252313e-05,-1.16010165215,41.5200233459,42.0000359416,0,0,0,3.21976966589e-06,149429.427748
39.1555555556,-0.00102548813447,0.579488277435,2.40511059761,6.82742102072e-05,2.31658959819e-05,0,0,-9.05124252313e-05,-1.16010165215,41.5200233459,42.0000359416,0,0,0,3.22034567174e-06,149429.427748
39.1666666667,-0.00102548813447,0.579488277435,2.40511059761,6.82742102072e-05,2.31658959819e-05,0,0,-9.05124252313e-05,-1.16010165215,41.5200233459,42.0000359416,0,0,0,3.22030715364e-06,149429.427748
39.1777777778,-0.00102548813447,0.579488277435,2.40511059761,6.82742102072e-05,2.31658959819e-05,0,0,-9.05124252313e-05,-1.16010165215,41.5200233459,42.0000359416,0,0,0,3.21985591428e-06,149429.427748
39.1888888889,-0.00102548813447,0.579488277435,2.40511059761,6.82742102072e-05,2.31658959819e-05,0,0,-9.05124252313e-05,-1.16010165215,41.5200233459,42.0000359416,0,0,0,3.22096796635e-06,149429.427748
39.2,-0.00102548813447,0.579488277435,2.40511059761,6.82742102072e-05,2.31658959819e-05,0,0,-9.05124252313e-05,-1.16010165215,41.5200233459,42.0000359416,0,0,0,3.22008374732e-06,149429.427748
39.2111111111,-0.00102548813447,0.579488277435,2.40511059761,6.82742102072e-05,2.31658959819e-05,0,0,-9.05124252313e-05,-1.16010165215,41.5200233459,42.0000359416,0,0,0,3.21966875583e-06,149429.427748
39.2222222222,-0.00102548813447,0.579488277435,2.40511059761,6.82742102072e-05,2.31658959819e-05,0,0,-9.05124252313e-05,-1.16010165215,41.5200233459,42.0000359416,0,0,0,3.22041442985e-06,149429.427748
39.2333333333,-0.00102548813447,0.579488277435,2.40511059761,6.82742102072e-05,2.31658959819e-05,0,0,-9.05124252313e-05,-1.16010165215,41.5200233459,42.0000359416,0,0,0,3.22019053221e-06,149429.427748
39.2444444444,-0.00102548813447,0.579488277435,2.40511059761,6.82742102072e-05,2.31658959819e-05,0,0,-9.05124252313e-05,-1.16010165215,41.5200233459,42.0000359416,0,0,0,3.22047371212e-06,149429.427748
39.2555555556,-0.00102548813447,0.579488277435,2.40511059761,6.82742102072e-05,2.31658959819e-05,0,0,-9.05124252313e-05,-1.16010165215,41.5200233459,42.0000359416,0,0,0,3.22039176106e-06,149429.427748
39.2666666667,-0.00102548813447,0.579488277435,2.40511059761,6.82742102072e-05,2.31658959819e-05,0,0,-9.05124252313e-05,-1.16010165215,41.5200233459,42.0000359416,0,0,0,3.21965417632e-06,149429.427748
39.2777777778,-0.00102548813447,0.579488277435,2.40511059761,6.82742102072e-05,2.31658959819e-05,0,0,-9.05124252313e-05,-1.16010165215,41.5200233459,42.0000359416,0,0,0,3.22063502269e-06,149429.427748
39.2888888889,-0.00102548813447,0.579488277435,2.40511059761,6.82742102072e-05,2.31658959819e-05,0,0,-9.05124252313e-05,-1.16010165215,41.5200233459,42.0000359416,0,0,0,3.22087605461e-06,149429.427748
39.3,-0.00102548813447,0.579488277435,2.40511059761,6.82742102072e-05,2.31658959819e-05,0,0,-9.05124252313e-05,-1.16010165215,41.5200233459,42.0000359416,0,0,0,3.22014394368e-06,149429.427748
39.3111111111,-0.00102548813447,0.579488277435,2.40511059761,6.82742102072e-05,2.31658959819e-05,0,0,-9.05124252313e-05,-1.16010165215,41.5200233459,42.0000359416,0,0,0,3.22080400534e-06,149429.427748
39.3222222222,-0.00102548813447,0.579488277435,2.40511059761,6.82742102072e-05,2.31658959819e-05,0,0,-9.05124252313e-05,-1.16010165215,41.5200233459,42.0000359416,0,0,0,3.2209355935e-06,149429.427748
39.3333333333,-0.00102548813447,0.579488277435,2.40511059761,6.82742102072e-05,2.31658959819e-05,0,0,-9.05124252313e-05,-1.16010165215,41.5200233459,42.0000359416,0,0,0,3.21991032673e-06,149429.427748
39.3444444444,-0.00102548813447,0.579488277435,2.40511059761,6.82742102072e-05,2.31658959819e-05,0,0,-9.05124252313e-05,-1.16010165215,41.5200233459,42.0000359416,0,0,0,3.22064036706e-06,149429.427748
39.3555555556,-0.00102548813447,0.579488277435,2.40511059761,6.82742102072e-05,2.31658959819e-05,0,0,-9.05124252313e-05,-1.16010165215,41.5200233459,42.0000359416,0,0,0,3.22097155637e-06,149429.427748
39.3666666667,-0.00102548813447,0.579488277435,2.40511059761,6.82742102072e-05,2.31658959819e-05,0,0,-9.05124252313e-05,-1.16010165215,41.5200233459,42.0000359416,0,0,0,3.22069448803e-06,149429.427748
39.3777777778,-0.00102548813447,0.579488277435,2.40511059761,6.82742102072e-05,2.31658959819e-05,0,0,-9.05124252313e-05,-1.16010165215,41.5200233459,42.0000359416,0,0,0,3.2203829542e-06,149429.427748
39.3888888889,-0.00102548813447,0.579488277435,2.40511059761,6.82742102072e-05,2.31658959819e-05,0,0,-9.05124252313e-05,-1.16010165215,41.5200233459,42.0000359416,0,0,0,3.21961518511e-06,149429.427748
39.4,-0.00102548813447,0.579488277435,2.40511059761,6.82742102072e-05,2.31658959819e-05,0,0,-9.05124252313e-05,-1.16010165215,41.5200233459,42.0000359416,0,0,0,3.22050086465e-06,149429.427748
39.4111111111,-0.00102548813447,0.579488277435,2.40511059761,6.82742102072e-05,2.31658959819e-05,0,0,-9.05124252313e-05,-1.16010165215,41.5200233459,42.0000359416,0,0,0,3.21975604614e-06,149429.427748
39.4222222222,-0.00102548813447,0.579488277435,2.40511059761,6.82742102072e-05,2.31658959819e-05,0,0,-9.05124252313e-05,-1.16010165215,41.5200233459,42.0000359416,0,0,0,3.22087168789e-06,149429.427748
39.4333333333,-0.00102548813447,0.579488277435,2.40511059761,6.82742102072e-05,2.31658959819e-05,0,0,-9.05124252313e-05,-1.16010165215,41.5200233459,42.0000359416,0,0,0,3.22115905257e-06,149429.427748
39.4444444444,-0.00102548813447,0.579488277435,2.40511059761,6.82742102072e-05,2.31658959819e-05,0,0,-9.05124252313e-05,-1.16010165215,41.5200233459,42.0000359416,0,0,0,3.22115718107e-06,149429.427748
39.4555555556,-0.00102548813447,0.579488277435,2.40511059761,6.82742102072e-05,2.31658959819e-05,0,0,-9.05124252313e-05,-1.16010165215,41.5200233459,42.0000359416,0,0,0,3.21978024634e-06,149429.427748
39.4666666667,-0.00102548813447,0.579488277435,2.40511059761,6.82742102072e-05,2.31658959819e-05,0,0,-9.05124252313e-05,-1.16010165215,41.5200233459,42.0000359416,0,0,0,3.22080263011e-06,149429.427748
39.4777777778,-0.00102548813447,0.579488277435,2.40511059761,6.82742102072e-05,2.31658959819e-05,0,0,-9.05124252313e-05,-1.16010165215,41.5200233459,42.0000359416,0,0,0,3.22076140478e-06,149429.427748
39.4888888889,-0.00102548813447,0.579488277435,2.40511059761,6.82742102072e-05,2.31658959819e-05,0,0,-9.05124252313e-05,-1.16010165215,41.5200233459,42.0000359416,0,0,0,3.21991963275e-06,149429.427748
39.5,-0.00102548813447,0.579488277435,2.40511059761,6.82742102072e-05,2.31658959819e-05,0,0,-9.05124252313e-05,-1.16010165215,41.5200233459,42.0000359416,0,0,0,3.2202447776e-06,149429.427748
39.5111111111,-0.00102548813447,0.579488277435,2.40511059761,6.82742102072e-05,2.31658959819e-05,0,0,-9.05124252313e-05,-1.16010165215,41.5200233459,42.0000359416,0,0,0,3.21993742234e-06,149429.427748
39.5222222222,-0.00102548813447,0.579488277435,2.40511059761,6.82742102072e-05,2.31658959819e-05,0,0,-9.05124252313e-05,-1.16010165215,41.5200233459,42.0000359416,0,0,0,3.22009304503e-06,149429.427748
39.5333333333,-0.00102548813447,0.579488277435,2.40511059761,6.82742102072e-05,2.31658959819e-05,0,0,-9.05124252313e-05,-1.16010165215,41.5200233459,42.0000359416,0,0,0,3.22005884978e-06,149429.427748
39.5444444444,-0.00102548813447,0.579488277435,2.40511059761,6.82742102072e-05,2.31658959819e-05,0,0,-9.05124252313e-05,-1.16010165215,41.5200233459,42.0000359416,0,0,0,3.22023315426e-06,149429.427748
39.5555555556,-0.00102548813447,0.579488277435,2.40511059761,6.82742102072e-05,2.31658959819e-05,0,0,-9.05124252313e-05,-1.16010165215,41.5200233459,42.0000359416,0,0,0,3.22005989595e-06,149429.427748
39.5666666667,-0.00102548813447,0.579488277435,2.40511059761,6.82742102072e-05,2.31658959819e-05,0,0,-9.05124252313e-05,-1.16010165215,41.5200233459,42.0000359416,0,0,0,3.22013714693e-06,149429.427748
39.5777777778,-0.00102548813447,0.579488277435,2.40511059761,6.82742102072e-05,2.31658959819e-05,0,0,-9.05124252313e-05,-1.16010165215,41.5200233459,42.0000359416,0,0,0,3.22033623174e-06,149429.427748
39.5888888889,-0.00102548813447,0.579488277435,2.40511059761,6.82742102072e-05,2.31658959819e-05,0,0,-9.05124252313e-05,-1.16010165215,41.5200233459,42.0000359416,0,0,0,3.21992387183e-06,149429.427748
39.6,-0.00102548813447,0.579488277435,2.40511059761,6.82742102072e-05,2.31658959819e-05,0,0,-9.05124252313e-05,-1.16010165215,41.5200233459,42.0000359416,0,0,0,3.21986697108e-06,149429.427748
39.6111111111,-0.00102548813447,0.579488277435,2.40511059761,6.82742102072e-05,2.31658959819e-05,0,0,-9.05124252313e-05,-1.16010165215,41.5200233459,42.0000359416,0,0,0,3.22000885089e-06,149429.427748
39.6222222222,-0.00102548813447,0.579488277435,2.40511059761,6.82742102072e-05,2.31658959819e-05,0,0,-9.05124252313e-05,-1.16010165215,41.5200233459,42.0000359416,0,0,0,3.22049762597e-06,149429.427748
39.6333333333,-0.00102548813447,0.579488277435,2.40511059761,6.82742102072e-05,2.31658959819e-05,0,0,-9.05124252313e-05,-1.16010165215,41.5200233459,42.0000359416,0,0,0,3.22044466523e-06,149429.427748
39.6444444444,-0.00102548813447,0.579488277435,2.40511059761,6.82742102072e-05,2.31658959819e-05,0,0,-9.05124252313e-05,-1.16010165215,41.5200233459,42.0000359416,0,0,0,3.21985609146e-06,149429.427748
39.6555555556,-0.00102548813447,0.579488277435,2.40511059761,6.82742102072e-05,2.31658959819e-05,0,0,-9.05124252313e-05,-1.16010165215,41.5200233459,42.0000359416,0,0,0,3.22033132299e-06,149429.427748
39.6666666667,-0.00102548813447,0.579488277435,2.40511059761,6.82742102072e-05,2.31658959819e-05,0,0,-9.05124252313e-05,-1.16010165215,41.5200233459,42.0000359416,0,0,0,3.21983071809e-06,149429.427748
39.6777777778,-0.00102548813447,0.579488277435,2.40511059761,6.82742102072e-05,2.31658959819e-05,0,0,-9.05124252313e-05,-1.16010165215,41.5200233459,42.0000359416,0,0,0,3.22054828926e-06,149429.427748
39.6888888889,-0.00102548813447,0.579488277435,2.40511059761,6.82742102072e-05,2.31658959819e-05,0,0,-9.05124252313e-05,-1.16010165215,41.5200233459,42.0000359416,0,0,0,3.22049706766e-06,149429.427748
39.7,-0.00102548813447,0.579488277435,2.40511059761,6.82742102072e-05,2.31658959819e-05,0,0,-9.05124252313e-05,-1.16010165215,41.5200233459,42.0000359416,0,0,0,3.22046790755e-06,149429.427748
39.7111111111,-0.00102548813447,0.579488277435,2.40511059761,6.82742102072e-05,2.31658959819e-05,0,0,-9.05124252313e-05,-1.16010165215,41.5200233459,42.0000359416,0,0,0,3.22000069428e-06,149429.427748
39.7222222222,-0.00102548813447,0.579488277435,2.40511059761,6.82742102072e-05,2.31658959819e-05,0,0,-9.05124252313e-05,-1.16010165215,41.5200233459,42.0000359416,0,0,0,3.22085164196e-06,149429.427748
39.7333333333,-0.00102548813447,0.579488277435,2.40511059761,6.82742102072e-05,2.31658959819e-05,0,0,-9.05124252313e-05,-1.16010165215,41.5200233459,42.0000359416,0,0,0,3.21998005798e-06,149429.427748
39.7444444444,-0.00102548813447,0.579488277435,2.40511059761,6.82742102072e-05,2.31658959819e-05,0,0,-9.05124252313e-05,-1.16010165215,41.5200233459,42.0000359416,0,0,0,3.22054741986e-06,149429.427748
39.7555555556,-0.00102548813447,0.579488277435,2.40511059761,6.82742102072e-05,2.31658959819e-05,0,0,-9.05124252313e-05,-1.16010165215,41.5200233459,42.0000359416,0,0,0,3.22029836706e-06,149429.427748
39.7666666667,-0.00102548813447,0.579488277435,2.40511059761,6.82742102072e-05,2.31658959819e-05,0,0,-9.05124252313e-05,-1.16010165215,41.5200233459,42.0000359416,0,0,0,3.2197229547e-06,149429.427748
39.7777777778,-0.00102548813447,0.579488277435,2.40511059761,6.82742102072e-05,2.31658959819e-05,0,0,-9.05124252313e-05,-1.16010165215,41.5200233459,42.0000359416,0,0,0,3.22055636476e-06,149429.427748
39.7888888889,-0.00102548813447,0.579488277435,2.40511059761,6.82742102072e-05,2.31658959819e-05,0,0,-9.05124252313e-05,-1.16010165215,41.5200233459,42.0000359416,0,0,0,3.21970105653e-06,149429.427748
39.8,-0.00102548813447,0.579488277435,2.40511059761,6.82742102072e-05,2.31658959819e-05,0,0,-9.05124252313e-05,-1.16010165215,41.5200233459,42.0000359416,0,0,0,3.21967073157e-06,149429.427748
39.8111111111,-0.00102548813447,0.579488277435,2.40511059761,6.82742102072e-05,2.31658959819e-05,0,0,-9.05124252313e-05,-1.16010165215,41.5200233459,42.0000359416,0,0,0,3.22089516141e-06,149429.427748
39.8222222222,-0.00102548813447,0.579488277435,2.40511059761,6.82742102072e-05,2.31658959819e-05,0,0,-9.05124252313e-05,-1.16010165215,41.5200233459,42.0000359416,0,0,0,3.22072462947e-06,149429.427748
39.8333333333,-0.00102548813447,0.579488277435,2.40511059761,6.82742102072e-05,2.31658959819e-05,0,0,-9.05124252313e-05,-1.16010165215,41.5200233459,42.0000359416,0,0,0,3.22038106121e-06,149429.427748
39.8444444444,-0.00102548813447,0.579488277435,2.40511059761,6.82742102072e-05,2.31658959819e-05,0,0,-9.05124252313e-05,-1.16010165215,41.5200233459,42.0000359416,0,0,0,3.22005570237e-06,149429.427748
39.8555555556,-0.00102548813447,0.579488277435,2.40511059761,6.82742102072e-05,2.31658959819e-05,0,0,-9.05124252313e-05,-1.16010165215,41.5200233459,42.0000359416,0,0,0,3.21969448822e-06,149429.427748
39.8666666667,-0.00102548813447,0.579488277435,2.40511059761,6.82742102072e-05,2.31658959819e-05,0,0,-9.05124252313e-05,-1.16010165215,41.5200233459,42.0000359416,0,0,0,3.22041386621e-06,149429.427748
39.8777777778,-0.00102548813447,0.579488277435,2.40511059761,6.82742102072e-05,2.31658959819e-05,0,0,-9.05124252313e-05,-1.16010165215,41.5200233459,42.0000359416,0,0,0,3.21973826032e-06,149429.427748
39.8888888889,-0.00102548813447,0.579488277435,2.40511059761,6.82742102072e-05,2.31658959819e-05,0,0,-9.05124252313e-05,-1.16010165215,41.5200233459,42.0000359416,0,0,0,3.21970490775e-06,149429.427748
39.9,-0.00102548813447,0.579488277435,2.40511059761,6.82742102072e-05,2.31658959819e-05,0,0,-9.05124252313e-05,-1.16010165215,41.5200233459,42.0000359416,0,0,0,3.22079711129e-06,149429.427748
39.9111111111,-0.00102548813447,0.579488277435,2.40511059761,6.82742102072e-05,2.31658959819e-05,0,0,-9.05124252313e-05,-1.16010165215,41.5200233459,42.0000359416,0,0,0,3.22028532552e-06,149429.427748
39.9222222222,-0.00102548813447,0.579488277435,2.40511059761,6.82742102072e-05,2.31658959819e-05,0,0,-9.05124252313e-05,-1.16010165215,41.5200233459,42.0000359416,0,0,0,3.22020502444e-06,149429.427748
39.9333333333,-0.00102548813447,0.579488277435,2.40511059761,6.82742102072e-05,2.31658959819e-05,0,0,-9.05124252313e-05,-1.16010165215,41.5200233459,42.0000359416,0,0,0,3.22042697507e-06,149429.427748
39.9444444444,-0.00102548813447,0.579488277435,2.40511059761,6.82742102072e-05,2.31658959819e-05,0,0,-9.05124252313e-05,-1.16010165215,41.5200233459,42.0000359416,0,0,0,3.22039824826e-06,149429.427748
39.9555555556,-0.00102548813447,0.579488277435,2.40511059761,6.82742102072e-05,2.31658959819e-05,0,0,-9.05124252313e-05,-1.16010165215,41.5200233459,42.0000359416,0,0,0,3.22043120467e-06,149429.427748
39.9666666667,-0.00102548813447,0.579488277435,2.40511059761,6.82742102072e-05,2.31658959819e-05,0,0,-9.05124252313e-05,-1.16010165215,41.5200233459,42.0000359416,0,0,0,3.22090308562e-06,149429.427748
39.9777777778,-0.00102548813447,0.579488277435,2.40511059761,6.82742102072e-05,2.31658959819e-05,0,0,-9.05124252313e-05,-1.16010165215,41.5200233459,42.0000359416,0,0,0,3.22053312319e-06,149429.427748
39.9888888889,-0.00102548813447,0.579488277435,2.40511059761,6.82742102072e-05,2.31658959819e-05,0,0,-9.05124252313e-05,-1.16010165215,41.5200233459,42.0000359416,0,0,0,3.22076760618e-06,149429.427748
40,-0.00102548813447,0.579488277435,2.40511059761,6.82742102072e-05,2.31658959819e-05,0,0,-9.05124252313e-05,-1.16010165215,41.5200233459,42.0000359416,0,0,0,3.22081118271e-06,149429.427748
40.0111111111,-0.00102548813447,0.579488277435,2.40511059761,6.82742102072e-05,2.31658959819e-05,0,0,-9.05124252313e-05,-1.16010165215,41.5200233459,42.0000359416,0,0,0,3.22055238388e-06,149429.427748
40.0222222222,-0.00102548813447,0.579488277435,2.40511059761,6.82742102072e-05,2.31658959819e-05,0,0,-9.05124252313e-05,-1.16010165215,41.5200233459,42.0000359416,0,0,0,3.22065820233e-06,149429.427748
40.0333333333,-0.00102548813447,0.579488277435,2.40511059761,6.82742102072e-05,2.31658959819e-05,0,0,-9.05124252313e-05,-1.16010165215,41.5200233459,42.0000359416,0,0,0,3.21976597184e-06,149429.427748
40.0444444444,-0.00102548813447,0.579488277435,2.40511059761,6.82742102072e-05,2.31658959819e-05,0,0,-9.05124252313e-05,-1.16010165215,41.5200233459,42.0000359416,0,0,0,3.22039279016e-06,149429.427748
40.0555555556,-0.00102548813447,0.579488277435,2.40511059761,6.82742102072e-05,2.31658959819e-05,0,0,-9.05124252313e-05,-1.16010165215,41.5200233459,42.0000359416,0,0,0,3.21959790268e-06,149429.427748
40.0666666667,-0.00102548813447,0.579488277435,2.40511059761,6.82742102072e-05,2.31658959819e-05,0,0,-9.05124252313e-05,-1.16010165215,41.5200233459,42.0000359416,0,0,0,3.21968735386e-06,149429.427748
40.0777777778,-0.00102548813447,0.579488277435,2.40511059761,6.82742102072e-05,2.31658959819e-05,0,0,-9.05124252313e-05,-1.16010165215,41.5200233459,42.0000359416,0,0,0,3.22032035386e-06,149429.427748
40.0888888889,-0.00102548813447,0.579488277435,2.40511059761,6.82742102072e-05,2.31658959819e-05,0,0,-9.05124252313e-05,-1.16010165215,41.5200233459,42.0000359416,0,0,0,3.22094719479e-06,149429.427748
40.1,-0.00102548813447,0.579488277435,2.40511059761,6.82742102072e-05,2.31658959819e-05,0,0,-9.05124252313e-05,-1.16010165215,41.5200233459,42.0000359416,0,0,0,3.21997816435e-06,149429.427748
40.1111111111,-0.00102548813447,0.579488277435,2.40511059761,6.82742102072e-05,2.31658959819e-05,0,0,-9.05124252313e-05,-1.16010165215,41.5200233459,42.0000359416,0,0,0,3.22014129425e-06,149429.427748
40.1222222222,-0.00102548813447,0.579488277435,2.40511059761,6.82742102072e-05,2.31658959819e-05,0,0,-9.05124252313e-05,-1.16010165215,41.5200233459,42.0000359416,0,0,0,3.21995437175e-06,149429.427748
40.1333333333,-0.00102548813447,0.579488277435,2.40511059761,6.82742102072e-05,2.31658959819e-05,0,0,-9.05124252313e-05,-1.16010165215,41.5200233459,42.0000359416,0,0,0,3.21971263739e-06,149429.427748
40.1444444444,-0.00102548813447,0.579488277435,2.40511059761,6.82742102072e-05,2.31658959819e-05,0,0,-9.05124252313e-05,-1.16010165215,41.5200233459,42.0000359416,0,0,0,3.21991364528e-06,149429.427748
40.1555555556,-0.00102548813447,0.579488277435,2.40511059761,6.82742102072e-05,2.31658959819e-05,0,0,-9.05124252313e-05,-1.16010165215,41.5200233459,42.0000359416,0,0,0,3.22054661772e-06,149429.427748
40.1666666667,-0.00102548813447,0.579488277435,2.40511059761,6.82742102072e-05,2.31658959819e-05,0,0,-9.05124252313e-05,-1.16010165215,41.5200233459,42.0000359416,0,0,0,3.22051398494e-06,149429.427748
40.1777777778,-0.00102548813447,0.579488277435,2.40511059761,6.82742102072e-05,2.31658959819e-05,0,0,-9.05124252313e-05,-1.16010165215,41.5200233459,42.0000359416,0,0,0,3.22052976194e-06,149429.427748
40.1888888889,-0.00102548813447,0.579488277435,2.40511059761,6.82742102072e-05,2.31658959819e-05,0,0,-9.05124252313e-05,-1.16010165215,41.5200233459,42.0000359416,0,0,0,3.22037956173e-06,149429.427748
40.2,-0.00102548813447,0.579488277435,2.40511059761,6.82742102072e-05,2.31658959819e-05,0,0,-9.05124252313e-05,-1.16010165215,41.5200233459,42.0000359416,0,0,0,3.21971545939e-06,149429.427748
40.2111111111,-0.00102548813447,0.579488277435,2.40511059761,6.82742102072e-05,2.31658959819e-05,0,0,-9.05124252313e-05,-1.16010165215,41.5200233459,42.0000359416,0,0,0,3.22078333215e-06,149429.427748
40.2222222222,-0.00102548813447,0.579488277435,2.40511059761,6.82742102072e-05,2.31658959819e-05,0,0,-9.05124252313e-05,-1.16010165215,41.5200233459,42.0000359416,0,0,0,3.21958741492e-06,149429.427748
40.2333333333,-0.00102548813447,0.579488277435,2.40511059761,6.82742102072e-05,2.31658959819e-05,0,0,-9.05124252313e-05,-1.16010165215,41.5200233459,42.0000359416,0,0,0,3.22048168692e-06,149429.427748
40.2444444444,-0.00102548813447,0.579488277435,2.40511059761,6.82742102072e-05,2.31658959819e-05,0,0,-9.05124252313e-05,-1.16010165215,41.5200233459,42.0000359416,0,0,0,3.21965171262e-06,149429.427748
40.2555555556,-0.00102548813447,0.579488277435,2.40511059761,6.82742102072e-05,2.31658959819e-05,0,0,-9.05124252313e-05,-1.16010165215,41.5200233459,42.0000359416,0,0,0,3.21998141857e-06,149429.427748
40.2666666667,-0.00102548813447,0.579488277435,2.40511059761,6.82742102072e-05,2.31658959819e-05,0,0,-9.05124252313e-05,-1.16010165215,41.5200233459,42.0000359416,0,0,0,3.21969055207e-06,149429.427748
40.2777777778,-0.00102548813447,0.579488277435,2.40511059761,6.82742102072e-05,2.31658959819e-05,0,0,-9.05124252313e-05,-1.16010165215,41.5200233459,42.0000359416,0,0,0,3.22004775865e-06,149429.427748
40.2888888889,-0.00102548813447,0.579488277435,2.40511059761,6.82742102072e-05,2.31658959819e-05,0,0,-9.05124252313e-05,-1.16010165215,41.5200233459,42.0000359416,0,0,0,3.22004710861e-06,149429.427748
40.3,-0.00102548813447,0.579488277435,2.40511059761,6.82742102072e-05,2.31658959819e-05,0,0,-9.05124252313e-05,-1.16010165215,41.5200233459,42.0000359416,0,0,0,3.21985307415e-06,149429.427748
40.3111111111,-0.00102548813447,0.579488277435,2.40511059761,6.82742102072e-05,2.31658959819e-05,0,0,-9.05124252313e-05,-1.16010165215,41.5200233459,42.0000359416,0,0,0,3.21998976422e-06,149429.427748
40.3222222222,-0.00102548813447,0.579488277435,2.40511059761,6.82742102072e-05,2.31658959819e-05,0,0,-9.05124252313e-05,-1.16010165215,41.5200233459,42.0000359416,0,0,0,3.22004631947e-06,149429.427748
40.3333333333,-0.00102548813447,0.579488277435,2.40511059761,6.82742102072e-05,2.31658959819e-05,0,0,-9.05124252313e-05,-1.16010165215,41.5200233459,42.0000359416,0,0,0,3.22062342104e-06,149429.427748
40.3444444444,-0.00102548813447,0.579488277435,2.40511059761,6.82742102072e-05,2.31658959819e-05,0,0,-9.05124252313e-05,-1.16010165215,41.5200233459,42.0000359416,0,0,0,3.22014523619e-06,149429.427748
40.3555555556,-0.00102548813447,0.579488277435,2.40511059761,6.82742102072e-05,2.31658959819e-05,0,0,-9.05124252313e-05,-1.16010165215,41.5200233459,42.0000359416,0,0,0,3.22060258493e-06,149429.427748
40.3666666667,-0.00102548813447,0.579488277435,2.40511059761,6.82742102072e-05,2.31658959819e-05,0,0,-9.05124252313e-05,-1.16010165215,41.5200233459,42.0000359416,0,0,0,3.2201204348e-06,149429.427748
40.3777777778,-0.00102548813447,0.579488277435,2.40511059761,6.82742102072e-05,2.31658959819e-05,0,0,-9.05124252313e-05,-1.16010165215,41.5200233459,42.0000359416,0,0,0,3.21961726729e-06,149429.427748
40.3888888889,-0.00102548813447,0.579488277435,2.40511059761,6.82742102072e-05,2.31658959819e-05,0,0,-9.05124252313e-05,-1.16010165215,41.5200233459,42.0000359416,0,0,0,3.22012541719e-06,149429.427748
40.4,-0.00102548813447,0.579488277435,2.40511059761,6.82742102072e-05,2.31658959819e-05,0,0,-9.05124252313e-05,-1.16010165215,41.5200233459,42.0000359416,0,0,0,3.2203459842e-06,149429.427748
40.4111111111,-0.00102548813447,0.579488277435,2.40511059761,6.82742102072e-05,2.31658959819e-05,0,0,-9.05124252313e-05,-1.16010165215,41.5200233459,42.0000359416,0,0,0,3.21966671134e-06,149429.427748
40.4222222222,-0.00102548813447,0.579488277435,2.40511059761,6.82742102072e-05,2.31658959819e-05,0,0,-9.05124252313e-05,-1.16010165215,41.5200233459,42.0000359416,0,0,0,3.21959681036e-06,149429.427748
40.4333333333,-0.00102548813447,0.579488277435,2.40511059761,6.82742102072e-05,2.31658959819e-05,0,0,-9.05124252313e-05,-1.16010165215,41.5200233459,42.0000359416,0,0,0,3.22032183977e-06,149429.427748
40.4444444444,-0.00102548813447,0.579488277435,2.40511059761,6.82742102072e-05,2.31658959819e-05,0,0,-9.05124252313e-05,-1.16010165215,41.5200233459,42.0000359416,0,0,0,3.22061117881e-06,149429.427748
40.4555555556,-0.00102548813447,0.579488277435,2.40511059761,6.82742102072e-05,2.31658959819e-05,0,0,-9.05124252313e-05,-1.16010165215,41.5200233459,42.0000359416,0,0,0,3.21982206105e-06,149429.427748
40.4666666667,-0.00102548813447,0.579488277435,2.40511059761,6.82742102072e-05,2.31658959819e-05,0,0,-9.05124252313e-05,-1.16010165215,41.5200233459,42.0000359416,0,0,0,3.22000728597e-06,149429.427748
40.4777777778,-0.00102548813447,0.579488277435,2.40511059761,6.82742102072e-05,2.31658959819e-05,0,0,-9.05124252313e-05,-1.16010165215,41.5200233459,42.0000359416,0,0,0,3.22023975742e-06,149429.427748
40.4888888889,-0.00102548813447,0.579488277435,2.40511059761,6.82742102072e-05,2.31658959819e-05,0,0,-9.05124252313e-05,-1.16010165215,41.5200233459,42.0000359416,0,0,0,3.22055497889e-06,149429.427748
40.5,-0.00102548813447,0.579488277435,2.40511059761,6.82742102072e-05,2.31658959819e-05,0,0,-9.05124252313e-05,-1.16010165215,41.5200233459,42.0000359416,0,0,0,3.22024561794e-06,149429.427748
40.5111111111,-0.00102548813447,0.579488277435,2.40511059761,6.82742102072e-05,2.31658959819e-05,0,0,-9.05124252313e-05,-1.16010165215,41.5200233459,42.0000359416,0,0,0,3.22093957292e-06,149429.427748
40.5222222222,-0.00102548813447,0.579488277435,2.40511059761,6.82742102072e-05,2.31658959819e-05,0,0,-9.05124252313e-05,-1.16010165215,41.5200233459,42.0000359416,0,0,0,3.22017296054e-06,149429.427748
40.5333333333,-0.00102548813447,0.579488277435,2.40511059761,6.82742102072e-05,2.31658959819e-05,0,0,-9.05124252313e-05,-1.16010165215,41.5200233459,42.0000359416,0,0,0,3.2205388005e-06,149429.427748
40.5444444444,-0.00102548813447,0.579488277435,2.40511059761,6.82742102072e-05,2.31658959819e-05,0,0,-9.05124252313e-05,-1.16010165215,41.5200233459,42.0000359416,0,0,0,3.22068508348e-06,149429.427748
40.5555555556,-0.00102548813447,0.579488277435,2.40511059761,6.82742102072e-05,2.31658959819e-05,0,0,-9.05124252313e-05,-1.16010165215,41.5200233459,42.0000359416,0,0,0,3.21987965476e-06,149429.427748
40.5666666667,-0.00102548813447,0.579488277435,2.40511059761,6.82742102072e-05,2.31658959819e-05,0,0,-9.05124252313e-05,-1.16010165215,41.5200233459,42.0000359416,0,0,0,3.22076043042e-06,149429.427748
40.5777777778,-0.00102548813447,0.579488277435,2.40511059761,6.82742102072e-05,2.31658959819e-05,0,0,-9.05124252313e-05,-1.16010165215,41.5200233459,42.0000359416,0,0,0,3.22009007251e-06,149429.427748
40.5888888889,-0.00102548813447,0.579488277435,2.40511059761,6.82742102072e-05,2.31658959819e-05,0,0,-9.05124252313e-05,-1.16010165215,41.5200233459,42.0000359416,0,0,0,3.21990891642e-06,149429.427748
40.6,-0.00102548813447,0.579488277435,2.40511059761,6.82742102072e-05,2.31658959819e-05,0,0,-9.05124252313e-05,-1.16010165215,41.5200233459,42.0000359416,0,0,0,3.21962530679e-06,149429.427748
40.6111111111,-0.00102548813447,0.579488277435,2.40511059761,6.82742102072e-05,2.31658959819e-05,0,0,-9.05124252313e-05,-1.16010165215,41.5200233459,42.0000359416,0,0,0,3.22024192372e-06,149429.427748
40.6222222222,-0.00102548813447,0.579488277435,2.40511059761,6.82742102072e-05,2.31658959819e-05,0,0,-9.05124252313e-05,-1.16010165215,41.5200233459,42.0000359416,0,0,0,3.22063022042e-06,149429.427748
40.6333333333,-0.00102548813447,0.579488277435,2.40511059761,6.82742102072e-05,2.31658959819e-05,0,0,-9.05124252313e-05,-1.16010165215,41.5200233459,42.0000359416,0,0,0,3.21991603001e-06,149429.427748
40.6444444444,-0.00102548813447,0.579488277435,2.40511059761,6.82742102072e-05,2.31658959819e-05,0,0,-9.05124252313e-05,-1.16010165215,41.5200233459,42.0000359416,0,0,0,3.22068668606e-06,149429.427748
40.6555555556,-0.00102548813447,0.579488277435,2.40511059761,6.82742102072e-05,2.31658959819e-05,0,0,-9.05124252313e-05,-1.16010165215,41.5200233459,42.0000359416,0,0,0,3.22038726345e-06,149429.427748
40.6666666667,-0.00102548813447,0.579488277435,2.40511059761,6.82742102072e-05,2.31658959819e-05,0,0,-9.05124252313e-05,-1.16010165215,41.5200233459,42.0000359416,0,0,0,3.22029144723e-06,149429.427748
40.6777777778,-0.00102548813447,0.579488277435,2.40511059761,6.82742102072e-05,2.31658959819e-05,0,0,-9.05124252313e-05,-1.16010165215,41.5200233459,42.0000359416,0,0,0,3.22095035273e-06,149429.427748
40.6888888889,-0.00102548813447,0.579488277435,2.40511059761,6.82742102072e-05,2.31658959819e-05,0,0,-9.05124252313e-05,-1.16010165215,41.5200233459,42.0000359416,0,0,0,3.2211106546e-06,149429.427748
40.7,-0.00102548813447,0.579488277435,2.40511059761,6.82742102072e-05,2.31658959819e-05,0,0,-9.05124252313e-05,-1.16010165215,41.5200233459,42.0000359416,0,0,0,3.2197648348e-06,149429.427748
40.7111111111,-0.00102548813447,0.579488277435,2.40511059761,6.82742102072e-05,2.31658959819e-05,0,0,-9.05124252313e-05,-1.16010165215,41.5200233459,42.0000359416,0,0,0,3.22009617227e-06,149429.427748
40.7222222222,-0.00102548813447,0.579488277435,2.40511059761,6.82742102072e-05,2.31658959819e-05,0,0,-9.05124252313e-05,-1.16010165215,41.5200233459,42.0000359416,0,0,0,3.22078081545e-06,149429.427748
40.7333333333,-0.00102548813447,0.579488277435,2.40511059761,6.82742102072e-05,2.31658959819e-05,0,0,-9.05124252313e-05,-1.16010165215,41.5200233459,42.0000359416,0,0,0,3.22042810175e-06,149429.427748
40.7444444444,-0.00102548813447,0.579488277435,2.40511059761,6.82742102072e-05,2.31658959819e-05,0,0,-9.05124252313e-05,-1.16010165215,41.5200233459,42.0000359416,0,0,0,3.22047347995e-06,149429.427748
40.7555555556,-0.00102548813447,0.579488277435,2.40511059761,6.82742102072e-05,2.31658959819e-05,0,0,-9.05124252313e-05,-1.16010165215,41.5200233459,42.0000359416,0,0,0,3.21985391003e-06,149429.427748
40.7666666667,-0.00102548813447,0.579488277435,2.40511059761,6.82742102072e-05,2.31658959819e-05,0,0,-9.05124252313e-05,-1.16010165215,41.5200233459,42.0000359416,0,0,0,3.21979706168e-06,149429.427748
40.7777777778,-0.00102548813447,0.579488277435,2.40511059761,6.82742102072e-05,2.31658959819e-05,0,0,-9.05124252313e-05,-1.16010165215,41.5200233459,42.0000359416,0,0,0,3.22070854179e-06,149429.427748
40.7888888889,-0.00102548813447,0.579488277435,2.40511059761,6.82742102072e-05,2.31658959819e-05,0,0,-9.05124252313e-05,-1.16010165215,41.5200233459,42.0000359416,0,0,0,3.2203526483e-06,149429.427748
40.8,-0.00102548813447,0.579488277435,2.40511059761,6.82742102072e-05,2.31658959819e-05,0,0,-9.05124252313e-05,-1.16010165215,41.5200233459,42.0000359416,0,0,0,3.22072378987e-06,149429.427748
40.8111111111,-0.00102548813447,0.579488277435,2.40511059761,6.82742102072e-05,2.31658959819e-05,0,0,-9.05124252313e-05,-1.16010165215,41.5200233459,42.0000359416,0,0,0,3.21976170619e-06,149429.427748
40.8222222222,-0.00102548813447,0.579488277435,2.40511059761,6.82742102072e-05,2.31658959819e-05,0,0,-9.05124252313e-05,-1.16010165215,41.5200233459,42.0000359416,0,0,0,3.22039286213e-06,149429.427748
40.8333333333,-0.00102548813447,0.579488277435,2.40511059761,6.82742102072e-05,2.31658959819e-05,0,0,-9.05124252313e-05,-1.16010165215,41.5200233459,42.0000359416,0,0,0,3.22060718395e-06,149429.427748
40.8444444444,-0.00102548813447,0.579488277435,2.40511059761,6.82742102072e-05,2.31658959819e-05,0,0,-9.05124252313e-05,-1.16010165215,41.5200233459,42.0000359416,0,0,0,3.21990470436e-06,149429.427748
40.8555555556,-0.00102548813447,0.579488277435,2.40511059761,6.82742102072e-05,2.31658959819e-05,0,0,-9.05124252313e-05,-1.16010165215,41.5200233459,42.0000359416,0,0,0,3.22016815314e-06,149429.427748
40.8666666667,-0.00102548813447,0.579488277435,2.40511059761,6.82742102072e-05,2.31658959819e-05,0,0,-9.05124252313e-05,-1.16010165215,41.5200233459,42.0000359416,0,0,0,3.22014249757e-06,149429.427748
40.8777777778,-0.00102548813447,0.579488277435,2.40511059761,6.82742102072e-05,2.31658959819e-05,0,0,-9.05124252313e-05,-1.16010165215,41.5200233459,42.0000359416,0,0,0,3.2198182852e-06,149429.427748
40.8888888889,-0.00102548813447,0.579488277435,2.40511059761,6.82742102072e-05,2.31658959819e-05,0,0,-9.05124252313e-05,-1.16010165215,41.5200233459,42.0000359416,0,0,0,3.21985591012e-06,149429.427748
40.9,-0.00102548813447,0.579488277435,2.40511059761,6.82742102072e-05,2.31658959819e-05,0,0,-9.05124252313e-05,-1.16010165215,41.5200233459,42.0000359416,0,0,0,3.2197114913e-06,149429.427748
40.9111111111,-0.00102548813447,0.579488277435,2.40511059761,6.82742102072e-05,2.31658959819e-05,0,0,-9.05124252313e-05,-1.16010165215,41.5200233459,42.0000359416,0,0,0,3.2198180297e-06,149429.427748
40.9222222222,-0.00102548813447,0.579488277435,2.40511059761,6.82742102072e-05,2.31658959819e-05,0,0,-9.05124252313e-05,-1.16010165215,41.5200233459,42.0000359416,0,0,0,3.22014932731e-06,149429.427748
40.9333333333,-0.00102548813447,0.579488277435,2.40511059761,6.82742102072e-05,2.31658959819e-05,0,0,-9.05124252313e-05,-1.16010165215,41.5200233459,42.0000359416,0,0,0,3.22006687493e-06,149429.427748
40.9444444444,-0.00102548813447,0.579488277435,2.40511059761,6.82742102072e-05,2.31658959819e-05,0,0,-9.05124252313e-05,-1.16010165215,41.5200233459,42.0000359416,0,0,0,3.21983465987e-06,149429.427748
40.9555555556,-0.00102548813447,0.579488277435,2.40511059761,6.82742102072e-05,2.31658959819e-05,0,0,-9.05124252313e-05,-1.16010165215,41.5200233459,42.0000359416,0,0,0,3.22034484108e-06,149429.427748
40.9666666667,-0.00102548813447,0.579488277435,2.40511059761,6.82742102072e-05,2.31658959819e-05,0,0,-9.05124252313e-05,-1.16010165215,41.5200233459,42.0000359416,0,0,0,3.22034455575e-06,149429.427748
40.9777777778,-0.00102548813447,0.579488277435,2.40511059761,6.82742102072e-05,2.31658959819e-05,0,0,-9.05124252313e-05,-1.16010165215,41.5200233459,42.0000359416,0,0,0,3.21969287795e-06,149429.427748
40.9888888889,-0.00102548813447,0.579488277435,2.40511059761,6.82742102072e-05,2.31658959819e-05,0,0,-9.05124252313e-05,-1.16010165215,41.5200233459,42.0000359416,0,0,0,3.22009930204e-06,149429.427748
41,-0.00102548813447,0.579488277435,2.40511059761,6.82742102072e-05,2.31658959819e-05,0,0,-9.05124252313e-05,-1.16010165215,41.5200233459,42.0000359416,0,0,0,3.22045507772e-06,149429.427748
41.0111111111,-0.00102548813447,0.579488277435,2.40511059761,6.82742102072e-05,2.31658959819e-05,0,0,-9.05124252313e-05,-1.16010165215,41.5200233459,42.0000359416,0,0,0,3.21959889836e-06,149429.427748
41.0222222222,-0.00102548813447,0.579488277435,2.40511059761,6.82742102072e-05,2.31658959819e-05,0,0,-9.05124252313e-05,-1.16010165215,41.5200233459,42.0000359416,0,0,0,3.2196547579e-06,149429.427748
41.0333333333,-0.00102548813447,0.579488277435,2.40511059761,6.82742102072e-05,2.31658959819e-05,0,0,-9.05124252313e-05,-1.16010165215,41.5200233459,42.0000359416,0,0,0,3.22075784173e-06,149429.427748
41.0444444444,-0.00102548813447,0.579488277435,2.40511059761,6.82742102072e-05,2.31658959819e-05,0,0,-9.05124252313e-05,-1.16010165215,41.5200233459,42.0000359416,0,0,0,3.2206523909e-06,149429.427748
41.0555555556,-0.00102548813447,0.579488277435,2.40511059761,6.82742102072e-05,2.31658959819e-05,0,0,-9.05124252313e-05,-1.16010165215,41.5200233459,42.0000359416,0,0,0,3.22041298982e-06,149429.427748
41.0666666667,-0.00102548813447,0.579488277435,2.40511059761,6.82742102072e-05,2.31658959819e-05,0,0,-9.05124252313e-05,-1.16010165215,41.5200233459,42.0000359416,0,0,0,3.22063926029e-06,149429.427748
41.0777777778,-0.00102548813447,0.579488277435,2.40511059761,6.82742102072e-05,2.31658959819e-05,0,0,-9.05124252313e-05,-1.16010165215,41.5200233459,42.0000359416,0,0,0,3.22043715278e-06,149429.427748
41.0888888889,-0.00102548813447,0.579488277435,2.40511059761,6.82742102072e-05,2.31658959819e-05,0,0,-9.05124252313e-05,-1.16010165215,41.5200233459,42.0000359416,0,0,0,3.22080015197e-06,149429.427748
41.1,-0.00102548813447,0.579488277435,2.40511059761,6.82742102072e-05,2.31658959819e-05,0,0,-9.05124252313e-05,-1.16010165215,41.5200233459,42.0000359416,0,0,0,3.22103510091e-06,149429.427748
41.1111111111,-0.00102548813447,0.579488277435,2.40511059761,6.82742102072e-05,2.31658959819e-05,0,0,-9.05124252313e-05,-1.16010165215,41.5200233459,42.0000359416,0,0,0,3.22005711532e-06,149429.427748
41.1222222222,-0.00102548813447,0.579488277435,2.40511059761,6.82742102072e-05,2.31658959819e-05,0,0,-9.05124252313e-05,-1.16010165215,41.5200233459,42.0000359416,0,0,0,3.22024027722e-06,149429.427748
41.1333333333,-0.00102548813447,0.579488277435,2.40511059761,6.82742102072e-05,2.31658959819e-05,0,0,-9.05124252313e-05,-1.16010165215,41.5200233459,42.0000359416,0,0,0,3.22034831653e-06,149429.427748
41.1444444444,-0.00102548813447,0.579488277435,2.40511059761,6.82742102072e-05,2.31658959819e-05,0,0,-9.05124252313e-05,-1.16010165215,41.5200233459,42.0000359416,0,0,0,3.22092020116e-06,149429.427748
41.1555555556,-0.00102548813447,0.579488277435,2.40511059761,6.82742102072e-05,2.31658959819e-05,0,0,-9.05124252313e-05,-1.16010165215,41.5200233459,42.0000359416,0,0,0,3.22055656445e-06,149429.427748
41.1666666667,-0.00102548813447,0.579488277435,2.40511059761,6.82742102072e-05,2.31658959819e-05,0,0,-9.05124252313e-05,-1.16010165215,41.5200233459,42.0000359416,0,0,0,3.22031650522e-06,149429.427748
41.1777777778,-0.00102548813447,0.579488277435,2.40511059761,6.82742102072e-05,2.31658959819e-05,0,0,-9.05124252313e-05,-1.16010165215,41.5200233459,42.0000359416,0,0,0,3.22046452467e-06,149429.427748
41.1888888889,-0.00102548813447,0.579488277435,2.40511059761,6.82742102072e-05,2.31658959819e-05,0,0,-9.05124252313e-05,-1.16010165215,41.5200233459,42.0000359416,0,0,0,3.22050393229e-06,149429.427748
41.2,-0.00102548813447,0.579488277435,2.40511059761,6.82742102072e-05,2.31658959819e-05,0,0,-9.05124252313e-05,-1.16010165215,41.5200233459,42.0000359416,0,0,0,3.22013311011e-06,149429.427748
41.2111111111,-0.00102548813447,0.579488277435,2.40511059761,6.82742102072e-05,2.31658959819e-05,0,0,-9.05124252313e-05,-1.16010165215,41.5200233459,42.0000359416,0,0,0,3.21977714306e-06,149429.427748
41.2222222222,-0.00102548813447,0.579488277435,2.40511059761,6.82742102072e-05,2.31658959819e-05,0,0,-9.05124252313e-05,-1.16010165215,41.5200233459,42.0000359416,0,0,0,3.21991919946e-06,149429.427748
41.2333333333,-0.00102548813447,0.579488277435,2.40511059761,6.82742102072e-05,2.31658959819e-05,0,0,-9.05124252313e-05,-1.16010165215,41.5200233459,42.0000359416,0,0,0,3.22050343859e-06,149429.427748
41.2444444444,-0.00102548813447,0.579488277435,2.40511059761,6.82742102072e-05,2.31658959819e-05,0,0,-9.05124252313e-05,-1.16010165215,41.5200233459,42.0000359416,0,0,0,3.21995558308e-06,149429.427748
41.2555555556,-0.00102548813447,0.579488277435,2.40511059761,6.82742102072e-05,2.31658959819e-05,0,0,-9.05124252313e-05,-1.16010165215,41.5200233459,42.0000359416,0,0,0,3.22021259487e-06,149429.427748
41.2666666667,-0.00102548813447,0.579488277435,2.40511059761,6.82742102072e-05,2.31658959819e-05,0,0,-9.05124252313e-05,-1.16010165215,41.5200233459,42.0000359416,0,0,0,3.22045784155e-06,149429.427748
41.2777777778,-0.00102548813447,0.579488277435,2.40511059761,6.82742102072e-05,2.31658959819e-05,0,0,-9.05124252313e-05,-1.16010165215,41.5200233459,42.0000359416,0,0,0,3.22000690276e-06,149429.427748
41.2888888889,-0.00102548813447,0.579488277435,2.40511059761,6.82742102072e-05,2.31658959819e-05,0,0,-9.05124252313e-05,-1.16010165215,41.5200233459,42.0000359416,0,0,0,3.22092774143e-06,149429.427748
41.3,-0.00102548813447,0.579488277435,2.40511059761,6.82742102072e-05,2.31658959819e-05,0,0,-9.05124252313e-05,-1.16010165215,41.5200233459,42.0000359416,0,0,0,3.22070158891e-06,149429.427748
41.3111111111,-0.00102548813447,0.579488277435,2.40511059761,6.82742102072e-05,2.31658959819e-05,0,0,-9.05124252313e-05,-1.16010165215,41.5200233459,42.0000359416,0,0,0,3.22123479741e-06,149429.427748
41.3222222222,-0.00102548813447,0.579488277435,2.40511059761,6.82742102072e-05,2.31658959819e-05,0,0,-9.05124252313e-05,-1.16010165215,41.5200233459,42.0000359416,0,0,0,3.22109010633e-06,149429.427748
41.3333333333,-0.00102548813447,0.579488277435,2.40511059761,6.82742102072e-05,2.31658959819e-05,0,0,-9.05124252313e-05,-1.16010165215,41.5200233459,42.0000359416,0,0,0,3.22050053743e-06,149429.427748
41.3444444444,-0.00102548813447,0.579488277435,2.40511059761,6.82742102072e-05,2.31658959819e-05,0,0,-9.05124252313e-05,-1.16010165215,41.5200233459,42.0000359416,0,0,0,3.21969690506e-06,149429.427748
41.3555555556,-0.00102548813447,0.579488277435,2.40511059761,6.82742102072e-05,2.31658959819e-05,0,0,-9.05124252313e-05,-1.16010165215,41.5200233459,42.0000359416,0,0,0,3.22053714777e-06,149429.427748
41.3666666667,-0.00102548813447,0.579488277435,2.40511059761,6.82742102072e-05,2.31658959819e-05,0,0,-9.05124252313e-05,-1.16010165215,41.5200233459,42.0000359416,0,0,0,3.22018779077e-06,149429.427748
41.3777777778,-0.00102548813447,0.579488277435,2.40511059761,6.82742102072e-05,2.31658959819e-05,0,0,-9.05124252313e-05,-1.16010165215,41.5200233459,42.0000359416,0,0,0,3.22094766008e-06,149429.427748
41.3888888889,-0.00102548813447,0.579488277435,2.40511059761,6.82742102072e-05,2.31658959819e-05,0,0,-9.05124252313e-05,-1.16010165215,41.5200233459,42.0000359416,0,0,0,3.21964201724e-06,149429.427748
41.4,-0.00102548813447,0.579488277435,2.40511059761,6.82742102072e-05,2.31658959819e-05,0,0,-9.05124252313e-05,-1.16010165215,41.5200233459,42.0000359416,0,0,0,3.22092236473e-06,149429.427748
41.4111111111,-0.00102548813447,0.579488277435,2.40511059761,6.82742102072e-05,2.31658959819e-05,0,0,-9.05124252313e-05,-1.16010165215,41.5200233459,42.0000359416,0,0,0,3.2209616568e-06,149429.427748
41.4222222222,-0.00102548813447,0.579488277435,2.40511059761,6.82742102072e-05,2.31658959819e-05,0,0,-9.05124252313e-05,-1.16010165215,41.5200233459,42.0000359416,0,0,0,3.22171328008e-06,149429.427748
41.4333333333,-0.00102548813447,0.579488277435,2.40511059761,6.82742102072e-05,2.31658959819e-05,0,0,-9.05124252313e-05,-1.16010165215,41.5200233459,42.0000359416,0,0,0,3.22029920039e-06,149429.427748
41.4444444444,-0.00102548813447,0.579488277435,2.40511059761,6.82742102072e-05,2.31658959819e-05,0,0,-9.05124252313e-05,-1.16010165215,41.5200233459,42.0000359416,0,0,0,3.22073320257e-06,149429.427748
41.4555555556,-0.00102548813447,0.579488277435,2.40511059761,6.82742102072e-05,2.31658959819e-05,0,0,-9.05124252313e-05,-1.16010165215,41.5200233459,42.0000359416,0,0,0,3.22012631028e-06,149429.427748
41.4666666667,-0.00102548813447,0.579488277435,2.40511059761,6.82742102072e-05,2.31658959819e-05,0,0,-9.05124252313e-05,-1.16010165215,41.5200233459,42.0000359416,0,0,0,3.2207934101e-06,149429.427748
41.4777777778,-0.00102548813447,0.579488277435,2.40511059761,6.82742102072e-05,2.31658959819e-05,0,0,-9.05124252313e-05,-1.16010165215,41.5200233459,42.0000359416,0,0,0,3.22049278823e-06,149429.427748
41.4888888889,-0.00102548813447,0.579488277435,2.40511059761,6.82742102072e-05,2.31658959819e-05,0,0,-9.05124252313e-05,-1.16010165215,41.5200233459,42.0000359416,0,0,0,3.2196221162e-06,149429.427748
41.5,-0.00102548813447,0.579488277435,2.40511059761,6.82742102072e-05,2.31658959819e-05,0,0,-9.05124252313e-05,-1.16010165215,41.5200233459,42.0000359416,0,0,0,3.21976170372e-06,149429.427748
41.5111111111,-0.00102548813447,0.579488277435,2.40511059761,6.82742102072e-05,2.31658959819e-05,0,0,-9.05124252313e-05,-1.16010165215,41.5200233459,42.0000359416,0,0,0,3.22004205627e-06,149429.427748
41.5222222222,-0.00102548813447,0.579488277435,2.40511059761,6.82742102072e-05,2.31658959819e-05,0,0,-9.05124252313e-05,-1.16010165215,41.5200233459,42.0000359416,0,0,0,3.22094079339e-06,149429.427748
41.5333333333,-0.00102548813447,0.579488277435,2.40511059761,6.82742102072e-05,2.31658959819e-05,0,0,-9.05124252313e-05,-1.16010165215,41.5200233459,42.0000359416,0,0,0,3.22025277842e-06,149429.427748
41.5444444444,-0.00102548813447,0.579488277435,2.40511059761,6.82742102072e-05,2.31658959819e-05,0,0,-9.05124252313e-05,-1.16010165215,41.5200233459,42.0000359416,0,0,0,3.22021823043e-06,149429.427748
41.5555555556,-0.00102548813447,0.579488277435,2.40511059761,6.82742102072e-05,2.31658959819e-05,0,0,-9.05124252313e-05,-1.16010165215,41.5200233459,42.0000359416,0,0,0,3.22048146467e-06,149429.427748
41.5666666667,-0.00102548813447,0.579488277435,2.40511059761,6.82742102072e-05,2.31658959819e-05,0,0,-9.05124252313e-05,-1.16010165215,41.5200233459,42.0000359416,0,0,0,3.22024259415e-06,149429.427748
41.5777777778,-0.00102548813447,0.579488277435,2.40511059761,6.82742102072e-05,2.31658959819e-05,0,0,-9.05124252313e-05,-1.16010165215,41.5200233459,42.0000359416,0,0,0,3.21990453028e-06,149429.427748
41.5888888889,-0.00102548813447,0.579488277435,2.40511059761,6.82742102072e-05,2.31658959819e-05,0,0,-9.05124252313e-05,-1.16010165215,41.5200233459,42.0000359416,0,0,0,3.219919871e-06,149429.427748
41.6,-0.00102548813447,0.579488277435,2.40511059761,6.82742102072e-05,2.31658959819e-05,0,0,-9.05124252313e-05,-1.16010165215,41.5200233459,42.0000359416,0,0,0,3.21961444548e-06,149429.427748
41.6111111111,-0.00102548813447,0.579488277435,2.40511059761,6.82742102072e-05,2.31658959819e-05,0,0,-9.05124252313e-05,-1.16010165215,41.5200233459,42.0000359416,0,0,0,3.22013355267e-06,149429.427748
41.6222222222,-0.00102548813447,0.579488277435,2.40511059761,6.82742102072e-05,2.31658959819e-05,0,0,-9.05124252313e-05,-1.16010165215,41.5200233459,42.0000359416,0,0,0,3.22002435144e-06,149429.427748
41.6333333333,-0.00102548813447,0.579488277435,2.40511059761,6.82742102072e-05,2.31658959819e-05,0,0,-9.05124252313e-05,-1.16010165215,41.5200233459,42.0000359416,0,0,0,3.22056700832e-06,149429.427748
41.6444444444,-0.00102548813447,0.579488277435,2.40511059761,6.82742102072e-05,2.31658959819e-05,0,0,-9.05124252313e-05,-1.16010165215,41.5200233459,42.0000359416,0,0,0,3.22134528685e-06,149429.427748
41.6555555556,-0.00102548813447,0.579488277435,2.40511059761,6.82742102072e-05,2.31658959819e-05,0,0,-9.05124252313e-05,-1.16010165215,41.5200233459,42.0000359416,0,0,0,3.22013187728e-06,149429.427748
41.6666666667,-0.00102548813447,0.579488277435,2.40511059761,6.82742102072e-05,2.31658959819e-05,0,0,-9.05124252313e-05,-1.16010165215,41.5200233459,42.0000359416,0,0,0,3.22018545873e-06,149429.427748
41.6777777778,-0.00102548813447,0.579488277435,2.40511059761,6.82742102072e-05,2.31658959819e-05,0,0,-9.05124252313e-05,-1.16010165215,41.5200233459,42.0000359416,0,0,0,3.2200841498e-06,149429.427748
41.6888888889,-0.00102548813447,0.579488277435,2.40511059761,6.82742102072e-05,2.31658959819e-05,0,0,-9.05124252313e-05,-1.16010165215,41.5200233459,42.0000359416,0,0,0,3.22035922281e-06,149429.427748
41.7,-0.00102548813447,0.579488277435,2.40511059761,6.82742102072e-05,2.31658959819e-05,0,0,-9.05124252313e-05,-1.16010165215,41.5200233459,42.0000359416,0,0,0,3.22056833872e-06,149429.427748
41.7111111111,-0.00102548813447,0.579488277435,2.40511059761,6.82742102072e-05,2.31658959819e-05,0,0,-9.05124252313e-05,-1.16010165215,41.5200233459,42.0000359416,0,0,0,3.22121582378e-06,149429.427748
41.7222222222,-0.00102548813447,0.579488277435,2.40511059761,6.82742102072e-05,2.31658959819e-05,0,0,-9.05124252313e-05,-1.16010165215,41.5200233459,42.0000359416,0,0,0,3.22044611793e-06,149429.427748
41.7333333333,-0.00102548813447,0.579488277435,2.40511059761,6.82742102072e-05,2.31658959819e-05,0,0,-9.05124252313e-05,-1.16010165215,41.5200233459,42.0000359416,0,0,0,3.21957363281e-06,149429.427748
41.7444444444,-0.00102548813447,0.579488277435,2.40511059761,6.82742102072e-05,2.31658959819e-05,0,0,-9.05124252313e-05,-1.16010165215,41.5200233459,42.0000359416,0,0,0,3.22004769639e-06,149429.427748
41.7555555556,-0.00102548813447,0.579488277435,2.40511059761,6.82742102072e-05,2.31658959819e-05,0,0,-9.05124252313e-05,-1.16010165215,41.5200233459,42.0000359416,0,0,0,3.22087988657e-06,149429.427748
41.7666666667,-0.00102548813447,0.579488277435,2.40511059761,6.82742102072e-05,2.31658959819e-05,0,0,-9.05124252313e-05,-1.16010165215,41.5200233459,42.0000359416,0,0,0,3.22022041277e-06,149429.427748
41.7777777778,-0.00102548813447,0.579488277435,2.40511059761,6.82742102072e-05,2.31658959819e-05,0,0,-9.05124252313e-05,-1.16010165215,41.5200233459,42.0000359416,0,0,0,3.21992051645e-06,149429.427748
41.7888888889,-0.00102548813447,0.579488277435,2.40511059761,6.82742102072e-05,2.31658959819e-05,0,0,-9.05124252313e-05,-1.16010165215,41.5200233459,42.0000359416,0,0,0,3.2203996112e-06,149429.427748
41.8,-0.00102548813447,0.579488277435,2.40511059761,6.82742102072e-05,2.31658959819e-05,0,0,-9.05124252313e-05,-1.16010165215,41.5200233459,42.0000359416,0,0,0,3.2201600278e-06,149429.427748
41.8111111111,-0.00102548813447,0.579488277435,2.40511059761,6.82742102072e-05,2.31658959819e-05,0,0,-9.05124252313e-05,-1.16010165215,41.5200233459,42.0000359416,0,0,0,3.22090074045e-06,149429.427748
41.8222222222,-0.00102548813447,0.579488277435,2.40511059761,6.82742102072e-05,2.31658959819e-05,0,0,-9.05124252313e-05,-1.16010165215,41.5200233459,42.0000359416,0,0,0,3.21998909178e-06,149429.427748
41.8333333333,-0.00102548813447,0.579488277435,2.40511059761,6.82742102072e-05,2.31658959819e-05,0,0,-9.05124252313e-05,-1.16010165215,41.5200233459,42.0000359416,0,0,0,3.22077855214e-06,149429.427748
41.8444444444,-0.00102548813447,0.579488277435,2.40511059761,6.82742102072e-05,2.31658959819e-05,0,0,-9.05124252313e-05,-1.16010165215,41.5200233459,42.0000359416,0,0,0,3.22022675841e-06,149429.427748
41.8555555556,-0.00102548813447,0.579488277435,2.40511059761,6.82742102072e-05,2.31658959819e-05,0,0,-9.05124252313e-05,-1.16010165215,41.5200233459,42.0000359416,0,0,0,3.22095902786e-06,149429.427748
41.8666666667,-0.00102548813447,0.579488277435,2.40511059761,6.82742102072e-05,2.31658959819e-05,0,0,-9.05124252313e-05,-1.16010165215,41.5200233459,42.0000359416,0,0,0,3.22013412339e-06,149429.427748
41.8777777778,-0.00102548813447,0.579488277435,2.40511059761,6.82742102072e-05,2.31658959819e-05,0,0,-9.05124252313e-05,-1.16010165215,41.5200233459,42.0000359416,0,0,0,3.21970019335e-06,149429.427748
41.8888888889,-0.00102548813447,0.579488277435,2.40511059761,6.82742102072e-05,2.31658959819e-05,0,0,-9.05124252313e-05,-1.16010165215,41.5200233459,42.0000359416,0,0,0,3.2195610925e-06,149429.427748
41.9,-0.00102548813447,0.579488277435,2.40511059761,6.82742102072e-05,2.31658959819e-05,0,0,-9.05124252313e-05,-1.16010165215,41.5200233459,42.0000359416,0,0,0,3.21993041553e-06,149429.427748
41.9111111111,-0.00102548813447,0.579488277435,2.40511059761,6.82742102072e-05,2.31658959819e-05,0,0,-9.05124252313e-05,-1.16010165215,41.5200233459,42.0000359416,0,0,0,3.21988303637e-06,149429.427748
41.9222222222,-0.00102548813447,0.579488277435,2.40511059761,6.82742102072e-05,2.31658959819e-05,0,0,-9.05124252313e-05,-1.16010165215,41.5200233459,42.0000359416,0,0,0,3.22001635636e-06,149429.427748
41.9333333333,-0.00102548813447,0.579488277435,2.40511059761,6.82742102072e-05,2.31658959819e-05,0,0,-9.05124252313e-05,-1.16010165215,41.5200233459,42.0000359416,0,0,0,3.22007420429e-06,149429.427748
41.9444444444,-0.00102548813447,0.579488277435,2.40511059761,6.82742102072e-05,2.31658959819e-05,0,0,-9.05124252313e-05,-1.16010165215,41.5200233459,42.0000359416,0,0,0,3.22007835203e-06,149429.427748
41.9555555556,-0.00102548813447,0.579488277435,2.40511059761,6.82742102072e-05,2.31658959819e-05,0,0,-9.05124252313e-05,-1.16010165215,41.5200233459,42.0000359416,0,0,0,3.21961881307e-06,149429.427748
41.9666666667,-0.00102548813447,0.579488277435,2.40511059761,6.82742102072e-05,2.31658959819e-05,0,0,-9.05124252313e-05,-1.16010165215,41.5200233459,42.0000359416,0,0,0,3.22022912474e-06,149429.427748
41.9777777778,-0.00102548813447,0.579488277435,2.40511059761,6.82742102072e-05,2.31658959819e-05,0,0,-9.05124252313e-05,-1.16010165215,41.5200233459,42.0000359416,0,0,0,3.22085354004e-06,149429.427748
41.9888888889,-0.00102548813447,0.579488277435,2.40511059761,6.82742102072e-05,2.31658959819e-05,0,0,-9.05124252313e-05,-1.16010165215,41.5200233459,42.0000359416,0,0,0,3.22155341354e-06,149429.427748
42,-0.00102548813447,0.579488277435,2.40511059761,6.82742102072e-05,2.31658959819e-05,0,0,-9.05124252313e-05,-1.16010165215,41.5200233459,42.0000359416,0,0,0,3.22108065906e-06,149429.427748
42.0111111111,-0.00102548813447,0.579488277435,2.40511059761,6.82742102072e-05,2.31658959819e-05,0,0,-9.05124252313e-05,-1.16010165215,41.5200233459,42.0000359416,0,0,0,3.2197299612e-06,149429.427748
42.0222222222,-0.00102548813447,0.579488277435,2.40511059761,6.82742102072e-05,2.31658959819e-05,0,0,-9.05124252313e-05,-1.16010165215,41.5200233459,42.0000359416,0,0,0,3.22091951046e-06,149429.427748
42.0333333333,-0.00102548813447,0.579488277435,2.40511059761,6.82742102072e-05,2.31658959819e-05,0,0,-9.05124252313e-05,-1.16010165215,41.5200233459,42.0000359416,0,0,0,3.22063074595e-06,149429.427748
42.0444444444,-0.00102548813447,0.579488277435,2.40511059761,6.82742102072e-05,2.31658959819e-05,0,0,-9.05124252313e-05,-1.16010165215,41.5200233459,42.0000359416,0,0,0,3.22002144768e-06,149429.427748
42.0555555556,-0.00102548813447,0.579488277435,2.40511059761,6.82742102072e-05,2.31658959819e-05,0,0,-9.05124252313e-05,-1.16010165215,41.5200233459,42.0000359416,0,0,0,3.22072956127e-06,149429.427748
42.0666666667,-0.00102548813447,0.579488277435,2.40511059761,6.82742102072e-05,2.31658959819e-05,0,0,-9.05124252313e-05,-1.16010165215,41.5200233459,42.0000359416,0,0,0,3.22096186021e-06,149429.427748
42.0777777778,-0.00102548813447,0.579488277435,2.40511059761,6.82742102072e-05,2.31658959819e-05,0,0,-9.05124252313e-05,-1.16010165215,41.5200233459,42.0000359416,0,0,0,3.22068136149e-06,149429.427748
42.0888888889,-0.00102548813447,0.579488277435,2.40511059761,6.82742102072e-05,2.31658959819e-05,0,0,-9.05124252313e-05,-1.16010165215,41.5200233459,42.0000359416,0,0,0,3.22045469318e-06,149429.427748
42.1,-0.00102548813447,0.579488277435,2.40511059761,6.82742102072e-05,2.31658959819e-05,0,0,-9.05124252313e-05,-1.16010165215,41.5200233459,42.0000359416,0,0,0,3.2197797524e-06,149429.427748
42.1111111111,-0.00102548813447,0.579488277435,2.40511059761,6.82742102072e-05,2.31658959819e-05,0,0,-9.05124252313e-05,-1.16010165215,41.5200233459,42.0000359416,0,0,0,3.21979514581e-06,149429.427748
42.1222222222,-0.00102548813447,0.579488277435,2.40511059761,6.82742102072e-05,2.31658959819e-05,0,0,-9.05124252313e-05,-1.16010165215,41.5200233459,42.0000359416,0,0,0,3.22031130933e-06,149429.427748
42.1333333333,-0.00102548813447,0.579488277435,2.40511059761,6.82742102072e-05,2.31658959819e-05,0,0,-9.05124252313e-05,-1.16010165215,41.5200233459,42.0000359416,0,0,0,3.22018715089e-06,149429.427748
42.1444444444,-0.00102548813447,0.579488277435,2.40511059761,6.82742102072e-05,2.31658959819e-05,0,0,-9.05124252313e-05,-1.16010165215,41.5200233459,42.0000359416,0,0,0,3.22004676229e-06,149429.427748
42.1555555556,-0.00102548813447,0.579488277435,2.40511059761,6.82742102072e-05,2.31658959819e-05,0,0,-9.05124252313e-05,-1.16010165215,41.5200233459,42.0000359416,0,0,0,3.21998266638e-06,149429.427748
42.1666666667,-0.00102548813447,0.579488277435,2.40511059761,6.82742102072e-05,2.31658959819e-05,0,0,-9.05124252313e-05,-1.16010165215,41.5200233459,42.0000359416,0,0,0,3.21989969731e-06,149429.427748
42.1777777778,-0.00102548813447,0.579488277435,2.40511059761,6.82742102072e-05,2.31658959819e-05,0,0,-9.05124252313e-05,-1.16010165215,41.5200233459,42.0000359416,0,0,0,3.22051496903e-06,149429.427748
42.1888888889,-0.00102548813447,0.579488277435,2.40511059761,6.82742102072e-05,2.31658959819e-05,0,0,-9.05124252313e-05,-1.16010165215,41.5200233459,42.0000359416,0,0,0,3.21988634622e-06,149429.427748
42.2,-0.00102548813447,0.579488277435,2.40511059761,6.82742102072e-05,2.31658959819e-05,0,0,-9.05124252313e-05,-1.16010165215,41.5200233459,42.0000359416,0,0,0,3.22015384028e-06,149429.427748
42.2111111111,-0.00102548813447,0.579488277435,2.40511059761,6.82742102072e-05,2.31658959819e-05,0,0,-9.05124252313e-05,-1.16010165215,41.5200233459,42.0000359416,0,0,0,3.22042083059e-06,149429.427748
42.2222222222,-0.00102548813447,0.579488277435,2.40511059761,6.82742102072e-05,2.31658959819e-05,0,0,-9.05124252313e-05,-1.16010165215,41.5200233459,42.0000359416,0,0,0,3.2201111875e-06,149429.427748
42.2333333333,-0.00102548813447,0.579488277435,2.40511059761,6.82742102072e-05,2.31658959819e-05,0,0,-9.05124252313e-05,-1.16010165215,41.5200233459,42.0000359416,0,0,0,3.21971790291e-06,149429.427748
42.2444444444,-0.00102548813447,0.579488277435,2.40511059761,6.82742102072e-05,2.31658959819e-05,0,0,-9.05124252313e-05,-1.16010165215,41.5200233459,42.0000359416,0,0,0,3.21959406621e-06,149429.427748
42.2555555556,-0.00102548813447,0.579488277435,2.40511059761,6.82742102072e-05,2.31658959819e-05,0,0,-9.05124252313e-05,-1.16010165215,41.5200233459,42.0000359416,0,0,0,3.21968880754e-06,149429.427748
42.2666666667,-0.00102548813447,0.579488277435,2.40511059761,6.82742102072e-05,2.31658959819e-05,0,0,-9.05124252313e-05,-1.16010165215,41.5200233459,42.0000359416,0,0,0,3.22080354899e-06,149429.427748
42.2777777778,-0.00102548813447,0.579488277435,2.40511059761,6.82742102072e-05,2.31658959819e-05,0,0,-9.05124252313e-05,-1.16010165215,41.5200233459,42.0000359416,0,0,0,3.22059471536e-06,149429.427748
42.2888888889,-0.00102548813447,0.579488277435,2.40511059761,6.82742102072e-05,2.31658959819e-05,0,0,-9.05124252313e-05,-1.16010165215,41.5200233459,42.0000359416,0,0,0,3.22015182112e-06,149429.427748
42.3,-0.00102548813447,0.579488277435,2.40511059761,6.82742102072e-05,2.31658959819e-05,0,0,-9.05124252313e-05,-1.16010165215,41.5200233459,42.0000359416,0,0,0,3.22011118557e-06,149429.427748
42.3111111111,-0.00102548813447,0.579488277435,2.40511059761,6.82742102072e-05,2.31658959819e-05,0,0,-9.05124252313e-05,-1.16010165215,41.5200233459,42.0000359416,0,0,0,3.2208327167e-06,149429.427748
42.3222222222,-0.00102548813447,0.579488277435,2.40511059761,6.82742102072e-05,2.31658959819e-05,0,0,-9.05124252313e-05,-1.16010165215,41.5200233459,42.0000359416,0,0,0,3.21960202938e-06,149429.427748
42.3333333333,-0.00102548813447,0.579488277435,2.40511059761,6.82742102072e-05,2.31658959819e-05,0,0,-9.05124252313e-05,-1.16010165215,41.5200233459,42.0000359416,0,0,0,3.2201183025e-06,149429.427748
42.3444444444,-0.00102548813447,0.579488277435,2.40511059761,6.82742102072e-05,2.31658959819e-05,0,0,-9.05124252313e-05,-1.16010165215,41.5200233459,42.0000359416,0,0,0,3.22060748755e-06,149429.427748
42.3555555556,-0.00102548813447,0.579488277435,2.40511059761,6.82742102072e-05,2.31658959819e-05,0,0,-9.05124252313e-05,-1.16010165215,41.5200233459,42.0000359416,0,0,0,3.22077164298e-06,149429.427748
42.3666666667,-0.00102548813447,0.579488277435,2.40511059761,6.82742102072e-05,2.31658959819e-05,0,0,-9.05124252313e-05,-1.16010165215,41.5200233459,42.0000359416,0,0,0,3.21973432447e-06,149429.427748
42.3777777778,-0.00102548813447,0.579488277435,2.40511059761,6.82742102072e-05,2.31658959819e-05,0,0,-9.05124252313e-05,-1.16010165215,41.5200233459,42.0000359416,0,0,0,3.21963701236e-06,149429.427748
42.3888888889,-0.00102548813447,0.579488277435,2.40511059761,6.82742102072e-05,2.31658959819e-05,0,0,-9.05124252313e-05,-1.16010165215,41.5200233459,42.0000359416,0,0,0,3.22017903531e-06,149429.427748
42.4,-0.00102548813447,0.579488277435,2.40511059761,6.82742102072e-05,2.31658959819e-05,0,0,-9.05124252313e-05,-1.16010165215,41.5200233459,42.0000359416,0,0,0,3.22095781558e-06,149429.427748
42.4111111111,-0.00102548813447,0.579488277435,2.40511059761,6.82742102072e-05,2.31658959819e-05,0,0,-9.05124252313e-05,-1.16010165215,41.5200233459,42.0000359416,0,0,0,3.22056282525e-06,149429.427748
42.4222222222,-0.00102548813447,0.579488277435,2.40511059761,6.82742102072e-05,2.31658959819e-05,0,0,-9.05124252313e-05,-1.16010165215,41.5200233459,42.0000359416,0,0,0,3.22009022121e-06,149429.427748
42.4333333333,-0.00102548813447,0.579488277435,2.40511059761,6.82742102072e-05,2.31658959819e-05,0,0,-9.05124252313e-05,-1.16010165215,41.5200233459,42.0000359416,0,0,0,3.22042082024e-06,149429.427748
42.4444444444,-0.00102548813447,0.579488277435,2.40511059761,6.82742102072e-05,2.31658959819e-05,0,0,-9.05124252313e-05,-1.16010165215,41.5200233459,42.0000359416,0,0,0,3.21976572518e-06,149429.427748
42.4555555556,-0.00102548813447,0.579488277435,2.40511059761,6.82742102072e-05,2.31658959819e-05,0,0,-9.05124252313e-05,-1.16010165215,41.5200233459,42.0000359416,0,0,0,3.22091761328e-06,149429.427748
42.4666666667,-0.00102548813447,0.579488277435,2.40511059761,6.82742102072e-05,2.31658959819e-05,0,0,-9.05124252313e-05,-1.16010165215,41.5200233459,42.0000359416,0,0,0,3.2200296551e-06,149429.427748
42.4777777778,-0.00102548813447,0.579488277435,2.40511059761,6.82742102072e-05,2.31658959819e-05,0,0,-9.05124252313e-05,-1.16010165215,41.5200233459,42.0000359416,0,0,0,3.22081264351e-06,149429.427748
42.4888888889,-0.00102548813447,0.579488277435,2.40511059761,6.82742102072e-05,2.31658959819e-05,0,0,-9.05124252313e-05,-1.16010165215,41.5200233459,42.0000359416,0,0,0,3.22040604145e-06,149429.427748
42.5,-0.00102548813447,0.579488277435,2.40511059761,6.82742102072e-05,2.31658959819e-05,0,0,-9.05124252313e-05,-1.16010165215,41.5200233459,42.0000359416,0,0,0,3.21994596711e-06,149429.427748
42.5111111111,-0.00102548813447,0.579488277435,2.40511059761,6.82742102072e-05,2.31658959819e-05,0,0,-9.05124252313e-05,-1.16010165215,41.5200233459,42.0000359416,0,0,0,3.22050961835e-06,149429.427748
42.5222222222,-0.00102548813447,0.579488277435,2.40511059761,6.82742102072e-05,2.31658959819e-05,0,0,-9.05124252313e-05,-1.16010165215,41.5200233459,42.0000359416,0,0,0,3.22012969579e-06,149429.427748
42.5333333333,-0.00102548813447,0.579488277435,2.40511059761,6.82742102072e-05,2.31658959819e-05,0,0,-9.05124252313e-05,-1.16010165215,41.5200233459,42.0000359416,0,0,0,3.22046868108e-06,149429.427748
42.5444444444,-0.00102548813447,0.579488277435,2.40511059761,6.82742102072e-05,2.31658959819e-05,0,0,-9.05124252313e-05,-1.16010165215,41.5200233459,42.0000359416,0,0,0,3.22055172635e-06,149429.427748
42.5555555556,-0.00102548813447,0.579488277435,2.40511059761,6.82742102072e-05,2.31658959819e-05,0,0,-9.05124252313e-05,-1.16010165215,41.5200233459,42.0000359416,0,0,0,3.22062992065e-06,149429.427748
42.5666666667,-0.00102548813447,0.579488277435,2.40511059761,6.82742102072e-05,2.31658959819e-05,0,0,-9.05124252313e-05,-1.16010165215,41.5200233459,42.0000359416,0,0,0,3.22122662425e-06,149429.427748
42.5777777778,-0.00102548813447,0.579488277435,2.40511059761,6.82742102072e-05,2.31658959819e-05,0,0,-9.05124252313e-05,-1.16010165215,41.5200233459,42.0000359416,0,0,0,3.22037538804e-06,149429.427748
42.5888888889,-0.00102548813447,0.579488277435,2.40511059761,6.82742102072e-05,2.31658959819e-05,0,0,-9.05124252313e-05,-1.16010165215,41.5200233459,42.0000359416,0,0,0,3.21997018585e-06,149429.427748
42.6,-0.00102548813447,0.579488277435,2.40511059761,6.82742102072e-05,2.31658959819e-05,0,0,-9.05124252313e-05,-1.16010165215,41.5200233459,42.0000359416,0,0,0,3.21967833257e-06,149429.427748
42.6111111111,-0.00102548813447,0.579488277435,2.40511059761,6.82742102072e-05,2.31658959819e-05,0,0,-9.05124252313e-05,-1.16010165215,41.5200233459,42.0000359416,0,0,0,3.21983067247e-06,149429.427748
42.6222222222,-0.00102548813447,0.579488277435,2.40511059761,6.82742102072e-05,2.31658959819e-05,0,0,-9.05124252313e-05,-1.16010165215,41.5200233459,42.0000359416,0,0,0,3.21966942935e-06,149429.427748
42.6333333333,-0.00102548813447,0.579488277435,2.40511059761,6.82742102072e-05,2.31658959819e-05,0,0,-9.05124252313e-05,-1.16010165215,41.5200233459,42.0000359416,0,0,0,3.22025717312e-06,149429.427748
42.6444444444,-0.00102548813447,0.579488277435,2.40511059761,6.82742102072e-05,2.31658959819e-05,0,0,-9.05124252313e-05,-1.16010165215,41.5200233459,42.0000359416,0,0,0,3.22079350095e-06,149429.427748
42.6555555556,-0.00102548813447,0.579488277435,2.40511059761,6.82742102072e-05,2.31658959819e-05,0,0,-9.05124252313e-05,-1.16010165215,41.5200233459,42.0000359416,0,0,0,3.22103179615e-06,149429.427748
42.6666666667,-0.00102548813447,0.579488277435,2.40511059761,6.82742102072e-05,2.31658959819e-05,0,0,-9.05124252313e-05,-1.16010165215,41.5200233459,42.0000359416,0,0,0,3.22024309952e-06,149429.427748
42.6777777778,-0.00102548813447,0.579488277435,2.40511059761,6.82742102072e-05,2.31658959819e-05,0,0,-9.05124252313e-05,-1.16010165215,41.5200233459,42.0000359416,0,0,0,3.2206281265e-06,149429.427748
42.6888888889,-0.00102548813447,0.579488277435,2.40511059761,6.82742102072e-05,2.31658959819e-05,0,0,-9.05124252313e-05,-1.16010165215,41.5200233459,42.0000359416,0,0,0,3.21970281246e-06,149429.427748
42.7,-0.00102548813447,0.579488277435,2.40511059761,6.82742102072e-05,2.31658959819e-05,0,0,-9.05124252313e-05,-1.16010165215,41.5200233459,42.0000359416,0,0,0,3.22066076368e-06,149429.427748
42.7111111111,-0.00102548813447,0.579488277435,2.40511059761,6.82742102072e-05,2.31658959819e-05,0,0,-9.05124252313e-05,-1.16010165215,41.5200233459,42.0000359416,0,0,0,3.22011716412e-06,149429.427748
42.7222222222,-0.00102548813447,0.579488277435,2.40511059761,6.82742102072e-05,2.31658959819e-05,0,0,-9.05124252313e-05,-1.16010165215,41.5200233459,42.0000359416,0,0,0,3.22123242117e-06,149429.427748
42.7333333333,-0.00102548813447,0.579488277435,2.40511059761,6.82742102072e-05,2.31658959819e-05,0,0,-9.05124252313e-05,-1.16010165215,41.5200233459,42.0000359416,0,0,0,3.22033102854e-06,149429.427748
42.7444444444,-0.00102548813447,0.579488277435,2.40511059761,6.82742102072e-05,2.31658959819e-05,0,0,-9.05124252313e-05,-1.16010165215,41.5200233459,42.0000359416,0,0,0,3.2200937193e-06,149429.427748
42.7555555556,-0.00102548813447,0.579488277435,2.40511059761,6.82742102072e-05,2.31658959819e-05,0,0,-9.05124252313e-05,-1.16010165215,41.5200233459,42.0000359416,0,0,0,3.22067837446e-06,149429.427748
42.7666666667,-0.00102548813447,0.579488277435,2.40511059761,6.82742102072e-05,2.31658959819e-05,0,0,-9.05124252313e-05,-1.16010165215,41.5200233459,42.0000359416,0,0,0,3.22076440059e-06,149429.427748
42.7777777778,-0.00102548813447,0.579488277435,2.40511059761,6.82742102072e-05,2.31658959819e-05,0,0,-9.05124252313e-05,-1.16010165215,41.5200233459,42.0000359416,0,0,0,3.22074468353e-06,149429.427748
42.7888888889,-0.00102548813447,0.579488277435,2.40511059761,6.82742102072e-05,2.31658959819e-05,0,0,-9.05124252313e-05,-1.16010165215,41.5200233459,42.0000359416,0,0,0,3.22093882678e-06,149429.427748
42.8,-0.00102548813447,0.579488277435,2.40511059761,6.82742102072e-05,2.31658959819e-05,0,0,-9.05124252313e-05,-1.16010165215,41.5200233459,42.0000359416,0,0,0,3.22028824441e-06,149429.427748
42.8111111111,-0.00102548813447,0.579488277435,2.40511059761,6.82742102072e-05,2.31658959819e-05,0,0,-9.05124252313e-05,-1.16010165215,41.5200233459,42.0000359416,0,0,0,3.21991653276e-06,149429.427748
42.8222222222,-0.00102548813447,0.579488277435,2.40511059761,6.82742102072e-05,2.31658959819e-05,0,0,-9.05124252313e-05,-1.16010165215,41.5200233459,42.0000359416,0,0,0,3.22084560455e-06,149429.427748
42.8333333333,-0.00102548813447,0.579488277435,2.40511059761,6.82742102072e-05,2.31658959819e-05,0,0,-9.05124252313e-05,-1.16010165215,41.5200233459,42.0000359416,0,0,0,3.22034676996e-06,149429.427748
42.8444444444,-0.00102548813447,0.579488277435,2.40511059761,6.82742102072e-05,2.31658959819e-05,0,0,-9.05124252313e-05,-1.16010165215,41.5200233459,42.0000359416,0,0,0,3.22018100058e-06,149429.427748
42.8555555556,-0.00102548813447,0.579488277435,2.40511059761,6.82742102072e-05,2.31658959819e-05,0,0,-9.05124252313e-05,-1.16010165215,41.5200233459,42.0000359416,0,0,0,3.22038685236e-06,149429.427748
42.8666666667,-0.00102548813447,0.579488277435,2.40511059761,6.82742102072e-05,2.31658959819e-05,0,0,-9.05124252313e-05,-1.16010165215,41.5200233459,42.0000359416,0,0,0,3.2202271174e-06,149429.427748
42.8777777778,-0.00102548813447,0.579488277435,2.40511059761,6.82742102072e-05,2.31658959819e-05,0,0,-9.05124252313e-05,-1.16010165215,41.5200233459,42.0000359416,0,0,0,3.21991588371e-06,149429.427748
42.8888888889,-0.00102548813447,0.579488277435,2.40511059761,6.82742102072e-05,2.31658959819e-05,0,0,-9.05124252313e-05,-1.16010165215,41.5200233459,42.0000359416,0,0,0,3.22120961924e-06,149429.427748
42.9,-0.00102548813447,0.579488277435,2.40511059761,6.82742102072e-05,2.31658959819e-05,0,0,-9.05124252313e-05,-1.16010165215,41.5200233459,42.0000359416,0,0,0,3.22040425841e-06,149429.427748
42.9111111111,-0.00102548813447,0.579488277435,2.40511059761,6.82742102072e-05,2.31658959819e-05,0,0,-9.05124252313e-05,-1.16010165215,41.5200233459,42.0000359416,0,0,0,3.22046057388e-06,149429.427748
42.9222222222,-0.00102548813447,0.579488277435,2.40511059761,6.82742102072e-05,2.31658959819e-05,0,0,-9.05124252313e-05,-1.16010165215,41.5200233459,42.0000359416,0,0,0,3.22069622133e-06,149429.427748
42.9333333333,-0.00102548813447,0.579488277435,2.40511059761,6.82742102072e-05,2.31658959819e-05,0,0,-9.05124252313e-05,-1.16010165215,41.5200233459,42.0000359416,0,0,0,3.22037957825e-06,149429.427748
42.9444444444,-0.00102548813447,0.579488277435,2.40511059761,6.82742102072e-05,2.31658959819e-05,0,0,-9.05124252313e-05,-1.16010165215,41.5200233459,42.0000359416,0,0,0,3.22069514312e-06,149429.427748
42.9555555556,-0.00102548813447,0.579488277435,2.40511059761,6.82742102072e-05,2.31658959819e-05,0,0,-9.05124252313e-05,-1.16010165215,41.5200233459,42.0000359416,0,0,0,3.22026973129e-06,149429.427748
42.9666666667,-0.00102548813447,0.579488277435,2.40511059761,6.82742102072e-05,2.31658959819e-05,0,0,-9.05124252313e-05,-1.16010165215,41.5200233459,42.0000359416,0,0,0,3.21975652329e-06,149429.427748
42.9777777778,-0.00102548813447,0.579488277435,2.40511059761,6.82742102072e-05,2.31658959819e-05,0,0,-9.05124252313e-05,-1.16010165215,41.5200233459,42.0000359416,0,0,0,3.22026257424e-06,149429.427748
42.9888888889,-0.00102548813447,0.579488277435,2.40511059761,6.82742102072e-05,2.31658959819e-05,0,0,-9.05124252313e-05,-1.16010165215,41.5200233459,42.0000359416,0,0,0,3.2202978736e-06,149429.427748
43,-0.00102548813447,0.579488277435,2.40511059761,6.82742102072e-05,2.31658959819e-05,0,0,-9.05124252313e-05,-1.16010165215,41.5200233459,42.0000359416,0,0,0,3.21978731517e-06,149429.427748
43.0111111111,-0.00102548813447,0.579488277435,2.40511059761,6.82742102072e-05,2.31658959819e-05,0,0,-9.05124252313e-05,-1.16010165215,41.5200233459,42.0000359416,0,0,0,3.22101268538e-06,149429.427748
43.0222222222,-0.00102548813447,0.579488277435,2.40511059761,6.82742102072e-05,2.31658959819e-05,0,0,-9.05124252313e-05,-1.16010165215,41.5200233459,42.0000359416,0,0,0,3.22140256161e-06,149429.427748
43.0333333333,-0.00102548813447,0.579488277435,2.40511059761,6.82742102072e-05,2.31658959819e-05,0,0,-9.05124252313e-05,-1.16010165215,41.5200233459,42.0000359416,0,0,0,3.22086292451e-06,149429.427748
43.0444444444,-0.00102548813447,0.579488277435,2.40511059761,6.82742102072e-05,2.31658959819e-05,0,0,-9.05124252313e-05,-1.16010165215,41.5200233459,42.0000359416,0,0,0,3.2208134135e-06,149429.427748
43.0555555556,-0.00102548813447,0.579488277435,2.40511059761,6.82742102072e-05,2.31658959819e-05,0,0,-9.05124252313e-05,-1.16010165215,41.5200233459,42.0000359416,0,0,0,3.22081032133e-06,149429.427748
43.0666666667,-0.00102548813447,0.579488277435,2.40511059761,6.82742102072e-05,2.31658959819e-05,0,0,-9.05124252313e-05,-1.16010165215,41.5200233459,42.0000359416,0,0,0,3.22063888878e-06,149429.427748
43.0777777778,-0.00102548813447,0.579488277435,2.40511059761,6.82742102072e-05,2.31658959819e-05,0,0,-9.05124252313e-05,-1.16010165215,41.5200233459,42.0000359416,0,0,0,3.22004506666e-06,149429.427748
43.0888888889,-0.00102548813447,0.579488277435,2.40511059761,6.82742102072e-05,2.31658959819e-05,0,0,-9.05124252313e-05,-1.16010165215,41.5200233459,42.0000359416,0,0,0,3.2202527636e-06,149429.427748
43.1,-0.00102548813447,0.579488277435,2.40511059761,6.82742102072e-05,2.31658959819e-05,0,0,-9.05124252313e-05,-1.16010165215,41.5200233459,42.0000359416,0,0,0,3.22036154751e-06,149429.427748
43.1111111111,-0.00102548813447,0.579488277435,2.40511059761,6.82742102072e-05,2.31658959819e-05,0,0,-9.05124252313e-05,-1.16010165215,41.5200233459,42.0000359416,0,0,0,3.22081135501e-06,149429.427748
43.1222222222,-0.00102548813447,0.579488277435,2.40511059761,6.82742102072e-05,2.31658959819e-05,0,0,-9.05124252313e-05,-1.16010165215,41.5200233459,42.0000359416,0,0,0,3.22021794259e-06,149429.427748
43.1333333333,-0.00102548813447,0.579488277435,2.40511059761,6.82742102072e-05,2.31658959819e-05,0,0,-9.05124252313e-05,-1.16010165215,41.5200233459,42.0000359416,0,0,0,3.22109753998e-06,149429.427748
43.1444444444,-0.00102548813447,0.579488277435,2.40511059761,6.82742102072e-05,2.31658959819e-05,0,0,-9.05124252313e-05,-1.16010165215,41.5200233459,42.0000359416,0,0,0,3.21978338068e-06,149429.427748
43.1555555556,-0.00102548813447,0.579488277435,2.40511059761,6.82742102072e-05,2.31658959819e-05,0,0,-9.05124252313e-05,-1.16010165215,41.5200233459,42.0000359416,0,0,0,3.2201796332e-06,149429.427748
43.1666666667,-0.00102548813447,0.579488277435,2.40511059761,6.82742102072e-05,2.31658959819e-05,0,0,-9.05124252313e-05,-1.16010165215,41.5200233459,42.0000359416,0,0,0,3.22030948107e-06,149429.427748
43.1777777778,-0.00102548813447,0.579488277435,2.40511059761,6.82742102072e-05,2.31658959819e-05,0,0,-9.05124252313e-05,-1.16010165215,41.5200233459,42.0000359416,0,0,0,3.22058771378e-06,149429.427748
43.1888888889,-0.00102548813447,0.579488277435,2.40511059761,6.82742102072e-05,2.31658959819e-05,0,0,-9.05124252313e-05,-1.16010165215,41.5200233459,42.0000359416,0,0,0,3.22103265806e-06,149429.427748
43.2,-0.00102548813447,0.579488277435,2.40511059761,6.82742102072e-05,2.31658959819e-05,0,0,-9.05124252313e-05,-1.16010165215,41.5200233459,42.0000359416,0,0,0,3.22085638713e-06,149429.427748
43.2111111111,-0.00102548813447,0.579488277435,2.40511059761,6.82742102072e-05,2.31658959819e-05,0,0,-9.05124252313e-05,-1.16010165215,41.5200233459,42.0000359416,0,0,0,3.21989265297e-06,149429.427748
43.2222222222,-0.00102548813447,0.579488277435,2.40511059761,6.82742102072e-05,2.31658959819e-05,0,0,-9.05124252313e-05,-1.16010165215,41.5200233459,42.0000359416,0,0,0,3.21963034686e-06,149429.427748
43.2333333333,-0.00102548813447,0.579488277435,2.40511059761,6.82742102072e-05,2.31658959819e-05,0,0,-9.05124252313e-05,-1.16010165215,41.5200233459,42.0000359416,0,0,0,3.21963856616e-06,149429.427748
43.2444444444,-0.00102548813447,0.579488277435,2.40511059761,6.82742102072e-05,2.31658959819e-05,0,0,-9.05124252313e-05,-1.16010165215,41.5200233459,42.0000359416,0,0,0,3.22023529905e-06,149429.427748
43.2555555556,-0.00102548813447,0.579488277435,2.40511059761,6.82742102072e-05,2.31658959819e-05,0,0,-9.05124252313e-05,-1.16010165215,41.5200233459,42.0000359416,0,0,0,3.22078843943e-06,149429.427748
43.2666666667,-0.00102548813447,0.579488277435,2.40511059761,6.82742102072e-05,2.31658959819e-05,0,0,-9.05124252313e-05,-1.16010165215,41.5200233459,42.0000359416,0,0,0,3.22015809327e-06,149429.427748
43.2777777778,-0.00102548813447,0.579488277435,2.40511059761,6.82742102072e-05,2.31658959819e-05,0,0,-9.05124252313e-05,-1.16010165215,41.5200233459,42.0000359416,0,0,0,3.22070029504e-06,149429.427748
43.2888888889,-0.00102548813447,0.579488277435,2.40511059761,6.82742102072e-05,2.31658959819e-05,0,0,-9.05124252313e-05,-1.16010165215,41.5200233459,42.0000359416,0,0,0,3.22041953012e-06,149429.427748
43.3,-0.00102548813447,0.579488277435,2.40511059761,6.82742102072e-05,2.31658959819e-05,0,0,-9.05124252313e-05,-1.16010165215,41.5200233459,42.0000359416,0,0,0,3.2198190392e-06,149429.427748
43.3111111111,-0.00102548813447,0.579488277435,2.40511059761,6.82742102072e-05,2.31658959819e-05,0,0,-9.05124252313e-05,-1.16010165215,41.5200233459,42.0000359416,0,0,0,3.2205825446e-06,149429.427748
43.3222222222,-0.00102548813447,0.579488277435,2.40511059761,6.82742102072e-05,2.31658959819e-05,0,0,-9.05124252313e-05,-1.16010165215,41.5200233459,42.0000359416,0,0,0,3.22107073182e-06,149429.427748
43.3333333333,-0.00102548813447,0.579488277435,2.40511059761,6.82742102072e-05,2.31658959819e-05,0,0,-9.05124252313e-05,-1.16010165215,41.5200233459,42.0000359416,0,0,0,3.22107091417e-06,149429.427748
43.3444444444,-0.00102548813447,0.579488277435,2.40511059761,6.82742102072e-05,2.31658959819e-05,0,0,-9.05124252313e-05,-1.16010165215,41.5200233459,42.0000359416,0,0,0,3.22066035522e-06,149429.427748
43.3555555556,-0.00102548813447,0.579488277435,2.40511059761,6.82742102072e-05,2.31658959819e-05,0,0,-9.05124252313e-05,-1.16010165215,41.5200233459,42.0000359416,0,0,0,3.22001278637e-06,149429.427748
43.3666666667,-0.00102548813447,0.579488277435,2.40511059761,6.82742102072e-05,2.31658959819e-05,0,0,-9.05124252313e-05,-1.16010165215,41.5200233459,42.0000359416,0,0,0,3.22093803712e-06,149429.427748
43.3777777778,-0.00102548813447,0.579488277435,2.40511059761,6.82742102072e-05,2.31658959819e-05,0,0,-9.05124252313e-05,-1.16010165215,41.5200233459,42.0000359416,0,0,0,3.22086113864e-06,149429.427748
43.3888888889,-0.00102548813447,0.579488277435,2.40511059761,6.82742102072e-05,2.31658959819e-05,0,0,-9.05124252313e-05,-1.16010165215,41.5200233459,42.0000359416,0,0,0,3.22035668774e-06,149429.427748
43.4,-0.00102548813447,0.579488277435,2.40511059761,6.82742102072e-05,2.31658959819e-05,0,0,-9.05124252313e-05,-1.16010165215,41.5200233459,42.0000359416,0,0,0,3.21970265464e-06,149429.427748
43.4111111111,-0.00102548813447,0.579488277435,2.40511059761,6.82742102072e-05,2.31658959819e-05,0,0,-9.05124252313e-05,-1.16010165215,41.5200233459,42.0000359416,0,0,0,3.22046915842e-06,149429.427748
43.4222222222,-0.00102548813447,0.579488277435,2.40511059761,6.82742102072e-05,2.31658959819e-05,0,0,-9.05124252313e-05,-1.16010165215,41.5200233459,42.0000359416,0,0,0,3.22051384598e-06,149429.427748
43.4333333333,-0.00102548813447,0.579488277435,2.40511059761,6.82742102072e-05,2.31658959819e-05,0,0,-9.05124252313e-05,-1.16010165215,41.5200233459,42.0000359416,0,0,0,3.22058530615e-06,149429.427748
43.4444444444,-0.00102548813447,0.579488277435,2.40511059761,6.82742102072e-05,2.31658959819e-05,0,0,-9.05124252313e-05,-1.16010165215,41.5200233459,42.0000359416,0,0,0,3.22052475412e-06,149429.427748
43.4555555556,-0.00102548813447,0.579488277435,2.40511059761,6.82742102072e-05,2.31658959819e-05,0,0,-9.05124252313e-05,-1.16010165215,41.5200233459,42.0000359416,0,0,0,3.22056565542e-06,149429.427748
43.4666666667,-0.00102548813447,0.579488277435,2.40511059761,6.82742102072e-05,2.31658959819e-05,0,0,-9.05124252313e-05,-1.16010165215,41.5200233459,42.0000359416,0,0,0,3.22158772281e-06,149429.427748
43.4777777778,-0.00102548813447,0.579488277435,2.40511059761,6.82742102072e-05,2.31658959819e-05,0,0,-9.05124252313e-05,-1.16010165215,41.5200233459,42.0000359416,0,0,0,3.22004874115e-06,149429.427748
43.4888888889,-0.00102548813447,0.579488277435,2.40511059761,6.82742102072e-05,2.31658959819e-05,0,0,-9.05124252313e-05,-1.16010165215,41.5200233459,42.0000359416,0,0,0,3.22043543671e-06,149429.427748
43.5,-0.00102548813447,0.579488277435,2.40511059761,6.82742102072e-05,2.31658959819e-05,0,0,-9.05124252313e-05,-1.16010165215,41.5200233459,42.0000359416,0,0,0,3.21979209297e-06,149429.427748
43.5111111111,-0.00102548813447,0.579488277435,2.40511059761,6.82742102072e-05,2.31658959819e-05,0,0,-9.05124252313e-05,-1.16010165215,41.5200233459,42.0000359416,0,0,0,3.22012967906e-06,149429.427748
43.5222222222,-0.00102548813447,0.579488277435,2.40511059761,6.82742102072e-05,2.31658959819e-05,0,0,-9.05124252313e-05,-1.16010165215,41.5200233459,42.0000359416,0,0,0,3.2206783923e-06,149429.427748
43.5333333333,-0.00102548813447,0.579488277435,2.40511059761,6.82742102072e-05,2.31658959819e-05,0,0,-9.05124252313e-05,-1.16010165215,41.5200233459,42.0000359416,0,0,0,3.22079446503e-06,149429.427748
43.5444444444,-0.00102548813447,0.579488277435,2.40511059761,6.82742102072e-05,2.31658959819e-05,0,0,-9.05124252313e-05,-1.16010165215,41.5200233459,42.0000359416,0,0,0,3.22145546445e-06,149429.427748
43.5555555556,-0.00102548813447,0.579488277435,2.40511059761,6.82742102072e-05,2.31658959819e-05,0,0,-9.05124252313e-05,-1.16010165215,41.5200233459,42.0000359416,0,0,0,3.22110195896e-06,149429.427748
43.5666666667,-0.00102548813447,0.579488277435,2.40511059761,6.82742102072e-05,2.31658959819e-05,0,0,-9.05124252313e-05,-1.16010165215,41.5200233459,42.0000359416,0,0,0,3.22031042847e-06,149429.427748
43.5777777778,-0.00102548813447,0.579488277435,2.40511059761,6.82742102072e-05,2.31658959819e-05,0,0,-9.05124252313e-05,-1.16010165215,41.5200233459,42.0000359416,0,0,0,3.22001175397e-06,149429.427748
43.5888888889,-0.00102548813447,0.579488277435,2.40511059761,6.82742102072e-05,2.31658959819e-05,0,0,-9.05124252313e-05,-1.16010165215,41.5200233459,42.0000359416,0,0,0,3.2201408685e-06,149429.427748
43.6,-0.00102548813447,0.579488277435,2.40511059761,6.82742102072e-05,2.31658959819e-05,0,0,-9.05124252313e-05,-1.16010165215,41.5200233459,42.0000359416,0,0,0,3.2202435229e-06,149429.427748
43.6111111111,-0.00102548813447,0.579488277435,2.40511059761,6.82742102072e-05,2.31658959819e-05,0,0,-9.05124252313e-05,-1.16010165215,41.5200233459,42.0000359416,0,0,0,3.22006841937e-06,149429.427748
43.6222222222,-0.00102548813447,0.579488277435,2.40511059761,6.82742102072e-05,2.31658959819e-05,0,0,-9.05124252313e-05,-1.16010165215,41.5200233459,42.0000359416,0,0,0,3.2197347822e-06,149429.427748
43.6333333333,-0.00102548813447,0.579488277435,2.40511059761,6.82742102072e-05,2.31658959819e-05,0,0,-9.05124252313e-05,-1.16010165215,41.5200233459,42.0000359416,0,0,0,3.22032706226e-06,149429.427748
43.6444444444,-0.00102548813447,0.579488277435,2.40511059761,6.82742102072e-05,2.31658959819e-05,0,0,-9.05124252313e-05,-1.16010165215,41.5200233459,42.0000359416,0,0,0,3.22035455926e-06,149429.427748
43.6555555556,-0.00102548813447,0.579488277435,2.40511059761,6.82742102072e-05,2.31658959819e-05,0,0,-9.05124252313e-05,-1.16010165215,41.5200233459,42.0000359416,0,0,0,3.22110101103e-06,149429.427748
43.6666666667,-0.00102548813447,0.579488277435,2.40511059761,6.82742102072e-05,2.31658959819e-05,0,0,-9.05124252313e-05,-1.16010165215,41.5200233459,42.0000359416,0,0,0,3.22058039398e-06,149429.427748
43.6777777778,-0.00102548813447,0.579488277435,2.40511059761,6.82742102072e-05,2.31658959819e-05,0,0,-9.05124252313e-05,-1.16010165215,41.5200233459,42.0000359416,0,0,0,3.22091997498e-06,149429.427748
43.6888888889,-0.00102548813447,0.579488277435,2.40511059761,6.82742102072e-05,2.31658959819e-05,0,0,-9.05124252313e-05,-1.16010165215,41.5200233459,42.0000359416,0,0,0,3.22004769326e-06,149429.427748
43.7,-0.00102548813447,0.579488277435,2.40511059761,6.82742102072e-05,2.31658959819e-05,0,0,-9.05124252313e-05,-1.16010165215,41.5200233459,42.0000359416,0,0,0,3.22073334505e-06,149429.427748
43.7111111111,-0.00102548813447,0.579488277435,2.40511059761,6.82742102072e-05,2.31658959819e-05,0,0,-9.05124252313e-05,-1.16010165215,41.5200233459,42.0000359416,0,0,0,3.22049084865e-06,149429.427748
43.7222222222,-0.00102548813447,0.579488277435,2.40511059761,6.82742102072e-05,2.31658959819e-05,0,0,-9.05124252313e-05,-1.16010165215,41.5200233459,42.0000359416,0,0,0,3.22021771809e-06,149429.427748
43.7333333333,-0.00102548813447,0.579488277435,2.40511059761,6.82742102072e-05,2.31658959819e-05,0,0,-9.05124252313e-05,-1.16010165215,41.5200233459,42.0000359416,0,0,0,3.22061137107e-06,149429.427748
43.7444444444,-0.00102548813447,0.579488277435,2.40511059761,6.82742102072e-05,2.31658959819e-05,0,0,-9.05124252313e-05,-1.16010165215,41.5200233459,42.0000359416,0,0,0,3.21990564496e-06,149429.427748
43.7555555556,-0.00102548813447,0.579488277435,2.40511059761,6.82742102072e-05,2.31658959819e-05,0,0,-9.05124252313e-05,-1.16010165215,41.5200233459,42.0000359416,0,0,0,3.22042069967e-06,149429.427748
43.7666666667,-0.00102548813447,0.579488277435,2.40511059761,6.82742102072e-05,2.31658959819e-05,0,0,-9.05124252313e-05,-1.16010165215,41.5200233459,42.0000359416,0,0,0,3.22039271704e-06,149429.427748
43.7777777778,-0.00102548813447,0.579488277435,2.40511059761,6.82742102072e-05,2.31658959819e-05,0,0,-9.05124252313e-05,-1.16010165215,41.5200233459,42.0000359416,0,0,0,3.22008636841e-06,149429.427748
43.7888888889,-0.00102548813447,0.579488277435,2.40511059761,6.82742102072e-05,2.31658959819e-05,0,0,-9.05124252313e-05,-1.16010165215,41.5200233459,42.0000359416,0,0,0,3.220052134e-06,149429.427748
43.8,-0.00102548813447,0.579488277435,2.40511059761,6.82742102072e-05,2.31658959819e-05,0,0,-9.05124252313e-05,-1.16010165215,41.5200233459,42.0000359416,0,0,0,3.22087125606e-06,149429.427748
43.8111111111,-0.00102548813447,0.579488277435,2.40511059761,6.82742102072e-05,2.31658959819e-05,0,0,-9.05124252313e-05,-1.16010165215,41.5200233459,42.0000359416,0,0,0,3.22118984839e-06,149429.427748
43.8222222222,-0.00102548813447,0.579488277435,2.40511059761,6.82742102072e-05,2.31658959819e-05,0,0,-9.05124252313e-05,-1.16010165215,41.5200233459,42.0000359416,0,0,0,3.2207068712e-06,149429.427748
43.8333333333,-0.00102548813447,0.579488277435,2.40511059761,6.82742102072e-05,2.31658959819e-05,0,0,-9.05124252313e-05,-1.16010165215,41.5200233459,42.0000359416,0,0,0,3.22087653626e-06,149429.427748
43.8444444444,-0.00102548813447,0.579488277435,2.40511059761,6.82742102072e-05,2.31658959819e-05,0,0,-9.05124252313e-05,-1.16010165215,41.5200233459,42.0000359416,0,0,0,3.22004388711e-06,149429.427748
43.8555555556,-0.00102548813447,0.579488277435,2.40511059761,6.82742102072e-05,2.31658959819e-05,0,0,-9.05124252313e-05,-1.16010165215,41.5200233459,42.0000359416,0,0,0,3.22042176826e-06,149429.427748
43.8666666667,-0.00102548813447,0.579488277435,2.40511059761,6.82742102072e-05,2.31658959819e-05,0,0,-9.05124252313e-05,-1.16010165215,41.5200233459,42.0000359416,0,0,0,3.22014642637e-06,149429.427748
43.8777777778,-0.00102548813447,0.579488277435,2.40511059761,6.82742102072e-05,2.31658959819e-05,0,0,-9.05124252313e-05,-1.16010165215,41.5200233459,42.0000359416,0,0,0,3.22016134533e-06,149429.427748
43.8888888889,-0.00102548813447,0.579488277435,2.40511059761,6.82742102072e-05,2.31658959819e-05,0,0,-9.05124252313e-05,-1.16010165215,41.5200233459,42.0000359416,0,0,0,3.22114810652e-06,149429.427748
43.9,-0.00102548813447,0.579488277435,2.40511059761,6.82742102072e-05,2.31658959819e-05,0,0,-9.05124252313e-05,-1.16010165215,41.5200233459,42.0000359416,0,0,0,3.22071334247e-06,149429.427748
43.9111111111,-0.00102548813447,0.579488277435,2.40511059761,6.82742102072e-05,2.31658959819e-05,0,0,-9.05124252313e-05,-1.16010165215,41.5200233459,42.0000359416,0,0,0,3.22029209917e-06,149429.427748
43.9222222222,-0.00102548813447,0.579488277435,2.40511059761,6.82742102072e-05,2.31658959819e-05,0,0,-9.05124252313e-05,-1.16010165215,41.5200233459,42.0000359416,0,0,0,3.22045883049e-06,149429.427748
43.9333333333,-0.00102548813447,0.579488277435,2.40511059761,6.82742102072e-05,2.31658959819e-05,0,0,-9.05124252313e-05,-1.16010165215,41.5200233459,42.0000359416,0,0,0,3.22009098147e-06,149429.427748
43.9444444444,-0.00102548813447,0.579488277435,2.40511059761,6.82742102072e-05,2.31658959819e-05,0,0,-9.05124252313e-05,-1.16010165215,41.5200233459,42.0000359416,0,0,0,3.22047865856e-06,149429.427748
43.9555555556,-0.00102548813447,0.579488277435,2.40511059761,6.82742102072e-05,2.31658959819e-05,0,0,-9.05124252313e-05,-1.16010165215,41.5200233459,42.0000359416,0,0,0,3.21990131876e-06,149429.427748
43.9666666667,-0.00102548813447,0.579488277435,2.40511059761,6.82742102072e-05,2.31658959819e-05,0,0,-9.05124252313e-05,-1.16010165215,41.5200233459,42.0000359416,0,0,0,3.21970787388e-06,149429.427748
43.9777777778,-0.00102548813447,0.579488277435,2.40511059761,6.82742102072e-05,2.31658959819e-05,0,0,-9.05124252313e-05,-1.16010165215,41.5200233459,42.0000359416,0,0,0,3.21982463247e-06,149429.427748
43.9888888889,-0.00102548813447,0.579488277435,2.40511059761,6.82742102072e-05,2.31658959819e-05,0,0,-9.05124252313e-05,-1.16010165215,41.5200233459,42.0000359416,0,0,0,3.22018685509e-06,149429.427748
44,-0.00102548813447,0.579488277435,2.40511059761,6.82742102072e-05,2.31658959819e-05,0,0,-9.05124252313e-05,-1.16010165215,41.5200233459,42.0000359416,0,0,0,3.21992618291e-06,149429.427748
44.0111111111,-0.00102548813447,0.579488277435,2.40511059761,6.82742102072e-05,2.31658959819e-05,0,0,-9.05124252313e-05,-1.16010165215,41.5200233459,42.0000359416,0,0,0,3.22019491097e-06,149429.427748
44.0222222222,-0.00102548813447,0.579488277435,2.40511059761,6.82742102072e-05,2.31658959819e-05,0,0,-9.05124252313e-05,-1.16010165215,41.5200233459,42.0000359416,0,0,0,3.21968885903e-06,149429.427748
44.0333333333,-0.00102548813447,0.579488277435,2.40511059761,6.82742102072e-05,2.31658959819e-05,0,0,-9.05124252313e-05,-1.16010165215,41.5200233459,42.0000359416,0,0,0,3.22021880465e-06,149429.427748
44.0444444444,-0.00102548813447,0.579488277435,2.40511059761,6.82742102072e-05,2.31658959819e-05,0,0,-9.05124252313e-05,-1.16010165215,41.5200233459,42.0000359416,0,0,0,3.22018402905e-06,149429.427748
44.0555555556,-0.00102548813447,0.579488277435,2.40511059761,6.82742102072e-05,2.31658959819e-05,0,0,-9.05124252313e-05,-1.16010165215,41.5200233459,42.0000359416,0,0,0,3.2206299579e-06,149429.427748
44.0666666667,-0.00102548813447,0.579488277435,2.40511059761,6.82742102072e-05,2.31658959819e-05,0,0,-9.05124252313e-05,-1.16010165215,41.5200233459,42.0000359416,0,0,0,3.22026444122e-06,149429.427748
44.0777777778,-0.00102548813447,0.579488277435,2.40511059761,6.82742102072e-05,2.31658959819e-05,0,0,-9.05124252313e-05,-1.16010165215,41.5200233459,42.0000359416,0,0,0,3.22094469366e-06,149429.427748
44.0888888889,-0.00102548813447,0.579488277435,2.40511059761,6.82742102072e-05,2.31658959819e-05,0,0,-9.05124252313e-05,-1.16010165215,41.5200233459,42.0000359416,0,0,0,3.22135101933e-06,149429.427748
44.1,-0.00102548813447,0.579488277435,2.40511059761,6.82742102072e-05,2.31658959819e-05,0,0,-9.05124252313e-05,-1.16010165215,41.5200233459,42.0000359416,0,0,0,3.22075935445e-06,149429.427748
44.1111111111,-0.00102548813447,0.579488277435,2.40511059761,6.82742102072e-05,2.31658959819e-05,0,0,-9.05124252313e-05,-1.16010165215,41.5200233459,42.0000359416,0,0,0,3.21958993485e-06,149429.427748
44.1222222222,-0.00102548813447,0.579488277435,2.40511059761,6.82742102072e-05,2.31658959819e-05,0,0,-9.05124252313e-05,-1.16010165215,41.5200233459,42.0000359416,0,0,0,3.22076824689e-06,149429.427748
44.1333333333,-0.00102548813447,0.579488277435,2.40511059761,6.82742102072e-05,2.31658959819e-05,0,0,-9.05124252313e-05,-1.16010165215,41.5200233459,42.0000359416,0,0,0,3.22003070101e-06,149429.427748
44.1444444444,-0.00102548813447,0.579488277435,2.40511059761,6.82742102072e-05,2.31658959819e-05,0,0,-9.05124252313e-05,-1.16010165215,41.5200233459,42.0000359416,0,0,0,3.22067233684e-06,149429.427748
44.1555555556,-0.00102548813447,0.579488277435,2.40511059761,6.82742102072e-05,2.31658959819e-05,0,0,-9.05124252313e-05,-1.16010165215,41.5200233459,42.0000359416,0,0,0,3.22048285402e-06,149429.427748
44.1666666667,-0.00102548813447,0.579488277435,2.40511059761,6.82742102072e-05,2.31658959819e-05,0,0,-9.05124252313e-05,-1.16010165215,41.5200233459,42.0000359416,0,0,0,3.22039516295e-06,149429.427748
44.1777777778,-0.00102548813447,0.579488277435,2.40511059761,6.82742102072e-05,2.31658959819e-05,0,0,-9.05124252313e-05,-1.16010165215,41.5200233459,42.0000359416,0,0,0,3.22050758663e-06,149429.427748
44.1888888889,-0.00102548813447,0.579488277435,2.40511059761,6.82742102072e-05,2.31658959819e-05,0,0,-9.05124252313e-05,-1.16010165215,41.5200233459,42.0000359416,0,0,0,3.2212721245e-06,149429.427748
44.2,-0.00102548813447,0.579488277435,2.40511059761,6.82742102072e-05,2.31658959819e-05,0,0,-9.05124252313e-05,-1.16010165215,41.5200233459,42.0000359416,0,0,0,3.2202227192e-06,149429.427748
44.2111111111,-0.00102548813447,0.579488277435,2.40511059761,6.82742102072e-05,2.31658959819e-05,0,0,-9.05124252313e-05,-1.16010165215,41.5200233459,42.0000359416,0,0,0,3.22064754605e-06,149429.427748
44.2222222222,-0.00102548813447,0.579488277435,2.40511059761,6.82742102072e-05,2.31658959819e-05,0,0,-9.05124252313e-05,-1.16010165215,41.5200233459,42.0000359416,0,0,0,3.22005259025e-06,149429.427748
44.2333333333,-0.00102548813447,0.579488277435,2.40511059761,6.82742102072e-05,2.31658959819e-05,0,0,-9.05124252313e-05,-1.16010165215,41.5200233459,42.0000359416,0,0,0,3.22071290449e-06,149429.427748
44.2444444444,-0.00102548813447,0.579488277435,2.40511059761,6.82742102072e-05,2.31658959819e-05,0,0,-9.05124252313e-05,-1.16010165215,41.5200233459,42.0000359416,0,0,0,3.2206177953e-06,149429.427748
44.2555555556,-0.00102548813447,0.579488277435,2.40511059761,6.82742102072e-05,2.31658959819e-05,0,0,-9.05124252313e-05,-1.16010165215,41.5200233459,42.0000359416,0,0,0,3.22012083598e-06,149429.427748
44.2666666667,-0.00102548813447,0.579488277435,2.40511059761,6.82742102072e-05,2.31658959819e-05,0,0,-9.05124252313e-05,-1.16010165215,41.5200233459,42.0000359416,0,0,0,3.22075795656e-06,149429.427748
44.2777777778,-0.00102548813447,0.579488277435,2.40511059761,6.82742102072e-05,2.31658959819e-05,0,0,-9.05124252313e-05,-1.16010165215,41.5200233459,42.0000359416,0,0,0,3.22059639172e-06,149429.427748
44.2888888889,-0.00102548813447,0.579488277435,2.40511059761,6.82742102072e-05,2.31658959819e-05,0,0,-9.05124252313e-05,-1.16010165215,41.5200233459,42.0000359416,0,0,0,3.22124319293e-06,149429.427748
44.3,-0.00102548813447,0.579488277435,2.40511059761,6.82742102072e-05,2.31658959819e-05,0,0,-9.05124252313e-05,-1.16010165215,41.5200233459,42.0000359416,0,0,0,3.22009482342e-06,149429.427748
44.3111111111,-0.00102548813447,0.579488277435,2.40511059761,6.82742102072e-05,2.31658959819e-05,0,0,-9.05124252313e-05,-1.16010165215,41.5200233459,42.0000359416,0,0,0,3.22084928375e-06,149429.427748
44.3222222222,-0.00102548813447,0.579488277435,2.40511059761,6.82742102072e-05,2.31658959819e-05,0,0,-9.05124252313e-05,-1.16010165215,41.5200233459,42.0000359416,0,0,0,3.22006606772e-06,149429.427748
44.3333333333,-0.00102548813447,0.579488277435,2.40511059761,6.82742102072e-05,2.31658959819e-05,0,0,-9.05124252313e-05,-1.16010165215,41.5200233459,42.0000359416,0,0,0,3.22100058236e-06,149429.427748
44.3444444444,-0.00102548813447,0.579488277435,2.40511059761,6.82742102072e-05,2.31658959819e-05,0,0,-9.05124252313e-05,-1.16010165215,41.5200233459,42.0000359416,0,0,0,3.220591993e-06,149429.427748
44.3555555556,-0.00102548813447,0.579488277435,2.40511059761,6.82742102072e-05,2.31658959819e-05,0,0,-9.05124252313e-05,-1.16010165215,41.5200233459,42.0000359416,0,0,0,3.22005852838e-06,149429.427748
44.3666666667,-0.00102548813447,0.579488277435,2.40511059761,6.82742102072e-05,2.31658959819e-05,0,0,-9.05124252313e-05,-1.16010165215,41.5200233459,42.0000359416,0,0,0,3.21982238165e-06,149429.427748
44.3777777778,-0.00102548813447,0.579488277435,2.40511059761,6.82742102072e-05,2.31658959819e-05,0,0,-9.05124252313e-05,-1.16010165215,41.5200233459,42.0000359416,0,0,0,3.22048972644e-06,149429.427748
44.3888888889,-0.00102548813447,0.579488277435,2.40511059761,6.82742102072e-05,2.31658959819e-05,0,0,-9.05124252313e-05,-1.16010165215,41.5200233459,42.0000359416,0,0,0,3.22088174327e-06,149429.427748
44.4,-0.00102548813447,0.579488277435,2.40511059761,6.82742102072e-05,2.31658959819e-05,0,0,-9.05124252313e-05,-1.16010165215,41.5200233459,42.0000359416,0,0,0,3.21961318911e-06,149429.427748
44.4111111111,-0.00102548813447,0.579488277435,2.40511059761,6.82742102072e-05,2.31658959819e-05,0,0,-9.05124252313e-05,-1.16010165215,41.5200233459,42.0000359416,0,0,0,3.22071551952e-06,149429.427748
44.4222222222,-0.00102548813447,0.579488277435,2.40511059761,6.82742102072e-05,2.31658959819e-05,0,0,-9.05124252313e-05,-1.16010165215,41.5200233459,42.0000359416,0,0,0,3.22023506381e-06,149429.427748
44.4333333333,-0.00102548813447,0.579488277435,2.40511059761,6.82742102072e-05,2.31658959819e-05,0,0,-9.05124252313e-05,-1.16010165215,41.5200233459,42.0000359416,0,0,0,3.22010402255e-06,149429.427748
44.4444444444,-0.00102548813447,0.579488277435,2.40511059761,6.82742102072e-05,2.31658959819e-05,0,0,-9.05124252313e-05,-1.16010165215,41.5200233459,42.0000359416,0,0,0,3.21970826223e-06,149429.427748
44.4555555556,-0.00102548813447,0.579488277435,2.40511059761,6.82742102072e-05,2.31658959819e-05,0,0,-9.05124252313e-05,-1.16010165215,41.5200233459,42.0000359416,0,0,0,3.22048160566e-06,149429.427748
44.4666666667,-0.00102548813447,0.579488277435,2.40511059761,6.82742102072e-05,2.31658959819e-05,0,0,-9.05124252313e-05,-1.16010165215,41.5200233459,42.0000359416,0,0,0,3.22105831528e-06,149429.427748
44.4777777778,-0.00102548813447,0.579488277435,2.40511059761,6.82742102072e-05,2.31658959819e-05,0,0,-9.05124252313e-05,-1.16010165215,41.5200233459,42.0000359416,0,0,0,3.22068667129e-06,149429.427748
44.4888888889,-0.00102548813447,0.579488277435,2.40511059761,6.82742102072e-05,2.31658959819e-05,0,0,-9.05124252313e-05,-1.16010165215,41.5200233459,42.0000359416,0,0,0,3.21993088429e-06,149429.427748
44.5,-0.00102548813447,0.579488277435,2.40511059761,6.82742102072e-05,2.31658959819e-05,0,0,-9.05124252313e-05,-1.16010165215,41.5200233459,42.0000359416,0,0,0,3.2208375629e-06,149429.427748
44.5111111111,-0.00102548813447,0.579488277435,2.40511059761,6.82742102072e-05,2.31658959819e-05,0,0,-9.05124252313e-05,-1.16010165215,41.5200233459,42.0000359416,0,0,0,3.22023871673e-06,149429.427748
44.5222222222,-0.00102548813447,0.579488277435,2.40511059761,6.82742102072e-05,2.31658959819e-05,0,0,-9.05124252313e-05,-1.16010165215,41.5200233459,42.0000359416,0,0,0,3.21985067078e-06,149429.427748
44.5333333333,-0.00102548813447,0.579488277435,2.40511059761,6.82742102072e-05,2.31658959819e-05,0,0,-9.05124252313e-05,-1.16010165215,41.5200233459,42.0000359416,0,0,0,3.21997823695e-06,149429.427748
44.5444444444,-0.00102548813447,0.579488277435,2.40511059761,6.82742102072e-05,2.31658959819e-05,0,0,-9.05124252313e-05,-1.16010165215,41.5200233459,42.0000359416,0,0,0,3.21991715049e-06,149429.427748
44.5555555556,-0.00102548813447,0.579488277435,2.40511059761,6.82742102072e-05,2.31658959819e-05,0,0,-9.05124252313e-05,-1.16010165215,41.5200233459,42.0000359416,0,0,0,3.22011038202e-06,149429.427748
44.5666666667,-0.00102548813447,0.579488277435,2.40511059761,6.82742102072e-05,2.31658959819e-05,0,0,-9.05124252313e-05,-1.16010165215,41.5200233459,42.0000359416,0,0,0,3.2202194531e-06,149429.427748
44.5777777778,-0.00102548813447,0.579488277435,2.40511059761,6.82742102072e-05,2.31658959819e-05,0,0,-9.05124252313e-05,-1.16010165215,41.5200233459,42.0000359416,0,0,0,3.22057892078e-06,149429.427748
44.5888888889,-0.00102548813447,0.579488277435,2.40511059761,6.82742102072e-05,2.31658959819e-05,0,0,-9.05124252313e-05,-1.16010165215,41.5200233459,42.0000359416,0,0,0,3.22071660001e-06,149429.427748
44.6,-0.00102548813447,0.579488277435,2.40511059761,6.82742102072e-05,2.31658959819e-05,0,0,-9.05124252313e-05,-1.16010165215,41.5200233459,42.0000359416,0,0,0,3.22007142351e-06,149429.427748
44.6111111111,-0.00102548813447,0.579488277435,2.40511059761,6.82742102072e-05,2.31658959819e-05,0,0,-9.05124252313e-05,-1.16010165215,41.5200233459,42.0000359416,0,0,0,3.22065926168e-06,149429.427748
44.6222222222,-0.00102548813447,0.579488277435,2.40511059761,6.82742102072e-05,2.31658959819e-05,0,0,-9.05124252313e-05,-1.16010165215,41.5200233459,42.0000359416,0,0,0,3.21959757997e-06,149429.427748
44.6333333333,-0.00102548813447,0.579488277435,2.40511059761,6.82742102072e-05,2.31658959819e-05,0,0,-9.05124252313e-05,-1.16010165215,41.5200233459,42.0000359416,0,0,0,3.22057764389e-06,149429.427748
44.6444444444,-0.00102548813447,0.579488277435,2.40511059761,6.82742102072e-05,2.31658959819e-05,0,0,-9.05124252313e-05,-1.16010165215,41.5200233459,42.0000359416,0,0,0,3.22088086991e-06,149429.427748
44.6555555556,-0.00102548813447,0.579488277435,2.40511059761,6.82742102072e-05,2.31658959819e-05,0,0,-9.05124252313e-05,-1.16010165215,41.5200233459,42.0000359416,0,0,0,3.22143802873e-06,149429.427748
44.6666666667,-0.00102548813447,0.579488277435,2.40511059761,6.82742102072e-05,2.31658959819e-05,0,0,-9.05124252313e-05,-1.16010165215,41.5200233459,42.0000359416,0,0,0,3.22007172096e-06,149429.427748
44.6777777778,-0.00102548813447,0.579488277435,2.40511059761,6.82742102072e-05,2.31658959819e-05,0,0,-9.05124252313e-05,-1.16010165215,41.5200233459,42.0000359416,0,0,0,3.22085270058e-06,149429.427748
44.6888888889,-0.00102548813447,0.579488277435,2.40511059761,6.82742102072e-05,2.31658959819e-05,0,0,-9.05124252313e-05,-1.16010165215,41.5200233459,42.0000359416,0,0,0,3.22120373901e-06,149429.427748
44.7,-0.00102548813447,0.579488277435,2.40511059761,6.82742102072e-05,2.31658959819e-05,0,0,-9.05124252313e-05,-1.16010165215,41.5200233459,42.0000359416,0,0,0,3.220842021e-06,149429.427748
44.7111111111,-0.00102548813447,0.579488277435,2.40511059761,6.82742102072e-05,2.31658959819e-05,0,0,-9.05124252313e-05,-1.16010165215,41.5200233459,42.0000359416,0,0,0,3.21965961511e-06,149429.427748
44.7222222222,-0.00102548813447,0.579488277435,2.40511059761,6.82742102072e-05,2.31658959819e-05,0,0,-9.05124252313e-05,-1.16010165215,41.5200233459,42.0000359416,0,0,0,3.22022763643e-06,149429.427748
44.7333333333,-0.00102548813447,0.579488277435,2.40511059761,6.82742102072e-05,2.31658959819e-05,0,0,-9.05124252313e-05,-1.16010165215,41.5200233459,42.0000359416,0,0,0,3.22039113647e-06,149429.427748
44.7444444444,-0.00102548813447,0.579488277435,2.40511059761,6.82742102072e-05,2.31658959819e-05,0,0,-9.05124252313e-05,-1.16010165215,41.5200233459,42.0000359416,0,0,0,3.22041180562e-06,149429.427748
44.7555555556,-0.00102548813447,0.579488277435,2.40511059761,6.82742102072e-05,2.31658959819e-05,0,0,-9.05124252313e-05,-1.16010165215,41.5200233459,42.0000359416,0,0,0,3.21962441679e-06,149429.427748
44.7666666667,-0.00102548813447,0.579488277435,2.40511059761,6.82742102072e-05,2.31658959819e-05,0,0,-9.05124252313e-05,-1.16010165215,41.5200233459,42.0000359416,0,0,0,3.2199540303e-06,149429.427748
44.7777777778,-0.00102548813447,0.579488277435,2.40511059761,6.82742102072e-05,2.31658959819e-05,0,0,-9.05124252313e-05,-1.16010165215,41.5200233459,42.0000359416,0,0,0,3.21977922364e-06,149429.427748
44.7888888889,-0.00102548813447,0.579488277435,2.40511059761,6.82742102072e-05,2.31658959819e-05,0,0,-9.05124252313e-05,-1.16010165215,41.5200233459,42.0000359416,0,0,0,3.22043479141e-06,149429.427748
44.8,-0.00102548813447,0.579488277435,2.40511059761,6.82742102072e-05,2.31658959819e-05,0,0,-9.05124252313e-05,-1.16010165215,41.5200233459,42.0000359416,0,0,0,3.220348549e-06,149429.427748
44.8111111111,-0.00102548813447,0.579488277435,2.40511059761,6.82742102072e-05,2.31658959819e-05,0,0,-9.05124252313e-05,-1.16010165215,41.5200233459,42.0000359416,0,0,0,3.22073926584e-06,149429.427748
44.8222222222,-0.00102548813447,0.579488277435,2.40511059761,6.82742102072e-05,2.31658959819e-05,0,0,-9.05124252313e-05,-1.16010165215,41.5200233459,42.0000359416,0,0,0,3.22106750091e-06,149429.427748
44.8333333333,-0.00102548813447,0.579488277435,2.40511059761,6.82742102072e-05,2.31658959819e-05,0,0,-9.05124252313e-05,-1.16010165215,41.5200233459,42.0000359416,0,0,0,3.21979133166e-06,149429.427748
44.8444444444,-0.00102548813447,0.579488277435,2.40511059761,6.82742102072e-05,2.31658959819e-05,0,0,-9.05124252313e-05,-1.16010165215,41.5200233459,42.0000359416,0,0,0,3.22092148934e-06,149429.427748
44.8555555556,-0.00102548813447,0.579488277435,2.40511059761,6.82742102072e-05,2.31658959819e-05,0,0,-9.05124252313e-05,-1.16010165215,41.5200233459,42.0000359416,0,0,0,3.22010047011e-06,149429.427748
44.8666666667,-0.00102548813447,0.579488277435,2.40511059761,6.82742102072e-05,2.31658959819e-05,0,0,-9.05124252313e-05,-1.16010165215,41.5200233459,42.0000359416,0,0,0,3.2208350472e-06,149429.427748
44.8777777778,-0.00102548813447,0.579488277435,2.40511059761,6.82742102072e-05,2.31658959819e-05,0,0,-9.05124252313e-05,-1.16010165215,41.5200233459,42.0000359416,0,0,0,3.22004779875e-06,149429.427748
44.8888888889,-0.00102548813447,0.579488277435,2.40511059761,6.82742102072e-05,2.31658959819e-05,0,0,-9.05124252313e-05,-1.16010165215,41.5200233459,42.0000359416,0,0,0,3.22035034994e-06,149429.427748
44.9,-0.00102548813447,0.579488277435,2.40511059761,6.82742102072e-05,2.31658959819e-05,0,0,-9.05124252313e-05,-1.16010165215,41.5200233459,42.0000359416,0,0,0,3.22032894565e-06,149429.427748
44.9111111111,-0.00102548813447,0.579488277435,2.40511059761,6.82742102072e-05,2.31658959819e-05,0,0,-9.05124252313e-05,-1.16010165215,41.5200233459,42.0000359416,0,0,0,3.22087324357e-06,149429.427748
44.9222222222,-0.00102548813447,0.579488277435,2.40511059761,6.82742102072e-05,2.31658959819e-05,0,0,-9.05124252313e-05,-1.16010165215,41.5200233459,42.0000359416,0,0,0,3.22012657988e-06,149429.427748
44.9333333333,-0.00102548813447,0.579488277435,2.40511059761,6.82742102072e-05,2.31658959819e-05,0,0,-9.05124252313e-05,-1.16010165215,41.5200233459,42.0000359416,0,0,0,3.22012232863e-06,149429.427748
44.9444444444,-0.00102548813447,0.579488277435,2.40511059761,6.82742102072e-05,2.31658959819e-05,0,0,-9.05124252313e-05,-1.16010165215,41.5200233459,42.0000359416,0,0,0,3.22075150091e-06,149429.427748
44.9555555556,-0.00102548813447,0.579488277435,2.40511059761,6.82742102072e-05,2.31658959819e-05,0,0,-9.05124252313e-05,-1.16010165215,41.5200233459,42.0000359416,0,0,0,3.21975715456e-06,149429.427748
44.9666666667,-0.00102548813447,0.579488277435,2.40511059761,6.82742102072e-05,2.31658959819e-05,0,0,-9.05124252313e-05,-1.16010165215,41.5200233459,42.0000359416,0,0,0,3.21969850408e-06,149429.427748
44.9777777778,-0.00102548813447,0.579488277435,2.40511059761,6.82742102072e-05,2.31658959819e-05,0,0,-9.05124252313e-05,-1.16010165215,41.5200233459,42.0000359416,0,0,0,3.22000463031e-06,149429.427748
44.9888888889,-0.00102548813447,0.579488277435,2.40511059761,6.82742102072e-05,2.31658959819e-05,0,0,-9.05124252313e-05,-1.16010165215,41.5200233459,42.0000359416,0,0,0,3.22058488409e-06,149429.427748
45,-0.00102548813447,0.579488277435,2.40511059761,6.82742102072e-05,2.31658959819e-05,0,0,-9.05124252313e-05,-1.16010165215,41.5200233459,42.0000359416,0,0,0,3.21972391938e-06,149429.427748
