t,bridge_q,tip_y,pan_y,pan_pitch,hinge_drift,pipes_inside,pipes_crossed,gate_q,bridge_prop_angle,rack_hand_work,bridge_hand_work,plastic_work,penetration,plastic_front,ke,pe
0.00277777777778,-4.93714014738e-06,0.599900901318,2.40002346039,2.65409926214e-06,7.64428114053e-06,0,0,0,0.0166674368083,0,0,0,0,0,1.87984552895,151840.730507
0.0138888888889,-7.43695782148e-05,0.598512709141,2.400370121,3.85711064155e-06,1.692981823e-05,0,0,0,0.0166674368083,0,0,0,0,0,46.9497622509,151788.011426
0.025,-0.000223165130592,0.595537006855,2.40111446381,3.85711064155e-06,7.62939453125e-06,0,0,0,0.0166674368083,0,0,0,0,0,152.11773716,151674.881836
0.0361111111111,-0.000451319559943,0.59097391367,2.40225505829,3.85711064155e-06,7.62939453125e-06,0,0,0,0.0166674368083,0,0,0,0,0,317.383086347,151501.420968
0.0472222222222,-0.00075883284444,0.584823668003,2.40379238129,3.85711064155e-06,8.74788293004e-06,0,0,0,0.0166674368083,0,0,0,0,0,542.746696431,151267.637884
0.0583333333333,-0.00102565239649,0.579487681389,2.40512537956,5.61235810892e-06,1.57474751177e-05,0,0,0,0.0166674368083,0,0,0,0,0,0.000792673197503,151064.781309
0.0694444444444,-0.00102565239649,0.579487860203,2.40512633324,4.43056342192e-06,1.57572849275e-05,0,0,0,0.0166674368083,0,0,0,0,0,6.03444479537e-05,151064.808791
0.0805555555556,-0.00102565239649,0.579487860203,2.40512728691,4.43056342192e-06,1.57572849275e-05,0,0,0,0.0166674368083,0,0,0,0,0,5.64275664986e-05,151064.818146
0.0916666666667,-0.00102565239649,0.579487860203,2.40512824059,4.43056342192e-06,1.57572849275e-05,0,0,0,0.0166674368083,0,0,0,0,0,5.63590587113e-05,151064.827502
0.102777777778,-0.00102565239649,0.579487860203,2.40512919426,4.43056342192e-06,1.57861195476e-05,0,0,0,0.0166674368083,0,0,0,0,0,5.63603200756e-05,151064.836857
0.113888888889,-0.00102565239649,0.579487860203,2.40512919426,4.43056342192e-06,1.57861195476e-05,0,0,0,0.0166674368083,0,0,0,0,0,5.63601991172e-05,151064.836857
0.125,-0.00102565239649,0.579487860203,2.40512919426,4.43056342192e-06,1.57861195476e-05,0,0,0,0.0166674368083,0,0,0,0,0,5.63607739729e-05,151064.836857
0.136111111111,-0.00102565239649,0.579487860203,2.40512919426,4.43056342192e-06,1.57861195476e-05,0,0,0,0.0166674368083,0,0,0,0,0,5.63620098212e-05,151064.836857
0.147222222222,-0.00102565239649,0.579487860203,2.40512919426,4.43056342192e-06,1.57861195476e-05,0,0,0,0.0166674368083,0,0,0,0,0,5.63612788626e-05,151064.836857
0.158333333333,-0.00102565239649,0.579487860203,2.40512919426,4.43056342192e-06,1.57861195476e-05,0,0,0,0.0166674368083,0,0,0,0,0,5.63615068891e-05,151064.836857
0.169444444444,-0.00102565239649,0.579487860203,2.40512919426,4.43056342192e-06,1.57861195476e-05,0,0,0,0.0166674368083,0,0,0,0,0,5.63621700008e-05,151064.836857
0.180555555556,-0.00102565239649,0.579487860203,2.40512919426,4.43056342192e-06,1.57861195476e-05,0,0,0,0.0166674368083,0,0,0,0,0,5.1551352279e-05,151064.836857
0.191666666667,-0.00102565239649,0.579487860203,2.40512919426,4.43056342192e-06,1.57861195476e-05,0,0,0,0.0166674368083,0,0,0,0,0,5.15417620114e-05,151064.836857
0.202777777778,-0.00102565239649,0.579487860203,2.40512919426,4.43056342192e-06,1.57861195476e-05,0,0,0,0.0166674368083,0,0,0,0,0,5.15407817891e-05,151064.836857
0.213888888889,-0.00102565239649,0.579487860203,2.40512919426,4.43056342192e-06,1.57861195476e-05,0,0,0,0.0166674368083,0,0,0,0,0,5.15398093211e-05,151064.836857
0.225,-0.00102565239649,0.579487860203,2.40512919426,4.43056342192e-06,1.57861195476e-05,0,0,0,0.0166674368083,0,0,0,0,0,5.15404812645e-05,151064.836857
0.236111111111,-0.00102565239649,0.579487860203,2.40512919426,4.43056342192e-06,1.57861195476e-05,0,0,0,0.0166674368083,0,0,0,0,0,5.1539325493e-05,151064.836857
0.247222222222,-0.00102565239649,0.579487860203,2.40512919426,4.43056342192e-06,1.57861195476e-05,0,0,0,0.0166674368083,0,0,0,0,0,5.15396771281e-05,151064.836857
0.258333333333,-0.00102565239649,0.579487860203,2.40512919426,4.43056342192e-06,1.57861195476e-05,0,0,0,0.0166674368083,0,0,0,0,0,5.15384282599e-05,151064.836857
0.269444444444,-0.00102565239649,0.579487860203,2.40512919426,4.43056342192e-06,1.57861195476e-05,0,0,0,0.0166674368083,0,0,0,0,0,5.15388945146e-05,151064.836857
0.280555555556,-0.00102565239649,0.579487860203,2.40512919426,4.43056342192e-06,1.57861195476e-05,0,0,0,0.0166674368083,0,0,0,0,0,5.15375549271e-05,151064.836857
0.291666666667,-0.00102565239649,0.579487860203,2.40512919426,4.43056342192e-06,1.57861195476e-05,0,0,0,0.0166674368083,0,0,0,0,0,5.15385216708e-05,151064.836857
0.302777777778,-0.00102565239649,0.579487860203,2.40512919426,4.43056342192e-06,1.57861195476e-05,0,0,0,0.0166674368083,0,0,0,0,0,5.15378519683e-05,151064.836857
0.313888888889,-0.00102565239649,0.579487860203,2.40512919426,4.43056342192e-06,1.57861195476e-05,0,0,0,0.0166674368083,0,0,0,0,0,5.15367596468e-05,151064.836857
0.325,-0.00102565239649,0.579487860203,2.40512919426,4.43056342192e-06,1.57861195476e-05,0,0,0,0.0166674368083,0,0,0,0,0,5.15364703011e-05,151064.836857
0.336111111111,-0.00102565239649,0.579487860203,2.40512919426,4.43056342192e-06,1.57861195476e-05,0,0,0,0.0166674368083,0,0,0,0,0,5.15366170145e-05,151064.836857
0.347222222222,-0.00102565239649,0.579487860203,2.40512919426,4.43056342192e-06,1.57861195476e-05,0,0,0,0.0166674368083,0,0,0,0,0,5.1536760708e-05,151064.836857
0.358333333333,-0.00102565239649,0.579487860203,2.40512919426,4.43056342192e-06,1.57861195476e-05,0,0,0,0.0166674368083,0,0,0,0,0,5.1535732328e-05,151064.836857
0.369444444444,-0.00102565239649,0.579487860203,2.40512919426,4.43056342192e-06,1.57861195476e-05,0,0,0,0.0166674368083,0,0,0,0,0,5.15361688087e-05,151064.836857
0.380555555556,-0.00102565239649,0.579487860203,2.40512919426,4.43056342192e-06,1.57861195476e-05,0,0,0,0.0166674368083,0,0,0,0,0,5.15316804548e-05,151064.836857
0.391666666667,-0.00102565239649,0.579487860203,2.40512919426,4.43056342192e-06,1.57861195476e-05,0,0,0,0.0166674368083,0,0,0,0,0,5.15316669714e-05,151064.836857
0.402777777778,-0.00102565239649,0.579487860203,2.40512919426,4.43056342192e-06,1.57861195476e-05,0,0,0,0.0166674368083,0,0,0,0,0,5.15313822207e-05,151064.836857
0.413888888889,-0.00102565239649,0.579487860203,2.40512919426,4.43056342192e-06,1.57861195476e-05,0,0,0,0.0166674368083,0,0,0,0,0,5.15324130488e-05,151064.836857
0.425,-0.00102565239649,0.579487860203,2.40512919426,4.43056342192e-06,1.57861195476e-05,0,0,0,0.0166674368083,0,0,0,0,0,5.15320121845e-05,151064.836857
0.436111111111,-0.00102565239649,0.579487860203,2.40512919426,4.43056342192e-06,1.57861195476e-05,0,0,0,0.0166674368083,0,0,0,0,0,5.153233089e-05,151064.836857
0.447222222222,-0.00102565239649,0.579487860203,2.40512919426,4.43056342192e-06,1.57861195476e-05,0,0,0,0.0166674368083,0,0,0,0,0,5.15321008351e-05,151064.836857
0.458333333333,-0.00102565239649,0.579487860203,2.40512919426,4.43056342192e-06,1.57861195476e-05,0,0,0,0.0166674368083,0,0,0,0,0,5.15317202276e-05,151064.836857
0.469444444444,-0.00102565239649,0.579487860203,2.40512919426,4.43056342192e-06,1.57861195476e-05,0,0,0,0.0166674368083,0,0,0,0,0,5.15314298184e-05,151064.836857
0.480555555556,-0.00102565239649,0.579487860203,2.40512919426,4.43056342192e-06,1.57861195476e-05,0,0,0,0.0166674368083,0,0,0,0,0,5.1532424614e-05,151064.836857
0.491666666667,-0.00102565239649,0.579487860203,2.40512919426,4.43056342192e-06,1.57861195476e-05,0,0,0,0.0166674368083,0,0,0,0,0,5.15321159893e-05,151064.836857
0.502777777778,-0.00102565239649,0.579487860203,2.40512919426,4.43056342192e-06,1.57861195476e-05,0,0,0,0.0166674368083,0,0,0,0,0,5.153157613e-05,151064.836857
0.513888888889,-0.00102565239649,0.579487860203,2.40512919426,4.43056342192e-06,1.57861195476e-05,0,0,0,0.0166674368083,0,0,0,0,0,5.15308061733e-05,151064.836857
0.525,-0.00102565239649,0.579487860203,2.40512919426,4.43056342192e-06,1.57861195476e-05,0,0,0,0.0166674368083,0,0,0,0,0,5.15314292012e-05,151064.836857
0.536111111111,-0.00102565239649,0.579487860203,2.40512919426,4.43056342192e-06,1.57861195476e-05,0,0,0,0.0166674368083,0,0,0,0,0,5.1530981391e-05,151064.836857
0.547222222222,-0.00102565239649,0.579487860203,2.40512919426,4.43056342192e-06,1.57861195476e-05,0,0,0,0.0166674368083,0,0,0,0,0,5.15305930564e-05,151064.836857
0.558333333333,-0.00102565239649,0.579487860203,2.40512919426,4.43056342192e-06,1.57861195476e-05,0,0,0,0.0166674368083,0,0,0,0,0,5.15319115542e-05,151064.836857
0.569444444444,-0.00102565239649,0.579487860203,2.40512919426,4.43056342192e-06,1.57861195476e-05,0,0,0,0.0166674368083,0,0,0,0,0,5.15322211381e-05,151064.836857
0.580555555556,-0.00102565239649,0.579487860203,2.40512919426,4.43056342192e-06,1.57861195476e-05,0,0,0,0.0166674368083,0,0,0,0,0,5.15325100821e-05,151064.836857
0.591666666667,-0.00102565239649,0.579487860203,2.40512919426,4.43056342192e-06,1.57861195476e-05,0,0,0,0.0166674368083,0,0,0,0,0,5.15321493034e-05,151064.836857
0.602777777778,-0.00102565239649,0.579487860203,2.40512919426,4.43056342192e-06,1.57861195476e-05,0,0,0,0.0166674368083,0,0,0,0,0,5.15313834931e-05,151064.836857
0.613888888889,-0.00102565239649,0.579487860203,2.40512919426,4.43056342192e-06,1.57861195476e-05,0,0,0,0.0166674368083,0,0,0,0,0,5.15312964717e-05,151064.836857
0.625,-0.00102565239649,0.579487860203,2.40512919426,4.43056342192e-06,1.57861195476e-05,0,0,0,0.0166674368083,0,0,0,0,0,5.15316363296e-05,151064.836857
0.636111111111,-0.00102565239649,0.579487860203,2.40512919426,4.43056342192e-06,1.57861195476e-05,0,0,0,0.0166674368083,0,0,0,0,0,5.15312955633e-05,151064.836857
0.647222222222,-0.00102565239649,0.579487860203,2.40512919426,4.43056342192e-06,1.57861195476e-05,0,0,0,0.0166674368083,0,0,0,0,0,5.15305376441e-05,151064.836857
0.658333333333,-0.00102565239649,0.579487860203,2.40512919426,4.43056342192e-06,1.57861195476e-05,0,0,0,0.0166674368083,0,0,0,0,0,5.15316105788e-05,151064.836857
0.669444444444,-0.00102565239649,0.579487860203,2.40512919426,4.43056342192e-06,1.57861195476e-05,0,0,0,0.0166674368083,0,0,0,0,0,5.15311315821e-05,151064.836857
0.680555555556,-0.00102565239649,0.579487860203,2.40512919426,4.43056342192e-06,1.57861195476e-05,0,0,0,0.0166674368083,0,0,0,0,0,5.15303839825e-05,151064.836857
0.691666666667,-0.00102565239649,0.579487860203,2.40512919426,4.43056342192e-06,1.57861195476e-05,0,0,0,0.0166674368083,0,0,0,0,0,5.15303667221e-05,151064.836857
0.702777777778,-0.00102565239649,0.579487860203,2.40512919426,4.43056342192e-06,1.57861195476e-05,0,0,0,0.0166674368083,0,0,0,0,0,5.15314692163e-05,151064.836857
0.713888888889,-0.00102565239649,0.579487860203,2.40512919426,4.43056342192e-06,1.57861195476e-05,0,0,0,0.0166674368083,0,0,0,0,0,5.15304711373e-05,151064.836857
0.725,-0.00102565239649,0.579487860203,2.40512919426,4.43056342192e-06,1.57861195476e-05,0,0,0,0.0166674368083,0,0,0,0,0,5.15303765725e-05,151064.836857
0.736111111111,-0.00102565239649,0.579487860203,2.40512919426,4.43056342192e-06,1.57861195476e-05,0,0,0,0.0166674368083,0,0,0,0,0,5.15316153446e-05,151064.836857
0.747222222222,-0.00102565239649,0.579487860203,2.40512919426,4.43056342192e-06,1.57861195476e-05,0,0,0,0.0166674368083,0,0,0,0,0,5.15311496365e-05,151064.836857
0.758333333333,-0.00102565239649,0.579487860203,2.40512919426,4.43056342192e-06,1.57861195476e-05,0,0,0,0.0166674368083,0,0,0,0,0,5.15313813561e-05,151064.836857
0.769444444444,-0.00102565239649,0.579487860203,2.40512919426,4.43056342192e-06,1.57861195476e-05,0,0,0,0.0166674368083,0,0,0,0,0,5.1531595359e-05,151064.836857
0.780555555556,-0.00102565239649,0.579487860203,2.40512919426,4.43056342192e-06,1.57861195476e-05,0,0,0,0.0166674368083,0,0,0,0,0,5.15316641707e-05,151064.836857
0.791666666667,-0.00102565239649,0.579487860203,2.40512919426,4.43056342192e-06,1.57861195476e-05,0,0,0,0.0166674368083,0,0,0,0,0,5.1531558236e-05,151064.836857
0.802777777778,-0.00102565239649,0.579487860203,2.40512919426,4.43056342192e-06,1.57861195476e-05,0,0,0,0.0166674368083,0,0,0,0,0,5.15321237652e-05,151064.836857
0.813888888889,-0.00102565239649,0.579487860203,2.40512919426,4.43056342192e-06,1.57861195476e-05,0,0,0,0.0166674368083,0,0,0,0,0,5.15309417131e-05,151064.836857
0.825,-0.00102565239649,0.579487860203,2.40512919426,4.43056342192e-06,1.57861195476e-05,0,0,0,0.0166674368083,0,0,0,0,0,5.15322535267e-05,151064.836857
0.836111111111,-0.00102565239649,0.579487860203,2.40512919426,4.43056342192e-06,1.57861195476e-05,0,0,0,0.0166674368083,0,0,0,0,0,5.15320962443e-05,151064.836857
0.847222222222,-0.00102565239649,0.579487860203,2.40512919426,4.43056342192e-06,1.57861195476e-05,0,0,0,0.0166674368083,0,0,0,0,0,5.15310817855e-05,151064.836857
0.858333333333,-0.00102565239649,0.579487860203,2.40512919426,4.43056342192e-06,1.57861195476e-05,0,0,0,0.0166674368083,0,0,0,0,0,5.15312632818e-05,151064.836857
0.869444444444,-0.00102565239649,0.579487860203,2.40512919426,4.43056342192e-06,1.57861195476e-05,0,0,0,0.0166674368083,0,0,0,0,0,5.15311291779e-05,151064.836857
0.880555555556,-0.00102565239649,0.579487860203,2.40512919426,4.43056342192e-06,1.57861195476e-05,0,0,0,0.0166674368083,0,0,0,0,0,5.15304126004e-05,151064.836857
0.891666666667,-0.00102565239649,0.579487860203,2.40512919426,4.43056342192e-06,1.57861195476e-05,0,0,0,0.0166674368083,0,0,0,0,0,5.15307050713e-05,151064.836857
0.902777777778,-0.00102565239649,0.579487860203,2.40512919426,4.43056342192e-06,1.57861195476e-05,0,0,0,0.0166674368083,0,0,0,0,0,5.15311976717e-05,151064.836857
0.913888888889,-0.00102565239649,0.579487860203,2.40512919426,4.43056342192e-06,1.57861195476e-05,0,0,0,0.0166674368083,0,0,0,0,0,5.15307300985e-05,151064.836857
0.925,-0.00102565239649,0.579487860203,2.40512919426,4.43056342192e-06,1.57861195476e-05,0,0,0,0.0166674368083,0,0,0,0,0,5.15310889498e-05,151064.836857
0.936111111111,-0.00102565239649,0.579487860203,2.40512919426,4.43056342192e-06,1.57861195476e-05,0,0,0,0.0166674368083,0,0,0,0,0,5.15305693308e-05,151064.836857
0.947222222222,-0.00102565239649,0.579487860203,2.40512919426,4.43056342192e-06,1.57861195476e-05,0,0,0,0.0166674368083,0,0,0,0,0,5.15299194773e-05,151064.836857
0.958333333333,-0.00102565239649,0.579487860203,2.40512919426,4.43056342192e-06,1.57861195476e-05,0,0,0,0.0166674368083,0,0,0,0,0,5.15311328098e-05,151064.836857
0.969444444444,-0.00102565239649,0.579487860203,2.40512919426,4.43056342192e-06,1.57861195476e-05,0,0,0,0.0166674368083,0,0,0,0,0,5.15301354917e-05,151064.836857
0.980555555556,-0.00102565239649,0.579487860203,2.40512919426,4.43056342192e-06,1.57861195476e-05,0,0,0,0.0166674368083,0,0,0,0,0,5.15303221274e-05,151064.836857
0.991666666667,-0.00102565239649,0.579487860203,2.40512919426,4.43056342192e-06,1.57861195476e-05,0,0,0,0.0166674368083,0,0,0,0,0,5.1530015079e-05,151064.836857
1.00277777778,-0.00102565239649,0.579487860203,2.40512919426,4.43056342192e-06,1.57861195476e-05,0,0,0,0.0166674368083,0,0,0,0,0,5.15308356237e-05,151064.836857
1.01388888889,-0.00102565239649,0.579487860203,2.40512919426,4.43056342192e-06,1.57861195476e-05,0,0,0,0.0166674368083,0,0,0,0,0,5.1530700358e-05,151064.836857
1.025,-0.00102565239649,0.579487860203,2.40512919426,4.43056342192e-06,1.57861195476e-05,0,0,0,0.0166674368083,0,0,0,0,0,5.15305676817e-05,151064.836857
1.03611111111,-0.00102565239649,0.579487860203,2.40512919426,4.43056342192e-06,1.57861195476e-05,0,0,0,0.0166674368083,0,0,0,0,0,5.15316198902e-05,151064.836857
1.04722222222,-0.00102565239649,0.579487860203,2.40512919426,4.43056342192e-06,1.57861195476e-05,0,0,0,0.0166674368083,0,0,0,0,0,5.15313239366e-05,151064.836857
1.05833333333,-0.00102565239649,0.579487860203,2.40512919426,4.43056342192e-06,1.57861195476e-05,0,0,0,0.0166674368083,0,0,0,0,0,5.15315993888e-05,151064.836857
1.06944444444,-0.00102565239649,0.579487860203,2.40512919426,4.43056342192e-06,1.57861195476e-05,0,0,0,0.0166674368083,0,0,0,0,0,5.15306423193e-05,151064.836857
1.08055555556,-0.00102565239649,0.579487860203,2.40512919426,4.43056342192e-06,1.57861195476e-05,0,0,0,0.0166674368083,0,0,0,0,0,5.15317682398e-05,151064.836857
1.09166666667,-0.00102565239649,0.579487860203,2.40512919426,4.43056342192e-06,1.57861195476e-05,0,0,0,0.0166674368083,0,0,0,0,0,5.15306296051e-05,151064.836857
1.10277777778,-0.00102565239649,0.579487860203,2.40512919426,4.43056342192e-06,1.57861195476e-05,0,0,0,0.0166674368083,0,0,0,0,0,5.1531044582e-05,151064.836857
1.11388888889,-0.00102565239649,0.579487860203,2.40512919426,4.43056342192e-06,1.57861195476e-05,0,0,0,0.0166674368083,0,0,0,0,0,5.1531615555e-05,151064.836857
1.125,-0.00102565239649,0.579487860203,2.40512919426,4.43056342192e-06,1.57861195476e-05,0,0,0,0.0166674368083,0,0,0,0,0,5.15312185005e-05,151064.836857
1.13611111111,-0.00102565239649,0.579487860203,2.40512919426,4.43056342192e-06,1.57861195476e-05,0,0,0,0.0166674368083,0,0,0,0,0,5.15317499816e-05,151064.836857
1.14722222222,-0.00102565239649,0.579487860203,2.40512919426,4.43056342192e-06,1.57861195476e-05,0,0,0,0.0166674368083,0,0,0,0,0,5.15313159904e-05,151064.836857
1.15833333333,-0.00102565239649,0.579487860203,2.40512919426,4.43056342192e-06,1.57861195476e-05,0,0,0,0.0166674368083,0,0,0,0,0,5.15308598675e-05,151064.836857
1.16944444444,-0.00102565239649,0.579487860203,2.40512919426,4.43056342192e-06,1.57861195476e-05,0,0,0,0.0166674368083,0,0,0,0,0,5.15307407327e-05,151064.836857
1.18055555556,-0.00102565239649,0.579487860203,2.40512919426,4.43056342192e-06,1.57861195476e-05,0,0,0,0.0166674368083,0,0,0,0,0,5.15313898927e-05,151064.836857
1.19166666667,-0.00102565239649,0.579487860203,2.40512919426,4.43056342192e-06,1.57861195476e-05,0,0,0,0.0166674368083,0,0,0,0,0,5.15316491548e-05,151064.836857
1.20277777778,-0.00102565239649,0.579487860203,2.40512919426,4.43056342192e-06,1.57861195476e-05,0,0,0,0.0166674368083,0,0,0,0,0,5.15308717341e-05,151064.836857
1.21388888889,-0.00102565239649,0.579487860203,2.40512919426,4.43056342192e-06,1.57861195476e-05,0,0,0,0.0166674368083,0,0,0,0,0,5.15305812971e-05,151064.836857
1.225,-0.00102565239649,0.579487860203,2.40512919426,4.43056342192e-06,1.57861195476e-05,0,0,0,0.0166674368083,0,0,0,0,0,5.15313450746e-05,151064.836857
1.23611111111,-0.00102565239649,0.579487860203,2.40512919426,4.43056342192e-06,1.57861195476e-05,0,0,0,0.0166674368083,0,0,0,0,0,5.15314231917e-05,151064.836857
1.24722222222,-0.00102565239649,0.579487860203,2.40512919426,4.43056342192e-06,1.57861195476e-05,0,0,0,0.0166674368083,0,0,0,0,0,5.15313747116e-05,151064.836857
1.25833333333,-0.00102565239649,0.579487860203,2.40512919426,4.43056342192e-06,1.57861195476e-05,0,0,0,0.0166674368083,0,0,0,0,0,5.15309757172e-05,151064.836857
1.26944444444,-0.00102565239649,0.579487860203,2.40512919426,4.43056342192e-06,1.57861195476e-05,0,0,0,0.0166674368083,0,0,0,0,0,5.15302170123e-05,151064.836857
1.28055555556,-0.00102565239649,0.579487860203,2.40512919426,4.43056342192e-06,1.57861195476e-05,0,0,0,0.0166674368083,0,0,0,0,0,5.152968805e-05,151064.836857
1.29166666667,-0.00102565239649,0.579487860203,2.40512919426,4.43056342192e-06,1.57861195476e-05,0,0,0,0.0166674368083,0,0,0,0,0,5.15309825843e-05,151064.836857
1.30277777778,-0.00102565239649,0.579487860203,2.40512919426,4.43056342192e-06,1.57861195476e-05,0,0,0,0.0166674368083,0,0,0,0,0,5.15305132264e-05,151064.836857
1.31388888889,-0.00102565239649,0.579487860203,2.40512919426,4.43056342192e-06,1.57861195476e-05,0,0,0,0.0166674368083,0,0,0,0,0,5.15302614307e-05,151064.836857
1.325,-0.00102565239649,0.579487860203,2.40512919426,4.43056342192e-06,1.57861195476e-05,0,0,0,0.0166674368083,0,0,0,0,0,5.15300560565e-05,151064.836857
1.33611111111,-0.00102565239649,0.579487860203,2.40512919426,4.43056342192e-06,1.57861195476e-05,0,0,0,0.0166674368083,0,0,0,0,0,5.15301331529e-05,151064.836857
1.34722222222,-0.00102565239649,0.579487860203,2.40512919426,4.43056342192e-06,1.57861195476e-05,0,0,0,0.0166674368083,0,0,0,0,0,5.15304586732e-05,151064.836857
1.35833333333,-0.00102565239649,0.579487860203,2.40512919426,4.43056342192e-06,1.57861195476e-05,0,0,0,0.0166674368083,0,0,0,0,0,5.15304619352e-05,151064.836857
1.36944444444,-0.00102565239649,0.579487860203,2.40512919426,4.43056342192e-06,1.57861195476e-05,0,0,0,0.0166674368083,0,0,0,0,0,5.15299481086e-05,151064.836857
1.38055555556,-0.00102565239649,0.579487860203,2.40512919426,4.43056342192e-06,1.57861195476e-05,0,0,0,0.0166674368083,0,0,0,0,0,5.15305228155e-05,151064.836857
1.39166666667,-0.00102565239649,0.579487860203,2.40512919426,4.43056342192e-06,1.57861195476e-05,0,0,0,0.0166674368083,0,0,0,0,0,5.15308352152e-05,151064.836857
1.40277777778,-0.00102565239649,0.579487860203,2.40512919426,4.43056342192e-06,1.57861195476e-05,0,0,0,0.0166674368083,0,0,0,0,0,5.15304168922e-05,151064.836857
1.41388888889,-0.00102565239649,0.579487860203,2.40512919426,4.43056342192e-06,1.57861195476e-05,0,0,0,0.0166674368083,0,0,0,0,0,5.15308380988e-05,151064.836857
1.425,-0.00102565239649,0.579487860203,2.40512919426,4.43056342192e-06,1.57861195476e-05,0,0,0,0.0166674368083,0,0,0,0,0,5.15303901731e-05,151064.836857
1.43611111111,-0.00102565239649,0.579487860203,2.40512919426,4.43056342192e-06,1.57861195476e-05,0,0,0,0.0166674368083,0,0,0,0,0,5.15297903249e-05,151064.836857
1.44722222222,-0.00102565239649,0.579487860203,2.40512919426,4.43056342192e-06,1.57861195476e-05,0,0,0,0.0166674368083,0,0,0,0,0,5.15298820395e-05,151064.836857
1.45833333333,-0.00102565239649,0.579487860203,2.40512919426,4.43056342192e-06,1.57861195476e-05,0,0,0,0.0166674368083,0,0,0,0,0,5.15296702352e-05,151064.836857
1.46944444444,-0.00102565239649,0.579487860203,2.40512919426,4.43056342192e-06,1.57861195476e-05,0,0,0,0.0166674368083,0,0,0,0,0,5.15306995607e-05,151064.836857
1.48055555556,-0.00102565239649,0.579487860203,2.40512919426,4.43056342192e-06,1.57861195476e-05,0,0,0,0.0166674368083,0,0,0,0,0,5.15300770766e-05,151064.836857
1.49166666667,-0.00102565239649,0.579487860203,2.40512919426,4.43056342192e-06,1.57861195476e-05,0,0,0,0.0166674368083,0,0,0,0,0,5.1530139188e-05,151064.836857
1.50277777778,-0.00102565239649,0.579487860203,2.40512919426,4.43056342192e-06,1.57861195476e-05,0,0,0,0.0166674368083,0,0,0,0,0,5.15295487663e-05,151064.836857
1.51388888889,-0.00102565239649,0.579487860203,2.40512919426,4.43056342192e-06,1.57861195476e-05,0,0,0,0.0166674368083,0,0,0,0,0,5.1530074598e-05,151064.836857
1.525,-0.00102565239649,0.579487860203,2.40512919426,4.43056342192e-06,1.57861195476e-05,0,0,0,0.0166674368083,0,0,0,0,0,5.15307033456e-05,151064.836857
1.53611111111,-0.00102565239649,0.579487860203,2.40512919426,4.43056342192e-06,1.57861195476e-05,0,0,0,0.0166674368083,0,0,0,0,0,5.15300210033e-05,151064.836857
1.54722222222,-0.00102565239649,0.579487860203,2.40512919426,4.43056342192e-06,1.57861195476e-05,0,0,0,0.0166674368083,0,0,0,0,0,5.15296405558e-05,151064.836857
1.55833333333,-0.00102565239649,0.579487860203,2.40512919426,4.43056342192e-06,1.57861195476e-05,0,0,0,0.0166674368083,0,0,0,0,0,5.15306235867e-05,151064.836857
1.56944444444,-0.00102565239649,0.579487860203,2.40512919426,4.43056342192e-06,1.57861195476e-05,0,0,0,0.0166674368083,0,0,0,0,0,5.15305047394e-05,151064.836857
1.58055555556,-0.00102565239649,0.579487860203,2.40512919426,4.43056342192e-06,1.57861195476e-05,0,0,0,0.0166674368083,0,0,0,0,0,5.15301737917e-05,151064.836857
1.59166666667,-0.00102565239649,0.579487860203,2.40512919426,4.43056342192e-06,1.57861195476e-05,0,0,0,0.0166674368083,0,0,0,0,0,5.15308530465e-05,151064.836857
1.60277777778,-0.00102565239649,0.579487860203,2.40512919426,4.43056342192e-06,1.57861195476e-05,0,0,0,0.0166674368083,0,0,0,0,0,5.15305983133e-05,151064.836857
1.61388888889,-0.00102565239649,0.579487860203,2.40512919426,4.43056342192e-06,1.57861195476e-05,0,0,0,0.0166674368083,0,0,0,0,0,5.15296348888e-05,151064.836857
1.625,-0.00102565239649,0.579487860203,2.40512919426,4.43056342192e-06,1.57861195476e-05,0,0,0,0.0166674368083,0,0,0,0,0,5.15296546467e-05,151064.836857
1.63611111111,-0.00102565239649,0.579487860203,2.40512919426,4.43056342192e-06,1.57861195476e-05,0,0,0,0.0166674368083,0,0,0,0,0,5.15302441203e-05,151064.836857
1.64722222222,-0.00102565239649,0.579487860203,2.40512919426,4.43056342192e-06,1.57861195476e-05,0,0,0,0.0166674368083,0,0,0,0,0,5.15301231025e-05,151064.836857
1.65833333333,-0.00102565239649,0.579487860203,2.40512919426,4.43056342192e-06,1.57861195476e-05,0,0,0,0.0166674368083,0,0,0,0,0,5.15297339715e-05,151064.836857
1.66944444444,-0.00102565239649,0.579487860203,2.40512919426,4.43056342192e-06,1.57861195476e-05,0,0,0,0.0166674368083,0,0,0,0,0,5.15303725529e-05,151064.836857
1.68055555556,-0.00102565239649,0.579487860203,2.40512919426,4.43056342192e-06,1.57861195476e-05,0,0,0,0.0166674368083,0,0,0,0,0,5.15298640913e-05,151064.836857
1.69166666667,-0.00102565239649,0.579487860203,2.40512919426,4.43056342192e-06,1.57861195476e-05,0,0,0,0.0166674368083,0,0,0,0,0,5.15307121266e-05,151064.836857
1.70277777778,-0.00102565239649,0.579487860203,2.40512919426,4.43056342192e-06,1.57861195476e-05,0,0,0,0.0166674368083,0,0,0,0,0,5.15302937171e-05,151064.836857
1.71388888889,-0.00102565239649,0.579487860203,2.40512919426,4.43056342192e-06,1.57861195476e-05,0,0,0,0.0166674368083,0,0,0,0,0,5.15295933758e-05,151064.836857
1.725,-0.00102565239649,0.579487860203,2.40512919426,4.43056342192e-06,1.57861195476e-05,0,0,0,0.0166674368083,0,0,0,0,0,5.15295562748e-05,151064.836857
1.73611111111,-0.00102565239649,0.579487860203,2.40512919426,4.43056342192e-06,1.57861195476e-05,0,0,0,0.0166674368083,0,0,0,0,0,5.15300460757e-05,151064.836857
1.74722222222,-0.00102565239649,0.579487860203,2.40512919426,4.43056342192e-06,1.57861195476e-05,0,0,0,0.0166674368083,0,0,0,0,0,5.15307524215e-05,151064.836857
1.75833333333,-0.00102565239649,0.579487860203,2.40512919426,4.43056342192e-06,1.57861195476e-05,0,0,0,0.0166674368083,0,0,0,0,0,5.15304434314e-05,151064.836857
1.76944444444,-0.00102565239649,0.579487860203,2.40512919426,4.43056342192e-06,1.57861195476e-05,0,0,0,0.0166674368083,0,0,0,0,0,5.15295629483e-05,151064.836857
1.78055555556,-0.00102565239649,0.579487860203,2.40512919426,4.43056342192e-06,1.57861195476e-05,0,0,0,0.0166674368083,0,0,0,0,0,5.15306069765e-05,151064.836857
1.79166666667,-0.00102565239649,0.579487860203,2.40512919426,4.43056342192e-06,1.57861195476e-05,0,0,0,0.0166674368083,0,0,0,0,0,5.15308122019e-05,151064.836857
1.80277777778,-0.00102565239649,0.579487860203,2.40512919426,4.43056342192e-06,1.57861195476e-05,0,0,0,0.0166674368083,0,0,0,0,0,5.15296762779e-05,151064.836857
1.81388888889,-0.00102565239649,0.579487860203,2.40512919426,4.43056342192e-06,1.57861195476e-05,0,0,0,0.0166674368083,0,0,0,0,0,5.1530034341e-05,151064.836857
1.825,-0.00102565239649,0.579487860203,2.40512919426,4.43056342192e-06,1.57861195476e-05,0,0,0,0.0166674368083,0,0,0,0,0,5.15298228026e-05,151064.836857
1.83611111111,-0.00102565239649,0.579487860203,2.40512919426,4.43056342192e-06,1.57861195476e-05,0,0,0,0.0166674368083,0,0,0,0,0,5.15298036362e-05,151064.836857
1.84722222222,-0.00102565239649,0.579487860203,2.40512919426,4.43056342192e-06,1.57861195476e-05,0,0,0,0.0166674368083,0,0,0,0,0,5.15302229915e-05,151064.836857
1.85833333333,-0.00102565239649,0.579487860203,2.40512919426,4.43056342192e-06,1.57861195476e-05,0,0,0,0.0166674368083,0,0,0,0,0,5.15296573313e-05,151064.836857
1.86944444444,-0.00102565239649,0.579487860203,2.40512919426,4.43056342192e-06,1.57861195476e-05,0,0,0,0.0166674368083,0,0,0,0,0,5.15299320796e-05,151064.836857
1.88055555556,-0.00102565239649,0.579487860203,2.40512919426,4.43056342192e-06,1.57861195476e-05,0,0,0,0.0166674368083,0,0,0,0,0,5.15303209905e-05,151064.836857
1.89166666667,-0.00102565239649,0.579487860203,2.40512919426,4.43056342192e-06,1.57861195476e-05,0,0,0,0.0166674368083,0,0,0,0,0,5.15296708527e-05,151064.836857
1.90277777778,-0.00102565239649,0.579487860203,2.40512919426,4.43056342192e-06,1.57861195476e-05,0,0,0,0.0166674368083,0,0,0,0,0,5.1530065662e-05,151064.836857
1.91388888889,-0.00102565239649,0.579487860203,2.40512919426,4.43056342192e-06,1.57861195476e-05,0,0,0,0.0166674368083,0,0,0,0,0,5.1530066819e-05,151064.836857
1.925,-0.00102565239649,0.579487860203,2.40512919426,4.43056342192e-06,1.57861195476e-05,0,0,0,0.0166674368083,0,0,0,0,0,5.1530130452e-05,151064.836857
1.93611111111,-0.00102565239649,0.579487860203,2.40512919426,4.43056342192e-06,1.57861195476e-05,0,0,0,0.0166674368083,0,0,0,0,0,5.15308842162e-05,151064.836857
1.94722222222,-0.00102565239649,0.579487860203,2.40512919426,4.43056342192e-06,1.57861195476e-05,0,0,0,0.0166674368083,0,0,0,0,0,5.15305110569e-05,151064.836857
1.95833333333,-0.00102565239649,0.579487860203,2.40512919426,4.43056342192e-06,1.57861195476e-05,0,0,0,0.0166674368083,0,0,0,0,0,5.1529991675e-05,151064.836857
1.96944444444,-0.00102565239649,0.579487860203,2.40512919426,4.43056342192e-06,1.57861195476e-05,0,0,0,0.0166674368083,0,0,0,0,0,5.1529851278e-05,151064.836857
1.98055555556,-0.00102565239649,0.579487860203,2.40512919426,4.43056342192e-06,1.57861195476e-05,0,0,0,0.0166674368083,0,0,0,0,0,5.15302211751e-05,151064.836857
1.99166666667,-0.00102565239649,0.579487860203,2.40512919426,4.43056342192e-06,1.57861195476e-05,0,0,0,0.0166674368083,0,0,0,0,0,5.15296289404e-05,151064.836857
2.00277777778,-0.00102565239649,0.579487860203,2.40512919426,4.43056342192e-06,1.57861195476e-05,0,0,0,0.0166674368083,0,0,0,0,0,5.15298760244e-05,151064.836857
2.01388888889,-0.00102565239649,0.579487860203,2.40512919426,4.43056342192e-06,1.57861195476e-05,0,0,0,0.0166674368083,0,0,0,0,0,5.1530663473e-05,151064.836857
2.025,-0.00102565239649,0.579487860203,2.40512919426,4.43056342192e-06,1.57861195476e-05,0,0,0,0.0166674368083,0,0,0,0,0,5.15299663244e-05,151064.836857
2.03611111111,-0.00102565239649,0.579487860203,2.40512919426,4.43056342192e-06,1.57861195476e-05,0,0,0,0.0166674368083,0,0,0,0,0,5.15298271182e-05,151064.836857
2.04722222222,-0.00102565239649,0.579487860203,2.40512919426,4.43056342192e-06,1.57861195476e-05,0,0,0,0.0166674368083,0,0,0,0,0,5.15308902655e-05,151064.836857
2.05833333333,-0.00102565239649,0.579487860203,2.40512919426,4.43056342192e-06,1.57861195476e-05,0,0,0,0.0166674368083,0,0,0,0,0,5.15305126769e-05,151064.836857
2.06944444444,-0.00102565239649,0.579487860203,2.40512919426,4.43056342192e-06,1.57861195476e-05,0,0,0,0.0166674368083,0,0,0,0,0,5.15314977511e-05,151064.836857
2.08055555556,-0.00102565239649,0.579487860203,2.40512919426,4.43056342192e-06,1.57861195476e-05,0,0,0,0.0166674368083,0,0,0,0,0,5.15295139178e-05,151064.836857
2.09166666667,-0.00102565239649,0.579487860203,2.40512919426,4.43056342192e-06,1.57861195476e-05,0,0,0,0.0166674368083,0,0,0,0,0,5.15297397257e-05,151064.836857
2.10277777778,-0.00102565239649,0.579487860203,2.40512919426,4.43056342192e-06,1.57861195476e-05,0,0,0,0.0166674368083,0,0,0,0,0,5.15302435864e-05,151064.836857
2.11388888889,-0.00102565239649,0.579487860203,2.40512919426,4.43056342192e-06,1.57861195476e-05,0,0,0,0.0166674368083,0,0,0,0,0,5.1530467317e-05,151064.836857
2.125,-0.00102565239649,0.579487860203,2.40512919426,4.43056342192e-06,1.57861195476e-05,0,0,0,0.0166674368083,0,0,0,0,0,5.15303193179e-05,151064.836857
2.13611111111,-0.00102565239649,0.579487860203,2.40512919426,4.43056342192e-06,1.57861195476e-05,0,0,0,0.0166674368083,0,0,0,0,0,5.15302137012e-05,151064.836857
2.14722222222,-0.00102565239649,0.579487860203,2.40512919426,4.43056342192e-06,1.57861195476e-05,0,0,0,0.0166674368083,0,0,0,0,0,5.15300075192e-05,151064.836857
2.15833333333,-0.00102565239649,0.579487860203,2.40512919426,4.43056342192e-06,1.57861195476e-05,0,0,0,0.0166674368083,0,0,0,0,0,5.15301932479e-05,151064.836857
2.16944444444,-0.00102565239649,0.579487860203,2.40512919426,4.43056342192e-06,1.57861195476e-05,0,0,0,0.0166674368083,0,0,0,0,0,5.15298523128e-05,151064.836857
2.18055555556,-0.00102565239649,0.579487860203,2.40512919426,4.43056342192e-06,1.57861195476e-05,0,0,0,0.0166674368083,0,0,0,0,0,5.15303168339e-05,151064.836857
2.19166666667,-0.00102565239649,0.579487860203,2.40512919426,4.43056342192e-06,1.57861195476e-05,0,0,0,0.0166674368083,0,0,0,0,0,5.15298394113e-05,151064.836857
2.20277777778,-0.00102565239649,0.579487860203,2.40512919426,4.43056342192e-06,1.57861195476e-05,0,0,0,0.0166674368083,0,0,0,0,0,5.15302732683e-05,151064.836857
2.21388888889,-0.00102565239649,0.579487860203,2.40512919426,4.43056342192e-06,1.57861195476e-05,0,0,0,0.0166674368083,0,0,0,0,0,5.15298789523e-05,151064.836857
2.225,-0.00102565239649,0.579487860203,2.40512919426,4.43056342192e-06,1.57861195476e-05,0,0,0,0.0166674368083,0,0,0,0,0,5.15298699071e-05,151064.836857
2.23611111111,-0.00102565239649,0.579487860203,2.40512919426,4.43056342192e-06,1.57861195476e-05,0,0,0,0.0166674368083,0,0,0,0,0,5.15298317453e-05,151064.836857
2.24722222222,-0.00102565239649,0.579487860203,2.40512919426,4.43056342192e-06,1.57861195476e-05,0,0,0,0.0166674368083,0,0,0,0,0,5.15298958177e-05,151064.836857
2.25833333333,-0.00102565239649,0.579487860203,2.40512919426,4.43056342192e-06,1.57861195476e-05,0,0,0,0.0166674368083,0,0,0,0,0,5.15299557996e-05,151064.836857
2.26944444444,-0.00102565239649,0.579487860203,2.40512919426,4.43056342192e-06,1.57861195476e-05,0,0,0,0.0166674368083,0,0,0,0,0,5.15301307956e-05,151064.836857
2.28055555556,-0.00102565239649,0.579487860203,2.40512919426,4.43056342192e-06,1.57861195476e-05,0,0,0,0.0166674368083,0,0,0,0,0,5.15297863219e-05,151064.836857
2.29166666667,-0.00102565239649,0.579487860203,2.40512919426,4.43056342192e-06,1.57861195476e-05,0,0,0,0.0166674368083,0,0,0,0,0,5.1529719177e-05,151064.836857
2.30277777778,-0.00102565239649,0.579487860203,2.40512919426,4.43056342192e-06,1.57861195476e-05,0,0,0,0.0166674368083,0,0,0,0,0,5.15304331791e-05,151064.836857
2.31388888889,-0.00102565239649,0.579487860203,2.40512919426,4.43056342192e-06,1.57861195476e-05,0,0,0,0.0166674368083,0,0,0,0,0,5.15301266255e-05,151064.836857
2.325,-0.00102565239649,0.579487860203,2.40512919426,4.43056342192e-06,1.57861195476e-05,0,0,0,0.0166674368083,0,0,0,0,0,5.1531078245e-05,151064.836857
2.33611111111,-0.00102565239649,0.579487860203,2.40512919426,4.43056342192e-06,1.57861195476e-05,0,0,0,0.0166674368083,0,0,0,0,0,5.15299002145e-05,151064.836857
2.34722222222,-0.00102565239649,0.579487860203,2.40512919426,4.43056342192e-06,1.57861195476e-05,0,0,0,0.0166674368083,0,0,0,0,0,5.15304513054e-05,151064.836857
2.35833333333,-0.00102565239649,0.579487860203,2.40512919426,4.43056342192e-06,1.57861195476e-05,0,0,0,0.0166674368083,0,0,0,0,0,5.15314149004e-05,151064.836857
2.36944444444,-0.00102565239649,0.579487860203,2.40512919426,4.43056342192e-06,1.57861195476e-05,0,0,0,0.0166674368083,0,0,0,0,0,5.15306038739e-05,151064.836857
2.38055555556,-0.00102565239649,0.579487860203,2.40512919426,4.43056342192e-06,1.57861195476e-05,0,0,0,0.0166674368083,0,0,0,0,0,5.15306072022e-05,151064.836857
2.39166666667,-0.00102565239649,0.579487860203,2.40512919426,4.43056342192e-06,1.57861195476e-05,0,0,0,0.0166674368083,0,0,0,0,0,5.1530318272e-05,151064.836857
2.40277777778,-0.00102565239649,0.579487860203,2.40512919426,4.43056342192e-06,1.57861195476e-05,0,0,0,0.0166674368083,0,0,0,0,0,5.15304925855e-05,151064.836857
2.41388888889,-0.00102565239649,0.579487860203,2.40512919426,4.43056342192e-06,1.57861195476e-05,0,0,0,0.0166674368083,0,0,0,0,0,5.15305594566e-05,151064.836857
2.425,-0.00102565239649,0.579487860203,2.40512919426,4.43056342192e-06,1.57861195476e-05,0,0,0,0.0166674368083,0,0,0,0,0,5.1529880816e-05,151064.836857
2.43611111111,-0.00102565239649,0.579487860203,2.40512919426,4.43056342192e-06,1.57861195476e-05,0,0,0,0.0166674368083,0,0,0,0,0,5.15311569842e-05,151064.836857
2.44722222222,-0.00102565239649,0.579487860203,2.40512919426,4.43056342192e-06,1.57861195476e-05,0,0,0,0.0166674368083,0,0,0,0,0,5.15295742414e-05,151064.836857
2.45833333333,-0.00102565239649,0.579487860203,2.40512919426,4.43056342192e-06,1.57861195476e-05,0,0,0,0.0166674368083,0,0,0,0,0,5.1529856138e-05,151064.836857
2.46944444444,-0.00102565239649,0.579487860203,2.40512919426,4.43056342192e-06,1.57861195476e-05,0,0,0,0.0166674368083,0,0,0,0,0,5.15301362974e-05,151064.836857
2.48055555556,-0.00102565239649,0.579487860203,2.40512919426,4.43056342192e-06,1.57861195476e-05,0,0,0,0.0166674368083,0,0,0,0,0,5.15299254905e-05,151064.836857
2.49166666667,-0.00102565239649,0.579487860203,2.40512919426,4.43056342192e-06,1.57861195476e-05,0,0,0,0.0166674368083,0,0,0,0,0,5.15305003716e-05,151064.836857
2.50277777778,-0.00102565239649,0.579487860203,2.40512919426,4.43056342192e-06,1.57861195476e-05,0,0,0,0.0166674368083,0,0,0,0,0,5.15300071684e-05,151064.836857
2.51388888889,-0.00102565239649,0.579487860203,2.40512919426,4.43056342192e-06,1.57861195476e-05,0,0,0,0.0166674368083,0,0,0,0,0,5.15305682723e-05,151064.836857
2.525,-0.00102565239649,0.579487860203,2.40512919426,4.43056342192e-06,1.57861195476e-05,0,0,0,0.0166674368083,0,0,0,0,0,5.15296403499e-05,151064.836857
2.53611111111,-0.00102565239649,0.579487860203,2.40512919426,4.43056342192e-06,1.57861195476e-05,0,0,0,0.0166674368083,0,0,0,0,0,5.15296845874e-05,151064.836857
2.54722222222,-0.00102565239649,0.579487860203,2.40512919426,4.43056342192e-06,1.57861195476e-05,0,0,0,0.0166674368083,0,0,0,0,0,5.1530968058e-05,151064.836857
2.55833333333,-0.00102565239649,0.579487860203,2.40512919426,4.43056342192e-06,1.57861195476e-05,0,0,0,0.0166674368083,0,0,0,0,0,5.15305545878e-05,151064.836857
2.56944444444,-0.00102565239649,0.579487860203,2.40512919426,4.43056342192e-06,1.57861195476e-05,0,0,0,0.0166674368083,0,0,0,0,0,5.15302846048e-05,151064.836857
2.58055555556,-0.00102565239649,0.579487860203,2.40512919426,4.43056342192e-06,1.57861195476e-05,0,0,0,0.0166674368083,0,0,0,0,0,5.15295341302e-05,151064.836857
2.59166666667,-0.00102565239649,0.579487860203,2.40512919426,4.43056342192e-06,1.57861195476e-05,0,0,0,0.0166674368083,0,0,0,0,0,5.15301981451e-05,151064.836857
2.60277777778,-0.00102565239649,0.579487860203,2.40512919426,4.43056342192e-06,1.57861195476e-05,0,0,0,0.0166674368083,0,0,0,0,0,5.15301265779e-05,151064.836857
2.61388888889,-0.00102565239649,0.579487860203,2.40512919426,4.43056342192e-06,1.57861195476e-05,0,0,0,0.0166674368083,0,0,0,0,0,5.15295657908e-05,151064.836857
2.625,-0.00102565239649,0.579487860203,2.40512919426,4.43056342192e-06,1.57861195476e-05,0,0,0,0.0166674368083,0,0,0,0,0,5.15305154472e-05,151064.836857
2.63611111111,-0.00102565239649,0.579487860203,2.40512919426,4.43056342192e-06,1.57861195476e-05,0,0,0,0.0166674368083,0,0,0,0,0,5.15306774214e-05,151064.836857
2.64722222222,-0.00102565239649,0.579487860203,2.40512919426,4.43056342192e-06,1.57861195476e-05,0,0,0,0.0166674368083,0,0,0,0,0,5.15306470404e-05,151064.836857
2.65833333333,-0.00102565239649,0.579487860203,2.40512919426,4.43056342192e-06,1.57861195476e-05,0,0,0,0.0166674368083,0,0,0,0,0,5.15301250598e-05,151064.836857
2.66944444444,-0.00102565239649,0.579487860203,2.40512919426,4.43056342192e-06,1.57861195476e-05,0,0,0,0.0166674368083,0,0,0,0,0,5.15301814173e-05,151064.836857
2.68055555556,-0.00102565239649,0.579487860203,2.40512919426,4.43056342192e-06,1.57861195476e-05,0,0,0,0.0166674368083,0,0,0,0,0,5.15301092812e-05,151064.836857
2.69166666667,-0.00102565239649,0.579487860203,2.40512919426,4.43056342192e-06,1.57861195476e-05,0,0,0,0.0166674368083,0,0,0,0,0,5.15301275057e-05,151064.836857
2.70277777778,-0.00102565239649,0.579487860203,2.40512919426,4.43056342192e-06,1.57861195476e-05,0,0,0,0.0166674368083,0,0,0,0,0,5.15297494644e-05,151064.836857
2.71388888889,-0.00102565239649,0.579487860203,2.40512919426,4.43056342192e-06,1.57861195476e-05,0,0,0,0.0166674368083,0,0,0,0,0,5.15304380905e-05,151064.836857
2.725,-0.00102565239649,0.579487860203,2.40512919426,4.43056342192e-06,1.57861195476e-05,0,0,0,0.0166674368083,0,0,0,0,0,5.1529824739e-05,151064.836857
2.73611111111,-0.00102565239649,0.579487860203,2.40512919426,4.43056342192e-06,1.57861195476e-05,0,0,0,0.0166674368083,0,0,0,0,0,5.15303216215e-05,151064.836857
2.74722222222,-0.00102565239649,0.579487860203,2.40512919426,4.43056342192e-06,1.57861195476e-05,0,0,0,0.0166674368083,0,0,0,0,0,5.15309974771e-05,151064.836857
2.75833333333,-0.00102565239649,0.579487860203,2.40512919426,4.43056342192e-06,1.57861195476e-05,0,0,0,0.0166674368083,0,0,0,0,0,5.15306507376e-05,151064.836857
2.76944444444,-0.00102565239649,0.579487860203,2.40512919426,4.43056342192e-06,1.57861195476e-05,0,0,0,0.0166674368083,0,0,0,0,0,5.15295551076e-05,151064.836857
2.78055555556,-0.00102565239649,0.579487860203,2.40512919426,4.43056342192e-06,1.57861195476e-05,0,0,0,0.0166674368083,0,0,0,0,0,5.15305548097e-05,151064.836857
2.79166666667,-0.00102565239649,0.579487860203,2.40512919426,4.43056342192e-06,1.57861195476e-05,0,0,0,0.0166674368083,0,0,0,0,0,5.15299035209e-05,151064.836857
2.80277777778,-0.00102565239649,0.579487860203,2.40512919426,4.43056342192e-06,1.57861195476e-05,0,0,0,0.0166674368083,0,0,0,0,0,5.15312094688e-05,151064.836857
2.81388888889,-0.00102565239649,0.579487860203,2.40512919426,4.43056342192e-06,1.57861195476e-05,0,0,0,0.0166674368083,0,0,0,0,0,5.15301215836e-05,151064.836857
2.825,-0.00102565239649,0.579487860203,2.40512919426,4.43056342192e-06,1.57861195476e-05,0,0,0,0.0166674368083,0,0,0,0,0,5.1531152219e-05,151064.836857
2.83611111111,-0.00102565239649,0.579487860203,2.40512919426,4.43056342192e-06,1.57861195476e-05,0,0,0,0.0166674368083,0,0,0,0,0,5.15300794709e-05,151064.836857
2.84722222222,-0.00102565239649,0.579487860203,2.40512919426,4.43056342192e-06,1.57861195476e-05,0,0,0,0.0166674368083,0,0,0,0,0,5.15298272532e-05,151064.836857
2.85833333333,-0.00102565239649,0.579487860203,2.40512919426,4.43056342192e-06,1.57861195476e-05,0,0,0,0.0166674368083,0,0,0,0,0,5.15303155553e-05,151064.836857
2.86944444444,-0.00102565239649,0.579487860203,2.40512919426,4.43056342192e-06,1.57861195476e-05,0,0,0,0.0166674368083,0,0,0,0,0,5.15306798271e-05,151064.836857
2.88055555556,-0.00102565239649,0.579487860203,2.40512919426,4.43056342192e-06,1.57861195476e-05,0,0,0,0.0166674368083,0,0,0,0,0,5.1529913141e-05,151064.836857
2.89166666667,-0.00102565239649,0.579487860203,2.40512919426,4.43056342192e-06,1.57861195476e-05,0,0,0,0.0166674368083,0,0,0,0,0,5.15302759378e-05,151064.836857
2.90277777778,-0.00102565239649,0.579487860203,2.40512919426,4.43056342192e-06,1.57861195476e-05,0,0,0,0.0166674368083,0,0,0,0,0,5.15306388254e-05,151064.836857
2.91388888889,-0.00102565239649,0.579487860203,2.40512919426,4.43056342192e-06,1.57861195476e-05,0,0,0,0.0166674368083,0,0,0,0,0,5.15301250576e-05,151064.836857
2.925,-0.00102565239649,0.579487860203,2.40512919426,4.43056342192e-06,1.57861195476e-05,0,0,0,0.0166674368083,0,0,0,0,0,5.15296433454e-05,151064.836857
2.93611111111,-0.00102565239649,0.579487860203,2.40512919426,4.43056342192e-06,1.57861195476e-05,0,0,0,0.0166674368083,0,0,0,0,0,5.15306972235e-05,151064.836857
2.94722222222,-0.00102565239649,0.579487860203,2.40512919426,4.43056342192e-06,1.57861195476e-05,0,0,0,0.0166674368083,0,0,0,0,0,5.15309452146e-05,151064.836857
2.95833333333,-0.00102565239649,0.579487860203,2.40512919426,4.43056342192e-06,1.57861195476e-05,0,0,0,0.0166674368083,0,0,0,0,0,5.15308450258e-05,151064.836857
2.96944444444,-0.00102565239649,0.579487860203,2.40512919426,4.43056342192e-06,1.57861195476e-05,0,0,0,0.0166674368083,0,0,0,0,0,5.1529877726e-05,151064.836857
2.98055555556,-0.00102565239649,0.579487860203,2.40512919426,4.43056342192e-06,1.57861195476e-05,0,0,0,0.0166674368083,0,0,0,0,0,5.15306295125e-05,151064.836857
2.99166666667,-0.00102565239649,0.579487860203,2.40512919426,4.43056342192e-06,1.57861195476e-05,0,0,0,0.0166674368083,0,0,0,0,0,5.15302957135e-05,151064.836857
3.00277777778,-0.00102565239649,0.579487860203,2.40512919426,4.43056342192e-06,1.57861195476e-05,0,0,0,0.0166674368083,0.00343322753906,0,0,0,0,0.00172925492073,151064.836857
3.01388888889,-0.00102565239649,0.579487860203,2.40512919426,4.43056342192e-06,1.57861195476e-05,0,0,0,0.0166674368083,0.0376224517822,0,0,0,0,0.028213471247,151064.836857
3.025,-0.00102565239649,0.579487860203,2.40512919426,4.43056342192e-06,1.57861195476e-05,0,0,0,0.0166674368083,0.110864639282,0,0,0,0,0.0906181942735,151064.836857
3.03611111111,-0.00102565239649,0.579487860203,2.40512919426,4.43056342192e-06,1.57861195476e-05,0,0,0,0.0166674368083,0.222587585449,0,0,0,0,0.188327677081,151064.836857
3.04722222222,-0.00102565239649,0.579487860203,2.40512919426,4.43056342192e-06,1.57861195476e-05,0,0,0,0.0166674368083,0.373220443726,0,0,0,0,0.321400722319,151064.836857
3.05833333333,-0.00102565239649,0.579487860203,2.40512919426,4.43056342192e-06,1.57861195476e-05,0,0,0,0.0166674368083,0.562334060669,0,0,0,0,0.490062693073,151064.836857
3.06944444444,-0.00102565239649,0.579487860203,2.40512919426,4.43056342192e-06,1.57861195476e-05,0,0,0,0.0166674368083,0.790214538574,0,0,0,0,0.693848580406,151064.836857
3.08055555556,-0.00102565239649,0.579487860203,2.40512919426,4.43056342192e-06,1.57861195476e-05,0,0,0,0.0166674368083,1.05671882629,0,0,0,0,0.933503458355,151064.836857
3.09166666667,-0.00102565239649,0.579487860203,2.40512919426,4.43056342192e-06,1.57861195476e-05,0,0,0,0.0166674368083,1.36198997498,0,0,0,0,1.20802877246,151064.836857
3.10277777778,-0.00102565239649,0.579487860203,2.40512919426,4.43056342192e-06,2.28881835938e-05,0,0,0,0.0166674368083,1.70602798462,0,0,0,0,1.51857345753,151064.836857
3.11388888889,-0.00102565239649,0.579487860203,2.40512919426,4.43056342192e-06,2.28881835938e-05,0,0,0,0.0166674368083,2.08868980408,0,0,0,0,1.8647793501,151064.837419
3.125,-0.00102565239649,0.579487860203,2.40512919426,4.43056342192e-06,2.29080433201e-05,0,0,0,0.0166674368083,2.51040458679,0,0,0,0,2.24698366442,151064.837699
3.13611111111,-0.00102565239649,0.579487860203,2.40512919426,4.43056342192e-06,2.29080433201e-05,0,0,-3.05505682263e-06,0.0166674368083,2.97060012817,0,0,0,0,2.6645168323,151064.83798
3.14722222222,-0.00102565239649,0.579487860203,2.40512919426,4.43056342192e-06,2.29390388995e-05,0,0,-7.30927649784e-06,0.0166674368083,3.46999168396,0,0,0,0,3.11788546451,151064.838261
3.15833333333,-0.00102565239649,0.579487860203,2.40512919426,4.43056342192e-06,2.29080433201e-05,0,0,-1.1738988178e-05,0.0166674368083,4.00786399841,0,0,0,0,3.60714025679,151064.838261
3.16944444444,-0.00102565239649,0.579487860203,2.40512919426,4.43056342192e-06,2.29675188166e-05,0,0,-1.63081804203e-05,0.0166674368083,4.58478927612,0,0,0,0,4.13235583167,151064.838261
3.18055555556,-0.00102565239649,0.579487860203,2.40512919426,4.43056342192e-06,2.29080433201e-05,0,0,-2.09572444874e-05,0.0166674368083,5.20033836365,0,0,0,0,4.69241947292,151064.83798
3.19166666667,-0.00102565239649,0.579487860203,2.40512919426,4.43056342192e-06,2.29080433201e-05,0,0,-2.56093499047e-05,0.0166674368083,5.85508346558,0,0,0,0,5.29184051543,151064.837138
3.20277777778,-0.00102565239649,0.579487860203,2.40512919426,4.43056342192e-06,2.29080433201e-05,0,0,-3.02936987282e-05,0.0166674368083,6.54845237732,0,0,0,0,5.9245395511,151064.836296
3.21388888889,-0.00102565239649,0.579487860203,2.40512919426,4.43056342192e-06,2.29080433201e-05,0,0,-3.49772089976e-05,0.0166674368083,7.28087425232,0,0,0,0,6.59281346021,151064.836296
3.225,-0.00102565239649,0.579487860203,2.40512919426,4.43056342192e-06,2.29675188166e-05,0,0,-3.95108982048e-05,0.0166674368083,8.05220603943,0,0,0,0,7.30200869478,151064.836296
3.23611111111,-0.00102565239649,0.579487860203,2.40512919426,4.43056342192e-06,2.29080433201e-05,0,0,-4.39245486632e-05,0.0166674368083,8.86259078979,0,0,0,0,8.04400127626,151064.836577
3.24722222222,-0.00102565239649,0.579487860203,2.40512919426,4.43056342192e-06,2.29080433201e-05,0,0,-4.81910137751e-05,0.0166674368083,9.71202850342,0,0,0,0,8.82113072441,151064.836577
3.25833333333,-0.00102565239649,0.579487860203,2.40512919426,4.43056342192e-06,2.29675188166e-05,0,0,-4.81910137751e-05,0.0166674368083,10.6003761292,0,0,0,0,9.63975730883,151064.836577
3.26944444444,-0.00102565239649,0.579487860203,2.40512919426,4.43056342192e-06,2.29675188166e-05,0,0,-4.81910137751e-05,0.0166674368083,11.5280628204,0,0,0,0,10.493283659,151064.836577
3.28055555556,-0.00102565239649,0.579487860203,2.40512919426,4.43056342192e-06,1.57861195476e-05,0,0,-4.81910137751e-05,0.0166674368083,12.4945163727,0,0,0,0,11.3838490381,151064.836577
3.29166666667,-0.00102565239649,0.579487860203,2.40512919426,4.43056342192e-06,2.29080433201e-05,0,0,-4.81910137751e-05,0.0166674368083,13.5004520416,0,0,0,0,12.3116614005,151064.836577
3.30277777778,-0.00102565239649,0.579487860203,2.40512919426,4.43056342192e-06,1.57861195476e-05,0,0,-4.81910137751e-05,0.0166674368083,14.5451545715,0,0,0,0,13.2769065376,151064.836577
3.31388888889,-0.00102565239649,0.579487860203,2.40512919426,4.43056342192e-06,1.57861195476e-05,0,0,-4.81910137751e-05,0.0166674368083,15.6293392181,0,0,0,0,14.2796787,151064.836577
3.325,-0.00102565239649,0.579487860203,2.40512919426,4.43056342192e-06,2.29675188166e-05,0,0,-4.81910137751e-05,0.0166674368083,16.752576828,0,0,0,0,15.3203488918,151064.836577
3.33611111111,-0.00102565239649,0.579487860203,2.40512919426,4.43056342192e-06,1.57861195476e-05,0,0,-4.81910137751e-05,0.0166674368083,17.9154396057,0,0,0,0,16.4034182882,151064.837419
3.34722222222,-0.00102565239649,0.579487860203,2.40512919426,4.43056342192e-06,1.57861195476e-05,0,0,-4.81910137751e-05,0.0166674368083,19.1177845001,0,0,0,0,17.5442698113,151064.837419
3.35833333333,-0.00102565239649,0.579487860203,2.40512919426,4.43056342192e-06,1.57861195476e-05,0,0,-4.81910137751e-05,0.0166674368083,20.360326767,0,0,0,0,18.7233187747,151064.837419
3.36944444444,-0.00102565239649,0.579487860203,2.40512919426,4.43056342192e-06,1.57861195476e-05,0,0,-4.81910137751e-05,0.0166674368083,21.6429233551,0,0,0,0,19.940570289,151064.837419
3.38055555556,-0.00102565239649,0.579487860203,2.40512919426,4.43056342192e-06,1.57861195476e-05,0,0,-4.81910137751e-05,0.0166674368083,22.9657173157,0,0,0,0,21.1959739707,151064.837419
3.39166666667,-0.00102565239649,0.579487860203,2.40512919426,4.43056342192e-06,2.28881835938e-05,0,0,-4.81910137751e-05,0.0166674368083,24.3285655975,0,0,0,0,22.4894882064,151064.837419
3.40277777778,-0.00102565239649,0.579487860203,2.40512919426,4.43056342192e-06,2.29080433201e-05,0,0,-4.81910137751e-05,0.0166674368083,25.7311820984,0,0,0,0,23.8211024421,151064.837419
3.41388888889,-0.00102565239649,0.579487860203,2.40512919426,4.43056342192e-06,1.57861195476e-05,0,0,-4.81910137751e-05,0.0166674368083,27.1738529205,0,0,0,0,25.1907690278,151064.837699
3.425,-0.00102565239649,0.579487860203,2.40512919426,4.43056342192e-06,1.57861195476e-05,0,0,-4.81910137751e-05,0.0166674368083,28.6562919617,0,0,0,0,26.5984570065,151064.837699
3.43611111111,-0.00102565239649,0.579487860203,2.40512919426,4.43056342192e-06,1.57861195476e-05,0,0,-4.81910137751e-05,0.0166674368083,30.1787853241,0,0,0,0,28.0440796542,151064.837699
3.44722222222,-0.00102565239649,0.579487860203,2.40512919426,4.43056342192e-06,1.57861195476e-05,0,0,-4.81910137751e-05,0.0166674368083,31.7411899567,0,0,0,0,29.5276409981,151064.83798
3.45833333333,-0.00102565239649,0.579487860203,2.40512919426,4.43056342192e-06,2.28881835938e-05,0,0,-4.81910137751e-05,0.0166674368083,33.3432197571,0,0,0,0,31.0490671282,151064.83798
3.46944444444,-0.00102565239649,0.579487860203,2.40512919426,4.43056342192e-06,2.29080433201e-05,0,0,-4.81910137751e-05,0.0166674368083,34.9850177765,0,0,0,0,32.6083303575,151064.83798
3.48055555556,-0.00102565239649,0.579487860203,2.40512919426,4.43056342192e-06,2.29080433201e-05,0,0,-4.81910137751e-05,0.0166674368083,36.6664409637,0,0,0,0,34.2053271076,151064.83798
3.49166666667,-0.00102565239649,0.579487860203,2.40512919426,4.43056342192e-06,2.29080433201e-05,0,0,-4.81910137751e-05,0.0166674368083,38.3874893188,0,0,0,0,35.8400213299,151064.83798
3.50277777778,-0.00102565239649,0.579487860203,2.40512919426,4.43056342192e-06,1.57861195476e-05,0,0,-4.81910137751e-05,0.0166674368083,40.1478767395,0,0,0,0,37.5123411066,151064.83798
3.51388888889,-0.00102565239649,0.579487860203,2.40512919426,4.43056342192e-06,2.30970890698e-05,0,0,-4.81910137751e-05,0.0166674368083,41.5200233459,0,0,0,0,10.2909765014,151064.844155
3.525,-0.00102565239649,0.579487860203,2.40512919426,4.43056342192e-06,2.30970890698e-05,0,0,-4.81910137751e-05,0.0166674368083,41.5203094482,0,0,0,0,10.1706338885,151064.844155
3.53611111111,-0.00102565239649,0.579487860203,2.40512919426,4.43056342192e-06,2.30970890698e-05,0,0,-4.81910137751e-05,0.0166674368083,41.5203094482,0,0,0,0,10.1455601577,151064.844155
3.54722222222,-0.00102565239649,0.579487860203,2.40512919426,4.43056342192e-06,2.30970890698e-05,0,0,-4.81910137751e-05,0.0166674368083,41.5203094482,0,0,0,0,10.1205144728,151064.844155
3.55833333333,-0.00102565239649,0.579487860203,2.40512919426,4.43056342192e-06,2.30970890698e-05,0,0,-4.81910137751e-05,0.0166674368083,41.5203094482,0,0,0,0,10.095499979,151064.844155
3.56944444444,-0.00102565239649,0.579487860203,2.40512919426,4.43056342192e-06,2.30970890698e-05,0,0,-4.81910137751e-05,0.0166674368083,41.5203094482,0,0,0,0,10.0705190201,151064.844155
3.58055555556,-0.00102565239649,0.579487860203,2.40512919426,4.43056342192e-06,2.30970890698e-05,0,0,-4.81910137751e-05,0.0166674368083,41.5203094482,0,0,0,0,10.0455706848,151064.844155
3.59166666667,-0.00102565239649,0.579487860203,2.40512919426,4.43056342192e-06,2.30970890698e-05,0,0,-4.81910137751e-05,0.0166674368083,41.5203094482,0,0,0,0,10.0206486253,151064.844155
3.60277777778,-0.00102565239649,0.579487860203,2.40512919426,4.43056342192e-06,2.30970890698e-05,0,0,-4.81910137751e-05,0.0166674368083,41.5203094482,0,0,0,0,9.99575762181,151064.844155
3.61388888889,-0.00102565239649,0.579487860203,2.40512919426,4.43056342192e-06,2.30970890698e-05,0,0,-4.81910137751e-05,0.0166674368083,41.5203094482,0,0,0,0,9.97089835964,151064.844155
3.625,-0.00102565239649,0.579487860203,2.40512919426,4.43056342192e-06,2.30970890698e-05,0,0,-4.81910137751e-05,0.0166674368083,41.5203094482,0,0,0,0,9.94607032392,151064.844155
3.63611111111,-0.00102565239649,0.579487860203,2.40512919426,4.43056342192e-06,2.30970890698e-05,0,0,-4.81910137751e-05,0.0166674368083,41.5203094482,0,0,0,0,9.92127446733,151064.844155
3.64722222222,-0.00102565239649,0.579487860203,2.40512919426,4.43056342192e-06,2.30970890698e-05,0,0,-4.81910137751e-05,0.0166674368083,41.5203094482,0,0,0,0,9.8965051633,151064.844155
3.65833333333,-0.00102565239649,0.579487860203,2.40512919426,4.43056342192e-06,2.30970890698e-05,0,0,-4.81910137751e-05,0.0166674368083,41.5203094482,0,0,0,0,9.87176673797,151064.844155
3.66944444444,-0.00102565239649,0.579487860203,2.40512919426,4.43056342192e-06,2.30970890698e-05,0,0,-4.81910137751e-05,0.0166674368083,41.5203094482,0,0,0,0,9.8470599097,151064.844155
3.68055555556,-0.00102565239649,0.579487860203,2.40512919426,4.43056342192e-06,2.30970890698e-05,0,0,-4.81910137751e-05,0.0166674368083,41.5203094482,0,0,0,0,9.82238236467,151064.844155
3.69166666667,-0.00102565239649,0.579487860203,2.40512919426,4.43056342192e-06,2.30970890698e-05,0,0,-4.81910137751e-05,0.0166674368083,41.5203094482,0,0,0,0,9.7977408738,151064.844155
3.70277777778,-0.00102565239649,0.579487860203,2.40512919426,4.43056342192e-06,2.30970890698e-05,0,0,-4.81910137751e-05,0.0166674368083,41.5203094482,0,0,0,0,9.77312714526,151064.844155
3.71388888889,-0.00102565239649,0.579487860203,2.40512919426,4.43056342192e-06,2.30970890698e-05,0,0,-4.81910137751e-05,0.0166674368083,41.5203094482,0,0,0,0,9.74854544693,151064.844155
3.725,-0.00102565239649,0.579487860203,2.40512919426,4.43056342192e-06,2.30970890698e-05,0,0,-4.81910137751e-05,0.0166674368083,41.5203094482,0,0,0,0,9.72399653497,151064.844155
3.73611111111,-0.00102565239649,0.579487860203,2.40512919426,4.43056342192e-06,2.30970890698e-05,0,0,-4.81910137751e-05,0.0166674368083,41.5203094482,0,0,0,0,9.69947997882,151064.844155
3.74722222222,-0.00102565239649,0.579487860203,2.40512919426,4.43056342192e-06,2.30970890698e-05,0,0,-4.81910137751e-05,0.0166674368083,41.5203094482,0,0,0,0,9.67499452602,151064.844155
3.75833333333,-0.00102565239649,0.579487860203,2.40512919426,4.43056342192e-06,2.30970890698e-05,0,0,-4.81910137751e-05,0.0166674368083,41.5203094482,0,0,0,0,9.65053418257,151064.844155
3.76944444444,-0.00102565239649,0.579487860203,2.40512919426,4.43056342192e-06,2.30970890698e-05,0,0,-4.81910137751e-05,0.0166674368083,41.5203094482,0,0,0,0,9.62610948776,151064.844155
3.78055555556,-0.00102565239649,0.579487860203,2.40512919426,4.43056342192e-06,2.30970890698e-05,0,0,-4.81910137751e-05,0.0166674368083,41.5203094482,0,0,0,0,9.60170978827,151064.844155
3.79166666667,-0.00102565239649,0.579487860203,2.40512919426,4.43056342192e-06,2.30970890698e-05,0,0,-4.81910137751e-05,0.0166674368083,41.5203094482,0,0,0,0,9.57734528778,151064.844155
3.80277777778,-0.00102565239649,0.579487860203,2.40512919426,4.43056342192e-06,2.30970890698e-05,0,0,-4.81910137751e-05,0.0166674368083,41.5203094482,0,0,0,0,9.553014638,151064.844155
3.81388888889,-0.00102565239649,0.579487860203,2.40512919426,4.43056342192e-06,2.30970890698e-05,0,0,-4.81910137751e-05,0.0166674368083,41.5203094482,0,0,0,0,9.52871449376,151064.844155
3.825,-0.00102565239649,0.579487860203,2.40512919426,4.43056342192e-06,2.30970890698e-05,0,0,-4.81910137751e-05,0.0166674368083,41.5203094482,0,0,0,0,9.50444267911,151064.844155
3.83611111111,-0.00102565239649,0.579487860203,2.40512919426,4.43056342192e-06,2.30970890698e-05,0,0,-4.81910137751e-05,0.0166674368083,41.5203094482,0,0,0,0,9.48020256319,151064.844155
3.84722222222,-0.00102565239649,0.579487860203,2.40512919426,4.43056342192e-06,2.30970890698e-05,0,0,-4.81910137751e-05,0.0166674368083,41.5203094482,0,0,0,0,9.45598997269,151064.844155
3.85833333333,-0.00102565239649,0.579487860203,2.40512919426,4.43056342192e-06,2.30970890698e-05,0,0,-4.81910137751e-05,0.0166674368083,41.5203094482,0,0,0,0,9.4318064563,151064.844155
3.86944444444,-0.00102565239649,0.579487860203,2.40512919426,4.43056342192e-06,2.30970890698e-05,0,0,-4.81910137751e-05,0.0166674368083,41.5203094482,0,0,0,0,9.407658026,151064.844155
3.88055555556,-0.00102565239649,0.579487860203,2.40512919426,4.43056342192e-06,2.30970890698e-05,0,0,-4.81910137751e-05,0.0166674368083,41.5203094482,0,0,0,0,9.38354175953,151064.844155
3.89166666667,-0.00102565239649,0.579487860203,2.40512919426,4.43056342192e-06,2.30970890698e-05,0,0,-4.81910137751e-05,0.0166674368083,41.5203094482,0,0,0,0,9.3594572652,151064.844155
3.90277777778,-0.00102565239649,0.579487860203,2.40512919426,4.43056342192e-06,2.30970890698e-05,0,0,-4.81910137751e-05,0.0166674368083,41.5203094482,0,0,0,0,9.33540548562,151064.844155
3.91388888889,-0.00102565239649,0.579487860203,2.40512919426,4.43056342192e-06,2.30970890698e-05,0,0,-4.81910137751e-05,0.0166674368083,41.5203094482,0,0,0,0,9.31138024599,151064.844155
3.925,-0.00102565239649,0.579487860203,2.40512919426,4.43056342192e-06,2.30970890698e-05,0,0,-4.81910137751e-05,0.0166674368083,41.5203094482,0,0,0,0,9.28738375166,151064.844155
3.93611111111,-0.00102565239649,0.579487860203,2.40512919426,4.43056342192e-06,2.30970890698e-05,0,0,-4.81910137751e-05,0.0166674368083,41.5203094482,0,0,0,0,9.2634159313,151064.844155
3.94722222222,-0.00102565239649,0.579487860203,2.40512919426,4.43056342192e-06,2.30970890698e-05,0,0,-4.81910137751e-05,0.0166674368083,41.5203094482,0,0,0,0,9.2394839286,151064.844155
3.95833333333,-0.00102565239649,0.579487860203,2.40512919426,4.43056342192e-06,2.30970890698e-05,0,0,-4.81910137751e-05,0.0166674368083,41.5203094482,0,0,0,0,9.21558229838,151064.844155
3.96944444444,-0.00102565239649,0.579487860203,2.40512919426,4.43056342192e-06,2.30970890698e-05,0,0,-4.81910137751e-05,0.0166674368083,41.5203094482,0,0,0,0,9.19171281149,151064.844155
3.98055555556,-0.00102565239649,0.579487860203,2.40512919426,4.43056342192e-06,2.30970890698e-05,0,0,-4.81910137751e-05,0.0166674368083,41.5203094482,0,0,0,0,9.16787278996,151064.844155
3.99166666667,-0.00102565239649,0.579487860203,2.40512919426,4.43056342192e-06,2.30970890698e-05,0,0,-4.81910137751e-05,0.0166674368083,41.5203094482,0,0,0,0,9.14406063761,151064.844155
4.00277777778,-0.00102565239649,0.579487860203,2.40512919426,4.43056342192e-06,2.30970890698e-05,0,0,-4.81910137751e-05,0.0166674368083,41.5203094482,0,0,0,0,9.12028033033,151064.844155
4.01388888889,-0.00102565239649,0.579487860203,2.40512919426,4.43056342192e-06,2.30970890698e-05,0,0,-4.81910137751e-05,0.0166674368083,41.5203094482,0,0,0,0,9.09653657296,151064.844155
4.025,-0.00102565239649,0.579487860203,2.40512919426,4.43056342192e-06,2.30970890698e-05,0,0,-4.81910137751e-05,0.0166674368083,41.5203094482,0,0,0,0,9.07282075586,151064.844155
4.03611111111,-0.00102565239649,0.579487860203,2.40512919426,4.43056342192e-06,2.30970890698e-05,0,0,-4.81910137751e-05,0.0166674368083,41.5203094482,0,0,0,0,9.04913738517,151064.844155
4.04722222222,-0.00102565239649,0.579487860203,2.40512919426,4.43056342192e-06,2.30970890698e-05,0,0,-4.81910137751e-05,0.0166674368083,41.5203094482,0,0,0,0,9.02548700981,151064.844155
4.05833333333,-0.00102565239649,0.579487860203,2.40512919426,4.43056342192e-06,2.30970890698e-05,0,0,-4.81910137751e-05,0.0166674368083,41.5203094482,0,0,0,0,9.00186861712,151064.844155
4.06944444444,-0.00102565239649,0.579487860203,2.40512919426,4.43056342192e-06,2.30970890698e-05,0,0,-4.81910137751e-05,0.0166674368083,41.5203094482,0,0,0,0,8.97827566391,151064.844155
4.08055555556,-0.00102565239649,0.579487860203,2.40512919426,4.43056342192e-06,2.30970890698e-05,0,0,-4.81910137751e-05,0.0166674368083,41.5203094482,0,0,0,0,8.95471565993,151064.844155
4.09166666667,-0.00102565239649,0.579487860203,2.40512919426,4.43056342192e-06,2.30970890698e-05,0,0,-4.81910137751e-05,0.0166674368083,41.5203094482,0,0,0,0,8.93118905907,151064.844155
4.10277777778,-0.00102565239649,0.579487860203,2.40512919426,4.43056342192e-06,2.30970890698e-05,0,0,-4.81910137751e-05,0.0166674368083,41.5203094482,0,0,0,0,8.90769215541,151064.844155
4.11388888889,-0.00102565239649,0.579487860203,2.40512919426,4.43056342192e-06,2.32038983086e-05,0,0,-4.81910137751e-05,0.0166674368083,41.5203094482,0,0,0,0,8.88422114207,151064.844155
4.125,-0.00102565239649,0.579487860203,2.40512919426,4.43056342192e-06,2.30970890698e-05,0,0,-4.81910137751e-05,0.0166674368083,41.5203094482,0,0,0,0,8.86078613393,151064.844155
4.13611111111,-0.00102565239649,0.579487860203,2.40512919426,4.43056342192e-06,2.30970890698e-05,0,0,-4.81910137751e-05,0.0166674368083,41.5203094482,0,0,0,0,8.8373829205,151064.844155
4.14722222222,-0.00102565239649,0.579487860203,2.40512919426,4.43056342192e-06,2.30970890698e-05,0,0,-4.81910137751e-05,0.0166674368083,41.5203094482,0,0,0,0,8.81400937567,151064.844155
4.15833333333,-0.00102565239649,0.579487860203,2.40512919426,4.43056342192e-06,2.30970890698e-05,0,0,-4.81910137751e-05,0.0166674368083,41.5203094482,0,0,0,0,8.79066431724,151064.844155
4.16944444444,-0.00102565239649,0.579487860203,2.40512919426,4.43056342192e-06,2.30970890698e-05,0,0,-4.81910137751e-05,0.0166674368083,41.5203094482,0,0,0,0,8.76734766787,151064.844155
4.18055555556,-0.00102565239649,0.579487860203,2.40512919426,4.43056342192e-06,2.30970890698e-05,0,0,-4.81910137751e-05,0.0166674368083,41.5203094482,0,0,0,0,8.74406602303,151064.844155
4.19166666667,-0.00102565239649,0.579487860203,2.40512919426,4.43056342192e-06,2.30970890698e-05,0,0,-4.81910137751e-05,0.0166674368083,41.5203094482,0,0,0,0,8.72081089022,151064.844155
4.20277777778,-0.00102565239649,0.579487860203,2.40512919426,4.43056342192e-06,2.30970890698e-05,0,0,-4.81910137751e-05,0.0166674368083,41.5203094482,0,0,0,0,8.69759063921,151064.844155
4.21388888889,-0.00102565239649,0.579487860203,2.40512919426,4.43056342192e-06,2.30970890698e-05,0,0,-4.81910137751e-05,0.0166674368083,41.5203094482,0,0,0,0,8.67440096106,151064.844155
4.225,-0.00102565239649,0.579487860203,2.40512919426,4.43056342192e-06,2.30970890698e-05,0,0,-4.81910137751e-05,0.0166674368083,41.5203094482,0,0,0,0,8.65124494402,151064.844155
4.23611111111,-0.00102565239649,0.579487860203,2.40512919426,4.43056342192e-06,2.30970890698e-05,0,0,-4.81910137751e-05,0.0166674368083,41.5203094482,0,0,0,0,8.62811882167,151064.844155
4.24722222222,-0.00102565239649,0.579487860203,2.40512919426,4.43056342192e-06,2.30970890698e-05,0,0,-4.81910137751e-05,0.0166674368083,41.5203094482,0,0,0,0,8.60502153719,151064.844155
4.25833333333,-0.00102565239649,0.579487860203,2.40512919426,4.43056342192e-06,2.30970890698e-05,0,0,-4.81910137751e-05,0.0166674368083,41.5203094482,0,0,0,0,8.58195770457,151064.844155
4.26944444444,-0.00102565239649,0.579487860203,2.40512919426,4.43056342192e-06,2.30970890698e-05,0,0,-4.81910137751e-05,0.0166674368083,41.5203094482,0,0,0,0,8.55892706947,151064.844155
4.28055555556,-0.00102565239649,0.579487860203,2.40512919426,4.43056342192e-06,2.30970890698e-05,0,0,-4.81910137751e-05,0.0166674368083,41.5203094482,0,0,0,0,8.53592604145,151064.844155
4.29166666667,-0.00102565239649,0.579487860203,2.40512919426,4.43056342192e-06,2.30970890698e-05,0,0,-4.81910137751e-05,0.0166674368083,41.5203094482,0,0,0,0,8.51295355158,151064.844155
4.30277777778,-0.00102565239649,0.579487860203,2.40512919426,4.43056342192e-06,2.30970890698e-05,0,0,-4.81910137751e-05,0.0166674368083,41.5203094482,0,0,0,0,8.49001242327,151064.844155
4.31388888889,-0.00102565239649,0.579487860203,2.40512919426,4.43056342192e-06,2.30970890698e-05,0,0,-4.81910137751e-05,0.0166674368083,41.5203094482,0,0,0,0,8.4671020858,151064.844155
4.325,-0.00102565239649,0.579487860203,2.40512919426,4.43056342192e-06,2.30970890698e-05,0,0,-4.81910137751e-05,0.0166674368083,41.5203094482,0,0,0,0,8.44422374974,151064.844155
4.33611111111,-0.00102565239649,0.579487860203,2.40512919426,4.43056342192e-06,2.30970890698e-05,0,0,-4.81910137751e-05,0.0166674368083,41.5203094482,0,0,0,0,8.42137641016,151064.844155
4.34722222222,-0.00102565239649,0.579487860203,2.40512919426,4.43056342192e-06,2.30970890698e-05,0,0,-4.81910137751e-05,0.0166674368083,41.5203094482,0,0,0,0,8.39856185103,151064.844155
4.35833333333,-0.00102565239649,0.579487860203,2.40512919426,4.43056342192e-06,2.30970890698e-05,0,0,-4.81910137751e-05,0.0166674368083,41.5203094482,0,0,0,0,8.37577527095,151064.844155
4.36944444444,-0.00102565239649,0.579487860203,2.40512919426,4.43056342192e-06,2.30970890698e-05,0,0,-4.81910137751e-05,0.0166674368083,41.5203094482,0,0,0,0,8.35302142788,151064.844155
4.38055555556,-0.00102565239649,0.579487860203,2.40512919426,4.43056342192e-06,2.30970890698e-05,0,0,-4.81910137751e-05,0.0166674368083,41.5203094482,0,0,0,0,8.33029982773,151064.844155
4.39166666667,-0.00102565239649,0.579487860203,2.40512919426,4.43056342192e-06,2.30970890698e-05,0,0,-4.81910137751e-05,0.0166674368083,41.5203094482,0,0,0,0,8.3076083405,151064.844155
4.40277777778,-0.00102565239649,0.579487860203,2.40512919426,4.43056342192e-06,2.30970890698e-05,0,0,-4.81910137751e-05,0.0166674368083,41.5203094482,0,0,0,0,8.28494969408,151064.844155
4.41388888889,-0.00102565239649,0.579487860203,2.40512919426,4.43056342192e-06,2.30970890698e-05,0,0,-4.81910137751e-05,0.0166674368083,41.5203094482,0,0,0,0,8.26232030168,151064.844155
4.425,-0.00102565239649,0.579487860203,2.40512919426,4.43056342192e-06,2.30970890698e-05,0,0,-4.81910137751e-05,0.0166674368083,41.5203094482,0,0,0,0,8.23972090082,151064.844155
4.43611111111,-0.00102565239649,0.579487860203,2.40512919426,4.43056342192e-06,2.30970890698e-05,0,0,-4.81910137751e-05,0.0166674368083,41.5203094482,0,0,0,0,8.2171518955,151064.844155
4.44722222222,-0.00102565239649,0.579487860203,2.40512919426,4.43056342192e-06,2.30970890698e-05,0,0,-4.81910137751e-05,0.0166674368083,41.5203094482,0,0,0,0,8.1946109527,151064.844155
4.45833333333,-0.00102565239649,0.579487860203,2.40512919426,4.43056342192e-06,2.30970890698e-05,0,0,-4.81910137751e-05,0.0166674368083,41.5203094482,0,0,0,0,8.17210537608,151064.844155
4.46944444444,-0.00102565239649,0.579487860203,2.40512919426,4.43056342192e-06,2.30970890698e-05,0,0,-4.81910137751e-05,0.0166674368083,41.5203094482,0,0,0,0,8.1496258486,151064.844155
4.48055555556,-0.00102565239649,0.579487860203,2.40512919426,4.43056342192e-06,2.30970890698e-05,0,0,-4.81910137751e-05,0.0166674368083,41.5203094482,0,0,0,0,8.12717878302,151064.844155
4.49166666667,-0.00102565239649,0.579487860203,2.40512919426,4.43056342192e-06,2.30970890698e-05,0,0,-4.81910137751e-05,0.0166674368083,41.5203094482,0,0,0,0,8.10476290086,151064.844155
4.50277777778,-0.00102565239649,0.579487860203,2.40512919426,4.43056342192e-06,2.30970890698e-05,0,0,-4.81910137751e-05,0.0166674368083,41.5203094482,0,0,0,0,8.08237880097,151064.844155
4.51388888889,-0.00102565239649,0.579487860203,2.40512919426,4.43056342192e-06,2.30970890698e-05,0,0,-4.81910137751e-05,0.0166674368083,41.5203094482,0,0,0,0,8.06002508761,151064.844155
4.525,-0.00102565239649,0.579487860203,2.40512919426,4.43056342192e-06,2.30970890698e-05,0,0,-4.81910137751e-05,0.0166674368083,41.5203094482,0,0,0,0,8.03770303699,151064.844155
4.53611111111,-0.00102565239649,0.579487860203,2.40512919426,4.43056342192e-06,2.30970890698e-05,0,0,-4.81910137751e-05,0.0166674368083,41.5203094482,0,0,0,0,8.01541059973,151064.844155
4.54722222222,-0.00102565239649,0.579487860203,2.40512919426,4.43056342192e-06,2.30970890698e-05,0,0,-4.81910137751e-05,0.0166674368083,41.5203094482,0,0,0,0,7.99314438878,151064.844155
4.55833333333,-0.00102565239649,0.579487860203,2.40512919426,4.43056342192e-06,2.30970890698e-05,0,0,-4.81910137751e-05,0.0166674368083,41.5203094482,0,0,0,0,7.97091428633,151064.844155
4.56944444444,-0.00102565239649,0.579487860203,2.40512919426,4.43056342192e-06,2.30970890698e-05,0,0,-4.81910137751e-05,0.0166674368083,41.5203094482,0,0,0,0,7.94871405459,151064.844155
4.58055555556,-0.00102565239649,0.579487860203,2.40512919426,4.43056342192e-06,2.30970890698e-05,0,0,-4.81910137751e-05,0.0166674368083,41.5203094482,0,0,0,0,7.92654675339,151064.844155
4.59166666667,-0.00102565239649,0.579487860203,2.40512919426,4.43056342192e-06,2.30970890698e-05,0,0,-4.81910137751e-05,0.0166674368083,41.5203094482,0,0,0,0,7.90440577746,151064.844155
4.60277777778,-0.00102565239649,0.579487860203,2.40512919426,4.43056342192e-06,2.30970890698e-05,0,0,-4.81910137751e-05,0.0166674368083,41.5203094482,0,0,0,0,7.88230106354,151064.844155
4.61388888889,-0.00102565239649,0.579487860203,2.40512919426,4.43056342192e-06,2.30970890698e-05,0,0,-4.81910137751e-05,0.0166674368083,41.5203094482,0,0,0,0,7.8602256622,151064.844155
4.625,-0.00102565239649,0.579487860203,2.40512919426,4.43056342192e-06,2.30970890698e-05,0,0,-4.81910137751e-05,0.0166674368083,41.5203094482,0,0,0,0,7.83817538607,151064.844155
4.63611111111,-0.00102565239649,0.579487860203,2.40512919426,4.43056342192e-06,2.30970890698e-05,0,0,-4.81910137751e-05,0.0166674368083,41.5203094482,0,0,0,0,7.81616245259,151064.844155
4.64722222222,-0.00102565239649,0.579487860203,2.40512919426,4.43056342192e-06,2.30970890698e-05,0,0,-4.81910137751e-05,0.0166674368083,41.5203094482,0,0,0,0,7.79418323255,151064.844155
4.65833333333,-0.00102565239649,0.579487860203,2.40512919426,4.43056342192e-06,2.30970890698e-05,0,0,-4.81910137751e-05,0.0166674368083,41.5203094482,0,0,0,0,7.77223150849,151064.844155
4.66944444444,-0.00102565239649,0.579487860203,2.40512919426,4.43056342192e-06,2.30970890698e-05,0,0,-4.81910137751e-05,0.0166674368083,41.5203094482,0,0,0,0,7.75031095335,151064.844155
4.68055555556,-0.00102565239649,0.579487860203,2.40512919426,4.43056342192e-06,2.30970890698e-05,0,0,-4.81910137751e-05,0.0166674368083,41.5203094482,0,0,0,0,7.7284226877,151064.844155
4.69166666667,-0.00102565239649,0.579487860203,2.40512919426,4.43056342192e-06,2.30970890698e-05,0,0,-4.81910137751e-05,0.0166674368083,41.5203094482,0,0,0,0,7.70656434747,151064.844155
4.70277777778,-0.00102565239649,0.579487860203,2.40512919426,4.43056342192e-06,2.30970890698e-05,0,0,-4.81910137751e-05,0.0166674368083,41.5203094482,0,0,0,0,7.68473639421,151064.844155
4.71388888889,-0.00102565239649,0.579487860203,2.40512919426,4.43056342192e-06,2.30970890698e-05,0,0,-4.81910137751e-05,0.0166674368083,41.5203094482,0,0,0,0,7.66294496546,151064.844155
4.725,-0.00102565239649,0.579487860203,2.40512919426,4.43056342192e-06,2.30970890698e-05,0,0,-4.81910137751e-05,0.0166674368083,41.5203094482,0,0,0,0,7.64118152826,151064.844155
4.73611111111,-0.00102565239649,0.579487860203,2.40512919426,4.43056342192e-06,2.30970890698e-05,0,0,-4.81910137751e-05,0.0166674368083,41.5203094482,0,0,0,0,7.61944782529,151064.844155
4.74722222222,-0.00102565239649,0.579487860203,2.40512919426,4.43056342192e-06,2.30970890698e-05,0,0,-4.81910137751e-05,0.0166674368083,41.5203094482,0,0,0,0,7.59774578506,151064.844155
4.75833333333,-0.00102565239649,0.579487860203,2.40512919426,4.43056342192e-06,2.30970890698e-05,0,0,-4.81910137751e-05,0.0166674368083,41.5203094482,0,0,0,0,7.57607035047,151064.844155
4.76944444444,-0.00102565239649,0.579487860203,2.40512919426,4.43056342192e-06,2.32038983086e-05,0,0,-4.81910137751e-05,0.0166674368083,41.5203094482,0,0,0,0,7.55443080051,151064.844155
4.78055555556,-0.00102565239649,0.579487860203,2.40512919426,4.43056342192e-06,2.32038983086e-05,0,0,-4.81910137751e-05,0.0166674368083,41.5203094482,0,0,0,0,7.53281908541,151064.844155
4.79166666667,-0.00102565239649,0.579487860203,2.40512919426,4.43056342192e-06,2.30970890698e-05,0,0,-4.81910137751e-05,0.0166674368083,41.5203094482,0,0,0,0,7.51124334457,151064.844155
4.80277777778,-0.00102565239649,0.579487860203,2.40512919426,4.43056342192e-06,2.32038983086e-05,0,0,-4.81910137751e-05,0.0166674368083,41.5203094482,0,0,0,0,7.48969564059,151064.844155
4.81388888889,-0.00102565239649,0.579487860203,2.40512919426,4.43056342192e-06,2.32038983086e-05,0,0,-4.81910137751e-05,0.0166674368083,41.5203094482,0,0,0,0,7.46817661172,151064.844155
4.825,-0.00102565239649,0.579487860203,2.40512919426,4.43056342192e-06,2.30970890698e-05,0,0,-4.81910137751e-05,0.0166674368083,41.5203094482,0,0,0,0,7.4466925412,151064.844155
4.83611111111,-0.00102565239649,0.579487860203,2.40512919426,4.43056342192e-06,2.30970890698e-05,0,0,-4.81910137751e-05,0.0166674368083,41.5203094482,0,0,0,0,7.42523817749,151064.844155
4.84722222222,-0.00102565239649,0.579487860203,2.40512919426,4.43056342192e-06,2.30970890698e-05,0,0,-4.81910137751e-05,0.0166674368083,41.5203094482,0,0,0,0,7.40381497164,151064.844155
4.85833333333,-0.00102565239649,0.579487860203,2.40512919426,4.43056342192e-06,2.30970890698e-05,0,0,-4.81910137751e-05,0.0166674368083,41.5203094482,0,0,0,0,7.3824215935,151064.844155
4.86944444444,-0.00102565239649,0.579487860203,2.40512919426,4.43056342192e-06,2.30970890698e-05,0,0,-4.81910137751e-05,0.0166674368083,41.5203094482,0,0,0,0,7.36106144026,151064.844155
4.88055555556,-0.00102565239649,0.579487860203,2.40512919426,4.43056342192e-06,2.30970890698e-05,0,0,-4.81910137751e-05,0.0166674368083,41.5203094482,0,0,0,0,7.33973186465,151064.844155
4.89166666667,-0.00102565239649,0.579487860203,2.40512919426,4.43056342192e-06,2.30970890698e-05,0,0,-4.81910137751e-05,0.0166674368083,41.5203094482,0,0,0,0,7.3184317967,151064.844155
4.90277777778,-0.00102565239649,0.579487860203,2.40512919426,4.43056342192e-06,2.30970890698e-05,0,0,-4.81910137751e-05,0.0166674368083,41.5203094482,0,0,0,0,7.29716180118,151064.844155
4.91388888889,-0.00102565239649,0.579487860203,2.40512919426,4.43056342192e-06,2.30970890698e-05,0,0,-4.81910137751e-05,0.0166674368083,41.5203094482,0,0,0,0,7.27592545893,151064.844155
4.925,-0.00102565239649,0.579487860203,2.40512919426,4.43056342192e-06,2.30970890698e-05,0,0,-4.81910137751e-05,0.0166674368083,41.5203094482,0,0,0,0,7.25471808916,151064.844155
4.93611111111,-0.00102565239649,0.579487860203,2.40512919426,4.43056342192e-06,2.30970890698e-05,0,0,-4.81910137751e-05,0.0166674368083,41.5203094482,0,0,0,0,7.23354223277,151064.844155
4.94722222222,-0.00102565239649,0.579487860203,2.40512919426,4.43056342192e-06,2.33796126849e-05,0,0,-4.81910137751e-05,0.0166674368083,41.5203094482,0,0,0,0,7.21239662132,151064.844155
4.95833333333,-0.00102565239649,0.579487860203,2.40512919426,4.43056342192e-06,2.33796126849e-05,0,0,-4.81910137751e-05,0.0166674368083,41.5203094482,0,0,0,0,7.19128131062,151064.844155
4.96944444444,-0.00102565239649,0.579487860203,2.40512919426,4.43056342192e-06,2.30970890698e-05,0,0,-4.81910137751e-05,0.0166674368083,41.5203094482,0,0,0,0,7.1701983073,151064.844155
4.98055555556,-0.00102565239649,0.579487860203,2.40512919426,4.43056342192e-06,2.30970890698e-05,0,0,-4.81910137751e-05,0.0166674368083,41.5203094482,0,0,0,0,7.1491457081,151064.844155
4.99166666667,-0.00102565239649,0.579487860203,2.40512919426,4.43056342192e-06,2.30970890698e-05,0,0,-4.81910137751e-05,0.0166674368083,41.5203094482,0,0,0,0,7.12812515907,151064.844155
5.00277777778,-0.00102565239649,0.579487860203,2.40512919426,4.43056342192e-06,2.30970890698e-05,0,0,-4.81910137751e-05,0.0166674368083,41.5203094482,0,0,0,0,7.10713460329,151064.844155
5.01388888889,-0.00102565239649,0.579487860203,2.40512919426,4.43056342192e-06,2.30970890698e-05,0,0,-4.81910137751e-05,0.0166674368083,41.5203094482,0,0,0,0,7.08617376262,151064.844155
5.025,-0.00102565239649,0.579487860203,2.40512919426,4.43056342192e-06,2.32038983086e-05,0,0,-4.81910137751e-05,0.0166674368083,41.5203094482,0,0,0,0,7.06524466627,151064.844155
5.03611111111,-0.00102565239649,0.579487860203,2.40512919426,4.43056342192e-06,2.30970890698e-05,0,0,-4.81910137751e-05,0.0166674368083,41.5203094482,0,0,0,0,7.04434790538,151064.844155
5.04722222222,-0.00102565239649,0.579487860203,2.40512919426,4.43056342192e-06,2.32038983086e-05,0,0,-4.81910137751e-05,0.0166674368083,41.5203094482,0,0,0,0,7.02347962982,151064.844155
5.05833333333,-0.00102565239649,0.579487860203,2.40512919426,4.43056342192e-06,2.30970890698e-05,0,0,-4.81910137751e-05,0.0166674368083,41.5203094482,0,0,0,0,7.00264214484,151064.844155
5.06944444444,-0.00102565239649,0.579487860203,2.40512919426,4.43056342192e-06,2.30970890698e-05,0,0,-4.81910137751e-05,0.0166674368083,41.5203094482,0,0,0,0,6.98183748471,151064.844155
5.08055555556,-0.00102565239649,0.579487860203,2.40512919426,4.43056342192e-06,2.30970890698e-05,0,0,-4.81910137751e-05,0.0166674368083,41.5203094482,0,0,0,0,6.96106125908,151064.844155
5.09166666667,-0.00102565239649,0.579487860203,2.40512919426,4.43056342192e-06,2.30970890698e-05,0,0,-4.81910137751e-05,0.0166674368083,41.5203094482,0,0,0,0,6.9403171058,151064.844155
5.10277777778,-0.00102565239649,0.579487860203,2.40512919426,4.43056342192e-06,2.30970890698e-05,0,0,-4.81910137751e-05,0.0166674368083,41.5203094482,0,0,0,0,6.91960713503,151064.844155
5.11388888889,-0.00102565239649,0.579487860203,2.40512919426,4.43056342192e-06,2.30970890698e-05,0,0,-4.81910137751e-05,0.0166674368083,41.5203094482,0,0,0,0,6.89892612091,151064.844155
5.125,-0.00102565239649,0.579487860203,2.40512919426,4.43056342192e-06,2.30970890698e-05,0,0,-4.81910137751e-05,0.0166674368083,41.5203094482,0,0,0,0,6.87827533782,151064.844155
5.13611111111,-0.00102565239649,0.579487860203,2.40512919426,4.43056342192e-06,2.30970890698e-05,0,0,-4.81910137751e-05,0.0166674368083,41.5203094482,0,0,0,0,6.85765592594,151064.844155
5.14722222222,-0.00102565239649,0.579487860203,2.40512919426,4.43056342192e-06,2.30970890698e-05,0,0,-4.81910137751e-05,0.0166674368083,41.5203094482,0,0,0,0,6.83706667802,151064.844155
5.15833333333,-0.00102565239649,0.579487860203,2.40512919426,4.43056342192e-06,2.30970890698e-05,0,0,-4.81910137751e-05,0.0166674368083,41.5203094482,0,0,0,0,6.81650983821,151064.844155
5.16944444444,-0.00102565239649,0.579487860203,2.40512919426,4.43056342192e-06,2.30970890698e-05,0,0,-4.81910137751e-05,0.0166674368083,41.5203094482,0,0,0,0,6.79598051617,151064.844155
5.18055555556,-0.00102565239649,0.579487860203,2.40512919426,4.43056342192e-06,2.30970890698e-05,0,0,-4.81910137751e-05,0.0166674368083,41.5203094482,0,0,0,0,6.7754857788,151064.844155
5.19166666667,-0.00102565239649,0.579487860203,2.40512919426,4.43056342192e-06,2.30970890698e-05,0,0,-4.81910137751e-05,0.0166674368083,41.5203094482,0,0,0,0,6.75502049616,151064.844155
5.20277777778,-0.00102565239649,0.579487860203,2.40512919426,4.43056342192e-06,3.07550726575e-05,0,0,-4.81910137751e-05,0.0166674368083,41.5203094482,0,0,0,0,6.73458623775,151064.844155
5.21388888889,-0.00102565239649,0.579487860203,2.40512919426,4.43056342192e-06,2.32038983086e-05,0,0,-4.81910137751e-05,0.0166674368083,41.5203094482,0,0,0,0,6.71418378011,151064.844155
5.225,-0.00102565239649,0.579487860203,2.40512919426,4.43056342192e-06,2.30970890698e-05,0,0,-4.81910137751e-05,0.0166674368083,41.5203094482,0,0,0,0,6.69380920649,151064.844155
5.23611111111,-0.00102565239649,0.579487860203,2.40512919426,4.43056342192e-06,2.30970890698e-05,0,0,-4.81910137751e-05,0.0166674368083,41.5203094482,0,0,0,0,6.67346940429,151064.844155
5.24722222222,-0.00102565239649,0.579487860203,2.40512919426,4.43056342192e-06,2.30970890698e-05,0,0,-4.81910137751e-05,0.0166674368083,41.5203094482,0,0,0,0,6.65316032496,151064.844155
5.25833333333,-0.00102565239649,0.579487860203,2.40512919426,4.43056342192e-06,2.30970890698e-05,0,0,-4.81910137751e-05,0.0166674368083,41.5203094482,0,0,0,0,6.63288198301,151064.844155
5.26944444444,-0.00102565239649,0.579487860203,2.40512919426,4.43056342192e-06,2.30970890698e-05,0,0,-4.81910137751e-05,0.0166674368083,41.5203094482,0,0,0,0,6.61263465446,151064.844155
5.28055555556,-0.00102565239649,0.579487860203,2.40512919426,4.43056342192e-06,2.30970890698e-05,0,0,-4.81910137751e-05,0.0166674368083,41.5203094482,0,0,0,0,6.59241886348,151064.844155
5.29166666667,-0.00102565239649,0.579487860203,2.40512919426,4.43056342192e-06,2.30970890698e-05,0,0,-4.81910137751e-05,0.0166674368083,41.5203094482,0,0,0,0,6.57223135828,151064.844155
5.30277777778,-0.00102565239649,0.579487860203,2.40512919426,4.43056342192e-06,2.30970890698e-05,0,0,-4.81910137751e-05,0.0166674368083,41.5203094482,0,0,0,0,6.5520754681,151064.844155
5.31388888889,-0.00102565239649,0.579487860203,2.40512919426,4.43056342192e-06,2.30970890698e-05,0,0,-4.81910137751e-05,0.0166674368083,41.5203094482,0,0,0,0,6.53194923663,151064.844155
5.325,-0.00102565239649,0.579487860203,2.40512919426,4.43056342192e-06,2.30970890698e-05,0,0,-4.81910137751e-05,0.0166674368083,41.5203094482,0,0,0,0,6.51185157322,151064.844155
5.33611111111,-0.00102565239649,0.579487860203,2.40512919426,4.43056342192e-06,2.30970890698e-05,0,0,-4.81910137751e-05,0.0166674368083,41.5203094482,0,0,0,0,6.49178812977,151064.844155
5.34722222222,-0.00102565239649,0.579487860203,2.40512919426,4.43056342192e-06,2.30970890698e-05,0,0,-4.81910137751e-05,0.0166674368083,41.5203094482,0,0,0,0,6.47175839142,151064.844155
5.35833333333,-0.00102565239649,0.579487860203,2.40512919426,4.43056342192e-06,2.30970890698e-05,0,0,-4.81910137751e-05,0.0166674368083,41.5203094482,0,0,0,0,6.4517561257,151064.844155
5.36944444444,-0.00102565239649,0.579487860203,2.40512919426,4.43056342192e-06,2.30970890698e-05,0,0,-4.81910137751e-05,0.0166674368083,41.5203094482,0,0,0,0,6.43178534272,151064.844155
5.38055555556,-0.00102565239649,0.579487860203,2.40512919426,4.43056342192e-06,2.30970890698e-05,0,0,-4.81910137751e-05,0.0166674368083,41.5203094482,0,0,0,0,6.41184500876,151064.844155
5.39166666667,-0.00102565239649,0.579487860203,2.40512919426,4.43056342192e-06,2.30970890698e-05,0,0,-4.81910137751e-05,0.0166674368083,41.5203094482,0,0,0,0,6.39193583659,151064.844155
5.40277777778,-0.00102565239649,0.579487860203,2.40512919426,4.43056342192e-06,2.30970890698e-05,0,0,-4.81910137751e-05,0.0166674368083,41.5203094482,0,0,0,0,6.37205933351,151064.844155
5.41388888889,-0.00102565239649,0.579487860203,2.40512919426,4.43056342192e-06,2.30970890698e-05,0,0,-4.81910137751e-05,0.0166674368083,41.5203094482,0,0,0,0,6.35221165973,151064.844155
5.425,-0.00102565239649,0.579487860203,2.40512919426,4.43056342192e-06,2.30970890698e-05,0,0,-4.81910137751e-05,0.0166674368083,41.5203094482,0,0,0,0,6.33239326268,151064.844155
5.43611111111,-0.00102565239649,0.579487860203,2.40512919426,4.43056342192e-06,2.30970890698e-05,0,0,-4.81910137751e-05,0.0166674368083,41.5203094482,0,0,0,0,6.31261018947,151064.844155
5.44722222222,-0.00102565239649,0.579487860203,2.40512919426,4.43056342192e-06,2.30970890698e-05,0,0,-4.81910137751e-05,0.0166674368083,41.5203094482,0,0,0,0,6.29285584738,151064.844155
5.45833333333,-0.00102565239649,0.579487860203,2.40512919426,4.43056342192e-06,2.30970890698e-05,0,0,-4.81910137751e-05,0.0166674368083,41.5203094482,0,0,0,0,6.27313016407,151064.844155
5.46944444444,-0.00102565239649,0.579487860203,2.40512919426,4.43056342192e-06,2.30970890698e-05,0,0,-4.81910137751e-05,0.0166674368083,41.5203094482,0,0,0,0,6.25343943913,151064.844155
5.48055555556,-0.00102565239649,0.579487860203,2.40512919426,4.43056342192e-06,2.30970890698e-05,0,0,-4.81910137751e-05,0.0166674368083,41.5203094482,0,0,0,0,6.23377673704,151064.844155
5.49166666667,-0.00102565239649,0.579487860203,2.40512919426,4.43056342192e-06,2.30970890698e-05,0,0,-4.81910137751e-05,0.0166674368083,41.5203094482,0,0,0,0,6.21414777856,151064.844155
5.50277777778,-0.00102565239649,0.579487860203,2.40512919426,4.43056342192e-06,2.30970890698e-05,0,0,-4.81910137751e-05,0.0166674368083,41.5203094482,0,0,0,0,6.19454845476,151064.844155
5.51388888889,-0.00102565239649,0.579487860203,2.40512919426,4.43056342192e-06,2.30970890698e-05,0,0,-4.81910137751e-05,0.0166674368083,41.5203094482,0,0,0,0,6.17498083008,151064.844155
5.525,-0.00102565239649,0.579487860203,2.40512919426,4.43056342192e-06,2.30970890698e-05,0,0,-4.81910137751e-05,0.0166674368083,41.5203094482,0,0,0,0,6.15544237746,151064.844155
5.53611111111,-0.00102565239649,0.579487860203,2.40512919426,4.43056342192e-06,2.30970890698e-05,0,0,-4.81910137751e-05,0.0166674368083,41.5203094482,0,0,0,0,6.13593584832,151064.844155
5.54722222222,-0.00102565239649,0.579487860203,2.40512919426,4.43056342192e-06,2.30970890698e-05,0,0,-4.81910137751e-05,0.0166674368083,41.5203094482,0,0,0,0,6.11645921558,151064.844155
5.55833333333,-0.00102565239649,0.579487860203,2.40512919426,4.43056342192e-06,2.30970890698e-05,0,0,-4.81910137751e-05,0.0166674368083,41.5203094482,0,0,0,0,6.0970138124,151064.844155
5.56944444444,-0.00102565239649,0.579487860203,2.40512919426,4.43056342192e-06,2.30970890698e-05,0,0,-4.81910137751e-05,0.0166674368083,41.5203094482,0,0,0,0,6.07759921436,151064.844155
5.58055555556,-0.00102565239649,0.579487860203,2.40512919426,4.43056342192e-06,2.30970890698e-05,0,0,-4.81910137751e-05,0.0166674368083,41.5203094482,0,0,0,0,6.0582165547,151064.844155
5.59166666667,-0.00102565239649,0.579487860203,2.40512919426,4.43056342192e-06,2.30970890698e-05,0,0,-4.81910137751e-05,0.0166674368083,41.5203094482,0,0,0,0,6.03886668302,151064.844155
5.60277777778,-0.00102565239649,0.579487860203,2.40512919426,4.43056342192e-06,2.30970890698e-05,0,0,-4.81910137751e-05,0.0166674368083,41.5203094482,0,0,0,0,6.01954647579,151064.844155
5.61388888889,-0.00102565239649,0.579487860203,2.40512919426,4.43056342192e-06,2.30970890698e-05,0,0,-4.81910137751e-05,0.0166674368083,41.5203094482,0,0,0,0,6.00025749219,151064.844155
5.625,-0.00102565239649,0.579487860203,2.40512919426,4.43056342192e-06,2.30970890698e-05,0,0,-4.81910137751e-05,0.0166674368083,41.5203094482,0,0,0,0,5.98099824701,151064.844155
5.63611111111,-0.00102565239649,0.579487860203,2.40512919426,4.43056342192e-06,2.30970890698e-05,0,0,-4.81910137751e-05,0.0166674368083,41.5203094482,0,0,0,0,5.96177021514,151064.844155
5.64722222222,-0.00102565239649,0.579487860203,2.40512919426,4.43056342192e-06,2.30970890698e-05,0,0,-4.81910137751e-05,0.0166674368083,41.5203094482,0,0,0,0,5.94257197802,151064.844155
5.65833333333,-0.00102565239649,0.579487860203,2.40512919426,4.43056342192e-06,2.30970890698e-05,0,0,-4.81910137751e-05,0.0166674368083,41.5203094482,0,0,0,0,5.92340593742,151064.844155
5.66944444444,-0.00102565239649,0.579487860203,2.40512919426,4.43056342192e-06,2.30970890698e-05,0,0,-4.81910137751e-05,0.0166674368083,41.5203094482,0,0,0,0,5.90427255131,151064.844155
5.68055555556,-0.00102565239649,0.579487860203,2.40512919426,4.43056342192e-06,2.30970890698e-05,0,0,-4.81910137751e-05,0.0166674368083,41.5203094482,0,0,0,0,5.88516938882,151064.844155
5.69166666667,-0.00102565239649,0.579487860203,2.40512919426,4.43056342192e-06,3.0517578125e-05,0,0,-4.81910137751e-05,0.0166674368083,41.5203094482,0,0,0,0,5.8660965393,151064.844155
5.70277777778,-0.00102565239649,0.579487860203,2.40512919426,4.43056342192e-06,2.30970890698e-05,0,0,-4.81910137751e-05,0.0166674368083,41.5203094482,0,0,0,0,5.84705597867,151064.844155
5.71388888889,-0.00102565239649,0.579487860203,2.40512919426,4.43056342192e-06,2.30970890698e-05,0,0,-4.81910137751e-05,0.0166674368083,41.5203094482,0,0,0,0,5.82804802809,151064.844155
5.725,-0.00102565239649,0.579487860203,2.40512919426,4.43056342192e-06,2.30970890698e-05,0,0,-4.81910137751e-05,0.0166674368083,41.5203094482,0,0,0,0,5.80907023366,151064.844155
5.73611111111,-0.00102565239649,0.579487860203,2.40512919426,4.43056342192e-06,2.30970890698e-05,0,0,-4.81910137751e-05,0.0166674368083,41.5203094482,0,0,0,0,5.7901224611,151064.844155
5.74722222222,-0.00102565239649,0.579487860203,2.40512919426,4.43056342192e-06,2.30970890698e-05,0,0,-4.81910137751e-05,0.0166674368083,41.5203094482,0,0,0,0,5.7712076637,151064.844155
5.75833333333,-0.00102565239649,0.579487860203,2.40512919426,4.43056342192e-06,2.30970890698e-05,0,0,-4.81910137751e-05,0.0166674368083,41.5203094482,0,0,0,0,5.7523225231,151064.844155
5.76944444444,-0.00102565239649,0.579487860203,2.40512919426,4.43056342192e-06,2.30970890698e-05,0,0,-4.81910137751e-05,0.0166674368083,41.5203094482,0,0,0,0,5.73346846334,151064.844155
5.78055555556,-0.00102565239649,0.579487860203,2.40512919426,4.43056342192e-06,2.30970890698e-05,0,0,-4.81910137751e-05,0.0166674368083,41.5203094482,0,0,0,0,5.71464434219,151064.844155
5.79166666667,-0.00102565239649,0.579487860203,2.40512919426,4.43056342192e-06,2.30970890698e-05,0,0,-4.81910137751e-05,0.0166674368083,41.5203094482,0,0,0,0,5.69585152861,151064.844155
5.80277777778,-0.00102565239649,0.579487860203,2.40512919426,4.43056342192e-06,2.30970890698e-05,0,0,-4.81910137751e-05,0.0166674368083,41.5203094482,0,0,0,0,5.67708767674,151064.844155
5.81388888889,-0.00102565239649,0.579487860203,2.40512919426,4.43056342192e-06,2.30970890698e-05,0,0,-4.81910137751e-05,0.0166674368083,41.5203094482,0,0,0,0,5.65835568235,151064.844155
5.825,-0.00102565239649,0.579487860203,2.40512919426,4.43056342192e-06,2.32038983086e-05,0,0,-4.81910137751e-05,0.0166674368083,41.5203094482,0,0,0,0,5.63965692206,151064.844155
5.83611111111,-0.00102565239649,0.579487860203,2.40512919426,4.43056342192e-06,2.30970890698e-05,0,0,-4.81910137751e-05,0.0166674368083,41.5203094482,0,0,0,0,5.62098694752,151064.844155
5.84722222222,-0.00102565239649,0.579487860203,2.40512919426,4.43056342192e-06,2.30970890698e-05,0,0,-4.81910137751e-05,0.0166674368083,41.5203094482,0,0,0,0,5.60234921536,151064.844155
5.85833333333,-0.00102565239649,0.579487860203,2.40512919426,4.43056342192e-06,2.30970890698e-05,0,0,-4.81910137751e-05,0.0166674368083,41.5203094482,0,0,0,0,5.58373989043,151064.844155
5.86944444444,-0.00102565239649,0.579487860203,2.40512919426,4.43056342192e-06,2.30970890698e-05,0,0,-4.81910137751e-05,0.0166674368083,41.5203094482,0,0,0,0,5.56516142962,151064.844155
5.88055555556,-0.00102565239649,0.579487860203,2.40512919426,4.43056342192e-06,2.30970890698e-05,0,0,-4.81910137751e-05,0.0166674368083,41.5203094482,0,0,0,0,5.54661233383,151064.844155
5.89166666667,-0.00102565239649,0.579487860203,2.40512919426,4.43056342192e-06,2.30970890698e-05,0,0,-4.81910137751e-05,0.0166674368083,41.5203094482,0,0,0,0,5.52809560795,151064.844155
5.90277777778,-0.00102565239649,0.579487860203,2.40512919426,4.43056342192e-06,2.30970890698e-05,0,0,-4.81910137751e-05,0.0166674368083,41.5203094482,0,0,0,0,5.50960795296,151064.844155
5.91388888889,-0.00102565239649,0.579487860203,2.40512919426,4.43056342192e-06,2.30970890698e-05,0,0,-4.81910137751e-05,0.0166674368083,41.5203094482,0,0,0,0,5.49115141395,151064.844155
5.925,-0.00102565239649,0.579487860203,2.40512919426,4.43056342192e-06,2.30970890698e-05,0,0,-4.81910137751e-05,0.0166674368083,41.5203094482,0,0,0,0,5.47272872156,151064.844155
5.93611111111,-0.00102565239649,0.579487860203,2.40512919426,4.43056342192e-06,2.30970890698e-05,0,0,-4.81910137751e-05,0.0166674368083,41.5203094482,0,0,0,0,5.45433884828,151064.844155
5.94722222222,-0.00102565239649,0.579487860203,2.40512919426,4.43056342192e-06,2.30970890698e-05,0,0,-4.81910137751e-05,0.0166674368083,41.5203094482,0,0,0,0,5.43597532926,151064.844155
5.95833333333,-0.00102565239649,0.579487860203,2.40512919426,4.43056342192e-06,2.30970890698e-05,0,0,-4.81910137751e-05,0.0166674368083,41.5203094482,0,0,0,0,5.41764374075,151064.844155
5.96944444444,-0.00102565239649,0.579487860203,2.40512919426,4.43056342192e-06,2.30970890698e-05,0,0,-4.81910137751e-05,0.0166674368083,41.5203094482,0,0,0,0,5.39934397228,151064.844155
5.98055555556,-0.00102565239649,0.579487860203,2.40512919426,4.43056342192e-06,2.30970890698e-05,0,0,-4.81910137751e-05,0.0166674368083,41.5203094482,0,0,0,0,5.38107466506,151064.844155
5.99166666667,-0.00102565239649,0.579487860203,2.40512919426,4.43056342192e-06,2.30970890698e-05,0,0,-4.81910137751e-05,0.0166674368083,41.5203094482,0,0,0,0,5.36283667813,151064.844155
6.00277777778,-0.00102565239649,0.579487860203,2.40512919426,4.43056342192e-06,2.30970890698e-05,0,0,-4.81910137751e-05,0.0166674368083,41.5203094482,0,0,0,0,5.34462849668,151064.844155
6.01388888889,-0.00102565239649,0.579487860203,2.40512919426,4.43056342192e-06,2.30970890698e-05,0,0,-4.81910137751e-05,0.0166674368083,41.5203094482,0,0,0,0,5.32645141758,151064.844155
6.025,-0.00102565239649,0.579487860203,2.40512919426,4.43056342192e-06,2.30970890698e-05,0,0,-4.81910137751e-05,0.0166674368083,41.5203094482,0,0,0,0,5.30830606264,151064.844155
6.03611111111,-0.00102565239649,0.579487860203,2.40512919426,4.43056342192e-06,2.30970890698e-05,0,0,-4.81910137751e-05,0.0166674368083,41.5203094482,0,0,0,0,5.29019254656,151064.844155
6.04722222222,-0.00102565239649,0.579487860203,2.40512919426,4.43056342192e-06,2.30970890698e-05,0,0,-4.81910137751e-05,0.0166674368083,41.5203094482,0,0,0,0,5.27210939766,151064.844155
6.05833333333,-0.00102565239649,0.579487860203,2.40512919426,4.43056342192e-06,2.30970890698e-05,0,0,-4.81910137751e-05,0.0166674368083,41.5203094482,0,0,0,0,5.25405751606,151064.844155
6.06944444444,-0.00102565239649,0.579487860203,2.40512919426,4.43056342192e-06,2.30970890698e-05,0,0,-4.81910137751e-05,0.0166674368083,41.5203094482,0,0,0,0,5.23603557442,151064.844155
6.08055555556,-0.00102565239649,0.579487860203,2.40512919426,4.43056342192e-06,2.30970890698e-05,0,0,-4.81910137751e-05,0.0166674368083,41.5203094482,0,0,0,0,5.21804404904,151064.844155
6.09166666667,-0.00102565239649,0.579487860203,2.40512919426,4.43056342192e-06,2.30970890698e-05,0,0,-4.81910137751e-05,0.0166674368083,41.5203094482,0,0,0,0,5.20008277135,151064.844155
6.10277777778,-0.00102565239649,0.579487860203,2.40512919426,4.43056342192e-06,2.30970890698e-05,0,0,-4.81910137751e-05,0.0166674368083,41.5203094482,0,0,0,0,5.18215319282,151064.844155
6.11388888889,-0.00102565239649,0.579487860203,2.40512919426,4.43056342192e-06,2.30970890698e-05,0,0,-4.81910137751e-05,0.0166674368083,41.5203094482,0,0,0,0,5.1642534652,151064.844155
6.125,-0.00102565239649,0.579487860203,2.40512919426,4.43056342192e-06,2.30970890698e-05,0,0,-4.81910137751e-05,0.0166674368083,41.5203094482,0,0,0,0,5.14638808388,151064.844155
6.13611111111,-0.00102565239649,0.579487860203,2.40512919426,4.43056342192e-06,2.30970890698e-05,0,0,-4.81910137751e-05,0.0166674368083,41.5203094482,0,0,0,0,5.12855150894,151064.844155
6.14722222222,-0.00102565239649,0.579487860203,2.40512919426,4.43056342192e-06,2.30970890698e-05,0,0,-4.81910137751e-05,0.0166674368083,41.5203094482,0,0,0,0,5.11074734279,151064.844155
6.15833333333,-0.00102565239649,0.579487860203,2.40512919426,4.43056342192e-06,2.30970890698e-05,0,0,-4.81910137751e-05,0.0166674368083,41.5203094482,0,0,0,0,5.09297641981,151064.844155
6.16944444444,-0.00102565239649,0.579487860203,2.40512919426,4.43056342192e-06,2.30970890698e-05,0,0,-4.81910137751e-05,0.0166674368083,41.5203094482,0,0,0,0,5.0752376205,151064.844155
6.18055555556,-0.00102565239649,0.579487860203,2.40512919426,4.43056342192e-06,2.30970890698e-05,0,0,-4.81910137751e-05,0.0166674368083,41.5203094482,0,0,0,0,5.05752753955,151064.844155
6.19166666667,-0.00102565239649,0.579487860203,2.40512919426,4.43056342192e-06,2.30970890698e-05,0,0,-4.81910137751e-05,0.0166674368083,41.5203094482,0,0,0,0,5.03984873316,151064.844155
6.20277777778,-0.00102565239649,0.579487860203,2.40512919426,4.43056342192e-06,2.30970890698e-05,0,0,-4.81910137751e-05,0.0166674368083,41.5203094482,0,0,0,0,5.02220360263,151064.844155
6.21388888889,-0.00102565239649,0.579487860203,2.40512919426,4.43056342192e-06,2.30970890698e-05,0,0,-4.81910137751e-05,0.0166674368083,41.5203094482,0,0,0,0,5.00458570572,151064.844155
6.225,-0.00102565239649,0.579487860203,2.40512919426,4.43056342192e-06,2.30970890698e-05,0,0,-4.81910137751e-05,0.0166674368083,41.5203094482,0,0,0,0,4.9869967201,151064.844155
6.23611111111,-0.00102565239649,0.579487860203,2.40512919426,4.43056342192e-06,2.30970890698e-05,0,0,-4.81910137751e-05,0.0166674368083,41.5203094482,0,0,0,0,4.96943972563,151064.844155
6.24722222222,-0.00102565239649,0.579487860203,2.40512919426,4.43056342192e-06,2.30970890698e-05,0,0,-4.81910137751e-05,0.0166674368083,41.5203094482,0,0,0,0,4.95191437781,151064.844155
6.25833333333,-0.00102565239649,0.579487860203,2.40512919426,4.43056342192e-06,2.30970890698e-05,0,0,-4.81910137751e-05,0.0166674368083,41.5203094482,0,0,0,0,4.93442094646,151064.844155
6.26944444444,-0.00102565239649,0.579487860203,2.40512919426,4.43056342192e-06,2.30970890698e-05,0,0,-4.81910137751e-05,0.0166674368083,41.5203094482,0,0,0,0,4.91695849977,151064.844155
6.28055555556,-0.00102565239649,0.579487860203,2.40512919426,4.43056342192e-06,2.30970890698e-05,0,0,-4.81910137751e-05,0.0166674368083,41.5203094482,0,0,0,0,4.89952667036,151064.844155
6.29166666667,-0.00102565239649,0.579487860203,2.40512919426,4.43056342192e-06,2.30970890698e-05,0,0,-4.81910137751e-05,0.0166674368083,41.5203094482,0,0,0,0,4.88212619849,151064.844155
6.30277777778,-0.00102565239649,0.579487860203,2.40512919426,4.43056342192e-06,2.30970890698e-05,0,0,-4.81910137751e-05,0.0166674368083,41.5203094482,0,0,0,0,4.86475751585,151064.844155
6.31388888889,-0.00102565239649,0.579487860203,2.40512919426,4.43056342192e-06,2.30970890698e-05,0,0,-4.81910137751e-05,0.0166674368083,41.5203094482,0,0,0,0,4.84741876563,151064.844155
6.325,-0.00102565239649,0.579487860203,2.40512919426,4.43056342192e-06,2.30970890698e-05,0,0,-4.81910137751e-05,0.0166674368083,41.5203094482,0,0,0,0,4.83011027738,151064.844155
6.33611111111,-0.00102565239649,0.579487860203,2.40512919426,4.43056342192e-06,2.30970890698e-05,0,0,-4.81910137751e-05,0.0166674368083,41.5203094482,0,0,0,0,4.81283302633,151064.844155
6.34722222222,-0.00102565239649,0.579487860203,2.40512919426,4.43056342192e-06,2.30970890698e-05,0,0,-4.81910137751e-05,0.0166674368083,41.5203094482,0,0,0,0,4.79558679617,151064.844155
6.35833333333,-0.00102565239649,0.579487860203,2.40512919426,4.43056342192e-06,2.30970890698e-05,0,0,-4.81910137751e-05,0.0166674368083,41.5203094482,0,0,0,0,4.77837185552,151064.844155
6.36944444444,-0.00102565239649,0.579487860203,2.40512919426,4.43056342192e-06,2.33796126849e-05,0,0,-4.81910137751e-05,0.0166674368083,41.5203094482,0,0,0,0,4.76118715953,151064.844155
6.38055555556,-0.00102565239649,0.579487860203,2.40512919426,4.43056342192e-06,3.1049385143e-05,0,0,-4.81910137751e-05,0.0166674368083,41.5203094482,0,0,0,0,4.74403631398,151064.844155
6.39166666667,-0.00102565239649,0.579487860203,2.40512919426,4.43056342192e-06,2.33796126849e-05,0,0,-4.81910137751e-05,0.0166674368083,41.5203094482,0,0,0,0,4.72691530139,151064.844155
6.40277777778,-0.00102565239649,0.579487860203,2.40512919426,4.43056342192e-06,2.35925999732e-05,0,0,-4.81910137751e-05,0.0166674368083,41.5203094482,0,0,0,0,4.70982693047,151064.844155
6.41388888889,-0.00102565239649,0.579487860203,2.40512919426,4.43056342192e-06,2.35925999732e-05,0,0,-4.81910137751e-05,0.0166674368083,41.5203094482,0,0,0,0,4.69276794605,151064.844155
6.425,-0.00102565239649,0.579487860203,2.40512919426,4.43056342192e-06,2.30970890698e-05,0,0,-4.81910137751e-05,0.0166674368083,41.5203094482,0,0,0,0,4.67573802084,151064.844155
6.43611111111,-0.00102565239649,0.579487860203,2.40512919426,4.43056342192e-06,2.30970890698e-05,0,0,-4.81910137751e-05,0.0166674368083,41.5203094482,0,0,0,0,4.65874032687,151064.844155
6.44722222222,-0.00102565239649,0.579487860203,2.40512919426,4.43056342192e-06,2.33808295889e-05,0,0,-4.81910137751e-05,0.0166674368083,41.5203094482,0,0,0,0,4.64177220815,151064.844155
6.45833333333,-0.00102565239649,0.579487860203,2.40512919426,4.43056342192e-06,2.35938041442e-05,0,0,-4.81910137751e-05,0.0166674368083,41.5203094482,0,0,0,0,4.62483654097,151064.844155
6.46944444444,-0.00102565239649,0.579487860203,2.40512919426,4.43056342192e-06,2.30970890698e-05,0,0,-4.81910137751e-05,0.0166674368083,41.5203094482,0,0,0,0,4.60793170959,151064.844155
6.48055555556,-0.00102565239649,0.579487860203,2.40512919426,4.43056342192e-06,2.30970890698e-05,0,0,-4.81910137751e-05,0.0166674368083,41.5203094482,0,0,0,0,4.5910572657,151064.844155
6.49166666667,-0.00102565239649,0.579487860203,2.40512919426,4.43056342192e-06,2.30970890698e-05,0,0,-4.81910137751e-05,0.0166674368083,41.5203094482,0,0,0,0,4.57421442495,151064.844155
6.50277777778,-0.00102565239649,0.579487860203,2.40512919426,4.43056342192e-06,2.30970890698e-05,0,0,-4.81910137751e-05,0.0166674368083,41.5203094482,0,0,0,0,4.55740188227,151064.844155
6.51388888889,-0.00102565239649,0.579487860203,2.40512919426,4.43056342192e-06,2.30970890698e-05,0,0,-4.81910137751e-05,0.0166674368083,41.5203094482,0,0,0,0,4.54062080623,151064.844155
6.525,-0.00102565239649,0.579487860203,2.40512919426,4.43056342192e-06,2.30970890698e-05,0,0,-4.81910137751e-05,0.0166674368083,41.5203094482,0,0,0,0,4.52386880662,151064.844155
6.53611111111,-0.00102565239649,0.579487860203,2.40512919426,4.43056342192e-06,2.30970890698e-05,0,0,-4.81910137751e-05,0.0166674368083,41.5203094482,0,0,0,0,4.50714753182,151064.844155
6.54722222222,-0.00102565239649,0.579487860203,2.40512919426,4.43056342192e-06,2.30970890698e-05,0,0,-4.81910137751e-05,0.0166674368083,41.5203094482,0,0,0,0,4.49045658373,151064.844155
6.55833333333,-0.00102565239649,0.579487860203,2.40512919426,4.43056342192e-06,2.30970890698e-05,0,0,-4.81910137751e-05,0.0166674368083,41.5203094482,0,0,0,0,4.47379903491,151064.844155
6.56944444444,-0.00102565239649,0.579487860203,2.40512919426,4.43056342192e-06,2.32051224884e-05,0,0,-4.81910137751e-05,0.0166674368083,41.5203094482,0,0,0,0,4.45717193737,151064.844155
6.58055555556,-0.00102565239649,0.579487860203,2.40512919426,4.43056342192e-06,2.30970890698e-05,0,0,-4.81910137751e-05,0.0166674368083,41.5203094482,0,0,0,0,4.44057736903,151064.844155
6.59166666667,-0.00102565239649,0.579487860203,2.40512919426,4.43056342192e-06,2.30970890698e-05,0,0,-4.81910137751e-05,0.0166674368083,41.5203094482,0,0,0,0,4.42401249562,151064.844155
6.60277777778,-0.00102565239649,0.579487860203,2.40512919426,4.43056342192e-06,2.30970890698e-05,0,0,-4.81910137751e-05,0.0166674368083,41.5203094482,0,0,0,0,4.40747844973,151064.844155
6.61388888889,-0.00102565239649,0.579487860203,2.40512919426,4.43056342192e-06,2.30970890698e-05,0,0,-4.81910137751e-05,0.0166674368083,41.5203094482,0,0,0,0,4.39097516015,151064.844155
6.625,-0.00102565239649,0.579487860203,2.40512919426,4.43056342192e-06,2.30970890698e-05,0,0,-4.81910137751e-05,0.0166674368083,41.5203094482,0,0,0,0,4.37450302321,151064.844155
6.63611111111,-0.00102565239649,0.579487860203,2.40512919426,4.43056342192e-06,2.30970890698e-05,0,0,-4.81910137751e-05,0.0166674368083,41.5203094482,0,0,0,0,4.35806160201,151064.844155
6.64722222222,-0.00102565239649,0.579487860203,2.40512919426,4.43056342192e-06,2.30970890698e-05,0,0,-4.81910137751e-05,0.0166674368083,41.5203094482,0,0,0,0,4.34164911937,151064.844155
6.65833333333,-0.00102565239649,0.579487860203,2.40512919426,4.43056342192e-06,2.30970890698e-05,0,0,-4.81910137751e-05,0.0166674368083,41.5203094482,0,0,0,0,4.32526936481,151064.844155
6.66944444444,-0.00102565239649,0.579487860203,2.40512919426,4.43056342192e-06,2.30970890698e-05,0,0,-4.81910137751e-05,0.0166674368083,41.5203094482,0,0,0,0,4.30892064627,151064.844155
6.68055555556,-0.00102565239649,0.579487860203,2.40512919426,4.43056342192e-06,2.33808295889e-05,0,0,-4.81910137751e-05,0.0166674368083,41.5203094482,0,0,0,0,4.29260112046,151064.844155
6.69166666667,-0.00102565239649,0.579487860203,2.40512919426,4.43056342192e-06,2.30970890698e-05,0,0,-4.81910137751e-05,0.0166674368083,41.5203094482,0,0,0,0,4.27631334685,151064.844155
6.70277777778,-0.00102565239649,0.579487860203,2.40512919426,4.43056342192e-06,2.30970890698e-05,0,0,-4.81910137751e-05,0.0166674368083,41.5203094482,0,0,0,0,4.26005788423,151064.844155
6.71388888889,-0.00102565239649,0.579487860203,2.40512919426,4.43056342192e-06,2.30970890698e-05,0,0,-4.81910137751e-05,0.0166674368083,41.5203094482,0,0,0,0,4.24383219414,151064.844155
6.725,-0.00102565239649,0.579487860203,2.40512919426,4.43056342192e-06,2.30970890698e-05,0,0,-4.81910137751e-05,0.0166674368083,41.5203094482,0,0,0,0,4.22763745102,151064.844155
6.73611111111,-0.00102565239649,0.579487860203,2.40512919426,4.43056342192e-06,2.30970890698e-05,0,0,-4.81910137751e-05,0.0166674368083,41.5203094482,0,0,0,0,4.21147472189,151064.844155
6.74722222222,-0.00102565239649,0.579487860203,2.40512919426,4.43056342192e-06,2.35925999732e-05,0,0,-4.81910137751e-05,0.0166674368083,41.5203094482,0,0,0,0,4.19534336574,151064.844155
6.75833333333,-0.00102565239649,0.579487860203,2.40512919426,4.43056342192e-06,2.30970890698e-05,0,0,-4.81910137751e-05,0.0166674368083,41.5203094482,0,0,0,0,4.17924186388,151064.844155
6.76944444444,-0.00102565239649,0.579487860203,2.40512919426,4.43056342192e-06,2.33796126849e-05,0,0,-4.81910137751e-05,0.0166674368083,41.5203094482,0,0,0,0,4.16316990228,151064.844155
6.78055555556,-0.00102565239649,0.579487860203,2.40512919426,4.43056342192e-06,2.30970890698e-05,0,0,-4.81910137751e-05,0.0166674368083,41.5203094482,0,0,0,0,4.14713114388,151064.844155
6.79166666667,-0.00102565239649,0.579487860203,2.40512919426,4.43056342192e-06,2.30970890698e-05,0,0,-4.81910137751e-05,0.0166674368083,41.5203094482,0,0,0,0,4.13112216158,151064.844155
6.80277777778,-0.00102565239649,0.579487860203,2.40512919426,4.43056342192e-06,2.33796126849e-05,0,0,-4.81910137751e-05,0.0166674368083,41.5203094482,0,0,0,0,4.11514362026,151064.844155
6.81388888889,-0.00102565239649,0.579487860203,2.40512919426,4.43056342192e-06,2.30970890698e-05,0,0,-4.81910137751e-05,0.0166674368083,41.5203094482,0,0,0,0,4.09919811171,151064.844155
6.825,-0.00102565239649,0.579487860203,2.40512919426,4.43056342192e-06,2.30970890698e-05,0,0,-4.81910137751e-05,0.0166674368083,41.5203094482,0,0,0,0,4.08328380339,151064.844155
6.83611111111,-0.00102565239649,0.579487860203,2.40512919426,4.43056342192e-06,2.38430493482e-05,0,0,-4.81910137751e-05,0.0166674368083,41.5203094482,0,0,0,0,4.06739832409,151064.844155
6.84722222222,-0.00102565239649,0.579487860203,2.40512919426,4.43056342192e-06,2.30970890698e-05,0,0,-4.81910137751e-05,0.0166674368083,41.5203094482,0,0,0,0,4.05154563412,151064.844155
6.85833333333,-0.00102565239649,0.579487860203,2.40512919426,4.43056342192e-06,2.35938041442e-05,0,0,-4.81910137751e-05,0.0166674368083,41.5203094482,0,0,0,0,4.03572362541,151064.844038
6.86944444444,-0.00102565239649,0.579487860203,2.40512919426,4.43056342192e-06,2.33808295889e-05,0,0,-4.81910137751e-05,0.0166674368083,41.5203094482,0,0,0,0,4.01993274992,151064.844038
6.88055555556,-0.00102565239649,0.579487860203,2.40512919426,4.43056342192e-06,3.10503019136e-05,0,0,-4.81910137751e-05,0.0166674368083,41.5203094482,0,0,0,0,4.00417284001,151064.844038
6.89166666667,-0.00102565239649,0.579487860203,2.40512919426,4.43056342192e-06,2.30970890698e-05,0,0,-4.81910137751e-05,0.0166674368083,41.5203094482,0,0,0,0,3.98844365019,151064.844038
6.90277777778,-0.00102565239649,0.579487860203,2.40512919426,4.43056342192e-06,2.33808295889e-05,0,0,-4.81910137751e-05,0.0166674368083,41.5203094482,0,0,0,0,3.97274493195,151064.844038
6.91388888889,-0.00102565239649,0.579487860203,2.40512919426,4.43056342192e-06,2.35938041442e-05,0,0,-4.81910137751e-05,0.0166674368083,41.5203094482,0,0,0,0,3.95707599635,151064.844038
6.925,-0.00102565239649,0.579487860203,2.40512919426,4.43056342192e-06,2.33808295889e-05,0,0,-4.81910137751e-05,0.0166674368083,41.5203094482,0,0,0,0,3.94144098849,151064.844038
6.93611111111,-0.00102565239649,0.579487860203,2.40512919426,4.43056342192e-06,2.38430493482e-05,0,0,-4.81910137751e-05,0.0166674368083,41.5203094482,0,0,0,0,3.92583681469,151064.844038
6.94722222222,-0.00102565239649,0.579487860203,2.40512919426,4.43056342192e-06,2.30970890698e-05,0,0,-4.81910137751e-05,0.0166674368083,41.5203094482,0,0,0,0,3.91026234007,151064.844038
6.95833333333,-0.00102565239649,0.579487860203,2.40512919426,4.43056342192e-06,2.30970890698e-05,0,0,-4.81910137751e-05,0.0166674368083,41.5203094482,0,0,0,0,3.89471897194,151064.844038
6.96944444444,-0.00102565239649,0.579487860203,2.40512919426,4.43056342192e-06,2.35938041442e-05,0,0,-4.81910137751e-05,0.0166674368083,41.5203094482,0,0,0,0,3.87920847379,151064.844038
6.98055555556,-0.00102565239649,0.579487860203,2.40512919426,4.43056342192e-06,2.30970890698e-05,0,0,-4.81910137751e-05,0.0166674368083,41.5203094482,0,0,0,0,3.86372810975,151064.844038
6.99166666667,-0.00102565239649,0.579487860203,2.40512919426,4.43056342192e-06,2.35938041442e-05,0,0,-4.81910137751e-05,0.0166674368083,41.5203094482,0,0,0,0,3.84827694812,151064.844038
7.00277777778,-0.00102565239649,0.579487860203,2.40512919426,4.43056342192e-06,2.35938041442e-05,0,0,-4.81910137751e-05,0.0166674368083,41.5203094482,0,0,0,0,3.83285649389,151064.844038
7.01388888889,-0.00102565239649,0.579487860203,2.40512919426,4.43056342192e-06,2.35938041442e-05,0,0,-4.81910137751e-05,0.0166674368083,41.5203094482,0,0,0,0,3.81746786339,151064.844038
7.025,-0.00102565239649,0.579487860203,2.40512919426,4.43056342192e-06,2.35938041442e-05,0,0,-4.81910137751e-05,0.0166674368083,41.5203094482,0,0,0,0,3.80211016464,151064.844038
7.03611111111,-0.00102565239649,0.579487860203,2.40512919426,4.43056342192e-06,2.33808295889e-05,0,0,-4.81910137751e-05,0.0166674368083,41.5203094482,0,0,0,0,3.7867834206,151064.844038
7.04722222222,-0.00102565239649,0.579487860203,2.40512919426,4.43056342192e-06,2.30970890698e-05,0,0,-4.81910137751e-05,0.0166674368083,41.5203094482,0,0,0,0,3.77148752553,151064.844038
7.05833333333,-0.00102565239649,0.579487860203,2.40512919426,4.43056342192e-06,2.35938041442e-05,0,0,-4.81910137751e-05,0.0166674368083,41.5203094482,0,0,0,0,3.75622331092,151064.844038
7.06944444444,-0.00102565239649,0.579487860203,2.40512919426,4.43056342192e-06,2.30970890698e-05,0,0,-4.81910137751e-05,0.0166674368083,41.5203094482,0,0,0,0,3.74098948171,151064.844038
7.08055555556,-0.00102565239649,0.579487860203,2.40512919426,4.43056342192e-06,2.35925999732e-05,0,0,-4.81910137751e-05,0.0166674368083,41.5203094482,0,0,0,0,3.72578629663,151064.844038
7.09166666667,-0.00102565239649,0.579487860203,2.40512919426,4.43056342192e-06,2.33808295889e-05,0,0,-4.81910137751e-05,0.0166674368083,41.5203094482,0,0,0,0,3.71061404261,151064.844038
7.10277777778,-0.00102565239649,0.579487860203,2.40512919426,4.43056342192e-06,2.35938041442e-05,0,0,-4.81910137751e-05,0.0166674368083,41.5203094482,0,0,0,0,3.69547322906,151064.844038
7.11388888889,-0.00102565239649,0.579487860203,2.40512919426,4.43056342192e-06,2.35925999732e-05,0,0,-4.81910137751e-05,0.0166674368083,41.5203094482,0,0,0,0,3.68036362581,151064.844038
7.125,-0.00102565239649,0.579487860203,2.40512919426,4.43056342192e-06,2.33808295889e-05,0,0,-4.81910137751e-05,0.0166674368083,41.5203094482,0,0,0,0,3.66528445892,151064.844038
7.13611111111,-0.00102565239649,0.579487860203,2.40512919426,4.43056342192e-06,2.35925999732e-05,0,0,-4.81910137751e-05,0.0166674368083,41.5203094482,0,0,0,0,3.65023640999,151064.844038
7.14722222222,-0.00102565239649,0.579487860203,2.40512919426,4.43056342192e-06,2.30970890698e-05,0,0,-4.81910137751e-05,0.0166674368083,41.5203094482,0,0,0,0,3.63521782859,151064.844038
7.15833333333,-0.00102565239649,0.579487860203,2.40512919426,4.43056342192e-06,2.33808295889e-05,0,0,-4.81910137751e-05,0.0166674368083,41.5203094482,0,0,0,0,3.62023099874,151064.844038
7.16944444444,-0.00102565239649,0.579487860203,2.40512919426,4.43056342192e-06,2.35938041442e-05,0,0,-4.81910137751e-05,0.0166674368083,41.5203094482,0,0,0,0,3.6052758261,151064.844038
7.18055555556,-0.00102565239649,0.579487860203,2.40512919426,4.43056342192e-06,2.33808295889e-05,0,0,-4.81910137751e-05,0.0166674368083,41.5203094482,0,0,0,0,3.59035011633,151064.844038
7.19166666667,-0.00102565239649,0.579487860203,2.40512919426,4.43056342192e-06,2.35938041442e-05,0,0,-4.81910137751e-05,0.0166674368083,41.5203094482,0,0,0,0,3.57545578327,151064.844038
7.20277777778,-0.00102565239649,0.579487860203,2.40512919426,4.43056342192e-06,2.30970890698e-05,0,0,-4.81910137751e-05,0.0166674368083,41.5203094482,0,0,0,0,3.56059396987,151064.844038
7.21388888889,-0.00102565239649,0.579487860203,2.40512919426,4.43056342192e-06,2.35925999732e-05,0,0,-4.81910137751e-05,0.0166674368083,41.5203094482,0,0,0,0,3.54576119511,151064.844038
7.225,-0.00102565239649,0.579487860203,2.40512919426,4.43056342192e-06,2.35938041442e-05,0,0,-4.81910137751e-05,0.0166674368083,41.5203094482,0,0,0,0,3.53095903625,151064.844038
7.23611111111,-0.00102565239649,0.579487860203,2.40512919426,4.43056342192e-06,2.35938041442e-05,0,0,-4.81910137751e-05,0.0166674368083,41.5203094482,0,0,0,0,3.51618817086,151064.844038
7.24722222222,-0.00102565239649,0.579487860203,2.40512919426,4.43056342192e-06,2.35938041442e-05,0,0,-4.81910137751e-05,0.0166674368083,41.5203094482,0,0,0,0,3.50144815025,151064.844038
7.25833333333,-0.00102565239649,0.579487860203,2.40512919426,4.43056342192e-06,2.30970890698e-05,0,0,-4.81910137751e-05,0.0166674368083,41.5203094482,0,0,0,0,3.4867400093,151064.844038
7.26944444444,-0.00102565239649,0.579487860203,2.40512919426,4.43056342192e-06,2.38430493482e-05,0,0,-4.81910137751e-05,0.0166674368083,41.5203094482,0,0,0,0,3.47206296348,151064.844038
7.28055555556,-0.00102565239649,0.579487860203,2.40512919426,4.43056342192e-06,2.35938041442e-05,0,0,-4.81910137751e-05,0.0166674368083,41.5203094482,0,0,0,0,3.45741849743,151064.844038
7.29166666667,-0.00102565239649,0.579487860203,2.40512919426,4.43056342192e-06,2.35925999732e-05,0,0,-4.81910137751e-05,0.0166674368083,41.5203094482,0,0,0,0,3.44280229513,151064.844038
7.30277777778,-0.00102565239649,0.579487860203,2.40512919426,4.43056342192e-06,2.33808295889e-05,0,0,-4.81910137751e-05,0.0166674368083,41.5203094482,0,0,0,0,3.42821808174,151064.844038
7.31388888889,-0.00102565239649,0.579487860203,2.40512919426,4.43056342192e-06,2.35938041442e-05,0,0,-4.81910137751e-05,0.0166674368083,41.5203094482,0,0,0,0,3.41366395897,151064.844038
7.325,-0.00102565239649,0.579487860203,2.40512919426,4.43056342192e-06,2.35938041442e-05,0,0,-4.81910137751e-05,0.0166674368083,41.5203094482,0,0,0,0,3.3991410201,151064.844038
7.33611111111,-0.00102565239649,0.579487860203,2.40512919426,4.43056342192e-06,2.35938041442e-05,0,0,-4.81910137751e-05,0.0166674368083,41.5203094482,0,0,0,0,3.38465008028,151064.844038
7.34722222222,-0.00102565239649,0.579487860203,2.40512919426,4.43056342192e-06,2.33808295889e-05,0,0,-4.81910137751e-05,0.0166674368083,41.5203094482,0,0,0,0,3.37018852101,151064.844038
7.35833333333,-0.00102565239649,0.579487860203,2.40512919426,4.43056342192e-06,2.33808295889e-05,0,0,-4.81910137751e-05,0.0166674368083,41.5203094482,0,0,0,0,3.35575923271,151064.844038
7.36944444444,-0.00102565239649,0.579487860203,2.40512919426,4.43056342192e-06,2.35925999732e-05,0,0,-4.81910137751e-05,0.0166674368083,41.5203094482,0,0,0,0,3.34136145402,151064.844038
7.38055555556,-0.00102565239649,0.579487860203,2.40512919426,4.43056342192e-06,2.35938041442e-05,0,0,-4.81910137751e-05,0.0166674368083,41.5203094482,0,0,0,0,3.32699328718,151064.844038
7.39166666667,-0.00102565239649,0.579487860203,2.40512919426,4.43056342192e-06,3.10503019136e-05,0,0,-4.81910137751e-05,0.0166674368083,41.5203094482,0,0,0,0,3.31265684563,151064.844038
7.40277777778,-0.00102565239649,0.579487860203,2.40512919426,4.43056342192e-06,2.30970890698e-05,0,0,-4.81910137751e-05,0.0166674368083,41.5203094482,0,0,0,0,3.29835168342,151064.844038
7.41388888889,-0.00102565239649,0.579487860203,2.40512919426,4.43056342192e-06,2.35938041442e-05,0,0,-4.81910137751e-05,0.0166674368083,41.5203094482,0,0,0,0,3.28407711082,151064.844038
7.425,-0.00102565239649,0.579487860203,2.40512919426,4.43056342192e-06,2.30970890698e-05,0,0,-4.81910137751e-05,0.0166674368083,41.5203094482,0,0,0,0,3.26983318611,151064.844038
7.43611111111,-0.00102565239649,0.579487860203,2.40512919426,4.43056342192e-06,2.35938041442e-05,0,0,-4.81910137751e-05,0.0166674368083,41.5203094482,0,0,0,0,3.25562054626,151064.844038
7.44722222222,-0.00102565239649,0.579487860203,2.40512919426,4.43056342192e-06,2.30970890698e-05,0,0,-4.81910137751e-05,0.0166674368083,41.5203094482,0,0,0,0,3.24143807922,151064.844038
7.45833333333,-0.00102565239649,0.579487860203,2.40512919426,4.43056342192e-06,2.30970890698e-05,0,0,-4.81910137751e-05,0.0166674368083,41.5203094482,0,0,0,0,3.22728763577,151064.844038
7.46944444444,-0.00102565239649,0.579487860203,2.40512919426,4.43056342192e-06,2.35925999732e-05,0,0,-4.81910137751e-05,0.0166674368083,41.5203094482,0,0,0,0,3.21316818627,151064.844038
7.48055555556,-0.00102565239649,0.579487860203,2.40512919426,4.43056342192e-06,2.35938041442e-05,0,0,-4.81910137751e-05,0.0166674368083,41.5203094482,0,0,0,0,3.19907844359,151064.844038
7.49166666667,-0.00102565239649,0.579487860203,2.40512919426,4.43056342192e-06,2.33808295889e-05,0,0,-4.81910137751e-05,0.0166674368083,41.5203094482,0,0,0,0,3.18502125841,151064.844038
7.50277777778,-0.00102565239649,0.579487860203,2.40512919426,4.43056342192e-06,2.35938041442e-05,0,0,-4.81910137751e-05,0.0166674368083,41.5203094482,0,0,0,0,3.17099477036,151064.844038
7.51388888889,-0.00102565239649,0.579487860203,2.40512919426,4.43056342192e-06,2.35938041442e-05,0,0,-4.81910137751e-05,0.0166674368083,41.5203094482,0,0,0,0,3.15700035718,151064.844038
7.525,-0.00102565239649,0.579487860203,2.40512919426,4.43056342192e-06,2.30970890698e-05,0,0,-4.81910137751e-05,0.0166674368083,41.5203094482,0,0,0,0,3.14303511337,151064.844038
7.53611111111,-0.00102565239649,0.579487860203,2.40512919426,4.43056342192e-06,2.33808295889e-05,0,0,-4.81910137751e-05,0.0166674368083,41.5203094482,0,0,0,0,3.12910182268,151064.844038
7.54722222222,-0.00102565239649,0.579487860203,2.40512919426,4.43056342192e-06,2.32051224884e-05,0,0,-4.81910137751e-05,0.0166674368083,41.5203094482,0,0,0,0,3.11519912442,151064.844038
7.55833333333,-0.00102565239649,0.579487860203,2.40512919426,4.43056342192e-06,2.35938041442e-05,0,0,-4.81910137751e-05,0.0166674368083,41.5203094482,0,0,0,0,3.10132806855,151064.844038
7.56944444444,-0.00102565239649,0.579487860203,2.40512919426,4.43056342192e-06,2.35938041442e-05,0,0,-4.81910137751e-05,0.0166674368083,41.5203094482,0,0,0,0,3.08748743225,151064.844038
7.58055555556,-0.00102565239649,0.579487860203,2.40512919426,4.43056342192e-06,2.35925999732e-05,0,0,-4.81910137751e-05,0.0166674368083,41.5203094482,0,0,0,0,3.07367765993,151064.844038
7.59166666667,-0.00102565239649,0.579487860203,2.40512919426,4.43056342192e-06,2.35938041442e-05,0,0,-4.81910137751e-05,0.0166674368083,41.5203094482,0,0,0,0,3.05989951323,151064.844038
7.60277777778,-0.00102565239649,0.579487860203,2.40512919426,4.43056342192e-06,2.35938041442e-05,0,0,-4.81910137751e-05,0.0166674368083,41.5203094482,0,0,0,0,3.04615157103,151064.844038
7.61388888889,-0.00102565239649,0.579487860203,2.40512919426,4.43056342192e-06,2.33808295889e-05,0,0,-4.81910137751e-05,0.0166674368083,41.5203094482,0,0,0,0,3.03243492731,151064.844038
7.625,-0.00102565239649,0.579487860203,2.40512919426,4.43056342192e-06,2.35925999732e-05,0,0,-4.81910137751e-05,0.0166674368083,41.5203094482,0,0,0,0,3.01874910542,151064.844038
7.63611111111,-0.00102565239649,0.579487860203,2.40512919426,4.43056342192e-06,2.30970890698e-05,0,0,-4.81910137751e-05,0.0166674368083,41.5203094482,0,0,0,0,3.00509494744,151064.844038
7.64722222222,-0.00102565239649,0.579487860203,2.40512919426,4.43056342192e-06,2.32051224884e-05,0,0,-4.81910137751e-05,0.0166674368083,41.5203094482,0,0,0,0,2.99147033397,151064.844038
7.65833333333,-0.00102565239649,0.579487860203,2.40512919426,4.43056342192e-06,2.30970890698e-05,0,0,-4.81910137751e-05,0.0166674368083,41.5203094482,0,0,0,0,2.9778767793,151064.844038
7.66944444444,-0.00102565239649,0.579487860203,2.40512919426,4.43056342192e-06,2.30970890698e-05,0,0,-4.81910137751e-05,0.0166674368083,41.5203094482,0,0,0,0,2.96431440631,151064.844038
7.68055555556,-0.00102565239649,0.579487860203,2.40512919426,4.43056342192e-06,2.33808295889e-05,0,0,-4.81910137751e-05,0.0166674368083,41.5203094482,0,0,0,0,2.95078365094,151064.844038
7.69166666667,-0.00102565239649,0.579487860203,2.40512919426,4.43056342192e-06,2.30970890698e-05,0,0,-4.81910137751e-05,0.0166674368083,41.5203094482,0,0,0,0,2.93728395436,151064.844038
7.70277777778,-0.00102565239649,0.579487860203,2.40512919426,4.43056342192e-06,2.30970890698e-05,0,0,-4.81910137751e-05,0.0166674368083,41.5203094482,0,0,0,0,2.92381521878,151064.844038
7.71388888889,-0.00102565239649,0.579487860203,2.40512919426,4.43056342192e-06,2.32051224884e-05,0,0,-4.81910137751e-05,0.0166674368083,41.5203094482,0,0,0,0,2.91037699811,151064.844038
7.725,-0.00102565239649,0.579487860203,2.40512919426,4.43056342192e-06,2.30970890698e-05,0,0,-4.81910137751e-05,0.0166674368083,41.5203094482,0,0,0,0,2.89696965322,151064.844038
7.73611111111,-0.00102565239649,0.579487860203,2.40512919426,4.43056342192e-06,2.30970890698e-05,0,0,-4.81910137751e-05,0.0166674368083,41.5203094482,0,0,0,0,2.88359351929,151064.844038
7.74722222222,-0.00102565239649,0.579487860203,2.40512919426,4.43056342192e-06,2.30970890698e-05,0,0,-4.81910137751e-05,0.0166674368083,41.5203094482,0,0,0,0,2.87024791561,151064.844038
7.75833333333,-0.00102565239649,0.579487860203,2.40512919426,4.43056342192e-06,2.30970890698e-05,0,0,-4.81910137751e-05,0.0166674368083,41.5203094482,0,0,0,0,2.85693323521,151064.844038
7.76944444444,-0.00102565239649,0.579487860203,2.40512919426,4.43056342192e-06,2.32051224884e-05,0,0,-4.81910137751e-05,0.0166674368083,41.5203094482,0,0,0,0,2.84365112754,151064.844038
7.78055555556,-0.00102565239649,0.579487860203,2.40512919426,4.43056342192e-06,2.33808295889e-05,0,0,-4.81910137751e-05,0.0166674368083,41.5203094482,0,0,0,0,2.83039797569,151064.844038
7.79166666667,-0.00102565239649,0.579487860203,2.40512919426,4.43056342192e-06,2.32051224884e-05,0,0,-4.81910137751e-05,0.0166674368083,41.5203094482,0,0,0,0,2.81717601311,151064.844038
7.80277777778,-0.00102565239649,0.579487860203,2.40512919426,4.43056342192e-06,2.32051224884e-05,0,0,-4.81910137751e-05,0.0166674368083,41.5203094482,0,0,0,0,2.80398489653,151064.844038
7.81388888889,-0.00102565239649,0.579487860203,2.40512919426,4.43056342192e-06,2.30970890698e-05,0,0,-4.81910137751e-05,0.0166674368083,41.5203094482,0,0,0,0,2.79082471894,151064.844038
7.825,-0.00102565239649,0.579487860203,2.40512919426,4.43056342192e-06,2.30970890698e-05,0,0,-4.81910137751e-05,0.0166674368083,41.5203094482,0,0,0,0,2.77769549223,151064.844038
7.83611111111,-0.00102565239649,0.579487860203,2.40512919426,4.43056342192e-06,2.32051224884e-05,0,0,-4.81910137751e-05,0.0166674368083,41.5203094482,0,0,0,0,2.76459768613,151064.844038
7.84722222222,-0.00102565239649,0.579487860203,2.40512919426,4.43056342192e-06,2.32051224884e-05,0,0,-4.81910137751e-05,0.0166674368083,41.5203094482,0,0,0,0,2.75153084839,151064.844038
7.85833333333,-0.00102565239649,0.579487860203,2.40512919426,4.43056342192e-06,2.32051224884e-05,0,0,-4.81910137751e-05,0.0166674368083,41.5203094482,0,0,0,0,2.73849487991,151064.844038
7.86944444444,-0.00102565239649,0.579487860203,2.40512919426,4.43056342192e-06,2.30970890698e-05,0,0,-4.81910137751e-05,0.0166674368083,41.5203094482,0,0,0,0,2.72548962962,151064.844038
7.88055555556,-0.00102565239649,0.579487860203,2.40512919426,4.43056342192e-06,2.30970890698e-05,0,0,-4.81910137751e-05,0.0166674368083,41.5203094482,0,0,0,0,2.71251540526,151064.844038
7.89166666667,-0.00102565239649,0.579487860203,2.40512919426,4.43056342192e-06,2.30970890698e-05,0,0,-4.81910137751e-05,0.0166674368083,41.5203094482,0,0,0,0,2.69957133721,151064.844038
7.90277777778,-0.00102565239649,0.579487860203,2.40512919426,4.43056342192e-06,2.30970890698e-05,0,0,-4.81910137751e-05,0.0166674368083,41.5203094482,0,0,0,0,2.68665983743,151064.844038
7.91388888889,-0.00102565239649,0.579487860203,2.40512919426,4.43056342192e-06,2.32038983086e-05,0,0,-4.81910137751e-05,0.0166674368083,41.5203094482,0,0,0,0,2.67377881833,151064.844038
7.925,-0.00102565239649,0.579487860203,2.40512919426,4.43056342192e-06,2.30970890698e-05,0,0,-4.81910137751e-05,0.0166674368083,41.5203094482,0,0,0,0,2.66092855794,151064.844038
7.93611111111,-0.00102565239649,0.579487860203,2.40512919426,4.43056342192e-06,2.30970890698e-05,0,0,-4.81910137751e-05,0.0166674368083,41.5203094482,0,0,0,0,2.64810927385,151064.844038
7.94722222222,-0.00102565239649,0.579487860203,2.40512919426,4.43056342192e-06,2.33796126849e-05,0,0,-4.81910137751e-05,0.0166674368083,41.5203094482,0,0,0,0,2.63532071144,151064.844038
7.95833333333,-0.00102565239649,0.579487860203,2.40512919426,4.43056342192e-06,2.30970890698e-05,0,0,-4.81910137751e-05,0.0166674368083,41.5203094482,0,0,0,0,2.62256295731,151064.844038
7.96944444444,-0.00102565239649,0.579487860203,2.40512919426,4.43056342192e-06,2.30970890698e-05,0,0,-4.81910137751e-05,0.0166674368083,41.5203094482,0,0,0,0,2.60983544961,151064.844038
7.98055555556,-0.00102565239649,0.579487860203,2.40512919426,4.43056342192e-06,2.30970890698e-05,0,0,-4.81910137751e-05,0.0166674368083,41.5203094482,0,0,0,0,2.59713955181,151064.844038
7.99166666667,-0.00102565239649,0.579487860203,2.40512919426,4.43056342192e-06,2.32038983086e-05,0,0,-4.81910137751e-05,0.0166674368083,41.5203094482,0,0,0,0,2.58447497254,151064.844038
8.00277777778,-0.00102565239649,0.579487860203,2.40512919426,4.43056342192e-06,2.30970890698e-05,0,0,-4.81910137751e-05,0.0166674368083,41.5203094482,0,0,0,0,2.57184095031,151064.844038
8.01388888889,-0.00102565239649,0.579487860203,2.40512919426,4.43056342192e-06,2.33796126849e-05,0,0,-4.81910137751e-05,0.0166674368083,41.5203094482,0,0,0,0,2.55923861664,151064.844038
8.025,-0.00102565239649,0.579487860203,2.40512919426,4.43056342192e-06,2.30970890698e-05,0,0,-4.81910137751e-05,0.0166674368083,41.5203094482,0,0,0,0,2.54666685559,151064.844038
8.03611111111,-0.00102565239649,0.579487860203,2.40512919426,4.43056342192e-06,2.30970890698e-05,0,0,-4.81910137751e-05,0.0166674368083,41.5203094482,0,0,0,0,2.53412661325,151064.844038
8.04722222222,-0.00102565239649,0.579487860203,2.40512919426,4.43056342192e-06,2.32038983086e-05,0,0,-4.81910137751e-05,0.0166674368083,41.5203094482,0,0,0,0,2.52161719742,151064.844038
8.05833333333,-0.00102565239649,0.579487860203,2.40512919426,4.43056342192e-06,2.30970890698e-05,0,0,-4.81910137751e-05,0.0166674368083,41.5203094482,0,0,0,0,2.5091388523,151064.844038
8.06944444444,-0.00102565239649,0.579487860203,2.40512919426,4.43056342192e-06,2.30970890698e-05,0,0,-4.81910137751e-05,0.0166674368083,41.5203094482,0,0,0,0,2.49669096736,151064.844038
8.08055555556,-0.00102565239649,0.579487860203,2.40512919426,4.43056342192e-06,2.30970890698e-05,0,0,-4.81910137751e-05,0.0166674368083,41.5203094482,0,0,0,0,2.48427454479,151064.844038
8.09166666667,-0.00102565239649,0.579487860203,2.40512919426,4.43056342192e-06,2.30970890698e-05,0,0,-4.81910137751e-05,0.0166674368083,41.5203094482,0,0,0,0,2.47188909899,151064.844038
8.10277777778,-0.00102565239649,0.579487860203,2.40512919426,4.43056342192e-06,2.32038983086e-05,0,0,-4.81910137751e-05,0.0166674368083,41.5203094482,0,0,0,0,2.45953410393,151064.844038
8.11388888889,-0.00102565239649,0.579487860203,2.40512919426,4.43056342192e-06,2.30970890698e-05,0,0,-4.81910137751e-05,0.0166674368083,41.5203094482,0,0,0,0,2.44721014556,151064.844038
8.125,-0.00102565239649,0.579487860203,2.40512919426,4.43056342192e-06,2.32038983086e-05,0,0,-4.81910137751e-05,0.0166674368083,41.5203094482,0,0,0,0,2.43491775614,151064.844038
8.13611111111,-0.00102565239649,0.579487860203,2.40512919426,4.43056342192e-06,2.32038983086e-05,0,0,-4.81910137751e-05,0.0166674368083,41.5203094482,0,0,0,0,2.42265617173,151064.844038
8.14722222222,-0.00102565239649,0.579487860203,2.40512919426,4.43056342192e-06,2.32038983086e-05,0,0,-4.81910137751e-05,0.0166674368083,41.5203094482,0,0,0,0,2.41042547437,151064.844038
8.15833333333,-0.00102565239649,0.579487860203,2.40512919426,4.43056342192e-06,2.30970890698e-05,0,0,-4.81910137751e-05,0.0166674368083,41.5203094482,0,0,0,0,2.39822666375,151064.844038
8.16944444444,-0.00102565239649,0.579487860203,2.40512919426,4.43056342192e-06,2.30970890698e-05,0,0,-4.81910137751e-05,0.0166674368083,41.5203094482,0,0,0,0,2.38605677861,151064.844038
8.18055555556,-0.00102565239649,0.579487860203,2.40512919426,4.43056342192e-06,2.30970890698e-05,0,0,-4.81910137751e-05,0.0166674368083,41.5203094482,0,0,0,0,2.37391874688,151064.844038
8.19166666667,-0.00102565239649,0.579487860203,2.40512919426,4.43056342192e-06,2.30970890698e-05,0,0,-4.81910137751e-05,0.0166674368083,41.5203094482,0,0,0,0,2.36181128175,151064.844038
8.20277777778,-0.00102565239649,0.579487860203,2.40512919426,4.43056342192e-06,2.30970890698e-05,0,0,-4.81910137751e-05,0.0166674368083,41.5203094482,0,0,0,0,2.34973392019,151064.844038
8.21388888889,-0.00102565239649,0.579487860203,2.40512919426,4.43056342192e-06,2.30970890698e-05,0,0,-4.81910137751e-05,0.0166674368083,41.5203094482,0,0,0,0,2.3376882127,151064.844038
8.225,-0.00102565239649,0.579487860203,2.40512919426,4.43056342192e-06,2.30970890698e-05,0,0,-4.81910137751e-05,0.0166674368083,41.5203094482,0,0,0,0,2.32567285359,151064.844038
8.23611111111,-0.00102565239649,0.579487860203,2.40512919426,4.43056342192e-06,2.30970890698e-05,0,0,-4.81910137751e-05,0.0166674368083,41.5203094482,0,0,0,0,2.31368884222,151064.844038
8.24722222222,-0.00102565239649,0.579487860203,2.40512919426,4.43056342192e-06,2.30970890698e-05,0,0,-4.81910137751e-05,0.0166674368083,41.5203094482,0,0,0,0,2.30173586451,151064.844038
8.25833333333,-0.00102565239649,0.579487860203,2.40512919426,4.43056342192e-06,2.30970890698e-05,0,0,-4.81910137751e-05,0.0166674368083,41.5203094482,0,0,0,0,2.28981375904,151064.844038
8.26944444444,-0.00102565239649,0.579487860203,2.40512919426,4.43056342192e-06,2.30970890698e-05,0,0,-4.81910137751e-05,0.0166674368083,41.5203094482,0,0,0,0,2.27792272328,151064.844038
8.28055555556,-0.00102565239649,0.579487860203,2.40512919426,4.43056342192e-06,2.30970890698e-05,0,0,-4.81910137751e-05,0.0166674368083,41.5203094482,0,0,0,0,2.26606254534,151064.844038
8.29166666667,-0.00102565239649,0.579487860203,2.40512919426,4.43056342192e-06,2.30970890698e-05,0,0,-4.81910137751e-05,0.0166674368083,41.5203094482,0,0,0,0,2.25423426036,151064.844038
8.30277777778,-0.00102565239649,0.579487860203,2.40512919426,4.43056342192e-06,2.30970890698e-05,0,0,-4.81910137751e-05,0.0166674368083,41.5203094482,0,0,0,0,2.24243644769,151064.844038
8.31388888889,-0.00102565239649,0.579487860203,2.40512919426,4.43056342192e-06,2.30970890698e-05,0,0,-4.81910137751e-05,0.0166674368083,41.5203094482,0,0,0,0,2.23066859143,151064.844038
8.325,-0.00102565239649,0.579487860203,2.40512919426,4.43056342192e-06,2.30970890698e-05,0,0,-4.81910137751e-05,0.0166674368083,41.5203094482,0,0,0,0,2.21893314188,151064.844038
8.33611111111,-0.00102565239649,0.579487860203,2.40512919426,4.43056342192e-06,2.30970890698e-05,0,0,-4.81910137751e-05,0.0166674368083,41.5203094482,0,0,0,0,2.20722775861,151064.844038
8.34722222222,-0.00102565239649,0.579487860203,2.40512919426,4.43056342192e-06,2.30970890698e-05,0,0,-4.81910137751e-05,0.0166674368083,41.5203094482,0,0,0,0,2.19555332044,151064.844038
8.35833333333,-0.00102565239649,0.579487860203,2.40512919426,4.43056342192e-06,2.30970890698e-05,0,0,-4.81910137751e-05,0.0166674368083,41.5203094482,0,0,0,0,2.18391050342,151064.844038
8.36944444444,-0.00102565239649,0.579487860203,2.40512919426,4.43056342192e-06,2.30970890698e-05,0,0,-4.81910137751e-05,0.0166674368083,41.5203094482,0,0,0,0,2.17229823804,151064.844155
8.38055555556,-0.00102565239649,0.579487860203,2.40512919426,4.43056342192e-06,2.30970890698e-05,0,0,-4.81910137751e-05,0.0166674368083,41.5203094482,0,0,0,0,2.16071631582,151064.844155
8.39166666667,-0.00102565239649,0.579487860203,2.40512919426,4.43056342192e-06,2.30970890698e-05,0,0,-4.81910137751e-05,0.0166674368083,41.5203094482,0,0,0,0,2.14916631651,151064.844155
8.40277777778,-0.00102565239649,0.579487860203,2.40512919426,4.43056342192e-06,2.32051224884e-05,0,0,-4.81910137751e-05,0.0166674368083,41.5203094482,0,0,0,0,2.13764638078,151064.844155
8.41388888889,-0.00102565239649,0.579487860203,2.40512919426,4.43056342192e-06,2.30970890698e-05,0,0,-4.81910137751e-05,0.0166674368083,41.5203094482,0,0,0,0,2.12615664887,151064.844155
8.425,-0.00102565239649,0.579487860203,2.40512919426,4.43056342192e-06,2.35938041442e-05,0,0,-4.81910137751e-05,0.0166674368083,41.5203094482,0,0,0,0,2.11469982383,151064.844155
8.43611111111,-0.00102565239649,0.579487860203,2.40512919426,4.43056342192e-06,2.30970890698e-05,0,0,-4.81910137751e-05,0.0166674368083,41.5203094482,0,0,0,0,2.10327301441,151064.844155
8.44722222222,-0.00102565239649,0.579487860203,2.40512919426,4.43056342192e-06,2.30970890698e-05,0,0,-4.81910137751e-05,0.0166674368083,41.5203094482,0,0,0,0,2.09187707705,151064.844155
8.45833333333,-0.00102565239649,0.579487860203,2.40512919426,4.43056342192e-06,2.30970890698e-05,0,0,-4.81910137751e-05,0.0166674368083,41.5203094482,0,0,0,0,2.08051241532,151064.844155
8.46944444444,-0.00102565239649,0.579487860203,2.40512919426,4.43056342192e-06,2.30970890698e-05,0,0,-4.81910137751e-05,0.0166674368083,41.5203094482,0,0,0,0,2.0691790968,151064.844155
8.48055555556,-0.00102565239649,0.579487860203,2.40512919426,4.43056342192e-06,2.30970890698e-05,0,0,-4.81910137751e-05,0.0166674368083,41.5203094482,0,0,0,0,2.05787728968,151064.844155
8.49166666667,-0.00102565239649,0.579487860203,2.40512919426,4.43056342192e-06,2.33808295889e-05,0,0,-4.81910137751e-05,0.0166674368083,41.5203094482,0,0,0,0,2.04660590518,151064.844155
8.50277777778,-0.00102565239649,0.579487860203,2.40512919426,4.43056342192e-06,2.30970890698e-05,0,0,-4.81910137751e-05,0.0166674368083,41.5203094482,0,0,0,0,2.03536443335,151064.844155
8.51388888889,-0.00102565239649,0.579487860203,2.40512919426,4.43056342192e-06,2.32051224884e-05,0,0,-4.81910137751e-05,0.0166674368083,41.5203094482,0,0,0,0,2.02415475222,151064.844155
8.525,-0.00102565239649,0.579487860203,2.40512919426,4.43056342192e-06,2.30970890698e-05,0,0,-4.81910137751e-05,0.0166674368083,41.5203094482,0,0,0,0,2.01297593902,151064.844155
8.53611111111,-0.00102565239649,0.579487860203,2.40512919426,4.43056342192e-06,2.30970890698e-05,0,0,-4.81910137751e-05,0.0166674368083,41.5203094482,0,0,0,0,2.00182773083,151064.844155
8.54722222222,-0.00102565239649,0.579487860203,2.40512919426,4.43056342192e-06,2.30970890698e-05,0,0,-4.81910137751e-05,0.0166674368083,41.5203094482,0,0,0,0,1.99071047953,151064.844155
8.55833333333,-0.00102565239649,0.579487860203,2.40512919426,4.43056342192e-06,2.30970890698e-05,0,0,-4.81910137751e-05,0.0166674368083,41.5203094482,0,0,0,0,1.97962423781,151064.844155
8.56944444444,-0.00102565239649,0.579487860203,2.40512919426,4.43056342192e-06,2.30970890698e-05,0,0,-4.81910137751e-05,0.0166674368083,41.5203094482,0,0,0,0,1.96856862725,151064.844155
8.58055555556,-0.00102565239649,0.579487860203,2.40512919426,4.43056342192e-06,2.33808295889e-05,0,0,-4.81910137751e-05,0.0166674368083,41.5203094482,0,0,0,0,1.95754437487,151064.844155
8.59166666667,-0.00102565239649,0.579487860203,2.40512919426,4.43056342192e-06,2.30970890698e-05,0,0,-4.81910137751e-05,0.0166674368083,41.5203094482,0,0,0,0,1.94655215954,151064.844155
8.60277777778,-0.00102565239649,0.579487860203,2.40512919426,4.43056342192e-06,2.33844748436e-05,0,0,-4.81910137751e-05,0.0166674368083,41.5203094482,0,0,0,0,1.93558980072,151064.844155
8.61388888889,-0.00102565239649,0.579487860203,2.40512919426,4.43056342192e-06,2.30970890698e-05,0,0,-4.81910137751e-05,0.0166674368083,41.5203094482,0,0,0,0,1.92465836249,151064.844155
8.625,-0.00102565239649,0.579487860203,2.40512919426,4.43056342192e-06,2.30970890698e-05,0,0,-4.81910137751e-05,0.0166674368083,41.5203094482,0,0,0,0,1.91375817632,151064.844155
8.63611111111,-0.00102565239649,0.579487860203,2.40512919426,4.43056342192e-06,2.35974184761e-05,0,0,-4.81910137751e-05,0.0166674368083,41.5203094482,0,0,0,0,1.90288844129,151064.844155
8.64722222222,-0.00102565239649,0.579487860203,2.40512919426,4.43056342192e-06,2.33844748436e-05,0,0,-4.81910137751e-05,0.0166674368083,41.5203094482,0,0,0,0,1.89204940096,151064.844155
8.65833333333,-0.00102565239649,0.579487860203,2.40512919426,4.43056342192e-06,2.35974184761e-05,0,0,-4.81910137751e-05,0.0166674368083,41.5203094482,0,0,0,0,1.88124190257,151064.844155
8.66944444444,-0.00102565239649,0.579487860203,2.40512919426,4.43056342192e-06,2.3208796847e-05,0,0,-4.81910137751e-05,0.0166674368083,41.5203094482,0,0,0,0,1.87046522275,151064.844155
8.68055555556,-0.00102565239649,0.579487860203,2.40512919426,4.43056342192e-06,2.35974184761e-05,0,0,-4.81910137751e-05,0.0166674368083,41.5203094482,0,0,0,0,1.85972011838,151064.844155
8.69166666667,-0.00102565239649,0.579487860203,2.40512919426,4.43056342192e-06,2.30970890698e-05,0,0,-4.81910137751e-05,0.0166674368083,41.5203094482,0,0,0,0,1.84900667078,151064.844155
8.70277777778,-0.00102565239649,0.579487860203,2.40512919426,4.43056342192e-06,2.35938041442e-05,0,0,-4.81910137751e-05,0.0166674368083,41.5203094482,0,0,0,0,1.83832327361,151064.844155
8.71388888889,-0.00102565239649,0.579487860203,2.40512919426,4.43056342192e-06,2.30970890698e-05,0,0,-4.81910137751e-05,0.0166674368083,41.5203094482,0,0,0,0,1.82767083951,151064.844155
8.725,-0.00102565239649,0.579487860203,2.40512919426,4.43056342192e-06,2.33844748436e-05,0,0,-4.81910137751e-05,0.0166674368083,41.5203094482,0,0,0,0,1.81704983816,151064.844155
8.73611111111,-0.00102565239649,0.579487860203,2.40512919426,4.43056342192e-06,2.35938041442e-05,0,0,-4.81910137751e-05,0.0166674368083,41.5203094482,0,0,0,0,1.80645910028,151064.844155
8.74722222222,-0.00102565239649,0.579487860203,2.40512919426,4.43056342192e-06,2.33844748436e-05,0,0,-4.81910137751e-05,0.0166674368083,41.5203094482,0,0,0,0,1.7958990913,151064.844155
8.75833333333,-0.00102565239649,0.579487860203,2.40512919426,4.43056342192e-06,2.35974184761e-05,0,0,-4.81910137751e-05,0.0166674368083,41.5203094482,0,0,0,0,1.78537043223,151064.844155
8.76944444444,-0.00102565239649,0.579487860203,2.40512919426,4.43056342192e-06,2.33796126849e-05,0,0,-4.81910137751e-05,0.0166674368083,41.5203094482,0,0,0,0,1.77487291035,151064.844155
8.78055555556,-0.00102565239649,0.579487860203,2.40512919426,4.43056342192e-06,2.30970890698e-05,0,0,-4.81910137751e-05,0.0166674368083,41.5203094482,0,0,0,0,1.76440607952,151064.844155
8.79166666667,-0.00102565239649,0.579487860203,2.40512919426,4.43056342192e-06,2.30970890698e-05,0,0,-4.81910137751e-05,0.0166674368083,41.5203094482,0,0,0,0,1.75396985257,151064.844155
8.80277777778,-0.00102565239649,0.579487860203,2.40512919426,4.43056342192e-06,2.33808295889e-05,0,0,-4.81910137751e-05,0.0166674368083,41.5203094482,0,0,0,0,1.7435646681,151064.844155
8.81388888889,-0.00102565239649,0.579487860203,2.40512919426,4.43056342192e-06,2.30970890698e-05,0,0,-4.81910137751e-05,0.0166674368083,41.5203094482,0,0,0,0,1.73319105699,151064.844155
8.825,-0.00102565239649,0.579487860203,2.40512919426,4.43056342192e-06,2.33808295889e-05,0,0,-4.81910137751e-05,0.0166674368083,41.5203094482,0,0,0,0,1.72284852008,151064.844155
8.83611111111,-0.00102565239649,0.579487860203,2.40512919426,4.43056342192e-06,2.30970890698e-05,0,0,-4.81910137751e-05,0.0166674368083,41.5203094482,0,0,0,0,1.71253632677,151064.844155
8.84722222222,-0.00102565239649,0.579487860203,2.40512919426,4.43056342192e-06,2.30970890698e-05,0,0,-4.81910137751e-05,0.0166674368083,41.5203094482,0,0,0,0,1.70225563024,151064.844155
8.85833333333,-0.00102565239649,0.579487860203,2.40512919426,4.43056342192e-06,2.33808295889e-05,0,0,-4.81910137751e-05,0.0166674368083,41.5203094482,0,0,0,0,1.69200580502,151064.844155
8.86944444444,-0.00102565239649,0.579487860203,2.40512919426,4.43056342192e-06,2.32051224884e-05,0,0,-4.81910137751e-05,0.0166674368083,41.5203094482,0,0,0,0,1.6817865016,151064.844155
8.88055555556,-0.00102565239649,0.579487860203,2.40512919426,4.43056342192e-06,2.30970890698e-05,0,0,-4.81910137751e-05,0.0166674368083,41.5203094482,0,0,0,0,1.67159776517,151064.844155
8.89166666667,-0.00102565239649,0.579487860203,2.40512919426,4.43056342192e-06,2.30970890698e-05,0,0,-4.81910137751e-05,0.0166674368083,41.5203094482,0,0,0,0,1.66144068268,151064.844155
8.90277777778,-0.00102565239649,0.579487860203,2.40512919426,4.43056342192e-06,2.30970890698e-05,0,0,-4.81910137751e-05,0.0166674368083,41.5203094482,0,0,0,0,1.65131414724,151064.844155
8.91388888889,-0.00102565239649,0.579487860203,2.40512919426,4.43056342192e-06,2.30970890698e-05,0,0,-4.81910137751e-05,0.0166674368083,41.5203094482,0,0,0,0,1.64121961678,151064.844155
8.925,-0.00102565239649,0.579487860203,2.40512919426,4.43056342192e-06,2.30970890698e-05,0,0,-4.81910137751e-05,0.0166674368083,41.5203094482,0,0,0,0,1.6311555233,151064.844155
8.93611111111,-0.00102565239649,0.579487860203,2.40512919426,4.43056342192e-06,2.30970890698e-05,0,0,-4.81910137751e-05,0.0166674368083,41.5203094482,0,0,0,0,1.62112226638,151064.844155
8.94722222222,-0.00102565239649,0.579487860203,2.40512919426,4.43056342192e-06,2.30970890698e-05,0,0,-4.81910137751e-05,0.0166674368083,41.5203094482,0,0,0,0,1.61112022889,151064.844155
8.95833333333,-0.00102565239649,0.579487860203,2.40512919426,4.43056342192e-06,2.30970890698e-05,0,0,-4.81910137751e-05,0.0166674368083,41.5203094482,0,0,0,0,1.60114891106,151064.844155
8.96944444444,-0.00102565239649,0.579487860203,2.40512919426,4.43056342192e-06,2.30970890698e-05,0,0,-4.81910137751e-05,0.0166674368083,41.5203094482,0,0,0,0,1.59120839778,151064.844155
8.98055555556,-0.00102565239649,0.579487860203,2.40512919426,4.43056342192e-06,2.30970890698e-05,0,0,-4.81910137751e-05,0.0166674368083,41.5203094482,0,0,0,0,1.5812993677,151064.844155
8.99166666667,-0.00102565239649,0.579487860203,2.40512919426,4.43056342192e-06,2.30970890698e-05,0,0,-4.81910137751e-05,0.0166674368083,41.5203094482,0,0,0,0,1.57142077254,151064.844155
9.00277777778,-0.00102565239649,0.579487860203,2.40512919426,4.43056342192e-06,2.33808295889e-05,0,0,-4.81910137751e-05,0.0166674368083,41.5203094482,0,0,0,0,1.56157360594,151064.844155
9.01388888889,-0.00102565239649,0.579487860203,2.40512919426,4.43056342192e-06,2.30970890698e-05,0,0,-4.81910137751e-05,0.0166674368083,41.5203094482,0,0,0,0,1.55175716051,151064.844155
9.025,-0.00102565239649,0.579487860203,2.40512919426,4.43056342192e-06,2.30970890698e-05,0,0,-4.81910137751e-05,0.0166674368083,41.5203094482,0,0,0,0,1.54197181635,151064.844155
9.03611111111,-0.00102565239649,0.579487860203,2.40512919426,4.43056342192e-06,2.30970890698e-05,0,0,-4.81910137751e-05,0.0166674368083,41.5203094482,0,0,0,0,1.53221742501,151064.844155
9.04722222222,-0.00102565239649,0.579487860203,2.40512919426,4.43056342192e-06,2.30970890698e-05,0,0,-4.81910137751e-05,0.0166674368083,41.5203094482,0,0,0,0,1.522494403,151064.844155
9.05833333333,-0.00102565239649,0.579487860203,2.40512919426,4.43056342192e-06,2.30970890698e-05,0,0,-4.81910137751e-05,0.0166674368083,41.5203094482,0,0,0,0,1.51280175752,151064.844155
9.06944444444,-0.00102565239649,0.579487860203,2.40512919426,4.43056342192e-06,2.30970890698e-05,0,0,-4.81910137751e-05,0.0166674368083,41.5203094482,0,0,0,0,1.50314030651,151064.844155
9.08055555556,-0.00102565239649,0.579487860203,2.40512919426,4.43056342192e-06,2.30970890698e-05,0,0,-4.81910137751e-05,0.0166674368083,41.5203094482,0,0,0,0,1.49350903541,151064.844155
9.09166666667,-0.00102565239649,0.579487860203,2.40512919426,4.43056342192e-06,3.05185094476e-05,0,0,-4.81910137751e-05,0.0166674368083,41.5203094482,0,0,0,0,1.48390859325,151064.844155
9.10277777778,-0.00102565239649,0.579487860203,2.40512919426,4.43056342192e-06,2.30970890698e-05,0,0,-4.81910137751e-05,0.0166674368083,41.5203094482,0,0,0,0,1.47433909728,151064.844155
9.11388888889,-0.00102565239649,0.579487860203,2.40512919426,4.43056342192e-06,2.30970890698e-05,0,0,-4.81910137751e-05,0.0166674368083,41.5203094482,0,0,0,0,1.46480097649,151064.844155
9.125,-0.00102565239649,0.579487860203,2.40512919426,4.43056342192e-06,2.30970890698e-05,0,0,-4.81910137751e-05,0.0166674368083,41.5203094482,0,0,0,0,1.4552942332,151064.844155
9.13611111111,-0.00102565239649,0.579487860203,2.40512919426,4.43056342192e-06,2.35974184761e-05,0,0,-4.81910137751e-05,0.0166674368083,41.5203094482,0,0,0,0,1.4458187087,151064.844155
9.14722222222,-0.00102565239649,0.579487860203,2.40512919426,4.43056342192e-06,2.30970890698e-05,0,0,-4.81910137751e-05,0.0166674368083,41.5203094482,0,0,0,0,1.43637331642,151064.844272
9.15833333333,-0.00102565239649,0.579487860203,2.40512919426,4.43056342192e-06,2.30970890698e-05,0,0,-4.81910137751e-05,0.0166674368083,41.5203094482,0,0,0,0,1.4269593872,151064.844272
9.16944444444,-0.00102565239649,0.579487860203,2.40512919426,4.43056342192e-06,2.33808295889e-05,0,0,-4.81910137751e-05,0.0166674368083,41.5203094482,0,0,0,0,1.41757654439,151064.844272
9.18055555556,-0.00102565239649,0.579487860203,2.40512919426,4.43056342192e-06,2.30970890698e-05,0,0,-4.81910137751e-05,0.0166674368083,41.5203094482,0,0,0,0,1.40822460966,151064.844272
9.19166666667,-0.00102565239649,0.579487860203,2.40512919426,4.43056342192e-06,2.30970890698e-05,0,0,-4.81910137751e-05,0.0166674368083,41.5203094482,0,0,0,0,1.39890350535,151064.844272
9.20277777778,-0.00102565239649,0.579487860203,2.40512919426,4.43056342192e-06,2.30970890698e-05,0,0,-4.81910137751e-05,0.0166674368083,41.5203094482,0,0,0,0,1.38961284533,151064.844272
9.21388888889,-0.00102565239649,0.579487860203,2.40512919426,4.43056342192e-06,2.32051224884e-05,0,0,-4.81910137751e-05,0.0166674368083,41.5203094482,0,0,0,0,1.38035350444,151064.844272
9.225,-0.00102565239649,0.579487860203,2.40512919426,4.43056342192e-06,2.30970890698e-05,0,0,-4.81910137751e-05,0.0166674368083,41.5203094482,0,0,0,0,1.37112544972,151064.844272
9.23611111111,-0.00102565239649,0.579487860203,2.40512919426,4.43056342192e-06,2.30970890698e-05,0,0,-4.81910137751e-05,0.0166674368083,41.5203094482,0,0,0,0,1.36192828189,151064.844272
9.24722222222,-0.00102565239649,0.579487860203,2.40512919426,4.43056342192e-06,2.30970890698e-05,0,0,-4.81910137751e-05,0.0166674368083,41.5203094482,0,0,0,0,1.35276232065,151064.844272
9.25833333333,-0.00102565239649,0.579487860203,2.40512919426,4.43056342192e-06,2.33796126849e-05,0,0,-4.81910137751e-05,0.0166674368083,41.5203094482,0,0,0,0,1.34362712789,151064.844272
9.26944444444,-0.00102565239649,0.579487860203,2.40512919426,4.43056342192e-06,2.30970890698e-05,0,0,-4.81910137751e-05,0.0166674368083,41.5203094482,0,0,0,0,1.33452271276,151064.844272
9.28055555556,-0.00102565239649,0.579487860203,2.40512919426,4.43056342192e-06,2.30970890698e-05,0,0,-4.81910137751e-05,0.0166674368083,41.5203094482,0,0,0,0,1.32544927592,151064.844272
9.29166666667,-0.00102565239649,0.579487860203,2.40512919426,4.43056342192e-06,2.32038983086e-05,0,0,-4.81910137751e-05,0.0166674368083,41.5203094482,0,0,0,0,1.31640660462,151064.844272
9.30277777778,-0.00102565239649,0.579487860203,2.40512919426,4.43056342192e-06,2.32038983086e-05,0,0,-4.81910137751e-05,0.0166674368083,41.5203094482,0,0,0,0,1.30739484157,151064.844272
9.31388888889,-0.00102565239649,0.579487860203,2.40512919426,4.43056342192e-06,2.30970890698e-05,0,0,-4.81910137751e-05,0.0166674368083,41.5203094482,0,0,0,0,1.29841407287,151064.844272
9.325,-0.00102565239649,0.579487860203,2.40512919426,4.43056342192e-06,2.30970890698e-05,0,0,-4.81910137751e-05,0.0166674368083,41.5203094482,0,0,0,0,1.2894641404,151064.844272
9.33611111111,-0.00102565239649,0.579487860203,2.40512919426,4.43056342192e-06,2.33844748436e-05,0,0,-4.81910137751e-05,0.0166674368083,41.5203094482,0,0,0,0,1.28054538924,151064.844155
9.34722222222,-0.00102565239649,0.579487860203,2.40512919426,4.43056342192e-06,2.30970890698e-05,0,0,-4.81910137751e-05,0.0166674368083,41.5203094482,0,0,0,0,1.27165734785,151064.844155
9.35833333333,-0.00102565239649,0.579487860203,2.40512919426,4.43056342192e-06,2.30970890698e-05,0,0,-4.81910137751e-05,0.0166674368083,41.5203094482,0,0,0,0,1.2628010249,151064.844155
9.36944444444,-0.00102565239649,0.579487860203,2.40512919426,4.43056342192e-06,2.35974184761e-05,0,0,-4.81910137751e-05,0.0166674368083,41.5203094482,0,0,0,0,1.25397461833,151064.844155
9.38055555556,-0.00102565239649,0.579487860203,2.40512919426,4.43056342192e-06,2.35974184761e-05,0,0,-4.81910137751e-05,0.0166674368083,41.5203094482,0,0,0,0,1.24517956453,151064.844155
9.39166666667,-0.00102565239649,0.579487860203,2.40512919426,4.43056342192e-06,2.35974184761e-05,0,0,-4.81910137751e-05,0.0166674368083,41.5203094482,0,0,0,0,1.23641599336,151064.844155
9.40277777778,-0.00102565239649,0.579487860203,2.40512919426,4.43056342192e-06,2.30970890698e-05,0,0,-4.81910137751e-05,0.0166674368083,41.5203094482,0,0,0,0,1.22768277173,151064.844155
9.41388888889,-0.00102565239649,0.579487860203,2.40512919426,4.43056342192e-06,2.30970890698e-05,0,0,-4.81910137751e-05,0.0166674368083,41.5203094482,0,0,0,0,1.21898082661,151064.844155
9.425,-0.00102565239649,0.579487860203,2.40512919426,4.43056342192e-06,2.30970890698e-05,0,0,-4.81910137751e-05,0.0166674368083,41.5203094482,0,0,0,0,1.21030984687,151064.844155
9.43611111111,-0.00102565239649,0.579487860203,2.40512919426,4.43056342192e-06,2.30970890698e-05,0,0,-4.81910137751e-05,0.0166674368083,41.5203094482,0,0,0,0,1.20166958486,151064.844155
9.44722222222,-0.00102565239649,0.579487860203,2.40512919426,4.43056342192e-06,2.30970890698e-05,0,0,-4.81910137751e-05,0.0166674368083,41.5203094482,0,0,0,0,1.1930604804,151064.844155
9.45833333333,-0.00102565239649,0.579487860203,2.40512919426,4.43056342192e-06,2.30970890698e-05,0,0,-4.81910137751e-05,0.0166674368083,41.5203094482,0,0,0,0,1.18448241838,151064.844155
9.46944444444,-0.00102565239649,0.579487860203,2.40512919426,4.43056342192e-06,2.30970890698e-05,0,0,-4.81910137751e-05,0.0166674368083,41.5203094482,0,0,0,0,1.17593571537,151064.844155
9.48055555556,-0.00102565239649,0.579487860203,2.40512919426,4.43056342192e-06,2.30970890698e-05,0,0,-4.81910137751e-05,0.0166674368083,41.5203094482,0,0,0,0,1.16741927723,151064.844155
9.49166666667,-0.00102565239649,0.579487860203,2.40512919426,4.43056342192e-06,2.30970890698e-05,0,0,-4.81910137751e-05,0.0166674368083,41.5203094482,0,0,0,0,1.1589336912,151064.844155
9.50277777778,-0.00102565239649,0.579487860203,2.40512919426,4.43056342192e-06,2.30970890698e-05,0,0,-4.81910137751e-05,0.0166674368083,41.5203094482,0,0,0,0,1.15047924717,151064.844155
9.51388888889,-0.00102565239649,0.579487860203,2.40512919426,4.43056342192e-06,2.30970890698e-05,0,0,-4.81910137751e-05,0.0166674368083,41.5203094482,0,0,0,0,1.14205579785,151064.844155
9.525,-0.00102565239649,0.579487860203,2.40512919426,4.43056342192e-06,2.30970890698e-05,0,0,-4.81910137751e-05,0.0166674368083,41.5203094482,0,0,0,0,1.13366273498,151064.844155
9.53611111111,-0.00102565239649,0.579487860203,2.40512919426,4.43056342192e-06,2.30970890698e-05,0,0,-4.81910137751e-05,0.0166674368083,41.5203094482,0,0,0,0,1.12530105991,151064.844155
9.54722222222,-0.00102565239649,0.579487860203,2.40512919426,4.43056342192e-06,2.30970890698e-05,0,0,-4.81910137751e-05,0.0166674368083,41.5203094482,0,0,0,0,1.11697021727,151064.844155
9.55833333333,-0.00102565239649,0.579487860203,2.40512919426,4.43056342192e-06,2.33808295889e-05,0,0,-4.81910137751e-05,0.0166674368083,41.5203094482,0,0,0,0,1.10867025651,151064.844155
9.56944444444,-0.00102565239649,0.579487860203,2.40512919426,4.43056342192e-06,2.30970890698e-05,0,0,-4.81910137751e-05,0.0166674368083,41.5203094482,0,0,0,0,1.10040166813,151064.844155
9.58055555556,-0.00102565239649,0.579487860203,2.40512919426,4.43056342192e-06,2.30970890698e-05,0,0,-4.81910137751e-05,0.0166674368083,41.5203094482,0,0,0,0,1.09216379184,151064.844155
9.59166666667,-0.00102565239649,0.579487860203,2.40512919426,4.43056342192e-06,2.30970890698e-05,0,0,-4.81910137751e-05,0.0166674368083,41.5203094482,0,0,0,0,1.08395641268,151064.844155
9.60277777778,-0.00102565239649,0.579487860203,2.40512919426,4.43056342192e-06,2.30970890698e-05,0,0,-4.81910137751e-05,0.0166674368083,41.5203094482,0,0,0,0,1.07578031163,151064.844155
9.61388888889,-0.00102565239649,0.579487860203,2.40512919426,4.43056342192e-06,2.30970890698e-05,0,0,-4.81910137751e-05,0.0166674368083,41.5203094482,0,0,0,0,1.06763521492,151064.844155
9.625,-0.00102565239649,0.579487860203,2.40512919426,4.43056342192e-06,2.30970890698e-05,0,0,-4.81910137751e-05,0.0166674368083,41.5203094482,0,0,0,0,1.05952118229,151064.844155
9.63611111111,-0.00102565239649,0.579487860203,2.40512919426,4.43056342192e-06,2.30970890698e-05,0,0,-4.81910137751e-05,0.0166674368083,41.5203094482,0,0,0,0,1.05143749774,151064.844155
9.64722222222,-0.00102565239649,0.579487860203,2.40512919426,4.43056342192e-06,2.30970890698e-05,0,0,-4.81910137751e-05,0.0166674368083,41.5203094482,0,0,0,0,1.04338565034,151064.844155
9.65833333333,-0.00102565239649,0.579487860203,2.40512919426,4.43056342192e-06,2.30970890698e-05,0,0,-4.81910137751e-05,0.0166674368083,41.5203094482,0,0,0,0,1.03536459088,151064.844155
9.66944444444,-0.00102565239649,0.579487860203,2.40512919426,4.43056342192e-06,2.30970890698e-05,0,0,-4.81910137751e-05,0.0166674368083,41.5203094482,0,0,0,0,1.02737449602,151064.844155
9.68055555556,-0.00102565239649,0.579487860203,2.40512919426,4.43056342192e-06,2.30970890698e-05,0,0,-4.81910137751e-05,0.0166674368083,41.5203094482,0,0,0,0,1.01941531415,151064.844155
9.69166666667,-0.00102565239649,0.579487860203,2.40512919426,4.43056342192e-06,2.30970890698e-05,0,0,-4.81910137751e-05,0.0166674368083,41.5203094482,0,0,0,0,1.0114872594,151064.844155
9.70277777778,-0.00102565239649,0.579487860203,2.40512919426,4.43056342192e-06,2.33796126849e-05,0,0,-4.81910137751e-05,0.0166674368083,41.5203094482,0,0,0,0,1.00358980366,151064.844272
9.71388888889,-0.00102565239649,0.579487860203,2.40512919426,4.43056342192e-06,2.30970890698e-05,0,0,-4.81910137751e-05,0.0166674368083,41.5203094482,0,0,0,0,0.995723507762,151064.844272
9.725,-0.00102565239649,0.579487860203,2.40512919426,4.43056342192e-06,2.30970890698e-05,0,0,-4.81910137751e-05,0.0166674368083,41.5203094482,0,0,0,0,0.987887954699,151064.844272
9.73611111111,-0.00102565239649,0.579487860203,2.40512919426,4.43056342192e-06,2.30970890698e-05,0,0,-4.81910137751e-05,0.0166674368083,41.5203094482,0,0,0,0,0.980083415047,151064.844272
9.74722222222,-0.00102565239649,0.579487860203,2.40512919426,4.43056342192e-06,2.30970890698e-05,0,0,-4.81910137751e-05,0.0166674368083,41.5203094482,0,0,0,0,0.972309588489,151064.844272
9.75833333333,-0.00102565239649,0.579487860203,2.40512919426,4.43056342192e-06,2.30970890698e-05,0,0,-4.81910137751e-05,0.0166674368083,41.5203094482,0,0,0,0,0.9645667319,151064.844272
9.76944444444,-0.00102565239649,0.579487860203,2.40512919426,4.43056342192e-06,2.30970890698e-05,0,0,-4.81910137751e-05,0.0166674368083,41.5203094482,0,0,0,0,0.956855113323,151064.844272
9.78055555556,-0.00102565239649,0.579487860203,2.40512919426,4.43056342192e-06,2.30970890698e-05,0,0,-4.81910137751e-05,0.0166674368083,41.5203094482,0,0,0,0,0.94917427222,151064.844272
9.79166666667,-0.00102565239649,0.579487860203,2.40512919426,4.43056342192e-06,2.30970890698e-05,0,0,-4.81910137751e-05,0.0166674368083,41.5203094482,0,0,0,0,0.941524265179,151064.844272
9.80277777778,-0.00102565239649,0.579487860203,2.40512919426,4.43056342192e-06,2.30970890698e-05,0,0,-4.81910137751e-05,0.0166674368083,41.5203094482,0,0,0,0,0.933905577935,151064.844272
9.81388888889,-0.00102565239649,0.579487860203,2.40512919426,4.43056342192e-06,2.30970890698e-05,0,0,-4.81910137751e-05,0.0166674368083,41.5203094482,0,0,0,0,0.926317756986,151064.844272
9.825,-0.00102565239649,0.579487860203,2.40512919426,4.43056342192e-06,3.10503019136e-05,0,0,-4.81910137751e-05,0.0166674368083,41.5203094482,0,0,0,0,0.918760959686,151064.844155
9.83611111111,-0.00102565239649,0.579487860203,2.40512919426,4.43056342192e-06,2.30970890698e-05,0,0,-4.81910137751e-05,0.0166674368083,41.5203094482,0,0,0,0,0.911234907773,151064.844155
9.84722222222,-0.00102565239649,0.579487860203,2.40512919426,4.43056342192e-06,2.38430493482e-05,0,0,-4.81910137751e-05,0.0166674368083,41.5203094482,0,0,0,0,0.903739857036,151064.844155
9.85833333333,-0.00102565239649,0.579487860203,2.40512919426,4.43056342192e-06,2.35974184761e-05,0,0,-4.81910137751e-05,0.0166674368083,41.5203094482,0,0,0,0,0.896275714047,151064.844155
9.86944444444,-0.00102565239649,0.579487860203,2.40512919426,4.43056342192e-06,2.35974184761e-05,0,0,-4.81910137751e-05,0.0166674368083,41.5203094482,0,0,0,0,0.888842463446,151064.844155
9.88055555556,-0.00102565239649,0.579487860203,2.40512919426,4.43056342192e-06,2.30970890698e-05,0,0,-4.81910137751e-05,0.0166674368083,41.5203094482,0,0,0,0,0.881440233238,151064.844155
9.89166666667,-0.00102565239649,0.579487860203,2.40512919426,4.43056342192e-06,2.35938041442e-05,0,0,-4.81910137751e-05,0.0166674368083,41.5203094482,0,0,0,0,0.874069044044,151064.844155
9.90277777778,-0.00102565239649,0.579487860203,2.40512919426,4.43056342192e-06,2.38466254814e-05,0,0,-4.81910137751e-05,0.0166674368083,41.5203094482,0,0,0,0,0.866729082582,151064.844155
9.91388888889,-0.00102565239649,0.579487860203,2.40512919426,4.43056342192e-06,2.41274410655e-05,0,0,-4.81910137751e-05,0.0166674368083,41.5203094482,0,0,0,0,0.859419663833,151064.844155
9.925,-0.00102565239649,0.579487860203,2.40512919426,4.43056342192e-06,2.35974184761e-05,0,0,-4.81910137751e-05,0.0166674368083,41.5203094482,0,0,0,0,0.85214139275,151064.844155
9.93611111111,-0.00102565239649,0.579487860203,2.40512919426,4.43056342192e-06,2.33844748436e-05,0,0,-4.81910137751e-05,0.0166674368083,41.5203094482,0,0,0,0,0.844893798072,151064.844155
9.94722222222,-0.00102565239649,0.579487860203,2.40512919426,4.43056342192e-06,2.30970890698e-05,0,0,-4.81910137751e-05,0.0166674368083,41.5203094482,0,0,0,0,0.837677300695,151064.844155
9.95833333333,-0.00102565239649,0.579487860203,2.40512919426,4.43056342192e-06,2.30970890698e-05,0,0,-4.81910137751e-05,0.0166674368083,41.5203094482,0,0,0,0,0.830491567103,151064.844155
9.96944444444,-0.00102565239649,0.579487860203,2.40512919426,4.43056342192e-06,2.30970890698e-05,0,0,-4.81910137751e-05,0.0166674368083,41.5203094482,0,0,0,0,0.823336853915,151064.844155
9.98055555556,-0.00102565239649,0.579487860203,2.40512919426,4.43056342192e-06,2.30970890698e-05,0,0,-4.81910137751e-05,0.0166674368083,41.5203094482,0,0,0,0,0.816213396791,151064.844155
9.99166666667,-0.00102565239649,0.579487860203,2.40512919426,4.43056342192e-06,2.30970890698e-05,0,0,-4.81910137751e-05,0.0166674368083,41.5203094482,0,0,0,0,0.809120286885,151064.844155
10.0027777778,-0.00102565239649,0.579487860203,2.40512919426,4.43056342192e-06,2.30970890698e-05,0,0,-4.81910137751e-05,0.0166674368083,41.5203094482,0,0,0,0,0.802058794445,151064.844155
10.0138888889,-0.00102565239649,0.579487860203,2.40512919426,4.43056342192e-06,2.30970890698e-05,0,0,-4.81910137751e-05,0.0166674368083,41.5203094482,0,0,0,0,0.795028041213,151064.844155
10.025,-0.00102565239649,0.579487860203,2.40512919426,4.43056342192e-06,2.35938041442e-05,0,0,-4.81910137751e-05,0.0166674368083,41.5203094482,0,0,0,0,0.78802813927,151064.844272
10.0361111111,-0.00102565239649,0.579487860203,2.40512919426,4.43056342192e-06,2.30970890698e-05,0,0,-4.81910137751e-05,0.0166674368083,41.5203094482,0,0,0,0,0.781059183988,151064.844272
10.0472222222,-0.00102565239649,0.579487860203,2.40512919426,4.43056342192e-06,2.30970890698e-05,0,0,-4.81910137751e-05,0.0166674368083,41.5203094482,0,0,0,0,0.774121099877,151064.844272
10.0583333333,-0.00102565239649,0.579487860203,2.40512919426,4.43056342192e-06,2.33808295889e-05,0,0,-4.81910137751e-05,0.0166674368083,41.5203094482,0,0,0,0,0.767214512393,151064.844272
10.0694444444,-0.00102565239649,0.579487860203,2.40512919426,4.43056342192e-06,2.30970890698e-05,0,0,-4.81910137751e-05,0.0166674368083,41.5203094482,0,0,0,0,0.76033873311,151064.844272
10.0805555556,-0.00102565239649,0.579487860203,2.40512919426,4.43056342192e-06,2.35938041442e-05,0,0,-4.81910137751e-05,0.0166674368083,41.5203094482,0,0,0,0,0.753493831716,151064.844272
10.0916666667,-0.00102565239649,0.579487860203,2.40512919426,4.43056342192e-06,2.30970890698e-05,0,0,-4.81910137751e-05,0.0166674368083,41.5203094482,0,0,0,0,0.746680127801,151064.844272
10.1027777778,-0.00102565239649,0.579487860203,2.40512919426,4.43056342192e-06,2.35938041442e-05,0,0,-4.81910137751e-05,0.0166674368083,41.5203094482,0,0,0,0,0.739897099667,151064.844272
10.1138888889,-0.00102565239649,0.579487860203,2.40512919426,4.43056342192e-06,2.30970890698e-05,0,0,-4.81910137751e-05,0.0166674368083,41.5203094482,0,0,0,0,0.733145254108,151064.844272
10.125,-0.00102565239649,0.579487860203,2.40512919426,4.43056342192e-06,2.30970890698e-05,0,0,-4.81910137751e-05,0.0166674368083,41.5203094482,0,0,0,0,0.72642372306,151064.844272
10.1361111111,-0.00102565239649,0.579487860203,2.40512919426,4.43056342192e-06,2.30970890698e-05,0,0,-4.81910137751e-05,0.0166674368083,41.5203094482,0,0,0,0,0.719733418908,151064.844272
10.1472222222,-0.00102565239649,0.579487860203,2.40512919426,4.43056342192e-06,2.30970890698e-05,0,0,-4.81910137751e-05,0.0166674368083,41.5203094482,0,0,0,0,0.713073974688,151064.844272
10.1583333333,-0.00102565239649,0.579487860203,2.40512919426,4.43056342192e-06,2.30970890698e-05,0,0,-4.81910137751e-05,0.0166674368083,41.5203094482,0,0,0,0,0.706445650469,151064.844272
10.1694444444,-0.00102565239649,0.579487860203,2.40512919426,4.43056342192e-06,2.30970890698e-05,0,0,-4.81910137751e-05,0.0166674368083,41.5203094482,0,0,0,0,0.699848312073,151064.844155
10.1805555556,-0.00102565239649,0.579487860203,2.40512919426,4.43056342192e-06,2.35974184761e-05,0,0,-4.81910137751e-05,0.0166674368083,41.5203094482,0,0,0,0,0.693282000652,151064.844155
10.1916666667,-0.00102565239649,0.579487860203,2.40512919426,4.43056342192e-06,2.30970890698e-05,0,0,-4.81910137751e-05,0.0166674368083,41.5203094482,0,0,0,0,0.686746481014,151064.844155
10.2027777778,-0.00102565239649,0.579487860203,2.40512919426,4.43056342192e-06,2.33808295889e-05,0,0,-4.81910137751e-05,0.0166674368083,41.5203094482,0,0,0,0,0.680241989672,151064.844155
10.2138888889,-0.00102565239649,0.579487860203,2.40512919426,4.43056342192e-06,2.30970890698e-05,0,0,-4.81910137751e-05,0.0166674368083,41.5203094482,0,0,0,0,0.673768335139,151064.844155
10.225,-0.00102565239649,0.579487860203,2.40512919426,4.43056342192e-06,2.30970890698e-05,0,0,-4.81910137751e-05,0.0166674368083,41.5203094482,0,0,0,0,0.66732586852,151064.844155
10.2361111111,-0.00102565239649,0.579487860203,2.40512919426,4.43056342192e-06,2.30970890698e-05,0,0,-4.81910137751e-05,0.0166674368083,41.5203094482,0,0,0,0,0.660914474961,151064.844155
10.2472222222,-0.00102565239649,0.579487860203,2.40512919426,4.43056342192e-06,2.30970890698e-05,0,0,-4.81910137751e-05,0.0166674368083,41.5203094482,0,0,0,0,0.654533821076,151064.844155
10.2583333333,-0.00102565239649,0.579487860203,2.40512919426,4.43056342192e-06,2.30970890698e-05,0,0,-4.81910137751e-05,0.0166674368083,41.5203094482,0,0,0,0,0.648184137077,151064.844155
10.2694444444,-0.00102565239649,0.579487860203,2.40512919426,4.43056342192e-06,2.30970890698e-05,0,0,-4.81910137751e-05,0.0166674368083,41.5203094482,0,0,0,0,0.641865433188,151064.844155
10.2805555556,-0.00102565239649,0.579487860203,2.40512919426,4.43056342192e-06,2.38466254814e-05,0,0,-4.81910137751e-05,0.0166674368083,41.5203094482,0,0,0,0,0.635577605455,151064.844155
10.2916666667,-0.00102565239649,0.579487860203,2.40512919426,4.43056342192e-06,2.35974184761e-05,0,0,-4.81910137751e-05,0.0166674368083,41.5203094482,0,0,0,0,0.629320814825,151064.844155
10.3027777778,-0.00102565239649,0.579487860203,2.40512919426,4.43056342192e-06,2.38466254814e-05,0,0,-4.81910137751e-05,0.0166674368083,41.5203094482,0,0,0,0,0.623094900166,151064.844155
10.3138888889,-0.00102565239649,0.579487860203,2.40512919426,4.43056342192e-06,2.38466254814e-05,0,0,-4.81910137751e-05,0.0166674368083,41.5203094482,0,0,0,0,0.616899759579,151064.844155
10.325,-0.00102565239649,0.579487860203,2.40512919426,4.43056342192e-06,2.35974184761e-05,0,0,-4.81910137751e-05,0.0166674368083,41.5203094482,0,0,0,0,0.610735774727,151064.844155
10.3361111111,-0.00102565239649,0.579487860203,2.40512919426,4.43056342192e-06,2.38466254814e-05,0,0,-4.81910137751e-05,0.0166674368083,41.5203094482,0,0,0,0,0.604602765108,151064.844155
10.3472222222,-0.00102565239649,0.579487860203,2.40512919426,4.43056342192e-06,2.38466254814e-05,0,0,-4.81910137751e-05,0.0166674368083,41.5203094482,0,0,0,0,0.598500601218,151064.844155
10.3583333333,-0.00102565239649,0.579487860203,2.40512919426,4.43056342192e-06,2.33844748436e-05,0,0,-4.81910137751e-05,0.0166674368083,41.5203094482,0,0,0,0,0.592429525715,151064.844155
10.3694444444,-0.00102565239649,0.579487860203,2.40512919426,4.43056342192e-06,2.3208796847e-05,0,0,-4.81910137751e-05,0.0166674368083,41.5203094482,0,0,0,0,0.586389184722,151064.844155
10.3805555556,-0.00102565239649,0.579487860203,2.40512919426,4.43056342192e-06,2.30970890698e-05,0,0,-4.81910137751e-05,0.0166674368083,41.5203094482,0,0,0,0,0.580379913882,151064.844155
10.3916666667,-0.00102565239649,0.579487860203,2.40512919426,4.43056342192e-06,2.33844748436e-05,0,0,-4.81910137751e-05,0.0166674368083,41.5203094482,0,0,0,0,0.574401394377,151064.844155
10.4027777778,-0.00102565239649,0.579487860203,2.40512919426,4.43056342192e-06,2.30970890698e-05,0,0,-4.81910137751e-05,0.0166674368083,41.5203094482,0,0,0,0,0.568453981786,151064.844155
10.4138888889,-0.00102565239649,0.579487860203,2.40512919426,4.43056342192e-06,2.30970890698e-05,0,0,-4.81910137751e-05,0.0166674368083,41.5203094482,0,0,0,0,0.562537695045,151064.844155
10.425,-0.00102565239649,0.579487860203,2.40512919426,4.43056342192e-06,2.30970890698e-05,0,0,-4.81910137751e-05,0.0166674368083,41.5203094482,0,0,0,0,0.556652232034,151064.844155
10.4361111111,-0.00102565239649,0.579487860203,2.40512919426,4.43056342192e-06,2.30970890698e-05,0,0,-4.81910137751e-05,0.0166674368083,41.5203094482,0,0,0,0,0.550797729342,151064.844155
10.4472222222,-0.00102565239649,0.579487860203,2.40512919426,4.43056342192e-06,2.30970890698e-05,0,0,-4.81910137751e-05,0.0166674368083,41.5203094482,0,0,0,0,0.544974353562,151064.844272
10.4583333333,-0.00102565239649,0.579487860203,2.40512919426,4.43056342192e-06,2.30970890698e-05,0,0,-4.81910137751e-05,0.0166674368083,41.5203094482,0,0,0,0,0.539181683321,151064.844272
10.4694444444,-0.00102565239649,0.579487860203,2.40512919426,4.43056342192e-06,2.30970890698e-05,0,0,-4.81910137751e-05,0.0166674368083,41.5203094482,0,0,0,0,0.533420011947,151064.844272
10.4805555556,-0.00102565239649,0.579487860203,2.40512919426,4.43056342192e-06,2.30970890698e-05,0,0,-4.81910137751e-05,0.0166674368083,41.5203094482,0,0,0,0,0.527689418623,151064.844272
10.4916666667,-0.00102565239649,0.579487860203,2.40512919426,4.43056342192e-06,2.30970890698e-05,0,0,-4.81910137751e-05,0.0166674368083,41.5203094482,0,0,0,0,0.521989824626,151064.844272
10.5027777778,-0.00102565239649,0.579487860203,2.40512919426,4.43056342192e-06,2.30970890698e-05,0,0,-4.81910137751e-05,0.0166674368083,41.5203094482,0,0,0,0,0.516321176502,151064.844272
10.5138888889,-0.00102565239649,0.579487860203,2.40512919426,4.43056342192e-06,2.30970890698e-05,0,0,-4.81910137751e-05,0.0166674368083,41.5203094482,0,0,0,0,0.510683192461,151064.844272
10.525,-0.00102565239649,0.579487860203,2.40512919426,4.43056342192e-06,2.35938041442e-05,0,0,-4.81910137751e-05,0.0166674368083,41.5203094482,0,0,0,0,0.505076307982,151064.844272
10.5361111111,-0.00102565239649,0.579487860203,2.40512919426,4.43056342192e-06,2.33808295889e-05,0,0,-4.81910137751e-05,0.0166674368083,41.5203094482,0,0,0,0,0.499500455063,151064.844272
10.5472222222,-0.00102565239649,0.579487860203,2.40512919426,4.43056342192e-06,2.30970890698e-05,0,0,-4.81910137751e-05,0.0166674368083,41.5203094482,0,0,0,0,0.493955071079,151064.844272
10.5583333333,-0.00102565239649,0.579487860203,2.40512919426,4.43056342192e-06,2.30970890698e-05,0,0,-4.81910137751e-05,0.0166674368083,41.5203094482,0,0,0,0,0.488441067825,151064.844272
10.5694444444,-0.00102565239649,0.579487860203,2.40512919426,4.43056342192e-06,2.30970890698e-05,0,0,-4.81910137751e-05,0.0166674368083,41.5203094482,0,0,0,0,0.482958010149,151064.844272
10.5805555556,-0.00102565239649,0.579487860203,2.40512919426,4.43056342192e-06,2.38430493482e-05,0,0,-4.81910137751e-05,0.0166674368083,41.5203094482,0,0,0,0,0.477505848086,151064.844155
10.5916666667,-0.00102565239649,0.579487860203,2.40512919426,4.43056342192e-06,3.12401134579e-05,0,0,-4.81910137751e-05,0.0166674368083,41.5203094482,0,0,0,0,0.472084812074,151064.844038
10.6027777778,-0.00102565239649,0.579487860203,2.40512919426,4.43056342192e-06,2.35938041442e-05,0,0,-4.81910137751e-05,0.0166674368083,41.5203094482,0,0,0,0,0.466694855974,151064.844038
10.6138888889,-0.00102565239649,0.579487860203,2.40512919426,4.43056342192e-06,2.38430493482e-05,0,0,-4.81910137751e-05,0.0166674368083,41.5203094482,0,0,0,0,0.461335717038,151064.844038
10.625,-0.00102565239649,0.579487860203,2.40512919426,4.43056342192e-06,2.35938041442e-05,0,0,-4.81910137751e-05,0.0166674368083,41.5203094482,0,0,0,0,0.456007390474,151064.844038
10.6361111111,-0.00102565239649,0.579487860203,2.40512919426,4.43056342192e-06,3.14577046083e-05,0,0,-4.81910137751e-05,0.0166674368083,41.5203094482,0,0,0,0,0.450710210824,151064.844038
10.6472222222,-0.00102565239649,0.579487860203,2.40512919426,4.43056342192e-06,2.30970890698e-05,0,0,-4.81910137751e-05,0.0166674368083,41.5203094482,0,0,0,0,0.445443809201,151064.844038
10.6583333333,-0.00102565239649,0.579487860203,2.40512919426,4.43056342192e-06,2.30970890698e-05,0,0,-4.81910137751e-05,0.0166674368083,41.5203094482,0,0,0,0,0.440208116698,151064.844038
10.6694444444,-0.00102565239649,0.579487860203,2.40512919426,4.43056342192e-06,2.30970890698e-05,0,0,-4.81910137751e-05,0.0166674368083,41.5203094482,0,0,0,0,0.435003451809,151064.844038
10.6805555556,-0.00102565239649,0.579487860203,2.40512919426,4.43056342192e-06,2.30970890698e-05,0,0,-4.81910137751e-05,0.0166674368083,41.5203094482,0,0,0,0,0.429829953531,151064.844038
10.6916666667,-0.00102565239649,0.579487860203,2.40512919426,4.43056342192e-06,2.30970890698e-05,0,0,-4.81910137751e-05,0.0166674368083,41.5203094482,0,0,0,0,0.424687335366,151064.844038
10.7027777778,-0.00102565239649,0.579487860203,2.40512919426,4.43056342192e-06,2.30970890698e-05,0,0,-4.81910137751e-05,0.0166674368083,41.5203094482,0,0,0,0,0.419575704832,151064.844038
10.7138888889,-0.00102565239649,0.579487860203,2.40512919426,4.43056342192e-06,2.30970890698e-05,0,0,-4.81910137751e-05,0.0166674368083,41.5203094482,0,0,0,0,0.414494945135,151064.844038
10.725,-0.00102565239649,0.579487860203,2.40512919426,4.43056342192e-06,2.30970890698e-05,0,0,-4.81910137751e-05,0.0166674368083,41.5203094482,0,0,0,0,0.40944530233,151064.844038
10.7361111111,-0.00102565239649,0.579487860203,2.40512919426,4.43056342192e-06,2.30970890698e-05,0,0,-4.81910137751e-05,0.0166674368083,41.5203094482,0,0,0,0,0.404426435828,151064.844038
10.7472222222,-0.00102565239649,0.579487860203,2.40512919426,4.43056342192e-06,2.30970890698e-05,0,0,-4.81910137751e-05,0.0166674368083,41.5203094482,0,0,0,0,0.399438701166,151064.844038
10.7583333333,-0.00102565239649,0.579487860203,2.40512919426,4.43056342192e-06,2.30970890698e-05,0,0,-4.81910137751e-05,0.0166674368083,41.5203094482,0,0,0,0,0.394481871882,151064.844038
10.7694444444,-0.00102565239649,0.579487860203,2.40512919426,4.43056342192e-06,2.30970890698e-05,0,0,-4.81910137751e-05,0.0166674368083,41.5203094482,0,0,0,0,0.389555972776,151064.844038
10.7805555556,-0.00102565239649,0.579487860203,2.40512919426,4.43056342192e-06,2.30970890698e-05,0,0,-4.81910137751e-05,0.0166674368083,41.5203094482,0,0,0,0,0.384660854163,151064.844038
10.7916666667,-0.00102565239649,0.579487860203,2.40512919426,4.43056342192e-06,2.30970890698e-05,0,0,-4.81910137751e-05,0.0166674368083,41.5203094482,0,0,0,0,0.379796918611,151064.844038
10.8027777778,-0.00102565239649,0.579487860203,2.40512919426,4.43056342192e-06,2.30970890698e-05,0,0,-4.81910137751e-05,0.0166674368083,41.5203094482,0,0,0,0,0.374963849017,151064.844038
10.8138888889,-0.00102565239649,0.579487860203,2.40512919426,4.43056342192e-06,2.30970890698e-05,0,0,-4.81910137751e-05,0.0166674368083,41.5203094482,0,0,0,0,0.370161635062,151064.844038
10.825,-0.00102565239649,0.579487860203,2.40512919426,4.43056342192e-06,2.30970890698e-05,0,0,-4.81910137751e-05,0.0166674368083,41.5203094482,0,0,0,0,0.365390504542,151064.844038
10.8361111111,-0.00102565239649,0.579487860203,2.40512919426,4.43056342192e-06,2.30970890698e-05,0,0,-4.81910137751e-05,0.0166674368083,41.5203094482,0,0,0,0,0.360650290236,151064.844038
10.8472222222,-0.00102565239649,0.579487860203,2.40512919426,4.43056342192e-06,2.32038983086e-05,0,0,-4.81910137751e-05,0.0166674368083,41.5203094482,0,0,0,0,0.355941203577,151064.844038
10.8583333333,-0.00102565239649,0.579487860203,2.40512919426,4.43056342192e-06,2.30970890698e-05,0,0,-4.81910137751e-05,0.0166674368083,41.5203094482,0,0,0,0,0.351262720404,151064.844038
10.8694444444,-0.00102565239649,0.579487860203,2.40512919426,4.43056342192e-06,2.30970890698e-05,0,0,-4.81910137751e-05,0.0166674368083,41.5203094482,0,0,0,0,0.346615242504,151064.844155
10.8805555556,-0.00102565239649,0.579487860203,2.40512919426,4.43056342192e-06,2.30970890698e-05,0,0,-4.81910137751e-05,0.0166674368083,41.5203094482,0,0,0,0,0.341998917051,151064.844272
10.8916666667,-0.00102565239649,0.579487860203,2.40512919426,4.43056342192e-06,2.30970890698e-05,0,0,-4.81910137751e-05,0.0166674368083,41.5203094482,0,0,0,0,0.337413667386,151064.844272
10.9027777778,-0.00102565239649,0.579487860203,2.40512919426,4.43056342192e-06,2.30970890698e-05,0,0,-4.81910137751e-05,0.0166674368083,41.5203094482,0,0,0,0,0.332859222361,151064.844272
10.9138888889,-0.00102565239649,0.579487860203,2.40512919426,4.43056342192e-06,2.38430493482e-05,0,0,-4.81910137751e-05,0.0166674368083,41.5203094482,0,0,0,0,0.328335671567,151064.844272
10.925,-0.00102565239649,0.579487860203,2.40512919426,4.43056342192e-06,2.30970890698e-05,0,0,-4.81910137751e-05,0.0166674368083,41.5203094482,0,0,0,0,0.323843101307,151064.844272
10.9361111111,-0.00102565239649,0.579487860203,2.40512919426,4.43056342192e-06,2.33808295889e-05,0,0,-4.81910137751e-05,0.0166674368083,41.5203094482,0,0,0,0,0.319381460169,151064.844272
10.9472222222,-0.00102565239649,0.579487860203,2.40512919426,4.43056342192e-06,2.30970890698e-05,0,0,-4.81910137751e-05,0.0166674368083,41.5203094482,0,0,0,0,0.314950864163,151064.844272
10.9583333333,-0.00102565239649,0.579487860203,2.40512919426,4.43056342192e-06,2.30970890698e-05,0,0,-4.81910137751e-05,0.0166674368083,41.5203094482,0,0,0,0,0.310551114734,151064.844272
10.9694444444,-0.00102565239649,0.579487860203,2.40512919426,4.43056342192e-06,2.30970890698e-05,0,0,-4.81910137751e-05,0.0166674368083,41.5203094482,0,0,0,0,0.306182444734,151064.844272
10.9805555556,-0.00102565239649,0.579487860203,2.40512919426,4.43056342192e-06,2.30970890698e-05,0,0,-4.81910137751e-05,0.0166674368083,41.5203094482,0,0,0,0,0.301844507667,151064.844155
10.9916666667,-0.00102565239649,0.579487860203,2.40512919426,4.43056342192e-06,2.35974184761e-05,0,0,-4.81910137751e-05,0.0166674368083,41.5203094482,0,0,0,0,0.297537735251,151064.844155
11.0027777778,-0.00102565239649,0.579487860203,2.40512919426,4.43056342192e-06,3.10503019136e-05,0,0,-4.81910137751e-05,0.0166674368083,41.5203094482,0,0,0,0,0.293261744868,151064.844155
11.0138888889,-0.00102565239649,0.579487860203,2.40512919426,4.43056342192e-06,2.35938041442e-05,0,0,-4.81910137751e-05,0.0166674368083,41.5203094482,0,0,0,0,0.289016746693,151064.844155
11.025,-0.00102565239649,0.579487860203,2.40512919426,4.43056342192e-06,2.30970890698e-05,0,0,-4.81910137751e-05,0.0166674368083,41.5203094482,0,0,0,0,0.284802745112,151064.844155
11.0361111111,-0.00102565239649,0.579487860203,2.40512919426,4.43056342192e-06,2.35974184761e-05,0,0,-4.81910137751e-05,0.0166674368083,41.5203094482,0,0,0,0,0.280619728337,151064.844155
11.0472222222,-0.00102565239649,0.579487860203,2.40512919426,4.43056342192e-06,2.35938041442e-05,0,0,-4.81910137751e-05,0.0166674368083,41.5203094482,0,0,0,0,0.276467615405,151064.844038
11.0583333333,-0.00102565239649,0.579487860203,2.40512919426,4.43056342192e-06,2.35938041442e-05,0,0,-4.81910137751e-05,0.0166674368083,41.5203094482,0,0,0,0,0.272346451535,151064.844038
11.0694444444,-0.00102565239649,0.579487860203,2.40512919426,4.43056342192e-06,2.30970890698e-05,0,0,-4.81910137751e-05,0.0166674368083,41.5203094482,0,0,0,0,0.268256225341,151064.844038
11.0805555556,-0.00102565239649,0.579487860203,2.40512919426,4.43056342192e-06,2.30970890698e-05,0,0,-4.81910137751e-05,0.0166674368083,41.5203094482,0,0,0,0,0.264197043257,151064.844038
11.0916666667,-0.00102565239649,0.579487860203,2.40512919426,4.43056342192e-06,2.30970890698e-05,0,0,-4.81910137751e-05,0.0166674368083,41.5203094482,0,0,0,0,0.260168794996,151064.844038
11.1027777778,-0.00102565239649,0.579487860203,2.40512919426,4.43056342192e-06,2.30970890698e-05,0,0,-4.81910137751e-05,0.0166674368083,41.5203094482,0,0,0,0,0.25617147356,151064.844038
11.1138888889,-0.00102565239649,0.579487860203,2.40512919426,4.43056342192e-06,2.30970890698e-05,0,0,-4.81910137751e-05,0.0166674368083,41.5203094482,0,0,0,0,0.252205141709,151064.844038
11.125,-0.00102565239649,0.579487860203,2.40512919426,4.43056342192e-06,2.30970890698e-05,0,0,-4.81910137751e-05,0.0166674368083,41.5203094482,0,0,0,0,0.24826975389,151064.844038
11.1361111111,-0.00102565239649,0.579487860203,2.40512919426,4.43056342192e-06,2.30970890698e-05,0,0,-4.81910137751e-05,0.0166674368083,41.5203094482,0,0,0,0,0.244365269185,151064.844038
11.1472222222,-0.00102565239649,0.579487860203,2.40512919426,4.43056342192e-06,2.30970890698e-05,0,0,-4.81910137751e-05,0.0166674368083,41.5203094482,0,0,0,0,0.24049175373,151064.844038
11.1583333333,-0.00102565239649,0.579487860203,2.40512919426,4.43056342192e-06,2.30970890698e-05,0,0,-4.81910137751e-05,0.0166674368083,41.5203094482,0,0,0,0,0.236649239177,151064.844038
11.1694444444,-0.00102565239649,0.579487860203,2.40512919426,4.43056342192e-06,2.30970890698e-05,0,0,-4.81910137751e-05,0.0166674368083,41.5203094482,0,0,0,0,0.232837682091,151064.844038
11.1805555556,-0.00102565239649,0.579487860203,2.40512919426,4.43056342192e-06,2.30970890698e-05,0,0,-4.81910137751e-05,0.0166674368083,41.5203094482,0,0,0,0,0.22905706789,151064.844038
11.1916666667,-0.00102565239649,0.579487860203,2.40512919426,4.43056342192e-06,2.30970890698e-05,0,0,-4.81910137751e-05,0.0166674368083,41.5203094482,0,0,0,0,0.225307290235,151064.844038
11.2027777778,-0.00102565239649,0.579487860203,2.40512919426,4.43056342192e-06,2.30970890698e-05,0,0,-4.81910137751e-05,0.0166674368083,41.5203094482,0,0,0,0,0.221588580065,151064.844038
11.2138888889,-0.00102565239649,0.579487860203,2.40512919426,4.43056342192e-06,2.35938041442e-05,0,0,-4.81910137751e-05,0.0166674368083,41.5203094482,0,0,0,0,0.217900766605,151064.844155
11.225,-0.00102565239649,0.579487860203,2.40512919426,4.43056342192e-06,2.30970890698e-05,0,0,-4.81910137751e-05,0.0166674368083,41.5203094482,0,0,0,0,0.214243993788,151064.844155
11.2361111111,-0.00102565239649,0.579487860203,2.40512919426,4.43056342192e-06,2.30970890698e-05,0,0,-4.81910137751e-05,0.0166674368083,41.5203094482,0,0,0,0,0.21061811286,151064.844155
11.2472222222,-0.00102565239649,0.579487860203,2.40512919426,4.43056342192e-06,2.30970890698e-05,0,0,-4.81910137751e-05,0.0166674368083,41.5203094482,0,0,0,0,0.207023151054,151064.844155
11.2583333333,-0.00102565239649,0.579487860203,2.40512919426,4.43056342192e-06,2.30970890698e-05,0,0,-4.81910137751e-05,0.0166674368083,41.5203094482,0,0,0,0,0.203459153349,151064.844155
11.2694444444,-0.00102565239649,0.579487860203,2.40512919426,4.43056342192e-06,2.30970890698e-05,0,0,-4.81910137751e-05,0.0166674368083,41.5203094482,0,0,0,0,0.199926114695,151064.844155
11.2805555556,-0.00102565239649,0.579487860203,2.40512919426,4.43056342192e-06,2.30970890698e-05,0,0,-4.81910137751e-05,0.0166674368083,41.5203094482,0,0,0,0,0.196424118308,151064.844272
11.2916666667,-0.00102565239649,0.579487860203,2.40512919426,4.43056342192e-06,2.30970890698e-05,0,0,-4.81910137751e-05,0.0166674368083,41.5203094482,0,0,0,0,0.192952953685,151064.844272
11.3027777778,-0.00102565239649,0.579487860203,2.40512919426,4.43056342192e-06,2.38430493482e-05,0,0,-4.81910137751e-05,0.0166674368083,41.5203094482,0,0,0,0,0.189512824838,151064.844272
11.3138888889,-0.00102565239649,0.579487860203,2.40512919426,4.43056342192e-06,2.30970890698e-05,0,0,-4.81910137751e-05,0.0166674368083,41.5203094482,0,0,0,0,0.186103639894,151064.844272
11.325,-0.00102565239649,0.579487860203,2.40512919426,4.43056342192e-06,2.30970890698e-05,0,0,-4.81910137751e-05,0.0166674368083,41.5203094482,0,0,0,0,0.182725379907,151064.844272
11.3361111111,-0.00102565239649,0.579487860203,2.40512919426,4.43056342192e-06,2.30970890698e-05,0,0,-4.81910137751e-05,0.0166674368083,41.5203094482,0,0,0,0,0.179378113063,151064.844272
11.3472222222,-0.00102565239649,0.579487860203,2.40512919426,4.43056342192e-06,2.30970890698e-05,0,0,-4.81910137751e-05,0.0166674368083,41.5203094482,0,0,0,0,0.176061765687,151064.844272
11.3583333333,-0.00102565239649,0.579487860203,2.40512919426,4.43056342192e-06,2.30970890698e-05,0,0,-4.81910137751e-05,0.0166674368083,41.5203094482,0,0,0,0,0.172776440763,151064.844272
11.3694444444,-0.00102565239649,0.579487860203,2.40512919426,4.43056342192e-06,2.30970890698e-05,0,0,-4.81910137751e-05,0.0166674368083,41.5203094482,0,0,0,0,0.169521997261,151064.844155
11.3805555556,-0.00102565239649,0.579487860203,2.40512919426,4.43056342192e-06,2.38430493482e-05,0,0,-4.81910137751e-05,0.0166674368083,41.5203094482,0,0,0,0,0.166298504049,151064.844155
11.3916666667,-0.00102565239649,0.579487860203,2.40512919426,4.43056342192e-06,2.35938041442e-05,0,0,-4.81910137751e-05,0.0166674368083,41.5203094482,0,0,0,0,0.163105974108,151064.844038
11.4027777778,-0.00102565239649,0.579487860203,2.40512919426,4.43056342192e-06,3.12401134579e-05,0,0,-4.81910137751e-05,0.0166674368083,41.5203094482,0,0,0,0,0.15994437063,151064.844038
11.4138888889,-0.00102565239649,0.579487860203,2.40512919426,4.43056342192e-06,2.38430493482e-05,0,0,-4.81910137751e-05,0.0166674368083,41.5203094482,0,0,0,0,0.156813744601,151064.844038
11.425,-0.00102565239649,0.579487860203,2.40512919426,4.43056342192e-06,3.12401134579e-05,0,0,-4.81910137751e-05,0.0166674368083,41.5203094482,0,0,0,0,0.153714066681,151064.844038
11.4361111111,-0.00102565239649,0.579487860203,2.40512919426,4.43056342192e-06,2.38430493482e-05,0,0,-4.81910137751e-05,0.0166674368083,41.5203094482,0,0,0,0,0.15064534483,151064.844038
11.4472222222,-0.00102565239649,0.579487860203,2.40512919426,4.43056342192e-06,2.38430493482e-05,0,0,-4.81910137751e-05,0.0166674368083,41.5203094482,0,0,0,0,0.147607503834,151064.844038
11.4583333333,-0.00102565239649,0.579487860203,2.40512919426,4.43056342192e-06,2.35938041442e-05,0,0,-4.81910137751e-05,0.0166674368083,41.5203094482,0,0,0,0,0.144600669579,151064.844038
11.4694444444,-0.00102565239649,0.579487860203,2.40512919426,4.43056342192e-06,2.35938041442e-05,0,0,-4.81910137751e-05,0.0166674368083,41.5203094482,0,0,0,0,0.141624836134,151064.844038
11.4805555556,-0.00102565239649,0.579487860203,2.40512919426,4.43056342192e-06,2.30970890698e-05,0,0,-4.81910137751e-05,0.0166674368083,41.5203094482,0,0,0,0,0.138679783949,151064.844038
11.4916666667,-0.00102565239649,0.579487860203,2.40512919426,4.43056342192e-06,2.30970890698e-05,0,0,-4.81910137751e-05,0.0166674368083,41.5203094482,0,0,0,0,0.135765793521,151064.844038
11.5027777778,-0.00102565239649,0.579487860203,2.40512919426,4.43056342192e-06,2.30970890698e-05,0,0,-4.81910137751e-05,0.0166674368083,41.5203094482,0,0,0,0,0.132882749384,151064.844038
11.5138888889,-0.00102565239649,0.579487860203,2.40512919426,4.43056342192e-06,2.30970890698e-05,0,0,-4.81910137751e-05,0.0166674368083,41.5203094482,0,0,0,0,0.130030718343,151064.844038
11.525,-0.00102565239649,0.579487860203,2.40512919426,4.43056342192e-06,2.30970890698e-05,0,0,-4.81910137751e-05,0.0166674368083,41.5203094482,0,0,0,0,0.127209557364,151064.844038
11.5361111111,-0.00102565239649,0.579487860203,2.40512919426,4.43056342192e-06,2.30970890698e-05,0,0,-4.81910137751e-05,0.0166674368083,41.5203094482,0,0,0,0,0.124419402471,151064.844038
11.5472222222,-0.00102565239649,0.579487860203,2.40512919426,4.43056342192e-06,2.30970890698e-05,0,0,-4.81910137751e-05,0.0166674368083,41.5203094482,0,0,0,0,0.121660172262,151064.844038
11.5583333333,-0.00102565239649,0.579487860203,2.40512919426,4.43056342192e-06,2.30970890698e-05,0,0,-4.81910137751e-05,0.0166674368083,41.5203094482,0,0,0,0,0.118931948448,151064.844038
11.5694444444,-0.00102565239649,0.579487860203,2.40512919426,4.43056342192e-06,2.35938041442e-05,0,0,-4.81910137751e-05,0.0166674368083,41.5203094482,0,0,0,0,0.116234652375,151064.844155
11.5805555556,-0.00102565239649,0.579487860203,2.40512919426,4.43056342192e-06,2.30970890698e-05,0,0,-4.81910137751e-05,0.0166674368083,41.5203094482,0,0,0,0,0.113568326907,151064.844155
11.5916666667,-0.00102565239649,0.579487860203,2.40512919426,4.43056342192e-06,2.35938041442e-05,0,0,-4.81910137751e-05,0.0166674368083,41.5203094482,0,0,0,0,0.110932882995,151064.844155
11.6027777778,-0.00102565239649,0.579487860203,2.40512919426,4.43056342192e-06,2.35938041442e-05,0,0,-4.81910137751e-05,0.0166674368083,41.5203094482,0,0,0,0,0.108328419788,151064.844155
11.6138888889,-0.00102565239649,0.579487860203,2.40512919426,4.43056342192e-06,2.30970890698e-05,0,0,-4.81910137751e-05,0.0166674368083,41.5203094482,0,0,0,0,0.105754932929,151064.844155
11.625,-0.00102565239649,0.579487860203,2.40512919426,4.43056342192e-06,2.30970890698e-05,0,0,-4.81910137751e-05,0.0166674368083,41.5203094482,0,0,0,0,0.10321233395,151064.844155
11.6361111111,-0.00102565239649,0.579487860203,2.40512919426,4.43056342192e-06,2.30970890698e-05,0,0,-4.81910137751e-05,0.0166674368083,41.5203094482,0,0,0,0,0.100700704966,151064.844155
11.6472222222,-0.00102565239649,0.579487860203,2.40512919426,4.43056342192e-06,2.30970890698e-05,0,0,-4.81910137751e-05,0.0166674368083,41.5203094482,0,0,0,0,0.0982200623367,151064.844155
11.6583333333,-0.00102565239649,0.579487860203,2.40512919426,4.43056342192e-06,2.30970890698e-05,0,0,-4.81910137751e-05,0.0166674368083,41.5203094482,0,0,0,0,0.0957703519213,151064.844155
11.6694444444,-0.00102565239649,0.579487860203,2.40512919426,4.43056342192e-06,2.30970890698e-05,0,0,-4.81910137751e-05,0.0166674368083,41.5203094482,0,0,0,0,0.0933516071703,151064.844155
11.6805555556,-0.00102565239649,0.579487860203,2.40512919426,4.43056342192e-06,2.30970890698e-05,0,0,-4.81910137751e-05,0.0166674368083,41.5203094482,0,0,0,0,0.0909638686933,151064.844155
11.6916666667,-0.00102565239649,0.579487860203,2.40512919426,4.43056342192e-06,2.30970890698e-05,0,0,-4.81910137751e-05,0.0166674368083,41.5203094482,0,0,0,0,0.0886070149781,151064.844155
11.7027777778,-0.00102565239649,0.579487860203,2.40512919426,4.43056342192e-06,2.30970890698e-05,0,0,-4.81910137751e-05,0.0166674368083,41.5203094482,0,0,0,0,0.0862811054737,151064.844155
11.7138888889,-0.00102565239649,0.579487860203,2.40512919426,4.43056342192e-06,2.30970890698e-05,0,0,-4.81910137751e-05,0.0166674368083,41.5203094482,0,0,0,0,0.0839862008672,151064.844155
11.725,-0.00102565239649,0.579487860203,2.40512919426,4.43056342192e-06,2.30970890698e-05,0,0,-4.81910137751e-05,0.0166674368083,41.5203094482,0,0,0,0,0.0817221623492,151064.844155
11.7361111111,-0.00102565239649,0.579487860203,2.40512919426,4.43056342192e-06,2.30970890698e-05,0,0,-4.81910137751e-05,0.0166674368083,41.5203094482,0,0,0,0,0.0794891262173,151064.844155
11.7472222222,-0.00102565239649,0.579487860203,2.40512919426,4.43056342192e-06,2.30970890698e-05,0,0,-4.81910137751e-05,0.0166674368083,41.5203094482,0,0,0,0,0.0772870421672,151064.844155
11.7583333333,-0.00102565239649,0.579487860203,2.40512919426,4.43056342192e-06,2.35974184761e-05,0,0,-4.81910137751e-05,0.0166674368083,41.5203094482,0,0,0,0,0.0751159412295,151064.844155
11.7694444444,-0.00102565239649,0.579487860203,2.40512919426,4.43056342192e-06,2.30970890698e-05,0,0,-4.81910137751e-05,0.0166674368083,41.5203094482,0,0,0,0,0.0729757733123,151064.844155
11.7805555556,-0.00102565239649,0.579487860203,2.40512919426,4.43056342192e-06,2.38430493482e-05,0,0,-4.81910137751e-05,0.0166674368083,41.5203094482,0,0,0,0,0.070866517783,151064.844155
11.7916666667,-0.00102565239649,0.579487860203,2.40512919426,4.43056342192e-06,2.35974184761e-05,0,0,-4.81910137751e-05,0.0166674368083,41.5203094482,0,0,0,0,0.0687882505921,151064.844155
11.8027777778,-0.00102565239649,0.579487860203,2.40512919426,4.43056342192e-06,2.38430493482e-05,0,0,-4.81910137751e-05,0.0166674368083,41.5203094482,0,0,0,0,0.0667409246791,151064.844155
11.8138888889,-0.00102565239649,0.579487860203,2.40512919426,4.43056342192e-06,2.38466254814e-05,0,0,-4.81910137751e-05,0.0166674368083,41.5203094482,0,0,0,0,0.0647245878452,151064.844155
11.825,-0.00102565239649,0.579487860203,2.40512919426,4.43056342192e-06,2.30970890698e-05,0,0,-4.81910137751e-05,0.0166674368083,41.5203094482,0,0,0,0,0.0627391836188,151064.844038
11.8361111111,-0.00102565239649,0.579487860203,2.40512919426,4.43056342192e-06,2.35938041442e-05,0,0,-4.81910137751e-05,0.0166674368083,41.5203094482,0,0,0,0,0.0607847280628,151064.844038
11.8472222222,-0.00102565239649,0.579487860203,2.40512919426,4.43056342192e-06,3.10503019136e-05,0,0,-4.81910137751e-05,0.0166674368083,41.5203094482,0,0,0,0,0.0588612099011,151064.844038
11.8583333333,-0.00102565239649,0.579487860203,2.40512919426,4.43056342192e-06,2.32038983086e-05,0,0,-4.81910137751e-05,0.0166674368083,41.5203094482,0,0,0,0,0.056968674279,151064.844038
11.8694444444,-0.00102565239649,0.579487860203,2.40512919426,4.43056342192e-06,2.30970890698e-05,0,0,-4.81910137751e-05,0.0166674368083,41.5203094482,0,0,0,0,0.0551070694733,151064.844038
11.8805555556,-0.00102565239649,0.579487860203,2.40512919426,4.43056342192e-06,2.30970890698e-05,0,0,-4.81910137751e-05,0.0166674368083,41.5203094482,0,0,0,0,0.0532764533041,151064.844038
11.8916666667,-0.00102565239649,0.579487860203,2.40512919426,4.43056342192e-06,2.30970890698e-05,0,0,-4.81910137751e-05,0.0166674368083,41.5203094482,0,0,0,0,0.051476792928,151064.844038
11.9027777778,-0.00102565239649,0.579487860203,2.40512919426,4.43056342192e-06,2.30970890698e-05,0,0,-4.81910137751e-05,0.0166674368083,41.5203094482,0,0,0,0,0.0497080758017,151064.844038
11.9138888889,-0.00102565239649,0.579487860203,2.40512919426,4.43056342192e-06,2.30970890698e-05,0,0,-4.81910137751e-05,0.0166674368083,41.5203094482,0,0,0,0,0.047970318436,151064.844038
11.925,-0.00102565239649,0.579487860203,2.40512919426,4.43056342192e-06,2.35938041442e-05,0,0,-4.81910137751e-05,0.0166674368083,41.5203094482,0,0,0,0,0.0462634876935,151064.844272
11.9361111111,-0.00102565239649,0.579487860203,2.40512919426,4.43056342192e-06,2.30970890698e-05,0,0,-4.81910137751e-05,0.0166674368083,41.5203094482,0,0,0,0,0.044587638436,151064.844272
11.9472222222,-0.00102565239649,0.579487860203,2.40512919426,4.43056342192e-06,2.30970890698e-05,0,0,-4.81910137751e-05,0.0166674368083,41.5203094482,0,0,0,0,0.0429427200128,151064.844272
11.9583333333,-0.00102565239649,0.579487860203,2.40512919426,4.43056342192e-06,2.30970890698e-05,0,0,-4.81910137751e-05,0.0166674368083,41.5203094482,0,0,0,0,0.0413287625017,151064.844272
11.9694444444,-0.00102565239649,0.579487860203,2.40512919426,4.43056342192e-06,2.30970890698e-05,0,0,-4.81910137751e-05,0.0166674368083,41.5203094482,0,0,0,0,0.0397457417427,151064.844272
11.9805555556,-0.00102565239649,0.579487860203,2.40512919426,4.43056342192e-06,2.35938041442e-05,0,0,-4.81910137751e-05,0.0166674368083,41.5203094482,0,0,0,0,0.0381936743784,151064.844272
11.9916666667,-0.00102565239649,0.579487860203,2.40512919426,4.43056342192e-06,2.35938041442e-05,0,0,-4.81910137751e-05,0.0166674368083,41.5203094482,0,0,0,0,0.0366725570608,151064.844272
12.0027777778,-0.00102565239649,0.579487860203,2.40512919426,4.43056342192e-06,2.30970890698e-05,0,0,-4.81910137751e-05,0.0166674368083,41.5203094482,0,0,0,0,0.0351823855978,151064.844272
12.0138888889,-0.00102565239649,0.579487860203,2.40512919426,4.43056342192e-06,2.30970890698e-05,0,0,-4.81910137751e-05,0.0166674368083,41.5203094482,0,0,0,0,0.033723156368,151064.844272
12.025,-0.00102565239649,0.579487860203,2.40512919426,4.43056342192e-06,2.30970890698e-05,0,0,-4.81910137751e-05,0.0166674368083,41.5203094482,0,0,0,0,0.0322948991981,151064.844272
12.0361111111,-0.00102565239649,0.579487860203,2.40512919426,4.43056342192e-06,2.3208796847e-05,0,0,-4.81910137751e-05,0.0166674368083,41.5203094482,0,0,0,0,0.0308975873036,151064.844272
12.0472222222,-0.00102565239649,0.579487860203,2.40512919426,4.43056342192e-06,2.35938041442e-05,0,0,-4.81910137751e-05,0.0166674368083,41.5203094482,0,0,0,0,0.0295312321959,151064.844038
12.0583333333,-0.00102565239649,0.579487860203,2.40512919426,4.43056342192e-06,2.30970890698e-05,0,0,-4.81910137751e-05,0.0166674368083,41.5203094482,0,0,0,0,0.0281958166542,151064.844038
12.0694444444,-0.00102565239649,0.579487860203,2.40512919426,4.43056342192e-06,2.33808295889e-05,0,0,-4.81910137751e-05,0.0166674368083,41.5203094482,0,0,0,0,0.026891362923,151064.844038
12.0805555556,-0.00102565239649,0.579487860203,2.40512919426,4.43056342192e-06,2.30970890698e-05,0,0,-4.81910137751e-05,0.0166674368083,41.5203094482,0,0,0,0,0.0256178572795,151064.844038
12.0916666667,-0.00102565239649,0.579487860203,2.40512919426,4.43056342192e-06,2.30970890698e-05,0,0,-4.81910137751e-05,0.0166674368083,41.5203094482,0,0,0,0,0.024375310374,151064.844038
12.1027777778,-0.00102565239649,0.579487860203,2.40512919426,4.43056342192e-06,2.30970890698e-05,0,0,-4.81910137751e-05,0.0166674368083,41.5203094482,0,0,0,0,0.0231637026428,151064.844038
12.1138888889,-0.00102565239649,0.579487860203,2.40512919426,4.43056342192e-06,2.30970890698e-05,0,0,-4.81910137751e-05,0.0166674368083,41.5203094482,0,0,0,0,0.021983077268,151064.844038
12.125,-0.00102565239649,0.579487860203,2.40512919426,4.43056342192e-06,2.30970890698e-05,0,0,-4.81910137751e-05,0.0166674368083,41.5203094482,0,0,0,0,0.0208333726453,151064.844038
12.1361111111,-0.00102565239649,0.579487860203,2.40512919426,4.43056342192e-06,2.30970890698e-05,0,0,-4.81910137751e-05,0.0166674368083,41.5203094482,0,0,0,0,0.0197146332867,151064.844038
12.1472222222,-0.00102565239649,0.579487860203,2.40512919426,4.43056342192e-06,2.35938041442e-05,0,0,-4.81910137751e-05,0.0166674368083,41.5203094482,0,0,0,0,0.0186268433152,151064.844038
12.1583333333,-0.00102565239649,0.579487860203,2.40512919426,4.43056342192e-06,2.38430493482e-05,0,0,-4.81910137751e-05,0.0166674368083,41.5203094482,0,0,0,0,0.0175699960912,151064.844038
12.1694444444,-0.00102565239649,0.579487860203,2.40512919426,4.43056342192e-06,3.12401134579e-05,0,0,-4.81910137751e-05,0.0166674368083,41.5203094482,0,0,0,0,0.016544093895,151064.844038
12.1805555556,-0.00102565239649,0.579487860203,2.40512919426,4.43056342192e-06,2.35938041442e-05,0,0,-4.81910137751e-05,0.0166674368083,41.5203094482,0,0,0,0,0.01554915342,151064.844038
12.1916666667,-0.00102565239649,0.579487860203,2.40512919426,4.43056342192e-06,2.35925999732e-05,0,0,-4.81910137751e-05,0.0166674368083,41.5203094482,0,0,0,0,0.0145851577958,151064.844038
12.2027777778,-0.00102565239649,0.579487860203,2.40512919426,4.43056342192e-06,2.32038983086e-05,0,0,-4.81910137751e-05,0.0166674368083,41.5203094482,0,0,0,0,0.0136521218585,151064.844038
12.2138888889,-0.00102565239649,0.579487860203,2.40512919426,4.43056342192e-06,2.30970890698e-05,0,0,-4.81910137751e-05,0.0166674368083,41.5203094482,0,0,0,0,0.0127500320926,151064.844038
12.225,-0.00102565239649,0.579487860203,2.40512919426,4.43056342192e-06,2.33808295889e-05,0,0,-4.81910137751e-05,0.0166674368083,41.5203094482,0,0,0,0,0.0118789052331,151064.844038
12.2361111111,-0.00102565239649,0.579487860203,2.40512919426,4.43056342192e-06,3.05780558847e-05,0,0,-4.81910137751e-05,0.0166674368083,41.5203094482,0,0,0,0,0.0110387310005,151064.844038
12.2472222222,-0.00102565239649,0.579487860203,2.40512919426,4.43056342192e-06,2.30970890698e-05,0,0,-4.81910137751e-05,0.0166674368083,41.5203094482,0,0,0,0,0.0102295060039,151064.844038
12.2583333333,-0.00102565239649,0.579487860203,2.40512919426,4.43056342192e-06,2.30970890698e-05,0,0,-4.81910137751e-05,0.0166674368083,41.5203094482,0,0,0,0,0.00945122513702,151064.844038
12.2694444444,-0.00102565239649,0.579487860203,2.40512919426,4.43056342192e-06,2.35938041442e-05,0,0,-4.81910137751e-05,0.0166674368083,41.5203094482,0,0,0,0,0.00870390340439,151064.844155
12.2805555556,-0.00102565239649,0.579487860203,2.40512919426,4.43056342192e-06,2.30970890698e-05,0,0,-4.81910137751e-05,0.0166674368083,41.5203094482,0,0,0,0,0.0079875315703,151064.844272
12.2916666667,-0.00102565239649,0.579487860203,2.40512919426,4.43056342192e-06,2.38430493482e-05,0,0,-4.81910137751e-05,0.0166674368083,41.5203094482,0,0,0,0,0.00730210344596,151064.844272
12.3027777778,-0.00102565239649,0.579487860203,2.40512919426,4.43056342192e-06,2.35938041442e-05,0,0,-4.81910137751e-05,0.0166674368083,41.5203094482,0,0,0,0,0.00664762413622,151064.844272
12.3138888889,-0.00102565239649,0.579487860203,2.40512919426,4.43056342192e-06,2.38430493482e-05,0,0,-4.81910137751e-05,0.0166674368083,41.5203094482,0,0,0,0,0.00602410151164,151064.844272
12.325,-0.00102565239649,0.579487860203,2.40512919426,4.43056342192e-06,2.30970890698e-05,0,0,-4.81910137751e-05,0.0166674368083,41.5203094482,0,0,0,0,0.00543153151554,151064.844272
12.3361111111,-0.00102565239649,0.579487860203,2.40512919426,4.43056342192e-06,2.30970890698e-05,0,0,-4.81910137751e-05,0.0166674368083,41.5203094482,0,0,0,0,0.00486990945779,151064.844272
12.3472222222,-0.00102565239649,0.579487860203,2.40512919426,4.43056342192e-06,2.35938041442e-05,0,0,-4.81910137751e-05,0.0166674368083,41.5203094482,0,0,0,0,0.00433923923548,151064.844272
12.3583333333,-0.00102565239649,0.579487860203,2.40512919426,4.43056342192e-06,2.30970890698e-05,0,0,-4.81910137751e-05,0.0166674368083,41.5203094482,0,0,0,0,0.00383953162623,151064.844272
12.3694444444,-0.00102565239649,0.579487860203,2.40512919426,4.43056342192e-06,2.30970890698e-05,0,0,-4.81910137751e-05,0.0166674368083,41.5203094482,0,0,0,0,0.00337077209006,151064.844272
12.3805555556,-0.00102565239649,0.579487860203,2.40512919426,4.43056342192e-06,2.30970890698e-05,0,0,-4.81910137751e-05,0.0166674368083,41.5203094482,0,0,0,0,0.00293295495501,151064.844155
12.3916666667,-0.00102565239649,0.579487860203,2.40512919426,4.43056342192e-06,2.35925999732e-05,0,0,-4.81910137751e-05,0.0166674368083,41.5203094482,0,0,0,0,0.00252609576904,151064.844038
12.4027777778,-0.00102565239649,0.579487860203,2.40512919426,4.43056342192e-06,2.35938041442e-05,0,0,-4.81910137751e-05,0.0166674368083,41.5203094482,0,0,0,0,0.00215018664253,151064.844038
12.4138888889,-0.00102565239649,0.579487860203,2.40512919426,4.43056342192e-06,2.38430493482e-05,0,0,-4.81910137751e-05,0.0166674368083,41.5203094482,0,0,0,0,0.0018052272394,151064.844038
12.425,-0.00102565239649,0.579487860203,2.40512919426,4.43056342192e-06,2.35938041442e-05,0,0,-4.81910137751e-05,0.0166674368083,41.5203094482,0,0,0,0,0.00149122381236,151064.844038
12.4361111111,-0.00102565239649,0.579487860203,2.40512919426,4.43056342192e-06,2.35938041442e-05,0,0,-4.81910137751e-05,0.0166674368083,41.5203094482,0,0,0,0,0.00120816777537,151064.844038
12.4472222222,-0.00102565239649,0.579487860203,2.40512919426,4.43056342192e-06,2.30970890698e-05,0,0,-4.81910137751e-05,0.0166674368083,41.5203094482,0,0,0,0,0.0009560656836,151064.844038
12.4583333333,-0.00102565239649,0.579487860203,2.40512919426,4.43056342192e-06,2.30970890698e-05,0,0,-4.81910137751e-05,0.0166674368083,41.5203094482,0,0,0,0,0.000734914653977,151064.844038
12.4694444444,-0.00102565239649,0.579487860203,2.40512919426,4.43056342192e-06,2.30970890698e-05,0,0,-4.81910137751e-05,0.0166674368083,41.5203094482,0,0,0,0,0.000544711638218,151064.844038
12.4805555556,-0.00102565239649,0.579487860203,2.40512919426,4.43056342192e-06,2.30970890698e-05,0,0,-4.81910137751e-05,0.0166674368083,41.5203094482,0,0,0,0,0.000385463884202,151064.844038
12.4916666667,-0.00102565239649,0.579487860203,2.40512919426,4.43056342192e-06,2.30970890698e-05,0,0,-4.81910137751e-05,0.0166674368083,41.5203094482,0,0,0,0,0.000257162701123,151064.844038
12.5027777778,-0.00102565239649,0.579487860203,2.40512919426,4.43056342192e-06,2.30970890698e-05,0,0,-4.81910137751e-05,0.0166674368083,41.5203094482,0,0,0,0,0.000159815744179,151064.844038
12.5138888889,-0.00102565239649,0.579487860203,2.40512919426,4.43056342192e-06,2.30970890698e-05,0,0,-4.81910137751e-05,0.0166674368083,41.5203094482,0,0,0,0,9.34203251999e-05,151064.844038
12.525,-0.00102565239649,0.579487860203,2.40512919426,4.43056342192e-06,2.30970890698e-05,0,0,-4.81910137751e-05,0.0166674368083,41.5203094482,0,0,0,0,5.79746116363e-05,151064.844038
12.5361111111,-0.00102565239649,0.579487860203,2.40512919426,4.43056342192e-06,2.30970890698e-05,0,0,-4.81910137751e-05,0.0166674368083,41.5203094482,0,0,0,0,5.15308445932e-05,151064.844038
12.5472222222,-0.00102565239649,0.579487860203,2.40512919426,4.43056342192e-06,2.30970890698e-05,0,0,-4.81910137751e-05,0.0166674368083,41.5203094482,0,0,0,0,5.15308548002e-05,151064.844038
12.5583333333,-0.00102565239649,0.579487860203,2.40512919426,4.43056342192e-06,2.30970890698e-05,0,0,-4.81910137751e-05,0.0166674368083,41.5203094482,0,0,0,0,5.15308866199e-05,151064.844038
12.5694444444,-0.00102565239649,0.579487860203,2.40512919426,4.43056342192e-06,2.30970890698e-05,0,0,-4.81910137751e-05,0.0166674368083,41.5203094482,0,0,0,0,5.1530795374e-05,151064.844038
12.5805555556,-0.00102565239649,0.579487860203,2.40512919426,4.43056342192e-06,2.30970890698e-05,0,0,-4.81910137751e-05,0.0166674368083,41.5203094482,0,0,0,0,5.15296867148e-05,151064.844038
12.5916666667,-0.00102565239649,0.579487860203,2.40512919426,4.43056342192e-06,2.30970890698e-05,0,0,-4.81910137751e-05,0.0166674368083,41.5203094482,0,0,0,0,5.1530478433e-05,151064.844038
12.6027777778,-0.00102565239649,0.579487860203,2.40512919426,4.43056342192e-06,2.30970890698e-05,0,0,-4.81910137751e-05,0.0166674368083,41.5203094482,0,0,0,0,5.15306998579e-05,151064.844038
12.6138888889,-0.00102565239649,0.579487860203,2.40512919426,4.43056342192e-06,2.30970890698e-05,0,0,-4.81910137751e-05,0.0166674368083,41.5203094482,0,0,0,0,5.15303466953e-05,151064.844038
12.625,-0.00102565239649,0.579487860203,2.40512919426,4.43056342192e-06,2.30970890698e-05,0,0,-4.81910137751e-05,0.0166674368083,41.5203094482,0,0,0,0,5.15312630978e-05,151064.844038
12.6361111111,-0.00102565239649,0.579487860203,2.40512919426,4.43056342192e-06,2.30970890698e-05,0,0,-4.81910137751e-05,0.0166674368083,41.5203094482,0,0,0,0,5.15307053202e-05,151064.844038
12.6472222222,-0.00102565239649,0.579487860203,2.40512919426,4.43056342192e-06,2.30970890698e-05,0,0,-4.81910137751e-05,0.0166674368083,41.5203094482,0,0,0,0,5.15306445959e-05,151064.844038
12.6583333333,-0.00102565239649,0.579487860203,2.40512919426,4.43056342192e-06,2.30970890698e-05,0,0,-4.81910137751e-05,0.0166674368083,41.5203094482,0,0,0,0,5.15304933058e-05,151064.844038
12.6694444444,-0.00102565239649,0.579487860203,2.40512919426,4.43056342192e-06,2.30970890698e-05,0,0,-4.81910137751e-05,0.0166674368083,41.5203094482,0,0,0,0,5.15304743484e-05,151064.844038
12.6805555556,-0.00102565239649,0.579487860203,2.40512919426,4.43056342192e-06,2.30970890698e-05,0,0,-4.81910137751e-05,0.0166674368083,41.5203094482,0,0,0,0,5.15304963714e-05,151064.844038
12.6916666667,-0.00102565239649,0.579487860203,2.40512919426,4.43056342192e-06,2.30970890698e-05,0,0,-4.81910137751e-05,0.0166674368083,41.5203094482,0,0,0,0,5.15304881608e-05,151064.844038
12.7027777778,-0.00102565239649,0.579487860203,2.40512919426,4.43056342192e-06,2.30970890698e-05,0,0,-4.81910137751e-05,0.0166674368083,41.5203094482,0,0,0,0,5.15304883754e-05,151064.844038
12.7138888889,-0.00102565239649,0.579487860203,2.40512919426,4.43056342192e-06,2.30970890698e-05,0,0,-4.81910137751e-05,0.0166674368083,41.5203094482,0,0,0,0,5.15306126107e-05,151064.844038
12.725,-0.00102565239649,0.579487860203,2.40512919426,4.43056342192e-06,2.30970890698e-05,0,0,-4.81910137751e-05,0.0166674368083,41.5203094482,0,0,0,0,5.15304881811e-05,151064.844038
12.7361111111,-0.00102565239649,0.579487860203,2.40512919426,4.43056342192e-06,2.30970890698e-05,0,0,-4.81910137751e-05,0.0166674368083,41.5203094482,0,0,0,0,5.15302645322e-05,151064.844038
12.7472222222,-0.00102565239649,0.579487860203,2.40512919426,4.43056342192e-06,2.30970890698e-05,0,0,-4.81910137751e-05,0.0166674368083,41.5203094482,0,0,0,0,5.15308787815e-05,151064.844038
12.7583333333,-0.00102565239649,0.579487860203,2.40512919426,4.43056342192e-06,2.30970890698e-05,0,0,-4.81910137751e-05,0.0166674368083,41.5203094482,0,0,0,0,5.15305922524e-05,151064.844038
12.7694444444,-0.00102565239649,0.579487860203,2.40512919426,4.43056342192e-06,2.30970890698e-05,0,0,-4.81910137751e-05,0.0166674368083,41.5203094482,0,0,0,0,5.15307665718e-05,151064.844038
12.7805555556,-0.00102565239649,0.579487860203,2.40512919426,4.43056342192e-06,2.30970890698e-05,0,0,-4.81910137751e-05,0.0166674368083,41.5203094482,0,0,0,0,5.15306125413e-05,151064.844038
12.7916666667,-0.00102565239649,0.579487860203,2.40512919426,4.43056342192e-06,2.30970890698e-05,0,0,-4.81910137751e-05,0.0166674368083,41.5203094482,0,0,0,0,5.15304963714e-05,151064.844038
12.8027777778,-0.00102565239649,0.579487860203,2.40512919426,4.43056342192e-06,2.30970890698e-05,0,0,-4.81910137751e-05,0.0166674368083,41.5203094482,0,0,0,0,5.1530621135e-05,151064.844038
12.8138888889,-0.00102565239649,0.579487860203,2.40512919426,4.43056342192e-06,2.30970890698e-05,0,0,-4.81910137751e-05,0.0166674368083,41.5203094482,0,0,0,0,5.15306131675e-05,151064.844038
12.825,-0.00102565239649,0.579487860203,2.40512919426,4.43056342192e-06,2.30970890698e-05,0,0,-4.81910137751e-05,0.0166674368083,41.5203094482,0,0,0,0,5.15306132095e-05,151064.844038
12.8361111111,-0.00102565239649,0.579487860203,2.40512919426,4.43056342192e-06,2.30970890698e-05,0,0,-4.81910137751e-05,0.0166674368083,41.5203094482,0,0,0,0,5.15307463769e-05,151064.844038
12.8472222222,-0.00102565239649,0.579487860203,2.40512919426,4.43056342192e-06,2.30970890698e-05,0,0,-4.81910137751e-05,0.0166674368083,41.5203094482,0,0,0,0,5.1530878951e-05,151064.844038
12.8583333333,-0.00102565239649,0.579487860203,2.40512919426,4.43056342192e-06,2.30970890698e-05,0,0,-4.81910137751e-05,0.0166674368083,41.5203094482,0,0,0,0,5.15307688639e-05,151064.844038
12.8694444444,-0.00102565239649,0.579487860203,2.40512919426,4.43056342192e-06,2.30970890698e-05,0,0,-4.81910137751e-05,0.0166674368083,41.5203094482,0,0,0,0,5.15308749339e-05,151064.844038
12.8805555556,-0.00102565239649,0.579487860203,2.40512919426,4.43056342192e-06,2.30970890698e-05,0,0,-4.81910137751e-05,0.0166674368083,41.5203094482,0,0,0,0,5.15307351231e-05,151064.844038
12.8916666667,-0.00102565239649,0.579487860203,2.40512919426,4.43056342192e-06,2.30970890698e-05,0,0,-4.81910137751e-05,0.0166674368083,41.5203094482,0,0,0,0,5.15307169805e-05,151064.844038
12.9027777778,-0.00102565239649,0.579487860203,2.40512919426,4.43056342192e-06,2.30970890698e-05,0,0,-4.81910137751e-05,0.0166674368083,41.5203094482,0,0,0,0,5.15308990311e-05,151064.844038
12.9138888889,-0.00102565239649,0.579487860203,2.40512919426,4.43056342192e-06,2.30970890698e-05,0,0,-4.81910137751e-05,0.0166674368083,41.5203094482,0,0,0,0,5.15307435001e-05,151064.844038
12.925,-0.00102565239649,0.579487860203,2.40512919426,4.43056342192e-06,2.30970890698e-05,0,0,-4.81910137751e-05,0.0166674368083,41.5203094482,0,0,0,0,5.15307512504e-05,151064.844038
12.9361111111,-0.00102565239649,0.579487860203,2.40512919426,4.43056342192e-06,2.30970890698e-05,0,0,-4.81910137751e-05,0.0166674368083,41.5203094482,0,0,0,0,5.15308787916e-05,151064.844038
12.9472222222,-0.00102565239649,0.579487860203,2.40512919426,4.43056342192e-06,2.30970890698e-05,0,0,-4.81910137751e-05,0.0166674368083,41.5203094482,0,0,0,0,5.15308908198e-05,151064.844038
12.9583333333,-0.00102565239649,0.579487860203,2.40512919426,4.43056342192e-06,2.30970890698e-05,0,0,-4.81910137751e-05,0.0166674368083,41.5203094482,0,0,0,0,5.15308750943e-05,151064.844038
12.9694444444,-0.00102565239649,0.579487860203,2.40512919426,4.43056342192e-06,2.30970890698e-05,0,0,-4.81910137751e-05,0.0166674368083,41.5203094482,0,0,0,0,5.15307586222e-05,151064.844038
12.9805555556,-0.00102565239649,0.579487860203,2.40512919426,4.43056342192e-06,2.30970890698e-05,0,0,-4.81910137751e-05,0.0166674368083,41.5203094482,0,0,0,0,5.15310096415e-05,151064.844038
12.9916666667,-0.00102565239649,0.579487860203,2.40512919426,4.43056342192e-06,2.30970890698e-05,0,0,-4.81910137751e-05,0.0166674368083,41.5203094482,0,0,0,0,5.15307547232e-05,151064.844038
13.0027777778,-0.00102565239649,0.579487860203,2.40512919426,4.43056342192e-06,2.30970890698e-05,0,0,-4.81910137751e-05,0.0166674368083,41.5203094482,0,0,0,0,5.15308788474e-05,151064.844038
13.0138888889,-0.00102565239649,0.579487860203,2.40512919426,4.43056342192e-06,2.30970890698e-05,0,0,-4.81910137751e-05,0.0166674368083,41.5203094482,0,0,0,0,5.15308787161e-05,151064.844038
13.025,-0.00102565239649,0.579487860203,2.40512919426,4.43056342192e-06,2.30970890698e-05,0,0,-4.81910137751e-05,0.0166674368083,41.5203094482,0,0,0,0,5.15310095524e-05,151064.844038
13.0361111111,-0.00102565239649,0.579487860203,2.40512919426,4.43056342192e-06,2.30970890698e-05,0,0,-4.81910137751e-05,0.0166674368083,41.5203094482,0,0,0,0,5.15309322622e-05,151064.844038
13.0472222222,-0.00102565239649,0.579487860203,2.40512919426,4.43056342192e-06,2.30970890698e-05,0,0,-4.81910137751e-05,0.0166674368083,41.5203094482,0,0,0,0,5.15307798475e-05,151064.844038
13.0583333333,-0.00102565239649,0.579487860203,2.40512919426,4.43056342192e-06,2.30970890698e-05,0,0,-4.81910137751e-05,0.0166674368083,41.5203094482,0,0,0,0,5.15306140514e-05,151064.844038
13.0694444444,-0.00102565239649,0.579487860203,2.40512919426,4.43056342192e-06,2.30970890698e-05,0,0,-4.81910137751e-05,0.0166674368083,41.5203094482,0,0,0,0,5.15308859824e-05,151064.844038
13.0805555556,-0.00102565239649,0.579487860203,2.40512919426,4.43056342192e-06,2.30970890698e-05,0,0,-4.81910137751e-05,0.0166674368083,41.5203094482,0,0,0,0,5.15308863703e-05,151064.844038
13.0916666667,-0.00102565239649,0.579487860203,2.40512919426,4.43056342192e-06,2.30970890698e-05,0,0,-4.81910137751e-05,0.0166674368083,41.5203094482,0,0,0,0,5.15308938866e-05,151064.844038
13.1027777778,-0.00102565239649,0.579487860203,2.40512919426,4.43056342192e-06,2.30970890698e-05,0,0,-4.81910137751e-05,0.0166674368083,41.5203094482,0,0,0,0,5.15308939925e-05,151064.844038
13.1138888889,-0.00102565239649,0.579487860203,2.40512919426,4.43056342192e-06,2.30970890698e-05,0,0,-4.81910137751e-05,0.0166674368083,41.5203094482,0,0,0,0,5.15307660272e-05,151064.844038
13.125,-0.00102565239649,0.579487860203,2.40512919426,4.43056342192e-06,2.30970890698e-05,0,0,-4.81910137751e-05,0.0166674368083,41.5203094482,0,0,0,0,5.15308861838e-05,151064.844038
13.1361111111,-0.00102565239649,0.579487860203,2.40512919426,4.43056342192e-06,2.30970890698e-05,0,0,-4.81910137751e-05,0.0166674368083,41.5203094482,0,0,0,0,5.15309008932e-05,151064.844038
13.1472222222,-0.00102565239649,0.579487860203,2.40512919426,4.43056342192e-06,2.30970890698e-05,0,0,-4.81910137751e-05,0.0166674368083,41.5203094482,0,0,0,0,5.15307583402e-05,151064.844038
13.1583333333,-0.00102565239649,0.579487860203,2.40512919426,4.43056342192e-06,2.30970890698e-05,0,0,-4.81910137751e-05,0.0166674368083,41.5203094482,0,0,0,0,5.15306167863e-05,151064.844038
13.1694444444,-0.00102565239649,0.579487860203,2.40512919426,4.43056342192e-06,2.30970890698e-05,0,0,-4.81910137751e-05,0.0166674368083,41.5203094482,0,0,0,0,5.15306289117e-05,151064.844038
13.1805555556,-0.00102565239649,0.579487860203,2.40512919426,4.43056342192e-06,2.30970890698e-05,0,0,-4.81910137751e-05,0.0166674368083,41.5203094482,0,0,0,0,5.15307306904e-05,151064.844038
13.1916666667,-0.00102565239649,0.579487860203,2.40512919426,4.43056342192e-06,2.30970890698e-05,0,0,-4.81910137751e-05,0.0166674368083,41.5203094482,0,0,0,0,5.15306122343e-05,151064.844038
13.2027777778,-0.00102565239649,0.579487860203,2.40512919426,4.43056342192e-06,2.30970890698e-05,0,0,-4.81910137751e-05,0.0166674368083,41.5203094482,0,0,0,0,5.15307309953e-05,151064.844038
13.2138888889,-0.00102565239649,0.579487860203,2.40512919426,4.43056342192e-06,2.30970890698e-05,0,0,-4.81910137751e-05,0.0166674368083,41.5203094482,0,0,0,0,5.15304741741e-05,151064.844038
13.225,-0.00102565239649,0.579487860203,2.40512919426,4.43056342192e-06,2.30970890698e-05,0,0,-4.81910137751e-05,0.0166674368083,41.5203094482,0,0,0,0,5.15304740905e-05,151064.844038
13.2361111111,-0.00102565239649,0.579487860203,2.40512919426,4.43056342192e-06,2.30970890698e-05,0,0,-4.81910137751e-05,0.0166674368083,41.5203094482,0,0,0,0,5.15304999282e-05,151064.844038
13.2472222222,-0.00102565239649,0.579487860203,2.40512919426,4.43056342192e-06,2.30970890698e-05,0,0,-4.81910137751e-05,0.0166674368083,41.5203094482,0,0,0,0,5.15303070173e-05,151064.844038
13.2583333333,-0.00102565239649,0.579487860203,2.40512919426,4.43056342192e-06,2.30970890698e-05,0,0,-4.81910137751e-05,0.0166674368083,41.5203094482,0,0,0,0,5.15305807199e-05,151064.844038
13.2694444444,-0.00102565239649,0.579487860203,2.40512919426,4.43056342192e-06,2.30970890698e-05,0,0,-4.81910137751e-05,0.0166674368083,41.5203094482,0,0,0,0,5.15301164244e-05,151064.844038
13.2805555556,-0.00102565239649,0.579487860203,2.40512919426,4.43056342192e-06,2.30970890698e-05,0,0,-4.81910137751e-05,0.0166674368083,41.5203094482,0,0,0,0,5.15306791896e-05,151064.844038
13.2916666667,-0.00102565239649,0.579487860203,2.40512919426,4.43056342192e-06,2.30970890698e-05,0,0,-4.81910137751e-05,0.0166674368083,41.5203094482,0,0,0,0,5.15304292982e-05,151064.844038
13.3027777778,-0.00102565239649,0.579487860203,2.40512919426,4.43056342192e-06,2.30970890698e-05,0,0,-4.81910137751e-05,0.0166674368083,41.5203094482,0,0,0,0,5.15306932684e-05,151064.844038
13.3138888889,-0.00102565239649,0.579487860203,2.40512919426,4.43056342192e-06,2.30970890698e-05,0,0,-4.81910137751e-05,0.0166674368083,41.5203094482,0,0,0,0,5.1530472439e-05,151064.844038
13.325,-0.00102565239649,0.579487860203,2.40512919426,4.43056342192e-06,2.30970890698e-05,0,0,-4.81910137751e-05,0.0166674368083,41.5203094482,0,0,0,0,5.15304931788e-05,151064.844038
13.3361111111,-0.00102565239649,0.579487860203,2.40512919426,4.43056342192e-06,2.30970890698e-05,0,0,-4.81910137751e-05,0.0166674368083,41.5203094482,0,0,0,0,5.15304928305e-05,151064.844038
13.3472222222,-0.00102565239649,0.579487860203,2.40512919426,4.43056342192e-06,2.30970890698e-05,0,0,-4.81910137751e-05,0.0166674368083,41.5203094482,0,0,0,0,5.15308153391e-05,151064.844038
13.3583333333,-0.00102565239649,0.579487860203,2.40512919426,4.43056342192e-06,2.30970890698e-05,0,0,-4.81910137751e-05,0.0166674368083,41.5203094482,0,0,0,0,5.15306130074e-05,151064.844038
13.3694444444,-0.00102565239649,0.579487860203,2.40512919426,4.43056342192e-06,2.30970890698e-05,0,0,-4.81910137751e-05,0.0166674368083,41.5203094482,0,0,0,0,5.15299221287e-05,151064.844038
13.3805555556,-0.00102565239649,0.579487860203,2.40512919426,4.43056342192e-06,2.30970890698e-05,0,0,-4.81910137751e-05,0.0166674368083,41.5203094482,0,0,0,0,5.15302419575e-05,151064.844038
13.3916666667,-0.00102565239649,0.579487860203,2.40512919426,4.43056342192e-06,2.30970890698e-05,0,0,-4.81910137751e-05,0.0166674368083,41.5203094482,0,0,0,0,5.15307363252e-05,151064.844038
13.4027777778,-0.00102565239649,0.579487860203,2.40512919426,4.43056342192e-06,2.30970890698e-05,0,0,-4.81910137751e-05,0.0166674368083,41.5203094482,0,0,0,0,5.15307441885e-05,151064.844038
13.4138888889,-0.00102565239649,0.579487860203,2.40512919426,4.43056342192e-06,2.30970890698e-05,0,0,-4.81910137751e-05,0.0166674368083,41.5203094482,0,0,0,0,5.15304535718e-05,151064.844038
13.425,-0.00102565239649,0.579487860203,2.40512919426,4.43056342192e-06,2.30970890698e-05,0,0,-4.81910137751e-05,0.0166674368083,41.5203094482,0,0,0,0,5.15304541568e-05,151064.844038
13.4361111111,-0.00102565239649,0.579487860203,2.40512919426,4.43056342192e-06,2.30970890698e-05,0,0,-4.81910137751e-05,0.0166674368083,41.5203094482,0,0,0,0,5.15302685117e-05,151064.844038
13.4472222222,-0.00102565239649,0.579487860203,2.40512919426,4.43056342192e-06,2.30970890698e-05,0,0,-4.81910137751e-05,0.0166674368083,41.5203094482,0,0,0,0,5.1530138961e-05,151064.844038
13.4583333333,-0.00102565239649,0.579487860203,2.40512919426,4.43056342192e-06,2.30970890698e-05,0,0,-4.81910137751e-05,0.0166674368083,41.5203094482,0,0,0,0,5.15301412208e-05,151064.844038
13.4694444444,-0.00102565239649,0.579487860203,2.40512919426,4.43056342192e-06,2.30970890698e-05,0,0,-4.81910137751e-05,0.0166674368083,41.5203094482,0,0,0,0,5.15306557956e-05,151064.844038
13.4805555556,-0.00102565239649,0.579487860203,2.40512919426,4.43056342192e-06,2.30970890698e-05,0,0,-4.81910137751e-05,0.0166674368083,41.5203094482,0,0,0,0,5.15305605516e-05,151064.844038
13.4916666667,-0.00102565239649,0.579487860203,2.40512919426,4.43056342192e-06,2.30970890698e-05,0,0,-4.81910137751e-05,0.0166674368083,41.5203094482,0,0,0,0,5.15307051192e-05,151064.844038
13.5027777778,-0.00102565239649,0.579487860203,2.40512919426,4.43056342192e-06,2.30970890698e-05,0,0,-4.81910137751e-05,0.0166674368083,41.5203094482,0,0,0,0,5.15302298125e-05,151064.844038
13.5138888889,-0.00102565239649,0.579487860203,2.40512919426,4.43056342192e-06,2.30970890698e-05,0,0,-4.81910137751e-05,0.0166674368083,41.5203094482,0,0,0,0,5.15303031002e-05,151064.844038
13.525,-0.00102565239649,0.579487860203,2.40512919426,4.43056342192e-06,2.30970890698e-05,0,0,-4.81910137751e-05,0.0166674368083,41.5203094482,0,0,0,0,5.15295664677e-05,151064.844038
13.5361111111,-0.00102565239649,0.579487860203,2.40512919426,4.43056342192e-06,2.30970890698e-05,0,0,-4.81910137751e-05,0.0166674368083,41.5203094482,0,0,0,0,5.15303992006e-05,151064.844038
13.5472222222,-0.00102565239649,0.579487860203,2.40512919426,4.43056342192e-06,2.30970890698e-05,0,0,-4.81910137751e-05,0.0166674368083,41.5203094482,0,0,0,0,5.15295637866e-05,151064.844038
13.5583333333,-0.00102565239649,0.579487860203,2.40512919426,4.43056342192e-06,2.30970890698e-05,0,0,-4.81910137751e-05,0.0166674368083,41.5203094482,0,0,0,0,5.1529520559e-05,151064.844038
13.5694444444,-0.00102565239649,0.579487860203,2.40512919426,4.43056342192e-06,2.30970890698e-05,0,0,-4.81910137751e-05,0.0166674368083,41.5203094482,0,0,0,0,5.15304600173e-05,151064.844038
13.5805555556,-0.00102565239649,0.579487860203,2.40512919426,4.43056342192e-06,2.30970890698e-05,0,0,-4.81910137751e-05,0.0166674368083,41.5203094482,0,0,0,0,5.15301156145e-05,151064.844038
13.5916666667,-0.00102565239649,0.579487860203,2.40512919426,4.43056342192e-06,2.30970890698e-05,0,0,-4.81910137751e-05,0.0166674368083,41.5203094482,0,0,0,0,5.15307877381e-05,151064.844038
13.6027777778,-0.00102565239649,0.579487860203,2.40512919426,4.43056342192e-06,2.30970890698e-05,0,0,-4.81910137751e-05,0.0166674368083,41.5203094482,0,0,0,0,5.15305139401e-05,151064.844038
13.6138888889,-0.00102565239649,0.579487860203,2.40512919426,4.43056342192e-06,2.30970890698e-05,0,0,-4.81910137751e-05,0.0166674368083,41.5203094482,0,0,0,0,5.15304237099e-05,151064.844038
13.625,-0.00102565239649,0.579487860203,2.40512919426,4.43056342192e-06,2.30970890698e-05,0,0,-4.81910137751e-05,0.0166674368083,41.5203094482,0,0,0,0,5.15309286483e-05,151064.844038
13.6361111111,-0.00102565239649,0.579487860203,2.40512919426,4.43056342192e-06,2.30970890698e-05,0,0,-4.81910137751e-05,0.0166674368083,41.5203094482,0,0,0,0,5.15311750037e-05,151064.844038
13.6472222222,-0.00102565239649,0.579487860203,2.40512919426,4.43056342192e-06,2.30970890698e-05,0,0,-4.81910137751e-05,0.0166674368083,41.5203094482,0,0,0,0,5.15307255103e-05,151064.844038
13.6583333333,-0.00102565239649,0.579487860203,2.40512919426,4.43056342192e-06,2.30970890698e-05,0,0,-4.81910137751e-05,0.0166674368083,41.5203094482,0,0,0,0,5.15305935293e-05,151064.844038
13.6694444444,-0.00102565239649,0.579487860203,2.40512919426,4.43056342192e-06,2.30970890698e-05,0,0,-4.81910137751e-05,0.0166674368083,41.5203094482,0,0,0,0,5.15306545433e-05,151064.844038
13.6805555556,-0.00102565239649,0.579487860203,2.40512919426,4.43056342192e-06,2.30970890698e-05,0,0,-4.81910137751e-05,0.0166674368083,41.5203094482,0,0,0,0,5.15306076612e-05,151064.844038
13.6916666667,-0.00102565239649,0.579487860203,2.40512919426,4.43056342192e-06,2.30970890698e-05,0,0,-4.81910137751e-05,0.0166674368083,41.5203094482,0,0,0,0,5.1530728137e-05,151064.844038
13.7027777778,-0.00102565239649,0.579487860203,2.40512919426,4.43056342192e-06,2.30970890698e-05,0,0,-4.81910137751e-05,0.0166674368083,41.5203094482,0,0,0,0,5.15307525151e-05,151064.844038
13.7138888889,-0.00102565239649,0.579487860203,2.40512919426,4.43056342192e-06,2.30970890698e-05,0,0,-4.81910137751e-05,0.0166674368083,41.5203094482,0,0,0,0,5.15308552327e-05,151064.844038
13.725,-0.00102565239649,0.579487860203,2.40512919426,4.43056342192e-06,2.30970890698e-05,0,0,-4.81910137751e-05,0.0166674368083,41.5203094482,0,0,0,0,5.15301698559e-05,151064.844038
13.7361111111,-0.00102565239649,0.579487860203,2.40512919426,4.43056342192e-06,2.30970890698e-05,0,0,-4.81910137751e-05,0.0166674368083,41.5203094482,0,0,0,0,5.15306168218e-05,151064.844038
13.7472222222,-0.00102565239649,0.579487860203,2.40512919426,4.43056342192e-06,2.30970890698e-05,0,0,-4.81910137751e-05,0.0166674368083,41.5203094482,0,0,0,0,5.15306169531e-05,151064.844038
13.7583333333,-0.00102565239649,0.579487860203,2.40512919426,4.43056342192e-06,2.30970890698e-05,0,0,-4.81910137751e-05,0.0166674368083,41.5203094482,0,0,0,0,5.15303436672e-05,151064.844038
13.7694444444,-0.00102565239649,0.579487860203,2.40512919426,4.43056342192e-06,2.30970890698e-05,0,0,-4.81910137751e-05,0.0166674368083,41.5203094482,0,0,0,0,5.15304115002e-05,151064.844038
13.7805555556,-0.00102565239649,0.579487860203,2.40512919426,4.43056342192e-06,2.30970890698e-05,0,0,-4.81910137751e-05,0.0166674368083,41.5203094482,0,0,0,0,5.15305940643e-05,151064.844038
13.7916666667,-0.00102565239649,0.579487860203,2.40512919426,4.43056342192e-06,2.30970890698e-05,0,0,-4.81910137751e-05,0.0166674368083,41.5203094482,0,0,0,0,5.15301654814e-05,151064.844038
13.8027777778,-0.00102565239649,0.579487860203,2.40512919426,4.43056342192e-06,2.30970890698e-05,0,0,-4.81910137751e-05,0.0166674368083,41.5203094482,0,0,0,0,5.15307585146e-05,151064.844038
13.8138888889,-0.00102565239649,0.579487860203,2.40512919426,4.43056342192e-06,2.30970890698e-05,0,0,-4.81910137751e-05,0.0166674368083,41.5203094482,0,0,0,0,5.15303669486e-05,151064.844038
13.825,-0.00102565239649,0.579487860203,2.40512919426,4.43056342192e-06,2.30970890698e-05,0,0,-4.81910137751e-05,0.0166674368083,41.5203094482,0,0,0,0,5.15307143045e-05,151064.844038
13.8361111111,-0.00102565239649,0.579487860203,2.40512919426,4.43056342192e-06,2.30970890698e-05,0,0,-4.81910137751e-05,0.0166674368083,41.5203094482,0,0,0,0,5.15306324935e-05,151064.844038
13.8472222222,-0.00102565239649,0.579487860203,2.40512919426,4.43056342192e-06,2.30970890698e-05,0,0,-4.81910137751e-05,0.0166674368083,41.5203094482,0,0,0,0,5.15303666918e-05,151064.844038
13.8583333333,-0.00102565239649,0.579487860203,2.40512919426,4.43056342192e-06,2.30970890698e-05,0,0,-4.81910137751e-05,0.0166674368083,41.5203094482,0,0,0,0,5.15305797628e-05,151064.844038
13.8694444444,-0.00102565239649,0.579487860203,2.40512919426,4.43056342192e-06,2.30970890698e-05,0,0,-4.81910137751e-05,0.0166674368083,41.5203094482,0,0,0,0,5.15297775466e-05,151064.844038
13.8805555556,-0.00102565239649,0.579487860203,2.40512919426,4.43056342192e-06,2.30970890698e-05,0,0,-4.81910137751e-05,0.0166674368083,41.5203094482,0,0,0,0,5.15307426641e-05,151064.844038
13.8916666667,-0.00102565239649,0.579487860203,2.40512919426,4.43056342192e-06,2.30970890698e-05,0,0,-4.81910137751e-05,0.0166674368083,41.5203094482,0,0,0,0,5.15306326187e-05,151064.844038
13.9027777778,-0.00102565239649,0.579487860203,2.40512919426,4.43056342192e-06,2.30970890698e-05,0,0,-4.81910137751e-05,0.0166674368083,41.5203094482,0,0,0,0,5.15306020401e-05,151064.844038
13.9138888889,-0.00102565239649,0.579487860203,2.40512919426,4.43056342192e-06,2.30970890698e-05,0,0,-4.81910137751e-05,0.0166674368083,41.5203094482,0,0,0,0,5.153060612e-05,151064.844038
13.925,-0.00102565239649,0.579487860203,2.40512919426,4.43056342192e-06,2.30970890698e-05,0,0,-4.81910137751e-05,0.0166674368083,41.5203094482,0,0,0,0,5.15306168353e-05,151064.844038
13.9361111111,-0.00102565239649,0.579487860203,2.40512919426,4.43056342192e-06,2.30970890698e-05,0,0,-4.81910137751e-05,0.0166674368083,41.5203094482,0,0,0,0,5.15307580369e-05,151064.844038
13.9472222222,-0.00102565239649,0.579487860203,2.40512919426,4.43056342192e-06,2.30970890698e-05,0,0,-4.81910137751e-05,0.0166674368083,41.5203094482,0,0,0,0,5.15306206975e-05,151064.844038
13.9583333333,-0.00102565239649,0.579487860203,2.40512919426,4.43056342192e-06,2.30970890698e-05,0,0,-4.81910137751e-05,0.0166674368083,41.5203094482,0,0,0,0,5.15305876379e-05,151064.844038
13.9694444444,-0.00102565239649,0.579487860203,2.40512919426,4.43056342192e-06,2.30970890698e-05,0,0,-4.81910137751e-05,0.0166674368083,41.5203094482,0,0,0,0,5.15307585372e-05,151064.844038
13.9805555556,-0.00102565239649,0.579487860203,2.40512919426,4.43056342192e-06,2.30970890698e-05,0,0,-4.81910137751e-05,0.0166674368083,41.5203094482,0,0,0,0,5.15306058147e-05,151064.844038
13.9916666667,-0.00102565239649,0.579487860203,2.40512919426,4.43056342192e-06,2.30970890698e-05,0,0,-4.81910137751e-05,0.0166674368083,41.5203094482,0,0,0,0,5.1529765348e-05,151064.844038
14.0027777778,-0.00102565239649,0.579487860203,2.40512919426,4.43056342192e-06,2.30970890698e-05,0,0,-4.81910137751e-05,0.0166633184999,41.5203094482,0.00141263008118,0,0,0,0.000632493126454,151064.84433
14.0138888889,-0.00102565239649,0.579487860203,2.40512919426,4.43056342192e-06,2.30970890698e-05,0,0,-4.81910137751e-05,0.0166022777557,41.5203094482,0.026535987854,0,0,0,0.0145804968717,151064.846489
14.025,-0.00102565239649,0.579487860203,2.40512919426,4.43056342192e-06,2.30970890698e-05,0,0,-4.81910137751e-05,0.0164785459638,41.5203094482,0.0644221901894,0,0,0,0.0471639505646,151064.851705
14.0361111111,-0.00102565239649,0.579487860203,2.40512919426,4.43056342192e-06,2.30970890698e-05,0,0,-4.81910137751e-05,0.016288721934,41.5203094482,0.129327178001,0,0,0,0.0984707978554,151064.860358
14.0472222222,-0.00102565239649,0.579487860203,2.40512919426,4.43056342192e-06,2.30970890698e-05,0,0,-4.81910137751e-05,0.0160294119269,41.5203094482,0.23105442524,0,0,0,0.168640314826,151064.87173
14.0583333333,-0.00102565239649,0.579487860203,2.40512919426,4.43056342192e-06,2.30970890698e-05,0,0,-4.81910137751e-05,0.0157069731504,41.5203094482,0.328633189201,0,0,0,0.257863717544,151064.885632
14.0694444444,-0.00102565239649,0.579487860203,2.40512919426,4.43056342192e-06,2.30970890698e-05,0,0,-4.81910137751e-05,0.0153179159388,41.5203094482,0.461652874947,0,0,0,0.366382186882,151064.902225
14.0805555556,-0.00102565239649,0.579487860203,2.40512919426,4.43056342192e-06,2.30970890698e-05,0,0,-4.81910137751e-05,0.0148594593629,41.5203094482,0.623139739037,0,0,0,0.494489872875,151064.921099
14.0916666667,-0.00102565239649,0.579487860203,2.40512919426,4.43056342192e-06,2.30970890698e-05,0,0,-4.81910137751e-05,0.014336344786,41.5203094482,0.797961652279,0,0,0,0.642534464318,151064.941693
14.1027777778,-0.00102565239649,0.579487860203,2.40512919426,4.43056342192e-06,2.30970890698e-05,0,0,-4.81910137751e-05,0.0137456981465,41.5203094482,1.00030303001,0,0,0,0.810914397699,151064.964497
14.1138888889,-0.00102565239649,0.579487860203,2.40512919426,4.43056342192e-06,2.30970890698e-05,0,0,-4.81910137751e-05,0.0130838388577,41.5203094482,1.24010145664,0,0,0,1.00008706597,151064.988616
14.125,-0.00102565239649,0.579487860203,2.40512919426,4.43056342192e-06,2.30970890698e-05,0,0,-4.81910137751e-05,0.0123568782583,41.5203094482,1.47657394409,0,0,0,1.21056525626,151065.013982
14.1361111111,-0.00102565239649,0.579487860203,2.40512919426,4.43056342192e-06,2.30970890698e-05,0,0,-4.81910137751e-05,0.0115610519424,41.5203094482,1.74942612648,0,0,0,1.44291546513,151065.039926
14.1472222222,-0.00102565239649,0.579487860203,2.40512919426,4.43056342192e-06,2.30970890698e-05,0,0,-4.81910137751e-05,0.0106924148276,41.5203094482,2.05167084932,0,0,0,1.69777125404,151065.066172
14.1583333333,-0.00102565239649,0.579487860203,2.40512919426,4.43056342192e-06,2.30970890698e-05,0,0,-4.81910137751e-05,0.00975720398128,41.5203094482,2.36855149269,0,0,0,1.97581847772,151065.09185
14.1694444444,-0.00102565239649,0.579487860203,2.40512919426,4.43056342192e-06,2.30970890698e-05,0,0,-4.81910137751e-05,0.00875137466937,41.5203094482,2.71398872137,0,0,0,2.2778062337,151065.117519
14.1805555556,-0.00102565239649,0.579487860203,2.40512919426,4.43056342192e-06,2.30970890698e-05,0,0,-4.81910137751e-05,0.00767425727099,41.5203094482,3.08409780264,0,0,0,2.60454887258,151065.141902
14.1916666667,-0.00102565239649,0.579487860203,2.40512919426,4.43056342192e-06,2.30970890698e-05,0,0,-4.81910137751e-05,0.00652512349188,41.5203094482,3.47915142775,0,0,0,2.95692763109,151065.164706
14.2027777778,-0.00102565239649,0.579487860203,2.40512919426,4.43056342192e-06,2.30970890698e-05,0,0,-4.81910137751e-05,0.00530070671812,41.5203094482,3.90485823154,0,0,0,3.33590938107,151065.183639
14.2138888889,-0.00102565239649,0.579487860203,2.40512919426,4.43056342192e-06,2.30970890698e-05,0,0,-4.81910137751e-05,0.00400517508388,41.5203094482,4.34644818306,0,0,0,3.74249813172,151065.200257
14.225,-0.00102565239649,0.579487860203,2.40512919426,4.43056342192e-06,2.30970890698e-05,0,0,-4.81910137751e-05,0.00264021125622,41.5203094482,4.87449467182,0,0,0,4.20595890844,151065.213238
14.2361111111,-0.00102565239649,0.579487860203,2.40512919426,4.43056342192e-06,2.30970890698e-05,0,0,-4.81910137751e-05,0.00118645851035,41.5203094482,5.31810969114,0,0,0,4.64299630543,151065.220204
14.2472222222,-0.00102565239649,0.579487860203,2.40512919426,4.43056342192e-06,2.30970890698e-05,0,0,-4.81910137751e-05,-0.000335325166816,41.5203094482,5.84256201982,0,0,0,5.13932644544,151065.222593
14.2583333333,-0.00102565239649,0.579487860203,2.40512919426,4.43056342192e-06,2.30970890698e-05,0,0,-4.81910137751e-05,-0.00193450134248,41.5203094482,6.39451593161,0,0,0,5.66813180116,151065.217857
14.2694444444,-0.00102565239649,0.579487860203,2.40512919426,4.43056342192e-06,2.30970890698e-05,0,0,-4.81910137751e-05,-0.00361470202915,41.5203094482,6.97936713696,0,0,0,6.23086192718,151065.204277
14.2805555556,-0.00102565239649,0.579487860203,2.40512919426,4.43056342192e-06,2.30970890698e-05,0,0,-4.81910137751e-05,-0.00537193845958,41.5203094482,7.58257806301,0,0,0,6.8289958185,151065.183359
14.2916666667,-0.00102565239649,0.579487860203,2.40512919426,4.43056342192e-06,2.30970890698e-05,0,0,-4.81910137751e-05,-0.00720489025116,41.5203094482,8.27454328537,0,0,0,7.49216396075,151065.152368
14.3027777778,-0.00102565239649,0.579487860203,2.40512919426,4.43056342192e-06,2.30970890698e-05,0,0,-4.81910137751e-05,-0.00913330633193,41.5203094482,8.88511240482,0,0,0,8.13808875451,151065.10899
14.3138888889,-0.00102565239649,0.579487860203,2.40512919426,4.43056342192e-06,2.30970890698e-05,0,0,-4.81910137751e-05,-0.0111366100609,41.5203094482,9.57907140255,0,0,0,8.85254802216,151065.054135
14.325,-0.00102565239649,0.579487860203,2.40512919426,4.43056342192e-06,2.30970890698e-05,0,0,-4.81910137751e-05,-0.0132270827889,41.5203094482,10.3059500456,0,0,0,9.60951346948,151064.984365
14.3361111111,-0.00102565239649,0.579487860203,2.40512919426,4.43056342192e-06,2.30970890698e-05,0,0,-4.81910137751e-05,-0.015401055105,41.5203094482,11.0595077276,0,0,0,10.4109571794,151064.899944
14.3472222222,-0.00102565239649,0.579487860203,2.40512919426,4.43056342192e-06,2.30970890698e-05,0,0,-4.81910137751e-05,-0.0176658201963,41.5203094482,11.8510812521,0,0,0,11.2591003742,151064.797833
14.3583333333,-0.00102565239649,0.579487860203,2.40512919426,4.43056342192e-06,2.30970890698e-05,0,0,-4.81910137751e-05,-0.0200162883848,41.5203094482,12.6649528742,0,0,0,12.1561435107,151064.677574
14.3694444444,-0.00102565239649,0.579487860203,2.40512919426,4.43056342192e-06,2.30970890698e-05,0,0,-4.81910137751e-05,-0.0224598515779,41.5203094482,13.5207116604,0,0,0,13.1045812483,151064.536057
14.3805555556,-0.00102565239649,0.579487860203,2.40512919426,4.43056342192e-06,2.30970890698e-05,0,0,-4.81910137751e-05,-0.0249931029975,41.5203094482,14.3999576569,0,0,0,14.1068623591,151064.372818
14.3916666667,-0.00102565239649,0.579487860203,2.40512919426,4.43056342192e-06,2.30970890698e-05,0,0,-4.81910137751e-05,-0.0276225376874,41.5203094482,15.3225883842,0,0,0,15.1657674992,151064.184292
14.4027777778,-0.00102565239649,0.579487860203,2.40512919426,4.43056342192e-06,2.30970890698e-05,0,0,-4.81910137751e-05,-0.0303453467786,41.5203094482,16.2701547146,0,0,0,16.2840204478,151063.969827
14.4138888889,-0.00102565239649,0.579487860203,2.40512919426,4.43056342192e-06,2.30970890698e-05,0,0,-4.81910137751e-05,-0.0331680998206,41.5203094482,17.2711998224,0,0,0,17.4647185206,151063.7256
14.425,-0.00102565239649,0.579487860203,2.40512919426,4.43056342192e-06,2.30970890698e-05,0,0,-4.81910137751e-05,-0.0360877513885,41.5203094482,18.2816907763,0,0,0,18.7109100602,151063.450616
14.4361111111,-0.00102565239649,0.579487860203,2.40512919426,4.43056342192e-06,2.30970890698e-05,0,0,-4.81910137751e-05,-0.0391119681299,41.5203094482,19.3555623293,0,0,0,20.0260458329,151063.141332
14.4472222222,-0.00102565239649,0.579487860203,2.40512919426,4.43056342192e-06,2.30970890698e-05,0,0,-4.81910137751e-05,-0.0422352440655,41.5203094482,20.4404979944,0,0,0,21.4135108953,151062.795373
14.4583333333,-0.00102565239649,0.579487860203,2.40512919426,4.43056342192e-06,2.30970890698e-05,0,0,-4.81910137751e-05,-0.0454597957432,41.5203094482,21.6321051121,0,0,0,22.9044373121,151062.410667
14.4694444444,-0.00102565239649,0.579487860203,2.40512919426,4.43056342192e-06,2.30970890698e-05,0,0,-4.81910137751e-05,-0.0488053970039,41.5203094482,22.7542340755,0,0,0,24.4206495042,151061.981779
14.4805555556,-0.00102565239649,0.579487860203,2.40512919426,4.43056342192e-06,2.30970890698e-05,0,0,-4.81910137751e-05,-0.0522472560406,41.5203094482,24.0253284574,0,0,0,26.0755419801,151061.5085
14.4916666667,-0.00102565239649,0.579487860203,2.40512919426,4.43056342192e-06,2.30970890698e-05,0,0,-4.81910137751e-05,-0.0558138675988,41.5203094482,25.2290859818,0,0,0,27.7643617032,151060.98413
14.5027777778,-0.00102565239649,0.579487860203,2.40512919426,4.43056342192e-06,2.30970890698e-05,0,0,-4.81910137751e-05,-0.0594822019339,41.5203094482,26.5836685896,0,0,0,29.6004999163,151060.408756
14.5138888889,-0.00102565239649,0.579487860203,2.40512919426,4.43056342192e-06,2.30970890698e-05,0,0,-4.81910137751e-05,-0.0632799193263,41.5203094482,27.8732389212,0,0,0,31.4801671065,151059.774634
14.525,-0.00102565239649,0.579487860203,2.40512919426,4.43056342192e-06,2.30970890698e-05,0,0,-4.81910137751e-05,-0.0671845078468,41.5203094482,29.3154448271,0,0,0,33.5167450817,151059.081672
14.5361111111,-0.00102565239649,0.579487860203,2.40512919426,4.43056342192e-06,2.30970890698e-05,0,0,-4.81910137751e-05,-0.0712235495448,41.5203094482,30.6950926781,0,0,0,35.607464032,151058.321366
14.5472222222,-0.00102565239649,0.579487860203,2.40512919426,4.43056342192e-06,2.30970890698e-05,0,0,-4.81910137751e-05,-0.0753822252154,41.5203094482,32.1802943945,0,0,0,37.8389591318,151057.492746
14.5583333333,-0.00102565239649,0.579487860203,2.40512919426,4.43056342192e-06,2.30970890698e-05,0,0,-4.81910137751e-05,-0.0796660110354,41.5203094482,33.7031722069,0,0,0,40.1899242083,151056.589062
14.5694444444,-0.00102565239649,0.579487860203,2.40512919426,4.43056342192e-06,2.30970890698e-05,0,0,-4.81910137751e-05,-0.0840822979808,41.5203094482,35.2849423885,0,0,0,42.666778845,151055.606869
14.5805555556,-0.00102565239649,0.579487860203,2.40512919426,4.43056342192e-06,2.30970890698e-05,0,0,-4.81910137751e-05,-0.0886295214295,41.5203094482,36.9077682495,0,0,0,45.2757868359,151054.538093
14.5916666667,-0.00102565239649,0.579487860203,2.40512919426,4.43056342192e-06,2.30970890698e-05,0,0,-4.81910137751e-05,-0.0933150947094,41.5203094482,38.5913640261,0,0,0,48.0240621615,151053.380479
14.6027777778,-0.00102565239649,0.579487860203,2.40512919426,4.43056342192e-06,2.30970890698e-05,0,0,-4.81910137751e-05,-0.098137781024,41.5203094482,40.3185814619,0,0,0,50.9185257834,151052.125005
14.6138888889,-0.00102565239649,0.579487860203,2.40512919426,4.43056342192e-06,2.30970890698e-05,0,0,-4.81910137751e-05,-0.103105120361,41.5203094482,42.0197367668,0,0,0,53.9670510133,151050.767589
14.625,-0.00102565239649,0.579487860203,2.40512919426,4.43056342192e-06,2.30970890698e-05,0,0,-4.81910137751e-05,-0.108164727688,41.5203094482,42.0000314713,0,0,0,53.5708840736,151049.315418
14.6361111111,-0.00102565239649,0.579487860203,2.40512919426,4.43056342192e-06,2.30970890698e-05,0,0,-4.81910137751e-05,-0.113291360438,41.5203094482,42.0000314713,0,0,0,55.0242091604,151047.773156
14.6472222222,-0.00102565239649,0.579487860203,2.40512919426,4.43056342192e-06,2.30970890698e-05,0,0,-4.81910137751e-05,-0.118488430977,41.5203094482,42.0000314713,0,0,0,56.5697729009,151046.13728
14.6583333333,-0.00102565239649,0.579487860203,2.40512919426,4.43056342192e-06,2.30970890698e-05,0,0,-4.81910137751e-05,-0.12375933677,41.5203094482,42.0000314713,0,0,0,58.2115860649,151044.403171
14.6694444444,-0.00102565239649,0.579487860203,2.40512919426,4.43056342192e-06,2.30970890698e-05,0,0,-4.81910137751e-05,-0.129107549787,41.5203094482,42.0000314713,0,0,0,59.9538687477,151042.567263
14.6805555556,-0.00102565239649,0.579487860203,2.40512919426,4.43056342192e-06,2.30970890698e-05,0,0,-4.81910137751e-05,-0.134536519647,41.5203094482,42.0000314713,0,0,0,61.801073926,151040.624876
14.6916666667,-0.00102565239649,0.579487860203,2.40512919426,4.43056342192e-06,2.30970890698e-05,0,0,-4.81910137751e-05,-0.140049830079,41.5203094482,42.0000314713,0,0,0,63.7580168045,151038.570457
14.7027777778,-0.00102565239649,0.579487860203,2.40512919426,4.43056342192e-06,2.30970890698e-05,0,0,-4.81910137751e-05,-0.145651131868,41.5203094482,42.0000314713,0,0,0,65.8296502917,151036.399619
14.7138888889,-0.00102565239649,0.579487860203,2.40512919426,4.43056342192e-06,2.30970890698e-05,0,0,-4.81910137751e-05,-0.151344120502,41.5203094482,42.0000314713,0,0,0,68.021299645,151034.106575
14.725,-0.00102565239649,0.579487860203,2.40512919426,4.43056342192e-06,2.30970890698e-05,0,0,-4.81910137751e-05,-0.157132446766,41.5203094482,42.0000314713,0,0,0,70.3385910687,151031.685944
14.7361111111,-0.00102565239649,0.579487860203,2.40512919426,4.43056342192e-06,2.30970890698e-05,0,0,-4.81910137751e-05,-0.16301985085,41.5203094482,42.0000314713,0,0,0,72.7874780502,151029.131179
14.7472222222,-0.00102565239649,0.579487860203,2.40512919426,4.43056342192e-06,2.30970890698e-05,0,0,-4.81910137751e-05,-0.169010221958,41.5203094482,42.0000314713,0,0,0,75.3741873396,151026.436489
14.7583333333,-0.00102565239649,0.579487860203,2.40512919426,4.43056342192e-06,2.30970890698e-05,0,0,-4.81910137751e-05,-0.175107374787,41.5203094482,42.0000314713,0,0,0,78.1053338908,151023.594567
14.7694444444,-0.00102565239649,0.579487860203,2.40512919426,4.43056342192e-06,2.30970890698e-05,0,0,-4.81910137751e-05,-0.181315287948,41.5203094482,42.0000314713,0,0,0,80.9878786923,151020.598863
14.7805555556,-0.00102565239649,0.579487860203,2.40512919426,4.43056342192e-06,2.30970890698e-05,0,0,-4.81910137751e-05,-0.18763795495,41.5203094482,42.0000314713,0,0,0,84.0291772554,151017.441483
14.7916666667,-0.00102565239649,0.579487860203,2.40512919426,4.43056342192e-06,2.30970890698e-05,0,0,-4.81910137751e-05,-0.194079458714,41.5203094482,42.0000314713,0,0,0,87.2368674692,151014.11506
14.8027777778,-0.00102565239649,0.579487860203,2.40512919426,4.43056342192e-06,2.30970890698e-05,0,0,-4.81910137751e-05,-0.200644031167,41.5203094482,42.0000314713,0,0,0,90.6192090475,151010.611408
14.8138888889,-0.00102565239649,0.579487860203,2.40512919426,4.43056342192e-06,2.30970890698e-05,0,0,-4.81910137751e-05,-0.207335904241,41.5203094482,42.0000314713,0,0,0,94.1846905267,151006.920821
14.825,-0.00102565239649,0.579487860203,2.40512919426,4.43056342192e-06,2.30970890698e-05,0,0,-4.81910137751e-05,-0.214159399271,41.5203094482,42.0000314713,0,0,0,97.9423627536,151003.035404
14.8361111111,-0.00102565239649,0.579487860203,2.40512919426,4.43056342192e-06,2.30970890698e-05,0,0,-4.81910137751e-05,-0.221118927002,41.5203094482,42.0000314713,0,0,0,101.901689873,150998.9444
14.8472222222,-0.00102565239649,0.579487860203,2.40512919426,4.43056342192e-06,2.30970890698e-05,0,0,-4.81910137751e-05,-0.228218898177,41.5203094482,42.0000314713,0,0,0,106.072596983,150994.638802
14.8583333333,-0.00102565239649,0.579487860203,2.40512919426,4.43056342192e-06,2.30970890698e-05,0,0,-4.81910137751e-05,-0.235463932157,41.5203094482,42.0000314713,0,0,0,110.465558647,150990.10721
14.8694444444,-0.00102565239649,0.579487860203,2.40512919426,4.43056342192e-06,2.30970890698e-05,0,0,-4.81910137751e-05,-0.242858663201,41.5203094482,42.0000314713,0,0,0,115.091595854,150985.338513
14.8805555556,-0.00102565239649,0.579487860203,2.40512919426,4.43056342192e-06,2.30970890698e-05,0,0,-4.81910137751e-05,-0.25040781498,41.5203094482,42.0000314713,0,0,0,119.962242341,150980.321426
14.8916666667,-0.00102565239649,0.579487860203,2.40512919426,4.43056342192e-06,2.30970890698e-05,0,0,-4.81910137751e-05,-0.258116275072,41.5203094482,42.0000314713,0,0,0,125.089658232,150975.043261
14.9027777778,-0.00102565239649,0.579487860203,2.40512919426,4.43056342192e-06,2.30970890698e-05,0,0,-4.81910137751e-05,-0.265988886356,41.5203094482,42.0000314713,0,0,0,130.486547334,150969.491388
14.9138888889,-0.00102565239649,0.579487860203,2.40512919426,4.43056342192e-06,2.30970890698e-05,0,0,-4.81910137751e-05,-0.274030685425,41.5203094482,42.0000314713,0,0,0,136.166322837,150963.652007
14.925,-0.00102565239649,0.579487860203,2.40512919426,4.43056342192e-06,2.30970890698e-05,0,0,-4.81910137751e-05,-0.282246798277,41.5203094482,42.0000314713,0,0,0,142.142977053,150957.511085
14.9361111111,-0.00102565239649,0.579487860203,2.40512919426,4.43056342192e-06,2.30970890698e-05,0,0,-4.81910137751e-05,-0.290642410517,41.5203094482,42.0000314713,0,0,0,148.431149122,150951.053829
14.9472222222,-0.00102565239649,0.579487860203,2.40512919426,4.43056342192e-06,2.30970890698e-05,0,0,-4.81910137751e-05,-0.299222737551,41.5203094482,42.0000314713,0,0,0,155.046339471,150944.264276
14.9583333333,-0.00102565239649,0.579487860203,2.40512919426,4.43056342192e-06,2.30970890698e-05,0,0,-4.81910137751e-05,-0.307993412018,41.5203094482,42.0000314713,0,0,0,162.004660725,150937.126696
14.9694444444,-0.00102565239649,0.579487860203,2.40512919426,4.43056342192e-06,2.30970890698e-05,0,0,-4.81910137751e-05,-0.316959738731,41.5203094482,42.0000314713,0,0,0,169.323019566,150929.623549
14.9805555556,-0.00102565239649,0.579487860203,2.40512919426,4.43056342192e-06,2.30970890698e-05,0,0,-4.81910137751e-05,-0.326127409935,41.5203094482,42.0000314713,0,0,0,177.019165004,150921.736531
14.9916666667,-0.00102565239649,0.579487860203,2.40512919426,4.43056342192e-06,2.30970890698e-05,0,0,-4.81910137751e-05,-0.335502177477,41.5203094482,42.0000314713,0,0,0,185.111657154,150913.447401
15.0027777778,-0.00102565239649,0.579487860203,2.40512919426,4.43056342192e-06,2.30970890698e-05,0,0,-4.81910137751e-05,-0.345089912415,41.5203094482,42.0000314713,0,0,0,193.619838618,150904.735984
15.0138888889,-0.00102565239649,0.579487860203,2.40512919426,4.43056342192e-06,2.30970890698e-05,0,0,-4.81910137751e-05,-0.354896485806,41.5203094482,42.0000314713,0,0,0,202.563990472,150895.582343
15.025,-0.00102565239649,0.579487860203,2.40512919426,4.43056342192e-06,2.30970890698e-05,0,0,-4.81910137751e-05,-0.36492806673,41.5203094482,42.0000314713,0,0,0,211.965355158,150885.96455
15.0361111111,-0.00102565239649,0.579487860203,2.40512919426,4.43056342192e-06,2.30970890698e-05,0,0,-4.81910137751e-05,-0.375190734863,41.5203094482,42.0000314713,0,0,0,221.846219808,150875.860268
15.0472222222,-0.00102565239649,0.579487860203,2.40512919426,4.43056342192e-06,2.30970890698e-05,0,0,-4.81910137751e-05,-0.385690838099,41.5203094482,42.0000314713,0,0,0,232.229673952,150865.246577
15.0583333333,-0.00102565239649,0.579487860203,2.40512919426,4.43056342192e-06,2.30970890698e-05,0,0,-4.81910137751e-05,-0.396434813738,41.5203094482,42.0000314713,0,0,0,243.139820753,150854.098333
15.0694444444,-0.00102565239649,0.579487860203,2.40512919426,4.43056342192e-06,2.30970890698e-05,0,0,-4.81910137751e-05,-0.407429099083,41.5203094482,42.0000314713,0,0,0,254.602085232,150842.389576
15.0805555556,-0.00102565239649,0.579487860203,2.40512919426,4.43056342192e-06,2.30970890698e-05,0,0,-4.81910137751e-05,-0.418680459261,41.5203094482,42.0000314713,0,0,0,266.642657254,150830.094985
15.0916666667,-0.00102565239649,0.579487860203,2.40512919426,4.43056342192e-06,2.30970890698e-05,0,0,-4.81910137751e-05,-0.430195719004,41.5203094482,42.0000314713,0,0,0,279.289138183,150817.186145
15.1027777778,-0.00102565239649,0.579487860203,2.40512919426,4.43056342192e-06,2.30970890698e-05,0,0,-4.81910137751e-05,-0.441981703043,41.5203094482,42.0000314713,0,0,0,292.569992573,150803.633585
15.1138888889,-0.00102565239649,0.579487860203,2.40512919426,4.43056342192e-06,2.30970890698e-05,0,0,-4.81910137751e-05,-0.454045474529,41.5203094482,42.0000314713,0,0,0,306.515061016,150789.408653
15.125,-0.00102565239649,0.579487860203,2.40512919426,4.43056342192e-06,2.30970890698e-05,0,0,-4.81910137751e-05,-0.46639418602,41.5203094482,42.0000314713,0,0,0,321.155381084,150774.478138
15.1361111111,-0.00102565239649,0.579487860203,2.40512919426,4.43056342192e-06,2.30970890698e-05,0,0,-4.81910137751e-05,-0.479034841061,41.5203094482,42.0000314713,0,0,0,336.523087131,150758.810698
15.1472222222,-0.00102565239649,0.579487860203,2.40512919426,4.43056342192e-06,2.30970890698e-05,0,0,-4.81910137751e-05,-0.491975337267,41.5203094482,42.0000314713,0,0,0,352.651582438,150742.372828
15.1583333333,-0.00102565239649,0.579487860203,2.40512919426,4.43056342192e-06,2.30970890698e-05,0,0,-4.81910137751e-05,-0.505223035812,41.5203094482,42.0000314713,0,0,0,369.575831865,150725.12781
15.1694444444,-0.00102565239649,0.579487860203,2.40512919426,4.43056342192e-06,2.30970890698e-05,0,0,-4.81910137751e-05,-0.518785357475,41.5203094482,42.0000314713,0,0,0,387.3317794,150707.040031
15.1805555556,-0.00102565239649,0.579487860203,2.40512919426,4.43056342192e-06,2.30970890698e-05,0,0,-4.81910137751e-05,-0.53267043829,41.5203094482,42.0000314713,0,0,0,405.956874584,150688.071721
15.1916666667,-0.00102565239649,0.579487860203,2.40512919426,4.43056342192e-06,2.30970890698e-05,0,0,-4.81910137751e-05,-0.546886026859,41.5203094482,42.0000314713,0,0,0,425.489926122,150668.18265
15.2027777778,-0.00102565239649,0.579487860203,2.40512919426,4.43056342192e-06,2.30970890698e-05,0,0,-4.81910137751e-05,-0.561440050602,41.5203094482,42.0000314713,0,0,0,445.970951502,150647.333699
15.2138888889,-0.00102565239649,0.579487860203,2.40512919426,4.43056342192e-06,2.30970890698e-05,0,0,-4.81910137751e-05,-0.576340913773,41.5203094482,42.0000314713,0,0,0,467.441190704,150625.483471
15.225,-0.00102565239649,0.579487860203,2.40512919426,4.43056342192e-06,2.30970890698e-05,0,0,-4.81910137751e-05,-0.591596543789,41.5203094482,42.0000314713,0,0,0,489.943549358,150602.586534
15.2361111111,-0.00102565239649,0.579487860203,2.40512919426,4.43056342192e-06,2.30970890698e-05,0,0,-4.81910137751e-05,-0.60721552372,41.5203094482,42.0000314713,0,0,0,513.521888261,150578.600259
15.2472222222,-0.00102565239649,0.579487860203,2.40512919426,4.43056342192e-06,2.30970890698e-05,0,0,-4.81910137751e-05,-0.623205959797,41.5203094482,42.0000314713,0,0,0,538.221412173,150553.478397
15.2583333333,-0.00102565239649,0.579487860203,2.40512919426,4.43056342192e-06,2.30970890698e-05,0,0,-4.81910137751e-05,-0.639576911926,41.5203094482,42.0000314713,0,0,0,564.088984295,150527.172766
15.2694444444,-0.00102565239649,0.579487860203,2.40512919426,4.43056342192e-06,2.30970890698e-05,0,0,-4.81910137751e-05,-0.656336784363,41.5203094482,42.0000314713,0,0,0,591.172282267,150499.635887
15.2805555556,-0.00102565239649,0.579487860203,2.40512919426,4.43056342192e-06,2.30970890698e-05,0,0,-4.81910137751e-05,-0.673494577408,41.5203094482,42.0000314713,0,0,0,619.520247703,150470.818058
15.2916666667,-0.00102565239649,0.579487860203,2.40512919426,4.43056342192e-06,2.30970890698e-05,0,0,-4.81910137751e-05,-0.691058933735,41.5203094482,42.0000314713,0,0,0,649.183126487,150440.668409
15.3027777778,-0.00102565239649,0.579487860203,2.40512919426,4.43056342192e-06,2.30970890698e-05,0,0,-4.81910137751e-05,-0.70903891325,41.5203094482,42.0000314713,0,0,0,680.211789756,150409.135601
15.3138888889,-0.00102565239649,0.579487860203,2.40512919426,4.43056342192e-06,2.30970890698e-05,0,0,-4.81910137751e-05,-0.72744333744,41.5203094482,42.0000314713,0,0,0,712.658882839,150376.166366
15.325,-0.00102565239649,0.579487860203,2.40512919426,4.43056342192e-06,2.30970890698e-05,0,0,-4.81910137751e-05,-0.746281445026,41.5203094482,42.0000314713,0,0,0,746.577067277,150341.706792
15.3361111111,-0.00102565239649,0.579487860203,2.40512919426,4.43056342192e-06,2.30970890698e-05,0,0,-4.81910137751e-05,-0.765562593937,41.5203094482,42.0000314713,0,0,0,782.02006021,150305.703027
15.3472222222,-0.00102565239649,0.579487860203,2.40512919426,4.43056342192e-06,2.30970890698e-05,0,0,-4.81910137751e-05,-0.785295724869,41.5203094482,42.0000314713,0,0,0,819.04211939,150268.099873
15.3583333333,-0.00102565239649,0.579487860203,2.40512919426,4.43056342192e-06,2.30970890698e-05,0,0,-4.81910137751e-05,-0.805490195751,41.5203094482,42.0000314713,0,0,0,857.697859127,150228.841255
15.3694444444,-0.00102565239649,0.579487860203,2.40512919426,4.43056342192e-06,2.30970890698e-05,0,0,-4.81910137751e-05,-0.826155304909,41.5203094482,42.0000314713,0,0,0,898.042729386,150187.871684
15.3805555556,-0.00102565239649,0.579487860203,2.40512919426,4.43056342192e-06,2.30970890698e-05,0,0,-4.81910137751e-05,-0.847299993038,41.5203094482,42.0000314713,0,0,0,940.131265083,150145.135434
15.3916666667,-0.00102565239649,0.579487860203,2.40512919426,4.43056342192e-06,2.30970890698e-05,0,0,-4.81910137751e-05,-0.868933796883,41.5203094482,42.0000314713,0,0,0,984.018363171,150100.577426
15.4027777778,-0.00102565239649,0.579487860203,2.40512919426,4.43056342192e-06,2.30970890698e-05,0,0,-4.81910137751e-05,-0.891065895557,41.5203094482,42.0000314713,0,0,0,1029.75845819,150054.142052
15.4138888889,-0.00102565239649,0.579487860203,2.40512919426,4.43056342192e-06,2.30970890698e-05,0,0,-4.81910137751e-05,-0.913705706596,41.5203094482,42.0000314713,0,0,0,1077.40540247,150005.774934
15.425,-0.00102565239649,0.579487860203,2.40512919426,4.43056342192e-06,2.30970890698e-05,0,0,-4.81910137751e-05,-0.936862111092,41.5203094482,42.0000314713,0,0,0,1127.01110307,149955.422393
15.4361111111,-0.00102565239649,0.579487860203,2.40512919426,4.43056342192e-06,2.30970890698e-05,0,0,-4.81910137751e-05,-0.960544228554,41.5203094482,42.0000314713,0,0,0,1178.6268685,149903.03198
15.4472222222,-0.00102565239649,0.579487860203,2.40512919426,4.43056342192e-06,2.30970890698e-05,0,0,-4.81910137751e-05,-0.984761297703,41.5203094482,42.0000314713,0,0,0,1232.30185043,149848.554024
15.4583333333,-0.00102565239649,0.579487860203,2.40512919426,4.43056342192e-06,2.30970890698e-05,0,0,-4.81910137751e-05,-1.009521842,41.5203094482,42.0000314713,0,0,0,1288.08335957,149791.939992
15.4694444444,-0.00102565239649,0.579487860203,2.40512919426,4.43056342192e-06,2.30970890698e-05,0,0,-4.81910137751e-05,-1.03483498096,41.5203094482,42.0000314713,0,0,0,1346.01500984,149733.145153
15.4805555556,-0.00102565239649,0.579487860203,2.40512919426,4.43056342192e-06,2.30970890698e-05,0,0,-4.81910137751e-05,-1.06070899963,41.5203094482,42.0000314713,0,0,0,1406.13873227,149672.127232
15.4916666667,-0.00102565239649,0.579487860203,2.40512919426,4.43056342192e-06,2.33774862863e-05,0,0,-4.81910137751e-05,-1.08715260029,41.5203094482,42.0000314713,0,0,0,1468.49118896,149608.847169
15.5027777778,-0.00102565239649,0.579487860203,2.40512919426,4.43056342192e-06,2.48462019954e-05,0,0,-4.81910137751e-05,-1.11417365074,41.5203094482,42.0000314713,0,0,0,1533.10690865,149543.270816
15.5138888889,-0.00102565239649,0.579487860203,2.40512919426,4.43056342192e-06,2.57497576968e-05,0,0,-4.81910137751e-05,-1.14178013802,41.5203094482,42.0000314713,0,0,0,1600.01442384,149475.36923
15.525,-0.00102565239649,0.579487860203,2.40512919426,4.43056342192e-06,2.30970890698e-05,0,0,-4.81910137751e-05,-1.15126550198,41.5203094482,42.0000314713,0,0,0,5.15304675721e-05,149451.819012
15.5361111111,-0.00102565239649,0.579487860203,2.40512919426,4.43056342192e-06,2.30970890698e-05,0,0,-4.81910137751e-05,-1.15126550198,41.5203094482,42.0000314713,0,0,0,5.15304538514e-05,149451.817434
15.5472222222,-0.00102565239649,0.579487860203,2.40512919426,4.43056342192e-06,2.30970890698e-05,0,0,-4.81910137751e-05,-1.15126550198,41.5203094482,42.0000314713,0,0,0,5.15304883893e-05,149451.817434
15.5583333333,-0.00102565239649,0.579487860203,2.40512919426,4.43056342192e-06,2.30970890698e-05,0,0,-4.81910137751e-05,-1.15126550198,41.5203094482,42.0000314713,0,0,0,5.15307472965e-05,149451.817434
15.5694444444,-0.00102565239649,0.579487860203,2.40512919426,4.43056342192e-06,2.30970890698e-05,0,0,-4.81910137751e-05,-1.15126550198,41.5203094482,42.0000314713,0,0,0,5.15307585314e-05,149451.817434
15.5805555556,-0.00102565239649,0.579487860203,2.40512919426,4.43056342192e-06,2.30970890698e-05,0,0,-4.81910137751e-05,-1.15126550198,41.5203094482,42.0000314713,0,0,0,5.15304762091e-05,149451.817434
15.5916666667,-0.00102565239649,0.579487860203,2.40512919426,4.43056342192e-06,2.30970890698e-05,0,0,-4.81910137751e-05,-1.15126550198,41.5203094482,42.0000314713,0,0,0,5.15307424634e-05,149451.817434
15.6027777778,-0.00102565239649,0.579487860203,2.40512919426,4.43056342192e-06,2.30970890698e-05,0,0,-4.81910137751e-05,-1.15126550198,41.5203094482,42.0000314713,0,0,0,5.15304773772e-05,149451.817434
15.6138888889,-0.00102565239649,0.579487860203,2.40512919426,4.43056342192e-06,2.30970890698e-05,0,0,-4.81910137751e-05,-1.15126550198,41.5203094482,42.0000314713,0,0,0,5.15304680882e-05,149451.817434
15.625,-0.00102565239649,0.579487860203,2.40512919426,4.43056342192e-06,2.30970890698e-05,0,0,-4.81910137751e-05,-1.15126550198,41.5203094482,42.0000314713,0,0,0,5.15304696622e-05,149451.817434
15.6361111111,-0.00102565239649,0.579487860203,2.40512919426,4.43056342192e-06,2.30970890698e-05,0,0,-4.81910137751e-05,-1.15126550198,41.5203094482,42.0000314713,0,0,0,5.15307723347e-05,149451.817434
15.6472222222,-0.00102565239649,0.579487860203,2.40512919426,4.43056342192e-06,2.30970890698e-05,0,0,-4.81910137751e-05,-1.15126550198,41.5203094482,42.0000314713,0,0,0,5.15306202594e-05,149451.817434
15.6583333333,-0.00102565239649,0.579487860203,2.40512919426,4.43056342192e-06,2.30970890698e-05,0,0,-4.81910137751e-05,-1.15126550198,41.5203094482,42.0000314713,0,0,0,5.15306249128e-05,149451.817434
15.6694444444,-0.00102565239649,0.579487860203,2.40512919426,4.43056342192e-06,2.30970890698e-05,0,0,-4.81910137751e-05,-1.15126550198,41.5203094482,42.0000314713,0,0,0,5.15305028533e-05,149451.817434
15.6805555556,-0.00102565239649,0.579487860203,2.40512919426,4.43056342192e-06,2.30970890698e-05,0,0,-4.81910137751e-05,-1.15126550198,41.5203094482,42.0000314713,0,0,0,5.15304720353e-05,149451.817434
15.6916666667,-0.00102565239649,0.579487860203,2.40512919426,4.43056342192e-06,2.30970890698e-05,0,0,-4.81910137751e-05,-1.15126550198,41.5203094482,42.0000314713,0,0,0,5.15304962461e-05,149451.817434
15.7027777778,-0.00102565239649,0.579487860203,2.40512919426,4.43056342192e-06,2.30970890698e-05,0,0,-4.81910137751e-05,-1.15126550198,41.5203094482,42.0000314713,0,0,0,5.15307273482e-05,149451.817434
15.7138888889,-0.00102565239649,0.579487860203,2.40512919426,4.43056342192e-06,2.30970890698e-05,0,0,-4.81910137751e-05,-1.15126550198,41.5203094482,42.0000314713,0,0,0,5.15306090245e-05,149451.817434
15.725,-0.00102565239649,0.579487860203,2.40512919426,4.43056342192e-06,2.30970890698e-05,0,0,-4.81910137751e-05,-1.15126550198,41.5203094482,42.0000314713,0,0,0,5.15307586134e-05,149451.817434
15.7361111111,-0.00102565239649,0.579487860203,2.40512919426,4.43056342192e-06,2.30970890698e-05,0,0,-4.81910137751e-05,-1.15126550198,41.5203094482,42.0000314713,0,0,0,5.15304962119e-05,149451.817434
15.7472222222,-0.00102565239649,0.579487860203,2.40512919426,4.43056342192e-06,2.30970890698e-05,0,0,-4.81910137751e-05,-1.15126550198,41.5203094482,42.0000314713,0,0,0,5.15307726424e-05,149451.817434
15.7583333333,-0.00102565239649,0.579487860203,2.40512919426,4.43056342192e-06,2.30970890698e-05,0,0,-4.81910137751e-05,-1.15126550198,41.5203094482,42.0000314713,0,0,0,5.15304885555e-05,149451.817434
15.7694444444,-0.00102565239649,0.579487860203,2.40512919426,4.43056342192e-06,2.30970890698e-05,0,0,-4.81910137751e-05,-1.15126550198,41.5203094482,42.0000314713,0,0,0,5.15307391066e-05,149451.817434
15.7805555556,-0.00102565239649,0.579487860203,2.40512919426,4.43056342192e-06,2.30970890698e-05,0,0,-4.81910137751e-05,-1.15126550198,41.5203094482,42.0000314713,0,0,0,5.15306250367e-05,149451.817434
15.7916666667,-0.00102565239649,0.579487860203,2.40512919426,4.43056342192e-06,2.30970890698e-05,0,0,-4.81910137751e-05,-1.15126550198,41.5203094482,42.0000314713,0,0,0,5.15307474015e-05,149451.817434
15.8027777778,-0.00102565239649,0.579487860203,2.40512919426,4.43056342192e-06,2.30970890698e-05,0,0,-4.81910137751e-05,-1.15126550198,41.5203094482,42.0000314713,0,0,0,5.15305024935e-05,149451.817434
15.8138888889,-0.00102565239649,0.579487860203,2.40512919426,4.43056342192e-06,2.30970890698e-05,0,0,-4.81910137751e-05,-1.15126550198,41.5203094482,42.0000314713,0,0,0,5.15307726356e-05,149451.817434
15.825,-0.00102565239649,0.579487860203,2.40512919426,4.43056342192e-06,2.30970890698e-05,0,0,-4.81910137751e-05,-1.15126550198,41.5203094482,42.0000314713,0,0,0,5.15299057228e-05,149451.817434
15.8361111111,-0.00102565239649,0.579487860203,2.40512919426,4.43056342192e-06,2.30970890698e-05,0,0,-4.81910137751e-05,-1.15126550198,41.5203094482,42.0000314713,0,0,0,5.15302714244e-05,149451.817434
15.8472222222,-0.00102565239649,0.579487860203,2.40512919426,4.43056342192e-06,2.30970890698e-05,0,0,-4.81910137751e-05,-1.15126550198,41.5203094482,42.0000314713,0,0,0,5.15314866479e-05,149451.817434
15.8583333333,-0.00102565239649,0.579487860203,2.40512919426,4.43056342192e-06,2.30970890698e-05,0,0,-4.81910137751e-05,-1.15126550198,41.5203094482,42.0000314713,0,0,0,5.15302511937e-05,149451.817434
15.8694444444,-0.00102565239649,0.579487860203,2.40512919426,4.43056342192e-06,2.30970890698e-05,0,0,-4.81910137751e-05,-1.15126550198,41.5203094482,42.0000314713,0,0,0,5.15303843995e-05,149451.817434
15.8805555556,-0.00102565239649,0.579487860203,2.40512919426,4.43056342192e-06,2.30970890698e-05,0,0,-4.81910137751e-05,-1.15126550198,41.5203094482,42.0000314713,0,0,0,5.15306202929e-05,149451.817434
15.8916666667,-0.00102565239649,0.579487860203,2.40512919426,4.43056342192e-06,2.30970890698e-05,0,0,-4.81910137751e-05,-1.15126550198,41.5203094482,42.0000314713,0,0,0,5.15305902922e-05,149451.817434
15.9027777778,-0.00102565239649,0.579487860203,2.40512919426,4.43056342192e-06,2.30970890698e-05,0,0,-4.81910137751e-05,-1.15126550198,41.5203094482,42.0000314713,0,0,0,5.15304761329e-05,149451.817434
15.9138888889,-0.00102565239649,0.579487860203,2.40512919426,4.43056342192e-06,2.30970890698e-05,0,0,-4.81910137751e-05,-1.15126550198,41.5203094482,42.0000314713,0,0,0,5.15305865866e-05,149451.817434
15.925,-0.00102565239649,0.579487860203,2.40512919426,4.43056342192e-06,2.30970890698e-05,0,0,-4.81910137751e-05,-1.15126550198,41.5203094482,42.0000314713,0,0,0,5.15297163851e-05,149451.817434
15.9361111111,-0.00102565239649,0.579487860203,2.40512919426,4.43056342192e-06,2.30970890698e-05,0,0,-4.81910137751e-05,-1.15126550198,41.5203094482,42.0000314713,0,0,0,5.15303835851e-05,149451.817434
15.9472222222,-0.00102565239649,0.579487860203,2.40512919426,4.43056342192e-06,2.30970890698e-05,0,0,-4.81910137751e-05,-1.15126550198,41.5203094482,42.0000314713,0,0,0,5.15309960705e-05,149451.817434
15.9583333333,-0.00102565239649,0.579487860203,2.40512919426,4.43056342192e-06,2.30970890698e-05,0,0,-4.81910137751e-05,-1.15126550198,41.5203094482,42.0000314713,0,0,0,5.15303212761e-05,149451.817434
15.9694444444,-0.00102565239649,0.579487860203,2.40512919426,4.43056342192e-06,2.30970890698e-05,0,0,-4.81910137751e-05,-1.15126550198,41.5203094482,42.0000314713,0,0,0,5.15308901197e-05,149451.817434
15.9805555556,-0.00102565239649,0.579487860203,2.40512919426,4.43056342192e-06,2.30970890698e-05,0,0,-4.81910137751e-05,-1.15126550198,41.5203094482,42.0000314713,0,0,0,5.15311105344e-05,149451.817434
15.9916666667,-0.00102565239649,0.579487860203,2.40512919426,4.43056342192e-06,2.30970890698e-05,0,0,-4.81910137751e-05,-1.15126550198,41.5203094482,42.0000314713,0,0,0,5.15294498965e-05,149451.817434
16.0027777778,-0.00102565239649,0.579487860203,2.40512919426,4.43056342192e-06,2.30970890698e-05,0,0,-4.81910137751e-05,-1.15126550198,41.5203094482,42.0000314713,0,0,0,5.15311927374e-05,149451.817434
16.0138888889,-0.00102565239649,0.579487860203,2.40512919426,4.43056342192e-06,2.30970890698e-05,0,0,-4.81910137751e-05,-1.15126550198,41.5203094482,42.0000314713,0,0,0,5.15295205448e-05,149451.817434
16.025,-0.00102565239649,0.579487860203,2.40512919426,4.43056342192e-06,2.30970890698e-05,0,0,-4.81910137751e-05,-1.15126550198,41.5203094482,42.0000314713,0,0,0,5.15299628606e-05,149451.817434
16.0361111111,-0.00102565239649,0.579487860203,2.40512919426,4.43056342192e-06,2.30970890698e-05,0,0,-4.81910137751e-05,-1.15126550198,41.5203094482,42.0000314713,0,0,0,5.15302013619e-05,149451.817434
16.0472222222,-0.00102565239649,0.579487860203,2.40512919426,4.43056342192e-06,2.30970890698e-05,0,0,-4.81910137751e-05,-1.15126550198,41.5203094482,42.0000314713,0,0,0,5.15310034829e-05,149451.817434
16.0583333333,-0.00102565239649,0.579487860203,2.40512919426,4.43056342192e-06,2.30970890698e-05,0,0,-4.81910137751e-05,-1.15126550198,41.5203094482,42.0000314713,0,0,0,5.1531132772e-05,149451.817434
16.0694444444,-0.00102565239649,0.579487860203,2.40512919426,4.43056342192e-06,2.30970890698e-05,0,0,-4.81910137751e-05,-1.15126550198,41.5203094482,42.0000314713,0,0,0,5.15315918272e-05,149451.817434
16.0805555556,-0.00102565239649,0.579487860203,2.40512919426,4.43056342192e-06,2.30970890698e-05,0,0,-4.81910137751e-05,-1.15126550198,41.5203094482,42.0000314713,0,0,0,5.15314137706e-05,149451.817434
16.0916666667,-0.00102565239649,0.579487860203,2.40512919426,4.43056342192e-06,2.30970890698e-05,0,0,-4.81910137751e-05,-1.15126550198,41.5203094482,42.0000314713,0,0,0,5.15300515664e-05,149451.817434
16.1027777778,-0.00102565239649,0.579487860203,2.40512919426,4.43056342192e-06,2.30970890698e-05,0,0,-4.81910137751e-05,-1.15126550198,41.5203094482,42.0000314713,0,0,0,5.15316918001e-05,149451.817434
16.1138888889,-0.00102565239649,0.579487860203,2.40512919426,4.43056342192e-06,2.30970890698e-05,0,0,-4.81910137751e-05,-1.15126550198,41.5203094482,42.0000314713,0,0,0,5.15313988011e-05,149451.817434
16.125,-0.00102565239649,0.579487860203,2.40512919426,4.43056342192e-06,2.30970890698e-05,0,0,-4.81910137751e-05,-1.15126550198,41.5203094482,42.0000314713,0,0,0,5.15314087967e-05,149451.817434
16.1361111111,-0.00102565239649,0.579487860203,2.40512919426,4.43056342192e-06,2.30970890698e-05,0,0,-4.81910137751e-05,-1.15126550198,41.5203094482,42.0000314713,0,0,0,5.15313864387e-05,149451.817434
16.1472222222,-0.00102565239649,0.579487860203,2.40512919426,4.43056342192e-06,2.30970890698e-05,0,0,-4.81910137751e-05,-1.15126550198,41.5203094482,42.0000314713,0,0,0,5.15314086945e-05,149451.817434
16.1583333333,-0.00102565239649,0.579487860203,2.40512919426,4.43056342192e-06,2.30970890698e-05,0,0,-4.81910137751e-05,-1.15126550198,41.5203094482,42.0000314713,0,0,0,5.15313988011e-05,149451.817434
16.1694444444,-0.00102565239649,0.579487860203,2.40512919426,4.43056342192e-06,2.30970890698e-05,0,0,-4.81910137751e-05,-1.15126550198,41.5203094482,42.0000314713,0,0,0,5.15314058353e-05,149451.817434
16.1805555556,-0.00102565239649,0.579487860203,2.40512919426,4.43056342192e-06,2.30970890698e-05,0,0,-4.81910137751e-05,-1.15126550198,41.5203094482,42.0000314713,0,0,0,5.15315193181e-05,149451.817434
16.1916666667,-0.00102565239649,0.579487860203,2.40512919426,4.43056342192e-06,2.30970890698e-05,0,0,-4.81910137751e-05,-1.15126550198,41.5203094482,42.0000314713,0,0,0,5.15313701378e-05,149451.817434
16.2027777778,-0.00102565239649,0.579487860203,2.40512919426,4.43056342192e-06,2.30970890698e-05,0,0,-4.81910137751e-05,-1.15126550198,41.5203094482,42.0000314713,0,0,0,5.15313787562e-05,149451.817434
16.2138888889,-0.00102565239649,0.579487860203,2.40512919426,4.43056342192e-06,2.30970890698e-05,0,0,-4.81910137751e-05,-1.15126550198,41.5203094482,42.0000314713,0,0,0,5.15313783379e-05,149451.817434
16.225,-0.00102565239649,0.579487860203,2.40512919426,4.43056342192e-06,2.30970890698e-05,0,0,-4.81910137751e-05,-1.15126550198,41.5203094482,42.0000314713,0,0,0,5.15313788117e-05,149451.817434
16.2361111111,-0.00102565239649,0.579487860203,2.40512919426,4.43056342192e-06,2.30970890698e-05,0,0,-4.81910137751e-05,-1.15126550198,41.5203094482,42.0000314713,0,0,0,5.15313784222e-05,149451.817434
16.2472222222,-0.00102565239649,0.579487860203,2.40512919426,4.43056342192e-06,2.30970890698e-05,0,0,-4.81910137751e-05,-1.15126550198,41.5203094482,42.0000314713,0,0,0,5.15313719185e-05,149451.817434
16.2583333333,-0.00102565239649,0.579487860203,2.40512919426,4.43056342192e-06,2.30970890698e-05,0,0,-4.81910137751e-05,-1.15126550198,41.5203094482,42.0000314713,0,0,0,5.15314087822e-05,149451.817434
16.2694444444,-0.00102565239649,0.579487860203,2.40512919426,4.43056342192e-06,2.30970890698e-05,0,0,-4.81910137751e-05,-1.15126550198,41.5203094482,42.0000314713,0,0,0,5.15313782824e-05,149451.817434
16.2805555556,-0.00102565239649,0.579487860203,2.40512919426,4.43056342192e-06,2.30970890698e-05,0,0,-4.81910137751e-05,-1.15126550198,41.5203094482,42.0000314713,0,0,0,5.15314122997e-05,149451.817434
16.2916666667,-0.00102565239649,0.579487860203,2.40512919426,4.43056342192e-06,2.30970890698e-05,0,0,-4.81910137751e-05,-1.15126550198,41.5203094482,42.0000314713,0,0,0,5.15314085188e-05,149451.817434
16.3027777778,-0.00102565239649,0.579487860203,2.40512919426,4.43056342192e-06,2.30970890698e-05,0,0,-4.81910137751e-05,-1.15126550198,41.5203094482,42.0000314713,0,0,0,5.15315194007e-05,149451.817434
16.3138888889,-0.00102565239649,0.579487860203,2.40512919426,4.43056342192e-06,2.30970890698e-05,0,0,-4.81910137751e-05,-1.15126550198,41.5203094482,42.0000314713,0,0,0,5.15313987584e-05,149451.817434
16.325,-0.00102565239649,0.579487860203,2.40512919426,4.43056342192e-06,2.30970890698e-05,0,0,-4.81910137751e-05,-1.15126550198,41.5203094482,42.0000314713,0,0,0,5.15316688089e-05,149451.817434
16.3361111111,-0.00102565239649,0.579487860203,2.40512919426,4.43056342192e-06,2.30970890698e-05,0,0,-4.81910137751e-05,-1.15126550198,41.5203094482,42.0000314713,0,0,0,5.15314065452e-05,149451.817434
16.3472222222,-0.00102565239649,0.579487860203,2.40512919426,4.43056342192e-06,2.30970890698e-05,0,0,-4.81910137751e-05,-1.15126550198,41.5203094482,42.0000314713,0,0,0,5.15313864313e-05,149451.817434
16.3583333333,-0.00102565239649,0.579487860203,2.40512919426,4.43056342192e-06,2.30970890698e-05,0,0,-4.81910137751e-05,-1.15126550198,41.5203094482,42.0000314713,0,0,0,5.15315274525e-05,149451.817434
16.3694444444,-0.00102565239649,0.579487860203,2.40512919426,4.43056342192e-06,2.30970890698e-05,0,0,-4.81910137751e-05,-1.15126550198,41.5203094482,42.0000314713,0,0,0,5.15313982988e-05,149451.817434
16.3805555556,-0.00102565239649,0.579487860203,2.40512919426,4.43056342192e-06,2.30970890698e-05,0,0,-4.81910137751e-05,-1.15126550198,41.5203094482,42.0000314713,0,0,0,5.15316488648e-05,149451.817434
16.3916666667,-0.00102565239649,0.579487860203,2.40512919426,4.43056342192e-06,2.30970890698e-05,0,0,-4.81910137751e-05,-1.15126550198,41.5203094482,42.0000314713,0,0,0,5.15315349901e-05,149451.817434
16.4027777778,-0.00102565239649,0.579487860203,2.40512919426,4.43056342192e-06,2.30970890698e-05,0,0,-4.81910137751e-05,-1.15126550198,41.5203094482,42.0000314713,0,0,0,5.15313866279e-05,149451.817434
16.4138888889,-0.00102565239649,0.579487860203,2.40512919426,4.43056342192e-06,2.30970890698e-05,0,0,-4.81910137751e-05,-1.15126550198,41.5203094482,42.0000314713,0,0,0,5.15315193036e-05,149451.817434
16.425,-0.00102565239649,0.579487860203,2.40512919426,4.43056342192e-06,2.30970890698e-05,0,0,-4.81910137751e-05,-1.15126550198,41.5203094482,42.0000314713,0,0,0,5.15316487599e-05,149451.817434
16.4361111111,-0.00102565239649,0.579487860203,2.40512919426,4.43056342192e-06,2.30970890698e-05,0,0,-4.81910137751e-05,-1.15126550198,41.5203094482,42.0000314713,0,0,0,5.15313987036e-05,149451.817434
16.4472222222,-0.00102565239649,0.579487860203,2.40512919426,4.43056342192e-06,2.30970890698e-05,0,0,-4.81910137751e-05,-1.15126550198,41.5203094482,42.0000314713,0,0,0,5.15315270768e-05,149451.817434
16.4583333333,-0.00102565239649,0.579487860203,2.40512919426,4.43056342192e-06,2.30970890698e-05,0,0,-4.81910137751e-05,-1.15126550198,41.5203094482,42.0000314713,0,0,0,5.15316828488e-05,149451.817434
16.4694444444,-0.00102565239649,0.579487860203,2.40512919426,4.43056342192e-06,2.30970890698e-05,0,0,-4.81910137751e-05,-1.15126550198,41.5203094482,42.0000314713,0,0,0,5.15316644303e-05,149451.817434
16.4805555556,-0.00102565239649,0.579487860203,2.40512919426,4.43056342192e-06,2.30970890698e-05,0,0,-4.81910137751e-05,-1.15126550198,41.5203094482,42.0000314713,0,0,0,5.15315272856e-05,149451.817434
16.4916666667,-0.00102565239649,0.579487860203,2.40512919426,4.43056342192e-06,2.30970890698e-05,0,0,-4.81910137751e-05,-1.15126550198,41.5203094482,42.0000314713,0,0,0,5.15316566448e-05,149451.817434
16.5027777778,-0.00102565239649,0.579487860203,2.40512919426,4.43056342192e-06,2.30970890698e-05,0,0,-4.81910137751e-05,-1.15126550198,41.5203094482,42.0000314713,0,0,0,5.15315420306e-05,149451.817434
16.5138888889,-0.00102565239649,0.579487860203,2.40512919426,4.43056342192e-06,2.30970890698e-05,0,0,-4.81910137751e-05,-1.15126550198,41.5203094482,42.0000314713,0,0,0,5.15313984789e-05,149451.817434
16.525,-0.00102565239649,0.579487860203,2.40512919426,4.43056342192e-06,2.30970890698e-05,0,0,-4.81910137751e-05,-1.15126550198,41.5203094482,42.0000314713,0,0,0,5.15299414915e-05,149451.817434
16.5361111111,-0.00102565239649,0.579487860203,2.40512919426,4.43056342192e-06,2.30970890698e-05,0,0,-4.81910137751e-05,-1.15126550198,41.5203094482,42.0000314713,0,0,0,5.15312483488e-05,149451.817434
16.5472222222,-0.00102565239649,0.579487860203,2.40512919426,4.43056342192e-06,2.30970890698e-05,0,0,-4.81910137751e-05,-1.15126550198,41.5203094482,42.0000314713,0,0,0,5.1531136548e-05,149451.817434
16.5583333333,-0.00102565239649,0.579487860203,2.40512919426,4.43056342192e-06,2.30970890698e-05,0,0,-4.81910137751e-05,-1.15126550198,41.5203094482,42.0000314713,0,0,0,5.15299844516e-05,149451.817434
16.5694444444,-0.00102565239649,0.579487860203,2.40512919426,4.43056342192e-06,2.30970890698e-05,0,0,-4.81910137751e-05,-1.15126550198,41.5203094482,42.0000314713,0,0,0,5.15301865176e-05,149451.817434
16.5805555556,-0.00102565239649,0.579487860203,2.40512919426,4.43056342192e-06,2.30970890698e-05,0,0,-4.81910137751e-05,-1.15126550198,41.5203094482,42.0000314713,0,0,0,5.15301904941e-05,149451.817434
16.5916666667,-0.00102565239649,0.579487860203,2.40512919426,4.43056342192e-06,2.30970890698e-05,0,0,-4.81910137751e-05,-1.15126550198,41.5203094482,42.0000314713,0,0,0,5.15301747344e-05,149451.817434
16.6027777778,-0.00102565239649,0.579487860203,2.40512919426,4.43056342192e-06,2.30970890698e-05,0,0,-4.81910137751e-05,-1.15126550198,41.5203094482,42.0000314713,0,0,0,5.15300644811e-05,149451.817434
16.6138888889,-0.00102565239649,0.579487860203,2.40512919426,4.43056342192e-06,2.30970890698e-05,0,0,-4.81910137751e-05,-1.15126550198,41.5203094482,42.0000314713,0,0,0,5.15297877677e-05,149451.817434
16.625,-0.00102565239649,0.579487860203,2.40512919426,4.43056342192e-06,2.30970890698e-05,0,0,-4.81910137751e-05,-1.15126550198,41.5203094482,42.0000314713,0,0,0,5.15299539135e-05,149451.817434
16.6361111111,-0.00102565239649,0.579487860203,2.40512919426,4.43056342192e-06,2.30970890698e-05,0,0,-4.81910137751e-05,-1.15126550198,41.5203094482,42.0000314713,0,0,0,5.15297614149e-05,149451.817434
16.6472222222,-0.00102565239649,0.579487860203,2.40512919426,4.43056342192e-06,2.30970890698e-05,0,0,-4.81910137751e-05,-1.15126550198,41.5203094482,42.0000314713,0,0,0,5.15298358524e-05,149451.817434
16.6583333333,-0.00102565239649,0.579487860203,2.40512919426,4.43056342192e-06,2.30970890698e-05,0,0,-4.81910137751e-05,-1.15126550198,41.5203094482,42.0000314713,0,0,0,5.15296918874e-05,149451.817434
16.6694444444,-0.00102565239649,0.579487860203,2.40512919426,4.43056342192e-06,2.30970890698e-05,0,0,-4.81910137751e-05,-1.15126550198,41.5203094482,42.0000314713,0,0,0,5.15299539984e-05,149451.817434
16.6805555556,-0.00102565239649,0.579487860203,2.40512919426,4.43056342192e-06,2.30970890698e-05,0,0,-4.81910137751e-05,-1.15126550198,41.5203094482,42.0000314713,0,0,0,5.15299539706e-05,149451.817434
16.6916666667,-0.00102565239649,0.579487860203,2.40512919426,4.43056342192e-06,2.30970890698e-05,0,0,-4.81910137751e-05,-1.15126550198,41.5203094482,42.0000314713,0,0,0,5.15299249068e-05,149451.817434
16.7027777778,-0.00102565239649,0.579487860203,2.40512919426,4.43056342192e-06,2.30970890698e-05,0,0,-4.81910137751e-05,-1.15126550198,41.5203094482,42.0000314713,0,0,0,5.15300340337e-05,149451.817434
16.7138888889,-0.00102565239649,0.579487860203,2.40512919426,4.43056342192e-06,2.30970890698e-05,0,0,-4.81910137751e-05,-1.15126550198,41.5203094482,42.0000314713,0,0,0,5.15299342005e-05,149451.817434
16.725,-0.00102565239649,0.579487860203,2.40512919426,4.43056342192e-06,2.30970890698e-05,0,0,-4.81910137751e-05,-1.15126550198,41.5203094482,42.0000314713,0,0,0,5.15300524813e-05,149451.817434
16.7361111111,-0.00102565239649,0.579487860203,2.40512919426,4.43056342192e-06,2.30970890698e-05,0,0,-4.81910137751e-05,-1.15126550198,41.5203094482,42.0000314713,0,0,0,5.15300643907e-05,149451.817434
16.7472222222,-0.00102565239649,0.579487860203,2.40512919426,4.43056342192e-06,2.30970890698e-05,0,0,-4.81910137751e-05,-1.15126550198,41.5203094482,42.0000314713,0,0,0,5.15299247112e-05,149451.817434
16.7583333333,-0.00102565239649,0.579487860203,2.40512919426,4.43056342192e-06,2.30970890698e-05,0,0,-4.81910137751e-05,-1.15126550198,41.5203094482,42.0000314713,0,0,0,5.15299417423e-05,149451.817434
16.7694444444,-0.00102565239649,0.579487860203,2.40512919426,4.43056342192e-06,2.30970890698e-05,0,0,-4.81910137751e-05,-1.15126550198,41.5203094482,42.0000314713,0,0,0,5.1529896007e-05,149451.817434
16.7805555556,-0.00102565239649,0.579487860203,2.40512919426,4.43056342192e-06,2.30970890698e-05,0,0,-4.81910137751e-05,-1.15126550198,41.5203094482,42.0000314713,0,0,0,5.15297942232e-05,149451.817434
16.7916666667,-0.00102565239649,0.579487860203,2.40512919426,4.43056342192e-06,2.30970890698e-05,0,0,-4.81910137751e-05,-1.15126550198,41.5203094482,42.0000314713,0,0,0,5.15299339291e-05,149451.817434
16.8027777778,-0.00102565239649,0.579487860203,2.40512919426,4.43056342192e-06,2.30970890698e-05,0,0,-4.81910137751e-05,-1.15126550198,41.5203094482,42.0000314713,0,0,0,5.15299418536e-05,149451.817434
16.8138888889,-0.00102565239649,0.579487860203,2.40512919426,4.43056342192e-06,2.30970890698e-05,0,0,-4.81910137751e-05,-1.15126550198,41.5203094482,42.0000314713,0,0,0,5.15302161527e-05,149451.817434
16.825,-0.00102565239649,0.579487860203,2.40512919426,4.43056342192e-06,2.30970890698e-05,0,0,-4.81910137751e-05,-1.15126550198,41.5203094482,42.0000314713,0,0,0,5.15300463324e-05,149451.817434
16.8361111111,-0.00102565239649,0.579487860203,2.40512919426,4.43056342192e-06,2.30970890698e-05,0,0,-4.81910137751e-05,-1.15126550198,41.5203094482,42.0000314713,0,0,0,5.1530052449e-05,149451.817434
16.8472222222,-0.00102565239649,0.579487860203,2.40512919426,4.43056342192e-06,2.30970890698e-05,0,0,-4.81910137751e-05,-1.15126550198,41.5203094482,42.0000314713,0,0,0,5.15300649701e-05,149451.817434
16.8583333333,-0.00102565239649,0.579487860203,2.40512919426,4.43056342192e-06,2.30970890698e-05,0,0,-4.81910137751e-05,-1.15126550198,41.5203094482,42.0000314713,0,0,0,5.15313988011e-05,149451.817434
16.8694444444,-0.00102565239649,0.579487860203,2.40512919426,4.43056342192e-06,2.30970890698e-05,0,0,-4.81910137751e-05,-1.15126550198,41.5203094482,42.0000314713,0,0,0,5.15313866272e-05,149451.817434
16.8805555556,-0.00102565239649,0.579487860203,2.40512919426,4.43056342192e-06,2.30970890698e-05,0,0,-4.81910137751e-05,-1.15126550198,41.5203094482,42.0000314713,0,0,0,5.15313988908e-05,149451.817434
16.8916666667,-0.00102565239649,0.579487860203,2.40512919426,4.43056342192e-06,2.30970890698e-05,0,0,-4.81910137751e-05,-1.15126550198,41.5203094482,42.0000314713,0,0,0,5.1531640744e-05,149451.817434
16.9027777778,-0.00102565239649,0.579487860203,2.40512919426,4.43056342192e-06,2.30970890698e-05,0,0,-4.81910137751e-05,-1.15126550198,41.5203094482,42.0000314713,0,0,0,5.15315273966e-05,149451.817434
16.9138888889,-0.00102565239649,0.579487860203,2.40512919426,4.43056342192e-06,2.30970890698e-05,0,0,-4.81910137751e-05,-1.15126550198,41.5203094482,42.0000314713,0,0,0,5.15313785897e-05,149451.817434
16.925,-0.00102565239649,0.579487860203,2.40512919426,4.43056342192e-06,2.30970890698e-05,0,0,-4.81910137751e-05,-1.15126550198,41.5203094482,42.0000314713,0,0,0,5.15315272437e-05,149451.817434
16.9361111111,-0.00102565239649,0.579487860203,2.40512919426,4.43056342192e-06,2.30970890698e-05,0,0,-4.81910137751e-05,-1.15126550198,41.5203094482,42.0000314713,0,0,0,5.15313867105e-05,149451.817434
16.9472222222,-0.00102565239649,0.579487860203,2.40512919426,4.43056342192e-06,2.30970890698e-05,0,0,-4.81910137751e-05,-1.15126550198,41.5203094482,42.0000314713,0,0,0,5.15316565338e-05,149451.817434
16.9583333333,-0.00102565239649,0.579487860203,2.40512919426,4.43056342192e-06,2.30970890698e-05,0,0,-4.81910137751e-05,-1.15126550198,41.5203094482,42.0000314713,0,0,0,5.15313866966e-05,149451.817434
16.9694444444,-0.00102565239649,0.579487860203,2.40512919426,4.43056342192e-06,2.30970890698e-05,0,0,-4.81910137751e-05,-1.15126550198,41.5203094482,42.0000314713,0,0,0,5.15314065242e-05,149451.817434
16.9805555556,-0.00102565239649,0.579487860203,2.40512919426,4.43056342192e-06,2.30970890698e-05,0,0,-4.81910137751e-05,-1.15126550198,41.5203094482,42.0000314713,0,0,0,5.15313664426e-05,149451.817434
16.9916666667,-0.00102565239649,0.579487860203,2.40512919426,4.43056342192e-06,2.30970890698e-05,0,0,-4.81910137751e-05,-1.15126550198,41.5203094482,42.0000314713,0,0,0,5.15316487389e-05,149451.817434
17.0027777778,-0.00102565239649,0.579487860203,2.40512919426,4.43056342192e-06,2.30970890698e-05,0,0,-4.81910137751e-05,-1.15126550198,41.5203094482,42.0000314713,0,0,0,5.15316486831e-05,149451.817434
17.0138888889,-0.00102565239649,0.579487860203,2.40512919426,4.43056342192e-06,2.30970890698e-05,0,0,-4.81910137751e-05,-1.15126550198,41.5203094482,42.0000314713,0,0,0,5.15315347813e-05,149451.817434
17.025,-0.00102565239649,0.579487860203,2.40512919426,4.43056342192e-06,2.30970890698e-05,0,0,-4.81910137751e-05,-1.15126550198,41.5203094482,42.0000314713,0,0,0,5.15312600927e-05,149451.817434
17.0361111111,-0.00102565239649,0.579487860203,2.40512919426,4.43056342192e-06,2.30970890698e-05,0,0,-4.81910137751e-05,-1.15126550198,41.5203094482,42.0000314713,0,0,0,5.15312681164e-05,149451.817434
17.0472222222,-0.00102565239649,0.579487860203,2.40512919426,4.43056342192e-06,2.30970890698e-05,0,0,-4.81910137751e-05,-1.15126550198,41.5203094482,42.0000314713,0,0,0,5.15312486831e-05,149451.817434
17.0583333333,-0.00102565239649,0.579487860203,2.40512919426,4.43056342192e-06,2.30970890698e-05,0,0,-4.81910137751e-05,-1.15126550198,41.5203094482,42.0000314713,0,0,0,5.1531526735e-05,149451.817434
17.0694444444,-0.00102565239649,0.579487860203,2.40512919426,4.43056342192e-06,2.30970890698e-05,0,0,-4.81910137751e-05,-1.15126550198,41.5203094482,42.0000314713,0,0,0,5.15314067673e-05,149451.817434
17.0805555556,-0.00102565239649,0.579487860203,2.40512919426,4.43056342192e-06,2.30970890698e-05,0,0,-4.81910137751e-05,-1.15126550198,41.5203094482,42.0000314713,0,0,0,5.15313987023e-05,149451.817434
17.0916666667,-0.00102565239649,0.579487860203,2.40512919426,4.43056342192e-06,2.30970890698e-05,0,0,-4.81910137751e-05,-1.15126550198,41.5203094482,42.0000314713,0,0,0,5.15315346832e-05,149451.817434
17.1027777778,-0.00102565239649,0.579487860203,2.40512919426,4.43056342192e-06,2.30970890698e-05,0,0,-4.81910137751e-05,-1.15126550198,41.5203094482,42.0000314713,0,0,0,5.15315188717e-05,149451.817434
17.1138888889,-0.00102565239649,0.579487860203,2.40512919426,4.43056342192e-06,2.30970890698e-05,0,0,-4.81910137751e-05,-1.15126550198,41.5203094482,42.0000314713,0,0,0,5.15314104449e-05,149451.817434
17.125,-0.00102565239649,0.579487860203,2.40512919426,4.43056342192e-06,2.30970890698e-05,0,0,-4.81910137751e-05,-1.15126550198,41.5203094482,42.0000314713,0,0,0,5.15315270897e-05,149451.817434
17.1361111111,-0.00102565239649,0.579487860203,2.40512919426,4.43056342192e-06,2.30970890698e-05,0,0,-4.81910137751e-05,-1.15126550198,41.5203094482,42.0000314713,0,0,0,5.15313783386e-05,149451.817434
17.1472222222,-0.00102565239649,0.579487860203,2.40512919426,4.43056342192e-06,2.30970890698e-05,0,0,-4.81910137751e-05,-1.15126550198,41.5203094482,42.0000314713,0,0,0,5.1531406461e-05,149451.817434
17.1583333333,-0.00102565239649,0.579487860203,2.40512919426,4.43056342192e-06,2.30970890698e-05,0,0,-4.81910137751e-05,-1.15126550198,41.5203094482,42.0000314713,0,0,0,5.15313864313e-05,149451.817434
17.1694444444,-0.00102565239649,0.579487860203,2.40512919426,4.43056342192e-06,2.30970890698e-05,0,0,-4.81910137751e-05,-1.15126550198,41.5203094482,42.0000314713,0,0,0,5.15315268382e-05,149451.817434
17.1805555556,-0.00102565239649,0.579487860203,2.40512919426,4.43056342192e-06,2.30970890698e-05,0,0,-4.81910137751e-05,-1.15126550198,41.5203094482,42.0000314713,0,0,0,5.15313783585e-05,149451.817434
17.1916666667,-0.00102565239649,0.579487860203,2.40512919426,4.43056342192e-06,2.30970890698e-05,0,0,-4.81910137751e-05,-1.15126550198,41.5203094482,42.0000314713,0,0,0,5.15313663523e-05,149451.817434
17.2027777778,-0.00102565239649,0.579487860203,2.40512919426,4.43056342192e-06,2.30970890698e-05,0,0,-4.81910137751e-05,-1.15126550198,41.5203094482,42.0000314713,0,0,0,5.15312479524e-05,149451.817434
17.2138888889,-0.00102565239649,0.579487860203,2.40512919426,4.43056342192e-06,2.30970890698e-05,0,0,-4.81910137751e-05,-1.15126550198,41.5203094482,42.0000314713,0,0,0,5.1531248341e-05,149451.817434
17.225,-0.00102565239649,0.579487860203,2.40512919426,4.43056342192e-06,2.30970890698e-05,0,0,-4.81910137751e-05,-1.15126550198,41.5203094482,42.0000314713,0,0,0,5.15315343694e-05,149451.817434
17.2361111111,-0.00102565239649,0.579487860203,2.40512919426,4.43056342192e-06,2.30970890698e-05,0,0,-4.81910137751e-05,-1.15126550198,41.5203094482,42.0000314713,0,0,0,5.15303285099e-05,149451.817434
17.2472222222,-0.00102565239649,0.579487860203,2.40512919426,4.43056342192e-06,2.30970890698e-05,0,0,-4.81910137751e-05,-1.15126550198,41.5203094482,42.0000314713,0,0,0,5.15301794831e-05,149451.817434
17.2583333333,-0.00102565239649,0.579487860203,2.40512919426,4.43056342192e-06,2.30970890698e-05,0,0,-4.81910137751e-05,-1.15126550198,41.5203094482,42.0000314713,0,0,0,5.15298892259e-05,149451.817434
17.2694444444,-0.00102565239649,0.579487860203,2.40512919426,4.43056342192e-06,2.30970890698e-05,0,0,-4.81910137751e-05,-1.15126550198,41.5203094482,42.0000314713,0,0,0,5.1529889448e-05,149451.817434
17.2805555556,-0.00102565239649,0.579487860203,2.40512919426,4.43056342192e-06,2.30970890698e-05,0,0,-4.81910137751e-05,-1.15126550198,41.5203094482,42.0000314713,0,0,0,5.15302728733e-05,149451.817434
17.2916666667,-0.00102565239649,0.579487860203,2.40512919426,4.43056342192e-06,2.30970890698e-05,0,0,-4.81910137751e-05,-1.15126550198,41.5203094482,42.0000314713,0,0,0,5.15301407043e-05,149451.817434
17.3027777778,-0.00102565239649,0.579487860203,2.40512919426,4.43056342192e-06,2.30970890698e-05,0,0,-4.81910137751e-05,-1.15126550198,41.5203094482,42.0000314713,0,0,0,5.15302596376e-05,149451.817434
17.3138888889,-0.00102565239649,0.579487860203,2.40512919426,4.43056342192e-06,2.30970890698e-05,0,0,-4.81910137751e-05,-1.15126550198,41.5203094482,42.0000314713,0,0,0,5.15302466027e-05,149451.817434
17.325,-0.00102565239649,0.579487860203,2.40512919426,4.43056342192e-06,2.30970890698e-05,0,0,-4.81910137751e-05,-1.15126550198,41.5203094482,42.0000314713,0,0,0,5.15302469703e-05,149451.817434
17.3361111111,-0.00102565239649,0.579487860203,2.40512919426,4.43056342192e-06,2.30970890698e-05,0,0,-4.81910137751e-05,-1.15126550198,41.5203094482,42.0000314713,0,0,0,5.15302466027e-05,149451.817434
17.3472222222,-0.00102565239649,0.579487860203,2.40512919426,4.43056342192e-06,2.30970890698e-05,0,0,-4.81910137751e-05,-1.15126550198,41.5203094482,42.0000314713,0,0,0,5.15297837035e-05,149451.817434
17.3583333333,-0.00102565239649,0.579487860203,2.40512919426,4.43056342192e-06,2.30970890698e-05,0,0,-4.81910137751e-05,-1.15126550198,41.5203094482,42.0000314713,0,0,0,5.15297078501e-05,149451.817434
17.3694444444,-0.00102565239649,0.579487860203,2.40512919426,4.43056342192e-06,2.30970890698e-05,0,0,-4.81910137751e-05,-1.15126550198,41.5203094482,42.0000314713,0,0,0,5.15296859683e-05,149451.817434
17.3805555556,-0.00102565239649,0.579487860203,2.40512919426,4.43056342192e-06,2.30970890698e-05,0,0,-4.81910137751e-05,-1.15126550198,41.5203094482,42.0000314713,0,0,0,5.15296998823e-05,149451.817434
17.3916666667,-0.00102565239649,0.579487860203,2.40512919426,4.43056342192e-06,2.30970890698e-05,0,0,-4.81910137751e-05,-1.15126550198,41.5203094482,42.0000314713,0,0,0,5.15297078782e-05,149451.817434
17.4027777778,-0.00102565239649,0.579487860203,2.40512919426,4.43056342192e-06,2.30970890698e-05,0,0,-4.81910137751e-05,-1.15126550198,41.5203094482,42.0000314713,0,0,0,5.15298203509e-05,149451.817434
17.4138888889,-0.00102565239649,0.579487860203,2.40512919426,4.43056342192e-06,2.30970890698e-05,0,0,-4.81910137751e-05,-1.15126550198,41.5203094482,42.0000314713,0,0,0,5.15297076694e-05,149451.817434
17.425,-0.00102565239649,0.579487860203,2.40512919426,4.43056342192e-06,2.30970890698e-05,0,0,-4.81910137751e-05,-1.15126550198,41.5203094482,42.0000314713,0,0,0,5.15300466526e-05,149451.817434
17.4361111111,-0.00102565239649,0.579487860203,2.40512919426,4.43056342192e-06,2.30970890698e-05,0,0,-4.81910137751e-05,-1.15126550198,41.5203094482,42.0000314713,0,0,0,5.1529904558e-05,149451.817434
17.4472222222,-0.00102565239649,0.579487860203,2.40512919426,4.43056342192e-06,2.30970890698e-05,0,0,-4.81910137751e-05,-1.15126550198,41.5203094482,42.0000314713,0,0,0,5.15299146227e-05,149451.817434
17.4583333333,-0.00102565239649,0.579487860203,2.40512919426,4.43056342192e-06,2.30970890698e-05,0,0,-4.81910137751e-05,-1.15126550198,41.5203094482,42.0000314713,0,0,0,5.15296919293e-05,149451.817434
17.4694444444,-0.00102565239649,0.579487860203,2.40512919426,4.43056342192e-06,2.30970890698e-05,0,0,-4.81910137751e-05,-1.15126550198,41.5203094482,42.0000314713,0,0,0,5.1529717522e-05,149451.817434
17.4805555556,-0.00102565239649,0.579487860203,2.40512919426,4.43056342192e-06,2.30970890698e-05,0,0,-4.81910137751e-05,-1.15126550198,41.5203094482,42.0000314713,0,0,0,5.15296858915e-05,149451.817434
17.4916666667,-0.00102565239649,0.579487860203,2.40512919426,4.43056342192e-06,2.30970890698e-05,0,0,-4.81910137751e-05,-1.15126550198,41.5203094482,42.0000314713,0,0,0,5.1529984369e-05,149451.817434
17.5027777778,-0.00102565239649,0.579487860203,2.40512919426,4.43056342192e-06,2.30970890698e-05,0,0,-4.81910137751e-05,-1.15126550198,41.5203094482,42.0000314713,0,0,0,5.15299341805e-05,149451.817434
17.5138888889,-0.00102565239649,0.579487860203,2.40512919426,4.43056342192e-06,2.30970890698e-05,0,0,-4.81910137751e-05,-1.15126550198,41.5203094482,42.0000314713,0,0,0,5.1529624144e-05,149451.817434
17.525,-0.00102565239649,0.579487860203,2.40512919426,4.43056342192e-06,2.30970890698e-05,0,0,-4.81910137751e-05,-1.15126550198,41.5203094482,42.0000314713,0,0,0,5.15297181481e-05,149451.817434
17.5361111111,-0.00102565239649,0.579487860203,2.40512919426,4.43056342192e-06,2.30970890698e-05,0,0,-4.81910137751e-05,-1.15126550198,41.5203094482,42.0000314713,0,0,0,5.15298358111e-05,149451.817434
17.5472222222,-0.00102565239649,0.579487860203,2.40512919426,4.43056342192e-06,2.30970890698e-05,0,0,-4.81910137751e-05,-1.15126550198,41.5203094482,42.0000314713,0,0,0,5.15299193123e-05,149451.817434
17.5583333333,-0.00102565239649,0.579487860203,2.40512919426,4.43056342192e-06,2.30970890698e-05,0,0,-4.81910137751e-05,-1.15126550198,41.5203094482,42.0000314713,0,0,0,5.15298373761e-05,149451.817434
17.5694444444,-0.00102565239649,0.579487860203,2.40512919426,4.43056342192e-06,2.30970890698e-05,0,0,-4.81910137751e-05,-1.15126550198,41.5203094482,42.0000314713,0,0,0,5.15299304887e-05,149451.817434
17.5805555556,-0.00102565239649,0.579487860203,2.40512919426,4.43056342192e-06,2.30970890698e-05,0,0,-4.81910137751e-05,-1.15126550198,41.5203094482,42.0000314713,0,0,0,5.15299058617e-05,149451.817434
17.5916666667,-0.00102565239649,0.579487860203,2.40512919426,4.43056342192e-06,2.30970890698e-05,0,0,-4.81910137751e-05,-1.15126550198,41.5203094482,42.0000314713,0,0,0,5.15296996789e-05,149451.817434
17.6027777778,-0.00102565239649,0.579487860203,2.40512919426,4.43056342192e-06,2.30970890698e-05,0,0,-4.81910137751e-05,-1.15126550198,41.5203094482,42.0000314713,0,0,0,5.15297180513e-05,149451.817434
17.6138888889,-0.00102565239649,0.579487860203,2.40512919426,4.43056342192e-06,2.30970890698e-05,0,0,-4.81910137751e-05,-1.15126550198,41.5203094482,42.0000314713,0,0,0,5.15298439113e-05,149451.817434
17.625,-0.00102565239649,0.579487860203,2.40512919426,4.43056342192e-06,2.30970890698e-05,0,0,-4.81910137751e-05,-1.15126550198,41.5203094482,42.0000314713,0,0,0,5.15298354981e-05,149451.817434
17.6361111111,-0.00102565239649,0.579487860203,2.40512919426,4.43056342192e-06,2.30970890698e-05,0,0,-4.81910137751e-05,-1.15126550198,41.5203094482,42.0000314713,0,0,0,5.15298282765e-05,149451.817434
17.6472222222,-0.00102565239649,0.579487860203,2.40512919426,4.43056342192e-06,2.30970890698e-05,0,0,-4.81910137751e-05,-1.15126550198,41.5203094482,42.0000314713,0,0,0,5.15298359099e-05,149451.817434
17.6583333333,-0.00102565239649,0.579487860203,2.40512919426,4.43056342192e-06,2.30970890698e-05,0,0,-4.81910137751e-05,-1.15126550198,41.5203094482,42.0000314713,0,0,0,5.15298199268e-05,149451.817434
17.6694444444,-0.00102565239649,0.579487860203,2.40512919426,4.43056342192e-06,2.30970890698e-05,0,0,-4.81910137751e-05,-1.15126550198,41.5203094482,42.0000314713,0,0,0,5.15303612908e-05,149451.817434
17.6805555556,-0.00102565239649,0.579487860203,2.40512919426,4.43056342192e-06,2.30970890698e-05,0,0,-4.81910137751e-05,-1.15126550198,41.5203094482,42.0000314713,0,0,0,5.15311662519e-05,149451.817434
17.6916666667,-0.00102565239649,0.579487860203,2.40512919426,4.43056342192e-06,2.30970890698e-05,0,0,-4.81910137751e-05,-1.15126550198,41.5203094482,42.0000314713,0,0,0,5.15301512683e-05,149451.817434
17.7027777778,-0.00102565239649,0.579487860203,2.40512919426,4.43056342192e-06,2.30970890698e-05,0,0,-4.81910137751e-05,-1.15126550198,41.5203094482,42.0000314713,0,0,0,5.1530023512e-05,149451.817434
17.7138888889,-0.00102565239649,0.579487860203,2.40512919426,4.43056342192e-06,2.30970890698e-05,0,0,-4.81910137751e-05,-1.15126550198,41.5203094482,42.0000314713,0,0,0,5.1530027654e-05,149451.817434
17.725,-0.00102565239649,0.579487860203,2.40512919426,4.43056342192e-06,2.30970890698e-05,0,0,-4.81910137751e-05,-1.15126550198,41.5203094482,42.0000314713,0,0,0,5.15300056205e-05,149451.817434
17.7361111111,-0.00102565239649,0.579487860203,2.40512919426,4.43056342192e-06,2.30970890698e-05,0,0,-4.81910137751e-05,-1.15126550198,41.5203094482,42.0000314713,0,0,0,5.15306827315e-05,149451.817434
17.7472222222,-0.00102565239649,0.579487860203,2.40512919426,4.43056342192e-06,2.30970890698e-05,0,0,-4.81910137751e-05,-1.15126550198,41.5203094482,42.0000314713,0,0,0,5.15299743544e-05,149451.817434
17.7583333333,-0.00102565239649,0.579487860203,2.40512919426,4.43056342192e-06,2.30970890698e-05,0,0,-4.81910137751e-05,-1.15126550198,41.5203094482,42.0000314713,0,0,0,5.15300513098e-05,149451.817434
17.7694444444,-0.00102565239649,0.579487860203,2.40512919426,4.43056342192e-06,2.30970890698e-05,0,0,-4.81910137751e-05,-1.15126550198,41.5203094482,42.0000314713,0,0,0,5.1530683475e-05,149451.817434
17.7805555556,-0.00102565239649,0.579487860203,2.40512919426,4.43056342192e-06,2.30970890698e-05,0,0,-4.81910137751e-05,-1.15126550198,41.5203094482,42.0000314713,0,0,0,5.15307002297e-05,149451.817434
17.7916666667,-0.00102565239649,0.579487860203,2.40512919426,4.43056342192e-06,2.30970890698e-05,0,0,-4.81910137751e-05,-1.15126550198,41.5203094482,42.0000314713,0,0,0,5.15313113671e-05,149451.817434
17.8027777778,-0.00102565239649,0.579487860203,2.40512919426,4.43056342192e-06,2.30970890698e-05,0,0,-4.81910137751e-05,-1.15126550198,41.5203094482,42.0000314713,0,0,0,5.15301494813e-05,149451.817434
17.8138888889,-0.00102565239649,0.579487860203,2.40512919426,4.43056342192e-06,2.30970890698e-05,0,0,-4.81910137751e-05,-1.15126550198,41.5203094482,42.0000314713,0,0,0,5.15298899588e-05,149451.817434
17.825,-0.00102565239649,0.579487860203,2.40512919426,4.43056342192e-06,2.30970890698e-05,0,0,-4.81910137751e-05,-1.15126550198,41.5203094482,42.0000314713,0,0,0,5.1529879524e-05,149451.817434
17.8361111111,-0.00102565239649,0.579487860203,2.40512919426,4.43056342192e-06,2.30970890698e-05,0,0,-4.81910137751e-05,-1.15126550198,41.5203094482,42.0000314713,0,0,0,5.15298995479e-05,149451.817434
17.8472222222,-0.00102565239649,0.579487860203,2.40512919426,4.43056342192e-06,2.30970890698e-05,0,0,-4.81910137751e-05,-1.15126550198,41.5203094482,42.0000314713,0,0,0,5.15301499057e-05,149451.817434
17.8583333333,-0.00102565239649,0.579487860203,2.40512919426,4.43056342192e-06,2.30970890698e-05,0,0,-4.81910137751e-05,-1.15126550198,41.5203094482,42.0000314713,0,0,0,5.15301340695e-05,149451.817434
17.8694444444,-0.00102565239649,0.579487860203,2.40512919426,4.43056342192e-06,2.30970890698e-05,0,0,-4.81910137751e-05,-1.15126550198,41.5203094482,42.0000314713,0,0,0,5.15301461597e-05,149451.817434
17.8805555556,-0.00102565239649,0.579487860203,2.40512919426,4.43056342192e-06,2.30970890698e-05,0,0,-4.81910137751e-05,-1.15126550198,41.5203094482,42.0000314713,0,0,0,5.15301499477e-05,149451.817434
17.8916666667,-0.00102565239649,0.579487860203,2.40512919426,4.43056342192e-06,2.30970890698e-05,0,0,-4.81910137751e-05,-1.15126550198,41.5203094482,42.0000314713,0,0,0,5.1530129625e-05,149451.817434
17.9027777778,-0.00102565239649,0.579487860203,2.40512919426,4.43056342192e-06,2.30970890698e-05,0,0,-4.81910137751e-05,-1.15126550198,41.5203094482,42.0000314713,0,0,0,5.15301578675e-05,149451.817434
17.9138888889,-0.00102565239649,0.579487860203,2.40512919426,4.43056342192e-06,2.30970890698e-05,0,0,-4.81910137751e-05,-1.15126550198,41.5203094482,42.0000314713,0,0,0,5.1530149767e-05,149451.817434
17.925,-0.00102565239649,0.579487860203,2.40512919426,4.43056342192e-06,2.30970890698e-05,0,0,-4.81910137751e-05,-1.15126550198,41.5203094482,42.0000314713,0,0,0,5.1530149705e-05,149451.817434
17.9361111111,-0.00102565239649,0.579487860203,2.40512919426,4.43056342192e-06,2.30970890698e-05,0,0,-4.81910137751e-05,-1.15126550198,41.5203094482,42.0000314713,0,0,0,5.15300542008e-05,149451.817434
17.9472222222,-0.00102565239649,0.579487860203,2.40512919426,4.43056342192e-06,2.30970890698e-05,0,0,-4.81910137751e-05,-1.15126550198,41.5203094482,42.0000314713,0,0,0,5.1530149767e-05,149451.817434
17.9583333333,-0.00102565239649,0.579487860203,2.40512919426,4.43056342192e-06,2.30970890698e-05,0,0,-4.81910137751e-05,-1.15126550198,41.5203094482,42.0000314713,0,0,0,5.15300358298e-05,149451.817434
17.9694444444,-0.00102565239649,0.579487860203,2.40512919426,4.43056342192e-06,2.30970890698e-05,0,0,-4.81910137751e-05,-1.15126550198,41.5203094482,42.0000314713,0,0,0,5.15301340766e-05,149451.817434
17.9805555556,-0.00102565239649,0.579487860203,2.40512919426,4.43056342192e-06,2.30970890698e-05,0,0,-4.81910137751e-05,-1.15126550198,41.5203094482,42.0000314713,0,0,0,5.15308225087e-05,149451.817434
17.9916666667,-0.00102565239649,0.579487860203,2.40512919426,4.43056342192e-06,2.30970890698e-05,0,0,-4.81910137751e-05,-1.15126550198,41.5203094482,42.0000314713,0,0,0,5.15304075732e-05,149451.817434
18.0027777778,-0.00102565239649,0.579487860203,2.40512919426,4.43056342192e-06,2.30970890698e-05,0,0,-4.81910137751e-05,-1.15126550198,41.5203094482,42.0000314713,0,0,0,5.15297439162e-05,149451.817434
18.0138888889,-0.00102565239649,0.579487860203,2.40512919426,4.43056342192e-06,2.30970890698e-05,0,0,-4.81910137751e-05,-1.15126550198,41.5203094482,42.0000314713,0,0,0,5.15300899955e-05,149451.817434
18.025,-0.00102565239649,0.579487860203,2.40512919426,4.43056342192e-06,2.30970890698e-05,0,0,-4.81910137751e-05,-1.15126550198,41.5203094482,42.0000314713,0,0,0,5.15310723351e-05,149451.817434
18.0361111111,-0.00102565239649,0.579487860203,2.40512919426,4.43056342192e-06,2.30970890698e-05,0,0,-4.81910137751e-05,-1.15126550198,41.5203094482,42.0000314713,0,0,0,5.15307080487e-05,149451.817434
18.0472222222,-0.00102565239649,0.579487860203,2.40512919426,4.43056342192e-06,2.30970890698e-05,0,0,-4.81910137751e-05,-1.15126550198,41.5203094482,42.0000314713,0,0,0,5.15301117655e-05,149451.817434
18.0583333333,-0.00102565239649,0.579487860203,2.40512919426,4.43056342192e-06,2.30970890698e-05,0,0,-4.81910137751e-05,-1.15126550198,41.5203094482,42.0000314713,0,0,0,5.15300092379e-05,149451.817434
18.0694444444,-0.00102565239649,0.579487860203,2.40512919426,4.43056342192e-06,2.30970890698e-05,0,0,-4.81910137751e-05,-1.15126550198,41.5203094482,42.0000314713,0,0,0,5.15298611529e-05,149451.817434
18.0805555556,-0.00102565239649,0.579487860203,2.40512919426,4.43056342192e-06,2.30970890698e-05,0,0,-4.81910137751e-05,-1.15126550198,41.5203094482,42.0000314713,0,0,0,5.15300089404e-05,149451.817434
18.0916666667,-0.00102565239649,0.579487860203,2.40512919426,4.43056342192e-06,2.30970890698e-05,0,0,-4.81910137751e-05,-1.15126550198,41.5203094482,42.0000314713,0,0,0,5.15301294226e-05,149451.817434
18.1027777778,-0.00102565239649,0.579487860203,2.40512919426,4.43056342192e-06,2.30970890698e-05,0,0,-4.81910137751e-05,-1.15126550198,41.5203094482,42.0000314713,0,0,0,5.15305826566e-05,149451.817434
18.1138888889,-0.00102565239649,0.579487860203,2.40512919426,4.43056342192e-06,2.30970890698e-05,0,0,-4.81910137751e-05,-1.15126550198,41.5203094482,42.0000314713,0,0,0,5.15298688433e-05,149451.817434
18.125,-0.00102565239649,0.579487860203,2.40512919426,4.43056342192e-06,2.30970890698e-05,0,0,-4.81910137751e-05,-1.15126550198,41.5203094482,42.0000314713,0,0,0,5.15301591864e-05,149451.817434
18.1361111111,-0.00102565239649,0.579487860203,2.40512919426,4.43056342192e-06,2.30970890698e-05,0,0,-4.81910137751e-05,-1.15126550198,41.5203094482,42.0000314713,0,0,0,5.15303061999e-05,149451.817434
18.1472222222,-0.00102565239649,0.579487860203,2.40512919426,4.43056342192e-06,2.30970890698e-05,0,0,-4.81910137751e-05,-1.15126550198,41.5203094482,42.0000314713,0,0,0,5.15305258952e-05,149451.817434
18.1583333333,-0.00102565239649,0.579487860203,2.40512919426,4.43056342192e-06,2.30970890698e-05,0,0,-4.81910137751e-05,-1.15126550198,41.5203094482,42.0000314713,0,0,0,5.15301245327e-05,149451.817434
18.1694444444,-0.00102565239649,0.579487860203,2.40512919426,4.43056342192e-06,2.30970890698e-05,0,0,-4.81910137751e-05,-1.15126550198,41.5203094482,42.0000314713,0,0,0,5.15306777754e-05,149451.817434
18.1805555556,-0.00102565239649,0.579487860203,2.40512919426,4.43056342192e-06,2.30970890698e-05,0,0,-4.81910137751e-05,-1.15126550198,41.5203094482,42.0000314713,0,0,0,5.15301496507e-05,149451.817434
18.1916666667,-0.00102565239649,0.579487860203,2.40512919426,4.43056342192e-06,2.30970890698e-05,0,0,-4.81910137751e-05,-1.15126550198,41.5203094482,42.0000314713,0,0,0,5.15300644783e-05,149451.817434
18.2027777778,-0.00102565239649,0.579487860203,2.40512919426,4.43056342192e-06,2.30970890698e-05,0,0,-4.81910137751e-05,-1.15126550198,41.5203094482,42.0000314713,0,0,0,5.15310756993e-05,149451.817434
18.2138888889,-0.00102565239649,0.579487860203,2.40512919426,4.43056342192e-06,2.30970890698e-05,0,0,-4.81910137751e-05,-1.15126550198,41.5203094482,42.0000314713,0,0,0,5.15304150349e-05,149451.817434
18.225,-0.00102565239649,0.579487860203,2.40512919426,4.43056342192e-06,2.30970890698e-05,0,0,-4.81910137751e-05,-1.15126550198,41.5203094482,42.0000314713,0,0,0,5.15315651e-05,149451.817434
18.2361111111,-0.00102565239649,0.579487860203,2.40512919426,4.43056342192e-06,2.30970890698e-05,0,0,-4.81910137751e-05,-1.15126550198,41.5203094482,42.0000314713,0,0,0,5.15297242179e-05,149451.817434
18.2472222222,-0.00102565239649,0.579487860203,2.40512919426,4.43056342192e-06,2.30970890698e-05,0,0,-4.81910137751e-05,-1.15126550198,41.5203094482,42.0000314713,0,0,0,5.15301840003e-05,149451.817434
18.2583333333,-0.00102565239649,0.579487860203,2.40512919426,4.43056342192e-06,2.30970890698e-05,0,0,-4.81910137751e-05,-1.15126550198,41.5203094482,42.0000314713,0,0,0,5.15298612501e-05,149451.817434
18.2694444444,-0.00102565239649,0.579487860203,2.40512919426,4.43056342192e-06,2.30970890698e-05,0,0,-4.81910137751e-05,-1.15126550198,41.5203094482,42.0000314713,0,0,0,5.15309384995e-05,149451.817434
18.2805555556,-0.00102565239649,0.579487860203,2.40512919426,4.43056342192e-06,2.30970890698e-05,0,0,-4.81910137751e-05,-1.15126550198,41.5203094482,42.0000314713,0,0,0,5.15315731092e-05,149451.817434
18.2916666667,-0.00102565239649,0.579487860203,2.40512919426,4.43056342192e-06,2.30970890698e-05,0,0,-4.81910137751e-05,-1.15126550198,41.5203094482,42.0000314713,0,0,0,5.15297812077e-05,149451.817434
18.3027777778,-0.00102565239649,0.579487860203,2.40512919426,4.43056342192e-06,2.30970890698e-05,0,0,-4.81910137751e-05,-1.15126550198,41.5203094482,42.0000314713,0,0,0,5.15304801522e-05,149451.817434
18.3138888889,-0.00102565239649,0.579487860203,2.40512919426,4.43056342192e-06,2.30970890698e-05,0,0,-4.81910137751e-05,-1.15126550198,41.5203094482,42.0000314713,0,0,0,5.15311448568e-05,149451.817434
18.325,-0.00102565239649,0.579487860203,2.40512919426,4.43056342192e-06,2.30970890698e-05,0,0,-4.81910137751e-05,-1.15126550198,41.5203094482,42.0000314713,0,0,0,5.15311326961e-05,149451.817434
18.3361111111,-0.00102565239649,0.579487860203,2.40512919426,4.43056342192e-06,2.30970890698e-05,0,0,-4.81910137751e-05,-1.15126550198,41.5203094482,42.0000314713,0,0,0,5.1531531065e-05,149451.817434
18.3472222222,-0.00102565239649,0.579487860203,2.40512919426,4.43056342192e-06,2.30970890698e-05,0,0,-4.81910137751e-05,-1.15126550198,41.5203094482,42.0000314713,0,0,0,5.15303929377e-05,149451.817434
18.3583333333,-0.00102565239649,0.579487860203,2.40512919426,4.43056342192e-06,2.30970890698e-05,0,0,-4.81910137751e-05,-1.15126550198,41.5203094482,42.0000314713,0,0,0,5.15297040605e-05,149451.817434
18.3694444444,-0.00102565239649,0.579487860203,2.40512919426,4.43056342192e-06,2.30970890698e-05,0,0,-4.81910137751e-05,-1.15126550198,41.5203094482,42.0000314713,0,0,0,5.15303579201e-05,149451.817434
18.3805555556,-0.00102565239649,0.579487860203,2.40512919426,4.43056342192e-06,2.30970890698e-05,0,0,-4.81910137751e-05,-1.15126550198,41.5203094482,42.0000314713,0,0,0,5.15306456666e-05,149451.817434
18.3916666667,-0.00102565239649,0.579487860203,2.40512919426,4.43056342192e-06,2.30970890698e-05,0,0,-4.81910137751e-05,-1.15126550198,41.5203094482,42.0000314713,0,0,0,5.15316276843e-05,149451.817434
18.4027777778,-0.00102565239649,0.579487860203,2.40512919426,4.43056342192e-06,2.30970890698e-05,0,0,-4.81910137751e-05,-1.15126550198,41.5203094482,42.0000314713,0,0,0,5.15296771115e-05,149451.817434
18.4138888889,-0.00102565239649,0.579487860203,2.40512919426,4.43056342192e-06,2.30970890698e-05,0,0,-4.81910137751e-05,-1.15126550198,41.5203094482,42.0000314713,0,0,0,5.15300812614e-05,149451.817434
18.425,-0.00102565239649,0.579487860203,2.40512919426,4.43056342192e-06,2.30970890698e-05,0,0,-4.81910137751e-05,-1.15126550198,41.5203094482,42.0000314713,0,0,0,5.15306013086e-05,149451.817434
18.4361111111,-0.00102565239649,0.579487860203,2.40512919426,4.43056342192e-06,2.30970890698e-05,0,0,-4.81910137751e-05,-1.15126550198,41.5203094482,42.0000314713,0,0,0,5.15313712194e-05,149451.817434
18.4472222222,-0.00102565239649,0.579487860203,2.40512919426,4.43056342192e-06,2.30970890698e-05,0,0,-4.81910137751e-05,-1.15126550198,41.5203094482,42.0000314713,0,0,0,5.15312691283e-05,149451.817434
18.4583333333,-0.00102565239649,0.579487860203,2.40512919426,4.43056342192e-06,2.30970890698e-05,0,0,-4.81910137751e-05,-1.15126550198,41.5203094482,42.0000314713,0,0,0,5.1530123152e-05,149451.817434
18.4694444444,-0.00102565239649,0.579487860203,2.40512919426,4.43056342192e-06,2.30970890698e-05,0,0,-4.81910137751e-05,-1.15126550198,41.5203094482,42.0000314713,0,0,0,5.15299506581e-05,149451.817434
18.4805555556,-0.00102565239649,0.579487860203,2.40512919426,4.43056342192e-06,2.30970890698e-05,0,0,-4.81910137751e-05,-1.15126550198,41.5203094482,42.0000314713,0,0,0,5.15300090436e-05,149451.817434
18.4916666667,-0.00102565239649,0.579487860203,2.40512919426,4.43056342192e-06,2.30970890698e-05,0,0,-4.81910137751e-05,-1.15126550198,41.5203094482,42.0000314713,0,0,0,5.15300093212e-05,149451.817434
18.5027777778,-0.00102565239649,0.579487860203,2.40512919426,4.43056342192e-06,2.30970890698e-05,0,0,-4.81910137751e-05,-1.15126550198,41.5203094482,42.0000314713,0,0,0,5.15300009922e-05,149451.817434
18.5138888889,-0.00102565239649,0.579487860203,2.40512919426,4.43056342192e-06,2.30970890698e-05,0,0,-4.81910137751e-05,-1.15126550198,41.5203094482,42.0000314713,0,0,0,5.15298995063e-05,149451.817434
18.525,-0.00102565239649,0.579487860203,2.40512919426,4.43056342192e-06,2.30970890698e-05,0,0,-4.81910137751e-05,-1.15126550198,41.5203094482,42.0000314713,0,0,0,5.15298795305e-05,149451.817434
18.5361111111,-0.00102565239649,0.579487860203,2.40512919426,4.43056342192e-06,2.30970890698e-05,0,0,-4.81910137751e-05,-1.15126550198,41.5203094482,42.0000314713,0,0,0,5.15298691143e-05,149451.817434
18.5472222222,-0.00102565239649,0.579487860203,2.40512919426,4.43056342192e-06,2.30970890698e-05,0,0,-4.81910137751e-05,-1.15126550198,41.5203094482,42.0000314713,0,0,0,5.15300274844e-05,149451.817434
18.5583333333,-0.00102565239649,0.579487860203,2.40512919426,4.43056342192e-06,2.30970890698e-05,0,0,-4.81910137751e-05,-1.15126550198,41.5203094482,42.0000314713,0,0,0,5.15301836199e-05,149451.817434
18.5694444444,-0.00102565239649,0.579487860203,2.40512919426,4.43056342192e-06,2.30970890698e-05,0,0,-4.81910137751e-05,-1.15126550198,41.5203094482,42.0000314713,0,0,0,5.15300589771e-05,149451.817434
18.5805555556,-0.00102565239649,0.579487860203,2.40512919426,4.43056342192e-06,2.30970890698e-05,0,0,-4.81910137751e-05,-1.15126550198,41.5203094482,42.0000314713,0,0,0,5.15298408819e-05,149451.817434
18.5916666667,-0.00102565239649,0.579487860203,2.40512919426,4.43056342192e-06,2.30970890698e-05,0,0,-4.81910137751e-05,-1.15126550198,41.5203094482,42.0000314713,0,0,0,5.15313611607e-05,149451.817434
18.6027777778,-0.00102565239649,0.579487860203,2.40512919426,4.43056342192e-06,2.30970890698e-05,0,0,-4.81910137751e-05,-1.15126550198,41.5203094482,42.0000314713,0,0,0,5.15307363956e-05,149451.817434
18.6138888889,-0.00102565239649,0.579487860203,2.40512919426,4.43056342192e-06,2.30970890698e-05,0,0,-4.81910137751e-05,-1.15126550198,41.5203094482,42.0000314713,0,0,0,5.15300210905e-05,149451.817434
18.625,-0.00102565239649,0.579487860203,2.40512919426,4.43056342192e-06,2.30970890698e-05,0,0,-4.81910137751e-05,-1.15126550198,41.5203094482,42.0000314713,0,0,0,5.15300008954e-05,149451.817434
18.6361111111,-0.00102565239649,0.579487860203,2.40512919426,4.43056342192e-06,2.30970890698e-05,0,0,-4.81910137751e-05,-1.15126550198,41.5203094482,42.0000314713,0,0,0,5.15300008812e-05,149451.817434
18.6472222222,-0.00102565239649,0.579487860203,2.40512919426,4.43056342192e-06,2.30970890698e-05,0,0,-4.81910137751e-05,-1.15126550198,41.5203094482,42.0000314713,0,0,0,5.15301414293e-05,149451.817434
18.6583333333,-0.00102565239649,0.579487860203,2.40512919426,4.43056342192e-06,2.30970890698e-05,0,0,-4.81910137751e-05,-1.15126550198,41.5203094482,42.0000314713,0,0,0,5.15314294128e-05,149451.817434
18.6694444444,-0.00102565239649,0.579487860203,2.40512919426,4.43056342192e-06,2.30970890698e-05,0,0,-4.81910137751e-05,-1.15126550198,41.5203094482,42.0000314713,0,0,0,5.15302764471e-05,149451.817434
18.6805555556,-0.00102565239649,0.579487860203,2.40512919426,4.43056342192e-06,2.30970890698e-05,0,0,-4.81910137751e-05,-1.15126550198,41.5203094482,42.0000314713,0,0,0,5.1529710346e-05,149451.817434
18.6916666667,-0.00102565239649,0.579487860203,2.40512919426,4.43056342192e-06,2.30970890698e-05,0,0,-4.81910137751e-05,-1.15126550198,41.5203094482,42.0000314713,0,0,0,5.15311292387e-05,149451.817434
18.7027777778,-0.00102565239649,0.579487860203,2.40512919426,4.43056342192e-06,2.30970890698e-05,0,0,-4.81910137751e-05,-1.15126550198,41.5203094482,42.0000314713,0,0,0,5.15299101708e-05,149451.817434
18.7138888889,-0.00102565239649,0.579487860203,2.40512919426,4.43056342192e-06,2.30970890698e-05,0,0,-4.81910137751e-05,-1.15126550198,41.5203094482,42.0000314713,0,0,0,5.15300240439e-05,149451.817434
18.725,-0.00102565239649,0.579487860203,2.40512919426,4.43056342192e-06,2.30970890698e-05,0,0,-4.81910137751e-05,-1.15126550198,41.5203094482,42.0000314713,0,0,0,5.1530008848e-05,149451.817434
18.7361111111,-0.00102565239649,0.579487860203,2.40512919426,4.43056342192e-06,2.30970890698e-05,0,0,-4.81910137751e-05,-1.15126550198,41.5203094482,42.0000314713,0,0,0,5.15300012501e-05,149451.817434
18.7472222222,-0.00102565239649,0.579487860203,2.40512919426,4.43056342192e-06,2.30970890698e-05,0,0,-4.81910137751e-05,-1.15126550198,41.5203094482,42.0000314713,0,0,0,5.15299585227e-05,149451.817434
18.7583333333,-0.00102565239649,0.579487860203,2.40512919426,4.43056342192e-06,2.30970890698e-05,0,0,-4.81910137751e-05,-1.15126550198,41.5203094482,42.0000314713,0,0,0,5.15294205508e-05,149451.817434
18.7694444444,-0.00102565239649,0.579487860203,2.40512919426,4.43056342192e-06,2.30970890698e-05,0,0,-4.81910137751e-05,-1.15126550198,41.5203094482,42.0000314713,0,0,0,5.15309428037e-05,149451.817434
18.7805555556,-0.00102565239649,0.579487860203,2.40512919426,4.43056342192e-06,2.30970890698e-05,0,0,-4.81910137751e-05,-1.15126550198,41.5203094482,42.0000314713,0,0,0,5.15299714126e-05,149451.817434
18.7916666667,-0.00102565239649,0.579487860203,2.40512919426,4.43056342192e-06,2.30970890698e-05,0,0,-4.81910137751e-05,-1.15126550198,41.5203094482,42.0000314713,0,0,0,5.15298059179e-05,149451.817434
18.8027777778,-0.00102565239649,0.579487860203,2.40512919426,4.43056342192e-06,2.30970890698e-05,0,0,-4.81910137751e-05,-1.15126550198,41.5203094482,42.0000314713,0,0,0,5.15309762041e-05,149451.817434
18.8138888889,-0.00102565239649,0.579487860203,2.40512919426,4.43056342192e-06,2.30970890698e-05,0,0,-4.81910137751e-05,-1.15126550198,41.5203094482,42.0000314713,0,0,0,5.15310135066e-05,149451.817434
18.825,-0.00102565239649,0.579487860203,2.40512919426,4.43056342192e-06,2.30970890698e-05,0,0,-4.81910137751e-05,-1.15126550198,41.5203094482,42.0000314713,0,0,0,5.1530030695e-05,149451.817434
18.8361111111,-0.00102565239649,0.579487860203,2.40512919426,4.43056342192e-06,2.30970890698e-05,0,0,-4.81910137751e-05,-1.15126550198,41.5203094482,42.0000314713,0,0,0,5.15312549327e-05,149451.817434
18.8472222222,-0.00102565239649,0.579487860203,2.40512919426,4.43056342192e-06,2.30970890698e-05,0,0,-4.81910137751e-05,-1.15126550198,41.5203094482,42.0000314713,0,0,0,5.15307718785e-05,149451.817434
18.8583333333,-0.00102565239649,0.579487860203,2.40512919426,4.43056342192e-06,2.30970890698e-05,0,0,-4.81910137751e-05,-1.15126550198,41.5203094482,42.0000314713,0,0,0,5.15297771567e-05,149451.817434
18.8694444444,-0.00102565239649,0.579487860203,2.40512919426,4.43056342192e-06,2.30970890698e-05,0,0,-4.81910137751e-05,-1.15126550198,41.5203094482,42.0000314713,0,0,0,5.15296888202e-05,149451.817434
18.8805555556,-0.00102565239649,0.579487860203,2.40512919426,4.43056342192e-06,2.30970890698e-05,0,0,-4.81910137751e-05,-1.15126550198,41.5203094482,42.0000314713,0,0,0,5.15299031121e-05,149451.817434
18.8916666667,-0.00102565239649,0.579487860203,2.40512919426,4.43056342192e-06,2.30970890698e-05,0,0,-4.81910137751e-05,-1.15126550198,41.5203094482,42.0000314713,0,0,0,5.15295042074e-05,149451.817434
18.9027777778,-0.00102565239649,0.579487860203,2.40512919426,4.43056342192e-06,2.30970890698e-05,0,0,-4.81910137751e-05,-1.15126550198,41.5203094482,42.0000314713,0,0,0,5.15300010836e-05,149451.817434
18.9138888889,-0.00102565239649,0.579487860203,2.40512919426,4.43056342192e-06,2.30970890698e-05,0,0,-4.81910137751e-05,-1.15126550198,41.5203094482,42.0000314713,0,0,0,5.153060612e-05,149451.817434
18.925,-0.00102565239649,0.579487860203,2.40512919426,4.43056342192e-06,2.30970890698e-05,0,0,-4.81910137751e-05,-1.15126550198,41.5203094482,42.0000314713,0,0,0,5.15307696097e-05,149451.817434
18.9361111111,-0.00102565239649,0.579487860203,2.40512919426,4.43056342192e-06,2.30970890698e-05,0,0,-4.81910137751e-05,-1.15126550198,41.5203094482,42.0000314713,0,0,0,5.15306709812e-05,149451.817434
18.9472222222,-0.00102565239649,0.579487860203,2.40512919426,4.43056342192e-06,2.30970890698e-05,0,0,-4.81910137751e-05,-1.15126550198,41.5203094482,42.0000314713,0,0,0,5.15304118621e-05,149451.817434
18.9583333333,-0.00102565239649,0.579487860203,2.40512919426,4.43056342192e-06,2.30970890698e-05,0,0,-4.81910137751e-05,-1.15126550198,41.5203094482,42.0000314713,0,0,0,5.15306780313e-05,149451.817434
18.9694444444,-0.00102565239649,0.579487860203,2.40512919426,4.43056342192e-06,2.30970890698e-05,0,0,-4.81910137751e-05,-1.15126550198,41.5203094482,42.0000314713,0,0,0,5.15306082935e-05,149451.817434
18.9805555556,-0.00102565239649,0.579487860203,2.40512919426,4.43056342192e-06,2.30970890698e-05,0,0,-4.81910137751e-05,-1.15126550198,41.5203094482,42.0000314713,0,0,0,5.15306082519e-05,149451.817434
18.9916666667,-0.00102565239649,0.579487860203,2.40512919426,4.43056342192e-06,2.30970890698e-05,0,0,-4.81910137751e-05,-1.15126550198,41.5203094482,42.0000314713,0,0,0,5.15299630407e-05,149451.817434
19.0027777778,-0.00102565239649,0.579487860203,2.40512919426,4.43056342192e-06,2.30970890698e-05,0,0,-4.81910137751e-05,-1.15126550198,41.5203094482,42.0000314713,0,0,0,5.15301655666e-05,149451.817434
19.0138888889,-0.00102565239649,0.579487860203,2.40512919426,4.43056342192e-06,2.30970890698e-05,0,0,-4.81910137751e-05,-1.15126550198,41.5203094482,42.0000314713,0,0,0,5.15300269124e-05,149451.817434
19.025,-0.00102565239649,0.579487860203,2.40512919426,4.43056342192e-06,2.30970890698e-05,0,0,-4.81910137751e-05,-1.15126550198,41.5203094482,42.0000314713,0,0,0,5.15296742147e-05,149451.817434
19.0361111111,-0.00102565239649,0.579487860203,2.40512919426,4.43056342192e-06,2.30970890698e-05,0,0,-4.81910137751e-05,-1.15126550198,41.5203094482,42.0000314713,0,0,0,5.15313644061e-05,149451.817434
19.0472222222,-0.00102565239649,0.579487860203,2.40512919426,4.43056342192e-06,2.30970890698e-05,0,0,-4.81910137751e-05,-1.15126550198,41.5203094482,42.0000314713,0,0,0,5.15300997382e-05,149451.817434
19.0583333333,-0.00102565239649,0.579487860203,2.40512919426,4.43056342192e-06,2.30970890698e-05,0,0,-4.81910137751e-05,-1.15126550198,41.5203094482,42.0000314713,0,0,0,5.15301694866e-05,149451.817434
19.0694444444,-0.00102565239649,0.579487860203,2.40512919426,4.43056342192e-06,2.30970890698e-05,0,0,-4.81910137751e-05,-1.15126550198,41.5203094482,42.0000314713,0,0,0,5.15301115695e-05,149451.817434
19.0805555556,-0.00102565239649,0.579487860203,2.40512919426,4.43056342192e-06,2.30970890698e-05,0,0,-4.81910137751e-05,-1.15126550198,41.5203094482,42.0000314713,0,0,0,5.15298583747e-05,149451.817434
19.0916666667,-0.00102565239649,0.579487860203,2.40512919426,4.43056342192e-06,2.30970890698e-05,0,0,-4.81910137751e-05,-1.15126550198,41.5203094482,42.0000314713,0,0,0,5.15296637563e-05,149451.817434
19.1027777778,-0.00102565239649,0.579487860203,2.40512919426,4.43056342192e-06,2.30970890698e-05,0,0,-4.81910137751e-05,-1.15126550198,41.5203094482,42.0000314713,0,0,0,5.15296603372e-05,149451.817434
19.1138888889,-0.00102565239649,0.579487860203,2.40512919426,4.43056342192e-06,2.30970890698e-05,0,0,-4.81910137751e-05,-1.15126550198,41.5203094482,42.0000314713,0,0,0,5.15310764818e-05,149451.817434
19.125,-0.00102565239649,0.579487860203,2.40512919426,4.43056342192e-06,2.30970890698e-05,0,0,-4.81910137751e-05,-1.15126550198,41.5203094482,42.0000314713,0,0,0,5.15304318795e-05,149451.817434
19.1361111111,-0.00102565239649,0.579487860203,2.40512919426,4.43056342192e-06,2.30970890698e-05,0,0,-4.81910137751e-05,-1.15126550198,41.5203094482,42.0000314713,0,0,0,5.15304425304e-05,149451.817434
19.1472222222,-0.00102565239649,0.579487860203,2.40512919426,4.43056342192e-06,2.30970890698e-05,0,0,-4.81910137751e-05,-1.15126550198,41.5203094482,42.0000314713,0,0,0,5.15302250382e-05,149451.817434
19.1583333333,-0.00102565239649,0.579487860203,2.40512919426,4.43056342192e-06,2.30970890698e-05,0,0,-4.81910137751e-05,-1.15126550198,41.5203094482,42.0000314713,0,0,0,5.15312495258e-05,149451.817434
19.1694444444,-0.00102565239649,0.579487860203,2.40512919426,4.43056342192e-06,2.30970890698e-05,0,0,-4.81910137751e-05,-1.15126550198,41.5203094482,42.0000314713,0,0,0,5.15307288742e-05,149451.817434
19.1805555556,-0.00102565239649,0.579487860203,2.40512919426,4.43056342192e-06,2.30970890698e-05,0,0,-4.81910137751e-05,-1.15126550198,41.5203094482,42.0000314713,0,0,0,5.15302466815e-05,149451.817434
19.1916666667,-0.00102565239649,0.579487860203,2.40512919426,4.43056342192e-06,2.30970890698e-05,0,0,-4.81910137751e-05,-1.15126550198,41.5203094482,42.0000314713,0,0,0,5.15313918478e-05,149451.817434
19.2027777778,-0.00102565239649,0.579487860203,2.40512919426,4.43056342192e-06,2.30970890698e-05,0,0,-4.81910137751e-05,-1.15126550198,41.5203094482,42.0000314713,0,0,0,5.1531704288e-05,149451.817434
19.2138888889,-0.00102565239649,0.579487860203,2.40512919426,4.43056342192e-06,2.30970890698e-05,0,0,-4.81910137751e-05,-1.15126550198,41.5203094482,42.0000314713,0,0,0,5.15307580779e-05,149451.817434
19.225,-0.00102565239649,0.579487860203,2.40512919426,4.43056342192e-06,2.30970890698e-05,0,0,-4.81910137751e-05,-1.15126550198,41.5203094482,42.0000314713,0,0,0,5.15295702644e-05,149451.817434
19.2361111111,-0.00102565239649,0.579487860203,2.40512919426,4.43056342192e-06,2.30970890698e-05,0,0,-4.81910137751e-05,-1.15126550198,41.5203094482,42.0000314713,0,0,0,5.15300010616e-05,149451.817434
19.2472222222,-0.00102565239649,0.579487860203,2.40512919426,4.43056342192e-06,2.30970890698e-05,0,0,-4.81910137751e-05,-1.15126550198,41.5203094482,42.0000314713,0,0,0,5.15300137667e-05,149451.817434
19.2583333333,-0.00102565239649,0.579487860203,2.40512919426,4.43056342192e-06,2.30970890698e-05,0,0,-4.81910137751e-05,-1.15126550198,41.5203094482,42.0000314713,0,0,0,5.15300275768e-05,149451.817434
19.2694444444,-0.00102565239649,0.579487860203,2.40512919426,4.43056342192e-06,2.30970890698e-05,0,0,-4.81910137751e-05,-1.15126550198,41.5203094482,42.0000314713,0,0,0,5.15300008679e-05,149451.817434
19.2805555556,-0.00102565239649,0.579487860203,2.40512919426,4.43056342192e-06,2.30970890698e-05,0,0,-4.81910137751e-05,-1.15126550198,41.5203094482,42.0000314713,0,0,0,5.15300354902e-05,149451.817434
19.2916666667,-0.00102565239649,0.579487860203,2.40512919426,4.43056342192e-06,2.30970890698e-05,0,0,-4.81910137751e-05,-1.15126550198,41.5203094482,42.0000314713,0,0,0,5.15301498367e-05,149451.817434
19.3027777778,-0.00102565239649,0.579487860203,2.40512919426,4.43056342192e-06,2.30970890698e-05,0,0,-4.81910137751e-05,-1.15126550198,41.5203094482,42.0000314713,0,0,0,5.15300214615e-05,149451.817434
19.3138888889,-0.00102565239649,0.579487860203,2.40512919426,4.43056342192e-06,2.30970890698e-05,0,0,-4.81910137751e-05,-1.15126550198,41.5203094482,42.0000314713,0,0,0,5.15307971051e-05,149451.817434
19.325,-0.00102565239649,0.579487860203,2.40512919426,4.43056342192e-06,2.30970890698e-05,0,0,-4.81910137751e-05,-1.15126550198,41.5203094482,42.0000314713,0,0,0,5.15298408819e-05,149451.817434
19.3361111111,-0.00102565239649,0.579487860203,2.40512919426,4.43056342192e-06,2.30970890698e-05,0,0,-4.81910137751e-05,-1.15126550198,41.5203094482,42.0000314713,0,0,0,5.15309761069e-05,149451.817434
19.3472222222,-0.00102565239649,0.579487860203,2.40512919426,4.43056342192e-06,2.30970890698e-05,0,0,-4.81910137751e-05,-1.15126550198,41.5203094482,42.0000314713,0,0,0,5.15311642961e-05,149451.817434
19.3583333333,-0.00102565239649,0.579487860203,2.40512919426,4.43056342192e-06,2.30970890698e-05,0,0,-4.81910137751e-05,-1.15126550198,41.5203094482,42.0000314713,0,0,0,5.15305398129e-05,149451.817434
19.3694444444,-0.00102565239649,0.579487860203,2.40512919426,4.43056342192e-06,2.30970890698e-05,0,0,-4.81910137751e-05,-1.15126550198,41.5203094482,42.0000314713,0,0,0,5.15295089019e-05,149451.817434
19.3805555556,-0.00102565239649,0.579487860203,2.40512919426,4.43056342192e-06,2.30970890698e-05,0,0,-4.81910137751e-05,-1.15126550198,41.5203094482,42.0000314713,0,0,0,5.15308329551e-05,149451.817434
19.3916666667,-0.00102565239649,0.579487860203,2.40512919426,4.43056342192e-06,2.30970890698e-05,0,0,-4.81910137751e-05,-1.15126550198,41.5203094482,42.0000314713,0,0,0,5.15301113569e-05,149451.817434
19.4027777778,-0.00102565239649,0.579487860203,2.40512919426,4.43056342192e-06,2.30970890698e-05,0,0,-4.81910137751e-05,-1.15126550198,41.5203094482,42.0000314713,0,0,0,5.15310349217e-05,149451.817434
19.4138888889,-0.00102565239649,0.579487860203,2.40512919426,4.43056342192e-06,2.30970890698e-05,0,0,-4.81910137751e-05,-1.15126550198,41.5203094482,42.0000314713,0,0,0,5.15302416373e-05,149451.817434
19.425,-0.00102565239649,0.579487860203,2.40512919426,4.43056342192e-06,2.30970890698e-05,0,0,-4.81910137751e-05,-1.15126550198,41.5203094482,42.0000314713,0,0,0,5.15311794455e-05,149451.817434
19.4361111111,-0.00102565239649,0.579487860203,2.40512919426,4.43056342192e-06,2.30970890698e-05,0,0,-4.81910137751e-05,-1.15126550198,41.5203094482,42.0000314713,0,0,0,5.15296325203e-05,149451.817434
19.4472222222,-0.00102565239649,0.579487860203,2.40512919426,4.43056342192e-06,2.30970890698e-05,0,0,-4.81910137751e-05,-1.15126550198,41.5203094482,42.0000314713,0,0,0,5.15298995137e-05,149451.817434
19.4583333333,-0.00102565239649,0.579487860203,2.40512919426,4.43056342192e-06,2.30970890698e-05,0,0,-4.81910137751e-05,-1.15126550198,41.5203094482,42.0000314713,0,0,0,5.15298799562e-05,149451.817434
19.4694444444,-0.00102565239649,0.579487860203,2.40512919426,4.43056342192e-06,2.30970890698e-05,0,0,-4.81910137751e-05,-1.15126550198,41.5203094482,42.0000314713,0,0,0,5.15301407896e-05,149451.817434
19.4805555556,-0.00102565239649,0.579487860203,2.40512919426,4.43056342192e-06,2.30970890698e-05,0,0,-4.81910137751e-05,-1.15126550198,41.5203094482,42.0000314713,0,0,0,5.15309070531e-05,149451.817434
19.4916666667,-0.00102565239649,0.579487860203,2.40512919426,4.43056342192e-06,2.30970890698e-05,0,0,-4.81910137751e-05,-1.15126550198,41.5203094482,42.0000314713,0,0,0,5.15315471188e-05,149451.817434
19.5027777778,-0.00102565239649,0.579487860203,2.40512919426,4.43056342192e-06,2.30970890698e-05,0,0,-4.81910137751e-05,-1.15126550198,41.5203094482,42.0000314713,0,0,0,5.15307923661e-05,149451.817434
19.5138888889,-0.00102565239649,0.579487860203,2.40512919426,4.43056342192e-06,2.30970890698e-05,0,0,-4.81910137751e-05,-1.15126550198,41.5203094482,42.0000314713,0,0,0,5.15299911925e-05,149451.817434
19.525,-0.00102565239649,0.579487860203,2.40512919426,4.43056342192e-06,2.30970890698e-05,0,0,-4.81910137751e-05,-1.15126550198,41.5203094482,42.0000314713,0,0,0,5.15309962076e-05,149451.817434
19.5361111111,-0.00102565239649,0.579487860203,2.40512919426,4.43056342192e-06,2.30970890698e-05,0,0,-4.81910137751e-05,-1.15126550198,41.5203094482,42.0000314713,0,0,0,5.15307840168e-05,149451.817434
19.5472222222,-0.00102565239649,0.579487860203,2.40512919426,4.43056342192e-06,2.30970890698e-05,0,0,-4.81910137751e-05,-1.15126550198,41.5203094482,42.0000314713,0,0,0,5.15302640912e-05,149451.817434
19.5583333333,-0.00102565239649,0.579487860203,2.40512919426,4.43056342192e-06,2.30970890698e-05,0,0,-4.81910137751e-05,-1.15126550198,41.5203094482,42.0000314713,0,0,0,5.15309854279e-05,149451.817434
19.5694444444,-0.00102565239649,0.579487860203,2.40512919426,4.43056342192e-06,2.30970890698e-05,0,0,-4.81910137751e-05,-1.15126550198,41.5203094482,42.0000314713,0,0,0,5.1531565365e-05,149451.817434
19.5805555556,-0.00102565239649,0.579487860203,2.40512919426,4.43056342192e-06,2.30970890698e-05,0,0,-4.81910137751e-05,-1.15126550198,41.5203094482,42.0000314713,0,0,0,5.15305430633e-05,149451.817434
19.5916666667,-0.00102565239649,0.579487860203,2.40512919426,4.43056342192e-06,2.30970890698e-05,0,0,-4.81910137751e-05,-1.15126550198,41.5203094482,42.0000314713,0,0,0,5.15302411771e-05,149451.817434
19.6027777778,-0.00102565239649,0.579487860203,2.40512919426,4.43056342192e-06,2.30970890698e-05,0,0,-4.81910137751e-05,-1.15126550198,41.5203094482,42.0000314713,0,0,0,5.15307799849e-05,149451.817434
19.6138888889,-0.00102565239649,0.579487860203,2.40512919426,4.43056342192e-06,2.30970890698e-05,0,0,-4.81910137751e-05,-1.15126550198,41.5203094482,42.0000314713,0,0,0,5.15315351887e-05,149451.817434
19.625,-0.00102565239649,0.579487860203,2.40512919426,4.43056342192e-06,2.30970890698e-05,0,0,-4.81910137751e-05,-1.15126550198,41.5203094482,42.0000314713,0,0,0,5.1531534763e-05,149451.817434
19.6361111111,-0.00102565239649,0.579487860203,2.40512919426,4.43056342192e-06,2.30970890698e-05,0,0,-4.81910137751e-05,-1.15126550198,41.5203094482,42.0000314713,0,0,0,5.15315348533e-05,149451.817434
19.6472222222,-0.00102565239649,0.579487860203,2.40512919426,4.43056342192e-06,2.30970890698e-05,0,0,-4.81910137751e-05,-1.15126550198,41.5203094482,42.0000314713,0,0,0,5.15315320127e-05,149451.817434
19.6583333333,-0.00102565239649,0.579487860203,2.40512919426,4.43056342192e-06,2.30970890698e-05,0,0,-4.81910137751e-05,-1.15126550198,41.5203094482,42.0000314713,0,0,0,5.15312646079e-05,149451.817434
19.6694444444,-0.00102565239649,0.579487860203,2.40512919426,4.43056342192e-06,2.30970890698e-05,0,0,-4.81910137751e-05,-1.15126550198,41.5203094482,42.0000314713,0,0,0,5.15315313568e-05,149451.817434
19.6805555556,-0.00102565239649,0.579487860203,2.40512919426,4.43056342192e-06,2.30970890698e-05,0,0,-4.81910137751e-05,-1.15126550198,41.5203094482,42.0000314713,0,0,0,5.15315547665e-05,149451.817434
19.6916666667,-0.00102565239649,0.579487860203,2.40512919426,4.43056342192e-06,2.30970890698e-05,0,0,-4.81910137751e-05,-1.15126550198,41.5203094482,42.0000314713,0,0,0,5.15315311767e-05,149451.817434
19.7027777778,-0.00102565239649,0.579487860203,2.40512919426,4.43056342192e-06,2.30970890698e-05,0,0,-4.81910137751e-05,-1.15126550198,41.5203094482,42.0000314713,0,0,0,5.1531525516e-05,149451.817434
19.7138888889,-0.00102565239649,0.579487860203,2.40512919426,4.43056342192e-06,2.30970890698e-05,0,0,-4.81910137751e-05,-1.15126550198,41.5203094482,42.0000314713,0,0,0,5.1531656988e-05,149451.817434
19.725,-0.00102565239649,0.579487860203,2.40512919426,4.43056342192e-06,2.30970890698e-05,0,0,-4.81910137751e-05,-1.15126550198,41.5203094482,42.0000314713,0,0,0,5.15316533526e-05,149451.817434
19.7361111111,-0.00102565239649,0.579487860203,2.40512919426,4.43056342192e-06,2.30970890698e-05,0,0,-4.81910137751e-05,-1.15126550198,41.5203094482,42.0000314713,0,0,0,5.15316485886e-05,149451.817434
19.7472222222,-0.00102565239649,0.579487860203,2.40512919426,4.43056342192e-06,2.30970890698e-05,0,0,-4.81910137751e-05,-1.15126550198,41.5203094482,42.0000314713,0,0,0,5.1530186773e-05,149451.817434
19.7583333333,-0.00102565239649,0.579487860203,2.40512919426,4.43056342192e-06,2.30970890698e-05,0,0,-4.81910137751e-05,-1.15126550198,41.5203094482,42.0000314713,0,0,0,5.15304817358e-05,149451.817434
19.7694444444,-0.00102565239649,0.579487860203,2.40512919426,4.43056342192e-06,2.30970890698e-05,0,0,-4.81910137751e-05,-1.15126550198,41.5203094482,42.0000314713,0,0,0,5.15300010616e-05,149451.817434
19.7805555556,-0.00102565239649,0.579487860203,2.40512919426,4.43056342192e-06,2.30970890698e-05,0,0,-4.81910137751e-05,-1.15126550198,41.5203094482,42.0000314713,0,0,0,5.15301498899e-05,149451.817434
19.7916666667,-0.00102565239649,0.579487860203,2.40512919426,4.43056342192e-06,2.30970890698e-05,0,0,-4.81910137751e-05,-1.15126550198,41.5203094482,42.0000314713,0,0,0,5.15300214805e-05,149451.817434
19.8027777778,-0.00102565239649,0.579487860203,2.40512919426,4.43056342192e-06,2.30970890698e-05,0,0,-4.81910137751e-05,-1.15126550198,41.5203094482,42.0000314713,0,0,0,5.15300090375e-05,149451.817434
19.8138888889,-0.00102565239649,0.579487860203,2.40512919426,4.43056342192e-06,2.30970890698e-05,0,0,-4.81910137751e-05,-1.15126550198,41.5203094482,42.0000314713,0,0,0,5.15312450098e-05,149451.817434
19.825,-0.00102565239649,0.579487860203,2.40512919426,4.43056342192e-06,2.30970890698e-05,0,0,-4.81910137751e-05,-1.15126550198,41.5203094482,42.0000314713,0,0,0,5.15302814876e-05,149451.817434
19.8361111111,-0.00102565239649,0.579487860203,2.40512919426,4.43056342192e-06,2.30970890698e-05,0,0,-4.81910137751e-05,-1.15126550198,41.5203094482,42.0000314713,0,0,0,5.15297809792e-05,149451.817434
19.8472222222,-0.00102565239649,0.579487860203,2.40512919426,4.43056342192e-06,2.30970890698e-05,0,0,-4.81910137751e-05,-1.15126550198,41.5203094482,42.0000314713,0,0,0,5.15301496959e-05,149451.817434
19.8583333333,-0.00102565239649,0.579487860203,2.40512919426,4.43056342192e-06,2.30970890698e-05,0,0,-4.81910137751e-05,-1.15126550198,41.5203094482,42.0000314713,0,0,0,5.1530149793e-05,149451.817434
19.8694444444,-0.00102565239649,0.579487860203,2.40512919426,4.43056342192e-06,2.30970890698e-05,0,0,-4.81910137751e-05,-1.15126550198,41.5203094482,42.0000314713,0,0,0,5.15300092244e-05,149451.817434
19.8805555556,-0.00102565239649,0.579487860203,2.40512919426,4.43056342192e-06,2.30970890698e-05,0,0,-4.81910137751e-05,-1.15126550198,41.5203094482,42.0000314713,0,0,0,5.15299915127e-05,149451.817434
19.8916666667,-0.00102565239649,0.579487860203,2.40512919426,4.43056342192e-06,2.30970890698e-05,0,0,-4.81910137751e-05,-1.15126550198,41.5203094482,42.0000314713,0,0,0,5.15300277061e-05,149451.817434
19.9027777778,-0.00102565239649,0.579487860203,2.40512919426,4.43056342192e-06,2.30970890698e-05,0,0,-4.81910137751e-05,-1.15126550198,41.5203094482,42.0000314713,0,0,0,5.15299426923e-05,149451.817434
19.9138888889,-0.00102565239649,0.579487860203,2.40512919426,4.43056342192e-06,2.30970890698e-05,0,0,-4.81910137751e-05,-1.15126550198,41.5203094482,42.0000314713,0,0,0,5.15299411537e-05,149451.817434
19.925,-0.00102565239649,0.579487860203,2.40512919426,4.43056342192e-06,2.30970890698e-05,0,0,-4.81910137751e-05,-1.15126550198,41.5203094482,42.0000314713,0,0,0,5.15314795348e-05,149451.817434
19.9361111111,-0.00102565239649,0.579487860203,2.40512919426,4.43056342192e-06,2.30970890698e-05,0,0,-4.81910137751e-05,-1.15126550198,41.5203094482,42.0000314713,0,0,0,5.1529777219e-05,149451.817434
19.9472222222,-0.00102565239649,0.579487860203,2.40512919426,4.43056342192e-06,2.30970890698e-05,0,0,-4.81910137751e-05,-1.15126550198,41.5203094482,42.0000314713,0,0,0,5.15300508228e-05,149451.817434
19.9583333333,-0.00102565239649,0.579487860203,2.40512919426,4.43056342192e-06,2.30970890698e-05,0,0,-4.81910137751e-05,-1.15126550198,41.5203094482,42.0000314713,0,0,0,5.15301714936e-05,149451.817434
19.9694444444,-0.00102565239649,0.579487860203,2.40512919426,4.43056342192e-06,2.30970890698e-05,0,0,-4.81910137751e-05,-1.15126550198,41.5203094482,42.0000314713,0,0,0,5.1531466742e-05,149451.817434
19.9805555556,-0.00102565239649,0.579487860203,2.40512919426,4.43056342192e-06,2.30970890698e-05,0,0,-4.81910137751e-05,-1.15126550198,41.5203094482,42.0000314713,0,0,0,5.1529795193e-05,149451.817434
19.9916666667,-0.00102565239649,0.579487860203,2.40512919426,4.43056342192e-06,2.30970890698e-05,0,0,-4.81910137751e-05,-1.15126550198,41.5203094482,42.0000314713,0,0,0,5.15314898967e-05,149451.817434
20.0027777778,-0.00102565239649,0.579487860203,2.40512919426,4.43056342192e-06,2.30970890698e-05,0,0,-4.81910137751e-05,-1.15126550198,41.5203094482,42.0000314713,0,0,0,5.15300168727e-05,149451.817434
20.0138888889,-0.00102565239649,0.579487860203,2.40512919426,4.43056342192e-06,2.30970890698e-05,0,0,-4.81910137751e-05,-1.15126550198,41.5203094482,42.0000314713,0,0,0,5.15304235346e-05,149451.817434
20.025,-0.00102565239649,0.579487860203,2.40512919426,4.43056342192e-06,2.30970890698e-05,0,0,-4.81910137751e-05,-1.15126550198,41.5203094482,42.0000314713,0,0,0,5.15298793301e-05,149451.817434
20.0361111111,-0.00102565239649,0.579487860203,2.40512919426,4.43056342192e-06,2.30970890698e-05,0,0,-4.81910137751e-05,-1.15126550198,41.5203094482,42.0000314713,0,0,0,5.15306737263e-05,149451.817434
20.0472222222,-0.00102565239649,0.579487860203,2.40512919426,4.43056342192e-06,2.30970890698e-05,0,0,-4.81910137751e-05,-1.15126550198,41.5203094482,42.0000314713,0,0,0,5.15301027215e-05,149451.817434
20.0583333333,-0.00102565239649,0.579487860203,2.40512919426,4.43056342192e-06,2.30970890698e-05,0,0,-4.81910137751e-05,-1.15126550198,41.5203094482,42.0000314713,0,0,0,5.15316915723e-05,149451.817434
20.0694444444,-0.00102565239649,0.579487860203,2.40512919426,4.43056342192e-06,2.30970890698e-05,0,0,-4.81910137751e-05,-1.15126550198,41.5203094482,42.0000314713,0,0,0,5.15309762941e-05,149451.817434
20.0805555556,-0.00102565239649,0.579487860203,2.40512919426,4.43056342192e-06,2.30970890698e-05,0,0,-4.81910137751e-05,-1.15126550198,41.5203094482,42.0000314713,0,0,0,5.15305014986e-05,149451.817434
20.0916666667,-0.00102565239649,0.579487860203,2.40512919426,4.43056342192e-06,2.30970890698e-05,0,0,-4.81910137751e-05,-1.15126550198,41.5203094482,42.0000314713,0,0,0,5.15296291199e-05,149451.817434
20.1027777778,-0.00102565239649,0.579487860203,2.40512919426,4.43056342192e-06,2.30970890698e-05,0,0,-4.81910137751e-05,-1.15126550198,41.5203094482,42.0000314713,0,0,0,5.15311529458e-05,149451.817434
20.1138888889,-0.00102565239649,0.579487860203,2.40512919426,4.43056342192e-06,2.30970890698e-05,0,0,-4.81910137751e-05,-1.15126550198,41.5203094482,42.0000314713,0,0,0,5.15307281928e-05,149451.817434
20.125,-0.00102565239649,0.579487860203,2.40512919426,4.43056342192e-06,2.30970890698e-05,0,0,-4.81910137751e-05,-1.15126550198,41.5203094482,42.0000314713,0,0,0,5.15307281928e-05,149451.817434
20.1361111111,-0.00102565239649,0.579487860203,2.40512919426,4.43056342192e-06,2.30970890698e-05,0,0,-4.81910137751e-05,-1.15126550198,41.5203094482,42.0000314713,0,0,0,5.15304335139e-05,149451.817434
20.1472222222,-0.00102565239649,0.579487860203,2.40512919426,4.43056342192e-06,2.30970890698e-05,0,0,-4.81910137751e-05,-1.15126550198,41.5203094482,42.0000314713,0,0,0,5.15305707912e-05,149451.817434
20.1583333333,-0.00102565239649,0.579487860203,2.40512919426,4.43056342192e-06,2.30970890698e-05,0,0,-4.81910137751e-05,-1.15126550198,41.5203094482,42.0000314713,0,0,0,5.15306135492e-05,149451.817434
20.1694444444,-0.00102565239649,0.579487860203,2.40512919426,4.43056342192e-06,2.30970890698e-05,0,0,-4.81910137751e-05,-1.15126550198,41.5203094482,42.0000314713,0,0,0,5.15299593708e-05,149451.817434
20.1805555556,-0.00102565239649,0.579487860203,2.40512919426,4.43056342192e-06,2.30970890698e-05,0,0,-4.81910137751e-05,-1.15126550198,41.5203094482,42.0000314713,0,0,0,5.15298381785e-05,149451.817434
20.1916666667,-0.00102565239649,0.579487860203,2.40512919426,4.43056342192e-06,2.30970890698e-05,0,0,-4.81910137751e-05,-1.15126550198,41.5203094482,42.0000314713,0,0,0,5.15298692817e-05,149451.817434
20.2027777778,-0.00102565239649,0.579487860203,2.40512919426,4.43056342192e-06,2.30970890698e-05,0,0,-4.81910137751e-05,-1.15126550198,41.5203094482,42.0000314713,0,0,0,5.15308002608e-05,149451.817434
20.2138888889,-0.00102565239649,0.579487860203,2.40512919426,4.43056342192e-06,2.30970890698e-05,0,0,-4.81910137751e-05,-1.15126550198,41.5203094482,42.0000314713,0,0,0,5.15313133014e-05,149451.817434
20.225,-0.00102565239649,0.579487860203,2.40512919426,4.43056342192e-06,2.30970890698e-05,0,0,-4.81910137751e-05,-1.15126550198,41.5203094482,42.0000314713,0,0,0,5.15306602864e-05,149451.817434
20.2361111111,-0.00102565239649,0.579487860203,2.40512919426,4.43056342192e-06,2.30970890698e-05,0,0,-4.81910137751e-05,-1.15126550198,41.5203094482,42.0000314713,0,0,0,5.1530678082e-05,149451.817434
20.2472222222,-0.00102565239649,0.579487860203,2.40512919426,4.43056342192e-06,2.30970890698e-05,0,0,-4.81910137751e-05,-1.15126550198,41.5203094482,42.0000314713,0,0,0,5.1530225265e-05,149451.817434
20.2583333333,-0.00102565239649,0.579487860203,2.40512919426,4.43056342192e-06,2.30970890698e-05,0,0,-4.81910137751e-05,-1.15126550198,41.5203094482,42.0000314713,0,0,0,5.1529840707e-05,149451.817434
20.2694444444,-0.00102565239649,0.579487860203,2.40512919426,4.43056342192e-06,2.30970890698e-05,0,0,-4.81910137751e-05,-1.15126550198,41.5203094482,42.0000314713,0,0,0,5.15303576171e-05,149451.817434
20.2805555556,-0.00102565239649,0.579487860203,2.40512919426,4.43056342192e-06,2.30970890698e-05,0,0,-4.81910137751e-05,-1.15126550198,41.5203094482,42.0000314713,0,0,0,5.15302715701e-05,149451.817434
20.2916666667,-0.00102565239649,0.579487860203,2.40512919426,4.43056342192e-06,2.30970890698e-05,0,0,-4.81910137751e-05,-1.15126550198,41.5203094482,42.0000314713,0,0,0,5.15300089404e-05,149451.817434
20.3027777778,-0.00102565239649,0.579487860203,2.40512919426,4.43056342192e-06,2.30970890698e-05,0,0,-4.81910137751e-05,-1.15126550198,41.5203094482,42.0000314713,0,0,0,5.15306703411e-05,149451.817434
20.3138888889,-0.00102565239649,0.579487860203,2.40512919426,4.43056342192e-06,2.30970890698e-05,0,0,-4.81910137751e-05,-1.15126550198,41.5203094482,42.0000314713,0,0,0,5.15304660794e-05,149451.817434
20.325,-0.00102565239649,0.579487860203,2.40512919426,4.43056342192e-06,2.30970890698e-05,0,0,-4.81910137751e-05,-1.15126550198,41.5203094482,42.0000314713,0,0,0,5.15303063555e-05,149451.817434
20.3361111111,-0.00102565239649,0.579487860203,2.40512919426,4.43056342192e-06,2.30970890698e-05,0,0,-4.81910137751e-05,-1.15126550198,41.5203094482,42.0000314713,0,0,0,5.15300648201e-05,149451.817434
20.3472222222,-0.00102565239649,0.579487860203,2.40512919426,4.43056342192e-06,2.30970890698e-05,0,0,-4.81910137751e-05,-1.15126550198,41.5203094482,42.0000314713,0,0,0,5.15300272901e-05,149451.817434
20.3583333333,-0.00102565239649,0.579487860203,2.40512919426,4.43056342192e-06,2.30970890698e-05,0,0,-4.81910137751e-05,-1.15126550198,41.5203094482,42.0000314713,0,0,0,5.15311325716e-05,149451.817434
20.3694444444,-0.00102565239649,0.579487860203,2.40512919426,4.43056342192e-06,2.30970890698e-05,0,0,-4.81910137751e-05,-1.15126550198,41.5203094482,42.0000314713,0,0,0,5.15306887675e-05,149451.817434
20.3805555556,-0.00102565239649,0.579487860203,2.40512919426,4.43056342192e-06,2.30970890698e-05,0,0,-4.81910137751e-05,-1.15126550198,41.5203094482,42.0000314713,0,0,0,5.15306540062e-05,149451.817434
20.3916666667,-0.00102565239649,0.579487860203,2.40512919426,4.43056342192e-06,2.30970890698e-05,0,0,-4.81910137751e-05,-1.15126550198,41.5203094482,42.0000314713,0,0,0,5.15312456644e-05,149451.817434
20.4027777778,-0.00102565239649,0.579487860203,2.40512919426,4.43056342192e-06,2.30970890698e-05,0,0,-4.81910137751e-05,-1.15126550198,41.5203094482,42.0000314713,0,0,0,5.15314039918e-05,149451.817434
20.4138888889,-0.00102565239649,0.579487860203,2.40512919426,4.43056342192e-06,2.30970890698e-05,0,0,-4.81910137751e-05,-1.15126550198,41.5203094482,42.0000314713,0,0,0,5.15313770009e-05,149451.817434
20.425,-0.00102565239649,0.579487860203,2.40512919426,4.43056342192e-06,2.30970890698e-05,0,0,-4.81910137751e-05,-1.15126550198,41.5203094482,42.0000314713,0,0,0,5.15314639064e-05,149451.817434
20.4361111111,-0.00102565239649,0.579487860203,2.40512919426,4.43056342192e-06,2.30970890698e-05,0,0,-4.81910137751e-05,-1.15126550198,41.5203094482,42.0000314713,0,0,0,5.15305184655e-05,149451.817434
20.4472222222,-0.00102565239649,0.579487860203,2.40512919426,4.43056342192e-06,2.30970890698e-05,0,0,-4.81910137751e-05,-1.15126550198,41.5203094482,42.0000314713,0,0,0,5.15302247221e-05,149451.817434
20.4583333333,-0.00102565239649,0.579487860203,2.40512919426,4.43056342192e-06,2.30970890698e-05,0,0,-4.81910137751e-05,-1.15126550198,41.5203094482,42.0000314713,0,0,0,5.1530735852e-05,149451.817434
20.4694444444,-0.00102565239649,0.579487860203,2.40512919426,4.43056342192e-06,2.30970890698e-05,0,0,-4.81910137751e-05,-1.15126550198,41.5203094482,42.0000314713,0,0,0,5.15299210334e-05,149451.817434
20.4805555556,-0.00102565239649,0.579487860203,2.40512919426,4.43056342192e-06,2.30970890698e-05,0,0,-4.81910137751e-05,-1.15126550198,41.5203094482,42.0000314713,0,0,0,5.15300491291e-05,149451.817434
20.4916666667,-0.00102565239649,0.579487860203,2.40512919426,4.43056342192e-06,2.30970890698e-05,0,0,-4.81910137751e-05,-1.15126550198,41.5203094482,42.0000314713,0,0,0,5.15296786644e-05,149451.817434
20.5027777778,-0.00102565239649,0.579487860203,2.40512919426,4.43056342192e-06,2.30970890698e-05,0,0,-4.81910137751e-05,-1.15126550198,41.5203094482,42.0000314713,0,0,0,5.15315172484e-05,149451.817434
20.5138888889,-0.00102565239649,0.579487860203,2.40512919426,4.43056342192e-06,2.30970890698e-05,0,0,-4.81910137751e-05,-1.15126550198,41.5203094482,42.0000314713,0,0,0,5.15308072709e-05,149451.817434
20.525,-0.00102565239649,0.579487860203,2.40512919426,4.43056342192e-06,2.30970890698e-05,0,0,-4.81910137751e-05,-1.15126550198,41.5203094482,42.0000314713,0,0,0,5.15300593302e-05,149451.817434
20.5361111111,-0.00102565239649,0.579487860203,2.40512919426,4.43056342192e-06,2.30970890698e-05,0,0,-4.81910137751e-05,-1.15126550198,41.5203094482,42.0000314713,0,0,0,5.15298994169e-05,149451.817434
20.5472222222,-0.00102565239649,0.579487860203,2.40512919426,4.43056342192e-06,2.30970890698e-05,0,0,-4.81910137751e-05,-1.15126550198,41.5203094482,42.0000314713,0,0,0,5.15301106612e-05,149451.817434
20.5583333333,-0.00102565239649,0.579487860203,2.40512919426,4.43056342192e-06,2.30970890698e-05,0,0,-4.81910137751e-05,-1.15126550198,41.5203094482,42.0000314713,0,0,0,5.15316826152e-05,149451.817434
20.5694444444,-0.00102565239649,0.579487860203,2.40512919426,4.43056342192e-06,2.30970890698e-05,0,0,-4.81910137751e-05,-1.15126550198,41.5203094482,42.0000314713,0,0,0,5.15311756962e-05,149451.817434
20.5805555556,-0.00102565239649,0.579487860203,2.40512919426,4.43056342192e-06,2.30970890698e-05,0,0,-4.81910137751e-05,-1.15126550198,41.5203094482,42.0000314713,0,0,0,5.15307865734e-05,149451.817434
20.5916666667,-0.00102565239649,0.579487860203,2.40512919426,4.43056342192e-06,2.30970890698e-05,0,0,-4.81910137751e-05,-1.15126550198,41.5203094482,42.0000314713,0,0,0,5.15303637794e-05,149451.817434
20.6027777778,-0.00102565239649,0.579487860203,2.40512919426,4.43056342192e-06,2.30970890698e-05,0,0,-4.81910137751e-05,-1.15126550198,41.5203094482,42.0000314713,0,0,0,5.15300913456e-05,149451.817434
20.6138888889,-0.00102565239649,0.579487860203,2.40512919426,4.43056342192e-06,2.30970890698e-05,0,0,-4.81910137751e-05,-1.15126550198,41.5203094482,42.0000314713,0,0,0,5.15300540391e-05,149451.817434
20.625,-0.00102565239649,0.579487860203,2.40512919426,4.43056342192e-06,2.30970890698e-05,0,0,-4.81910137751e-05,-1.15126550198,41.5203094482,42.0000314713,0,0,0,5.15299031077e-05,149451.817434
20.6361111111,-0.00102565239649,0.579487860203,2.40512919426,4.43056342192e-06,2.30970890698e-05,0,0,-4.81910137751e-05,-1.15126550198,41.5203094482,42.0000314713,0,0,0,5.15300011868e-05,149451.817434
20.6472222222,-0.00102565239649,0.579487860203,2.40512919426,4.43056342192e-06,2.30970890698e-05,0,0,-4.81910137751e-05,-1.15126550198,41.5203094482,42.0000314713,0,0,0,5.15303437969e-05,149451.817434
20.6583333333,-0.00102565239649,0.579487860203,2.40512919426,4.43056342192e-06,2.30970890698e-05,0,0,-4.81910137751e-05,-1.15126550198,41.5203094482,42.0000314713,0,0,0,5.15302416502e-05,149451.817434
20.6694444444,-0.00102565239649,0.579487860203,2.40512919426,4.43056342192e-06,2.30970890698e-05,0,0,-4.81910137751e-05,-1.15126550198,41.5203094482,42.0000314713,0,0,0,5.15316268904e-05,149451.817434
20.6805555556,-0.00102565239649,0.579487860203,2.40512919426,4.43056342192e-06,2.30970890698e-05,0,0,-4.81910137751e-05,-1.15126550198,41.5203094482,42.0000314713,0,0,0,5.15300918468e-05,149451.817434
20.6916666667,-0.00102565239649,0.579487860203,2.40512919426,4.43056342192e-06,2.30970890698e-05,0,0,-4.81910137751e-05,-1.15126550198,41.5203094482,42.0000314713,0,0,0,5.15301025197e-05,149451.817434
20.7027777778,-0.00102565239649,0.579487860203,2.40512919426,4.43056342192e-06,2.30970890698e-05,0,0,-4.81910137751e-05,-1.15126550198,41.5203094482,42.0000314713,0,0,0,5.15301173054e-05,149451.817434
20.7138888889,-0.00102565239649,0.579487860203,2.40512919426,4.43056342192e-06,2.30970890698e-05,0,0,-4.81910137751e-05,-1.15126550198,41.5203094482,42.0000314713,0,0,0,5.15300796818e-05,149451.817434
20.725,-0.00102565239649,0.579487860203,2.40512919426,4.43056342192e-06,2.30970890698e-05,0,0,-4.81910137751e-05,-1.15126550198,41.5203094482,42.0000314713,0,0,0,5.15300932978e-05,149451.817434
20.7361111111,-0.00102565239649,0.579487860203,2.40512919426,4.43056342192e-06,2.30970890698e-05,0,0,-4.81910137751e-05,-1.15126550198,41.5203094482,42.0000314713,0,0,0,5.15301004764e-05,149451.817434
20.7472222222,-0.00102565239649,0.579487860203,2.40512919426,4.43056342192e-06,2.30970890698e-05,0,0,-4.81910137751e-05,-1.15126550198,41.5203094482,42.0000314713,0,0,0,5.15298547123e-05,149451.817434
20.7583333333,-0.00102565239649,0.579487860203,2.40512919426,4.43056342192e-06,2.30970890698e-05,0,0,-4.81910137751e-05,-1.15126550198,41.5203094482,42.0000314713,0,0,0,5.15302518628e-05,149451.817434
20.7694444444,-0.00102565239649,0.579487860203,2.40512919426,4.43056342192e-06,2.30970890698e-05,0,0,-4.81910137751e-05,-1.15126550198,41.5203094482,42.0000314713,0,0,0,5.15305488321e-05,149451.817434
20.7805555556,-0.00102565239649,0.579487860203,2.40512919426,4.43056342192e-06,2.30970890698e-05,0,0,-4.81910137751e-05,-1.15126550198,41.5203094482,42.0000314713,0,0,0,5.15306963788e-05,149451.817434
20.7916666667,-0.00102565239649,0.579487860203,2.40512919426,4.43056342192e-06,2.30970890698e-05,0,0,-4.81910137751e-05,-1.15126550198,41.5203094482,42.0000314713,0,0,0,5.15304681915e-05,149451.817434
20.8027777778,-0.00102565239649,0.579487860203,2.40512919426,4.43056342192e-06,2.30970890698e-05,0,0,-4.81910137751e-05,-1.15126550198,41.5203094482,42.0000314713,0,0,0,5.15304504236e-05,149451.817434
20.8138888889,-0.00102565239649,0.579487860203,2.40512919426,4.43056342192e-06,2.30970890698e-05,0,0,-4.81910137751e-05,-1.15126550198,41.5203094482,42.0000314713,0,0,0,5.15313205334e-05,149451.817434
20.825,-0.00102565239649,0.579487860203,2.40512919426,4.43056342192e-06,2.30970890698e-05,0,0,-4.81910137751e-05,-1.15126550198,41.5203094482,42.0000314713,0,0,0,5.15306130213e-05,149451.817434
20.8361111111,-0.00102565239649,0.579487860203,2.40512919426,4.43056342192e-06,2.30970890698e-05,0,0,-4.81910137751e-05,-1.15126550198,41.5203094482,42.0000314713,0,0,0,5.15302061993e-05,149451.817434
20.8472222222,-0.00102565239649,0.579487860203,2.40512919426,4.43056342192e-06,2.30970890698e-05,0,0,-4.81910137751e-05,-1.15126550198,41.5203094482,42.0000314713,0,0,0,5.15308905116e-05,149451.817434
20.8583333333,-0.00102565239649,0.579487860203,2.40512919426,4.43056342192e-06,2.30970890698e-05,0,0,-4.81910137751e-05,-1.15126550198,41.5203094482,42.0000314713,0,0,0,5.15306130978e-05,149451.817434
20.8694444444,-0.00102565239649,0.579487860203,2.40512919426,4.43056342192e-06,2.30970890698e-05,0,0,-4.81910137751e-05,-1.15126550198,41.5203094482,42.0000314713,0,0,0,5.15306672898e-05,149451.817434
20.8805555556,-0.00102565239649,0.579487860203,2.40512919426,4.43056342192e-06,2.30970890698e-05,0,0,-4.81910137751e-05,-1.15126550198,41.5203094482,42.0000314713,0,0,0,5.15306640085e-05,149451.817434
20.8916666667,-0.00102565239649,0.579487860203,2.40512919426,4.43056342192e-06,2.30970890698e-05,0,0,-4.81910137751e-05,-1.15126550198,41.5203094482,42.0000314713,0,0,0,5.15305752716e-05,149451.817434
20.9027777778,-0.00102565239649,0.579487860203,2.40512919426,4.43056342192e-06,2.30970890698e-05,0,0,-4.81910137751e-05,-1.15126550198,41.5203094482,42.0000314713,0,0,0,5.15305793414e-05,149451.817434
20.9138888889,-0.00102565239649,0.579487860203,2.40512919426,4.43056342192e-06,2.30970890698e-05,0,0,-4.81910137751e-05,-1.15126550198,41.5203094482,42.0000314713,0,0,0,5.15305670431e-05,149451.817434
20.925,-0.00102565239649,0.579487860203,2.40512919426,4.43056342192e-06,2.30970890698e-05,0,0,-4.81910137751e-05,-1.15126550198,41.5203094482,42.0000314713,0,0,0,5.15305523868e-05,149451.817434
20.9361111111,-0.00102565239649,0.579487860203,2.40512919426,4.43056342192e-06,2.30970890698e-05,0,0,-4.81910137751e-05,-1.15126550198,41.5203094482,42.0000314713,0,0,0,5.1530579355e-05,149451.817434
20.9472222222,-0.00102565239649,0.579487860203,2.40512919426,4.43056342192e-06,2.30970890698e-05,0,0,-4.81910137751e-05,-1.15126550198,41.5203094482,42.0000314713,0,0,0,5.15305453413e-05,149451.817434
20.9583333333,-0.00102565239649,0.579487860203,2.40512919426,4.43056342192e-06,2.30970890698e-05,0,0,-4.81910137751e-05,-1.15126550198,41.5203094482,42.0000314713,0,0,0,5.15305591165e-05,149451.817434
20.9694444444,-0.00102565239649,0.579487860203,2.40512919426,4.43056342192e-06,2.30970890698e-05,0,0,-4.81910137751e-05,-1.15126550198,41.5203094482,42.0000314713,0,0,0,5.15305862823e-05,149451.817434
20.9805555556,-0.00102565239649,0.579487860203,2.40512919426,4.43056342192e-06,2.30970890698e-05,0,0,-4.81910137751e-05,-1.15126550198,41.5203094482,42.0000314713,0,0,0,5.15303990961e-05,149451.817434
20.9916666667,-0.00102565239649,0.579487860203,2.40512919426,4.43056342192e-06,2.30970890698e-05,0,0,-4.81910137751e-05,-1.15126550198,41.5203094482,42.0000314713,0,0,0,5.15310126706e-05,149451.817434
21.0027777778,-0.00102565239649,0.579487860203,2.40512919426,4.43056342192e-06,2.30970890698e-05,0,0,-4.81910137751e-05,-1.15126550198,41.5203094482,42.0000314713,0,0,0,5.15300626517e-05,149451.817434
21.0138888889,-0.00102565239649,0.579487860203,2.40512919426,4.43056342192e-06,2.30970890698e-05,0,0,-4.81910137751e-05,-1.15126550198,41.5203094482,42.0000314713,0,0,0,5.1530960926e-05,149451.817434
21.025,-0.00102565239649,0.579487860203,2.40512919426,4.43056342192e-06,2.30970890698e-05,0,0,-4.81910137751e-05,-1.15126550198,41.5203094482,42.0000314713,0,0,0,5.15305818341e-05,149451.817434
21.0361111111,-0.00102565239649,0.579487860203,2.40512919426,4.43056342192e-06,2.30970890698e-05,0,0,-4.81910137751e-05,-1.15126550198,41.5203094482,42.0000314713,0,0,0,5.15306350942e-05,149451.817434
21.0472222222,-0.00102565239649,0.579487860203,2.40512919426,4.43056342192e-06,2.30970890698e-05,0,0,-4.81910137751e-05,-1.15126550198,41.5203094482,42.0000314713,0,0,0,5.15302077205e-05,149451.817434
21.0583333333,-0.00102565239649,0.579487860203,2.40512919426,4.43056342192e-06,2.30970890698e-05,0,0,-4.81910137751e-05,-1.15126550198,41.5203094482,42.0000314713,0,0,0,5.15306313796e-05,149451.817434
21.0694444444,-0.00102565239649,0.579487860203,2.40512919426,4.43056342192e-06,2.30970890698e-05,0,0,-4.81910137751e-05,-1.15126550198,41.5203094482,42.0000314713,0,0,0,5.15298284422e-05,149451.817434
21.0805555556,-0.00102565239649,0.579487860203,2.40512919426,4.43056342192e-06,2.30970890698e-05,0,0,-4.81910137751e-05,-1.15126550198,41.5203094482,42.0000314713,0,0,0,5.15305481461e-05,149451.817434
21.0916666667,-0.00102565239649,0.579487860203,2.40512919426,4.43056342192e-06,2.30970890698e-05,0,0,-4.81910137751e-05,-1.15126550198,41.5203094482,42.0000314713,0,0,0,5.15310351786e-05,149451.817434
21.1027777778,-0.00102565239649,0.579487860203,2.40512919426,4.43056342192e-06,2.30970890698e-05,0,0,-4.81910137751e-05,-1.15126550198,41.5203094482,42.0000314713,0,0,0,5.15294772257e-05,149451.817434
21.1138888889,-0.00102565239649,0.579487860203,2.40512919426,4.43056342192e-06,2.30970890698e-05,0,0,-4.81910137751e-05,-1.15126550198,41.5203094482,42.0000314713,0,0,0,5.15298438142e-05,149451.817434
21.125,-0.00102565239649,0.579487860203,2.40512919426,4.43056342192e-06,2.30970890698e-05,0,0,-4.81910137751e-05,-1.15126550198,41.5203094482,42.0000314713,0,0,0,5.15296997777e-05,149451.817434
21.1361111111,-0.00102565239649,0.579487860203,2.40512919426,4.43056342192e-06,2.30970890698e-05,0,0,-4.81910137751e-05,-1.15126550198,41.5203094482,42.0000314713,0,0,0,5.15297042264e-05,149451.817434
21.1472222222,-0.00102565239649,0.579487860203,2.40512919426,4.43056342192e-06,2.30970890698e-05,0,0,-4.81910137751e-05,-1.15126550198,41.5203094482,42.0000314713,0,0,0,5.15296461659e-05,149451.817434
21.1583333333,-0.00102565239649,0.579487860203,2.40512919426,4.43056342192e-06,2.30970890698e-05,0,0,-4.81910137751e-05,-1.15126550198,41.5203094482,42.0000314713,0,0,0,5.15298200162e-05,149451.817434
21.1694444444,-0.00102565239649,0.579487860203,2.40512919426,4.43056342192e-06,2.30970890698e-05,0,0,-4.81910137751e-05,-1.15126550198,41.5203094482,42.0000314713,0,0,0,5.15297177589e-05,149451.817434
21.1805555556,-0.00102565239649,0.579487860203,2.40512919426,4.43056342192e-06,2.30970890698e-05,0,0,-4.81910137751e-05,-1.15126550198,41.5203094482,42.0000314713,0,0,0,5.15298441763e-05,149451.817434
21.1916666667,-0.00102565239649,0.579487860203,2.40512919426,4.43056342192e-06,2.30970890698e-05,0,0,-4.81910137751e-05,-1.15126550198,41.5203094482,42.0000314713,0,0,0,5.15298202809e-05,149451.817434
21.2027777778,-0.00102565239649,0.579487860203,2.40512919426,4.43056342192e-06,2.30970890698e-05,0,0,-4.81910137751e-05,-1.15126550198,41.5203094482,42.0000314713,0,0,0,5.15295635338e-05,149451.817434
21.2138888889,-0.00102565239649,0.579487860203,2.40512919426,4.43056342192e-06,2.30970890698e-05,0,0,-4.81910137751e-05,-1.15126550198,41.5203094482,42.0000314713,0,0,0,5.15296914633e-05,149451.817434
21.225,-0.00102565239649,0.579487860203,2.40512919426,4.43056342192e-06,2.30970890698e-05,0,0,-4.81910137751e-05,-1.15126550198,41.5203094482,42.0000314713,0,0,0,5.15298440569e-05,149451.817434
21.2361111111,-0.00102565239649,0.579487860203,2.40512919426,4.43056342192e-06,2.30970890698e-05,0,0,-4.81910137751e-05,-1.15126550198,41.5203094482,42.0000314713,0,0,0,5.15304491447e-05,149451.817434
21.2472222222,-0.00102565239649,0.579487860203,2.40512919426,4.43056342192e-06,2.30970890698e-05,0,0,-4.81910137751e-05,-1.15126550198,41.5203094482,42.0000314713,0,0,0,5.15305316898e-05,149451.817434
21.2583333333,-0.00102565239649,0.579487860203,2.40512919426,4.43056342192e-06,2.30970890698e-05,0,0,-4.81910137751e-05,-1.15126550198,41.5203094482,42.0000314713,0,0,0,5.15305321907e-05,149451.817434
21.2694444444,-0.00102565239649,0.579487860203,2.40512919426,4.43056342192e-06,2.30970890698e-05,0,0,-4.81910137751e-05,-1.15126550198,41.5203094482,42.0000314713,0,0,0,5.15305478779e-05,149451.817434
21.2805555556,-0.00102565239649,0.579487860203,2.40512919426,4.43056342192e-06,2.30970890698e-05,0,0,-4.81910137751e-05,-1.15126550198,41.5203094482,42.0000314713,0,0,0,5.15304116678e-05,149451.817434
21.2916666667,-0.00102565239649,0.579487860203,2.40512919426,4.43056342192e-06,2.30970890698e-05,0,0,-4.81910137751e-05,-1.15126550198,41.5203094482,42.0000314713,0,0,0,5.1530093089e-05,149451.817434
21.3027777778,-0.00102565239649,0.579487860203,2.40512919426,4.43056342192e-06,2.30970890698e-05,0,0,-4.81910137751e-05,-1.15126550198,41.5203094482,42.0000314713,0,0,0,5.15301874562e-05,149451.817434
21.3138888889,-0.00102565239649,0.579487860203,2.40512919426,4.43056342192e-06,2.30970890698e-05,0,0,-4.81910137751e-05,-1.15126550198,41.5203094482,42.0000314713,0,0,0,5.1530239685e-05,149451.817434
21.325,-0.00102565239649,0.579487860203,2.40512919426,4.43056342192e-06,2.30970890698e-05,0,0,-4.81910137751e-05,-1.15126550198,41.5203094482,42.0000314713,0,0,0,5.15304072672e-05,149451.817434
21.3361111111,-0.00102565239649,0.579487860203,2.40512919426,4.43056342192e-06,2.30970890698e-05,0,0,-4.81910137751e-05,-1.15126550198,41.5203094482,42.0000314713,0,0,0,5.15306049445e-05,149451.817434
21.3472222222,-0.00102565239649,0.579487860203,2.40512919426,4.43056342192e-06,2.30970890698e-05,0,0,-4.81910137751e-05,-1.15126550198,41.5203094482,42.0000314713,0,0,0,5.15306955158e-05,149451.817434
21.3583333333,-0.00102565239649,0.579487860203,2.40512919426,4.43056342192e-06,2.30970890698e-05,0,0,-4.81910137751e-05,-1.15126550198,41.5203094482,42.0000314713,0,0,0,5.15305367075e-05,149451.817434
21.3694444444,-0.00102565239649,0.579487860203,2.40512919426,4.43056342192e-06,2.30970890698e-05,0,0,-4.81910137751e-05,-1.15126550198,41.5203094482,42.0000314713,0,0,0,5.15305286352e-05,149451.817434
21.3805555556,-0.00102565239649,0.579487860203,2.40512919426,4.43056342192e-06,2.30970890698e-05,0,0,-4.81910137751e-05,-1.15126550198,41.5203094482,42.0000314713,0,0,0,5.15316579565e-05,149451.817434
21.3916666667,-0.00102565239649,0.579487860203,2.40512919426,4.43056342192e-06,2.30970890698e-05,0,0,-4.81910137751e-05,-1.15126550198,41.5203094482,42.0000314713,0,0,0,5.15309758507e-05,149451.817434
21.4027777778,-0.00102565239649,0.579487860203,2.40512919426,4.43056342192e-06,2.30970890698e-05,0,0,-4.81910137751e-05,-1.15126550198,41.5203094482,42.0000314713,0,0,0,5.15304837005e-05,149451.817434
21.4138888889,-0.00102565239649,0.579487860203,2.40512919426,4.43056342192e-06,2.30970890698e-05,0,0,-4.81910137751e-05,-1.15126550198,41.5203094482,42.0000314713,0,0,0,5.15305258346e-05,149451.817434
21.425,-0.00102565239649,0.579487860203,2.40512919426,4.43056342192e-06,2.30970890698e-05,0,0,-4.81910137751e-05,-1.15126550198,41.5203094482,42.0000314713,0,0,0,5.15301461452e-05,149451.817434
21.4361111111,-0.00102565239649,0.579487860203,2.40512919426,4.43056342192e-06,2.30970890698e-05,0,0,-4.81910137751e-05,-1.15126550198,41.5203094482,42.0000314713,0,0,0,5.15302681306e-05,149451.817434
21.4472222222,-0.00102565239649,0.579487860203,2.40512919426,4.43056342192e-06,2.30970890698e-05,0,0,-4.81910137751e-05,-1.15126550198,41.5203094482,42.0000314713,0,0,0,5.15298721501e-05,149451.817434
21.4583333333,-0.00102565239649,0.579487860203,2.40512919426,4.43056342192e-06,2.30970890698e-05,0,0,-4.81910137751e-05,-1.15126550198,41.5203094482,42.0000314713,0,0,0,5.15305185647e-05,149451.817434
21.4694444444,-0.00102565239649,0.579487860203,2.40512919426,4.43056342192e-06,2.30970890698e-05,0,0,-4.81910137751e-05,-1.15126550198,41.5203094482,42.0000314713,0,0,0,5.15303152186e-05,149451.817434
21.4805555556,-0.00102565239649,0.579487860203,2.40512919426,4.43056342192e-06,2.30970890698e-05,0,0,-4.81910137751e-05,-1.15126550198,41.5203094482,42.0000314713,0,0,0,5.15299595248e-05,149451.817434
21.4916666667,-0.00102565239649,0.579487860203,2.40512919426,4.43056342192e-06,2.30970890698e-05,0,0,-4.81910137751e-05,-1.15126550198,41.5203094482,42.0000314713,0,0,0,5.1530735781e-05,149451.817434
21.5027777778,-0.00102565239649,0.579487860203,2.40512919426,4.43056342192e-06,2.30970890698e-05,0,0,-4.81910137751e-05,-1.15126550198,41.5203094482,42.0000314713,0,0,0,5.15312009792e-05,149451.817434
21.5138888889,-0.00102565239649,0.579487860203,2.40512919426,4.43056342192e-06,2.30970890698e-05,0,0,-4.81910137751e-05,-1.15126550198,41.5203094482,42.0000314713,0,0,0,5.15304755899e-05,149451.817434
21.525,-0.00102565239649,0.579487860203,2.40512919426,4.43056342192e-06,2.30970890698e-05,0,0,-4.81910137751e-05,-1.15126550198,41.5203094482,42.0000314713,0,0,0,5.15312001577e-05,149451.817434
21.5361111111,-0.00102565239649,0.579487860203,2.40512919426,4.43056342192e-06,2.30970890698e-05,0,0,-4.81910137751e-05,-1.15126550198,41.5203094482,42.0000314713,0,0,0,5.15302593617e-05,149451.817434
21.5472222222,-0.00102565239649,0.579487860203,2.40512919426,4.43056342192e-06,2.30970890698e-05,0,0,-4.81910137751e-05,-1.15126550198,41.5203094482,42.0000314713,0,0,0,5.1529740685e-05,149451.817434
21.5583333333,-0.00102565239649,0.579487860203,2.40512919426,4.43056342192e-06,2.30970890698e-05,0,0,-4.81910137751e-05,-1.15126550198,41.5203094482,42.0000314713,0,0,0,5.15304718601e-05,149451.817434
21.5694444444,-0.00102565239649,0.579487860203,2.40512919426,4.43056342192e-06,2.30970890698e-05,0,0,-4.81910137751e-05,-1.15126550198,41.5203094482,42.0000314713,0,0,0,5.15296780524e-05,149451.817434
21.5805555556,-0.00102565239649,0.579487860203,2.40512919426,4.43056342192e-06,2.30970890698e-05,0,0,-4.81910137751e-05,-1.15126550198,41.5203094482,42.0000314713,0,0,0,5.15313864475e-05,149451.817434
21.5916666667,-0.00102565239649,0.579487860203,2.40512919426,4.43056342192e-06,2.30970890698e-05,0,0,-4.81910137751e-05,-1.15126550198,41.5203094482,42.0000314713,0,0,0,5.15312581772e-05,149451.817434
21.6027777778,-0.00102565239649,0.579487860203,2.40512919426,4.43056342192e-06,2.30970890698e-05,0,0,-4.81910137751e-05,-1.15126550198,41.5203094482,42.0000314713,0,0,0,5.15313783889e-05,149451.817434
21.6138888889,-0.00102565239649,0.579487860203,2.40512919426,4.43056342192e-06,2.30970890698e-05,0,0,-4.81910137751e-05,-1.15126550198,41.5203094482,42.0000314713,0,0,0,5.15312769101e-05,149451.817434
21.625,-0.00102565239649,0.579487860203,2.40512919426,4.43056342192e-06,2.30970890698e-05,0,0,-4.81910137751e-05,-1.15126550198,41.5203094482,42.0000314713,0,0,0,5.15312679299e-05,149451.817434
21.6361111111,-0.00102565239649,0.579487860203,2.40512919426,4.43056342192e-06,2.30970890698e-05,0,0,-4.81910137751e-05,-1.15126550198,41.5203094482,42.0000314713,0,0,0,5.15313912193e-05,149451.817434
21.6472222222,-0.00102565239649,0.579487860203,2.40512919426,4.43056342192e-06,2.30970890698e-05,0,0,-4.81910137751e-05,-1.15126550198,41.5203094482,42.0000314713,0,0,0,5.15312451537e-05,149451.817434
21.6583333333,-0.00102565239649,0.579487860203,2.40512919426,4.43056342192e-06,2.30970890698e-05,0,0,-4.81910137751e-05,-1.15126550198,41.5203094482,42.0000314713,0,0,0,5.15312585109e-05,149451.817434
21.6694444444,-0.00102565239649,0.579487860203,2.40512919426,4.43056342192e-06,2.30970890698e-05,0,0,-4.81910137751e-05,-1.15126550198,41.5203094482,42.0000314713,0,0,0,5.1531392096e-05,149451.817434
21.6805555556,-0.00102565239649,0.579487860203,2.40512919426,4.43056342192e-06,2.30970890698e-05,0,0,-4.81910137751e-05,-1.15126550198,41.5203094482,42.0000314713,0,0,0,5.1531391503e-05,149451.817434
21.6916666667,-0.00102565239649,0.579487860203,2.40512919426,4.43056342192e-06,2.30970890698e-05,0,0,-4.81910137751e-05,-1.15126550198,41.5203094482,42.0000314713,0,0,0,5.15313987042e-05,149451.817434
21.7027777778,-0.00102565239649,0.579487860203,2.40512919426,4.43056342192e-06,2.30970890698e-05,0,0,-4.81910137751e-05,-1.15126550198,41.5203094482,42.0000314713,0,0,0,5.15313864475e-05,149451.817434
21.7138888889,-0.00102565239649,0.579487860203,2.40512919426,4.43056342192e-06,2.30970890698e-05,0,0,-4.81910137751e-05,-1.15126550198,41.5203094482,42.0000314713,0,0,0,5.15315192917e-05,149451.817434
21.725,-0.00102565239649,0.579487860203,2.40512919426,4.43056342192e-06,2.30970890698e-05,0,0,-4.81910137751e-05,-1.15126550198,41.5203094482,42.0000314713,0,0,0,5.15312423261e-05,149451.817434
21.7361111111,-0.00102565239649,0.579487860203,2.40512919426,4.43056342192e-06,2.30970890698e-05,0,0,-4.81910137751e-05,-1.15126550198,41.5203094482,42.0000314713,0,0,0,5.15313987591e-05,149451.817434
21.7472222222,-0.00102565239649,0.579487860203,2.40512919426,4.43056342192e-06,2.30970890698e-05,0,0,-4.81910137751e-05,-1.15126550198,41.5203094482,42.0000314713,0,0,0,5.15313910511e-05,149451.817434
21.7583333333,-0.00102565239649,0.579487860203,2.40512919426,4.43056342192e-06,2.30970890698e-05,0,0,-4.81910137751e-05,-1.15126550198,41.5203094482,42.0000314713,0,0,0,5.15313866266e-05,149451.817434
21.7694444444,-0.00102565239649,0.579487860203,2.40512919426,4.43056342192e-06,2.30970890698e-05,0,0,-4.81910137751e-05,-1.15126550198,41.5203094482,42.0000314713,0,0,0,5.15313987242e-05,149451.817434
21.7805555556,-0.00102565239649,0.579487860203,2.40512919426,4.43056342192e-06,2.30970890698e-05,0,0,-4.81910137751e-05,-1.15126550198,41.5203094482,42.0000314713,0,0,0,5.15313862293e-05,149451.817434
21.7916666667,-0.00102565239649,0.579487860203,2.40512919426,4.43056342192e-06,2.30970890698e-05,0,0,-4.81910137751e-05,-1.15126550198,41.5203094482,42.0000314713,0,0,0,5.15313799968e-05,149451.817434
21.8027777778,-0.00102565239649,0.579487860203,2.40512919426,4.43056342192e-06,2.30970890698e-05,0,0,-4.81910137751e-05,-1.15126550198,41.5203094482,42.0000314713,0,0,0,5.15313987659e-05,149451.817434
21.8138888889,-0.00102565239649,0.579487860203,2.40512919426,4.43056342192e-06,2.30970890698e-05,0,0,-4.81910137751e-05,-1.15126550198,41.5203094482,42.0000314713,0,0,0,5.15313863403e-05,149451.817434
21.825,-0.00102565239649,0.579487860203,2.40512919426,4.43056342192e-06,2.30970890698e-05,0,0,-4.81910137751e-05,-1.15126550198,41.5203094482,42.0000314713,0,0,0,5.15312482929e-05,149451.817434
21.8361111111,-0.00102565239649,0.579487860203,2.40512919426,4.43056342192e-06,2.30970890698e-05,0,0,-4.81910137751e-05,-1.15126550198,41.5203094482,42.0000314713,0,0,0,5.15312578209e-05,149451.817434
21.8472222222,-0.00102565239649,0.579487860203,2.40512919426,4.43056342192e-06,2.30970890698e-05,0,0,-4.81910137751e-05,-1.15126550198,41.5203094482,42.0000314713,0,0,0,5.15315189211e-05,149451.817434
21.8583333333,-0.00102565239649,0.579487860203,2.40512919426,4.43056342192e-06,2.30970890698e-05,0,0,-4.81910137751e-05,-1.15126550198,41.5203094482,42.0000314713,0,0,0,5.15315191293e-05,149451.817434
21.8694444444,-0.00102565239649,0.579487860203,2.40512919426,4.43056342192e-06,2.30970890698e-05,0,0,-4.81910137751e-05,-1.15126550198,41.5203094482,42.0000314713,0,0,0,5.15315250561e-05,149451.817434
21.8805555556,-0.00102565239649,0.579487860203,2.40512919426,4.43056342192e-06,2.30970890698e-05,0,0,-4.81910137751e-05,-1.15126550198,41.5203094482,42.0000314713,0,0,0,5.15316486211e-05,149451.817434
21.8916666667,-0.00102565239649,0.579487860203,2.40512919426,4.43056342192e-06,2.30970890698e-05,0,0,-4.81910137751e-05,-1.15126550198,41.5203094482,42.0000314713,0,0,0,5.15299658649e-05,149451.817434
21.9027777778,-0.00102565239649,0.579487860203,2.40512919426,4.43056342192e-06,2.30970890698e-05,0,0,-4.81910137751e-05,-1.15126550198,41.5203094482,42.0000314713,0,0,0,5.15293952882e-05,149451.817434
21.9138888889,-0.00102565239649,0.579487860203,2.40512919426,4.43056342192e-06,2.30970890698e-05,0,0,-4.81910137751e-05,-1.15126550198,41.5203094482,42.0000314713,0,0,0,5.15299704793e-05,149451.817434
21.925,-0.00102565239649,0.579487860203,2.40512919426,4.43056342192e-06,2.30970890698e-05,0,0,-4.81910137751e-05,-1.15126550198,41.5203094482,42.0000314713,0,0,0,5.15316570681e-05,149451.817434
21.9361111111,-0.00102565239649,0.579487860203,2.40512919426,4.43056342192e-06,2.30970890698e-05,0,0,-4.81910137751e-05,-1.15126550198,41.5203094482,42.0000314713,0,0,0,5.15316605856e-05,149451.817434
21.9472222222,-0.00102565239649,0.579487860203,2.40512919426,4.43056342192e-06,2.30970890698e-05,0,0,-4.81910137751e-05,-1.15126550198,41.5203094482,42.0000314713,0,0,0,5.15307357397e-05,149451.817434
21.9583333333,-0.00102565239649,0.579487860203,2.40512919426,4.43056342192e-06,2.30970890698e-05,0,0,-4.81910137751e-05,-1.15126550198,41.5203094482,42.0000314713,0,0,0,5.15300912488e-05,149451.817434
21.9694444444,-0.00102565239649,0.579487860203,2.40512919426,4.43056342192e-06,2.30970890698e-05,0,0,-4.81910137751e-05,-1.15126550198,41.5203094482,42.0000314713,0,0,0,5.15307938004e-05,149451.817434
21.9805555556,-0.00102565239649,0.579487860203,2.40512919426,4.43056342192e-06,2.30970890698e-05,0,0,-4.81910137751e-05,-1.15126550198,41.5203094482,42.0000314713,0,0,0,5.15304602068e-05,149451.817434
21.9916666667,-0.00102565239649,0.579487860203,2.40512919426,4.43056342192e-06,2.30970890698e-05,0,0,-4.81910137751e-05,-1.15126550198,41.5203094482,42.0000314713,0,0,0,5.1530483664e-05,149451.817434
22.0027777778,-0.00102565239649,0.579487860203,2.40512919426,4.43056342192e-06,2.30970890698e-05,0,0,-4.81910137751e-05,-1.15126550198,41.5203094482,42.0000314713,0,0,0,5.15300476723e-05,149451.817434
22.0138888889,-0.00102565239649,0.579487860203,2.40512919426,4.43056342192e-06,2.30970890698e-05,0,0,-4.81910137751e-05,-1.15126550198,41.5203094482,42.0000314713,0,0,0,5.15307137322e-05,149451.817434
22.025,-0.00102565239649,0.579487860203,2.40512919426,4.43056342192e-06,2.30970890698e-05,0,0,-4.81910137751e-05,-1.15126550198,41.5203094482,42.0000314713,0,0,0,5.15300394224e-05,149451.817434
22.0361111111,-0.00102565239649,0.579487860203,2.40512919426,4.43056342192e-06,2.30970890698e-05,0,0,-4.81910137751e-05,-1.15126550198,41.5203094482,42.0000314713,0,0,0,5.15301652549e-05,149451.817434
22.0472222222,-0.00102565239649,0.579487860203,2.40512919426,4.43056342192e-06,2.30970890698e-05,0,0,-4.81910137751e-05,-1.15126550198,41.5203094482,42.0000314713,0,0,0,5.15298855452e-05,149451.817434
22.0583333333,-0.00102565239649,0.579487860203,2.40512919426,4.43056342192e-06,2.30970890698e-05,0,0,-4.81910137751e-05,-1.15126550198,41.5203094482,42.0000314713,0,0,0,5.15302718779e-05,149451.817434
22.0694444444,-0.00102565239649,0.579487860203,2.40512919426,4.43056342192e-06,2.30970890698e-05,0,0,-4.81910137751e-05,-1.15126550198,41.5203094482,42.0000314713,0,0,0,5.15300012853e-05,149451.817434
22.0805555556,-0.00102565239649,0.579487860203,2.40512919426,4.43056342192e-06,2.30970890698e-05,0,0,-4.81910137751e-05,-1.15126550198,41.5203094482,42.0000314713,0,0,0,5.15307307226e-05,149451.817434
22.0916666667,-0.00102565239649,0.579487860203,2.40512919426,4.43056342192e-06,2.30970890698e-05,0,0,-4.81910137751e-05,-1.15126550198,41.5203094482,42.0000314713,0,0,0,5.15299710024e-05,149451.817434
22.1027777778,-0.00102565239649,0.579487860203,2.40512919426,4.43056342192e-06,2.30970890698e-05,0,0,-4.81910137751e-05,-1.15126550198,41.5203094482,42.0000314713,0,0,0,5.15301493754e-05,149451.817434
22.1138888889,-0.00102565239649,0.579487860203,2.40512919426,4.43056342192e-06,2.30970890698e-05,0,0,-4.81910137751e-05,-1.15126550198,41.5203094482,42.0000314713,0,0,0,5.15302777189e-05,149451.817434
22.125,-0.00102565239649,0.579487860203,2.40512919426,4.43056342192e-06,2.30970890698e-05,0,0,-4.81910137751e-05,-1.15126550198,41.5203094482,42.0000314713,0,0,0,5.15305100725e-05,149451.817434
22.1361111111,-0.00102565239649,0.579487860203,2.40512919426,4.43056342192e-06,2.30970890698e-05,0,0,-4.81910137751e-05,-1.15126550198,41.5203094482,42.0000314713,0,0,0,5.15302172953e-05,149451.817434
22.1472222222,-0.00102565239649,0.579487860203,2.40512919426,4.43056342192e-06,2.30970890698e-05,0,0,-4.81910137751e-05,-1.15126550198,41.5203094482,42.0000314713,0,0,0,5.15304052807e-05,149451.817434
22.1583333333,-0.00102565239649,0.579487860203,2.40512919426,4.43056342192e-06,2.30970890698e-05,0,0,-4.81910137751e-05,-1.15126550198,41.5203094482,42.0000314713,0,0,0,5.15303281563e-05,149451.817434
22.1694444444,-0.00102565239649,0.579487860203,2.40512919426,4.43056342192e-06,2.30970890698e-05,0,0,-4.81910137751e-05,-1.15126550198,41.5203094482,42.0000314713,0,0,0,5.15303771725e-05,149451.817434
22.1805555556,-0.00102565239649,0.579487860203,2.40512919426,4.43056342192e-06,2.30970890698e-05,0,0,-4.81910137751e-05,-1.15126550198,41.5203094482,42.0000314713,0,0,0,5.15301076768e-05,149451.817434
22.1916666667,-0.00102565239649,0.579487860203,2.40512919426,4.43056342192e-06,2.30970890698e-05,0,0,-4.81910137751e-05,-1.15126550198,41.5203094482,42.0000314713,0,0,0,5.15307109602e-05,149451.817434
22.2027777778,-0.00102565239649,0.579487860203,2.40512919426,4.43056342192e-06,2.30970890698e-05,0,0,-4.81910137751e-05,-1.15126550198,41.5203094482,42.0000314713,0,0,0,5.15300281882e-05,149451.817434
22.2138888889,-0.00102565239649,0.579487860203,2.40512919426,4.43056342192e-06,2.30970890698e-05,0,0,-4.81910137751e-05,-1.15126550198,41.5203094482,42.0000314713,0,0,0,5.1529921947e-05,149451.817434
22.225,-0.00102565239649,0.579487860203,2.40512919426,4.43056342192e-06,2.30970890698e-05,0,0,-4.81910137751e-05,-1.15126550198,41.5203094482,42.0000314713,0,0,0,5.15301912807e-05,149451.817434
22.2361111111,-0.00102565239649,0.579487860203,2.40512919426,4.43056342192e-06,2.30970890698e-05,0,0,-4.81910137751e-05,-1.15126550198,41.5203094482,42.0000314713,0,0,0,5.15301609505e-05,149451.817434
22.2472222222,-0.00102565239649,0.579487860203,2.40512919426,4.43056342192e-06,2.30970890698e-05,0,0,-4.81910137751e-05,-1.15126550198,41.5203094482,42.0000314713,0,0,0,5.15302913802e-05,149451.817434
22.2583333333,-0.00102565239649,0.579487860203,2.40512919426,4.43056342192e-06,2.30970890698e-05,0,0,-4.81910137751e-05,-1.15126550198,41.5203094482,42.0000314713,0,0,0,5.15301318748e-05,149451.817434
22.2694444444,-0.00102565239649,0.579487860203,2.40512919426,4.43056342192e-06,2.30970890698e-05,0,0,-4.81910137751e-05,-1.15126550198,41.5203094482,42.0000314713,0,0,0,5.15301495442e-05,149451.817434
22.2805555556,-0.00102565239649,0.579487860203,2.40512919426,4.43056342192e-06,2.30970890698e-05,0,0,-4.81910137751e-05,-1.15126550198,41.5203094482,42.0000314713,0,0,0,5.1531209497e-05,149451.817434
22.2916666667,-0.00102565239649,0.579487860203,2.40512919426,4.43056342192e-06,2.30970890698e-05,0,0,-4.81910137751e-05,-1.15126550198,41.5203094482,42.0000314713,0,0,0,5.15303440409e-05,149451.817434
22.3027777778,-0.00102565239649,0.579487860203,2.40512919426,4.43056342192e-06,2.30970890698e-05,0,0,-4.81910137751e-05,-1.15126550198,41.5203094482,42.0000314713,0,0,0,5.15298488398e-05,149451.817434
22.3138888889,-0.00102565239649,0.579487860203,2.40512919426,4.43056342192e-06,2.30970890698e-05,0,0,-4.81910137751e-05,-1.15126550198,41.5203094482,42.0000314713,0,0,0,5.15296607187e-05,149451.817434
22.325,-0.00102565239649,0.579487860203,2.40512919426,4.43056342192e-06,2.30970890698e-05,0,0,-4.81910137751e-05,-1.15126550198,41.5203094482,42.0000314713,0,0,0,5.15300211552e-05,149451.817434
22.3361111111,-0.00102565239649,0.579487860203,2.40512919426,4.43056342192e-06,2.30970890698e-05,0,0,-4.81910137751e-05,-1.15126550198,41.5203094482,42.0000314713,0,0,0,5.15314156078e-05,149451.817434
22.3472222222,-0.00102565239649,0.579487860203,2.40512919426,4.43056342192e-06,2.30970890698e-05,0,0,-4.81910137751e-05,-1.15126550198,41.5203094482,42.0000314713,0,0,0,5.15305702005e-05,149451.817434
22.3583333333,-0.00102565239649,0.579487860203,2.40512919426,4.43056342192e-06,2.30970890698e-05,0,0,-4.81910137751e-05,-1.15126550198,41.5203094482,42.0000314713,0,0,0,5.15307923384e-05,149451.817434
22.3694444444,-0.00102565239649,0.579487860203,2.40512919426,4.43056342192e-06,2.30970890698e-05,0,0,-4.81910137751e-05,-1.15126550198,41.5203094482,42.0000314713,0,0,0,5.15301694982e-05,149451.817434
22.3805555556,-0.00102565239649,0.579487860203,2.40512919426,4.43056342192e-06,2.30970890698e-05,0,0,-4.81910137751e-05,-1.15126550198,41.5203094482,42.0000314713,0,0,0,5.15300505716e-05,149451.817434
22.3916666667,-0.00102565239649,0.579487860203,2.40512919426,4.43056342192e-06,2.30970890698e-05,0,0,-4.81910137751e-05,-1.15126550198,41.5203094482,42.0000314713,0,0,0,5.15309754562e-05,149451.817434
22.4027777778,-0.00102565239649,0.579487860203,2.40512919426,4.43056342192e-06,2.30970890698e-05,0,0,-4.81910137751e-05,-1.15126550198,41.5203094482,42.0000314713,0,0,0,5.15316642698e-05,149451.817434
22.4138888889,-0.00102565239649,0.579487860203,2.40512919426,4.43056342192e-06,2.30970890698e-05,0,0,-4.81910137751e-05,-1.15126550198,41.5203094482,42.0000314713,0,0,0,5.15301478942e-05,149451.817434
22.425,-0.00102565239649,0.579487860203,2.40512919426,4.43056342192e-06,2.30970890698e-05,0,0,-4.81910137751e-05,-1.15126550198,41.5203094482,42.0000314713,0,0,0,5.15295696617e-05,149451.817434
22.4361111111,-0.00102565239649,0.579487860203,2.40512919426,4.43056342192e-06,2.30970890698e-05,0,0,-4.81910137751e-05,-1.15126550198,41.5203094482,42.0000314713,0,0,0,5.15304151517e-05,149451.817434
22.4472222222,-0.00102565239649,0.579487860203,2.40512919426,4.43056342192e-06,2.30970890698e-05,0,0,-4.81910137751e-05,-1.15126550198,41.5203094482,42.0000314713,0,0,0,5.15298892401e-05,149451.817434
22.4583333333,-0.00102565239649,0.579487860203,2.40512919426,4.43056342192e-06,2.30970890698e-05,0,0,-4.81910137751e-05,-1.15126550198,41.5203094482,42.0000314713,0,0,0,5.15295805491e-05,149451.817434
22.4694444444,-0.00102565239649,0.579487860203,2.40512919426,4.43056342192e-06,2.30970890698e-05,0,0,-4.81910137751e-05,-1.15126550198,41.5203094482,42.0000314713,0,0,0,5.15301493476e-05,149451.817434
22.4805555556,-0.00102565239649,0.579487860203,2.40512919426,4.43056342192e-06,2.30970890698e-05,0,0,-4.81910137751e-05,-1.15126550198,41.5203094482,42.0000314713,0,0,0,5.15301496939e-05,149451.817434
22.4916666667,-0.00102565239649,0.579487860203,2.40512919426,4.43056342192e-06,2.30970890698e-05,0,0,-4.81910137751e-05,-1.15126550198,41.5203094482,42.0000314713,0,0,0,5.15301535688e-05,149451.817434
22.5027777778,-0.00102565239649,0.579487860203,2.40512919426,4.43056342192e-06,2.30970890698e-05,0,0,-4.81910137751e-05,-1.15126550198,41.5203094482,42.0000314713,0,0,0,5.15301231701e-05,149451.817434
22.5138888889,-0.00102565239649,0.579487860203,2.40512919426,4.43056342192e-06,2.30970890698e-05,0,0,-4.81910137751e-05,-1.15126550198,41.5203094482,42.0000314713,0,0,0,5.15304541489e-05,149451.817434
22.525,-0.00102565239649,0.579487860203,2.40512919426,4.43056342192e-06,2.30970890698e-05,0,0,-4.81910137751e-05,-1.15126550198,41.5203094482,42.0000314713,0,0,0,5.15303349314e-05,149451.817434
22.5361111111,-0.00102565239649,0.579487860203,2.40512919426,4.43056342192e-06,2.30970890698e-05,0,0,-4.81910137751e-05,-1.15126550198,41.5203094482,42.0000314713,0,0,0,5.15301532967e-05,149451.817434
22.5472222222,-0.00102565239649,0.579487860203,2.40512919426,4.43056342192e-06,2.30970890698e-05,0,0,-4.81910137751e-05,-1.15126550198,41.5203094482,42.0000314713,0,0,0,5.15301497808e-05,149451.817434
22.5583333333,-0.00102565239649,0.579487860203,2.40512919426,4.43056342192e-06,2.30970890698e-05,0,0,-4.81910137751e-05,-1.15126550198,41.5203094482,42.0000314713,0,0,0,5.15312606585e-05,149451.817434
22.5694444444,-0.00102565239649,0.579487860203,2.40512919426,4.43056342192e-06,2.30970890698e-05,0,0,-4.81910137751e-05,-1.15126550198,41.5203094482,42.0000314713,0,0,0,5.153061602e-05,149451.817434
22.5805555556,-0.00102565239649,0.579487860203,2.40512919426,4.43056342192e-06,2.30970890698e-05,0,0,-4.81910137751e-05,-1.15126550198,41.5203094482,42.0000314713,0,0,0,5.15302495978e-05,149451.817434
22.5916666667,-0.00102565239649,0.579487860203,2.40512919426,4.43056342192e-06,2.30970890698e-05,0,0,-4.81910137751e-05,-1.15126550198,41.5203094482,42.0000314713,0,0,0,5.15297950795e-05,149451.817434
22.6027777778,-0.00102565239649,0.579487860203,2.40512919426,4.43056342192e-06,2.30970890698e-05,0,0,-4.81910137751e-05,-1.15126550198,41.5203094482,42.0000314713,0,0,0,5.15297950182e-05,149451.817434
22.6138888889,-0.00102565239649,0.579487860203,2.40512919426,4.43056342192e-06,2.30970890698e-05,0,0,-4.81910137751e-05,-1.15126550198,41.5203094482,42.0000314713,0,0,0,5.15297272657e-05,149451.817434
22.625,-0.00102565239649,0.579487860203,2.40512919426,4.43056342192e-06,2.30970890698e-05,0,0,-4.81910137751e-05,-1.15126550198,41.5203094482,42.0000314713,0,0,0,5.15302682416e-05,149451.817434
22.6361111111,-0.00102565239649,0.579487860203,2.40512919426,4.43056342192e-06,2.30970890698e-05,0,0,-4.81910137751e-05,-1.15126550198,41.5203094482,42.0000314713,0,0,0,5.15304601808e-05,149451.817434
22.6472222222,-0.00102565239649,0.579487860203,2.40512919426,4.43056342192e-06,2.30970890698e-05,0,0,-4.81910137751e-05,-1.15126550198,41.5203094482,42.0000314713,0,0,0,5.1530123225e-05,149451.817434
22.6583333333,-0.00102565239649,0.579487860203,2.40512919426,4.43056342192e-06,2.30970890698e-05,0,0,-4.81910137751e-05,-1.15126550198,41.5203094482,42.0000314713,0,0,0,5.15314335572e-05,149451.817434
22.6694444444,-0.00102565239649,0.579487860203,2.40512919426,4.43056342192e-06,2.30970890698e-05,0,0,-4.81910137751e-05,-1.15126550198,41.5203094482,42.0000314713,0,0,0,5.15314231735e-05,149451.817434
22.6805555556,-0.00102565239649,0.579487860203,2.40512919426,4.43056342192e-06,2.30970890698e-05,0,0,-4.81910137751e-05,-1.15126550198,41.5203094482,42.0000314713,0,0,0,5.15314454457e-05,149451.817434
22.6916666667,-0.00102565239649,0.579487860203,2.40512919426,4.43056342192e-06,2.30970890698e-05,0,0,-4.81910137751e-05,-1.15126550198,41.5203094482,42.0000314713,0,0,0,5.15313029684e-05,149451.817434
22.7027777778,-0.00102565239649,0.579487860203,2.40512919426,4.43056342192e-06,2.30970890698e-05,0,0,-4.81910137751e-05,-1.15126550198,41.5203094482,42.0000314713,0,0,0,5.15314509075e-05,149451.817434
22.7138888889,-0.00102565239649,0.579487860203,2.40512919426,4.43056342192e-06,2.30970890698e-05,0,0,-4.81910137751e-05,-1.15126550198,41.5203094482,42.0000314713,0,0,0,5.15301110934e-05,149451.817434
22.725,-0.00102565239649,0.579487860203,2.40512919426,4.43056342192e-06,2.30970890698e-05,0,0,-4.81910137751e-05,-1.15126550198,41.5203094482,42.0000314713,0,0,0,5.15314272197e-05,149451.817434
22.7361111111,-0.00102565239649,0.579487860203,2.40512919426,4.43056342192e-06,2.30970890698e-05,0,0,-4.81910137751e-05,-1.15126550198,41.5203094482,42.0000314713,0,0,0,5.15314255055e-05,149451.817434
22.7472222222,-0.00102565239649,0.579487860203,2.40512919426,4.43056342192e-06,2.30970890698e-05,0,0,-4.81910137751e-05,-1.15126550198,41.5203094482,42.0000314713,0,0,0,5.15314340027e-05,149451.817434
22.7583333333,-0.00102565239649,0.579487860203,2.40512919426,4.43056342192e-06,2.30970890698e-05,0,0,-4.81910137751e-05,-1.15126550198,41.5203094482,42.0000314713,0,0,0,5.1531331766e-05,149451.817434
22.7694444444,-0.00102565239649,0.579487860203,2.40512919426,4.43056342192e-06,2.30970890698e-05,0,0,-4.81910137751e-05,-1.15126550198,41.5203094482,42.0000314713,0,0,0,5.15302637994e-05,149451.817434
22.7805555556,-0.00102565239649,0.579487860203,2.40512919426,4.43056342192e-06,2.30970890698e-05,0,0,-4.81910137751e-05,-1.15126550198,41.5203094482,42.0000314713,0,0,0,5.15301497792e-05,149451.817434
22.7916666667,-0.00102565239649,0.579487860203,2.40512919426,4.43056342192e-06,2.30970890698e-05,0,0,-4.81910137751e-05,-1.15126550198,41.5203094482,42.0000314713,0,0,0,5.15303997175e-05,149451.817434
22.8027777778,-0.00102565239649,0.579487860203,2.40512919426,4.43056342192e-06,2.30970890698e-05,0,0,-4.81910137751e-05,-1.15126550198,41.5203094482,42.0000314713,0,0,0,5.15309025808e-05,149451.817434
22.8138888889,-0.00102565239649,0.579487860203,2.40512919426,4.43056342192e-06,2.30970890698e-05,0,0,-4.81910137751e-05,-1.15126550198,41.5203094482,42.0000314713,0,0,0,5.15299630427e-05,149451.817434
22.825,-0.00102565239649,0.579487860203,2.40512919426,4.43056342192e-06,2.30970890698e-05,0,0,-4.81910137751e-05,-1.15126550198,41.5203094482,42.0000314713,0,0,0,5.15299877227e-05,149451.817434
22.8361111111,-0.00102565239649,0.579487860203,2.40512919426,4.43056342192e-06,2.30970890698e-05,0,0,-4.81910137751e-05,-1.15126550198,41.5203094482,42.0000314713,0,0,0,5.15301277329e-05,149451.817434
22.8472222222,-0.00102565239649,0.579487860203,2.40512919426,4.43056342192e-06,2.30970890698e-05,0,0,-4.81910137751e-05,-1.15126550198,41.5203094482,42.0000314713,0,0,0,5.15310427596e-05,149451.817434
22.8583333333,-0.00102565239649,0.579487860203,2.40512919426,4.43056342192e-06,2.30970890698e-05,0,0,-4.81910137751e-05,-1.15126550198,41.5203094482,42.0000314713,0,0,0,5.15307183133e-05,149451.817434
22.8694444444,-0.00102565239649,0.579487860203,2.40512919426,4.43056342192e-06,2.30970890698e-05,0,0,-4.81910137751e-05,-1.15126550198,41.5203094482,42.0000314713,0,0,0,5.15312253075e-05,149451.817434
22.8805555556,-0.00102565239649,0.579487860203,2.40512919426,4.43056342192e-06,2.30970890698e-05,0,0,-4.81910137751e-05,-1.15126550198,41.5203094482,42.0000314713,0,0,0,5.15304717958e-05,149451.817434
22.8916666667,-0.00102565239649,0.579487860203,2.40512919426,4.43056342192e-06,2.30970890698e-05,0,0,-4.81910137751e-05,-1.15126550198,41.5203094482,42.0000314713,0,0,0,5.15310996834e-05,149451.817434
22.9027777778,-0.00102565239649,0.579487860203,2.40512919426,4.43056342192e-06,2.30970890698e-05,0,0,-4.81910137751e-05,-1.15126550198,41.5203094482,42.0000314713,0,0,0,5.15306931544e-05,149451.817434
22.9138888889,-0.00102565239649,0.579487860203,2.40512919426,4.43056342192e-06,2.30970890698e-05,0,0,-4.81910137751e-05,-1.15126550198,41.5203094482,42.0000314713,0,0,0,5.1529631046e-05,149451.817434
22.925,-0.00102565239649,0.579487860203,2.40512919426,4.43056342192e-06,2.30970890698e-05,0,0,-4.81910137751e-05,-1.15126550198,41.5203094482,42.0000314713,0,0,0,5.15301911497e-05,149451.817434
22.9361111111,-0.00102565239649,0.579487860203,2.40512919426,4.43056342192e-06,2.30970890698e-05,0,0,-4.81910137751e-05,-1.15126550198,41.5203094482,42.0000314713,0,0,0,5.15296756914e-05,149451.817434
22.9472222222,-0.00102565239649,0.579487860203,2.40512919426,4.43056342192e-06,2.30970890698e-05,0,0,-4.81910137751e-05,-1.15126550198,41.5203094482,42.0000314713,0,0,0,5.15297406643e-05,149451.817434
22.9583333333,-0.00102565239649,0.579487860203,2.40512919426,4.43056342192e-06,2.30970890698e-05,0,0,-4.81910137751e-05,-1.15126550198,41.5203094482,42.0000314713,0,0,0,5.15301460633e-05,149451.817434
22.9694444444,-0.00102565239649,0.579487860203,2.40512919426,4.43056342192e-06,2.30970890698e-05,0,0,-4.81910137751e-05,-1.15126550198,41.5203094482,42.0000314713,0,0,0,5.15299104714e-05,149451.817434
22.9805555556,-0.00102565239649,0.579487860203,2.40512919426,4.43056342192e-06,2.30970890698e-05,0,0,-4.81910137751e-05,-1.15126550198,41.5203094482,42.0000314713,0,0,0,5.15298405285e-05,149451.817434
22.9916666667,-0.00102565239649,0.579487860203,2.40512919426,4.43056342192e-06,2.30970890698e-05,0,0,-4.81910137751e-05,-1.15126550198,41.5203094482,42.0000314713,0,0,0,5.15311366455e-05,149451.817434
23.0027777778,-0.00102565239649,0.579487860203,2.40512919426,4.43056342192e-06,2.30970890698e-05,0,0,-4.81910137751e-05,-1.15126550198,41.5203094482,42.0000314713,0,0,0,5.15303699005e-05,149451.817434
23.0138888889,-0.00102565239649,0.579487860203,2.40512919426,4.43056342192e-06,2.30970890698e-05,0,0,-4.81910137751e-05,-1.15126550198,41.5203094482,42.0000314713,0,0,0,5.15303771031e-05,149451.817434
23.025,-0.00102565239649,0.579487860203,2.40512919426,4.43056342192e-06,2.30970890698e-05,0,0,-4.81910137751e-05,-1.15126550198,41.5203094482,42.0000314713,0,0,0,5.15303774994e-05,149451.817434
23.0361111111,-0.00102565239649,0.579487860203,2.40512919426,4.43056342192e-06,2.30970890698e-05,0,0,-4.81910137751e-05,-1.15126550198,41.5203094482,42.0000314713,0,0,0,5.1530481833e-05,149451.817434
23.0472222222,-0.00102565239649,0.579487860203,2.40512919426,4.43056342192e-06,2.30970890698e-05,0,0,-4.81910137751e-05,-1.15126550198,41.5203094482,42.0000314713,0,0,0,5.15303736131e-05,149451.817434
23.0583333333,-0.00102565239649,0.579487860203,2.40512919426,4.43056342192e-06,2.30970890698e-05,0,0,-4.81910137751e-05,-1.15126550198,41.5203094482,42.0000314713,0,0,0,5.15301764235e-05,149451.817434
23.0694444444,-0.00102565239649,0.579487860203,2.40512919426,4.43056342192e-06,2.30970890698e-05,0,0,-4.81910137751e-05,-1.15126550198,41.5203094482,42.0000314713,0,0,0,5.15299291522e-05,149451.817434
23.0805555556,-0.00102565239649,0.579487860203,2.40512919426,4.43056342192e-06,2.30970890698e-05,0,0,-4.81910137751e-05,-1.15126550198,41.5203094482,42.0000314713,0,0,0,5.15299593235e-05,149451.817434
23.0916666667,-0.00102565239649,0.579487860203,2.40512919426,4.43056342192e-06,2.30970890698e-05,0,0,-4.81910137751e-05,-1.15126550198,41.5203094482,42.0000314713,0,0,0,5.15299593782e-05,149451.817434
23.1027777778,-0.00102565239649,0.579487860203,2.40512919426,4.43056342192e-06,2.30970890698e-05,0,0,-4.81910137751e-05,-1.15126550198,41.5203094482,42.0000314713,0,0,0,5.15299594483e-05,149451.817434
23.1138888889,-0.00102565239649,0.579487860203,2.40512919426,4.43056342192e-06,2.30970890698e-05,0,0,-4.81910137751e-05,-1.15126550198,41.5203094482,42.0000314713,0,0,0,5.1529963264e-05,149451.817434
23.125,-0.00102565239649,0.579487860203,2.40512919426,4.43056342192e-06,2.30970890698e-05,0,0,-4.81910137751e-05,-1.15126550198,41.5203094482,42.0000314713,0,0,0,5.15303151925e-05,149451.817434
23.1361111111,-0.00102565239649,0.579487860203,2.40512919426,4.43056342192e-06,2.30970890698e-05,0,0,-4.81910137751e-05,-1.15126550198,41.5203094482,42.0000314713,0,0,0,5.15297688668e-05,149451.817434
23.1472222222,-0.00102565239649,0.579487860203,2.40512919426,4.43056342192e-06,2.30970890698e-05,0,0,-4.81910137751e-05,-1.15126550198,41.5203094482,42.0000314713,0,0,0,5.15313030513e-05,149451.817434
23.1583333333,-0.00102565239649,0.579487860203,2.40512919426,4.43056342192e-06,2.30970890698e-05,0,0,-4.81910137751e-05,-1.15126550198,41.5203094482,42.0000314713,0,0,0,5.153027166e-05,149451.817434
23.1694444444,-0.00102565239649,0.579487860203,2.40512919426,4.43056342192e-06,2.30970890698e-05,0,0,-4.81910137751e-05,-1.15126550198,41.5203094482,42.0000314713,0,0,0,5.15314294334e-05,149451.817434
23.1805555556,-0.00102565239649,0.579487860203,2.40512919426,4.43056342192e-06,2.30970890698e-05,0,0,-4.81910137751e-05,-1.15126550198,41.5203094482,42.0000314713,0,0,0,5.15298133625e-05,149451.817434
23.1916666667,-0.00102565239649,0.579487860203,2.40512919426,4.43056342192e-06,2.30970890698e-05,0,0,-4.81910137751e-05,-1.15126550198,41.5203094482,42.0000314713,0,0,0,5.15300738831e-05,149451.817434
23.2027777778,-0.00102565239649,0.579487860203,2.40512919426,4.43056342192e-06,2.30970890698e-05,0,0,-4.81910137751e-05,-1.15126550198,41.5203094482,42.0000314713,0,0,0,5.15297692157e-05,149451.817434
23.2138888889,-0.00102565239649,0.579487860203,2.40512919426,4.43056342192e-06,2.30970890698e-05,0,0,-4.81910137751e-05,-1.15126550198,41.5203094482,42.0000314713,0,0,0,5.15309608058e-05,149451.817434
23.225,-0.00102565239649,0.579487860203,2.40512919426,4.43056342192e-06,2.30970890698e-05,0,0,-4.81910137751e-05,-1.15126550198,41.5203094482,42.0000314713,0,0,0,5.15306121308e-05,149451.817434
23.2361111111,-0.00102565239649,0.579487860203,2.40512919426,4.43056342192e-06,2.30970890698e-05,0,0,-4.81910137751e-05,-1.15126550198,41.5203094482,42.0000314713,0,0,0,5.15307762189e-05,149451.817434
23.2472222222,-0.00102565239649,0.579487860203,2.40512919426,4.43056342192e-06,2.30970890698e-05,0,0,-4.81910137751e-05,-1.15126550198,41.5203094482,42.0000314713,0,0,0,5.15307607819e-05,149451.817434
23.2583333333,-0.00102565239649,0.579487860203,2.40512919426,4.43056342192e-06,2.30970890698e-05,0,0,-4.81910137751e-05,-1.15126550198,41.5203094482,42.0000314713,0,0,0,5.15306136751e-05,149451.817434
23.2694444444,-0.00102565239649,0.579487860203,2.40512919426,4.43056342192e-06,2.30970890698e-05,0,0,-4.81910137751e-05,-1.15126550198,41.5203094482,42.0000314713,0,0,0,5.15303932696e-05,149451.817434
23.2805555556,-0.00102565239649,0.579487860203,2.40512919426,4.43056342192e-06,2.30970890698e-05,0,0,-4.81910137751e-05,-1.15126550198,41.5203094482,42.0000314713,0,0,0,5.15303316142e-05,149451.817434
23.2916666667,-0.00102565239649,0.579487860203,2.40512919426,4.43056342192e-06,2.30970890698e-05,0,0,-4.81910137751e-05,-1.15126550198,41.5203094482,42.0000314713,0,0,0,5.15304999217e-05,149451.817434
23.3027777778,-0.00102565239649,0.579487860203,2.40512919426,4.43056342192e-06,2.30970890698e-05,0,0,-4.81910137751e-05,-1.15126550198,41.5203094482,42.0000314713,0,0,0,5.1530110913e-05,149451.817434
23.3138888889,-0.00102565239649,0.579487860203,2.40512919426,4.43056342192e-06,2.30970890698e-05,0,0,-4.81910137751e-05,-1.15126550198,41.5203094482,42.0000314713,0,0,0,5.15301109272e-05,149451.817434
23.325,-0.00102565239649,0.579487860203,2.40512919426,4.43056342192e-06,2.30970890698e-05,0,0,-4.81910137751e-05,-1.15126550198,41.5203094482,42.0000314713,0,0,0,5.15301110934e-05,149451.817434
23.3361111111,-0.00102565239649,0.579487860203,2.40512919426,4.43056342192e-06,2.30970890698e-05,0,0,-4.81910137751e-05,-1.15126550198,41.5203094482,42.0000314713,0,0,0,5.15307008783e-05,149451.817434
23.3472222222,-0.00102565239649,0.579487860203,2.40512919426,4.43056342192e-06,2.30970890698e-05,0,0,-4.81910137751e-05,-1.15126550198,41.5203094482,42.0000314713,0,0,0,5.15303120514e-05,149451.817434
23.3583333333,-0.00102565239649,0.579487860203,2.40512919426,4.43056342192e-06,2.30970890698e-05,0,0,-4.81910137751e-05,-1.15126550198,41.5203094482,42.0000314713,0,0,0,5.15298719068e-05,149451.817434
23.3694444444,-0.00102565239649,0.579487860203,2.40512919426,4.43056342192e-06,2.30970890698e-05,0,0,-4.81910137751e-05,-1.15126550198,41.5203094482,42.0000314713,0,0,0,5.15303198598e-05,149451.817434
23.3805555556,-0.00102565239649,0.579487860203,2.40512919426,4.43056342192e-06,2.30970890698e-05,0,0,-4.81910137751e-05,-1.15126550198,41.5203094482,42.0000314713,0,0,0,5.1530306238e-05,149451.817434
23.3916666667,-0.00102565239649,0.579487860203,2.40512919426,4.43056342192e-06,2.30970890698e-05,0,0,-4.81910137751e-05,-1.15126550198,41.5203094482,42.0000314713,0,0,0,5.15303931908e-05,149451.817434
23.4027777778,-0.00102565239649,0.579487860203,2.40512919426,4.43056342192e-06,2.30970890698e-05,0,0,-4.81910137751e-05,-1.15126550198,41.5203094482,42.0000314713,0,0,0,5.15308447397e-05,149451.817434
23.4138888889,-0.00102565239649,0.579487860203,2.40512919426,4.43056342192e-06,2.30970890698e-05,0,0,-4.81910137751e-05,-1.15126550198,41.5203094482,42.0000314713,0,0,0,5.1530794345e-05,149451.817434
23.425,-0.00102565239649,0.579487860203,2.40512919426,4.43056342192e-06,2.30970890698e-05,0,0,-4.81910137751e-05,-1.15126550198,41.5203094482,42.0000314713,0,0,0,5.15307033581e-05,149451.817434
23.4361111111,-0.00102565239649,0.579487860203,2.40512919426,4.43056342192e-06,2.30970890698e-05,0,0,-4.81910137751e-05,-1.15126550198,41.5203094482,42.0000314713,0,0,0,5.153139869e-05,149451.817434
23.4472222222,-0.00102565239649,0.579487860203,2.40512919426,4.43056342192e-06,2.30970890698e-05,0,0,-4.81910137751e-05,-1.15126550198,41.5203094482,42.0000314713,0,0,0,5.15315194152e-05,149451.817434
23.4583333333,-0.00102565239649,0.579487860203,2.40512919426,4.43056342192e-06,2.30970890698e-05,0,0,-4.81910137751e-05,-1.15126550198,41.5203094482,42.0000314713,0,0,0,5.15316566029e-05,149451.817434
23.4694444444,-0.00102565239649,0.579487860203,2.40512919426,4.43056342192e-06,2.30970890698e-05,0,0,-4.81910137751e-05,-1.15126550198,41.5203094482,42.0000314713,0,0,0,5.15315088668e-05,149451.817434
23.4805555556,-0.00102565239649,0.579487860203,2.40512919426,4.43056342192e-06,2.30970890698e-05,0,0,-4.81910137751e-05,-1.15126550198,41.5203094482,42.0000314713,0,0,0,5.15315272379e-05,149451.817434
23.4916666667,-0.00102565239649,0.579487860203,2.40512919426,4.43056342192e-06,2.30970890698e-05,0,0,-4.81910137751e-05,-1.15126550198,41.5203094482,42.0000314713,0,0,0,5.15313784658e-05,149451.817434
23.5027777778,-0.00102565239649,0.579487860203,2.40512919426,4.43056342192e-06,2.30970890698e-05,0,0,-4.81910137751e-05,-1.15126550198,41.5203094482,42.0000314713,0,0,0,5.15315345873e-05,149451.817434
23.5138888889,-0.00102565239649,0.579487860203,2.40512919426,4.43056342192e-06,2.30970890698e-05,0,0,-4.81910137751e-05,-1.15126550198,41.5203094482,42.0000314713,0,0,0,5.15314066847e-05,149451.817434
23.525,-0.00102565239649,0.579487860203,2.40512919426,4.43056342192e-06,2.30970890698e-05,0,0,-4.81910137751e-05,-1.15126550198,41.5203094482,42.0000314713,0,0,0,5.15315190951e-05,149451.817434
23.5361111111,-0.00102565239649,0.579487860203,2.40512919426,4.43056342192e-06,2.30970890698e-05,0,0,-4.81910137751e-05,-1.15126550198,41.5203094482,42.0000314713,0,0,0,5.15315190805e-05,149451.817434
23.5472222222,-0.00102565239649,0.579487860203,2.40512919426,4.43056342192e-06,2.30970890698e-05,0,0,-4.81910137751e-05,-1.15126550198,41.5203094482,42.0000314713,0,0,0,5.15315250073e-05,149451.817434
23.5583333333,-0.00102565239649,0.579487860203,2.40512919426,4.43056342192e-06,2.30970890698e-05,0,0,-4.81910137751e-05,-1.15126550198,41.5203094482,42.0000314713,0,0,0,5.153137852e-05,149451.817434
23.5694444444,-0.00102565239649,0.579487860203,2.40512919426,4.43056342192e-06,2.30970890698e-05,0,0,-4.81910137751e-05,-1.15126550198,41.5203094482,42.0000314713,0,0,0,5.15302503193e-05,149451.817434
23.5805555556,-0.00102565239649,0.579487860203,2.40512919426,4.43056342192e-06,2.30970890698e-05,0,0,-4.81910137751e-05,-1.15126550198,41.5203094482,42.0000314713,0,0,0,5.15297039966e-05,149451.817434
23.5916666667,-0.00102565239649,0.579487860203,2.40512919426,4.43056342192e-06,2.30970890698e-05,0,0,-4.81910137751e-05,-1.15126550198,41.5203094482,42.0000314713,0,0,0,5.15298200162e-05,149451.817434
23.6027777778,-0.00102565239649,0.579487860203,2.40512919426,4.43056342192e-06,2.30970890698e-05,0,0,-4.81910137751e-05,-1.15126550198,41.5203094482,42.0000314713,0,0,0,5.15297176827e-05,149451.817434
23.6138888889,-0.00102565239649,0.579487860203,2.40512919426,4.43056342192e-06,2.30970890698e-05,0,0,-4.81910137751e-05,-1.15126550198,41.5203094482,42.0000314713,0,0,0,5.1529703892e-05,149451.817434
23.625,-0.00102565239649,0.579487860203,2.40512919426,4.43056342192e-06,2.30970890698e-05,0,0,-4.81910137751e-05,-1.15126550198,41.5203094482,42.0000314713,0,0,0,5.15296916853e-05,149451.817434
23.6361111111,-0.00102565239649,0.579487860203,2.40512919426,4.43056342192e-06,2.30970890698e-05,0,0,-4.81910137751e-05,-1.15126550198,41.5203094482,42.0000314713,0,0,0,5.15297176814e-05,149451.817434
23.6472222222,-0.00102565239649,0.579487860203,2.40512919426,4.43056342192e-06,2.30970890698e-05,0,0,-4.81910137751e-05,-1.15126550198,41.5203094482,42.0000314713,0,0,0,5.15298278866e-05,149451.817434
23.6583333333,-0.00102565239649,0.579487860203,2.40512919426,4.43056342192e-06,2.30970890698e-05,0,0,-4.81910137751e-05,-1.15126550198,41.5203094482,42.0000314713,0,0,0,5.15296994917e-05,149451.817434
23.6694444444,-0.00102565239649,0.579487860203,2.40512919426,4.43056342192e-06,2.30970890698e-05,0,0,-4.81910137751e-05,-1.15126550198,41.5203094482,42.0000314713,0,0,0,5.15296995615e-05,149451.817434
23.6805555556,-0.00102565239649,0.579487860203,2.40512919426,4.43056342192e-06,2.30970890698e-05,0,0,-4.81910137751e-05,-1.15126550198,41.5203094482,42.0000314713,0,0,0,5.15296996789e-05,149451.817434
23.6916666667,-0.00102565239649,0.579487860203,2.40512919426,4.43056342192e-06,2.30970890698e-05,0,0,-4.81910137751e-05,-1.15126550198,41.5203094482,42.0000314713,0,0,0,5.15296997067e-05,149451.817434
23.7027777778,-0.00102565239649,0.579487860203,2.40512919426,4.43056342192e-06,2.30970890698e-05,0,0,-4.81910137751e-05,-1.15126550198,41.5203094482,42.0000314713,0,0,0,5.15298261018e-05,149451.817434
23.7138888889,-0.00102565239649,0.579487860203,2.40512919426,4.43056342192e-06,2.30970890698e-05,0,0,-4.81910137751e-05,-1.15126550198,41.5203094482,42.0000314713,0,0,0,5.15298436538e-05,149451.817434
23.725,-0.00102565239649,0.579487860203,2.40512919426,4.43056342192e-06,2.30970890698e-05,0,0,-4.81910137751e-05,-1.15126550198,41.5203094482,42.0000314713,0,0,0,5.1529811785e-05,149451.817434
23.7361111111,-0.00102565239649,0.579487860203,2.40512919426,4.43056342192e-06,2.30970890698e-05,0,0,-4.81910137751e-05,-1.15126550198,41.5203094482,42.0000314713,0,0,0,5.15298118128e-05,149451.817434
23.7472222222,-0.00102565239649,0.579487860203,2.40512919426,4.43056342192e-06,2.30970890698e-05,0,0,-4.81910137751e-05,-1.15126550198,41.5203094482,42.0000314713,0,0,0,5.15298197986e-05,149451.817434
23.7583333333,-0.00102565239649,0.579487860203,2.40512919426,4.43056342192e-06,2.30970890698e-05,0,0,-4.81910137751e-05,-1.15126550198,41.5203094482,42.0000314713,0,0,0,5.15298198755e-05,149451.817434
23.7694444444,-0.00102565239649,0.579487860203,2.40512919426,4.43056342192e-06,2.30970890698e-05,0,0,-4.81910137751e-05,-1.15126550198,41.5203094482,42.0000314713,0,0,0,5.15298514125e-05,149451.817434
23.7805555556,-0.00102565239649,0.579487860203,2.40512919426,4.43056342192e-06,2.30970890698e-05,0,0,-4.81910137751e-05,-1.15126550198,41.5203094482,42.0000314713,0,0,0,5.1529819513e-05,149451.817434
23.7916666667,-0.00102565239649,0.579487860203,2.40512919426,4.43056342192e-06,2.30970890698e-05,0,0,-4.81910137751e-05,-1.15126550198,41.5203094482,42.0000314713,0,0,0,5.1529691573e-05,149451.817434
23.8027777778,-0.00102565239649,0.579487860203,2.40512919426,4.43056342192e-06,2.30970890698e-05,0,0,-4.81910137751e-05,-1.15126550198,41.5203094482,42.0000314713,0,0,0,5.15303532572e-05,149451.817434
23.8138888889,-0.00102565239649,0.579487860203,2.40512919426,4.43056342192e-06,2.30970890698e-05,0,0,-4.81910137751e-05,-1.15126550198,41.5203094482,42.0000314713,0,0,0,5.15303055015e-05,149451.817434
23.825,-0.00102565239649,0.579487860203,2.40512919426,4.43056342192e-06,2.30970890698e-05,0,0,-4.81910137751e-05,-1.15126550198,41.5203094482,42.0000314713,0,0,0,5.15300897444e-05,149451.817434
23.8361111111,-0.00102565239649,0.579487860203,2.40512919426,4.43056342192e-06,2.30970890698e-05,0,0,-4.81910137751e-05,-1.15126550198,41.5203094482,42.0000314713,0,0,0,5.15304837966e-05,149451.817434
23.8472222222,-0.00102565239649,0.579487860203,2.40512919426,4.43056342192e-06,2.30970890698e-05,0,0,-4.81910137751e-05,-1.15126550198,41.5203094482,42.0000314713,0,0,0,5.1530483775e-05,149451.817434
23.8583333333,-0.00102565239649,0.579487860203,2.40512919426,4.43056342192e-06,2.30970890698e-05,0,0,-4.81910137751e-05,-1.15126550198,41.5203094482,42.0000314713,0,0,0,5.15310994763e-05,149451.817434
23.8694444444,-0.00102565239649,0.579487860203,2.40512919426,4.43056342192e-06,2.30970890698e-05,0,0,-4.81910137751e-05,-1.15126550198,41.5203094482,42.0000314713,0,0,0,5.15311643932e-05,149451.817434
23.8805555556,-0.00102565239649,0.579487860203,2.40512919426,4.43056342192e-06,2.30970890698e-05,0,0,-4.81910137751e-05,-1.15126550198,41.5203094482,42.0000314713,0,0,0,5.15313172048e-05,149451.817434
23.8916666667,-0.00102565239649,0.579487860203,2.40512919426,4.43056342192e-06,2.30970890698e-05,0,0,-4.81910137751e-05,-1.15126550198,41.5203094482,42.0000314713,0,0,0,5.15309692357e-05,149451.817434
23.9027777778,-0.00102565239649,0.579487860203,2.40512919426,4.43056342192e-06,2.30970890698e-05,0,0,-4.81910137751e-05,-1.15126550198,41.5203094482,42.0000314713,0,0,0,5.1531135888e-05,149451.817434
23.9138888889,-0.00102565239649,0.579487860203,2.40512919426,4.43056342192e-06,2.30970890698e-05,0,0,-4.81910137751e-05,-1.15126550198,41.5203094482,42.0000314713,0,0,0,5.15311526489e-05,149451.817434
23.925,-0.00102565239649,0.579487860203,2.40512919426,4.43056342192e-06,2.30970890698e-05,0,0,-4.81910137751e-05,-1.15126550198,41.5203094482,42.0000314713,0,0,0,5.15314516579e-05,149451.817434
23.9361111111,-0.00102565239649,0.579487860203,2.40512919426,4.43056342192e-06,2.30970890698e-05,0,0,-4.81910137751e-05,-1.15126550198,41.5203094482,42.0000314713,0,0,0,5.15316860279e-05,149451.817434
23.9472222222,-0.00102565239649,0.579487860203,2.40512919426,4.43056342192e-06,2.30970890698e-05,0,0,-4.81910137751e-05,-1.15126550198,41.5203094482,42.0000314713,0,0,0,5.15315732835e-05,149451.817434
23.9583333333,-0.00102565239649,0.579487860203,2.40512919426,4.43056342192e-06,2.30970890698e-05,0,0,-4.81910137751e-05,-1.15126550198,41.5203094482,42.0000314713,0,0,0,5.15298997293e-05,149451.817434
23.9694444444,-0.00102565239649,0.579487860203,2.40512919426,4.43056342192e-06,2.30970890698e-05,0,0,-4.81910137751e-05,-1.15126550198,41.5203094482,42.0000314713,0,0,0,5.15297775717e-05,149451.817434
23.9805555556,-0.00102565239649,0.579487860203,2.40512919426,4.43056342192e-06,2.30970890698e-05,0,0,-4.81910137751e-05,-1.15126550198,41.5203094482,42.0000314713,0,0,0,5.15299816009e-05,149451.817434
23.9916666667,-0.00102565239649,0.579487860203,2.40512919426,4.43056342192e-06,2.30970890698e-05,0,0,-4.81910137751e-05,-1.15126550198,41.5203094482,42.0000314713,0,0,0,5.15310128114e-05,149451.817434
24.0027777778,-0.00102565239649,0.579487860203,2.40512919426,4.43056342192e-06,2.30970890698e-05,0,0,-4.81910137751e-05,-1.15126550198,41.5203094482,42.0000314713,0,0,0,5.15297771289e-05,149451.817434
24.0138888889,-0.00102565239649,0.579487860203,2.40512919426,4.43056342192e-06,2.30970890698e-05,0,0,-4.81910137751e-05,-1.15126550198,41.5203094482,42.0000314713,0,0,0,5.15302939808e-05,149451.817434
24.025,-0.00102565239649,0.579487860203,2.40512919426,4.43056342192e-06,2.30970890698e-05,0,0,-4.81910137751e-05,-1.15126550198,41.5203094482,42.0000314713,0,0,0,5.15307889846e-05,149451.817434
24.0361111111,-0.00102565239649,0.579487860203,2.40512919426,4.43056342192e-06,2.30970890698e-05,0,0,-4.81910137751e-05,-1.15126550198,41.5203094482,42.0000314713,0,0,0,5.15295732279e-05,149451.817434
24.0472222222,-0.00102565239649,0.579487860203,2.40512919426,4.43056342192e-06,2.30970890698e-05,0,0,-4.81910137751e-05,-1.15126550198,41.5203094482,42.0000314713,0,0,0,5.15311448504e-05,149451.817434
24.0583333333,-0.00102565239649,0.579487860203,2.40512919426,4.43056342192e-06,2.30970890698e-05,0,0,-4.81910137751e-05,-1.15126550198,41.5203094482,42.0000314713,0,0,0,5.15309070947e-05,149451.817434
24.0694444444,-0.00102565239649,0.579487860203,2.40512919426,4.43056342192e-06,2.30970890698e-05,0,0,-4.81910137751e-05,-1.15126550198,41.5203094482,42.0000314713,0,0,0,5.15307971403e-05,149451.817434
24.0805555556,-0.00102565239649,0.579487860203,2.40512919426,4.43056342192e-06,2.30970890698e-05,0,0,-4.81910137751e-05,-1.15126550198,41.5203094482,42.0000314713,0,0,0,5.15310708949e-05,149451.817434
24.0916666667,-0.00102565239649,0.579487860203,2.40512919426,4.43056342192e-06,2.30970890698e-05,0,0,-4.81910137751e-05,-1.15126550198,41.5203094482,42.0000314713,0,0,0,5.15303897308e-05,149451.817434
24.1027777778,-0.00102565239649,0.579487860203,2.40512919426,4.43056342192e-06,2.30970890698e-05,0,0,-4.81910137751e-05,-1.15126550198,41.5203094482,42.0000314713,0,0,0,5.15301911562e-05,149451.817434
24.1138888889,-0.00102565239649,0.579487860203,2.40512919426,4.43056342192e-06,2.30970890698e-05,0,0,-4.81910137751e-05,-1.15126550198,41.5203094482,42.0000314713,0,0,0,5.15316641674e-05,149451.817434
24.125,-0.00102565239649,0.579487860203,2.40512919426,4.43056342192e-06,2.30970890698e-05,0,0,-4.81910137751e-05,-1.15126550198,41.5203094482,42.0000314713,0,0,0,5.15315313568e-05,149451.817434
24.1361111111,-0.00102565239649,0.579487860203,2.40512919426,4.43056342192e-06,2.30970890698e-05,0,0,-4.81910137751e-05,-1.15126550198,41.5203094482,42.0000314713,0,0,0,5.15302280234e-05,149451.817434
24.1472222222,-0.00102565239649,0.579487860203,2.40512919426,4.43056342192e-06,2.30970890698e-05,0,0,-4.81910137751e-05,-1.15126550198,41.5203094482,42.0000314713,0,0,0,5.15299910124e-05,149451.817434
24.1583333333,-0.00102565239649,0.579487860203,2.40512919426,4.43056342192e-06,2.30970890698e-05,0,0,-4.81910137751e-05,-1.15126550198,41.5203094482,42.0000314713,0,0,0,5.15300275322e-05,149451.817434
24.1694444444,-0.00102565239649,0.579487860203,2.40512919426,4.43056342192e-06,2.30970890698e-05,0,0,-4.81910137751e-05,-1.15126550198,41.5203094482,42.0000314713,0,0,0,5.15302933854e-05,149451.817434
24.1805555556,-0.00102565239649,0.579487860203,2.40512919426,4.43056342192e-06,2.30970890698e-05,0,0,-4.81910137751e-05,-1.15126550198,41.5203094482,42.0000314713,0,0,0,5.15295261743e-05,149451.817434
24.1916666667,-0.00102565239649,0.579487860203,2.40512919426,4.43056342192e-06,2.30970890698e-05,0,0,-4.81910137751e-05,-1.15126550198,41.5203094482,42.0000314713,0,0,0,5.15313110523e-05,149451.817434
24.2027777778,-0.00102565239649,0.579487860203,2.40512919426,4.43056342192e-06,2.30970890698e-05,0,0,-4.81910137751e-05,-1.15126550198,41.5203094482,42.0000314713,0,0,0,5.15300307225e-05,149451.817434
24.2138888889,-0.00102565239649,0.579487860203,2.40512919426,4.43056342192e-06,2.30970890698e-05,0,0,-4.81910137751e-05,-1.15126550198,41.5203094482,42.0000314713,0,0,0,5.15300647562e-05,149451.817434
24.225,-0.00102565239649,0.579487860203,2.40512919426,4.43056342192e-06,2.30970890698e-05,0,0,-4.81910137751e-05,-1.15126550198,41.5203094482,42.0000314713,0,0,0,5.15300572618e-05,149451.817434
24.2361111111,-0.00102565239649,0.579487860203,2.40512919426,4.43056342192e-06,2.30970890698e-05,0,0,-4.81910137751e-05,-1.15126550198,41.5203094482,42.0000314713,0,0,0,5.1530057401e-05,149451.817434
24.2472222222,-0.00102565239649,0.579487860203,2.40512919426,4.43056342192e-06,2.30970890698e-05,0,0,-4.81910137751e-05,-1.15126550198,41.5203094482,42.0000314713,0,0,0,5.15313029318e-05,149451.817434
24.2583333333,-0.00102565239649,0.579487860203,2.40512919426,4.43056342192e-06,2.30970890698e-05,0,0,-4.81910137751e-05,-1.15126550198,41.5203094482,42.0000314713,0,0,0,5.1531306666e-05,149451.817434
24.2694444444,-0.00102565239649,0.579487860203,2.40512919426,4.43056342192e-06,2.30970890698e-05,0,0,-4.81910137751e-05,-1.15126550198,41.5203094482,42.0000314713,0,0,0,5.15315403133e-05,149451.817434
24.2805555556,-0.00102565239649,0.579487860203,2.40512919426,4.43056342192e-06,2.30970890698e-05,0,0,-4.81910137751e-05,-1.15126550198,41.5203094482,42.0000314713,0,0,0,5.1531534985e-05,149451.817434
24.2916666667,-0.00102565239649,0.579487860203,2.40512919426,4.43056342192e-06,2.30970890698e-05,0,0,-4.81910137751e-05,-1.15126550198,41.5203094482,42.0000314713,0,0,0,5.15314049055e-05,149451.817434
24.3027777778,-0.00102565239649,0.579487860203,2.40512919426,4.43056342192e-06,2.30970890698e-05,0,0,-4.81910137751e-05,-1.15126550198,41.5203094482,42.0000314713,0,0,0,5.15316691568e-05,149451.817434
24.3138888889,-0.00102565239649,0.579487860203,2.40512919426,4.43056342192e-06,2.30970890698e-05,0,0,-4.81910137751e-05,-1.15126550198,41.5203094482,42.0000314713,0,0,0,5.15316569792e-05,149451.817434
24.325,-0.00102565239649,0.579487860203,2.40512919426,4.43056342192e-06,2.30970890698e-05,0,0,-4.81910137751e-05,-1.15126550198,41.5203094482,42.0000314713,0,0,0,5.1531656924e-05,149451.817434
24.3361111111,-0.00102565239649,0.579487860203,2.40512919426,4.43056342192e-06,2.30970890698e-05,0,0,-4.81910137751e-05,-1.15126550198,41.5203094482,42.0000314713,0,0,0,5.1531527446e-05,149451.817434
24.3472222222,-0.00102565239649,0.579487860203,2.40512919426,4.43056342192e-06,2.30970890698e-05,0,0,-4.81910137751e-05,-1.15126550198,41.5203094482,42.0000314713,0,0,0,5.15315347616e-05,149451.817434
24.3583333333,-0.00102565239649,0.579487860203,2.40512919426,4.43056342192e-06,2.30970890698e-05,0,0,-4.81910137751e-05,-1.15126550198,41.5203094482,42.0000314713,0,0,0,5.15299708079e-05,149451.817434
24.3694444444,-0.00102565239649,0.579487860203,2.40512919426,4.43056342192e-06,2.30970890698e-05,0,0,-4.81910137751e-05,-1.15126550198,41.5203094482,42.0000314713,0,0,0,5.15297109163e-05,149451.817434
24.3805555556,-0.00102565239649,0.579487860203,2.40512919426,4.43056342192e-06,2.30970890698e-05,0,0,-4.81910137751e-05,-1.15126550198,41.5203094482,42.0000314713,0,0,0,5.15298860898e-05,149451.817434
24.3916666667,-0.00102565239649,0.579487860203,2.40512919426,4.43056342192e-06,2.30970890698e-05,0,0,-4.81910137751e-05,-1.15126550198,41.5203094482,42.0000314713,0,0,0,5.15299657851e-05,149451.817434
24.4027777778,-0.00102565239649,0.579487860203,2.40512919426,4.43056342192e-06,2.30970890698e-05,0,0,-4.81910137751e-05,-1.15126550198,41.5203094482,42.0000314713,0,0,0,5.15297363583e-05,149451.817434
24.4138888889,-0.00102565239649,0.579487860203,2.40512919426,4.43056342192e-06,2.30970890698e-05,0,0,-4.81910137751e-05,-1.15126550198,41.5203094482,42.0000314713,0,0,0,5.1529910982e-05,149451.817434
24.425,-0.00102565239649,0.579487860203,2.40512919426,4.43056342192e-06,2.30970890698e-05,0,0,-4.81910137751e-05,-1.15126550198,41.5203094482,42.0000314713,0,0,0,5.15299623099e-05,149451.817434
24.4361111111,-0.00102565239649,0.579487860203,2.40512919426,4.43056342192e-06,2.30970890698e-05,0,0,-4.81910137751e-05,-1.15126550198,41.5203094482,42.0000314713,0,0,0,5.15309766299e-05,149451.817434
24.4472222222,-0.00102565239649,0.579487860203,2.40512919426,4.43056342192e-06,2.30970890698e-05,0,0,-4.81910137751e-05,-1.15126550198,41.5203094482,42.0000314713,0,0,0,5.15310765691e-05,149451.817434
24.4583333333,-0.00102565239649,0.579487860203,2.40512919426,4.43056342192e-06,2.30970890698e-05,0,0,-4.81910137751e-05,-1.15126550198,41.5203094482,42.0000314713,0,0,0,5.15304836856e-05,149451.817434
24.4694444444,-0.00102565239649,0.579487860203,2.40512919426,4.43056342192e-06,2.30970890698e-05,0,0,-4.81910137751e-05,-1.15126550198,41.5203094482,42.0000314713,0,0,0,5.15304840948e-05,149451.817434
24.4805555556,-0.00102565239649,0.579487860203,2.40512919426,4.43056342192e-06,2.30970890698e-05,0,0,-4.81910137751e-05,-1.15126550198,41.5203094482,42.0000314713,0,0,0,5.15307957317e-05,149451.817434
24.4916666667,-0.00102565239649,0.579487860203,2.40512919426,4.43056342192e-06,2.30970890698e-05,0,0,-4.81910137751e-05,-1.15126550198,41.5203094482,42.0000314713,0,0,0,5.15305407373e-05,149451.817434
24.5027777778,-0.00102565239649,0.579487860203,2.40512919426,4.43056342192e-06,2.30970890698e-05,0,0,-4.81910137751e-05,-1.15126550198,41.5203094482,42.0000314713,0,0,0,5.15307864546e-05,149451.817434
24.5138888889,-0.00102565239649,0.579487860203,2.40512919426,4.43056342192e-06,2.30970890698e-05,0,0,-4.81910137751e-05,-1.15126550198,41.5203094482,42.0000314713,0,0,0,5.15306701872e-05,149451.817434
24.525,-0.00102565239649,0.579487860203,2.40512919426,4.43056342192e-06,2.30970890698e-05,0,0,-4.81910137751e-05,-1.15126550198,41.5203094482,42.0000314713,0,0,0,5.15307608394e-05,149451.817434
24.5361111111,-0.00102565239649,0.579487860203,2.40512919426,4.43056342192e-06,2.30970890698e-05,0,0,-4.81910137751e-05,-1.15126550198,41.5203094482,42.0000314713,0,0,0,5.15314367958e-05,149451.817434
24.5472222222,-0.00102565239649,0.579487860203,2.40512919426,4.43056342192e-06,2.30970890698e-05,0,0,-4.81910137751e-05,-1.15126550198,41.5203094482,42.0000314713,0,0,0,5.15306834815e-05,149451.817434
24.5583333333,-0.00102565239649,0.579487860203,2.40512919426,4.43056342192e-06,2.30970890698e-05,0,0,-4.81910137751e-05,-1.15126550198,41.5203094482,42.0000314713,0,0,0,5.15308423847e-05,149451.817434
24.5694444444,-0.00102565239649,0.579487860203,2.40512919426,4.43056342192e-06,2.30970890698e-05,0,0,-4.81910137751e-05,-1.15126550198,41.5203094482,42.0000314713,0,0,0,5.15301795508e-05,149451.817434
24.5805555556,-0.00102565239649,0.579487860203,2.40512919426,4.43056342192e-06,2.30970890698e-05,0,0,-4.81910137751e-05,-1.15126550198,41.5203094482,42.0000314713,0,0,0,5.15305818202e-05,149451.817434
24.5916666667,-0.00102565239649,0.579487860203,2.40512919426,4.43056342192e-06,2.30970890698e-05,0,0,-4.81910137751e-05,-1.15126550198,41.5203094482,42.0000314713,0,0,0,5.15304498022e-05,149451.817434
24.6027777778,-0.00102565239649,0.579487860203,2.40512919426,4.43056342192e-06,2.30970890698e-05,0,0,-4.81910137751e-05,-1.15126550198,41.5203094482,42.0000314713,0,0,0,5.15314511201e-05,149451.817434
24.6138888889,-0.00102565239649,0.579487860203,2.40512919426,4.43056342192e-06,2.30970890698e-05,0,0,-4.81910137751e-05,-1.15126550198,41.5203094482,42.0000314713,0,0,0,5.15308282256e-05,149451.817434
24.625,-0.00102565239649,0.579487860203,2.40512919426,4.43056342192e-06,2.30970890698e-05,0,0,-4.81910137751e-05,-1.15126550198,41.5203094482,42.0000314713,0,0,0,5.15307141634e-05,149451.817434
24.6361111111,-0.00102565239649,0.579487860203,2.40512919426,4.43056342192e-06,2.30970890698e-05,0,0,-4.81910137751e-05,-1.15126550198,41.5203094482,42.0000314713,0,0,0,5.15304659037e-05,149451.817434
24.6472222222,-0.00102565239649,0.579487860203,2.40512919426,4.43056342192e-06,2.30970890698e-05,0,0,-4.81910137751e-05,-1.15126550198,41.5203094482,42.0000314713,0,0,0,5.15308124113e-05,149451.817434
24.6583333333,-0.00102565239649,0.579487860203,2.40512919426,4.43056342192e-06,2.30970890698e-05,0,0,-4.81910137751e-05,-1.15126550198,41.5203094482,42.0000314713,0,0,0,5.15306955636e-05,149451.817434
24.6694444444,-0.00102565239649,0.579487860203,2.40512919426,4.43056342192e-06,2.30970890698e-05,0,0,-4.81910137751e-05,-1.15126550198,41.5203094482,42.0000314713,0,0,0,5.15305179652e-05,149451.817434
24.6805555556,-0.00102565239649,0.579487860203,2.40512919426,4.43056342192e-06,2.30970890698e-05,0,0,-4.81910137751e-05,-1.15126550198,41.5203094482,42.0000314713,0,0,0,5.15307037593e-05,149451.817434
24.6916666667,-0.00102565239649,0.579487860203,2.40512919426,4.43056342192e-06,2.30970890698e-05,0,0,-4.81910137751e-05,-1.15126550198,41.5203094482,42.0000314713,0,0,0,5.15303735715e-05,149451.817434
24.7027777778,-0.00102565239649,0.579487860203,2.40512919426,4.43056342192e-06,2.30970890698e-05,0,0,-4.81910137751e-05,-1.15126550198,41.5203094482,42.0000314713,0,0,0,5.15309119345e-05,149451.817434
24.7138888889,-0.00102565239649,0.579487860203,2.40512919426,4.43056342192e-06,2.30970890698e-05,0,0,-4.81910137751e-05,-1.15126550198,41.5203094482,42.0000314713,0,0,0,5.15312015792e-05,149451.817434
24.725,-0.00102565239649,0.579487860203,2.40512919426,4.43056342192e-06,2.30970890698e-05,0,0,-4.81910137751e-05,-1.15126550198,41.5203094482,42.0000314713,0,0,0,5.15298404898e-05,149451.817434
24.7361111111,-0.00102565239649,0.579487860203,2.40512919426,4.43056342192e-06,2.30970890698e-05,0,0,-4.81910137751e-05,-1.15126550198,41.5203094482,42.0000314713,0,0,0,5.1530814261e-05,149451.817434
24.7472222222,-0.00102565239649,0.579487860203,2.40512919426,4.43056342192e-06,2.30970890698e-05,0,0,-4.81910137751e-05,-1.15126550198,41.5203094482,42.0000314713,0,0,0,5.15307664191e-05,149451.817434
24.7583333333,-0.00102565239649,0.579487860203,2.40512919426,4.43056342192e-06,2.30970890698e-05,0,0,-4.81910137751e-05,-1.15126550198,41.5203094482,42.0000314713,0,0,0,5.1530353488e-05,149451.817434
24.7694444444,-0.00102565239649,0.579487860203,2.40512919426,4.43056342192e-06,2.30970890698e-05,0,0,-4.81910137751e-05,-1.15126550198,41.5203094482,42.0000314713,0,0,0,5.15304803969e-05,149451.817434
24.7805555556,-0.00102565239649,0.579487860203,2.40512919426,4.43056342192e-06,2.30970890698e-05,0,0,-4.81910137751e-05,-1.15126550198,41.5203094482,42.0000314713,0,0,0,5.15313067486e-05,149451.817434
24.7916666667,-0.00102565239649,0.579487860203,2.40512919426,4.43056342192e-06,2.30970890698e-05,0,0,-4.81910137751e-05,-1.15126550198,41.5203094482,42.0000314713,0,0,0,5.15308342855e-05,149451.817434
24.8027777778,-0.00102565239649,0.579487860203,2.40512919426,4.43056342192e-06,2.30970890698e-05,0,0,-4.81910137751e-05,-1.15126550198,41.5203094482,42.0000314713,0,0,0,5.15304967274e-05,149451.817434
24.8138888889,-0.00102565239649,0.579487860203,2.40512919426,4.43056342192e-06,2.30970890698e-05,0,0,-4.81910137751e-05,-1.15126550198,41.5203094482,42.0000314713,0,0,0,5.15310466702e-05,149451.817434
24.825,-0.00102565239649,0.579487860203,2.40512919426,4.43056342192e-06,2.30970890698e-05,0,0,-4.81910137751e-05,-1.15126550198,41.5203094482,42.0000314713,0,0,0,5.15311760302e-05,149451.817434
24.8361111111,-0.00102565239649,0.579487860203,2.40512919426,4.43056342192e-06,2.30970890698e-05,0,0,-4.81910137751e-05,-1.15126550198,41.5203094482,42.0000314713,0,0,0,5.15310025596e-05,149451.817434
24.8472222222,-0.00102565239649,0.579487860203,2.40512919426,4.43056342192e-06,2.30970890698e-05,0,0,-4.81910137751e-05,-1.15126550198,41.5203094482,42.0000314713,0,0,0,5.15313409933e-05,149451.817434
24.8583333333,-0.00102565239649,0.579487860203,2.40512919426,4.43056342192e-06,2.30970890698e-05,0,0,-4.81910137751e-05,-1.15126550198,41.5203094482,42.0000314713,0,0,0,5.15308143388e-05,149451.817434
24.8694444444,-0.00102565239649,0.579487860203,2.40512919426,4.43056342192e-06,2.30970890698e-05,0,0,-4.81910137751e-05,-1.15126550198,41.5203094482,42.0000314713,0,0,0,5.15305823489e-05,149451.817434
24.8805555556,-0.00102565239649,0.579487860203,2.40512919426,4.43056342192e-06,2.30970890698e-05,0,0,-4.81910137751e-05,-1.15126550198,41.5203094482,42.0000314713,0,0,0,5.15308979171e-05,149451.817434
24.8916666667,-0.00102565239649,0.579487860203,2.40512919426,4.43056342192e-06,2.30970890698e-05,0,0,-4.81910137751e-05,-1.15126550198,41.5203094482,42.0000314713,0,0,0,5.15305600141e-05,149451.817434
24.9027777778,-0.00102565239649,0.579487860203,2.40512919426,4.43056342192e-06,2.30970890698e-05,0,0,-4.81910137751e-05,-1.15126550198,41.5203094482,42.0000314713,0,0,0,5.15306322488e-05,149451.817434
24.9138888889,-0.00102565239649,0.579487860203,2.40512919426,4.43056342192e-06,2.30970890698e-05,0,0,-4.81910137751e-05,-1.15126550198,41.5203094482,42.0000314713,0,0,0,5.15304801894e-05,149451.817434
24.925,-0.00102565239649,0.579487860203,2.40512919426,4.43056342192e-06,2.30970890698e-05,0,0,-4.81910137751e-05,-1.15126550198,41.5203094482,42.0000314713,0,0,0,5.15306055494e-05,149451.817434
24.9361111111,-0.00102565239649,0.579487860203,2.40512919426,4.43056342192e-06,2.30970890698e-05,0,0,-4.81910137751e-05,-1.15126550198,41.5203094482,42.0000314713,0,0,0,5.15304812461e-05,149451.817434
24.9472222222,-0.00102565239649,0.579487860203,2.40512919426,4.43056342192e-06,2.30970890698e-05,0,0,-4.81910137751e-05,-1.15126550198,41.5203094482,42.0000314713,0,0,0,5.15307426641e-05,149451.817434
24.9583333333,-0.00102565239649,0.579487860203,2.40512919426,4.43056342192e-06,2.30970890698e-05,0,0,-4.81910137751e-05,-1.15126550198,41.5203094482,42.0000314713,0,0,0,5.15306388567e-05,149451.817434
24.9694444444,-0.00102565239649,0.579487860203,2.40512919426,4.43056342192e-06,2.30970890698e-05,0,0,-4.81910137751e-05,-1.15126550198,41.5203094482,42.0000314713,0,0,0,5.15304794853e-05,149451.817434
24.9805555556,-0.00102565239649,0.579487860203,2.40512919426,4.43056342192e-06,2.30970890698e-05,0,0,-4.81910137751e-05,-1.15126550198,41.5203094482,42.0000314713,0,0,0,5.15304836384e-05,149451.817434
24.9916666667,-0.00102565239649,0.579487860203,2.40512919426,4.43056342192e-06,2.30970890698e-05,0,0,-4.81910137751e-05,-1.15126550198,41.5203094482,42.0000314713,0,0,0,5.15306168218e-05,149451.817434
25.0027777778,-0.00102565239649,0.579487860203,2.40512919426,4.43056342192e-06,2.30970890698e-05,0,0,-4.81910137751e-05,-1.15126550198,41.5203094482,42.0000314713,0,0,0,5.15306121514e-05,149451.817434
25.0138888889,-0.00102565239649,0.579487860203,2.40512919426,4.43056342192e-06,2.30970890698e-05,0,0,-4.81910137751e-05,-1.15126550198,41.5203094482,42.0000314713,0,0,0,5.15306121514e-05,149451.817434
25.025,-0.00102565239649,0.579487860203,2.40512919426,4.43056342192e-06,2.30970890698e-05,0,0,-4.81910137751e-05,-1.15126550198,41.5203094482,42.0000314713,0,0,0,5.15304715272e-05,149451.817434
25.0361111111,-0.00102565239649,0.579487860203,2.40512919426,4.43056342192e-06,2.30970890698e-05,0,0,-4.81910137751e-05,-1.15126550198,41.5203094482,42.0000314713,0,0,0,5.15306062168e-05,149451.817434
25.0472222222,-0.00102565239649,0.579487860203,2.40512919426,4.43056342192e-06,2.30970890698e-05,0,0,-4.81910137751e-05,-1.15126550198,41.5203094482,42.0000314713,0,0,0,5.15304540951e-05,149451.817434
25.0583333333,-0.00102565239649,0.579487860203,2.40512919426,4.43056342192e-06,2.30970890698e-05,0,0,-4.81910137751e-05,-1.15126550198,41.5203094482,42.0000314713,0,0,0,5.15306325358e-05,149451.817434
25.0694444444,-0.00102565239649,0.579487860203,2.40512919426,4.43056342192e-06,2.30970890698e-05,0,0,-4.81910137751e-05,-1.15126550198,41.5203094482,42.0000314713,0,0,0,5.15304837011e-05,149451.817434
25.0805555556,-0.00102565239649,0.579487860203,2.40512919426,4.43056342192e-06,2.30970890698e-05,0,0,-4.81910137751e-05,-1.15126550198,41.5203094482,42.0000314713,0,0,0,5.15304924894e-05,149451.817434
25.0916666667,-0.00102565239649,0.579487860203,2.40512919426,4.43056342192e-06,2.30970890698e-05,0,0,-4.81910137751e-05,-1.15126550198,41.5203094482,42.0000314713,0,0,0,5.1530638581e-05,149451.817434
25.1027777778,-0.00102565239649,0.579487860203,2.40512919426,4.43056342192e-06,2.30970890698e-05,0,0,-4.81910137751e-05,-1.15126550198,41.5203094482,42.0000314713,0,0,0,5.1530616572e-05,149451.817434
25.1138888889,-0.00102565239649,0.579487860203,2.40512919426,4.43056342192e-06,2.30970890698e-05,0,0,-4.81910137751e-05,-1.15126550198,41.5203094482,42.0000314713,0,0,0,5.15304964191e-05,149451.817434
25.125,-0.00102565239649,0.579487860203,2.40512919426,4.43056342192e-06,2.30970890698e-05,0,0,-4.81910137751e-05,-1.15126550198,41.5203094482,42.0000314713,0,0,0,5.15304538236e-05,149451.817434
25.1361111111,-0.00102565239649,0.579487860203,2.40512919426,4.43056342192e-06,2.30970890698e-05,0,0,-4.81910137751e-05,-1.15126550198,41.5203094482,42.0000314713,0,0,0,5.15304658854e-05,149451.817434
25.1472222222,-0.00102565239649,0.579487860203,2.40512919426,4.43056342192e-06,2.30970890698e-05,0,0,-4.81910137751e-05,-1.15126550198,41.5203094482,42.0000314713,0,0,0,5.15304657541e-05,149451.817434
25.1583333333,-0.00102565239649,0.579487860203,2.40512919426,4.43056342192e-06,2.30970890698e-05,0,0,-4.81910137751e-05,-1.15126550198,41.5203094482,42.0000314713,0,0,0,5.15304836384e-05,149451.817434
25.1694444444,-0.00102565239649,0.579487860203,2.40512919426,4.43056342192e-06,2.30970890698e-05,0,0,-4.81910137751e-05,-1.15126550198,41.5203094482,42.0000314713,0,0,0,5.15304963714e-05,149451.817434
25.1805555556,-0.00102565239649,0.579487860203,2.40512919426,4.43056342192e-06,2.30970890698e-05,0,0,-4.81910137751e-05,-1.15126550198,41.5203094482,42.0000314713,0,0,0,5.15304922463e-05,149451.817434
25.1916666667,-0.00102565239649,0.579487860203,2.40512919426,4.43056342192e-06,2.30970890698e-05,0,0,-4.81910137751e-05,-1.15126550198,41.5203094482,42.0000314713,0,0,0,5.1530488215e-05,149451.817434
25.2027777778,-0.00102565239649,0.579487860203,2.40512919426,4.43056342192e-06,2.30970890698e-05,0,0,-4.81910137751e-05,-1.15126550198,41.5203094482,42.0000314713,0,0,0,5.15304838889e-05,149451.817434
25.2138888889,-0.00102565239649,0.579487860203,2.40512919426,4.43056342192e-06,2.30970890698e-05,0,0,-4.81910137751e-05,-1.15126550198,41.5203094482,42.0000314713,0,0,0,5.15308786342e-05,149451.817434
25.225,-0.00102565239649,0.579487860203,2.40512919426,4.43056342192e-06,2.30970890698e-05,0,0,-4.81910137751e-05,-1.15126550198,41.5203094482,42.0000314713,0,0,0,5.15308902256e-05,149451.817434
25.2361111111,-0.00102565239649,0.579487860203,2.40512919426,4.43056342192e-06,2.30970890698e-05,0,0,-4.81910137751e-05,-1.15126550198,41.5203094482,42.0000314713,0,0,0,5.15308329602e-05,149451.817434
25.2472222222,-0.00102565239649,0.579487860203,2.40512919426,4.43056342192e-06,2.30970890698e-05,0,0,-4.81910137751e-05,-1.15126550198,41.5203094482,42.0000314713,0,0,0,5.1530954379e-05,149451.817434
25.2583333333,-0.00102565239649,0.579487860203,2.40512919426,4.43056342192e-06,2.30970890698e-05,0,0,-4.81910137751e-05,-1.15126550198,41.5203094482,42.0000314713,0,0,0,5.15298129032e-05,149451.817434
25.2694444444,-0.00102565239649,0.579487860203,2.40512919426,4.43056342192e-06,2.30970890698e-05,0,0,-4.81910137751e-05,-1.15126550198,41.5203094482,42.0000314713,0,0,0,5.15305800031e-05,149451.817434
25.2805555556,-0.00102565239649,0.579487860203,2.40512919426,4.43056342192e-06,2.30970890698e-05,0,0,-4.81910137751e-05,-1.15126550198,41.5203094482,42.0000314713,0,0,0,5.15308902398e-05,149451.817434
25.2916666667,-0.00102565239649,0.579487860203,2.40512919426,4.43056342192e-06,2.30970890698e-05,0,0,-4.81910137751e-05,-1.15126550198,41.5203094482,42.0000314713,0,0,0,5.15309004275e-05,149451.817434
25.3027777778,-0.00102565239649,0.579487860203,2.40512919426,4.43056342192e-06,2.30970890698e-05,0,0,-4.81910137751e-05,-1.15126550198,41.5203094482,42.0000314713,0,0,0,5.15307358733e-05,149451.817434
25.3138888889,-0.00102565239649,0.579487860203,2.40512919426,4.43056342192e-06,2.30970890698e-05,0,0,-4.81910137751e-05,-1.15126550198,41.5203094482,42.0000314713,0,0,0,5.15297906399e-05,149451.817434
25.325,-0.00102565239649,0.579487860203,2.40512919426,4.43056342192e-06,2.30970890698e-05,0,0,-4.81910137751e-05,-1.15126550198,41.5203094482,42.0000314713,0,0,0,5.1531025152e-05,149451.817434
25.3361111111,-0.00102565239649,0.579487860203,2.40512919426,4.43056342192e-06,2.30970890698e-05,0,0,-4.81910137751e-05,-1.15126550198,41.5203094482,42.0000314713,0,0,0,5.15307307588e-05,149451.817434
25.3472222222,-0.00102565239649,0.579487860203,2.40512919426,4.43056342192e-06,2.30970890698e-05,0,0,-4.81910137751e-05,-1.15126550198,41.5203094482,42.0000314713,0,0,0,5.15310248538e-05,149451.817434
25.3583333333,-0.00102565239649,0.579487860203,2.40512919426,4.43056342192e-06,2.30970890698e-05,0,0,-4.81910137751e-05,-1.15126550198,41.5203094482,42.0000314713,0,0,0,5.15308864413e-05,149451.817434
25.3694444444,-0.00102565239649,0.579487860203,2.40512919426,4.43056342192e-06,2.30970890698e-05,0,0,-4.81910137751e-05,-1.15126550198,41.5203094482,42.0000314713,0,0,0,5.15308610792e-05,149451.817434
25.3805555556,-0.00102565239649,0.579487860203,2.40512919426,4.43056342192e-06,2.30970890698e-05,0,0,-4.81910137751e-05,-1.15126550198,41.5203094482,42.0000314713,0,0,0,5.15309542629e-05,149451.817434
25.3916666667,-0.00102565239649,0.579487860203,2.40512919426,4.43056342192e-06,2.30970890698e-05,0,0,-4.81910137751e-05,-1.15126550198,41.5203094482,42.0000314713,0,0,0,5.15302629591e-05,149451.817434
25.4027777778,-0.00102565239649,0.579487860203,2.40512919426,4.43056342192e-06,2.30970890698e-05,0,0,-4.81910137751e-05,-1.15126550198,41.5203094482,42.0000314713,0,0,0,5.15310468661e-05,149451.817434
25.4138888889,-0.00102565239649,0.579487860203,2.40512919426,4.43056342192e-06,2.30970890698e-05,0,0,-4.81910137751e-05,-1.15126550198,41.5203094482,42.0000314713,0,0,0,5.15306419982e-05,149451.817434
25.425,-0.00102565239649,0.579487860203,2.40512919426,4.43056342192e-06,2.30970890698e-05,0,0,-4.81910137751e-05,-1.15126550198,41.5203094482,42.0000314713,0,0,0,5.15308130212e-05,149451.817434
25.4361111111,-0.00102565239649,0.579487860203,2.40512919426,4.43056342192e-06,2.30970890698e-05,0,0,-4.81910137751e-05,-1.15126550198,41.5203094482,42.0000314713,0,0,0,5.15300119511e-05,149451.817434
25.4472222222,-0.00102565239649,0.579487860203,2.40512919426,4.43056342192e-06,2.30970890698e-05,0,0,-4.81910137751e-05,-1.15126550198,41.5203094482,42.0000314713,0,0,0,5.15302669912e-05,149451.817434
25.4583333333,-0.00102565239649,0.579487860203,2.40512919426,4.43056342192e-06,2.30970890698e-05,0,0,-4.81910137751e-05,-1.15126550198,41.5203094482,42.0000314713,0,0,0,5.15313464247e-05,149451.817434
25.4694444444,-0.00102565239649,0.579487860203,2.40512919426,4.43056342192e-06,2.30970890698e-05,0,0,-4.81910137751e-05,-1.15126550198,41.5203094482,42.0000314713,0,0,0,5.15308445712e-05,149451.817434
25.4805555556,-0.00102565239649,0.579487860203,2.40512919426,4.43056342192e-06,2.30970890698e-05,0,0,-4.81910137751e-05,-1.15126550198,41.5203094482,42.0000314713,0,0,0,5.15311660929e-05,149451.817434
25.4916666667,-0.00102565239649,0.579487860203,2.40512919426,4.43056342192e-06,2.30970890698e-05,0,0,-4.81910137751e-05,-1.15126550198,41.5203094482,42.0000314713,0,0,0,5.15306153682e-05,149451.817434
25.5027777778,-0.00102565239649,0.579487860203,2.40512919426,4.43056342192e-06,2.30970890698e-05,0,0,-4.81910137751e-05,-1.15126550198,41.5203094482,42.0000314713,0,0,0,5.15308001184e-05,149451.817434
25.5138888889,-0.00102565239649,0.579487860203,2.40512919426,4.43056342192e-06,2.30970890698e-05,0,0,-4.81910137751e-05,-1.15126550198,41.5203094482,42.0000314713,0,0,0,5.15307718785e-05,149451.817434
25.525,-0.00102565239649,0.579487860203,2.40512919426,4.43056342192e-06,2.30970890698e-05,0,0,-4.81910137751e-05,-1.15126550198,41.5203094482,42.0000314713,0,0,0,5.15304838705e-05,149451.817434
25.5361111111,-0.00102565239649,0.579487860203,2.40512919426,4.43056342192e-06,2.30970890698e-05,0,0,-4.81910137751e-05,-1.15126550198,41.5203094482,42.0000314713,0,0,0,5.15312230522e-05,149451.817434
25.5472222222,-0.00102565239649,0.579487860203,2.40512919426,4.43056342192e-06,2.30970890698e-05,0,0,-4.81910137751e-05,-1.15126550198,41.5203094482,42.0000314713,0,0,0,5.15309024748e-05,149451.817434
25.5583333333,-0.00102565239649,0.579487860203,2.40512919426,4.43056342192e-06,2.30970890698e-05,0,0,-4.81910137751e-05,-1.15126550198,41.5203094482,42.0000314713,0,0,0,5.15308867751e-05,149451.817434
25.5694444444,-0.00102565239649,0.579487860203,2.40512919426,4.43056342192e-06,2.30970890698e-05,0,0,-4.81910137751e-05,-1.15126550198,41.5203094482,42.0000314713,0,0,0,5.15306237063e-05,149451.817434
25.5805555556,-0.00102565239649,0.579487860203,2.40512919426,4.43056342192e-06,2.30970890698e-05,0,0,-4.81910137751e-05,-1.15126550198,41.5203094482,42.0000314713,0,0,0,5.15303226279e-05,149451.817434
25.5916666667,-0.00102565239649,0.579487860203,2.40512919426,4.43056342192e-06,2.30970890698e-05,0,0,-4.81910137751e-05,-1.15126550198,41.5203094482,42.0000314713,0,0,0,5.15307768164e-05,149451.817434
25.6027777778,-0.00102565239649,0.579487860203,2.40512919426,4.43056342192e-06,2.30970890698e-05,0,0,-4.81910137751e-05,-1.15126550198,41.5203094482,42.0000314713,0,0,0,5.15304045926e-05,149451.817434
25.6138888889,-0.00102565239649,0.579487860203,2.40512919426,4.43056342192e-06,2.30970890698e-05,0,0,-4.81910137751e-05,-1.15126550198,41.5203094482,42.0000314713,0,0,0,5.15308789693e-05,149451.817434
25.625,-0.00102565239649,0.579487860203,2.40512919426,4.43056342192e-06,2.30970890698e-05,0,0,-4.81910137751e-05,-1.15126550198,41.5203094482,42.0000314713,0,0,0,5.15309145228e-05,149451.817434
25.6361111111,-0.00102565239649,0.579487860203,2.40512919426,4.43056342192e-06,2.30970890698e-05,0,0,-4.81910137751e-05,-1.15126550198,41.5203094482,42.0000314713,0,0,0,5.15309742925e-05,149451.817434
25.6472222222,-0.00102565239649,0.579487860203,2.40512919426,4.43056342192e-06,2.30970890698e-05,0,0,-4.81910137751e-05,-1.15126550198,41.5203094482,42.0000314713,0,0,0,5.15310966911e-05,149451.817434
25.6583333333,-0.00102565239649,0.579487860203,2.40512919426,4.43056342192e-06,2.30970890698e-05,0,0,-4.81910137751e-05,-1.15126550198,41.5203094482,42.0000314713,0,0,0,5.15309574737e-05,149451.817434
25.6694444444,-0.00102565239649,0.579487860203,2.40512919426,4.43056342192e-06,2.30970890698e-05,0,0,-4.81910137751e-05,-1.15126550198,41.5203094482,42.0000314713,0,0,0,5.15308788654e-05,149451.817434
25.6805555556,-0.00102565239649,0.579487860203,2.40512919426,4.43056342192e-06,2.30970890698e-05,0,0,-4.81910137751e-05,-1.15126550198,41.5203094482,42.0000314713,0,0,0,5.15308789764e-05,149451.817434
25.6916666667,-0.00102565239649,0.579487860203,2.40512919426,4.43056342192e-06,2.30970890698e-05,0,0,-4.81910137751e-05,-1.15126550198,41.5203094482,42.0000314713,0,0,0,5.15308786989e-05,149451.817434
25.7027777778,-0.00102565239649,0.579487860203,2.40512919426,4.43056342192e-06,2.30970890698e-05,0,0,-4.81910137751e-05,-1.15126550198,41.5203094482,42.0000314713,0,0,0,5.15308428027e-05,149451.817434
25.7138888889,-0.00102565239649,0.579487860203,2.40512919426,4.43056342192e-06,2.30970890698e-05,0,0,-4.81910137751e-05,-1.15126550198,41.5203094482,42.0000314713,0,0,0,5.15306057017e-05,149451.817434
25.725,-0.00102565239649,0.579487860203,2.40512919426,4.43056342192e-06,2.30970890698e-05,0,0,-4.81910137751e-05,-1.15126550198,41.5203094482,42.0000314713,0,0,0,5.1530615384e-05,149451.817434
25.7361111111,-0.00102565239649,0.579487860203,2.40512919426,4.43056342192e-06,2.30970890698e-05,0,0,-4.81910137751e-05,-1.15126550198,41.5203094482,42.0000314713,0,0,0,5.15308859326e-05,149451.817434
25.7472222222,-0.00102565239649,0.579487860203,2.40512919426,4.43056342192e-06,2.30970890698e-05,0,0,-4.81910137751e-05,-1.15126550198,41.5203094482,42.0000314713,0,0,0,5.15306386146e-05,149451.817434
25.7583333333,-0.00102565239649,0.579487860203,2.40512919426,4.43056342192e-06,2.30970890698e-05,0,0,-4.81910137751e-05,-1.15126550198,41.5203094482,42.0000314713,0,0,0,5.15309393274e-05,149451.817434
25.7694444444,-0.00102565239649,0.579487860203,2.40512919426,4.43056342192e-06,2.30970890698e-05,0,0,-4.81910137751e-05,-1.15126550198,41.5203094482,42.0000314713,0,0,0,5.15308449265e-05,149451.817434
25.7805555556,-0.00102565239649,0.579487860203,2.40512919426,4.43056342192e-06,2.30970890698e-05,0,0,-4.81910137751e-05,-1.15126550198,41.5203094482,42.0000314713,0,0,0,5.15308144056e-05,149451.817434
25.7916666667,-0.00102565239649,0.579487860203,2.40512919426,4.43056342192e-06,2.30970890698e-05,0,0,-4.81910137751e-05,-1.15126550198,41.5203094482,42.0000314713,0,0,0,5.15307727517e-05,149451.817434
25.8027777778,-0.00102565239649,0.579487860203,2.40512919426,4.43056342192e-06,2.30970890698e-05,0,0,-4.81910137751e-05,-1.15126550198,41.5203094482,42.0000314713,0,0,0,5.15313353817e-05,149451.817434
25.8138888889,-0.00102565239649,0.579487860203,2.40512919426,4.43056342192e-06,2.30970890698e-05,0,0,-4.81910137751e-05,-1.15126550198,41.5203094482,42.0000314713,0,0,0,5.15307035727e-05,149451.817434
25.825,-0.00102565239649,0.579487860203,2.40512919426,4.43056342192e-06,2.30970890698e-05,0,0,-4.81910137751e-05,-1.15126550198,41.5203094482,42.0000314713,0,0,0,5.15304613288e-05,149451.817434
25.8361111111,-0.00102565239649,0.579487860203,2.40512919426,4.43056342192e-06,2.30970890698e-05,0,0,-4.81910137751e-05,-1.15126550198,41.5203094482,42.0000314713,0,0,0,5.1530486479e-05,149451.817434
25.8472222222,-0.00102565239649,0.579487860203,2.40512919426,4.43056342192e-06,2.30970890698e-05,0,0,-4.81910137751e-05,-1.15126550198,41.5203094482,42.0000314713,0,0,0,5.15301154547e-05,149451.817434
25.8583333333,-0.00102565239649,0.579487860203,2.40512919426,4.43056342192e-06,2.30970890698e-05,0,0,-4.81910137751e-05,-1.15126550198,41.5203094482,42.0000314713,0,0,0,5.15304918568e-05,149451.817434
25.8694444444,-0.00102565239649,0.579487860203,2.40512919426,4.43056342192e-06,2.30970890698e-05,0,0,-4.81910137751e-05,-1.15126550198,41.5203094482,42.0000314713,0,0,0,5.15304838182e-05,149451.817434
25.8805555556,-0.00102565239649,0.579487860203,2.40512919426,4.43056342192e-06,2.30970890698e-05,0,0,-4.81910137751e-05,-1.15126550198,41.5203094482,42.0000314713,0,0,0,5.15311026731e-05,149451.817434
25.8916666667,-0.00102565239649,0.579487860203,2.40512919426,4.43056342192e-06,2.30970890698e-05,0,0,-4.81910137751e-05,-1.15126550198,41.5203094482,42.0000314713,0,0,0,5.15304657172e-05,149451.817434
25.9027777778,-0.00102565239649,0.579487860203,2.40512919426,4.43056342192e-06,2.30970890698e-05,0,0,-4.81910137751e-05,-1.15126550198,41.5203094482,42.0000314713,0,0,0,5.15295376191e-05,149451.817434
25.9138888889,-0.00102565239649,0.579487860203,2.40512919426,4.43056342192e-06,2.30970890698e-05,0,0,-4.81910137751e-05,-1.15126550198,41.5203094482,42.0000314713,0,0,0,5.1531467884e-05,149451.817434
25.925,-0.00102565239649,0.579487860203,2.40512919426,4.43056342192e-06,2.30970890698e-05,0,0,-4.81910137751e-05,-1.15126550198,41.5203094482,42.0000314713,0,0,0,5.15309344746e-05,149451.817434
25.9361111111,-0.00102565239649,0.579487860203,2.40512919426,4.43056342192e-06,2.30970890698e-05,0,0,-4.81910137751e-05,-1.15126550198,41.5203094482,42.0000314713,0,0,0,5.15307220752e-05,149451.817434
25.9472222222,-0.00102565239649,0.579487860203,2.40512919426,4.43056342192e-06,2.30970890698e-05,0,0,-4.81910137751e-05,-1.15126550198,41.5203094482,42.0000314713,0,0,0,5.15306420189e-05,149451.817434
25.9583333333,-0.00102565239649,0.579487860203,2.40512919426,4.43056342192e-06,2.30970890698e-05,0,0,-4.81910137751e-05,-1.15126550198,41.5203094482,42.0000314713,0,0,0,5.15299849047e-05,149451.817434
25.9694444444,-0.00102565239649,0.579487860203,2.40512919426,4.43056342192e-06,2.30970890698e-05,0,0,-4.81910137751e-05,-1.15126550198,41.5203094482,42.0000314713,0,0,0,5.15298661444e-05,149451.817434
25.9805555556,-0.00102565239649,0.579487860203,2.40512919426,4.43056342192e-06,2.30970890698e-05,0,0,-4.81910137751e-05,-1.15126550198,41.5203094482,42.0000314713,0,0,0,5.15300003453e-05,149451.817434
25.9916666667,-0.00102565239649,0.579487860203,2.40512919426,4.43056342192e-06,2.30970890698e-05,0,0,-4.81910137751e-05,-1.15126550198,41.5203094482,42.0000314713,0,0,0,5.15315688302e-05,149451.817434
26.0027777778,-0.00102565239649,0.579487860203,2.40512919426,4.43056342192e-06,2.30970890698e-05,0,0,-4.81910137751e-05,-1.15126550198,41.5203094482,42.0000314713,0,0,0,5.15300128094e-05,149451.817434
26.0138888889,-0.00102565239649,0.579487860203,2.40512919426,4.43056342192e-06,2.30970890698e-05,0,0,-4.81910137751e-05,-1.15126550198,41.5203094482,42.0000314713,0,0,0,5.15309466968e-05,149451.817434
26.025,-0.00102565239649,0.579487860203,2.40512919426,4.43056342192e-06,2.30970890698e-05,0,0,-4.81910137751e-05,-1.15126550198,41.5203094482,42.0000314713,0,0,0,5.15310469859e-05,149451.817434
26.0361111111,-0.00102565239649,0.579487860203,2.40512919426,4.43056342192e-06,2.30970890698e-05,0,0,-4.81910137751e-05,-1.15126550198,41.5203094482,42.0000314713,0,0,0,5.1529776981e-05,149451.817434
26.0472222222,-0.00102565239649,0.579487860203,2.40512919426,4.43056342192e-06,2.30970890698e-05,0,0,-4.81910137751e-05,-1.15126550198,41.5203094482,42.0000314713,0,0,0,5.15303435822e-05,149451.817434
26.0583333333,-0.00102565239649,0.579487860203,2.40512919426,4.43056342192e-06,2.30970890698e-05,0,0,-4.81910137751e-05,-1.15126550198,41.5203094482,42.0000314713,0,0,0,5.15307004947e-05,149451.817434
26.0694444444,-0.00102565239649,0.579487860203,2.40512919426,4.43056342192e-06,2.30970890698e-05,0,0,-4.81910137751e-05,-1.15126550198,41.5203094482,42.0000314713,0,0,0,5.15306087743e-05,149451.817434
26.0805555556,-0.00102565239649,0.579487860203,2.40512919426,4.43056342192e-06,2.30970890698e-05,0,0,-4.81910137751e-05,-1.15126550198,41.5203094482,42.0000314713,0,0,0,5.15311031545e-05,149451.817434
26.0916666667,-0.00102565239649,0.579487860203,2.40512919426,4.43056342192e-06,2.30970890698e-05,0,0,-4.81910137751e-05,-1.15126550198,41.5203094482,42.0000314713,0,0,0,5.15307265399e-05,149451.817434
26.1027777778,-0.00102565239649,0.579487860203,2.40512919426,4.43056342192e-06,2.30970890698e-05,0,0,-4.81910137751e-05,-1.15126550198,41.5203094482,42.0000314713,0,0,0,5.15307264079e-05,149451.817434
26.1138888889,-0.00102565239649,0.579487860203,2.40512919426,4.43056342192e-06,2.30970890698e-05,0,0,-4.81910137751e-05,-1.15126550198,41.5203094482,42.0000314713,0,0,0,5.1531043441e-05,149451.817434
26.125,-0.00102565239649,0.579487860203,2.40512919426,4.43056342192e-06,2.30970890698e-05,0,0,-4.81910137751e-05,-1.15126550198,41.5203094482,42.0000314713,0,0,0,5.15308326982e-05,149451.817434
26.1361111111,-0.00102565239649,0.579487860203,2.40512919426,4.43056342192e-06,2.30970890698e-05,0,0,-4.81910137751e-05,-1.15126550198,41.5203094482,42.0000314713,0,0,0,5.15310434548e-05,149451.817434
26.1472222222,-0.00102565239649,0.579487860203,2.40512919426,4.43056342192e-06,2.30970890698e-05,0,0,-4.81910137751e-05,-1.15126550198,41.5203094482,42.0000314713,0,0,0,5.15313712113e-05,149451.817434
26.1583333333,-0.00102565239649,0.579487860203,2.40512919426,4.43056342192e-06,2.30970890698e-05,0,0,-4.81910137751e-05,-1.15126550198,41.5203094482,42.0000314713,0,0,0,5.15310168924e-05,149451.817434
26.1694444444,-0.00102565239649,0.579487860203,2.40512919426,4.43056342192e-06,2.30970890698e-05,0,0,-4.81910137751e-05,-1.15126550198,41.5203094482,42.0000314713,0,0,0,5.15308253522e-05,149451.817434
26.1805555556,-0.00102565239649,0.579487860203,2.40512919426,4.43056342192e-06,2.30970890698e-05,0,0,-4.81910137751e-05,-1.15126550198,41.5203094482,42.0000314713,0,0,0,5.15309625777e-05,149451.817434
26.1916666667,-0.00102565239649,0.579487860203,2.40512919426,4.43056342192e-06,2.30970890698e-05,0,0,-4.81910137751e-05,-1.15126550198,41.5203094482,42.0000314713,0,0,0,5.15296625727e-05,149451.817434
26.2027777778,-0.00102565239649,0.579487860203,2.40512919426,4.43056342192e-06,2.30970890698e-05,0,0,-4.81910137751e-05,-1.15126550198,41.5203094482,42.0000314713,0,0,0,5.15298967681e-05,149451.817434
26.2138888889,-0.00102565239649,0.579487860203,2.40512919426,4.43056342192e-06,2.30970890698e-05,0,0,-4.81910137751e-05,-1.15126550198,41.5203094482,42.0000314713,0,0,0,5.15306605101e-05,149451.817434
26.225,-0.00102565239649,0.579487860203,2.40512919426,4.43056342192e-06,2.30970890698e-05,0,0,-4.81910137751e-05,-1.15126550198,41.5203094482,42.0000314713,0,0,0,5.15308445621e-05,149451.817434
26.2361111111,-0.00102565239649,0.579487860203,2.40512919426,4.43056342192e-06,2.30970890698e-05,0,0,-4.81910137751e-05,-1.15126550198,41.5203094482,42.0000314713,0,0,0,5.15298995201e-05,149451.817434
26.2472222222,-0.00102565239649,0.579487860203,2.40512919426,4.43056342192e-06,2.30970890698e-05,0,0,-4.81910137751e-05,-1.15126550198,41.5203094482,42.0000314713,0,0,0,5.1531335423e-05,149451.817434
26.2583333333,-0.00102565239649,0.579487860203,2.40512919426,4.43056342192e-06,2.30970890698e-05,0,0,-4.81910137751e-05,-1.15126550198,41.5203094482,42.0000314713,0,0,0,5.15306700945e-05,149451.817434
26.2694444444,-0.00102565239649,0.579487860203,2.40512919426,4.43056342192e-06,2.30970890698e-05,0,0,-4.81910137751e-05,-1.15126550198,41.5203094482,42.0000314713,0,0,0,5.15307939805e-05,149451.817434
26.2805555556,-0.00102565239649,0.579487860203,2.40512919426,4.43056342192e-06,2.30970890698e-05,0,0,-4.81910137751e-05,-1.15126550198,41.5203094482,42.0000314713,0,0,0,5.15310237393e-05,149451.817434
26.2916666667,-0.00102565239649,0.579487860203,2.40512919426,4.43056342192e-06,2.30970890698e-05,0,0,-4.81910137751e-05,-1.15126550198,41.5203094482,42.0000314713,0,0,0,5.15314747301e-05,149451.817434
26.3027777778,-0.00102565239649,0.579487860203,2.40512919426,4.43056342192e-06,2.30970890698e-05,0,0,-4.81910137751e-05,-1.15126550198,41.5203094482,42.0000314713,0,0,0,5.15304967944e-05,149451.817434
26.3138888889,-0.00102565239649,0.579487860203,2.40512919426,4.43056342192e-06,2.30970890698e-05,0,0,-4.81910137751e-05,-1.15126550198,41.5203094482,42.0000314713,0,0,0,5.15296922941e-05,149451.817434
26.325,-0.00102565239649,0.579487860203,2.40512919426,4.43056342192e-06,2.30970890698e-05,0,0,-4.81910137751e-05,-1.15126550198,41.5203094482,42.0000314713,0,0,0,5.15301869121e-05,149451.817434
26.3361111111,-0.00102565239649,0.579487860203,2.40512919426,4.43056342192e-06,2.30970890698e-05,0,0,-4.81910137751e-05,-1.15126550198,41.5203094482,42.0000314713,0,0,0,5.15310023013e-05,149451.817434
26.3472222222,-0.00102565239649,0.579487860203,2.40512919426,4.43056342192e-06,2.30970890698e-05,0,0,-4.81910137751e-05,-1.15126550198,41.5203094482,42.0000314713,0,0,0,5.15306081947e-05,149451.817434
26.3583333333,-0.00102565239649,0.579487860203,2.40512919426,4.43056342192e-06,2.30970890698e-05,0,0,-4.81910137751e-05,-1.15126550198,41.5203094482,42.0000314713,0,0,0,5.15308361678e-05,149451.817434
26.3694444444,-0.00102565239649,0.579487860203,2.40512919426,4.43056342192e-06,2.30970890698e-05,0,0,-4.81910137751e-05,-1.15126550198,41.5203094482,42.0000314713,0,0,0,5.15308225642e-05,149451.817434
26.3805555556,-0.00102565239649,0.579487860203,2.40512919426,4.43056342192e-06,2.30970890698e-05,0,0,-4.81910137751e-05,-1.15126550198,41.5203094482,42.0000314713,0,0,0,5.153075793e-05,149451.817434
26.3916666667,-0.00102565239649,0.579487860203,2.40512919426,4.43056342192e-06,2.30970890698e-05,0,0,-4.81910137751e-05,-1.15126550198,41.5203094482,42.0000314713,0,0,0,5.15308204963e-05,149451.817434
26.4027777778,-0.00102565239649,0.579487860203,2.40512919426,4.43056342192e-06,2.30970890698e-05,0,0,-4.81910137751e-05,-1.15126550198,41.5203094482,42.0000314713,0,0,0,5.15309745213e-05,149451.817434
26.4138888889,-0.00102565239649,0.579487860203,2.40512919426,4.43056342192e-06,2.30970890698e-05,0,0,-4.81910137751e-05,-1.15126550198,41.5203094482,42.0000314713,0,0,0,5.15309389391e-05,149451.817434
26.425,-0.00102565239649,0.579487860203,2.40512919426,4.43056342192e-06,2.30970890698e-05,0,0,-4.81910137751e-05,-1.15126550198,41.5203094482,42.0000314713,0,0,0,5.15307765743e-05,149451.817434
26.4361111111,-0.00102565239649,0.579487860203,2.40512919426,4.43056342192e-06,2.30970890698e-05,0,0,-4.81910137751e-05,-1.15126550198,41.5203094482,42.0000314713,0,0,0,5.15307760533e-05,149451.817434
26.4472222222,-0.00102565239649,0.579487860203,2.40512919426,4.43056342192e-06,2.30970890698e-05,0,0,-4.81910137751e-05,-1.15126550198,41.5203094482,42.0000314713,0,0,0,5.15309096728e-05,149451.817434
26.4583333333,-0.00102565239649,0.579487860203,2.40512919426,4.43056342192e-06,2.30970890698e-05,0,0,-4.81910137751e-05,-1.15126550198,41.5203094482,42.0000314713,0,0,0,5.15307581199e-05,149451.817434
26.4694444444,-0.00102565239649,0.579487860203,2.40512919426,4.43056342192e-06,2.30970890698e-05,0,0,-4.81910137751e-05,-1.15126550198,41.5203094482,42.0000314713,0,0,0,5.15312852719e-05,149451.817434
26.4805555556,-0.00102565239649,0.579487860203,2.40512919426,4.43056342192e-06,2.30970890698e-05,0,0,-4.81910137751e-05,-1.15126550198,41.5203094482,42.0000314713,0,0,0,5.15307422045e-05,149451.817434
26.4916666667,-0.00102565239649,0.579487860203,2.40512919426,4.43056342192e-06,2.30970890698e-05,0,0,-4.81910137751e-05,-1.15126550198,41.5203094482,42.0000314713,0,0,0,5.15311030156e-05,149451.817434
26.5027777778,-0.00102565239649,0.579487860203,2.40512919426,4.43056342192e-06,2.30970890698e-05,0,0,-4.81910137751e-05,-1.15126550198,41.5203094482,42.0000314713,0,0,0,5.15309468092e-05,149451.817434
26.5138888889,-0.00102565239649,0.579487860203,2.40512919426,4.43056342192e-06,2.30970890698e-05,0,0,-4.81910137751e-05,-1.15126550198,41.5203094482,42.0000314713,0,0,0,5.15306017382e-05,149451.817434
26.525,-0.00102565239649,0.579487860203,2.40512919426,4.43056342192e-06,2.30970890698e-05,0,0,-4.81910137751e-05,-1.15126550198,41.5203094482,42.0000314713,0,0,0,5.15307334748e-05,149451.817434
26.5361111111,-0.00102565239649,0.579487860203,2.40512919426,4.43056342192e-06,2.30970890698e-05,0,0,-4.81910137751e-05,-1.15126550198,41.5203094482,42.0000314713,0,0,0,5.1531027973e-05,149451.817434
26.5472222222,-0.00102565239649,0.579487860203,2.40512919426,4.43056342192e-06,2.30970890698e-05,0,0,-4.81910137751e-05,-1.15126550198,41.5203094482,42.0000314713,0,0,0,5.15313985744e-05,149451.817434
26.5583333333,-0.00102565239649,0.579487860203,2.40512919426,4.43056342192e-06,2.30970890698e-05,0,0,-4.81910137751e-05,-1.15126550198,41.5203094482,42.0000314713,0,0,0,5.15310424264e-05,149451.817434
26.5694444444,-0.00102565239649,0.579487860203,2.40512919426,4.43056342192e-06,2.30970890698e-05,0,0,-4.81910137751e-05,-1.15126550198,41.5203094482,42.0000314713,0,0,0,5.15312388894e-05,149451.817434
26.5805555556,-0.00102565239649,0.579487860203,2.40512919426,4.43056342192e-06,2.30970890698e-05,0,0,-4.81910137751e-05,-1.15126550198,41.5203094482,42.0000314713,0,0,0,5.15299963794e-05,149451.817434
26.5916666667,-0.00102565239649,0.579487860203,2.40512919426,4.43056342192e-06,2.30970890698e-05,0,0,-4.81910137751e-05,-1.15126550198,41.5203094482,42.0000314713,0,0,0,5.15301295681e-05,149451.817434
26.6027777778,-0.00102565239649,0.579487860203,2.40512919426,4.43056342192e-06,2.30970890698e-05,0,0,-4.81910137751e-05,-1.15126550198,41.5203094482,42.0000314713,0,0,0,5.1530638819e-05,149451.817434
26.6138888889,-0.00102565239649,0.579487860203,2.40512919426,4.43056342192e-06,2.30970890698e-05,0,0,-4.81910137751e-05,-1.15126550198,41.5203094482,42.0000314713,0,0,0,5.1530741383e-05,149451.817434
26.625,-0.00102565239649,0.579487860203,2.40512919426,4.43056342192e-06,2.30970890698e-05,0,0,-4.81910137751e-05,-1.15126550198,41.5203094482,42.0000314713,0,0,0,5.15308328367e-05,149451.817434
26.6361111111,-0.00102565239649,0.579487860203,2.40512919426,4.43056342192e-06,2.30970890698e-05,0,0,-4.81910137751e-05,-1.15126550198,41.5203094482,42.0000314713,0,0,0,5.15314292973e-05,149451.817434
26.6472222222,-0.00102565239649,0.579487860203,2.40512919426,4.43056342192e-06,2.30970890698e-05,0,0,-4.81910137751e-05,-1.15126550198,41.5203094482,42.0000314713,0,0,0,5.15314636303e-05,149451.817434
26.6583333333,-0.00102565239649,0.579487860203,2.40512919426,4.43056342192e-06,2.30970890698e-05,0,0,-4.81910137751e-05,-1.15126550198,41.5203094482,42.0000314713,0,0,0,5.15308525301e-05,149451.817434
26.6694444444,-0.00102565239649,0.579487860203,2.40512919426,4.43056342192e-06,2.30970890698e-05,0,0,-4.81910137751e-05,-1.15126550198,41.5203094482,42.0000314713,0,0,0,5.15304583931e-05,149451.817434
26.6805555556,-0.00102565239649,0.579487860203,2.40512919426,4.43056342192e-06,2.30970890698e-05,0,0,-4.81910137751e-05,-1.15126550198,41.5203094482,42.0000314713,0,0,0,5.15303965796e-05,149451.817434
26.6916666667,-0.00102565239649,0.579487860203,2.40512919426,4.43056342192e-06,2.30970890698e-05,0,0,-4.81910137751e-05,-1.15126550198,41.5203094482,42.0000314713,0,0,0,5.15314683662e-05,149451.817434
26.7027777778,-0.00102565239649,0.579487860203,2.40512919426,4.43056342192e-06,2.30970890698e-05,0,0,-4.81910137751e-05,-1.15126550198,41.5203094482,42.0000314713,0,0,0,5.15313534189e-05,149451.817434
26.7138888889,-0.00102565239649,0.579487860203,2.40512919426,4.43056342192e-06,2.30970890698e-05,0,0,-4.81910137751e-05,-1.15126550198,41.5203094482,42.0000314713,0,0,0,5.15300330089e-05,149451.817434
26.725,-0.00102565239649,0.579487860203,2.40512919426,4.43056342192e-06,2.30970890698e-05,0,0,-4.81910137751e-05,-1.15126550198,41.5203094482,42.0000314713,0,0,0,5.15305214584e-05,149451.817434
26.7361111111,-0.00102565239649,0.579487860203,2.40512919426,4.43056342192e-06,2.30970890698e-05,0,0,-4.81910137751e-05,-1.15126550198,41.5203094482,42.0000314713,0,0,0,5.15310227567e-05,149451.817434
26.7472222222,-0.00102565239649,0.579487860203,2.40512919426,4.43056342192e-06,2.30970890698e-05,0,0,-4.81910137751e-05,-1.15126550198,41.5203094482,42.0000314713,0,0,0,5.15305521935e-05,149451.817434
26.7583333333,-0.00102565239649,0.579487860203,2.40512919426,4.43056342192e-06,2.30970890698e-05,0,0,-4.81910137751e-05,-1.15126550198,41.5203094482,42.0000314713,0,0,0,5.15306563063e-05,149451.817434
26.7694444444,-0.00102565239649,0.579487860203,2.40512919426,4.43056342192e-06,2.30970890698e-05,0,0,-4.81910137751e-05,-1.15126550198,41.5203094482,42.0000314713,0,0,0,5.15306059535e-05,149451.817434
26.7805555556,-0.00102565239649,0.579487860203,2.40512919426,4.43056342192e-06,2.30970890698e-05,0,0,-4.81910137751e-05,-1.15126550198,41.5203094482,42.0000314713,0,0,0,5.15308855073e-05,149451.817434
26.7916666667,-0.00102565239649,0.579487860203,2.40512919426,4.43056342192e-06,2.30970890698e-05,0,0,-4.81910137751e-05,-1.15126550198,41.5203094482,42.0000314713,0,0,0,5.15306535943e-05,149451.817434
26.8027777778,-0.00102565239649,0.579487860203,2.40512919426,4.43056342192e-06,2.30970890698e-05,0,0,-4.81910137751e-05,-1.15126550198,41.5203094482,42.0000314713,0,0,0,5.1530653886e-05,149451.817434
26.8138888889,-0.00102565239649,0.579487860203,2.40512919426,4.43056342192e-06,2.30970890698e-05,0,0,-4.81910137751e-05,-1.15126550198,41.5203094482,42.0000314713,0,0,0,5.1530963102e-05,149451.817434
26.825,-0.00102565239649,0.579487860203,2.40512919426,4.43056342192e-06,2.30970890698e-05,0,0,-4.81910137751e-05,-1.15126550198,41.5203094482,42.0000314713,0,0,0,5.15314335542e-05,149451.817434
26.8361111111,-0.00102565239649,0.579487860203,2.40512919426,4.43056342192e-06,2.30970890698e-05,0,0,-4.81910137751e-05,-1.15126550198,41.5203094482,42.0000314713,0,0,0,5.15314369434e-05,149451.817434
26.8472222222,-0.00102565239649,0.579487860203,2.40512919426,4.43056342192e-06,2.30970890698e-05,0,0,-4.81910137751e-05,-1.15126550198,41.5203094482,42.0000314713,0,0,0,5.1529970703e-05,149451.817434
26.8583333333,-0.00102565239649,0.579487860203,2.40512919426,4.43056342192e-06,2.30970890698e-05,0,0,-4.81910137751e-05,-1.15126550198,41.5203094482,42.0000314713,0,0,0,5.15310225049e-05,149451.817434
26.8694444444,-0.00102565239649,0.579487860203,2.40512919426,4.43056342192e-06,2.30970890698e-05,0,0,-4.81910137751e-05,-1.15126550198,41.5203094482,42.0000314713,0,0,0,5.15314449079e-05,149451.817434
26.8805555556,-0.00102565239649,0.579487860203,2.40512919426,4.43056342192e-06,2.30970890698e-05,0,0,-4.81910137751e-05,-1.15126550198,41.5203094482,42.0000314713,0,0,0,5.15312450582e-05,149451.817434
26.8916666667,-0.00102565239649,0.579487860203,2.40512919426,4.43056342192e-06,2.30970890698e-05,0,0,-4.81910137751e-05,-1.15126550198,41.5203094482,42.0000314713,0,0,0,5.15311449726e-05,149451.817434
26.9027777778,-0.00102565239649,0.579487860203,2.40512919426,4.43056342192e-06,2.30970890698e-05,0,0,-4.81910137751e-05,-1.15126550198,41.5203094482,42.0000314713,0,0,0,5.15305798027e-05,149451.817434
26.9138888889,-0.00102565239649,0.579487860203,2.40512919426,4.43056342192e-06,2.30970890698e-05,0,0,-4.81910137751e-05,-1.15126550198,41.5203094482,42.0000314713,0,0,0,5.15299623479e-05,149451.817434
26.925,-0.00102565239649,0.579487860203,2.40512919426,4.43056342192e-06,2.30970890698e-05,0,0,-4.81910137751e-05,-1.15126550198,41.5203094482,42.0000314713,0,0,0,5.15310105606e-05,149451.817434
26.9361111111,-0.00102565239649,0.579487860203,2.40512919426,4.43056342192e-06,2.30970890698e-05,0,0,-4.81910137751e-05,-1.15126550198,41.5203094482,42.0000314713,0,0,0,5.15305799689e-05,149451.817434
26.9472222222,-0.00102565239649,0.579487860203,2.40512919426,4.43056342192e-06,2.30970890698e-05,0,0,-4.81910137751e-05,-1.15126550198,41.5203094482,42.0000314713,0,0,0,5.15315605292e-05,149451.817434
26.9583333333,-0.00102565239649,0.579487860203,2.40512919426,4.43056342192e-06,2.30970890698e-05,0,0,-4.81910137751e-05,-1.15126550198,41.5203094482,42.0000314713,0,0,0,5.15313173016e-05,149451.817434
26.9694444444,-0.00102565239649,0.579487860203,2.40512919426,4.43056342192e-06,2.30970890698e-05,0,0,-4.81910137751e-05,-1.15126550198,41.5203094482,42.0000314713,0,0,0,5.15294378657e-05,149451.817434
26.9805555556,-0.00102565239649,0.579487860203,2.40512919426,4.43056342192e-06,2.30970890698e-05,0,0,-4.81910137751e-05,-1.15126550198,41.5203094482,42.0000314713,0,0,0,5.15307037599e-05,149451.817434
26.9916666667,-0.00102565239649,0.579487860203,2.40512919426,4.43056342192e-06,2.30970890698e-05,0,0,-4.81910137751e-05,-1.15126550198,41.5203094482,42.0000314713,0,0,0,5.15307217634e-05,149451.817434
27.0027777778,-0.00102565239649,0.579487860203,2.40512919426,4.43056342192e-06,2.30970890698e-05,0,0,-4.81910137751e-05,-1.15126550198,41.5203094482,42.0000314713,0,0,0,5.15308625724e-05,149451.817434
27.0138888889,-0.00102565239649,0.579487860203,2.40512919426,4.43056342192e-06,2.30970890698e-05,0,0,-4.81910137751e-05,-1.15126550198,41.5203094482,42.0000314713,0,0,0,5.1530814261e-05,149451.817434
27.025,-0.00102565239649,0.579487860203,2.40512919426,4.43056342192e-06,2.30970890698e-05,0,0,-4.81910137751e-05,-1.15126550198,41.5203094482,42.0000314713,0,0,0,5.15295664328e-05,149451.817434
27.0361111111,-0.00102565239649,0.579487860203,2.40512919426,4.43056342192e-06,2.30970890698e-05,0,0,-4.81910137751e-05,-1.15126550198,41.5203094482,42.0000314713,0,0,0,5.15295518561e-05,149451.817434
27.0472222222,-0.00102565239649,0.579487860203,2.40512919426,4.43056342192e-06,2.30970890698e-05,0,0,-4.81910137751e-05,-1.15126550198,41.5203094482,42.0000314713,0,0,0,5.15308580294e-05,149451.817434
27.0583333333,-0.00102565239649,0.579487860203,2.40512919426,4.43056342192e-06,2.30970890698e-05,0,0,-4.81910137751e-05,-1.15126550198,41.5203094482,42.0000314713,0,0,0,5.15308700296e-05,149451.817434
27.0694444444,-0.00102565239649,0.579487860203,2.40512919426,4.43056342192e-06,2.30970890698e-05,0,0,-4.81910137751e-05,-1.15126550198,41.5203094482,42.0000314713,0,0,0,5.15307938398e-05,149451.817434
27.0805555556,-0.00102565239649,0.579487860203,2.40512919426,4.43056342192e-06,2.30970890698e-05,0,0,-4.81910137751e-05,-1.15126550198,41.5203094482,42.0000314713,0,0,0,5.15303538133e-05,149451.817434
27.0916666667,-0.00102565239649,0.579487860203,2.40512919426,4.43056342192e-06,2.30970890698e-05,0,0,-4.81910137751e-05,-1.15126550198,41.5203094482,42.0000314713,0,0,0,5.15311578844e-05,149451.817434
27.1027777778,-0.00102565239649,0.579487860203,2.40512919426,4.43056342192e-06,2.30970890698e-05,0,0,-4.81910137751e-05,-1.15126550198,41.5203094482,42.0000314713,0,0,0,5.15309195365e-05,149451.817434
27.1138888889,-0.00102565239649,0.579487860203,2.40512919426,4.43056342192e-06,2.30970890698e-05,0,0,-4.81910137751e-05,-1.15126550198,41.5203094482,42.0000314713,0,0,0,5.15307217634e-05,149451.817434
27.125,-0.00102565239649,0.579487860203,2.40512919426,4.43056342192e-06,2.30970890698e-05,0,0,-4.81910137751e-05,-1.15126550198,41.5203094482,42.0000314713,0,0,0,5.15307563008e-05,149451.817434
27.1361111111,-0.00102565239649,0.579487860203,2.40512919426,4.43056342192e-06,2.30970890698e-05,0,0,-4.81910137751e-05,-1.15126550198,41.5203094482,42.0000314713,0,0,0,5.1530956318e-05,149451.817434
27.1472222222,-0.00102565239649,0.579487860203,2.40512919426,4.43056342192e-06,2.30970890698e-05,0,0,-4.81910137751e-05,-1.15126550198,41.5203094482,42.0000314713,0,0,0,5.15308458802e-05,149451.817434
27.1583333333,-0.00102565239649,0.579487860203,2.40512919426,4.43056342192e-06,2.30970890698e-05,0,0,-4.81910137751e-05,-1.15126550198,41.5203094482,42.0000314713,0,0,0,5.15308296101e-05,149451.817434
27.1694444444,-0.00102565239649,0.579487860203,2.40512919426,4.43056342192e-06,2.30970890698e-05,0,0,-4.81910137751e-05,-1.15126550198,41.5203094482,42.0000314713,0,0,0,5.15308297205e-05,149451.817434
27.1805555556,-0.00102565239649,0.579487860203,2.40512919426,4.43056342192e-06,2.30970890698e-05,0,0,-4.81910137751e-05,-1.15126550198,41.5203094482,42.0000314713,0,0,0,5.15307357012e-05,149451.817434
27.1916666667,-0.00102565239649,0.579487860203,2.40512919426,4.43056342192e-06,2.30970890698e-05,0,0,-4.81910137751e-05,-1.15126550198,41.5203094482,42.0000314713,0,0,0,5.1530956226e-05,149451.817434
27.2027777778,-0.00102565239649,0.579487860203,2.40512919426,4.43056342192e-06,2.30970890698e-05,0,0,-4.81910137751e-05,-1.15126550198,41.5203094482,42.0000314713,0,0,0,5.15307252979e-05,149451.817434
27.2138888889,-0.00102565239649,0.579487860203,2.40512919426,4.43056342192e-06,2.30970890698e-05,0,0,-4.81910137751e-05,-1.15126550198,41.5203094482,42.0000314713,0,0,0,5.15307255752e-05,149451.817434
27.225,-0.00102565239649,0.579487860203,2.40512919426,4.43056342192e-06,2.30970890698e-05,0,0,-4.81910137751e-05,-1.15126550198,41.5203094482,42.0000314713,0,0,0,5.1530148481e-05,149451.817434
27.2361111111,-0.00102565239649,0.579487860203,2.40512919426,4.43056342192e-06,2.30970890698e-05,0,0,-4.81910137751e-05,-1.15126550198,41.5203094482,42.0000314713,0,0,0,5.15302789144e-05,149451.817434
27.2472222222,-0.00102565239649,0.579487860203,2.40512919426,4.43056342192e-06,2.30970890698e-05,0,0,-4.81910137751e-05,-1.15126550198,41.5203094482,42.0000314713,0,0,0,5.1531607507e-05,149451.817434
27.2583333333,-0.00102565239649,0.579487860203,2.40512919426,4.43056342192e-06,2.30970890698e-05,0,0,-4.81910137751e-05,-1.15126550198,41.5203094482,42.0000314713,0,0,0,5.15298995619e-05,149451.817434
27.2694444444,-0.00102565239649,0.579487860203,2.40512919426,4.43056342192e-06,2.30970890698e-05,0,0,-4.81910137751e-05,-1.15126550198,41.5203094482,42.0000314713,0,0,0,5.15304554035e-05,149451.817434
27.2805555556,-0.00102565239649,0.579487860203,2.40512919426,4.43056342192e-06,2.30970890698e-05,0,0,-4.81910137751e-05,-1.15126550198,41.5203094482,42.0000314713,0,0,0,5.15303615513e-05,149451.817434
27.2916666667,-0.00102565239649,0.579487860203,2.40512919426,4.43056342192e-06,2.30970890698e-05,0,0,-4.81910137751e-05,-1.15126550198,41.5203094482,42.0000314713,0,0,0,5.15301908773e-05,149451.817434
27.3027777778,-0.00102565239649,0.579487860203,2.40512919426,4.43056342192e-06,2.30970890698e-05,0,0,-4.81910137751e-05,-1.15126550198,41.5203094482,42.0000314713,0,0,0,5.15301247628e-05,149451.817434
27.3138888889,-0.00102565239649,0.579487860203,2.40512919426,4.43056342192e-06,2.30970890698e-05,0,0,-4.81910137751e-05,-1.15126550198,41.5203094482,42.0000314713,0,0,0,5.15305738527e-05,149451.817434
27.325,-0.00102565239649,0.579487860203,2.40512919426,4.43056342192e-06,2.30970890698e-05,0,0,-4.81910137751e-05,-1.15126550198,41.5203094482,42.0000314713,0,0,0,5.15302680741e-05,149451.817434
27.3361111111,-0.00102565239649,0.579487860203,2.40512919426,4.43056342192e-06,2.30970890698e-05,0,0,-4.81910137751e-05,-1.15126550198,41.5203094482,42.0000314713,0,0,0,5.15302930794e-05,149451.817434
27.3472222222,-0.00102565239649,0.579487860203,2.40512919426,4.43056342192e-06,2.30970890698e-05,0,0,-4.81910137751e-05,-1.15126550198,41.5203094482,42.0000314713,0,0,0,5.15302934132e-05,149451.817434
27.3583333333,-0.00102565239649,0.579487860203,2.40512919426,4.43056342192e-06,2.30970890698e-05,0,0,-4.81910137751e-05,-1.15126550198,41.5203094482,42.0000314713,0,0,0,5.15302860563e-05,149451.817434
27.3694444444,-0.00102565239649,0.579487860203,2.40512919426,4.43056342192e-06,2.30970890698e-05,0,0,-4.81910137751e-05,-1.15126550198,41.5203094482,42.0000314713,0,0,0,5.15302859452e-05,149451.817434
27.3805555556,-0.00102565239649,0.579487860203,2.40512919426,4.43056342192e-06,2.30970890698e-05,0,0,-4.81910137751e-05,-1.15126550198,41.5203094482,42.0000314713,0,0,0,5.15301108003e-05,149451.817434
27.3916666667,-0.00102565239649,0.579487860203,2.40512919426,4.43056342192e-06,2.30970890698e-05,0,0,-4.81910137751e-05,-1.15126550198,41.5203094482,42.0000314713,0,0,0,5.15302859452e-05,149451.817434
27.4027777778,-0.00102565239649,0.579487860203,2.40512919426,4.43056342192e-06,2.30970890698e-05,0,0,-4.81910137751e-05,-1.15126550198,41.5203094482,42.0000314713,0,0,0,5.15302906042e-05,149451.817434
27.4138888889,-0.00102565239649,0.579487860203,2.40512919426,4.43056342192e-06,2.30970890698e-05,0,0,-4.81910137751e-05,-1.15126550198,41.5203094482,42.0000314713,0,0,0,5.15302682277e-05,149451.817434
27.425,-0.00102565239649,0.579487860203,2.40512919426,4.43056342192e-06,2.30970890698e-05,0,0,-4.81910137751e-05,-1.15126550198,41.5203094482,42.0000314713,0,0,0,5.15303035588e-05,149451.817434
27.4361111111,-0.00102565239649,0.579487860203,2.40512919426,4.43056342192e-06,2.30970890698e-05,0,0,-4.81910137751e-05,-1.15126550198,41.5203094482,42.0000314713,0,0,0,5.15302684288e-05,149451.817434
27.4472222222,-0.00102565239649,0.579487860203,2.40512919426,4.43056342192e-06,2.30970890698e-05,0,0,-4.81910137751e-05,-1.15126550198,41.5203094482,42.0000314713,0,0,0,5.15302517796e-05,149451.817434
27.4583333333,-0.00102565239649,0.579487860203,2.40512919426,4.43056342192e-06,2.30970890698e-05,0,0,-4.81910137751e-05,-1.15126550198,41.5203094482,42.0000314713,0,0,0,5.1530303442e-05,149451.817434
27.4694444444,-0.00102565239649,0.579487860203,2.40512919426,4.43056342192e-06,2.30970890698e-05,0,0,-4.81910137751e-05,-1.15126550198,41.5203094482,42.0000314713,0,0,0,5.15302969226e-05,149451.817434
27.4805555556,-0.00102565239649,0.579487860203,2.40512919426,4.43056342192e-06,2.30970890698e-05,0,0,-4.81910137751e-05,-1.15126550198,41.5203094482,42.0000314713,0,0,0,5.15302719338e-05,149451.817434
27.4916666667,-0.00102565239649,0.579487860203,2.40512919426,4.43056342192e-06,2.30970890698e-05,0,0,-4.81910137751e-05,-1.15126550198,41.5203094482,42.0000314713,0,0,0,5.15302682277e-05,149451.817434
27.5027777778,-0.00102565239649,0.579487860203,2.40512919426,4.43056342192e-06,2.30970890698e-05,0,0,-4.81910137751e-05,-1.15126550198,41.5203094482,42.0000314713,0,0,0,5.1530102999e-05,149451.817434
27.5138888889,-0.00102565239649,0.579487860203,2.40512919426,4.43056342192e-06,2.30970890698e-05,0,0,-4.81910137751e-05,-1.15126550198,41.5203094482,42.0000314713,0,0,0,5.15302932053e-05,149451.817434
27.525,-0.00102565239649,0.579487860203,2.40512919426,4.43056342192e-06,2.30970890698e-05,0,0,-4.81910137751e-05,-1.15126550198,41.5203094482,42.0000314713,0,0,0,5.15302681174e-05,149451.817434
27.5361111111,-0.00102565239649,0.579487860203,2.40512919426,4.43056342192e-06,2.30970890698e-05,0,0,-4.81910137751e-05,-1.15126550198,41.5203094482,42.0000314713,0,0,0,5.15301514917e-05,149451.817434
27.5472222222,-0.00102565239649,0.579487860203,2.40512919426,4.43056342192e-06,2.30970890698e-05,0,0,-4.81910137751e-05,-1.15126550198,41.5203094482,42.0000314713,0,0,0,5.15302931224e-05,149451.817434
27.5583333333,-0.00102565239649,0.579487860203,2.40512919426,4.43056342192e-06,2.30970890698e-05,0,0,-4.81910137751e-05,-1.15126550198,41.5203094482,42.0000314713,0,0,0,5.15302684149e-05,149451.817434
27.5694444444,-0.00102565239649,0.579487860203,2.40512919426,4.43056342192e-06,2.30970890698e-05,0,0,-4.81910137751e-05,-1.15126550198,41.5203094482,42.0000314713,0,0,0,5.15301601903e-05,149451.817434
27.5805555556,-0.00102565239649,0.579487860203,2.40512919426,4.43056342192e-06,2.30970890698e-05,0,0,-4.81910137751e-05,-1.15126550198,41.5203094482,42.0000314713,0,0,0,5.15302682416e-05,149451.817434
27.5916666667,-0.00102565239649,0.579487860203,2.40512919426,4.43056342192e-06,2.30970890698e-05,0,0,-4.81910137751e-05,-1.15126550198,41.5203094482,42.0000314713,0,0,0,5.15302681035e-05,149451.817434
27.6027777778,-0.00102565239649,0.579487860203,2.40512919426,4.43056342192e-06,2.30970890698e-05,0,0,-4.81910137751e-05,-1.15126550198,41.5203094482,42.0000314713,0,0,0,5.15303097852e-05,149451.817434
27.6138888889,-0.00102565239649,0.579487860203,2.40512919426,4.43056342192e-06,2.30970890698e-05,0,0,-4.81910137751e-05,-1.15126550198,41.5203094482,42.0000314713,0,0,0,5.15302679783e-05,149451.817434
27.625,-0.00102565239649,0.579487860203,2.40512919426,4.43056342192e-06,2.30970890698e-05,0,0,-4.81910137751e-05,-1.15126550198,41.5203094482,42.0000314713,0,0,0,5.15301516453e-05,149451.817434
27.6361111111,-0.00102565239649,0.579487860203,2.40512919426,4.43056342192e-06,2.30970890698e-05,0,0,-4.81910137751e-05,-1.15126550198,41.5203094482,42.0000314713,0,0,0,5.1530268333e-05,149451.817434
27.6472222222,-0.00102565239649,0.579487860203,2.40512919426,4.43056342192e-06,2.30970890698e-05,0,0,-4.81910137751e-05,-1.15126550198,41.5203094482,42.0000314713,0,0,0,5.15305984963e-05,149451.817434
27.6583333333,-0.00102565239649,0.579487860203,2.40512919426,4.43056342192e-06,2.30970890698e-05,0,0,-4.81910137751e-05,-1.15126550198,41.5203094482,42.0000314713,0,0,0,5.15302126679e-05,149451.817434
27.6694444444,-0.00102565239649,0.579487860203,2.40512919426,4.43056342192e-06,2.30970890698e-05,0,0,-4.81910137751e-05,-1.15126550198,41.5203094482,42.0000314713,0,0,0,5.15301808819e-05,149451.817434
27.6805555556,-0.00102565239649,0.579487860203,2.40512919426,4.43056342192e-06,2.30970890698e-05,0,0,-4.81910137751e-05,-1.15126550198,41.5203094482,42.0000314713,0,0,0,5.15301231972e-05,149451.817434
27.6916666667,-0.00102565239649,0.579487860203,2.40512919426,4.43056342192e-06,2.30970890698e-05,0,0,-4.81910137751e-05,-1.15126550198,41.5203094482,42.0000314713,0,0,0,5.15301494048e-05,149451.817434
27.7027777778,-0.00102565239649,0.579487860203,2.40512919426,4.43056342192e-06,2.30970890698e-05,0,0,-4.81910137751e-05,-1.15126550198,41.5203094482,42.0000314713,0,0,0,5.15301232598e-05,149451.817434
27.7138888889,-0.00102565239649,0.579487860203,2.40512919426,4.43056342192e-06,2.30970890698e-05,0,0,-4.81910137751e-05,-1.15126550198,41.5203094482,42.0000314713,0,0,0,5.15301233634e-05,149451.817434
27.725,-0.00102565239649,0.579487860203,2.40512919426,4.43056342192e-06,2.30970890698e-05,0,0,-4.81910137751e-05,-1.15126550198,41.5203094482,42.0000314713,0,0,0,5.15301533315e-05,149451.817434
27.7361111111,-0.00102565239649,0.579487860203,2.40512919426,4.43056342192e-06,2.30970890698e-05,0,0,-4.81910137751e-05,-1.15126550198,41.5203094482,42.0000314713,0,0,0,5.15304118117e-05,149451.817434
27.7472222222,-0.00102565239649,0.579487860203,2.40512919426,4.43056342192e-06,2.30970890698e-05,0,0,-4.81910137751e-05,-1.15126550198,41.5203094482,42.0000314713,0,0,0,5.15301295617e-05,149451.817434
27.7583333333,-0.00102565239649,0.579487860203,2.40512919426,4.43056342192e-06,2.30970890698e-05,0,0,-4.81910137751e-05,-1.15126550198,41.5203094482,42.0000314713,0,0,0,5.15301496001e-05,149451.817434
27.7694444444,-0.00102565239649,0.579487860203,2.40512919426,4.43056342192e-06,2.30970890698e-05,0,0,-4.81910137751e-05,-1.15126550198,41.5203094482,42.0000314713,0,0,0,5.1530165589e-05,149451.817434
27.7805555556,-0.00102565239649,0.579487860203,2.40512919426,4.43056342192e-06,2.30970890698e-05,0,0,-4.81910137751e-05,-1.15126550198,41.5203094482,42.0000314713,0,0,0,5.15301535827e-05,149451.817434
27.7916666667,-0.00102565239649,0.579487860203,2.40512919426,4.43056342192e-06,2.30970890698e-05,0,0,-4.81910137751e-05,-1.15126550198,41.5203094482,42.0000314713,0,0,0,5.15301535827e-05,149451.817434
27.8027777778,-0.00102565239649,0.579487860203,2.40512919426,4.43056342192e-06,2.30970890698e-05,0,0,-4.81910137751e-05,-1.15126550198,41.5203094482,42.0000314713,0,0,0,5.15301575957e-05,149451.817434
27.8138888889,-0.00102565239649,0.579487860203,2.40512919426,4.43056342192e-06,2.30970890698e-05,0,0,-4.81910137751e-05,-1.15126550198,41.5203094482,42.0000314713,0,0,0,5.15301535339e-05,149451.817434
27.825,-0.00102565239649,0.579487860203,2.40512919426,4.43056342192e-06,2.30970890698e-05,0,0,-4.81910137751e-05,-1.15126550198,41.5203094482,42.0000314713,0,0,0,5.15301535339e-05,149451.817434
27.8361111111,-0.00102565239649,0.579487860203,2.40512919426,4.43056342192e-06,2.30970890698e-05,0,0,-4.81910137751e-05,-1.15126550198,41.5203094482,42.0000314713,0,0,0,5.15301577487e-05,149451.817434
27.8472222222,-0.00102565239649,0.579487860203,2.40512919426,4.43056342192e-06,2.30970890698e-05,0,0,-4.81910137751e-05,-1.15126550198,41.5203094482,42.0000314713,0,0,0,5.15301576099e-05,149451.817434
27.8583333333,-0.00102565239649,0.579487860203,2.40512919426,4.43056342192e-06,2.30970890698e-05,0,0,-4.81910137751e-05,-1.15126550198,41.5203094482,42.0000314713,0,0,0,5.1530153492e-05,149451.817434
27.8694444444,-0.00102565239649,0.579487860203,2.40512919426,4.43056342192e-06,2.30970890698e-05,0,0,-4.81910137751e-05,-1.15126550198,41.5203094482,42.0000314713,0,0,0,5.15301576099e-05,149451.817434
27.8805555556,-0.00102565239649,0.579487860203,2.40512919426,4.43056342192e-06,2.30970890698e-05,0,0,-4.81910137751e-05,-1.15126550198,41.5203094482,42.0000314713,0,0,0,5.15301535339e-05,149451.817434
27.8916666667,-0.00102565239649,0.579487860203,2.40512919426,4.43056342192e-06,2.30970890698e-05,0,0,-4.81910137751e-05,-1.15126550198,41.5203094482,42.0000314713,0,0,0,5.15301535827e-05,149451.817434
27.9027777778,-0.00102565239649,0.579487860203,2.40512919426,4.43056342192e-06,2.30970890698e-05,0,0,-4.81910137751e-05,-1.15126550198,41.5203094482,42.0000314713,0,0,0,5.15301535827e-05,149451.817434
27.9138888889,-0.00102565239649,0.579487860203,2.40512919426,4.43056342192e-06,2.30970890698e-05,0,0,-4.81910137751e-05,-1.15126550198,41.5203094482,42.0000314713,0,0,0,5.15301535827e-05,149451.817434
27.925,-0.00102565239649,0.579487860203,2.40512919426,4.43056342192e-06,2.30970890698e-05,0,0,-4.81910137751e-05,-1.15126550198,41.5203094482,42.0000314713,0,0,0,5.15301535827e-05,149451.817434
27.9361111111,-0.00102565239649,0.579487860203,2.40512919426,4.43056342192e-06,2.30970890698e-05,0,0,-4.81910137751e-05,-1.15126550198,41.5203094482,42.0000314713,0,0,0,5.15301535827e-05,149451.817434
27.9472222222,-0.00102565239649,0.579487860203,2.40512919426,4.43056342192e-06,2.30970890698e-05,0,0,-4.81910137751e-05,-1.15126550198,41.5203094482,42.0000314713,0,0,0,5.15301535827e-05,149451.817434
27.9583333333,-0.00102565239649,0.579487860203,2.40512919426,4.43056342192e-06,2.30970890698e-05,0,0,-4.81910137751e-05,-1.15126550198,41.5203094482,42.0000314713,0,0,0,5.15301535827e-05,149451.817434
27.9694444444,-0.00102565239649,0.579487860203,2.40512919426,4.43056342192e-06,2.30970890698e-05,0,0,-4.81910137751e-05,-1.15126550198,41.5203094482,42.0000314713,0,0,0,5.15301535827e-05,149451.817434
27.9805555556,-0.00102565239649,0.579487860203,2.40512919426,4.43056342192e-06,2.30970890698e-05,0,0,-4.81910137751e-05,-1.15126550198,41.5203094482,42.0000314713,0,0,0,5.15301535827e-05,149451.817434
27.9916666667,-0.00102565239649,0.579487860203,2.40512919426,4.43056342192e-06,2.30970890698e-05,0,0,-4.81910137751e-05,-1.15126550198,41.5203094482,42.0000314713,0,0,0,5.15301535827e-05,149451.817434
28.0027777778,-0.00102565239649,0.579487860203,2.40512919426,4.43056342192e-06,2.30970890698e-05,0,0,-4.81910137751e-05,-1.15126550198,41.5203094482,42.0000314713,0,0,0,5.15301535827e-05,149451.817434
28.0138888889,-0.00102565239649,0.579487860203,2.40512919426,4.43056342192e-06,2.30970890698e-05,0,0,-4.81910137751e-05,-1.15126550198,41.5203094482,42.0000314713,0,0,0,5.15301535827e-05,149451.817434
28.025,-0.00102565239649,0.579487860203,2.40512919426,4.43056342192e-06,2.30970890698e-05,0,0,-4.81910137751e-05,-1.15126550198,41.5203094482,42.0000314713,0,0,0,5.15301535827e-05,149451.817434
28.0361111111,-0.00102565239649,0.579487860203,2.40512919426,4.43056342192e-06,2.30970890698e-05,0,0,-4.81910137751e-05,-1.15126550198,41.5203094482,42.0000314713,0,0,0,5.15301535827e-05,149451.817434
28.0472222222,-0.00102565239649,0.579487860203,2.40512919426,4.43056342192e-06,2.30970890698e-05,0,0,-4.81910137751e-05,-1.15126550198,41.5203094482,42.0000314713,0,0,0,5.15301535827e-05,149451.817434
28.0583333333,-0.00102565239649,0.579487860203,2.40512919426,4.43056342192e-06,2.30970890698e-05,0,0,-4.81910137751e-05,-1.15126550198,41.5203094482,42.0000314713,0,0,0,5.15301535827e-05,149451.817434
28.0694444444,-0.00102565239649,0.579487860203,2.40512919426,4.43056342192e-06,2.30970890698e-05,0,0,-4.81910137751e-05,-1.15126550198,41.5203094482,42.0000314713,0,0,0,5.15301535827e-05,149451.817434
28.0805555556,-0.00102565239649,0.579487860203,2.40512919426,4.43056342192e-06,2.30970890698e-05,0,0,-4.81910137751e-05,-1.15126550198,41.5203094482,42.0000314713,0,0,0,5.15301535827e-05,149451.817434
28.0916666667,-0.00102565239649,0.579487860203,2.40512919426,4.43056342192e-06,2.30970890698e-05,0,0,-4.81910137751e-05,-1.15126550198,41.5203094482,42.0000314713,0,0,0,5.15301535827e-05,149451.817434
28.1027777778,-0.00102565239649,0.579487860203,2.40512919426,4.43056342192e-06,2.30970890698e-05,0,0,-4.81910137751e-05,-1.15126550198,41.5203094482,42.0000314713,0,0,0,5.15301535827e-05,149451.817434
28.1138888889,-0.00102565239649,0.579487860203,2.40512919426,4.43056342192e-06,2.30970890698e-05,0,0,-4.81910137751e-05,-1.15126550198,41.5203094482,42.0000314713,0,0,0,5.15301535827e-05,149451.817434
28.125,-0.00102565239649,0.579487860203,2.40512919426,4.43056342192e-06,2.30970890698e-05,0,0,-4.81910137751e-05,-1.15126550198,41.5203094482,42.0000314713,0,0,0,5.15301535827e-05,149451.817434
28.1361111111,-0.00102565239649,0.579487860203,2.40512919426,4.43056342192e-06,2.30970890698e-05,0,0,-4.81910137751e-05,-1.15126550198,41.5203094482,42.0000314713,0,0,0,5.15301535827e-05,149451.817434
28.1472222222,-0.00102565239649,0.579487860203,2.40512919426,4.43056342192e-06,2.30970890698e-05,0,0,-4.81910137751e-05,-1.15126550198,41.5203094482,42.0000314713,0,0,0,5.15301535827e-05,149451.817434
28.1583333333,-0.00102565239649,0.579487860203,2.40512919426,4.43056342192e-06,2.30970890698e-05,0,0,-4.81910137751e-05,-1.15126550198,41.5203094482,42.0000314713,0,0,0,5.15301535827e-05,149451.817434
28.1694444444,-0.00102565239649,0.579487860203,2.40512919426,4.43056342192e-06,2.30970890698e-05,0,0,-4.81910137751e-05,-1.15126550198,41.5203094482,42.0000314713,0,0,0,5.15301535827e-05,149451.817434
28.1805555556,-0.00102565239649,0.579487860203,2.40512919426,4.43056342192e-06,2.30970890698e-05,0,0,-4.81910137751e-05,-1.15126550198,41.5203094482,42.0000314713,0,0,0,5.15301535827e-05,149451.817434
28.1916666667,-0.00102565239649,0.579487860203,2.40512919426,4.43056342192e-06,2.30970890698e-05,0,0,-4.81910137751e-05,-1.15126550198,41.5203094482,42.0000314713,0,0,0,5.15301535827e-05,149451.817434
28.2027777778,-0.00102565239649,0.579487860203,2.40512919426,4.43056342192e-06,2.30970890698e-05,0,0,-4.81910137751e-05,-1.15126550198,41.5203094482,42.0000314713,0,0,0,5.15301535827e-05,149451.817434
28.2138888889,-0.00102565239649,0.579487860203,2.40512919426,4.43056342192e-06,2.30970890698e-05,0,0,-4.81910137751e-05,-1.15126550198,41.5203094482,42.0000314713,0,0,0,5.15301535827e-05,149451.817434
28.225,-0.00102565239649,0.579487860203,2.40512919426,4.43056342192e-06,2.30970890698e-05,0,0,-4.81910137751e-05,-1.15126550198,41.5203094482,42.0000314713,0,0,0,5.15301535827e-05,149451.817434
28.2361111111,-0.00102565239649,0.579487860203,2.40512919426,4.43056342192e-06,2.30970890698e-05,0,0,-4.81910137751e-05,-1.15126550198,41.5203094482,42.0000314713,0,0,0,5.15301535827e-05,149451.817434
28.2472222222,-0.00102565239649,0.579487860203,2.40512919426,4.43056342192e-06,2.30970890698e-05,0,0,-4.81910137751e-05,-1.15126550198,41.5203094482,42.0000314713,0,0,0,5.15301535827e-05,149451.817434
28.2583333333,-0.00102565239649,0.579487860203,2.40512919426,4.43056342192e-06,2.30970890698e-05,0,0,-4.81910137751e-05,-1.15126550198,41.5203094482,42.0000314713,0,0,0,5.15301535827e-05,149451.817434
28.2694444444,-0.00102565239649,0.579487860203,2.40512919426,4.43056342192e-06,2.30970890698e-05,0,0,-4.81910137751e-05,-1.15126550198,41.5203094482,42.0000314713,0,0,0,5.15301535827e-05,149451.817434
28.2805555556,-0.00102565239649,0.579487860203,2.40512919426,4.43056342192e-06,2.30970890698e-05,0,0,-4.81910137751e-05,-1.15126550198,41.5203094482,42.0000314713,0,0,0,5.15301535827e-05,149451.817434
28.2916666667,-0.00102565239649,0.579487860203,2.40512919426,4.43056342192e-06,2.30970890698e-05,0,0,-4.81910137751e-05,-1.15126550198,41.5203094482,42.0000314713,0,0,0,5.15301535827e-05,149451.817434
28.3027777778,-0.00102565239649,0.579487860203,2.40512919426,4.43056342192e-06,2.30970890698e-05,0,0,-4.81910137751e-05,-1.15126550198,41.5203094482,42.0000314713,0,0,0,5.15301535827e-05,149451.817434
28.3138888889,-0.00102565239649,0.579487860203,2.40512919426,4.43056342192e-06,2.30970890698e-05,0,0,-4.81910137751e-05,-1.15126550198,41.5203094482,42.0000314713,0,0,0,5.15301535827e-05,149451.817434
28.325,-0.00102565239649,0.579487860203,2.40512919426,4.43056342192e-06,2.30970890698e-05,0,0,-4.81910137751e-05,-1.15126550198,41.5203094482,42.0000314713,0,0,0,5.15301535827e-05,149451.817434
28.3361111111,-0.00102565239649,0.579487860203,2.40512919426,4.43056342192e-06,2.30970890698e-05,0,0,-4.81910137751e-05,-1.15126550198,41.5203094482,42.0000314713,0,0,0,5.15301535827e-05,149451.817434
28.3472222222,-0.00102565239649,0.579487860203,2.40512919426,4.43056342192e-06,2.30970890698e-05,0,0,-4.81910137751e-05,-1.15126550198,41.5203094482,42.0000314713,0,0,0,5.15301535827e-05,149451.817434
28.3583333333,-0.00102565239649,0.579487860203,2.40512919426,4.43056342192e-06,2.30970890698e-05,0,0,-4.81910137751e-05,-1.15126550198,41.5203094482,42.0000314713,0,0,0,5.15301535827e-05,149451.817434
28.3694444444,-0.00102565239649,0.579487860203,2.40512919426,4.43056342192e-06,2.30970890698e-05,0,0,-4.81910137751e-05,-1.15126550198,41.5203094482,42.0000314713,0,0,0,5.15301535827e-05,149451.817434
28.3805555556,-0.00102565239649,0.579487860203,2.40512919426,4.43056342192e-06,2.30970890698e-05,0,0,-4.81910137751e-05,-1.15126550198,41.5203094482,42.0000314713,0,0,0,5.15301535827e-05,149451.817434
28.3916666667,-0.00102565239649,0.579487860203,2.40512919426,4.43056342192e-06,2.30970890698e-05,0,0,-4.81910137751e-05,-1.15126550198,41.5203094482,42.0000314713,0,0,0,5.15301535827e-05,149451.817434
28.4027777778,-0.00102565239649,0.579487860203,2.40512919426,4.43056342192e-06,2.30970890698e-05,0,0,-4.81910137751e-05,-1.15126550198,41.5203094482,42.0000314713,0,0,0,5.15301535827e-05,149451.817434
28.4138888889,-0.00102565239649,0.579487860203,2.40512919426,4.43056342192e-06,2.30970890698e-05,0,0,-4.81910137751e-05,-1.15126550198,41.5203094482,42.0000314713,0,0,0,5.15301535827e-05,149451.817434
28.425,-0.00102565239649,0.579487860203,2.40512919426,4.43056342192e-06,2.30970890698e-05,0,0,-4.81910137751e-05,-1.15126550198,41.5203094482,42.0000314713,0,0,0,5.15301535827e-05,149451.817434
28.4361111111,-0.00102565239649,0.579487860203,2.40512919426,4.43056342192e-06,2.30970890698e-05,0,0,-4.81910137751e-05,-1.15126550198,41.5203094482,42.0000314713,0,0,0,5.15301535827e-05,149451.817434
28.4472222222,-0.00102565239649,0.579487860203,2.40512919426,4.43056342192e-06,2.30970890698e-05,0,0,-4.81910137751e-05,-1.15126550198,41.5203094482,42.0000314713,0,0,0,5.15301535827e-05,149451.817434
28.4583333333,-0.00102565239649,0.579487860203,2.40512919426,4.43056342192e-06,2.30970890698e-05,0,0,-4.81910137751e-05,-1.15126550198,41.5203094482,42.0000314713,0,0,0,5.15301535827e-05,149451.817434
28.4694444444,-0.00102565239649,0.579487860203,2.40512919426,4.43056342192e-06,2.30970890698e-05,0,0,-4.81910137751e-05,-1.15126550198,41.5203094482,42.0000314713,0,0,0,5.15301535827e-05,149451.817434
28.4805555556,-0.00102565239649,0.579487860203,2.40512919426,4.43056342192e-06,2.30970890698e-05,0,0,-4.81910137751e-05,-1.15126550198,41.5203094482,42.0000314713,0,0,0,5.15301535827e-05,149451.817434
28.4916666667,-0.00102565239649,0.579487860203,2.40512919426,4.43056342192e-06,2.30970890698e-05,0,0,-4.81910137751e-05,-1.15126550198,41.5203094482,42.0000314713,0,0,0,5.15301535827e-05,149451.817434
28.5027777778,-0.00102565239649,0.579487860203,2.40512919426,4.43056342192e-06,2.30970890698e-05,0,0,-4.81910137751e-05,-1.15126550198,41.5203094482,42.0000314713,0,0,0,5.15301535827e-05,149451.817434
28.5138888889,-0.00102565239649,0.579487860203,2.40512919426,4.43056342192e-06,2.30970890698e-05,0,0,-4.81910137751e-05,-1.15126550198,41.5203094482,42.0000314713,0,0,0,5.15301535827e-05,149451.817434
28.525,-0.00102565239649,0.579487860203,2.40512919426,4.43056342192e-06,2.30970890698e-05,0,0,-4.81910137751e-05,-1.15126550198,41.5203094482,42.0000314713,0,0,0,5.15301535827e-05,149451.817434
28.5361111111,-0.00102565239649,0.579487860203,2.40512919426,4.43056342192e-06,2.30970890698e-05,0,0,-4.81910137751e-05,-1.15126550198,41.5203094482,42.0000314713,0,0,0,5.15301535827e-05,149451.817434
28.5472222222,-0.00102565239649,0.579487860203,2.40512919426,4.43056342192e-06,2.30970890698e-05,0,0,-4.81910137751e-05,-1.15126550198,41.5203094482,42.0000314713,0,0,0,5.15301535827e-05,149451.817434
28.5583333333,-0.00102565239649,0.579487860203,2.40512919426,4.43056342192e-06,2.30970890698e-05,0,0,-4.81910137751e-05,-1.15126550198,41.5203094482,42.0000314713,0,0,0,5.15301535827e-05,149451.817434
28.5694444444,-0.00102565239649,0.579487860203,2.40512919426,4.43056342192e-06,2.30970890698e-05,0,0,-4.81910137751e-05,-1.15126550198,41.5203094482,42.0000314713,0,0,0,5.15301535827e-05,149451.817434
28.5805555556,-0.00102565239649,0.579487860203,2.40512919426,4.43056342192e-06,2.30970890698e-05,0,0,-4.81910137751e-05,-1.15126550198,41.5203094482,42.0000314713,0,0,0,5.15301535827e-05,149451.817434
28.5916666667,-0.00102565239649,0.579487860203,2.40512919426,4.43056342192e-06,2.30970890698e-05,0,0,-4.81910137751e-05,-1.15126550198,41.5203094482,42.0000314713,0,0,0,5.15301535827e-05,149451.817434
28.6027777778,-0.00102565239649,0.579487860203,2.40512919426,4.43056342192e-06,2.30970890698e-05,0,0,-4.81910137751e-05,-1.15126550198,41.5203094482,42.0000314713,0,0,0,5.15301535827e-05,149451.817434
28.6138888889,-0.00102565239649,0.579487860203,2.40512919426,4.43056342192e-06,2.30970890698e-05,0,0,-4.81910137751e-05,-1.15126550198,41.5203094482,42.0000314713,0,0,0,5.15301535827e-05,149451.817434
28.625,-0.00102565239649,0.579487860203,2.40512919426,4.43056342192e-06,2.30970890698e-05,0,0,-4.81910137751e-05,-1.15126550198,41.5203094482,42.0000314713,0,0,0,5.15301535827e-05,149451.817434
28.6361111111,-0.00102565239649,0.579487860203,2.40512919426,4.43056342192e-06,2.30970890698e-05,0,0,-4.81910137751e-05,-1.15126550198,41.5203094482,42.0000314713,0,0,0,5.15301535827e-05,149451.817434
28.6472222222,-0.00102565239649,0.579487860203,2.40512919426,4.43056342192e-06,2.30970890698e-05,0,0,-4.81910137751e-05,-1.15126550198,41.5203094482,42.0000314713,0,0,0,5.15301535827e-05,149451.817434
28.6583333333,-0.00102565239649,0.579487860203,2.40512919426,4.43056342192e-06,2.30970890698e-05,0,0,-4.81910137751e-05,-1.15126550198,41.5203094482,42.0000314713,0,0,0,5.15301535827e-05,149451.817434
28.6694444444,-0.00102565239649,0.579487860203,2.40512919426,4.43056342192e-06,2.30970890698e-05,0,0,-4.81910137751e-05,-1.15126550198,41.5203094482,42.0000314713,0,0,0,5.15301535827e-05,149451.817434
28.6805555556,-0.00102565239649,0.579487860203,2.40512919426,4.43056342192e-06,2.30970890698e-05,0,0,-4.81910137751e-05,-1.15126550198,41.5203094482,42.0000314713,0,0,0,5.15301535827e-05,149451.817434
28.6916666667,-0.00102565239649,0.579487860203,2.40512919426,4.43056342192e-06,2.30970890698e-05,0,0,-4.81910137751e-05,-1.15126550198,41.5203094482,42.0000314713,0,0,0,5.15301535827e-05,149451.817434
28.7027777778,-0.00102565239649,0.579487860203,2.40512919426,4.43056342192e-06,2.30970890698e-05,0,0,-4.81910137751e-05,-1.15126550198,41.5203094482,42.0000314713,0,0,0,5.15301535827e-05,149451.817434
28.7138888889,-0.00102565239649,0.579487860203,2.40512919426,4.43056342192e-06,2.30970890698e-05,0,0,-4.81910137751e-05,-1.15126550198,41.5203094482,42.0000314713,0,0,0,5.15301535827e-05,149451.817434
28.725,-0.00102565239649,0.579487860203,2.40512919426,4.43056342192e-06,2.30970890698e-05,0,0,-4.81910137751e-05,-1.15126550198,41.5203094482,42.0000314713,0,0,0,5.15301535827e-05,149451.817434
28.7361111111,-0.00102565239649,0.579487860203,2.40512919426,4.43056342192e-06,2.30970890698e-05,0,0,-4.81910137751e-05,-1.15126550198,41.5203094482,42.0000314713,0,0,0,5.15301535827e-05,149451.817434
28.7472222222,-0.00102565239649,0.579487860203,2.40512919426,4.43056342192e-06,2.30970890698e-05,0,0,-4.81910137751e-05,-1.15126550198,41.5203094482,42.0000314713,0,0,0,5.15301535827e-05,149451.817434
28.7583333333,-0.00102565239649,0.579487860203,2.40512919426,4.43056342192e-06,2.30970890698e-05,0,0,-4.81910137751e-05,-1.15126550198,41.5203094482,42.0000314713,0,0,0,5.15301535827e-05,149451.817434
28.7694444444,-0.00102565239649,0.579487860203,2.40512919426,4.43056342192e-06,2.30970890698e-05,0,0,-4.81910137751e-05,-1.15126550198,41.5203094482,42.0000314713,0,0,0,5.15301535827e-05,149451.817434
28.7805555556,-0.00102565239649,0.579487860203,2.40512919426,4.43056342192e-06,2.30970890698e-05,0,0,-4.81910137751e-05,-1.15126550198,41.5203094482,42.0000314713,0,0,0,5.15301535827e-05,149451.817434
28.7916666667,-0.00102565239649,0.579487860203,2.40512919426,4.43056342192e-06,2.30970890698e-05,0,0,-4.81910137751e-05,-1.15126550198,41.5203094482,42.0000314713,0,0,0,5.15301535827e-05,149451.817434
28.8027777778,-0.00102565239649,0.579487860203,2.40512919426,4.43056342192e-06,2.30970890698e-05,0,0,-4.81910137751e-05,-1.15126550198,41.5203094482,42.0000314713,0,0,0,5.15301535827e-05,149451.817434
28.8138888889,-0.00102565239649,0.579487860203,2.40512919426,4.43056342192e-06,2.30970890698e-05,0,0,-4.81910137751e-05,-1.15126550198,41.5203094482,42.0000314713,0,0,0,5.15301535827e-05,149451.817434
28.825,-0.00102565239649,0.579487860203,2.40512919426,4.43056342192e-06,2.30970890698e-05,0,0,-4.81910137751e-05,-1.15126550198,41.5203094482,42.0000314713,0,0,0,5.15301535827e-05,149451.817434
28.8361111111,-0.00102565239649,0.579487860203,2.40512919426,4.43056342192e-06,2.30970890698e-05,0,0,-4.81910137751e-05,-1.15126550198,41.5203094482,42.0000314713,0,0,0,5.15301535827e-05,149451.817434
28.8472222222,-0.00102565239649,0.579487860203,2.40512919426,4.43056342192e-06,2.30970890698e-05,0,0,-4.81910137751e-05,-1.15126550198,41.5203094482,42.0000314713,0,0,0,5.15301535827e-05,149451.817434
28.8583333333,-0.00102565239649,0.579487860203,2.40512919426,4.43056342192e-06,2.30970890698e-05,0,0,-4.81910137751e-05,-1.15126550198,41.5203094482,42.0000314713,0,0,0,5.15301535827e-05,149451.817434
28.8694444444,-0.00102565239649,0.579487860203,2.40512919426,4.43056342192e-06,2.30970890698e-05,0,0,-4.81910137751e-05,-1.15126550198,41.5203094482,42.0000314713,0,0,0,5.15301535827e-05,149451.817434
28.8805555556,-0.00102565239649,0.579487860203,2.40512919426,4.43056342192e-06,2.30970890698e-05,0,0,-4.81910137751e-05,-1.15126550198,41.5203094482,42.0000314713,0,0,0,5.15301535827e-05,149451.817434
28.8916666667,-0.00102565239649,0.579487860203,2.40512919426,4.43056342192e-06,2.30970890698e-05,0,0,-4.81910137751e-05,-1.15126550198,41.5203094482,42.0000314713,0,0,0,5.15301535827e-05,149451.817434
28.9027777778,-0.00102565239649,0.579487860203,2.40512919426,4.43056342192e-06,2.30970890698e-05,0,0,-4.81910137751e-05,-1.15126550198,41.5203094482,42.0000314713,0,0,0,5.15301535827e-05,149451.817434
28.9138888889,-0.00102565239649,0.579487860203,2.40512919426,4.43056342192e-06,2.30970890698e-05,0,0,-4.81910137751e-05,-1.15126550198,41.5203094482,42.0000314713,0,0,0,5.15301535827e-05,149451.817434
28.925,-0.00102565239649,0.579487860203,2.40512919426,4.43056342192e-06,2.30970890698e-05,0,0,-4.81910137751e-05,-1.15126550198,41.5203094482,42.0000314713,0,0,0,5.15301535827e-05,149451.817434
28.9361111111,-0.00102565239649,0.579487860203,2.40512919426,4.43056342192e-06,2.30970890698e-05,0,0,-4.81910137751e-05,-1.15126550198,41.5203094482,42.0000314713,0,0,0,5.15301535827e-05,149451.817434
28.9472222222,-0.00102565239649,0.579487860203,2.40512919426,4.43056342192e-06,2.30970890698e-05,0,0,-4.81910137751e-05,-1.15126550198,41.5203094482,42.0000314713,0,0,0,5.15301535827e-05,149451.817434
28.9583333333,-0.00102565239649,0.579487860203,2.40512919426,4.43056342192e-06,2.30970890698e-05,0,0,-4.81910137751e-05,-1.15126550198,41.5203094482,42.0000314713,0,0,0,5.15301535827e-05,149451.817434
28.9694444444,-0.00102565239649,0.579487860203,2.40512919426,4.43056342192e-06,2.30970890698e-05,0,0,-4.81910137751e-05,-1.15126550198,41.5203094482,42.0000314713,0,0,0,5.15301535827e-05,149451.817434
28.9805555556,-0.00102565239649,0.579487860203,2.40512919426,4.43056342192e-06,2.30970890698e-05,0,0,-4.81910137751e-05,-1.15126550198,41.5203094482,42.0000314713,0,0,0,5.15301535827e-05,149451.817434
28.9916666667,-0.00102565239649,0.579487860203,2.40512919426,4.43056342192e-06,2.30970890698e-05,0,0,-4.81910137751e-05,-1.15126550198,41.5203094482,42.0000314713,0,0,0,5.15301535827e-05,149451.817434
29.0027777778,-0.00102565239649,0.579487860203,2.40512919426,4.43056342192e-06,2.30970890698e-05,0,0,-4.81910137751e-05,-1.15126550198,41.5203094482,42.0000314713,0,0,0,5.15301535827e-05,149451.817434
29.0138888889,-0.00102565239649,0.579487860203,2.40512919426,4.43056342192e-06,2.30970890698e-05,0,0,-4.81910137751e-05,-1.15126550198,41.5203094482,42.0000314713,0,0,0,5.15301535827e-05,149451.817434
29.025,-0.00102565239649,0.579487860203,2.40512919426,4.43056342192e-06,2.30970890698e-05,0,0,-4.81910137751e-05,-1.15126550198,41.5203094482,42.0000314713,0,0,0,5.15301535827e-05,149451.817434
29.0361111111,-0.00102565239649,0.579487860203,2.40512919426,4.43056342192e-06,2.30970890698e-05,0,0,-4.81910137751e-05,-1.15126550198,41.5203094482,42.0000314713,0,0,0,5.15301535827e-05,149451.817434
29.0472222222,-0.00102565239649,0.579487860203,2.40512919426,4.43056342192e-06,2.30970890698e-05,0,0,-4.81910137751e-05,-1.15126550198,41.5203094482,42.0000314713,0,0,0,5.15301535827e-05,149451.817434
29.0583333333,-0.00102565239649,0.579487860203,2.40512919426,4.43056342192e-06,2.30970890698e-05,0,0,-4.81910137751e-05,-1.15126550198,41.5203094482,42.0000314713,0,0,0,5.15301535827e-05,149451.817434
29.0694444444,-0.00102565239649,0.579487860203,2.40512919426,4.43056342192e-06,2.30970890698e-05,0,0,-4.81910137751e-05,-1.15126550198,41.5203094482,42.0000314713,0,0,0,5.15301535827e-05,149451.817434
29.0805555556,-0.00102565239649,0.579487860203,2.40512919426,4.43056342192e-06,2.30970890698e-05,0,0,-4.81910137751e-05,-1.15126550198,41.5203094482,42.0000314713,0,0,0,5.15301535827e-05,149451.817434
29.0916666667,-0.00102565239649,0.579487860203,2.40512919426,4.43056342192e-06,2.30970890698e-05,0,0,-4.81910137751e-05,-1.15126550198,41.5203094482,42.0000314713,0,0,0,5.15301535827e-05,149451.817434
29.1027777778,-0.00102565239649,0.579487860203,2.40512919426,4.43056342192e-06,2.30970890698e-05,0,0,-4.81910137751e-05,-1.15126550198,41.5203094482,42.0000314713,0,0,0,5.15301535827e-05,149451.817434
29.1138888889,-0.00102565239649,0.579487860203,2.40512919426,4.43056342192e-06,2.30970890698e-05,0,0,-4.81910137751e-05,-1.15126550198,41.5203094482,42.0000314713,0,0,0,5.15301535827e-05,149451.817434
29.125,-0.00102565239649,0.579487860203,2.40512919426,4.43056342192e-06,2.30970890698e-05,0,0,-4.81910137751e-05,-1.15126550198,41.5203094482,42.0000314713,0,0,0,5.15301535827e-05,149451.817434
29.1361111111,-0.00102565239649,0.579487860203,2.40512919426,4.43056342192e-06,2.30970890698e-05,0,0,-4.81910137751e-05,-1.15126550198,41.5203094482,42.0000314713,0,0,0,5.15301535827e-05,149451.817434
29.1472222222,-0.00102565239649,0.579487860203,2.40512919426,4.43056342192e-06,2.30970890698e-05,0,0,-4.81910137751e-05,-1.15126550198,41.5203094482,42.0000314713,0,0,0,5.15301535827e-05,149451.817434
29.1583333333,-0.00102565239649,0.579487860203,2.40512919426,4.43056342192e-06,2.30970890698e-05,0,0,-4.81910137751e-05,-1.15126550198,41.5203094482,42.0000314713,0,0,0,5.15301535827e-05,149451.817434
29.1694444444,-0.00102565239649,0.579487860203,2.40512919426,4.43056342192e-06,2.30970890698e-05,0,0,-4.81910137751e-05,-1.15126550198,41.5203094482,42.0000314713,0,0,0,5.15301535827e-05,149451.817434
29.1805555556,-0.00102565239649,0.579487860203,2.40512919426,4.43056342192e-06,2.30970890698e-05,0,0,-4.81910137751e-05,-1.15126550198,41.5203094482,42.0000314713,0,0,0,5.15301535827e-05,149451.817434
29.1916666667,-0.00102565239649,0.579487860203,2.40512919426,4.43056342192e-06,2.30970890698e-05,0,0,-4.81910137751e-05,-1.15126550198,41.5203094482,42.0000314713,0,0,0,5.15301535827e-05,149451.817434
29.2027777778,-0.00102565239649,0.579487860203,2.40512919426,4.43056342192e-06,2.30970890698e-05,0,0,-4.81910137751e-05,-1.15126550198,41.5203094482,42.0000314713,0,0,0,5.15301535827e-05,149451.817434
29.2138888889,-0.00102565239649,0.579487860203,2.40512919426,4.43056342192e-06,2.30970890698e-05,0,0,-4.81910137751e-05,-1.15126550198,41.5203094482,42.0000314713,0,0,0,5.15301535827e-05,149451.817434
29.225,-0.00102565239649,0.579487860203,2.40512919426,4.43056342192e-06,2.30970890698e-05,0,0,-4.81910137751e-05,-1.15126550198,41.5203094482,42.0000314713,0,0,0,5.15301535827e-05,149451.817434
29.2361111111,-0.00102565239649,0.579487860203,2.40512919426,4.43056342192e-06,2.30970890698e-05,0,0,-4.81910137751e-05,-1.15126550198,41.5203094482,42.0000314713,0,0,0,5.15301535827e-05,149451.817434
29.2472222222,-0.00102565239649,0.579487860203,2.40512919426,4.43056342192e-06,2.30970890698e-05,0,0,-4.81910137751e-05,-1.15126550198,41.5203094482,42.0000314713,0,0,0,5.15301535827e-05,149451.817434
29.2583333333,-0.00102565239649,0.579487860203,2.40512919426,4.43056342192e-06,2.30970890698e-05,0,0,-4.81910137751e-05,-1.15126550198,41.5203094482,42.0000314713,0,0,0,5.15301535827e-05,149451.817434
29.2694444444,-0.00102565239649,0.579487860203,2.40512919426,4.43056342192e-06,2.30970890698e-05,0,0,-4.81910137751e-05,-1.15126550198,41.5203094482,42.0000314713,0,0,0,5.15301535827e-05,149451.817434
29.2805555556,-0.00102565239649,0.579487860203,2.40512919426,4.43056342192e-06,2.30970890698e-05,0,0,-4.81910137751e-05,-1.15126550198,41.5203094482,42.0000314713,0,0,0,5.15301535827e-05,149451.817434
29.2916666667,-0.00102565239649,0.579487860203,2.40512919426,4.43056342192e-06,2.30970890698e-05,0,0,-4.81910137751e-05,-1.15126550198,41.5203094482,42.0000314713,0,0,0,5.15301535827e-05,149451.817434
29.3027777778,-0.00102565239649,0.579487860203,2.40512919426,4.43056342192e-06,2.30970890698e-05,0,0,-4.81910137751e-05,-1.15126550198,41.5203094482,42.0000314713,0,0,0,5.15301535827e-05,149451.817434
29.3138888889,-0.00102565239649,0.579487860203,2.40512919426,4.43056342192e-06,2.30970890698e-05,0,0,-4.81910137751e-05,-1.15126550198,41.5203094482,42.0000314713,0,0,0,5.15301535827e-05,149451.817434
29.325,-0.00102565239649,0.579487860203,2.40512919426,4.43056342192e-06,2.30970890698e-05,0,0,-4.81910137751e-05,-1.15126550198,41.5203094482,42.0000314713,0,0,0,5.15301535827e-05,149451.817434
29.3361111111,-0.00102565239649,0.579487860203,2.40512919426,4.43056342192e-06,2.30970890698e-05,0,0,-4.81910137751e-05,-1.15126550198,41.5203094482,42.0000314713,0,0,0,5.15301535827e-05,149451.817434
29.3472222222,-0.00102565239649,0.579487860203,2.40512919426,4.43056342192e-06,2.30970890698e-05,0,0,-4.81910137751e-05,-1.15126550198,41.5203094482,42.0000314713,0,0,0,5.15301535827e-05,149451.817434
29.3583333333,-0.00102565239649,0.579487860203,2.40512919426,4.43056342192e-06,2.30970890698e-05,0,0,-4.81910137751e-05,-1.15126550198,41.5203094482,42.0000314713,0,0,0,5.15301535827e-05,149451.817434
29.3694444444,-0.00102565239649,0.579487860203,2.40512919426,4.43056342192e-06,2.30970890698e-05,0,0,-4.81910137751e-05,-1.15126550198,41.5203094482,42.0000314713,0,0,0,5.15301535827e-05,149451.817434
29.3805555556,-0.00102565239649,0.579487860203,2.40512919426,4.43056342192e-06,2.30970890698e-05,0,0,-4.81910137751e-05,-1.15126550198,41.5203094482,42.0000314713,0,0,0,5.15301535827e-05,149451.817434
29.3916666667,-0.00102565239649,0.579487860203,2.40512919426,4.43056342192e-06,2.30970890698e-05,0,0,-4.81910137751e-05,-1.15126550198,41.5203094482,42.0000314713,0,0,0,5.15301535827e-05,149451.817434
29.4027777778,-0.00102565239649,0.579487860203,2.40512919426,4.43056342192e-06,2.30970890698e-05,0,0,-4.81910137751e-05,-1.15126550198,41.5203094482,42.0000314713,0,0,0,5.15301535827e-05,149451.817434
29.4138888889,-0.00102565239649,0.579487860203,2.40512919426,4.43056342192e-06,2.30970890698e-05,0,0,-4.81910137751e-05,-1.15126550198,41.5203094482,42.0000314713,0,0,0,5.15301535827e-05,149451.817434
29.425,-0.00102565239649,0.579487860203,2.40512919426,4.43056342192e-06,2.30970890698e-05,0,0,-4.81910137751e-05,-1.15126550198,41.5203094482,42.0000314713,0,0,0,5.15301535827e-05,149451.817434
29.4361111111,-0.00102565239649,0.579487860203,2.40512919426,4.43056342192e-06,2.30970890698e-05,0,0,-4.81910137751e-05,-1.15126550198,41.5203094482,42.0000314713,0,0,0,5.15301535827e-05,149451.817434
29.4472222222,-0.00102565239649,0.579487860203,2.40512919426,4.43056342192e-06,2.30970890698e-05,0,0,-4.81910137751e-05,-1.15126550198,41.5203094482,42.0000314713,0,0,0,5.15301535827e-05,149451.817434
29.4583333333,-0.00102565239649,0.579487860203,2.40512919426,4.43056342192e-06,2.30970890698e-05,0,0,-4.81910137751e-05,-1.15126550198,41.5203094482,42.0000314713,0,0,0,5.15301535827e-05,149451.817434
29.4694444444,-0.00102565239649,0.579487860203,2.40512919426,4.43056342192e-06,2.30970890698e-05,0,0,-4.81910137751e-05,-1.15126550198,41.5203094482,42.0000314713,0,0,0,5.15301535827e-05,149451.817434
29.4805555556,-0.00102565239649,0.579487860203,2.40512919426,4.43056342192e-06,2.30970890698e-05,0,0,-4.81910137751e-05,-1.15126550198,41.5203094482,42.0000314713,0,0,0,5.15301535827e-05,149451.817434
29.4916666667,-0.00102565239649,0.579487860203,2.40512919426,4.43056342192e-06,2.30970890698e-05,0,0,-4.81910137751e-05,-1.15126550198,41.5203094482,42.0000314713,0,0,0,5.15301535827e-05,149451.817434
29.5027777778,-0.00102565239649,0.579487860203,2.40512919426,4.43056342192e-06,2.30970890698e-05,0,0,-4.81910137751e-05,-1.15126550198,41.5203094482,42.0000314713,0,0,0,5.15301535827e-05,149451.817434
29.5138888889,-0.00102565239649,0.579487860203,2.40512919426,4.43056342192e-06,2.30970890698e-05,0,0,-4.81910137751e-05,-1.15126550198,41.5203094482,42.0000314713,0,0,0,5.15301535827e-05,149451.817434
29.525,-0.00102565239649,0.579487860203,2.40512919426,4.43056342192e-06,2.30970890698e-05,0,0,-4.81910137751e-05,-1.15126550198,41.5203094482,42.0000314713,0,0,0,5.15301535827e-05,149451.817434
29.5361111111,-0.00102565239649,0.579487860203,2.40512919426,4.43056342192e-06,2.30970890698e-05,0,0,-4.81910137751e-05,-1.15126550198,41.5203094482,42.0000314713,0,0,0,5.15301535827e-05,149451.817434
29.5472222222,-0.00102565239649,0.579487860203,2.40512919426,4.43056342192e-06,2.30970890698e-05,0,0,-4.81910137751e-05,-1.15126550198,41.5203094482,42.0000314713,0,0,0,5.15301535827e-05,149451.817434
29.5583333333,-0.00102565239649,0.579487860203,2.40512919426,4.43056342192e-06,2.30970890698e-05,0,0,-4.81910137751e-05,-1.15126550198,41.5203094482,42.0000314713,0,0,0,5.15301535827e-05,149451.817434
29.5694444444,-0.00102565239649,0.579487860203,2.40512919426,4.43056342192e-06,2.30970890698e-05,0,0,-4.81910137751e-05,-1.15126550198,41.5203094482,42.0000314713,0,0,0,5.15301535827e-05,149451.817434
29.5805555556,-0.00102565239649,0.579487860203,2.40512919426,4.43056342192e-06,2.30970890698e-05,0,0,-4.81910137751e-05,-1.15126550198,41.5203094482,42.0000314713,0,0,0,5.15301535827e-05,149451.817434
29.5916666667,-0.00102565239649,0.579487860203,2.40512919426,4.43056342192e-06,2.30970890698e-05,0,0,-4.81910137751e-05,-1.15126550198,41.5203094482,42.0000314713,0,0,0,5.15301535827e-05,149451.817434
29.6027777778,-0.00102565239649,0.579487860203,2.40512919426,4.43056342192e-06,2.30970890698e-05,0,0,-4.81910137751e-05,-1.15126550198,41.5203094482,42.0000314713,0,0,0,5.15301535827e-05,149451.817434
29.6138888889,-0.00102565239649,0.579487860203,2.40512919426,4.43056342192e-06,2.30970890698e-05,0,0,-4.81910137751e-05,-1.15126550198,41.5203094482,42.0000314713,0,0,0,5.15301535827e-05,149451.817434
29.625,-0.00102565239649,0.579487860203,2.40512919426,4.43056342192e-06,2.30970890698e-05,0,0,-4.81910137751e-05,-1.15126550198,41.5203094482,42.0000314713,0,0,0,5.15301535827e-05,149451.817434
29.6361111111,-0.00102565239649,0.579487860203,2.40512919426,4.43056342192e-06,2.30970890698e-05,0,0,-4.81910137751e-05,-1.15126550198,41.5203094482,42.0000314713,0,0,0,5.15301535827e-05,149451.817434
29.6472222222,-0.00102565239649,0.579487860203,2.40512919426,4.43056342192e-06,2.30970890698e-05,0,0,-4.81910137751e-05,-1.15126550198,41.5203094482,42.0000314713,0,0,0,5.15301535827e-05,149451.817434
29.6583333333,-0.00102565239649,0.579487860203,2.40512919426,4.43056342192e-06,2.30970890698e-05,0,0,-4.81910137751e-05,-1.15126550198,41.5203094482,42.0000314713,0,0,0,5.15301535827e-05,149451.817434
29.6694444444,-0.00102565239649,0.579487860203,2.40512919426,4.43056342192e-06,2.30970890698e-05,0,0,-4.81910137751e-05,-1.15126550198,41.5203094482,42.0000314713,0,0,0,5.15301535827e-05,149451.817434
29.6805555556,-0.00102565239649,0.579487860203,2.40512919426,4.43056342192e-06,2.30970890698e-05,0,0,-4.81910137751e-05,-1.15126550198,41.5203094482,42.0000314713,0,0,0,5.15301535827e-05,149451.817434
29.6916666667,-0.00102565239649,0.579487860203,2.40512919426,4.43056342192e-06,2.30970890698e-05,0,0,-4.81910137751e-05,-1.15126550198,41.5203094482,42.0000314713,0,0,0,5.15301535827e-05,149451.817434
29.7027777778,-0.00102565239649,0.579487860203,2.40512919426,4.43056342192e-06,2.30970890698e-05,0,0,-4.81910137751e-05,-1.15126550198,41.5203094482,42.0000314713,0,0,0,5.15301535827e-05,149451.817434
29.7138888889,-0.00102565239649,0.579487860203,2.40512919426,4.43056342192e-06,2.30970890698e-05,0,0,-4.81910137751e-05,-1.15126550198,41.5203094482,42.0000314713,0,0,0,5.15301535827e-05,149451.817434
29.725,-0.00102565239649,0.579487860203,2.40512919426,4.43056342192e-06,2.30970890698e-05,0,0,-4.81910137751e-05,-1.15126550198,41.5203094482,42.0000314713,0,0,0,5.15301535827e-05,149451.817434
29.7361111111,-0.00102565239649,0.579487860203,2.40512919426,4.43056342192e-06,2.30970890698e-05,0,0,-4.81910137751e-05,-1.15126550198,41.5203094482,42.0000314713,0,0,0,5.15301535827e-05,149451.817434
29.7472222222,-0.00102565239649,0.579487860203,2.40512919426,4.43056342192e-06,2.30970890698e-05,0,0,-4.81910137751e-05,-1.15126550198,41.5203094482,42.0000314713,0,0,0,5.15301535827e-05,149451.817434
29.7583333333,-0.00102565239649,0.579487860203,2.40512919426,4.43056342192e-06,2.30970890698e-05,0,0,-4.81910137751e-05,-1.15126550198,41.5203094482,42.0000314713,0,0,0,5.15301535827e-05,149451.817434
29.7694444444,-0.00102565239649,0.579487860203,2.40512919426,4.43056342192e-06,2.30970890698e-05,0,0,-4.81910137751e-05,-1.15126550198,41.5203094482,42.0000314713,0,0,0,5.15301535827e-05,149451.817434
29.7805555556,-0.00102565239649,0.579487860203,2.40512919426,4.43056342192e-06,2.30970890698e-05,0,0,-4.81910137751e-05,-1.15126550198,41.5203094482,42.0000314713,0,0,0,5.15301535827e-05,149451.817434
29.7916666667,-0.00102565239649,0.579487860203,2.40512919426,4.43056342192e-06,2.30970890698e-05,0,0,-4.81910137751e-05,-1.15126550198,41.5203094482,42.0000314713,0,0,0,5.15301535827e-05,149451.817434
29.8027777778,-0.00102565239649,0.579487860203,2.40512919426,4.43056342192e-06,2.30970890698e-05,0,0,-4.81910137751e-05,-1.15126550198,41.5203094482,42.0000314713,0,0,0,5.15301535827e-05,149451.817434
29.8138888889,-0.00102565239649,0.579487860203,2.40512919426,4.43056342192e-06,2.30970890698e-05,0,0,-4.81910137751e-05,-1.15126550198,41.5203094482,42.0000314713,0,0,0,5.15301535827e-05,149451.817434
29.825,-0.00102565239649,0.579487860203,2.40512919426,4.43056342192e-06,2.30970890698e-05,0,0,-4.81910137751e-05,-1.15126550198,41.5203094482,42.0000314713,0,0,0,5.15301535827e-05,149451.817434
29.8361111111,-0.00102565239649,0.579487860203,2.40512919426,4.43056342192e-06,2.30970890698e-05,0,0,-4.81910137751e-05,-1.15126550198,41.5203094482,42.0000314713,0,0,0,5.15301535827e-05,149451.817434
29.8472222222,-0.00102565239649,0.579487860203,2.40512919426,4.43056342192e-06,2.30970890698e-05,0,0,-4.81910137751e-05,-1.15126550198,41.5203094482,42.0000314713,0,0,0,5.15301535827e-05,149451.817434
29.8583333333,-0.00102565239649,0.579487860203,2.40512919426,4.43056342192e-06,2.30970890698e-05,0,0,-4.81910137751e-05,-1.15126550198,41.5203094482,42.0000314713,0,0,0,5.15301535827e-05,149451.817434
29.8694444444,-0.00102565239649,0.579487860203,2.40512919426,4.43056342192e-06,2.30970890698e-05,0,0,-4.81910137751e-05,-1.15126550198,41.5203094482,42.0000314713,0,0,0,5.15301535827e-05,149451.817434
29.8805555556,-0.00102565239649,0.579487860203,2.40512919426,4.43056342192e-06,2.30970890698e-05,0,0,-4.81910137751e-05,-1.15126550198,41.5203094482,42.0000314713,0,0,0,5.15301535827e-05,149451.817434
29.8916666667,-0.00102565239649,0.579487860203,2.40512919426,4.43056342192e-06,2.30970890698e-05,0,0,-4.81910137751e-05,-1.15126550198,41.5203094482,42.0000314713,0,0,0,5.15301535827e-05,149451.817434
29.9027777778,-0.00102565239649,0.579487860203,2.40512919426,4.43056342192e-06,2.30970890698e-05,0,0,-4.81910137751e-05,-1.15126550198,41.5203094482,42.0000314713,0,0,0,5.15301535827e-05,149451.817434
29.9138888889,-0.00102565239649,0.579487860203,2.40512919426,4.43056342192e-06,2.30970890698e-05,0,0,-4.81910137751e-05,-1.15126550198,41.5203094482,42.0000314713,0,0,0,5.15301535827e-05,149451.817434
29.925,-0.00102565239649,0.579487860203,2.40512919426,4.43056342192e-06,2.30970890698e-05,0,0,-4.81910137751e-05,-1.15126550198,41.5203094482,42.0000314713,0,0,0,5.15301535827e-05,149451.817434
29.9361111111,-0.00102565239649,0.579487860203,2.40512919426,4.43056342192e-06,2.30970890698e-05,0,0,-4.81910137751e-05,-1.15126550198,41.5203094482,42.0000314713,0,0,0,5.15301535827e-05,149451.817434
29.9472222222,-0.00102565239649,0.579487860203,2.40512919426,4.43056342192e-06,2.30970890698e-05,0,0,-4.81910137751e-05,-1.15126550198,41.5203094482,42.0000314713,0,0,0,5.15301535827e-05,149451.817434
29.9583333333,-0.00102565239649,0.579487860203,2.40512919426,4.43056342192e-06,2.30970890698e-05,0,0,-4.81910137751e-05,-1.15126550198,41.5203094482,42.0000314713,0,0,0,5.15301535827e-05,149451.817434
29.9694444444,-0.00102565239649,0.579487860203,2.40512919426,4.43056342192e-06,2.30970890698e-05,0,0,-4.81910137751e-05,-1.15126550198,41.5203094482,42.0000314713,0,0,0,5.15301535827e-05,149451.817434
29.9805555556,-0.00102565239649,0.579487860203,2.40512919426,4.43056342192e-06,2.30970890698e-05,0,0,-4.81910137751e-05,-1.15126550198,41.5203094482,42.0000314713,0,0,0,5.15301535827e-05,149451.817434
29.9916666667,-0.00102565239649,0.579487860203,2.40512919426,4.43056342192e-06,2.30970890698e-05,0,0,-4.81910137751e-05,-1.15126550198,41.5203094482,42.0000314713,0,0,0,5.15301535827e-05,149451.817434
30.0027777778,-0.00102565239649,0.579487860203,2.40512919426,4.43056342192e-06,2.30970890698e-05,0,0,-4.81910137751e-05,-1.15126550198,41.5203094482,42.0000314713,0,0,0,5.15301535827e-05,149451.817434
30.0138888889,-0.00102565239649,0.579487860203,2.40512919426,4.43056342192e-06,2.30970890698e-05,0,0,-4.81910137751e-05,-1.15126550198,41.5203094482,42.0000314713,0,0,0,5.15301535827e-05,149451.817434
30.025,-0.00102565239649,0.579487860203,2.40512919426,4.43056342192e-06,2.30970890698e-05,0,0,-4.81910137751e-05,-1.15126550198,41.5203094482,42.0000314713,0,0,0,5.15301535827e-05,149451.817434
30.0361111111,-0.00102565239649,0.579487860203,2.40512919426,4.43056342192e-06,2.30970890698e-05,0,0,-4.81910137751e-05,-1.15126550198,41.5203094482,42.0000314713,0,0,0,5.15301535827e-05,149451.817434
30.0472222222,-0.00102565239649,0.579487860203,2.40512919426,4.43056342192e-06,2.30970890698e-05,0,0,-4.81910137751e-05,-1.15126550198,41.5203094482,42.0000314713,0,0,0,5.15301535827e-05,149451.817434
30.0583333333,-0.00102565239649,0.579487860203,2.40512919426,4.43056342192e-06,2.30970890698e-05,0,0,-4.81910137751e-05,-1.15126550198,41.5203094482,42.0000314713,0,0,0,5.15301535827e-05,149451.817434
30.0694444444,-0.00102565239649,0.579487860203,2.40512919426,4.43056342192e-06,2.30970890698e-05,0,0,-4.81910137751e-05,-1.15126550198,41.5203094482,42.0000314713,0,0,0,5.15301535827e-05,149451.817434
30.0805555556,-0.00102565239649,0.579487860203,2.40512919426,4.43056342192e-06,2.30970890698e-05,0,0,-4.81910137751e-05,-1.15126550198,41.5203094482,42.0000314713,0,0,0,5.15301535827e-05,149451.817434
30.0916666667,-0.00102565239649,0.579487860203,2.40512919426,4.43056342192e-06,2.30970890698e-05,0,0,-4.81910137751e-05,-1.15126550198,41.5203094482,42.0000314713,0,0,0,5.15301535827e-05,149451.817434
30.1027777778,-0.00102565239649,0.579487860203,2.40512919426,4.43056342192e-06,2.30970890698e-05,0,0,-4.81910137751e-05,-1.15126550198,41.5203094482,42.0000314713,0,0,0,5.15301535827e-05,149451.817434
30.1138888889,-0.00102565239649,0.579487860203,2.40512919426,4.43056342192e-06,2.30970890698e-05,0,0,-4.81910137751e-05,-1.15126550198,41.5203094482,42.0000314713,0,0,0,5.15301535827e-05,149451.817434
30.125,-0.00102565239649,0.579487860203,2.40512919426,4.43056342192e-06,2.30970890698e-05,0,0,-4.81910137751e-05,-1.15126550198,41.5203094482,42.0000314713,0,0,0,5.15301535827e-05,149451.817434
30.1361111111,-0.00102565239649,0.579487860203,2.40512919426,4.43056342192e-06,2.30970890698e-05,0,0,-4.81910137751e-05,-1.15126550198,41.5203094482,42.0000314713,0,0,0,5.15301535827e-05,149451.817434
30.1472222222,-0.00102565239649,0.579487860203,2.40512919426,4.43056342192e-06,2.30970890698e-05,0,0,-4.81910137751e-05,-1.15126550198,41.5203094482,42.0000314713,0,0,0,5.15301535827e-05,149451.817434
30.1583333333,-0.00102565239649,0.579487860203,2.40512919426,4.43056342192e-06,2.30970890698e-05,0,0,-4.81910137751e-05,-1.15126550198,41.5203094482,42.0000314713,0,0,0,5.15301535827e-05,149451.817434
30.1694444444,-0.00102565239649,0.579487860203,2.40512919426,4.43056342192e-06,2.30970890698e-05,0,0,-4.81910137751e-05,-1.15126550198,41.5203094482,42.0000314713,0,0,0,5.15301535827e-05,149451.817434
30.1805555556,-0.00102565239649,0.579487860203,2.40512919426,4.43056342192e-06,2.30970890698e-05,0,0,-4.81910137751e-05,-1.15126550198,41.5203094482,42.0000314713,0,0,0,5.15301535827e-05,149451.817434
30.1916666667,-0.00102565239649,0.579487860203,2.40512919426,4.43056342192e-06,2.30970890698e-05,0,0,-4.81910137751e-05,-1.15126550198,41.5203094482,42.0000314713,0,0,0,5.15301535827e-05,149451.817434
30.2027777778,-0.00102565239649,0.579487860203,2.40512919426,4.43056342192e-06,2.30970890698e-05,0,0,-4.81910137751e-05,-1.15126550198,41.5203094482,42.0000314713,0,0,0,5.15301535827e-05,149451.817434
30.2138888889,-0.00102565239649,0.579487860203,2.40512919426,4.43056342192e-06,2.30970890698e-05,0,0,-4.81910137751e-05,-1.15126550198,41.5203094482,42.0000314713,0,0,0,5.15301535827e-05,149451.817434
30.225,-0.00102565239649,0.579487860203,2.40512919426,4.43056342192e-06,2.30970890698e-05,0,0,-4.81910137751e-05,-1.15126550198,41.5203094482,42.0000314713,0,0,0,5.15301535827e-05,149451.817434
30.2361111111,-0.00102565239649,0.579487860203,2.40512919426,4.43056342192e-06,2.30970890698e-05,0,0,-4.81910137751e-05,-1.15126550198,41.5203094482,42.0000314713,0,0,0,5.15301535827e-05,149451.817434
30.2472222222,-0.00102565239649,0.579487860203,2.40512919426,4.43056342192e-06,2.30970890698e-05,0,0,-4.81910137751e-05,-1.15126550198,41.5203094482,42.0000314713,0,0,0,5.15301535827e-05,149451.817434
30.2583333333,-0.00102565239649,0.579487860203,2.40512919426,4.43056342192e-06,2.30970890698e-05,0,0,-4.81910137751e-05,-1.15126550198,41.5203094482,42.0000314713,0,0,0,5.15301535827e-05,149451.817434
30.2694444444,-0.00102565239649,0.579487860203,2.40512919426,4.43056342192e-06,2.30970890698e-05,0,0,-4.81910137751e-05,-1.15126550198,41.5203094482,42.0000314713,0,0,0,5.15301535827e-05,149451.817434
30.2805555556,-0.00102565239649,0.579487860203,2.40512919426,4.43056342192e-06,2.30970890698e-05,0,0,-4.81910137751e-05,-1.15126550198,41.5203094482,42.0000314713,0,0,0,5.15301535827e-05,149451.817434
30.2916666667,-0.00102565239649,0.579487860203,2.40512919426,4.43056342192e-06,2.30970890698e-05,0,0,-4.81910137751e-05,-1.15126550198,41.5203094482,42.0000314713,0,0,0,5.15301535827e-05,149451.817434
30.3027777778,-0.00102565239649,0.579487860203,2.40512919426,4.43056342192e-06,2.30970890698e-05,0,0,-4.81910137751e-05,-1.15126550198,41.5203094482,42.0000314713,0,0,0,5.15301535827e-05,149451.817434
30.3138888889,-0.00102565239649,0.579487860203,2.40512919426,4.43056342192e-06,2.30970890698e-05,0,0,-4.81910137751e-05,-1.15126550198,41.5203094482,42.0000314713,0,0,0,5.15301535827e-05,149451.817434
30.325,-0.00102565239649,0.579487860203,2.40512919426,4.43056342192e-06,2.30970890698e-05,0,0,-4.81910137751e-05,-1.15126550198,41.5203094482,42.0000314713,0,0,0,5.15301535827e-05,149451.817434
30.3361111111,-0.00102565239649,0.579487860203,2.40512919426,4.43056342192e-06,2.30970890698e-05,0,0,-4.81910137751e-05,-1.15126550198,41.5203094482,42.0000314713,0,0,0,5.15301535827e-05,149451.817434
30.3472222222,-0.00102565239649,0.579487860203,2.40512919426,4.43056342192e-06,2.30970890698e-05,0,0,-4.81910137751e-05,-1.15126550198,41.5203094482,42.0000314713,0,0,0,5.15301535827e-05,149451.817434
30.3583333333,-0.00102565239649,0.579487860203,2.40512919426,4.43056342192e-06,2.30970890698e-05,0,0,-4.81910137751e-05,-1.15126550198,41.5203094482,42.0000314713,0,0,0,5.15301535827e-05,149451.817434
30.3694444444,-0.00102565239649,0.579487860203,2.40512919426,4.43056342192e-06,2.30970890698e-05,0,0,-4.81910137751e-05,-1.15126550198,41.5203094482,42.0000314713,0,0,0,5.15301535827e-05,149451.817434
30.3805555556,-0.00102565239649,0.579487860203,2.40512919426,4.43056342192e-06,2.30970890698e-05,0,0,-4.81910137751e-05,-1.15126550198,41.5203094482,42.0000314713,0,0,0,5.15301535827e-05,149451.817434
30.3916666667,-0.00102565239649,0.579487860203,2.40512919426,4.43056342192e-06,2.30970890698e-05,0,0,-4.81910137751e-05,-1.15126550198,41.5203094482,42.0000314713,0,0,0,5.15301535827e-05,149451.817434
30.4027777778,-0.00102565239649,0.579487860203,2.40512919426,4.43056342192e-06,2.30970890698e-05,0,0,-4.81910137751e-05,-1.15126550198,41.5203094482,42.0000314713,0,0,0,5.15301535827e-05,149451.817434
30.4138888889,-0.00102565239649,0.579487860203,2.40512919426,4.43056342192e-06,2.30970890698e-05,0,0,-4.81910137751e-05,-1.15126550198,41.5203094482,42.0000314713,0,0,0,5.15301535827e-05,149451.817434
30.425,-0.00102565239649,0.579487860203,2.40512919426,4.43056342192e-06,2.30970890698e-05,0,0,-4.81910137751e-05,-1.15126550198,41.5203094482,42.0000314713,0,0,0,5.15301535827e-05,149451.817434
30.4361111111,-0.00102565239649,0.579487860203,2.40512919426,4.43056342192e-06,2.30970890698e-05,0,0,-4.81910137751e-05,-1.15126550198,41.5203094482,42.0000314713,0,0,0,5.15301535827e-05,149451.817434
30.4472222222,-0.00102565239649,0.579487860203,2.40512919426,4.43056342192e-06,2.30970890698e-05,0,0,-4.81910137751e-05,-1.15126550198,41.5203094482,42.0000314713,0,0,0,5.15301535827e-05,149451.817434
30.4583333333,-0.00102565239649,0.579487860203,2.40512919426,4.43056342192e-06,2.30970890698e-05,0,0,-4.81910137751e-05,-1.15126550198,41.5203094482,42.0000314713,0,0,0,5.15301535827e-05,149451.817434
30.4694444444,-0.00102565239649,0.579487860203,2.40512919426,4.43056342192e-06,2.30970890698e-05,0,0,-4.81910137751e-05,-1.15126550198,41.5203094482,42.0000314713,0,0,0,5.15301535827e-05,149451.817434
30.4805555556,-0.00102565239649,0.579487860203,2.40512919426,4.43056342192e-06,2.30970890698e-05,0,0,-4.81910137751e-05,-1.15126550198,41.5203094482,42.0000314713,0,0,0,5.15301535827e-05,149451.817434
30.4916666667,-0.00102565239649,0.579487860203,2.40512919426,4.43056342192e-06,2.30970890698e-05,0,0,-4.81910137751e-05,-1.15126550198,41.5203094482,42.0000314713,0,0,0,5.15301535827e-05,149451.817434
30.5027777778,-0.00102565239649,0.579487860203,2.40512919426,4.43056342192e-06,2.30970890698e-05,0,0,-4.81910137751e-05,-1.15126550198,41.5203094482,42.0000314713,0,0,0,5.15301535827e-05,149451.817434
30.5138888889,-0.00102565239649,0.579487860203,2.40512919426,4.43056342192e-06,2.30970890698e-05,0,0,-4.81910137751e-05,-1.15126550198,41.5203094482,42.0000314713,0,0,0,5.15301535827e-05,149451.817434
30.525,-0.00102565239649,0.579487860203,2.40512919426,4.43056342192e-06,2.30970890698e-05,0,0,-4.81910137751e-05,-1.15126550198,41.5203094482,42.0000314713,0,0,0,5.15301535827e-05,149451.817434
30.5361111111,-0.00102565239649,0.579487860203,2.40512919426,4.43056342192e-06,2.30970890698e-05,0,0,-4.81910137751e-05,-1.15126550198,41.5203094482,42.0000314713,0,0,0,5.15301535827e-05,149451.817434
30.5472222222,-0.00102565239649,0.579487860203,2.40512919426,4.43056342192e-06,2.30970890698e-05,0,0,-4.81910137751e-05,-1.15126550198,41.5203094482,42.0000314713,0,0,0,5.15301535827e-05,149451.817434
30.5583333333,-0.00102565239649,0.579487860203,2.40512919426,4.43056342192e-06,2.30970890698e-05,0,0,-4.81910137751e-05,-1.15126550198,41.5203094482,42.0000314713,0,0,0,5.15301535827e-05,149451.817434
30.5694444444,-0.00102565239649,0.579487860203,2.40512919426,4.43056342192e-06,2.30970890698e-05,0,0,-4.81910137751e-05,-1.15126550198,41.5203094482,42.0000314713,0,0,0,5.15301535827e-05,149451.817434
30.5805555556,-0.00102565239649,0.579487860203,2.40512919426,4.43056342192e-06,2.30970890698e-05,0,0,-4.81910137751e-05,-1.15126550198,41.5203094482,42.0000314713,0,0,0,5.15301535827e-05,149451.817434
30.5916666667,-0.00102565239649,0.579487860203,2.40512919426,4.43056342192e-06,2.30970890698e-05,0,0,-4.81910137751e-05,-1.15126550198,41.5203094482,42.0000314713,0,0,0,5.15301535827e-05,149451.817434
30.6027777778,-0.00102565239649,0.579487860203,2.40512919426,4.43056342192e-06,2.30970890698e-05,0,0,-4.81910137751e-05,-1.15126550198,41.5203094482,42.0000314713,0,0,0,5.15301535827e-05,149451.817434
30.6138888889,-0.00102565239649,0.579487860203,2.40512919426,4.43056342192e-06,2.30970890698e-05,0,0,-4.81910137751e-05,-1.15126550198,41.5203094482,42.0000314713,0,0,0,5.15301535827e-05,149451.817434
30.625,-0.00102565239649,0.579487860203,2.40512919426,4.43056342192e-06,2.30970890698e-05,0,0,-4.81910137751e-05,-1.15126550198,41.5203094482,42.0000314713,0,0,0,5.15301535827e-05,149451.817434
30.6361111111,-0.00102565239649,0.579487860203,2.40512919426,4.43056342192e-06,2.30970890698e-05,0,0,-4.81910137751e-05,-1.15126550198,41.5203094482,42.0000314713,0,0,0,5.15301535827e-05,149451.817434
30.6472222222,-0.00102565239649,0.579487860203,2.40512919426,4.43056342192e-06,2.30970890698e-05,0,0,-4.81910137751e-05,-1.15126550198,41.5203094482,42.0000314713,0,0,0,5.15301535827e-05,149451.817434
30.6583333333,-0.00102565239649,0.579487860203,2.40512919426,4.43056342192e-06,2.30970890698e-05,0,0,-4.81910137751e-05,-1.15126550198,41.5203094482,42.0000314713,0,0,0,5.15301535827e-05,149451.817434
30.6694444444,-0.00102565239649,0.579487860203,2.40512919426,4.43056342192e-06,2.30970890698e-05,0,0,-4.81910137751e-05,-1.15126550198,41.5203094482,42.0000314713,0,0,0,5.15301535827e-05,149451.817434
30.6805555556,-0.00102565239649,0.579487860203,2.40512919426,4.43056342192e-06,2.30970890698e-05,0,0,-4.81910137751e-05,-1.15126550198,41.5203094482,42.0000314713,0,0,0,5.15301535827e-05,149451.817434
30.6916666667,-0.00102565239649,0.579487860203,2.40512919426,4.43056342192e-06,2.30970890698e-05,0,0,-4.81910137751e-05,-1.15126550198,41.5203094482,42.0000314713,0,0,0,5.15301535827e-05,149451.817434
30.7027777778,-0.00102565239649,0.579487860203,2.40512919426,4.43056342192e-06,2.30970890698e-05,0,0,-4.81910137751e-05,-1.15126550198,41.5203094482,42.0000314713,0,0,0,5.15301535827e-05,149451.817434
30.7138888889,-0.00102565239649,0.579487860203,2.40512919426,4.43056342192e-06,2.30970890698e-05,0,0,-4.81910137751e-05,-1.15126550198,41.5203094482,42.0000314713,0,0,0,5.15301535827e-05,149451.817434
30.725,-0.00102565239649,0.579487860203,2.40512919426,4.43056342192e-06,2.30970890698e-05,0,0,-4.81910137751e-05,-1.15126550198,41.5203094482,42.0000314713,0,0,0,5.15301535827e-05,149451.817434
30.7361111111,-0.00102565239649,0.579487860203,2.40512919426,4.43056342192e-06,2.30970890698e-05,0,0,-4.81910137751e-05,-1.15126550198,41.5203094482,42.0000314713,0,0,0,5.15301535827e-05,149451.817434
30.7472222222,-0.00102565239649,0.579487860203,2.40512919426,4.43056342192e-06,2.30970890698e-05,0,0,-4.81910137751e-05,-1.15126550198,41.5203094482,42.0000314713,0,0,0,5.15301535827e-05,149451.817434
30.7583333333,-0.00102565239649,0.579487860203,2.40512919426,4.43056342192e-06,2.30970890698e-05,0,0,-4.81910137751e-05,-1.15126550198,41.5203094482,42.0000314713,0,0,0,5.15301535827e-05,149451.817434
30.7694444444,-0.00102565239649,0.579487860203,2.40512919426,4.43056342192e-06,2.30970890698e-05,0,0,-4.81910137751e-05,-1.15126550198,41.5203094482,42.0000314713,0,0,0,5.15301535827e-05,149451.817434
30.7805555556,-0.00102565239649,0.579487860203,2.40512919426,4.43056342192e-06,2.30970890698e-05,0,0,-4.81910137751e-05,-1.15126550198,41.5203094482,42.0000314713,0,0,0,5.15301535827e-05,149451.817434
30.7916666667,-0.00102565239649,0.579487860203,2.40512919426,4.43056342192e-06,2.30970890698e-05,0,0,-4.81910137751e-05,-1.15126550198,41.5203094482,42.0000314713,0,0,0,5.15301535827e-05,149451.817434
30.8027777778,-0.00102565239649,0.579487860203,2.40512919426,4.43056342192e-06,2.30970890698e-05,0,0,-4.81910137751e-05,-1.15126550198,41.5203094482,42.0000314713,0,0,0,5.15301535827e-05,149451.817434
30.8138888889,-0.00102565239649,0.579487860203,2.40512919426,4.43056342192e-06,2.30970890698e-05,0,0,-4.81910137751e-05,-1.15126550198,41.5203094482,42.0000314713,0,0,0,5.15301535827e-05,149451.817434
30.825,-0.00102565239649,0.579487860203,2.40512919426,4.43056342192e-06,2.30970890698e-05,0,0,-4.81910137751e-05,-1.15126550198,41.5203094482,42.0000314713,0,0,0,5.15301535827e-05,149451.817434
30.8361111111,-0.00102565239649,0.579487860203,2.40512919426,4.43056342192e-06,2.30970890698e-05,0,0,-4.81910137751e-05,-1.15126550198,41.5203094482,42.0000314713,0,0,0,5.15301535827e-05,149451.817434
30.8472222222,-0.00102565239649,0.579487860203,2.40512919426,4.43056342192e-06,2.30970890698e-05,0,0,-4.81910137751e-05,-1.15126550198,41.5203094482,42.0000314713,0,0,0,5.15301535827e-05,149451.817434
30.8583333333,-0.00102565239649,0.579487860203,2.40512919426,4.43056342192e-06,2.30970890698e-05,0,0,-4.81910137751e-05,-1.15126550198,41.5203094482,42.0000314713,0,0,0,5.15301535827e-05,149451.817434
30.8694444444,-0.00102565239649,0.579487860203,2.40512919426,4.43056342192e-06,2.30970890698e-05,0,0,-4.81910137751e-05,-1.15126550198,41.5203094482,42.0000314713,0,0,0,5.15301535827e-05,149451.817434
30.8805555556,-0.00102565239649,0.579487860203,2.40512919426,4.43056342192e-06,2.30970890698e-05,0,0,-4.81910137751e-05,-1.15126550198,41.5203094482,42.0000314713,0,0,0,5.15301535827e-05,149451.817434
30.8916666667,-0.00102565239649,0.579487860203,2.40512919426,4.43056342192e-06,2.30970890698e-05,0,0,-4.81910137751e-05,-1.15126550198,41.5203094482,42.0000314713,0,0,0,5.15301535827e-05,149451.817434
30.9027777778,-0.00102565239649,0.579487860203,2.40512919426,4.43056342192e-06,2.30970890698e-05,0,0,-4.81910137751e-05,-1.15126550198,41.5203094482,42.0000314713,0,0,0,5.15301535827e-05,149451.817434
30.9138888889,-0.00102565239649,0.579487860203,2.40512919426,4.43056342192e-06,2.30970890698e-05,0,0,-4.81910137751e-05,-1.15126550198,41.5203094482,42.0000314713,0,0,0,5.15301535827e-05,149451.817434
30.925,-0.00102565239649,0.579487860203,2.40512919426,4.43056342192e-06,2.30970890698e-05,0,0,-4.81910137751e-05,-1.15126550198,41.5203094482,42.0000314713,0,0,0,5.15301535827e-05,149451.817434
30.9361111111,-0.00102565239649,0.579487860203,2.40512919426,4.43056342192e-06,2.30970890698e-05,0,0,-4.81910137751e-05,-1.15126550198,41.5203094482,42.0000314713,0,0,0,5.15301535827e-05,149451.817434
30.9472222222,-0.00102565239649,0.579487860203,2.40512919426,4.43056342192e-06,2.30970890698e-05,0,0,-4.81910137751e-05,-1.15126550198,41.5203094482,42.0000314713,0,0,0,5.15301535827e-05,149451.817434
30.9583333333,-0.00102565239649,0.579487860203,2.40512919426,4.43056342192e-06,2.30970890698e-05,0,0,-4.81910137751e-05,-1.15126550198,41.5203094482,42.0000314713,0,0,0,5.15301535827e-05,149451.817434
30.9694444444,-0.00102565239649,0.579487860203,2.40512919426,4.43056342192e-06,2.30970890698e-05,0,0,-4.81910137751e-05,-1.15126550198,41.5203094482,42.0000314713,0,0,0,5.15301535827e-05,149451.817434
30.9805555556,-0.00102565239649,0.579487860203,2.40512919426,4.43056342192e-06,2.30970890698e-05,0,0,-4.81910137751e-05,-1.15126550198,41.5203094482,42.0000314713,0,0,0,5.15301535827e-05,149451.817434
30.9916666667,-0.00102565239649,0.579487860203,2.40512919426,4.43056342192e-06,2.30970890698e-05,0,0,-4.81910137751e-05,-1.15126550198,41.5203094482,42.0000314713,0,0,0,5.15301535827e-05,149451.817434
31.0027777778,-0.00102565239649,0.579487860203,2.40512919426,4.43056342192e-06,2.30970890698e-05,0,0,-4.81910137751e-05,-1.15126550198,41.5203094482,42.0000314713,0,0,0,5.15301535827e-05,149451.817434
31.0138888889,-0.00102565239649,0.579487860203,2.40512919426,4.43056342192e-06,2.30970890698e-05,0,0,-4.81910137751e-05,-1.15126550198,41.5203094482,42.0000314713,0,0,0,5.15301535827e-05,149451.817434
31.025,-0.00102565239649,0.579487860203,2.40512919426,4.43056342192e-06,2.30970890698e-05,0,0,-4.81910137751e-05,-1.15126550198,41.5203094482,42.0000314713,0,0,0,5.15301535827e-05,149451.817434
31.0361111111,-0.00102565239649,0.579487860203,2.40512919426,4.43056342192e-06,2.30970890698e-05,0,0,-4.81910137751e-05,-1.15126550198,41.5203094482,42.0000314713,0,0,0,5.15301535827e-05,149451.817434
31.0472222222,-0.00102565239649,0.579487860203,2.40512919426,4.43056342192e-06,2.30970890698e-05,0,0,-4.81910137751e-05,-1.15126550198,41.5203094482,42.0000314713,0,0,0,5.15301535827e-05,149451.817434
31.0583333333,-0.00102565239649,0.579487860203,2.40512919426,4.43056342192e-06,2.30970890698e-05,0,0,-4.81910137751e-05,-1.15126550198,41.5203094482,42.0000314713,0,0,0,5.15301535827e-05,149451.817434
31.0694444444,-0.00102565239649,0.579487860203,2.40512919426,4.43056342192e-06,2.30970890698e-05,0,0,-4.81910137751e-05,-1.15126550198,41.5203094482,42.0000314713,0,0,0,5.15301535827e-05,149451.817434
31.0805555556,-0.00102565239649,0.579487860203,2.40512919426,4.43056342192e-06,2.30970890698e-05,0,0,-4.81910137751e-05,-1.15126550198,41.5203094482,42.0000314713,0,0,0,5.15301535827e-05,149451.817434
31.0916666667,-0.00102565239649,0.579487860203,2.40512919426,4.43056342192e-06,2.30970890698e-05,0,0,-4.81910137751e-05,-1.15126550198,41.5203094482,42.0000314713,0,0,0,5.15301535827e-05,149451.817434
31.1027777778,-0.00102565239649,0.579487860203,2.40512919426,4.43056342192e-06,2.30970890698e-05,0,0,-4.81910137751e-05,-1.15126550198,41.5203094482,42.0000314713,0,0,0,5.15301535827e-05,149451.817434
31.1138888889,-0.00102565239649,0.579487860203,2.40512919426,4.43056342192e-06,2.30970890698e-05,0,0,-4.81910137751e-05,-1.15126550198,41.5203094482,42.0000314713,0,0,0,5.15301535827e-05,149451.817434
31.125,-0.00102565239649,0.579487860203,2.40512919426,4.43056342192e-06,2.30970890698e-05,0,0,-4.81910137751e-05,-1.15126550198,41.5203094482,42.0000314713,0,0,0,5.15301535827e-05,149451.817434
31.1361111111,-0.00102565239649,0.579487860203,2.40512919426,4.43056342192e-06,2.30970890698e-05,0,0,-4.81910137751e-05,-1.15126550198,41.5203094482,42.0000314713,0,0,0,5.15301535827e-05,149451.817434
31.1472222222,-0.00102565239649,0.579487860203,2.40512919426,4.43056342192e-06,2.30970890698e-05,0,0,-4.81910137751e-05,-1.15126550198,41.5203094482,42.0000314713,0,0,0,5.15301535827e-05,149451.817434
31.1583333333,-0.00102565239649,0.579487860203,2.40512919426,4.43056342192e-06,2.30970890698e-05,0,0,-4.81910137751e-05,-1.15126550198,41.5203094482,42.0000314713,0,0,0,5.15301535827e-05,149451.817434
31.1694444444,-0.00102565239649,0.579487860203,2.40512919426,4.43056342192e-06,2.30970890698e-05,0,0,-4.81910137751e-05,-1.15126550198,41.5203094482,42.0000314713,0,0,0,5.15301535827e-05,149451.817434
31.1805555556,-0.00102565239649,0.579487860203,2.40512919426,4.43056342192e-06,2.30970890698e-05,0,0,-4.81910137751e-05,-1.15126550198,41.5203094482,42.0000314713,0,0,0,5.15301535827e-05,149451.817434
31.1916666667,-0.00102565239649,0.579487860203,2.40512919426,4.43056342192e-06,2.30970890698e-05,0,0,-4.81910137751e-05,-1.15126550198,41.5203094482,42.0000314713,0,0,0,5.15301535827e-05,149451.817434
31.2027777778,-0.00102565239649,0.579487860203,2.40512919426,4.43056342192e-06,2.30970890698e-05,0,0,-4.81910137751e-05,-1.15126550198,41.5203094482,42.0000314713,0,0,0,5.15301535827e-05,149451.817434
31.2138888889,-0.00102565239649,0.579487860203,2.40512919426,4.43056342192e-06,2.30970890698e-05,0,0,-4.81910137751e-05,-1.15126550198,41.5203094482,42.0000314713,0,0,0,5.15301535827e-05,149451.817434
31.225,-0.00102565239649,0.579487860203,2.40512919426,4.43056342192e-06,2.30970890698e-05,0,0,-4.81910137751e-05,-1.15126550198,41.5203094482,42.0000314713,0,0,0,5.15301535827e-05,149451.817434
31.2361111111,-0.00102565239649,0.579487860203,2.40512919426,4.43056342192e-06,2.30970890698e-05,0,0,-4.81910137751e-05,-1.15126550198,41.5203094482,42.0000314713,0,0,0,5.15301535827e-05,149451.817434
31.2472222222,-0.00102565239649,0.579487860203,2.40512919426,4.43056342192e-06,2.30970890698e-05,0,0,-4.81910137751e-05,-1.15126550198,41.5203094482,42.0000314713,0,0,0,5.15301535827e-05,149451.817434
31.2583333333,-0.00102565239649,0.579487860203,2.40512919426,4.43056342192e-06,2.30970890698e-05,0,0,-4.81910137751e-05,-1.15126550198,41.5203094482,42.0000314713,0,0,0,5.15301535827e-05,149451.817434
31.2694444444,-0.00102565239649,0.579487860203,2.40512919426,4.43056342192e-06,2.30970890698e-05,0,0,-4.81910137751e-05,-1.15126550198,41.5203094482,42.0000314713,0,0,0,5.15301535827e-05,149451.817434
31.2805555556,-0.00102565239649,0.579487860203,2.40512919426,4.43056342192e-06,2.30970890698e-05,0,0,-4.81910137751e-05,-1.15126550198,41.5203094482,42.0000314713,0,0,0,5.15301535827e-05,149451.817434
31.2916666667,-0.00102565239649,0.579487860203,2.40512919426,4.43056342192e-06,2.30970890698e-05,0,0,-4.81910137751e-05,-1.15126550198,41.5203094482,42.0000314713,0,0,0,5.15301535827e-05,149451.817434
31.3027777778,-0.00102565239649,0.579487860203,2.40512919426,4.43056342192e-06,2.30970890698e-05,0,0,-4.81910137751e-05,-1.15126550198,41.5203094482,42.0000314713,0,0,0,5.15301535827e-05,149451.817434
31.3138888889,-0.00102565239649,0.579487860203,2.40512919426,4.43056342192e-06,2.30970890698e-05,0,0,-4.81910137751e-05,-1.15126550198,41.5203094482,42.0000314713,0,0,0,5.15301535827e-05,149451.817434
31.325,-0.00102565239649,0.579487860203,2.40512919426,4.43056342192e-06,2.30970890698e-05,0,0,-4.81910137751e-05,-1.15126550198,41.5203094482,42.0000314713,0,0,0,5.15301535827e-05,149451.817434
31.3361111111,-0.00102565239649,0.579487860203,2.40512919426,4.43056342192e-06,2.30970890698e-05,0,0,-4.81910137751e-05,-1.15126550198,41.5203094482,42.0000314713,0,0,0,5.15301535827e-05,149451.817434
31.3472222222,-0.00102565239649,0.579487860203,2.40512919426,4.43056342192e-06,2.30970890698e-05,0,0,-4.81910137751e-05,-1.15126550198,41.5203094482,42.0000314713,0,0,0,5.15301535827e-05,149451.817434
31.3583333333,-0.00102565239649,0.579487860203,2.40512919426,4.43056342192e-06,2.30970890698e-05,0,0,-4.81910137751e-05,-1.15126550198,41.5203094482,42.0000314713,0,0,0,5.15301535827e-05,149451.817434
31.3694444444,-0.00102565239649,0.579487860203,2.40512919426,4.43056342192e-06,2.30970890698e-05,0,0,-4.81910137751e-05,-1.15126550198,41.5203094482,42.0000314713,0,0,0,5.15301535827e-05,149451.817434
31.3805555556,-0.00102565239649,0.579487860203,2.40512919426,4.43056342192e-06,2.30970890698e-05,0,0,-4.81910137751e-05,-1.15126550198,41.5203094482,42.0000314713,0,0,0,5.15301535827e-05,149451.817434
31.3916666667,-0.00102565239649,0.579487860203,2.40512919426,4.43056342192e-06,2.30970890698e-05,0,0,-4.81910137751e-05,-1.15126550198,41.5203094482,42.0000314713,0,0,0,5.15301535827e-05,149451.817434
31.4027777778,-0.00102565239649,0.579487860203,2.40512919426,4.43056342192e-06,2.30970890698e-05,0,0,-4.81910137751e-05,-1.15126550198,41.5203094482,42.0000314713,0,0,0,5.15301535827e-05,149451.817434
31.4138888889,-0.00102565239649,0.579487860203,2.40512919426,4.43056342192e-06,2.30970890698e-05,0,0,-4.81910137751e-05,-1.15126550198,41.5203094482,42.0000314713,0,0,0,5.15301535827e-05,149451.817434
31.425,-0.00102565239649,0.579487860203,2.40512919426,4.43056342192e-06,2.30970890698e-05,0,0,-4.81910137751e-05,-1.15126550198,41.5203094482,42.0000314713,0,0,0,5.15301535827e-05,149451.817434
31.4361111111,-0.00102565239649,0.579487860203,2.40512919426,4.43056342192e-06,2.30970890698e-05,0,0,-4.81910137751e-05,-1.15126550198,41.5203094482,42.0000314713,0,0,0,5.15301535827e-05,149451.817434
31.4472222222,-0.00102565239649,0.579487860203,2.40512919426,4.43056342192e-06,2.30970890698e-05,0,0,-4.81910137751e-05,-1.15126550198,41.5203094482,42.0000314713,0,0,0,5.15301535827e-05,149451.817434
31.4583333333,-0.00102565239649,0.579487860203,2.40512919426,4.43056342192e-06,2.30970890698e-05,0,0,-4.81910137751e-05,-1.15126550198,41.5203094482,42.0000314713,0,0,0,5.15301535827e-05,149451.817434
31.4694444444,-0.00102565239649,0.579487860203,2.40512919426,4.43056342192e-06,2.30970890698e-05,0,0,-4.81910137751e-05,-1.15126550198,41.5203094482,42.0000314713,0,0,0,5.15301535827e-05,149451.817434
31.4805555556,-0.00102565239649,0.579487860203,2.40512919426,4.43056342192e-06,2.30970890698e-05,0,0,-4.81910137751e-05,-1.15126550198,41.5203094482,42.0000314713,0,0,0,5.15301535827e-05,149451.817434
31.4916666667,-0.00102565239649,0.579487860203,2.40512919426,4.43056342192e-06,2.30970890698e-05,0,0,-4.81910137751e-05,-1.15126550198,41.5203094482,42.0000314713,0,0,0,5.15301535827e-05,149451.817434
31.5027777778,-0.00102565239649,0.579487860203,2.40512919426,4.43056342192e-06,2.30970890698e-05,0,0,-4.81910137751e-05,-1.15126550198,41.5203094482,42.0000314713,0,0,0,5.15301535827e-05,149451.817434
31.5138888889,-0.00102565239649,0.579487860203,2.40512919426,4.43056342192e-06,2.30970890698e-05,0,0,-4.81910137751e-05,-1.15126550198,41.5203094482,42.0000314713,0,0,0,5.15301535827e-05,149451.817434
31.525,-0.00102565239649,0.579487860203,2.40512919426,4.43056342192e-06,2.30970890698e-05,0,0,-4.81910137751e-05,-1.15126550198,41.5203094482,42.0000314713,0,0,0,5.15301535827e-05,149451.817434
31.5361111111,-0.00102565239649,0.579487860203,2.40512919426,4.43056342192e-06,2.30970890698e-05,0,0,-4.81910137751e-05,-1.15126550198,41.5203094482,42.0000314713,0,0,0,5.15301535827e-05,149451.817434
31.5472222222,-0.00102565239649,0.579487860203,2.40512919426,4.43056342192e-06,2.30970890698e-05,0,0,-4.81910137751e-05,-1.15126550198,41.5203094482,42.0000314713,0,0,0,5.15301535827e-05,149451.817434
31.5583333333,-0.00102565239649,0.579487860203,2.40512919426,4.43056342192e-06,2.30970890698e-05,0,0,-4.81910137751e-05,-1.15126550198,41.5203094482,42.0000314713,0,0,0,5.15301535827e-05,149451.817434
31.5694444444,-0.00102565239649,0.579487860203,2.40512919426,4.43056342192e-06,2.30970890698e-05,0,0,-4.81910137751e-05,-1.15126550198,41.5203094482,42.0000314713,0,0,0,5.15301535827e-05,149451.817434
31.5805555556,-0.00102565239649,0.579487860203,2.40512919426,4.43056342192e-06,2.30970890698e-05,0,0,-4.81910137751e-05,-1.15126550198,41.5203094482,42.0000314713,0,0,0,5.15301535827e-05,149451.817434
31.5916666667,-0.00102565239649,0.579487860203,2.40512919426,4.43056342192e-06,2.30970890698e-05,0,0,-4.81910137751e-05,-1.15126550198,41.5203094482,42.0000314713,0,0,0,5.15301535827e-05,149451.817434
31.6027777778,-0.00102565239649,0.579487860203,2.40512919426,4.43056342192e-06,2.30970890698e-05,0,0,-4.81910137751e-05,-1.15126550198,41.5203094482,42.0000314713,0,0,0,5.15301535827e-05,149451.817434
31.6138888889,-0.00102565239649,0.579487860203,2.40512919426,4.43056342192e-06,2.30970890698e-05,0,0,-4.81910137751e-05,-1.15126550198,41.5203094482,42.0000314713,0,0,0,5.15301535827e-05,149451.817434
31.625,-0.00102565239649,0.579487860203,2.40512919426,4.43056342192e-06,2.30970890698e-05,0,0,-4.81910137751e-05,-1.15126550198,41.5203094482,42.0000314713,0,0,0,5.15301535827e-05,149451.817434
31.6361111111,-0.00102565239649,0.579487860203,2.40512919426,4.43056342192e-06,2.30970890698e-05,0,0,-4.81910137751e-05,-1.15126550198,41.5203094482,42.0000314713,0,0,0,5.15301535827e-05,149451.817434
31.6472222222,-0.00102565239649,0.579487860203,2.40512919426,4.43056342192e-06,2.30970890698e-05,0,0,-4.81910137751e-05,-1.15126550198,41.5203094482,42.0000314713,0,0,0,5.15301535827e-05,149451.817434
31.6583333333,-0.00102565239649,0.579487860203,2.40512919426,4.43056342192e-06,2.30970890698e-05,0,0,-4.81910137751e-05,-1.15126550198,41.5203094482,42.0000314713,0,0,0,5.15301535827e-05,149451.817434
31.6694444444,-0.00102565239649,0.579487860203,2.40512919426,4.43056342192e-06,2.30970890698e-05,0,0,-4.81910137751e-05,-1.15126550198,41.5203094482,42.0000314713,0,0,0,5.15301535827e-05,149451.817434
31.6805555556,-0.00102565239649,0.579487860203,2.40512919426,4.43056342192e-06,2.30970890698e-05,0,0,-4.81910137751e-05,-1.15126550198,41.5203094482,42.0000314713,0,0,0,5.15301535827e-05,149451.817434
31.6916666667,-0.00102565239649,0.579487860203,2.40512919426,4.43056342192e-06,2.30970890698e-05,0,0,-4.81910137751e-05,-1.15126550198,41.5203094482,42.0000314713,0,0,0,5.15301535827e-05,149451.817434
31.7027777778,-0.00102565239649,0.579487860203,2.40512919426,4.43056342192e-06,2.30970890698e-05,0,0,-4.81910137751e-05,-1.15126550198,41.5203094482,42.0000314713,0,0,0,5.15301535827e-05,149451.817434
31.7138888889,-0.00102565239649,0.579487860203,2.40512919426,4.43056342192e-06,2.30970890698e-05,0,0,-4.81910137751e-05,-1.15126550198,41.5203094482,42.0000314713,0,0,0,5.15301535827e-05,149451.817434
31.725,-0.00102565239649,0.579487860203,2.40512919426,4.43056342192e-06,2.30970890698e-05,0,0,-4.81910137751e-05,-1.15126550198,41.5203094482,42.0000314713,0,0,0,5.15301535827e-05,149451.817434
31.7361111111,-0.00102565239649,0.579487860203,2.40512919426,4.43056342192e-06,2.30970890698e-05,0,0,-4.81910137751e-05,-1.15126550198,41.5203094482,42.0000314713,0,0,0,5.15301535827e-05,149451.817434
31.7472222222,-0.00102565239649,0.579487860203,2.40512919426,4.43056342192e-06,2.30970890698e-05,0,0,-4.81910137751e-05,-1.15126550198,41.5203094482,42.0000314713,0,0,0,5.15301535827e-05,149451.817434
31.7583333333,-0.00102565239649,0.579487860203,2.40512919426,4.43056342192e-06,2.30970890698e-05,0,0,-4.81910137751e-05,-1.15126550198,41.5203094482,42.0000314713,0,0,0,5.15301535827e-05,149451.817434
31.7694444444,-0.00102565239649,0.579487860203,2.40512919426,4.43056342192e-06,2.30970890698e-05,0,0,-4.81910137751e-05,-1.15126550198,41.5203094482,42.0000314713,0,0,0,5.15301535827e-05,149451.817434
31.7805555556,-0.00102565239649,0.579487860203,2.40512919426,4.43056342192e-06,2.30970890698e-05,0,0,-4.81910137751e-05,-1.15126550198,41.5203094482,42.0000314713,0,0,0,5.15301535827e-05,149451.817434
31.7916666667,-0.00102565239649,0.579487860203,2.40512919426,4.43056342192e-06,2.30970890698e-05,0,0,-4.81910137751e-05,-1.15126550198,41.5203094482,42.0000314713,0,0,0,5.15301535827e-05,149451.817434
31.8027777778,-0.00102565239649,0.579487860203,2.40512919426,4.43056342192e-06,2.30970890698e-05,0,0,-4.81910137751e-05,-1.15126550198,41.5203094482,42.0000314713,0,0,0,5.15301535827e-05,149451.817434
31.8138888889,-0.00102565239649,0.579487860203,2.40512919426,4.43056342192e-06,2.30970890698e-05,0,0,-4.81910137751e-05,-1.15126550198,41.5203094482,42.0000314713,0,0,0,5.15301535827e-05,149451.817434
31.825,-0.00102565239649,0.579487860203,2.40512919426,4.43056342192e-06,2.30970890698e-05,0,0,-4.81910137751e-05,-1.15126550198,41.5203094482,42.0000314713,0,0,0,5.15301535827e-05,149451.817434
31.8361111111,-0.00102565239649,0.579487860203,2.40512919426,4.43056342192e-06,2.30970890698e-05,0,0,-4.81910137751e-05,-1.15126550198,41.5203094482,42.0000314713,0,0,0,5.15301535827e-05,149451.817434
31.8472222222,-0.00102565239649,0.579487860203,2.40512919426,4.43056342192e-06,2.30970890698e-05,0,0,-4.81910137751e-05,-1.15126550198,41.5203094482,42.0000314713,0,0,0,5.15301535827e-05,149451.817434
31.8583333333,-0.00102565239649,0.579487860203,2.40512919426,4.43056342192e-06,2.30970890698e-05,0,0,-4.81910137751e-05,-1.15126550198,41.5203094482,42.0000314713,0,0,0,5.15301535827e-05,149451.817434
31.8694444444,-0.00102565239649,0.579487860203,2.40512919426,4.43056342192e-06,2.30970890698e-05,0,0,-4.81910137751e-05,-1.15126550198,41.5203094482,42.0000314713,0,0,0,5.15301535827e-05,149451.817434
31.8805555556,-0.00102565239649,0.579487860203,2.40512919426,4.43056342192e-06,2.30970890698e-05,0,0,-4.81910137751e-05,-1.15126550198,41.5203094482,42.0000314713,0,0,0,5.15301535827e-05,149451.817434
31.8916666667,-0.00102565239649,0.579487860203,2.40512919426,4.43056342192e-06,2.30970890698e-05,0,0,-4.81910137751e-05,-1.15126550198,41.5203094482,42.0000314713,0,0,0,5.15301535827e-05,149451.817434
31.9027777778,-0.00102565239649,0.579487860203,2.40512919426,4.43056342192e-06,2.30970890698e-05,0,0,-4.81910137751e-05,-1.15126550198,41.5203094482,42.0000314713,0,0,0,5.15301535827e-05,149451.817434
31.9138888889,-0.00102565239649,0.579487860203,2.40512919426,4.43056342192e-06,2.30970890698e-05,0,0,-4.81910137751e-05,-1.15126550198,41.5203094482,42.0000314713,0,0,0,5.15301535827e-05,149451.817434
31.925,-0.00102565239649,0.579487860203,2.40512919426,4.43056342192e-06,2.30970890698e-05,0,0,-4.81910137751e-05,-1.15126550198,41.5203094482,42.0000314713,0,0,0,5.15301535827e-05,149451.817434
31.9361111111,-0.00102565239649,0.579487860203,2.40512919426,4.43056342192e-06,2.30970890698e-05,0,0,-4.81910137751e-05,-1.15126550198,41.5203094482,42.0000314713,0,0,0,5.15301535827e-05,149451.817434
31.9472222222,-0.00102565239649,0.579487860203,2.40512919426,4.43056342192e-06,2.30970890698e-05,0,0,-4.81910137751e-05,-1.15126550198,41.5203094482,42.0000314713,0,0,0,5.15301535827e-05,149451.817434
31.9583333333,-0.00102565239649,0.579487860203,2.40512919426,4.43056342192e-06,2.30970890698e-05,0,0,-4.81910137751e-05,-1.15126550198,41.5203094482,42.0000314713,0,0,0,5.15301535827e-05,149451.817434
31.9694444444,-0.00102565239649,0.579487860203,2.40512919426,4.43056342192e-06,2.30970890698e-05,0,0,-4.81910137751e-05,-1.15126550198,41.5203094482,42.0000314713,0,0,0,5.15301535827e-05,149451.817434
31.9805555556,-0.00102565239649,0.579487860203,2.40512919426,4.43056342192e-06,2.30970890698e-05,0,0,-4.81910137751e-05,-1.15126550198,41.5203094482,42.0000314713,0,0,0,5.15301535827e-05,149451.817434
31.9916666667,-0.00102565239649,0.579487860203,2.40512919426,4.43056342192e-06,2.30970890698e-05,0,0,-4.81910137751e-05,-1.15126550198,41.5203094482,42.0000314713,0,0,0,5.15301535827e-05,149451.817434
32.0027777778,-0.00102565239649,0.579487860203,2.40512919426,4.43056342192e-06,2.30970890698e-05,0,0,-4.81910137751e-05,-1.15126550198,41.5203094482,42.0000314713,0,0,0,5.15301535827e-05,149451.817434
32.0138888889,-0.00102565239649,0.579487860203,2.40512919426,4.43056342192e-06,2.30970890698e-05,0,0,-4.81910137751e-05,-1.15126550198,41.5203094482,42.0000314713,0,0,0,5.15301535827e-05,149451.817434
32.025,-0.00102565239649,0.579487860203,2.40512919426,4.43056342192e-06,2.30970890698e-05,0,0,-4.81910137751e-05,-1.15126550198,41.5203094482,42.0000314713,0,0,0,5.15301535827e-05,149451.817434
32.0361111111,-0.00102565239649,0.579487860203,2.40512919426,4.43056342192e-06,2.30970890698e-05,0,0,-4.81910137751e-05,-1.15126550198,41.5203094482,42.0000314713,0,0,0,5.15301535827e-05,149451.817434
32.0472222222,-0.00102565239649,0.579487860203,2.40512919426,4.43056342192e-06,2.30970890698e-05,0,0,-4.81910137751e-05,-1.15126550198,41.5203094482,42.0000314713,0,0,0,5.15301535827e-05,149451.817434
32.0583333333,-0.00102565239649,0.579487860203,2.40512919426,4.43056342192e-06,2.30970890698e-05,0,0,-4.81910137751e-05,-1.15126550198,41.5203094482,42.0000314713,0,0,0,5.15301535827e-05,149451.817434
32.0694444444,-0.00102565239649,0.579487860203,2.40512919426,4.43056342192e-06,2.30970890698e-05,0,0,-4.81910137751e-05,-1.15126550198,41.5203094482,42.0000314713,0,0,0,5.15301535827e-05,149451.817434
32.0805555556,-0.00102565239649,0.579487860203,2.40512919426,4.43056342192e-06,2.30970890698e-05,0,0,-4.81910137751e-05,-1.15126550198,41.5203094482,42.0000314713,0,0,0,5.15301535827e-05,149451.817434
32.0916666667,-0.00102565239649,0.579487860203,2.40512919426,4.43056342192e-06,2.30970890698e-05,0,0,-4.81910137751e-05,-1.15126550198,41.5203094482,42.0000314713,0,0,0,5.15301535827e-05,149451.817434
32.1027777778,-0.00102565239649,0.579487860203,2.40512919426,4.43056342192e-06,2.30970890698e-05,0,0,-4.81910137751e-05,-1.15126550198,41.5203094482,42.0000314713,0,0,0,5.15301535827e-05,149451.817434
32.1138888889,-0.00102565239649,0.579487860203,2.40512919426,4.43056342192e-06,2.30970890698e-05,0,0,-4.81910137751e-05,-1.15126550198,41.5203094482,42.0000314713,0,0,0,5.15301535827e-05,149451.817434
32.125,-0.00102565239649,0.579487860203,2.40512919426,4.43056342192e-06,2.30970890698e-05,0,0,-4.81910137751e-05,-1.15126550198,41.5203094482,42.0000314713,0,0,0,5.15301535827e-05,149451.817434
32.1361111111,-0.00102565239649,0.579487860203,2.40512919426,4.43056342192e-06,2.30970890698e-05,0,0,-4.81910137751e-05,-1.15126550198,41.5203094482,42.0000314713,0,0,0,5.15301535827e-05,149451.817434
32.1472222222,-0.00102565239649,0.579487860203,2.40512919426,4.43056342192e-06,2.30970890698e-05,0,0,-4.81910137751e-05,-1.15126550198,41.5203094482,42.0000314713,0,0,0,5.15301535827e-05,149451.817434
32.1583333333,-0.00102565239649,0.579487860203,2.40512919426,4.43056342192e-06,2.30970890698e-05,0,0,-4.81910137751e-05,-1.15126550198,41.5203094482,42.0000314713,0,0,0,5.15301535827e-05,149451.817434
32.1694444444,-0.00102565239649,0.579487860203,2.40512919426,4.43056342192e-06,2.30970890698e-05,0,0,-4.81910137751e-05,-1.15126550198,41.5203094482,42.0000314713,0,0,0,5.15301535827e-05,149451.817434
32.1805555556,-0.00102565239649,0.579487860203,2.40512919426,4.43056342192e-06,2.30970890698e-05,0,0,-4.81910137751e-05,-1.15126550198,41.5203094482,42.0000314713,0,0,0,5.15301535827e-05,149451.817434
32.1916666667,-0.00102565239649,0.579487860203,2.40512919426,4.43056342192e-06,2.30970890698e-05,0,0,-4.81910137751e-05,-1.15126550198,41.5203094482,42.0000314713,0,0,0,5.15301535827e-05,149451.817434
32.2027777778,-0.00102565239649,0.579487860203,2.40512919426,4.43056342192e-06,2.30970890698e-05,0,0,-4.81910137751e-05,-1.15126550198,41.5203094482,42.0000314713,0,0,0,5.15301535827e-05,149451.817434
32.2138888889,-0.00102565239649,0.579487860203,2.40512919426,4.43056342192e-06,2.30970890698e-05,0,0,-4.81910137751e-05,-1.15126550198,41.5203094482,42.0000314713,0,0,0,5.15301535827e-05,149451.817434
32.225,-0.00102565239649,0.579487860203,2.40512919426,4.43056342192e-06,2.30970890698e-05,0,0,-4.81910137751e-05,-1.15126550198,41.5203094482,42.0000314713,0,0,0,5.15301535827e-05,149451.817434
32.2361111111,-0.00102565239649,0.579487860203,2.40512919426,4.43056342192e-06,2.30970890698e-05,0,0,-4.81910137751e-05,-1.15126550198,41.5203094482,42.0000314713,0,0,0,5.15301535827e-05,149451.817434
32.2472222222,-0.00102565239649,0.579487860203,2.40512919426,4.43056342192e-06,2.30970890698e-05,0,0,-4.81910137751e-05,-1.15126550198,41.5203094482,42.0000314713,0,0,0,5.15301535827e-05,149451.817434
32.2583333333,-0.00102565239649,0.579487860203,2.40512919426,4.43056342192e-06,2.30970890698e-05,0,0,-4.81910137751e-05,-1.15126550198,41.5203094482,42.0000314713,0,0,0,5.15301535827e-05,149451.817434
32.2694444444,-0.00102565239649,0.579487860203,2.40512919426,4.43056342192e-06,2.30970890698e-05,0,0,-4.81910137751e-05,-1.15126550198,41.5203094482,42.0000314713,0,0,0,5.15301535827e-05,149451.817434
32.2805555556,-0.00102565239649,0.579487860203,2.40512919426,4.43056342192e-06,2.30970890698e-05,0,0,-4.81910137751e-05,-1.15126550198,41.5203094482,42.0000314713,0,0,0,5.15301535827e-05,149451.817434
32.2916666667,-0.00102565239649,0.579487860203,2.40512919426,4.43056342192e-06,2.30970890698e-05,0,0,-4.81910137751e-05,-1.15126550198,41.5203094482,42.0000314713,0,0,0,5.15301535827e-05,149451.817434
32.3027777778,-0.00102565239649,0.579487860203,2.40512919426,4.43056342192e-06,2.30970890698e-05,0,0,-4.81910137751e-05,-1.15126550198,41.5203094482,42.0000314713,0,0,0,5.15301535827e-05,149451.817434
32.3138888889,-0.00102565239649,0.579487860203,2.40512919426,4.43056342192e-06,2.30970890698e-05,0,0,-4.81910137751e-05,-1.15126550198,41.5203094482,42.0000314713,0,0,0,5.15301535827e-05,149451.817434
32.325,-0.00102565239649,0.579487860203,2.40512919426,4.43056342192e-06,2.30970890698e-05,0,0,-4.81910137751e-05,-1.15126550198,41.5203094482,42.0000314713,0,0,0,5.15301535827e-05,149451.817434
32.3361111111,-0.00102565239649,0.579487860203,2.40512919426,4.43056342192e-06,2.30970890698e-05,0,0,-4.81910137751e-05,-1.15126550198,41.5203094482,42.0000314713,0,0,0,5.15301535827e-05,149451.817434
32.3472222222,-0.00102565239649,0.579487860203,2.40512919426,4.43056342192e-06,2.30970890698e-05,0,0,-4.81910137751e-05,-1.15126550198,41.5203094482,42.0000314713,0,0,0,5.15301535827e-05,149451.817434
32.3583333333,-0.00102565239649,0.579487860203,2.40512919426,4.43056342192e-06,2.30970890698e-05,0,0,-4.81910137751e-05,-1.15126550198,41.5203094482,42.0000314713,0,0,0,5.15301535827e-05,149451.817434
32.3694444444,-0.00102565239649,0.579487860203,2.40512919426,4.43056342192e-06,2.30970890698e-05,0,0,-4.81910137751e-05,-1.15126550198,41.5203094482,42.0000314713,0,0,0,5.15301535827e-05,149451.817434
32.3805555556,-0.00102565239649,0.579487860203,2.40512919426,4.43056342192e-06,2.30970890698e-05,0,0,-4.81910137751e-05,-1.15126550198,41.5203094482,42.0000314713,0,0,0,5.15301535827e-05,149451.817434
32.3916666667,-0.00102565239649,0.579487860203,2.40512919426,4.43056342192e-06,2.30970890698e-05,0,0,-4.81910137751e-05,-1.15126550198,41.5203094482,42.0000314713,0,0,0,5.15301535827e-05,149451.817434
32.4027777778,-0.00102565239649,0.579487860203,2.40512919426,4.43056342192e-06,2.30970890698e-05,0,0,-4.81910137751e-05,-1.15126550198,41.5203094482,42.0000314713,0,0,0,5.15301535827e-05,149451.817434
32.4138888889,-0.00102565239649,0.579487860203,2.40512919426,4.43056342192e-06,2.30970890698e-05,0,0,-4.81910137751e-05,-1.15126550198,41.5203094482,42.0000314713,0,0,0,5.15301535827e-05,149451.817434
32.425,-0.00102565239649,0.579487860203,2.40512919426,4.43056342192e-06,2.30970890698e-05,0,0,-4.81910137751e-05,-1.15126550198,41.5203094482,42.0000314713,0,0,0,5.15301535827e-05,149451.817434
32.4361111111,-0.00102565239649,0.579487860203,2.40512919426,4.43056342192e-06,2.30970890698e-05,0,0,-4.81910137751e-05,-1.15126550198,41.5203094482,42.0000314713,0,0,0,5.15301535827e-05,149451.817434
32.4472222222,-0.00102565239649,0.579487860203,2.40512919426,4.43056342192e-06,2.30970890698e-05,0,0,-4.81910137751e-05,-1.15126550198,41.5203094482,42.0000314713,0,0,0,5.15301535827e-05,149451.817434
32.4583333333,-0.00102565239649,0.579487860203,2.40512919426,4.43056342192e-06,2.30970890698e-05,0,0,-4.81910137751e-05,-1.15126550198,41.5203094482,42.0000314713,0,0,0,5.15301535827e-05,149451.817434
32.4694444444,-0.00102565239649,0.579487860203,2.40512919426,4.43056342192e-06,2.30970890698e-05,0,0,-4.81910137751e-05,-1.15126550198,41.5203094482,42.0000314713,0,0,0,5.15301535827e-05,149451.817434
32.4805555556,-0.00102565239649,0.579487860203,2.40512919426,4.43056342192e-06,2.30970890698e-05,0,0,-4.81910137751e-05,-1.15126550198,41.5203094482,42.0000314713,0,0,0,5.15301535827e-05,149451.817434
32.4916666667,-0.00102565239649,0.579487860203,2.40512919426,4.43056342192e-06,2.30970890698e-05,0,0,-4.81910137751e-05,-1.15126550198,41.5203094482,42.0000314713,0,0,0,5.15301535827e-05,149451.817434
32.5027777778,-0.00102565239649,0.579487860203,2.40512919426,4.43056342192e-06,2.30970890698e-05,0,0,-4.81910137751e-05,-1.15126550198,41.5203094482,42.0000314713,0,0,0,5.15301535827e-05,149451.817434
32.5138888889,-0.00102565239649,0.579487860203,2.40512919426,4.43056342192e-06,2.30970890698e-05,0,0,-4.81910137751e-05,-1.15126550198,41.5203094482,42.0000314713,0,0,0,5.15301535827e-05,149451.817434
32.525,-0.00102565239649,0.579487860203,2.40512919426,4.43056342192e-06,2.30970890698e-05,0,0,-4.81910137751e-05,-1.15126550198,41.5203094482,42.0000314713,0,0,0,5.15301535827e-05,149451.817434
32.5361111111,-0.00102565239649,0.579487860203,2.40512919426,4.43056342192e-06,2.30970890698e-05,0,0,-4.81910137751e-05,-1.15126550198,41.5203094482,42.0000314713,0,0,0,5.15301535827e-05,149451.817434
32.5472222222,-0.00102565239649,0.579487860203,2.40512919426,4.43056342192e-06,2.30970890698e-05,0,0,-4.81910137751e-05,-1.15126550198,41.5203094482,42.0000314713,0,0,0,5.15301535827e-05,149451.817434
32.5583333333,-0.00102565239649,0.579487860203,2.40512919426,4.43056342192e-06,2.30970890698e-05,0,0,-4.81910137751e-05,-1.15126550198,41.5203094482,42.0000314713,0,0,0,5.15301535827e-05,149451.817434
32.5694444444,-0.00102565239649,0.579487860203,2.40512919426,4.43056342192e-06,2.30970890698e-05,0,0,-4.81910137751e-05,-1.15126550198,41.5203094482,42.0000314713,0,0,0,5.15301535827e-05,149451.817434
32.5805555556,-0.00102565239649,0.579487860203,2.40512919426,4.43056342192e-06,2.30970890698e-05,0,0,-4.81910137751e-05,-1.15126550198,41.5203094482,42.0000314713,0,0,0,5.15301535827e-05,149451.817434
32.5916666667,-0.00102565239649,0.579487860203,2.40512919426,4.43056342192e-06,2.30970890698e-05,0,0,-4.81910137751e-05,-1.15126550198,41.5203094482,42.0000314713,0,0,0,5.15301535827e-05,149451.817434
32.6027777778,-0.00102565239649,0.579487860203,2.40512919426,4.43056342192e-06,2.30970890698e-05,0,0,-4.81910137751e-05,-1.15126550198,41.5203094482,42.0000314713,0,0,0,5.15301535827e-05,149451.817434
32.6138888889,-0.00102565239649,0.579487860203,2.40512919426,4.43056342192e-06,2.30970890698e-05,0,0,-4.81910137751e-05,-1.15126550198,41.5203094482,42.0000314713,0,0,0,5.15301535827e-05,149451.817434
32.625,-0.00102565239649,0.579487860203,2.40512919426,4.43056342192e-06,2.30970890698e-05,0,0,-4.81910137751e-05,-1.15126550198,41.5203094482,42.0000314713,0,0,0,5.15301535827e-05,149451.817434
32.6361111111,-0.00102565239649,0.579487860203,2.40512919426,4.43056342192e-06,2.30970890698e-05,0,0,-4.81910137751e-05,-1.15126550198,41.5203094482,42.0000314713,0,0,0,5.15301535827e-05,149451.817434
32.6472222222,-0.00102565239649,0.579487860203,2.40512919426,4.43056342192e-06,2.30970890698e-05,0,0,-4.81910137751e-05,-1.15126550198,41.5203094482,42.0000314713,0,0,0,5.15301535827e-05,149451.817434
32.6583333333,-0.00102565239649,0.579487860203,2.40512919426,4.43056342192e-06,2.30970890698e-05,0,0,-4.81910137751e-05,-1.15126550198,41.5203094482,42.0000314713,0,0,0,5.15301535827e-05,149451.817434
32.6694444444,-0.00102565239649,0.579487860203,2.40512919426,4.43056342192e-06,2.30970890698e-05,0,0,-4.81910137751e-05,-1.15126550198,41.5203094482,42.0000314713,0,0,0,5.15301535827e-05,149451.817434
32.6805555556,-0.00102565239649,0.579487860203,2.40512919426,4.43056342192e-06,2.30970890698e-05,0,0,-4.81910137751e-05,-1.15126550198,41.5203094482,42.0000314713,0,0,0,5.15301535827e-05,149451.817434
32.6916666667,-0.00102565239649,0.579487860203,2.40512919426,4.43056342192e-06,2.30970890698e-05,0,0,-4.81910137751e-05,-1.15126550198,41.5203094482,42.0000314713,0,0,0,5.15301535827e-05,149451.817434
32.7027777778,-0.00102565239649,0.579487860203,2.40512919426,4.43056342192e-06,2.30970890698e-05,0,0,-4.81910137751e-05,-1.15126550198,41.5203094482,42.0000314713,0,0,0,5.15301535827e-05,149451.817434
32.7138888889,-0.00102565239649,0.579487860203,2.40512919426,4.43056342192e-06,2.30970890698e-05,0,0,-4.81910137751e-05,-1.15126550198,41.5203094482,42.0000314713,0,0,0,5.15301535827e-05,149451.817434
32.725,-0.00102565239649,0.579487860203,2.40512919426,4.43056342192e-06,2.30970890698e-05,0,0,-4.81910137751e-05,-1.15126550198,41.5203094482,42.0000314713,0,0,0,5.15301535827e-05,149451.817434
32.7361111111,-0.00102565239649,0.579487860203,2.40512919426,4.43056342192e-06,2.30970890698e-05,0,0,-4.81910137751e-05,-1.15126550198,41.5203094482,42.0000314713,0,0,0,5.15301535827e-05,149451.817434
32.7472222222,-0.00102565239649,0.579487860203,2.40512919426,4.43056342192e-06,2.30970890698e-05,0,0,-4.81910137751e-05,-1.15126550198,41.5203094482,42.0000314713,0,0,0,5.15301535827e-05,149451.817434
32.7583333333,-0.00102565239649,0.579487860203,2.40512919426,4.43056342192e-06,2.30970890698e-05,0,0,-4.81910137751e-05,-1.15126550198,41.5203094482,42.0000314713,0,0,0,5.15301535827e-05,149451.817434
32.7694444444,-0.00102565239649,0.579487860203,2.40512919426,4.43056342192e-06,2.30970890698e-05,0,0,-4.81910137751e-05,-1.15126550198,41.5203094482,42.0000314713,0,0,0,5.15301535827e-05,149451.817434
32.7805555556,-0.00102565239649,0.579487860203,2.40512919426,4.43056342192e-06,2.30970890698e-05,0,0,-4.81910137751e-05,-1.15126550198,41.5203094482,42.0000314713,0,0,0,5.15301535827e-05,149451.817434
32.7916666667,-0.00102565239649,0.579487860203,2.40512919426,4.43056342192e-06,2.30970890698e-05,0,0,-4.81910137751e-05,-1.15126550198,41.5203094482,42.0000314713,0,0,0,5.15301535827e-05,149451.817434
32.8027777778,-0.00102565239649,0.579487860203,2.40512919426,4.43056342192e-06,2.30970890698e-05,0,0,-4.81910137751e-05,-1.15126550198,41.5203094482,42.0000314713,0,0,0,5.15301535827e-05,149451.817434
32.8138888889,-0.00102565239649,0.579487860203,2.40512919426,4.43056342192e-06,2.30970890698e-05,0,0,-4.81910137751e-05,-1.15126550198,41.5203094482,42.0000314713,0,0,0,5.15301535827e-05,149451.817434
32.825,-0.00102565239649,0.579487860203,2.40512919426,4.43056342192e-06,2.30970890698e-05,0,0,-4.81910137751e-05,-1.15126550198,41.5203094482,42.0000314713,0,0,0,5.15301535827e-05,149451.817434
32.8361111111,-0.00102565239649,0.579487860203,2.40512919426,4.43056342192e-06,2.30970890698e-05,0,0,-4.81910137751e-05,-1.15126550198,41.5203094482,42.0000314713,0,0,0,5.15301535827e-05,149451.817434
32.8472222222,-0.00102565239649,0.579487860203,2.40512919426,4.43056342192e-06,2.30970890698e-05,0,0,-4.81910137751e-05,-1.15126550198,41.5203094482,42.0000314713,0,0,0,5.15301535827e-05,149451.817434
32.8583333333,-0.00102565239649,0.579487860203,2.40512919426,4.43056342192e-06,2.30970890698e-05,0,0,-4.81910137751e-05,-1.15126550198,41.5203094482,42.0000314713,0,0,0,5.15301535827e-05,149451.817434
32.8694444444,-0.00102565239649,0.579487860203,2.40512919426,4.43056342192e-06,2.30970890698e-05,0,0,-4.81910137751e-05,-1.15126550198,41.5203094482,42.0000314713,0,0,0,5.15301535827e-05,149451.817434
32.8805555556,-0.00102565239649,0.579487860203,2.40512919426,4.43056342192e-06,2.30970890698e-05,0,0,-4.81910137751e-05,-1.15126550198,41.5203094482,42.0000314713,0,0,0,5.15301535827e-05,149451.817434
32.8916666667,-0.00102565239649,0.579487860203,2.40512919426,4.43056342192e-06,2.30970890698e-05,0,0,-4.81910137751e-05,-1.15126550198,41.5203094482,42.0000314713,0,0,0,5.15301535827e-05,149451.817434
32.9027777778,-0.00102565239649,0.579487860203,2.40512919426,4.43056342192e-06,2.30970890698e-05,0,0,-4.81910137751e-05,-1.15126550198,41.5203094482,42.0000314713,0,0,0,5.15301535827e-05,149451.817434
32.9138888889,-0.00102565239649,0.579487860203,2.40512919426,4.43056342192e-06,2.30970890698e-05,0,0,-4.81910137751e-05,-1.15126550198,41.5203094482,42.0000314713,0,0,0,5.15301535827e-05,149451.817434
32.925,-0.00102565239649,0.579487860203,2.40512919426,4.43056342192e-06,2.30970890698e-05,0,0,-4.81910137751e-05,-1.15126550198,41.5203094482,42.0000314713,0,0,0,5.15301535827e-05,149451.817434
32.9361111111,-0.00102565239649,0.579487860203,2.40512919426,4.43056342192e-06,2.30970890698e-05,0,0,-4.81910137751e-05,-1.15126550198,41.5203094482,42.0000314713,0,0,0,5.15301535827e-05,149451.817434
32.9472222222,-0.00102565239649,0.579487860203,2.40512919426,4.43056342192e-06,2.30970890698e-05,0,0,-4.81910137751e-05,-1.15126550198,41.5203094482,42.0000314713,0,0,0,5.15301535827e-05,149451.817434
32.9583333333,-0.00102565239649,0.579487860203,2.40512919426,4.43056342192e-06,2.30970890698e-05,0,0,-4.81910137751e-05,-1.15126550198,41.5203094482,42.0000314713,0,0,0,5.15301535827e-05,149451.817434
32.9694444444,-0.00102565239649,0.579487860203,2.40512919426,4.43056342192e-06,2.30970890698e-05,0,0,-4.81910137751e-05,-1.15126550198,41.5203094482,42.0000314713,0,0,0,5.15301535827e-05,149451.817434
32.9805555556,-0.00102565239649,0.579487860203,2.40512919426,4.43056342192e-06,2.30970890698e-05,0,0,-4.81910137751e-05,-1.15126550198,41.5203094482,42.0000314713,0,0,0,5.15301535827e-05,149451.817434
32.9916666667,-0.00102565239649,0.579487860203,2.40512919426,4.43056342192e-06,2.30970890698e-05,0,0,-4.81910137751e-05,-1.15126550198,41.5203094482,42.0000314713,0,0,0,5.15301535827e-05,149451.817434
33.0027777778,-0.00102565239649,0.579487860203,2.40512919426,4.43056342192e-06,2.30970890698e-05,0,0,-4.81910137751e-05,-1.15126550198,41.5203094482,42.0000314713,0,0,0,5.15301535827e-05,149451.817434
33.0138888889,-0.00102565239649,0.579487860203,2.40512919426,4.43056342192e-06,2.30970890698e-05,0,0,-4.81910137751e-05,-1.15126550198,41.5203094482,42.0000314713,0,0,0,5.15301535827e-05,149451.817434
33.025,-0.00102565239649,0.579487860203,2.40512919426,4.43056342192e-06,2.30970890698e-05,0,0,-4.81910137751e-05,-1.15126550198,41.5203094482,42.0000314713,0,0,0,5.15301535827e-05,149451.817434
33.0361111111,-0.00102565239649,0.579487860203,2.40512919426,4.43056342192e-06,2.30970890698e-05,0,0,-4.81910137751e-05,-1.15126550198,41.5203094482,42.0000314713,0,0,0,5.15301535827e-05,149451.817434
33.0472222222,-0.00102565239649,0.579487860203,2.40512919426,4.43056342192e-06,2.30970890698e-05,0,0,-4.81910137751e-05,-1.15126550198,41.5203094482,42.0000314713,0,0,0,5.15301535827e-05,149451.817434
33.0583333333,-0.00102565239649,0.579487860203,2.40512919426,4.43056342192e-06,2.30970890698e-05,0,0,-4.81910137751e-05,-1.15126550198,41.5203094482,42.0000314713,0,0,0,5.15301535827e-05,149451.817434
33.0694444444,-0.00102565239649,0.579487860203,2.40512919426,4.43056342192e-06,2.30970890698e-05,0,0,-4.81910137751e-05,-1.15126550198,41.5203094482,42.0000314713,0,0,0,5.15301535827e-05,149451.817434
33.0805555556,-0.00102565239649,0.579487860203,2.40512919426,4.43056342192e-06,2.30970890698e-05,0,0,-4.81910137751e-05,-1.15126550198,41.5203094482,42.0000314713,0,0,0,5.15301535827e-05,149451.817434
33.0916666667,-0.00102565239649,0.579487860203,2.40512919426,4.43056342192e-06,2.30970890698e-05,0,0,-4.81910137751e-05,-1.15126550198,41.5203094482,42.0000314713,0,0,0,5.15301535827e-05,149451.817434
33.1027777778,-0.00102565239649,0.579487860203,2.40512919426,4.43056342192e-06,2.30970890698e-05,0,0,-4.81910137751e-05,-1.15126550198,41.5203094482,42.0000314713,0,0,0,5.15301535827e-05,149451.817434
33.1138888889,-0.00102565239649,0.579487860203,2.40512919426,4.43056342192e-06,2.30970890698e-05,0,0,-4.81910137751e-05,-1.15126550198,41.5203094482,42.0000314713,0,0,0,5.15301535827e-05,149451.817434
33.125,-0.00102565239649,0.579487860203,2.40512919426,4.43056342192e-06,2.30970890698e-05,0,0,-4.81910137751e-05,-1.15126550198,41.5203094482,42.0000314713,0,0,0,5.15301535827e-05,149451.817434
33.1361111111,-0.00102565239649,0.579487860203,2.40512919426,4.43056342192e-06,2.30970890698e-05,0,0,-4.81910137751e-05,-1.15126550198,41.5203094482,42.0000314713,0,0,0,5.15301535827e-05,149451.817434
33.1472222222,-0.00102565239649,0.579487860203,2.40512919426,4.43056342192e-06,2.30970890698e-05,0,0,-4.81910137751e-05,-1.15126550198,41.5203094482,42.0000314713,0,0,0,5.15301535827e-05,149451.817434
33.1583333333,-0.00102565239649,0.579487860203,2.40512919426,4.43056342192e-06,2.30970890698e-05,0,0,-4.81910137751e-05,-1.15126550198,41.5203094482,42.0000314713,0,0,0,5.15301535827e-05,149451.817434
33.1694444444,-0.00102565239649,0.579487860203,2.40512919426,4.43056342192e-06,2.30970890698e-05,0,0,-4.81910137751e-05,-1.15126550198,41.5203094482,42.0000314713,0,0,0,5.15301535827e-05,149451.817434
33.1805555556,-0.00102565239649,0.579487860203,2.40512919426,4.43056342192e-06,2.30970890698e-05,0,0,-4.81910137751e-05,-1.15126550198,41.5203094482,42.0000314713,0,0,0,5.15301535827e-05,149451.817434
33.1916666667,-0.00102565239649,0.579487860203,2.40512919426,4.43056342192e-06,2.30970890698e-05,0,0,-4.81910137751e-05,-1.15126550198,41.5203094482,42.0000314713,0,0,0,5.15301535827e-05,149451.817434
33.2027777778,-0.00102565239649,0.579487860203,2.40512919426,4.43056342192e-06,2.30970890698e-05,0,0,-4.81910137751e-05,-1.15126550198,41.5203094482,42.0000314713,0,0,0,5.15301535827e-05,149451.817434
33.2138888889,-0.00102565239649,0.579487860203,2.40512919426,4.43056342192e-06,2.30970890698e-05,0,0,-4.81910137751e-05,-1.15126550198,41.5203094482,42.0000314713,0,0,0,5.15301535827e-05,149451.817434
33.225,-0.00102565239649,0.579487860203,2.40512919426,4.43056342192e-06,2.30970890698e-05,0,0,-4.81910137751e-05,-1.15126550198,41.5203094482,42.0000314713,0,0,0,5.15301535827e-05,149451.817434
33.2361111111,-0.00102565239649,0.579487860203,2.40512919426,4.43056342192e-06,2.30970890698e-05,0,0,-4.81910137751e-05,-1.15126550198,41.5203094482,42.0000314713,0,0,0,5.15301535827e-05,149451.817434
33.2472222222,-0.00102565239649,0.579487860203,2.40512919426,4.43056342192e-06,2.30970890698e-05,0,0,-4.81910137751e-05,-1.15126550198,41.5203094482,42.0000314713,0,0,0,5.15301535827e-05,149451.817434
33.2583333333,-0.00102565239649,0.579487860203,2.40512919426,4.43056342192e-06,2.30970890698e-05,0,0,-4.81910137751e-05,-1.15126550198,41.5203094482,42.0000314713,0,0,0,5.15301535827e-05,149451.817434
33.2694444444,-0.00102565239649,0.579487860203,2.40512919426,4.43056342192e-06,2.30970890698e-05,0,0,-4.81910137751e-05,-1.15126550198,41.5203094482,42.0000314713,0,0,0,5.15301535827e-05,149451.817434
33.2805555556,-0.00102565239649,0.579487860203,2.40512919426,4.43056342192e-06,2.30970890698e-05,0,0,-4.81910137751e-05,-1.15126550198,41.5203094482,42.0000314713,0,0,0,5.15301535827e-05,149451.817434
33.2916666667,-0.00102565239649,0.579487860203,2.40512919426,4.43056342192e-06,2.30970890698e-05,0,0,-4.81910137751e-05,-1.15126550198,41.5203094482,42.0000314713,0,0,0,5.15301535827e-05,149451.817434
33.3027777778,-0.00102565239649,0.579487860203,2.40512919426,4.43056342192e-06,2.30970890698e-05,0,0,-4.81910137751e-05,-1.15126550198,41.5203094482,42.0000314713,0,0,0,5.15301535827e-05,149451.817434
33.3138888889,-0.00102565239649,0.579487860203,2.40512919426,4.43056342192e-06,2.30970890698e-05,0,0,-4.81910137751e-05,-1.15126550198,41.5203094482,42.0000314713,0,0,0,5.15301535827e-05,149451.817434
33.325,-0.00102565239649,0.579487860203,2.40512919426,4.43056342192e-06,2.30970890698e-05,0,0,-4.81910137751e-05,-1.15126550198,41.5203094482,42.0000314713,0,0,0,5.15301535827e-05,149451.817434
33.3361111111,-0.00102565239649,0.579487860203,2.40512919426,4.43056342192e-06,2.30970890698e-05,0,0,-4.81910137751e-05,-1.15126550198,41.5203094482,42.0000314713,0,0,0,5.15301535827e-05,149451.817434
33.3472222222,-0.00102565239649,0.579487860203,2.40512919426,4.43056342192e-06,2.30970890698e-05,0,0,-4.81910137751e-05,-1.15126550198,41.5203094482,42.0000314713,0,0,0,5.15301535827e-05,149451.817434
33.3583333333,-0.00102565239649,0.579487860203,2.40512919426,4.43056342192e-06,2.30970890698e-05,0,0,-4.81910137751e-05,-1.15126550198,41.5203094482,42.0000314713,0,0,0,5.15301535827e-05,149451.817434
33.3694444444,-0.00102565239649,0.579487860203,2.40512919426,4.43056342192e-06,2.30970890698e-05,0,0,-4.81910137751e-05,-1.15126550198,41.5203094482,42.0000314713,0,0,0,5.15301535827e-05,149451.817434
33.3805555556,-0.00102565239649,0.579487860203,2.40512919426,4.43056342192e-06,2.30970890698e-05,0,0,-4.81910137751e-05,-1.15126550198,41.5203094482,42.0000314713,0,0,0,5.15301535827e-05,149451.817434
33.3916666667,-0.00102565239649,0.579487860203,2.40512919426,4.43056342192e-06,2.30970890698e-05,0,0,-4.81910137751e-05,-1.15126550198,41.5203094482,42.0000314713,0,0,0,5.15301535827e-05,149451.817434
33.4027777778,-0.00102565239649,0.579487860203,2.40512919426,4.43056342192e-06,2.30970890698e-05,0,0,-4.81910137751e-05,-1.15126550198,41.5203094482,42.0000314713,0,0,0,5.15301535827e-05,149451.817434
33.4138888889,-0.00102565239649,0.579487860203,2.40512919426,4.43056342192e-06,2.30970890698e-05,0,0,-4.81910137751e-05,-1.15126550198,41.5203094482,42.0000314713,0,0,0,5.15301535827e-05,149451.817434
33.425,-0.00102565239649,0.579487860203,2.40512919426,4.43056342192e-06,2.30970890698e-05,0,0,-4.81910137751e-05,-1.15126550198,41.5203094482,42.0000314713,0,0,0,5.15301535827e-05,149451.817434
33.4361111111,-0.00102565239649,0.579487860203,2.40512919426,4.43056342192e-06,2.30970890698e-05,0,0,-4.81910137751e-05,-1.15126550198,41.5203094482,42.0000314713,0,0,0,5.15301535827e-05,149451.817434
33.4472222222,-0.00102565239649,0.579487860203,2.40512919426,4.43056342192e-06,2.30970890698e-05,0,0,-4.81910137751e-05,-1.15126550198,41.5203094482,42.0000314713,0,0,0,5.15301535827e-05,149451.817434
33.4583333333,-0.00102565239649,0.579487860203,2.40512919426,4.43056342192e-06,2.30970890698e-05,0,0,-4.81910137751e-05,-1.15126550198,41.5203094482,42.0000314713,0,0,0,5.15301535827e-05,149451.817434
33.4694444444,-0.00102565239649,0.579487860203,2.40512919426,4.43056342192e-06,2.30970890698e-05,0,0,-4.81910137751e-05,-1.15126550198,41.5203094482,42.0000314713,0,0,0,5.15301535827e-05,149451.817434
33.4805555556,-0.00102565239649,0.579487860203,2.40512919426,4.43056342192e-06,2.30970890698e-05,0,0,-4.81910137751e-05,-1.15126550198,41.5203094482,42.0000314713,0,0,0,5.15301535827e-05,149451.817434
33.4916666667,-0.00102565239649,0.579487860203,2.40512919426,4.43056342192e-06,2.30970890698e-05,0,0,-4.81910137751e-05,-1.15126550198,41.5203094482,42.0000314713,0,0,0,5.15301535827e-05,149451.817434
33.5027777778,-0.00102565239649,0.579487860203,2.40512919426,4.43056342192e-06,2.30970890698e-05,0,0,-4.81910137751e-05,-1.15126550198,41.5203094482,42.0000314713,0,0,0,5.15301535827e-05,149451.817434
33.5138888889,-0.00102565239649,0.579487860203,2.40512919426,4.43056342192e-06,2.30970890698e-05,0,0,-4.81910137751e-05,-1.15126550198,41.5203094482,42.0000314713,0,0,0,5.15301535827e-05,149451.817434
33.525,-0.00102565239649,0.579487860203,2.40512919426,4.43056342192e-06,2.30970890698e-05,0,0,-4.81910137751e-05,-1.15126550198,41.5203094482,42.0000314713,0,0,0,5.15301535827e-05,149451.817434
33.5361111111,-0.00102565239649,0.579487860203,2.40512919426,4.43056342192e-06,2.30970890698e-05,0,0,-4.81910137751e-05,-1.15126550198,41.5203094482,42.0000314713,0,0,0,5.15301535827e-05,149451.817434
33.5472222222,-0.00102565239649,0.579487860203,2.40512919426,4.43056342192e-06,2.30970890698e-05,0,0,-4.81910137751e-05,-1.15126550198,41.5203094482,42.0000314713,0,0,0,5.15301535827e-05,149451.817434
33.5583333333,-0.00102565239649,0.579487860203,2.40512919426,4.43056342192e-06,2.30970890698e-05,0,0,-4.81910137751e-05,-1.15126550198,41.5203094482,42.0000314713,0,0,0,5.15301535827e-05,149451.817434
33.5694444444,-0.00102565239649,0.579487860203,2.40512919426,4.43056342192e-06,2.30970890698e-05,0,0,-4.81910137751e-05,-1.15126550198,41.5203094482,42.0000314713,0,0,0,5.15301535827e-05,149451.817434
33.5805555556,-0.00102565239649,0.579487860203,2.40512919426,4.43056342192e-06,2.30970890698e-05,0,0,-4.81910137751e-05,-1.15126550198,41.5203094482,42.0000314713,0,0,0,5.15301535827e-05,149451.817434
33.5916666667,-0.00102565239649,0.579487860203,2.40512919426,4.43056342192e-06,2.30970890698e-05,0,0,-4.81910137751e-05,-1.15126550198,41.5203094482,42.0000314713,0,0,0,5.15301535827e-05,149451.817434
33.6027777778,-0.00102565239649,0.579487860203,2.40512919426,4.43056342192e-06,2.30970890698e-05,0,0,-4.81910137751e-05,-1.15126550198,41.5203094482,42.0000314713,0,0,0,5.15301535827e-05,149451.817434
33.6138888889,-0.00102565239649,0.579487860203,2.40512919426,4.43056342192e-06,2.30970890698e-05,0,0,-4.81910137751e-05,-1.15126550198,41.5203094482,42.0000314713,0,0,0,5.15301535827e-05,149451.817434
33.625,-0.00102565239649,0.579487860203,2.40512919426,4.43056342192e-06,2.30970890698e-05,0,0,-4.81910137751e-05,-1.15126550198,41.5203094482,42.0000314713,0,0,0,5.15301535827e-05,149451.817434
33.6361111111,-0.00102565239649,0.579487860203,2.40512919426,4.43056342192e-06,2.30970890698e-05,0,0,-4.81910137751e-05,-1.15126550198,41.5203094482,42.0000314713,0,0,0,5.15301535827e-05,149451.817434
33.6472222222,-0.00102565239649,0.579487860203,2.40512919426,4.43056342192e-06,2.30970890698e-05,0,0,-4.81910137751e-05,-1.15126550198,41.5203094482,42.0000314713,0,0,0,5.15301535827e-05,149451.817434
33.6583333333,-0.00102565239649,0.579487860203,2.40512919426,4.43056342192e-06,2.30970890698e-05,0,0,-4.81910137751e-05,-1.15126550198,41.5203094482,42.0000314713,0,0,0,5.15301535827e-05,149451.817434
33.6694444444,-0.00102565239649,0.579487860203,2.40512919426,4.43056342192e-06,2.30970890698e-05,0,0,-4.81910137751e-05,-1.15126550198,41.5203094482,42.0000314713,0,0,0,5.15301535827e-05,149451.817434
33.6805555556,-0.00102565239649,0.579487860203,2.40512919426,4.43056342192e-06,2.30970890698e-05,0,0,-4.81910137751e-05,-1.15126550198,41.5203094482,42.0000314713,0,0,0,5.15301535827e-05,149451.817434
33.6916666667,-0.00102565239649,0.579487860203,2.40512919426,4.43056342192e-06,2.30970890698e-05,0,0,-4.81910137751e-05,-1.15126550198,41.5203094482,42.0000314713,0,0,0,5.15301535827e-05,149451.817434
33.7027777778,-0.00102565239649,0.579487860203,2.40512919426,4.43056342192e-06,2.30970890698e-05,0,0,-4.81910137751e-05,-1.15126550198,41.5203094482,42.0000314713,0,0,0,5.15301535827e-05,149451.817434
33.7138888889,-0.00102565239649,0.579487860203,2.40512919426,4.43056342192e-06,2.30970890698e-05,0,0,-4.81910137751e-05,-1.15126550198,41.5203094482,42.0000314713,0,0,0,5.15301535827e-05,149451.817434
33.725,-0.00102565239649,0.579487860203,2.40512919426,4.43056342192e-06,2.30970890698e-05,0,0,-4.81910137751e-05,-1.15126550198,41.5203094482,42.0000314713,0,0,0,5.15301535827e-05,149451.817434
33.7361111111,-0.00102565239649,0.579487860203,2.40512919426,4.43056342192e-06,2.30970890698e-05,0,0,-4.81910137751e-05,-1.15126550198,41.5203094482,42.0000314713,0,0,0,5.15301535827e-05,149451.817434
33.7472222222,-0.00102565239649,0.579487860203,2.40512919426,4.43056342192e-06,2.30970890698e-05,0,0,-4.81910137751e-05,-1.15126550198,41.5203094482,42.0000314713,0,0,0,5.15301535827e-05,149451.817434
33.7583333333,-0.00102565239649,0.579487860203,2.40512919426,4.43056342192e-06,2.30970890698e-05,0,0,-4.81910137751e-05,-1.15126550198,41.5203094482,42.0000314713,0,0,0,5.15301535827e-05,149451.817434
33.7694444444,-0.00102565239649,0.579487860203,2.40512919426,4.43056342192e-06,2.30970890698e-05,0,0,-4.81910137751e-05,-1.15126550198,41.5203094482,42.0000314713,0,0,0,5.15301535827e-05,149451.817434
33.7805555556,-0.00102565239649,0.579487860203,2.40512919426,4.43056342192e-06,2.30970890698e-05,0,0,-4.81910137751e-05,-1.15126550198,41.5203094482,42.0000314713,0,0,0,5.15301535827e-05,149451.817434
33.7916666667,-0.00102565239649,0.579487860203,2.40512919426,4.43056342192e-06,2.30970890698e-05,0,0,-4.81910137751e-05,-1.15126550198,41.5203094482,42.0000314713,0,0,0,5.15301535827e-05,149451.817434
33.8027777778,-0.00102565239649,0.579487860203,2.40512919426,4.43056342192e-06,2.30970890698e-05,0,0,-4.81910137751e-05,-1.15126550198,41.5203094482,42.0000314713,0,0,0,5.15301535827e-05,149451.817434
33.8138888889,-0.00102565239649,0.579487860203,2.40512919426,4.43056342192e-06,2.30970890698e-05,0,0,-4.81910137751e-05,-1.15126550198,41.5203094482,42.0000314713,0,0,0,5.15301535827e-05,149451.817434
33.825,-0.00102565239649,0.579487860203,2.40512919426,4.43056342192e-06,2.30970890698e-05,0,0,-4.81910137751e-05,-1.15126550198,41.5203094482,42.0000314713,0,0,0,5.15301535827e-05,149451.817434
33.8361111111,-0.00102565239649,0.579487860203,2.40512919426,4.43056342192e-06,2.30970890698e-05,0,0,-4.81910137751e-05,-1.15126550198,41.5203094482,42.0000314713,0,0,0,5.15301535827e-05,149451.817434
33.8472222222,-0.00102565239649,0.579487860203,2.40512919426,4.43056342192e-06,2.30970890698e-05,0,0,-4.81910137751e-05,-1.15126550198,41.5203094482,42.0000314713,0,0,0,5.15301535827e-05,149451.817434
33.8583333333,-0.00102565239649,0.579487860203,2.40512919426,4.43056342192e-06,2.30970890698e-05,0,0,-4.81910137751e-05,-1.15126550198,41.5203094482,42.0000314713,0,0,0,5.15301535827e-05,149451.817434
33.8694444444,-0.00102565239649,0.579487860203,2.40512919426,4.43056342192e-06,2.30970890698e-05,0,0,-4.81910137751e-05,-1.15126550198,41.5203094482,42.0000314713,0,0,0,5.15301535827e-05,149451.817434
33.8805555556,-0.00102565239649,0.579487860203,2.40512919426,4.43056342192e-06,2.30970890698e-05,0,0,-4.81910137751e-05,-1.15126550198,41.5203094482,42.0000314713,0,0,0,5.15301535827e-05,149451.817434
33.8916666667,-0.00102565239649,0.579487860203,2.40512919426,4.43056342192e-06,2.30970890698e-05,0,0,-4.81910137751e-05,-1.15126550198,41.5203094482,42.0000314713,0,0,0,5.15301535827e-05,149451.817434
33.9027777778,-0.00102565239649,0.579487860203,2.40512919426,4.43056342192e-06,2.30970890698e-05,0,0,-4.81910137751e-05,-1.15126550198,41.5203094482,42.0000314713,0,0,0,5.15301535827e-05,149451.817434
33.9138888889,-0.00102565239649,0.579487860203,2.40512919426,4.43056342192e-06,2.30970890698e-05,0,0,-4.81910137751e-05,-1.15126550198,41.5203094482,42.0000314713,0,0,0,5.15301535827e-05,149451.817434
33.925,-0.00102565239649,0.579487860203,2.40512919426,4.43056342192e-06,2.30970890698e-05,0,0,-4.81910137751e-05,-1.15126550198,41.5203094482,42.0000314713,0,0,0,5.15301535827e-05,149451.817434
33.9361111111,-0.00102565239649,0.579487860203,2.40512919426,4.43056342192e-06,2.30970890698e-05,0,0,-4.81910137751e-05,-1.15126550198,41.5203094482,42.0000314713,0,0,0,5.15301535827e-05,149451.817434
33.9472222222,-0.00102565239649,0.579487860203,2.40512919426,4.43056342192e-06,2.30970890698e-05,0,0,-4.81910137751e-05,-1.15126550198,41.5203094482,42.0000314713,0,0,0,5.15301535827e-05,149451.817434
33.9583333333,-0.00102565239649,0.579487860203,2.40512919426,4.43056342192e-06,2.30970890698e-05,0,0,-4.81910137751e-05,-1.15126550198,41.5203094482,42.0000314713,0,0,0,5.15301535827e-05,149451.817434
33.9694444444,-0.00102565239649,0.579487860203,2.40512919426,4.43056342192e-06,2.30970890698e-05,0,0,-4.81910137751e-05,-1.15126550198,41.5203094482,42.0000314713,0,0,0,5.15301535827e-05,149451.817434
33.9805555556,-0.00102565239649,0.579487860203,2.40512919426,4.43056342192e-06,2.30970890698e-05,0,0,-4.81910137751e-05,-1.15126550198,41.5203094482,42.0000314713,0,0,0,5.15301535827e-05,149451.817434
33.9916666667,-0.00102565239649,0.579487860203,2.40512919426,4.43056342192e-06,2.30970890698e-05,0,0,-4.81910137751e-05,-1.15126550198,41.5203094482,42.0000314713,0,0,0,5.15301535827e-05,149451.817434
34.0027777778,-0.00102565239649,0.579487860203,2.40512919426,4.43056342192e-06,2.30970890698e-05,0,0,-4.81910137751e-05,-1.15126550198,41.5203094482,42.0000314713,0,0,0,5.15301535827e-05,149451.817434
34.0138888889,-0.00102565239649,0.579487860203,2.40512919426,4.43056342192e-06,2.30970890698e-05,0,0,-4.81910137751e-05,-1.15126550198,41.5203094482,42.0000314713,0,0,0,5.15301535827e-05,149451.817434
34.025,-0.00102565239649,0.579487860203,2.40512919426,4.43056342192e-06,2.30970890698e-05,0,0,-4.81910137751e-05,-1.15126550198,41.5203094482,42.0000314713,0,0,0,5.15301535827e-05,149451.817434
34.0361111111,-0.00102565239649,0.579487860203,2.40512919426,4.43056342192e-06,2.30970890698e-05,0,0,-4.81910137751e-05,-1.15126550198,41.5203094482,42.0000314713,0,0,0,5.15301535827e-05,149451.817434
34.0472222222,-0.00102565239649,0.579487860203,2.40512919426,4.43056342192e-06,2.30970890698e-05,0,0,-4.81910137751e-05,-1.15126550198,41.5203094482,42.0000314713,0,0,0,5.15301535827e-05,149451.817434
34.0583333333,-0.00102565239649,0.579487860203,2.40512919426,4.43056342192e-06,2.30970890698e-05,0,0,-4.81910137751e-05,-1.15126550198,41.5203094482,42.0000314713,0,0,0,5.15301535827e-05,149451.817434
34.0694444444,-0.00102565239649,0.579487860203,2.40512919426,4.43056342192e-06,2.30970890698e-05,0,0,-4.81910137751e-05,-1.15126550198,41.5203094482,42.0000314713,0,0,0,5.15301535827e-05,149451.817434
34.0805555556,-0.00102565239649,0.579487860203,2.40512919426,4.43056342192e-06,2.30970890698e-05,0,0,-4.81910137751e-05,-1.15126550198,41.5203094482,42.0000314713,0,0,0,5.15301535827e-05,149451.817434
34.0916666667,-0.00102565239649,0.579487860203,2.40512919426,4.43056342192e-06,2.30970890698e-05,0,0,-4.81910137751e-05,-1.15126550198,41.5203094482,42.0000314713,0,0,0,5.15301535827e-05,149451.817434
34.1027777778,-0.00102565239649,0.579487860203,2.40512919426,4.43056342192e-06,2.30970890698e-05,0,0,-4.81910137751e-05,-1.15126550198,41.5203094482,42.0000314713,0,0,0,5.15301535827e-05,149451.817434
34.1138888889,-0.00102565239649,0.579487860203,2.40512919426,4.43056342192e-06,2.30970890698e-05,0,0,-4.81910137751e-05,-1.15126550198,41.5203094482,42.0000314713,0,0,0,5.15301535827e-05,149451.817434
34.125,-0.00102565239649,0.579487860203,2.40512919426,4.43056342192e-06,2.30970890698e-05,0,0,-4.81910137751e-05,-1.15126550198,41.5203094482,42.0000314713,0,0,0,5.15301535827e-05,149451.817434
34.1361111111,-0.00102565239649,0.579487860203,2.40512919426,4.43056342192e-06,2.30970890698e-05,0,0,-4.81910137751e-05,-1.15126550198,41.5203094482,42.0000314713,0,0,0,5.15301535827e-05,149451.817434
34.1472222222,-0.00102565239649,0.579487860203,2.40512919426,4.43056342192e-06,2.30970890698e-05,0,0,-4.81910137751e-05,-1.15126550198,41.5203094482,42.0000314713,0,0,0,5.15301535827e-05,149451.817434
34.1583333333,-0.00102565239649,0.579487860203,2.40512919426,4.43056342192e-06,2.30970890698e-05,0,0,-4.81910137751e-05,-1.15126550198,41.5203094482,42.0000314713,0,0,0,5.15301535827e-05,149451.817434
34.1694444444,-0.00102565239649,0.579487860203,2.40512919426,4.43056342192e-06,2.30970890698e-05,0,0,-4.81910137751e-05,-1.15126550198,41.5203094482,42.0000314713,0,0,0,5.15301535827e-05,149451.817434
34.1805555556,-0.00102565239649,0.579487860203,2.40512919426,4.43056342192e-06,2.30970890698e-05,0,0,-4.81910137751e-05,-1.15126550198,41.5203094482,42.0000314713,0,0,0,5.15301535827e-05,149451.817434
34.1916666667,-0.00102565239649,0.579487860203,2.40512919426,4.43056342192e-06,2.30970890698e-05,0,0,-4.81910137751e-05,-1.15126550198,41.5203094482,42.0000314713,0,0,0,5.15301535827e-05,149451.817434
34.2027777778,-0.00102565239649,0.579487860203,2.40512919426,4.43056342192e-06,2.30970890698e-05,0,0,-4.81910137751e-05,-1.15126550198,41.5203094482,42.0000314713,0,0,0,5.15301535827e-05,149451.817434
34.2138888889,-0.00102565239649,0.579487860203,2.40512919426,4.43056342192e-06,2.30970890698e-05,0,0,-4.81910137751e-05,-1.15126550198,41.5203094482,42.0000314713,0,0,0,5.15301535827e-05,149451.817434
34.225,-0.00102565239649,0.579487860203,2.40512919426,4.43056342192e-06,2.30970890698e-05,0,0,-4.81910137751e-05,-1.15126550198,41.5203094482,42.0000314713,0,0,0,5.15301535827e-05,149451.817434
34.2361111111,-0.00102565239649,0.579487860203,2.40512919426,4.43056342192e-06,2.30970890698e-05,0,0,-4.81910137751e-05,-1.15126550198,41.5203094482,42.0000314713,0,0,0,5.15301535827e-05,149451.817434
34.2472222222,-0.00102565239649,0.579487860203,2.40512919426,4.43056342192e-06,2.30970890698e-05,0,0,-4.81910137751e-05,-1.15126550198,41.5203094482,42.0000314713,0,0,0,5.15301535827e-05,149451.817434
34.2583333333,-0.00102565239649,0.579487860203,2.40512919426,4.43056342192e-06,2.30970890698e-05,0,0,-4.81910137751e-05,-1.15126550198,41.5203094482,42.0000314713,0,0,0,5.15301535827e-05,149451.817434
34.2694444444,-0.00102565239649,0.579487860203,2.40512919426,4.43056342192e-06,2.30970890698e-05,0,0,-4.81910137751e-05,-1.15126550198,41.5203094482,42.0000314713,0,0,0,5.15301535827e-05,149451.817434
34.2805555556,-0.00102565239649,0.579487860203,2.40512919426,4.43056342192e-06,2.30970890698e-05,0,0,-4.81910137751e-05,-1.15126550198,41.5203094482,42.0000314713,0,0,0,5.15301535827e-05,149451.817434
34.2916666667,-0.00102565239649,0.579487860203,2.40512919426,4.43056342192e-06,2.30970890698e-05,0,0,-4.81910137751e-05,-1.15126550198,41.5203094482,42.0000314713,0,0,0,5.15301535827e-05,149451.817434
34.3027777778,-0.00102565239649,0.579487860203,2.40512919426,4.43056342192e-06,2.30970890698e-05,0,0,-4.81910137751e-05,-1.15126550198,41.5203094482,42.0000314713,0,0,0,5.15301535827e-05,149451.817434
34.3138888889,-0.00102565239649,0.579487860203,2.40512919426,4.43056342192e-06,2.30970890698e-05,0,0,-4.81910137751e-05,-1.15126550198,41.5203094482,42.0000314713,0,0,0,5.15301535827e-05,149451.817434
34.325,-0.00102565239649,0.579487860203,2.40512919426,4.43056342192e-06,2.30970890698e-05,0,0,-4.81910137751e-05,-1.15126550198,41.5203094482,42.0000314713,0,0,0,5.15301535827e-05,149451.817434
34.3361111111,-0.00102565239649,0.579487860203,2.40512919426,4.43056342192e-06,2.30970890698e-05,0,0,-4.81910137751e-05,-1.15126550198,41.5203094482,42.0000314713,0,0,0,5.15301535827e-05,149451.817434
34.3472222222,-0.00102565239649,0.579487860203,2.40512919426,4.43056342192e-06,2.30970890698e-05,0,0,-4.81910137751e-05,-1.15126550198,41.5203094482,42.0000314713,0,0,0,5.15301535827e-05,149451.817434
34.3583333333,-0.00102565239649,0.579487860203,2.40512919426,4.43056342192e-06,2.30970890698e-05,0,0,-4.81910137751e-05,-1.15126550198,41.5203094482,42.0000314713,0,0,0,5.15301535827e-05,149451.817434
34.3694444444,-0.00102565239649,0.579487860203,2.40512919426,4.43056342192e-06,2.30970890698e-05,0,0,-4.81910137751e-05,-1.15126550198,41.5203094482,42.0000314713,0,0,0,5.15301535827e-05,149451.817434
34.3805555556,-0.00102565239649,0.579487860203,2.40512919426,4.43056342192e-06,2.30970890698e-05,0,0,-4.81910137751e-05,-1.15126550198,41.5203094482,42.0000314713,0,0,0,5.15301535827e-05,149451.817434
34.3916666667,-0.00102565239649,0.579487860203,2.40512919426,4.43056342192e-06,2.30970890698e-05,0,0,-4.81910137751e-05,-1.15126550198,41.5203094482,42.0000314713,0,0,0,5.15301535827e-05,149451.817434
34.4027777778,-0.00102565239649,0.579487860203,2.40512919426,4.43056342192e-06,2.30970890698e-05,0,0,-4.81910137751e-05,-1.15126550198,41.5203094482,42.0000314713,0,0,0,5.15301535827e-05,149451.817434
34.4138888889,-0.00102565239649,0.579487860203,2.40512919426,4.43056342192e-06,2.30970890698e-05,0,0,-4.81910137751e-05,-1.15126550198,41.5203094482,42.0000314713,0,0,0,5.15301535827e-05,149451.817434
34.425,-0.00102565239649,0.579487860203,2.40512919426,4.43056342192e-06,2.30970890698e-05,0,0,-4.81910137751e-05,-1.15126550198,41.5203094482,42.0000314713,0,0,0,5.15301535827e-05,149451.817434
34.4361111111,-0.00102565239649,0.579487860203,2.40512919426,4.43056342192e-06,2.30970890698e-05,0,0,-4.81910137751e-05,-1.15126550198,41.5203094482,42.0000314713,0,0,0,5.15301535827e-05,149451.817434
34.4472222222,-0.00102565239649,0.579487860203,2.40512919426,4.43056342192e-06,2.30970890698e-05,0,0,-4.81910137751e-05,-1.15126550198,41.5203094482,42.0000314713,0,0,0,5.15301535827e-05,149451.817434
34.4583333333,-0.00102565239649,0.579487860203,2.40512919426,4.43056342192e-06,2.30970890698e-05,0,0,-4.81910137751e-05,-1.15126550198,41.5203094482,42.0000314713,0,0,0,5.15301535827e-05,149451.817434
34.4694444444,-0.00102565239649,0.579487860203,2.40512919426,4.43056342192e-06,2.30970890698e-05,0,0,-4.81910137751e-05,-1.15126550198,41.5203094482,42.0000314713,0,0,0,5.15301535827e-05,149451.817434
34.4805555556,-0.00102565239649,0.579487860203,2.40512919426,4.43056342192e-06,2.30970890698e-05,0,0,-4.81910137751e-05,-1.15126550198,41.5203094482,42.0000314713,0,0,0,5.15301535827e-05,149451.817434
34.4916666667,-0.00102565239649,0.579487860203,2.40512919426,4.43056342192e-06,2.30970890698e-05,0,0,-4.81910137751e-05,-1.15126550198,41.5203094482,42.0000314713,0,0,0,5.15301535827e-05,149451.817434
34.5027777778,-0.00102565239649,0.579487860203,2.40512919426,4.43056342192e-06,2.30970890698e-05,0,0,-4.81910137751e-05,-1.15126550198,41.5203094482,42.0000314713,0,0,0,5.15301535827e-05,149451.817434
34.5138888889,-0.00102565239649,0.579487860203,2.40512919426,4.43056342192e-06,2.30970890698e-05,0,0,-4.81910137751e-05,-1.15126550198,41.5203094482,42.0000314713,0,0,0,5.15301535827e-05,149451.817434
34.525,-0.00102565239649,0.579487860203,2.40512919426,4.43056342192e-06,2.30970890698e-05,0,0,-4.81910137751e-05,-1.15126550198,41.5203094482,42.0000314713,0,0,0,5.15301535827e-05,149451.817434
34.5361111111,-0.00102565239649,0.579487860203,2.40512919426,4.43056342192e-06,2.30970890698e-05,0,0,-4.81910137751e-05,-1.15126550198,41.5203094482,42.0000314713,0,0,0,5.15301535827e-05,149451.817434
34.5472222222,-0.00102565239649,0.579487860203,2.40512919426,4.43056342192e-06,2.30970890698e-05,0,0,-4.81910137751e-05,-1.15126550198,41.5203094482,42.0000314713,0,0,0,5.15301535827e-05,149451.817434
34.5583333333,-0.00102565239649,0.579487860203,2.40512919426,4.43056342192e-06,2.30970890698e-05,0,0,-4.81910137751e-05,-1.15126550198,41.5203094482,42.0000314713,0,0,0,5.15301535827e-05,149451.817434
34.5694444444,-0.00102565239649,0.579487860203,2.40512919426,4.43056342192e-06,2.30970890698e-05,0,0,-4.81910137751e-05,-1.15126550198,41.5203094482,42.0000314713,0,0,0,5.15301535827e-05,149451.817434
34.5805555556,-0.00102565239649,0.579487860203,2.40512919426,4.43056342192e-06,2.30970890698e-05,0,0,-4.81910137751e-05,-1.15126550198,41.5203094482,42.0000314713,0,0,0,5.15301535827e-05,149451.817434
34.5916666667,-0.00102565239649,0.579487860203,2.40512919426,4.43056342192e-06,2.30970890698e-05,0,0,-4.81910137751e-05,-1.15126550198,41.5203094482,42.0000314713,0,0,0,5.15301535827e-05,149451.817434
34.6027777778,-0.00102565239649,0.579487860203,2.40512919426,4.43056342192e-06,2.30970890698e-05,0,0,-4.81910137751e-05,-1.15126550198,41.5203094482,42.0000314713,0,0,0,5.15301535827e-05,149451.817434
34.6138888889,-0.00102565239649,0.579487860203,2.40512919426,4.43056342192e-06,2.30970890698e-05,0,0,-4.81910137751e-05,-1.15126550198,41.5203094482,42.0000314713,0,0,0,5.15301535827e-05,149451.817434
34.625,-0.00102565239649,0.579487860203,2.40512919426,4.43056342192e-06,2.30970890698e-05,0,0,-4.81910137751e-05,-1.15126550198,41.5203094482,42.0000314713,0,0,0,5.15301535827e-05,149451.817434
34.6361111111,-0.00102565239649,0.579487860203,2.40512919426,4.43056342192e-06,2.30970890698e-05,0,0,-4.81910137751e-05,-1.15126550198,41.5203094482,42.0000314713,0,0,0,5.15301535827e-05,149451.817434
34.6472222222,-0.00102565239649,0.579487860203,2.40512919426,4.43056342192e-06,2.30970890698e-05,0,0,-4.81910137751e-05,-1.15126550198,41.5203094482,42.0000314713,0,0,0,5.15301535827e-05,149451.817434
34.6583333333,-0.00102565239649,0.579487860203,2.40512919426,4.43056342192e-06,2.30970890698e-05,0,0,-4.81910137751e-05,-1.15126550198,41.5203094482,42.0000314713,0,0,0,5.15301535827e-05,149451.817434
34.6694444444,-0.00102565239649,0.579487860203,2.40512919426,4.43056342192e-06,2.30970890698e-05,0,0,-4.81910137751e-05,-1.15126550198,41.5203094482,42.0000314713,0,0,0,5.15301535827e-05,149451.817434
34.6805555556,-0.00102565239649,0.579487860203,2.40512919426,4.43056342192e-06,2.30970890698e-05,0,0,-4.81910137751e-05,-1.15126550198,41.5203094482,42.0000314713,0,0,0,5.15301535827e-05,149451.817434
34.6916666667,-0.00102565239649,0.579487860203,2.40512919426,4.43056342192e-06,2.30970890698e-05,0,0,-4.81910137751e-05,-1.15126550198,41.5203094482,42.0000314713,0,0,0,5.15301535827e-05,149451.817434
34.7027777778,-0.00102565239649,0.579487860203,2.40512919426,4.43056342192e-06,2.30970890698e-05,0,0,-4.81910137751e-05,-1.15126550198,41.5203094482,42.0000314713,0,0,0,5.15301535827e-05,149451.817434
34.7138888889,-0.00102565239649,0.579487860203,2.40512919426,4.43056342192e-06,2.30970890698e-05,0,0,-4.81910137751e-05,-1.15126550198,41.5203094482,42.0000314713,0,0,0,5.15301535827e-05,149451.817434
34.725,-0.00102565239649,0.579487860203,2.40512919426,4.43056342192e-06,2.30970890698e-05,0,0,-4.81910137751e-05,-1.15126550198,41.5203094482,42.0000314713,0,0,0,5.15301535827e-05,149451.817434
34.7361111111,-0.00102565239649,0.579487860203,2.40512919426,4.43056342192e-06,2.30970890698e-05,0,0,-4.81910137751e-05,-1.15126550198,41.5203094482,42.0000314713,0,0,0,5.15301535827e-05,149451.817434
34.7472222222,-0.00102565239649,0.579487860203,2.40512919426,4.43056342192e-06,2.30970890698e-05,0,0,-4.81910137751e-05,-1.15126550198,41.5203094482,42.0000314713,0,0,0,5.15301535827e-05,149451.817434
34.7583333333,-0.00102565239649,0.579487860203,2.40512919426,4.43056342192e-06,2.30970890698e-05,0,0,-4.81910137751e-05,-1.15126550198,41.5203094482,42.0000314713,0,0,0,5.15301535827e-05,149451.817434
34.7694444444,-0.00102565239649,0.579487860203,2.40512919426,4.43056342192e-06,2.30970890698e-05,0,0,-4.81910137751e-05,-1.15126550198,41.5203094482,42.0000314713,0,0,0,5.15301535827e-05,149451.817434
34.7805555556,-0.00102565239649,0.579487860203,2.40512919426,4.43056342192e-06,2.30970890698e-05,0,0,-4.81910137751e-05,-1.15126550198,41.5203094482,42.0000314713,0,0,0,5.15301535827e-05,149451.817434
34.7916666667,-0.00102565239649,0.579487860203,2.40512919426,4.43056342192e-06,2.30970890698e-05,0,0,-4.81910137751e-05,-1.15126550198,41.5203094482,42.0000314713,0,0,0,5.15301535827e-05,149451.817434
34.8027777778,-0.00102565239649,0.579487860203,2.40512919426,4.43056342192e-06,2.30970890698e-05,0,0,-4.81910137751e-05,-1.15126550198,41.5203094482,42.0000314713,0,0,0,5.15301535827e-05,149451.817434
34.8138888889,-0.00102565239649,0.579487860203,2.40512919426,4.43056342192e-06,2.30970890698e-05,0,0,-4.81910137751e-05,-1.15126550198,41.5203094482,42.0000314713,0,0,0,5.15301535827e-05,149451.817434
34.825,-0.00102565239649,0.579487860203,2.40512919426,4.43056342192e-06,2.30970890698e-05,0,0,-4.81910137751e-05,-1.15126550198,41.5203094482,42.0000314713,0,0,0,5.15301535827e-05,149451.817434
34.8361111111,-0.00102565239649,0.579487860203,2.40512919426,4.43056342192e-06,2.30970890698e-05,0,0,-4.81910137751e-05,-1.15126550198,41.5203094482,42.0000314713,0,0,0,5.15301535827e-05,149451.817434
34.8472222222,-0.00102565239649,0.579487860203,2.40512919426,4.43056342192e-06,2.30970890698e-05,0,0,-4.81910137751e-05,-1.15126550198,41.5203094482,42.0000314713,0,0,0,5.15301535827e-05,149451.817434
34.8583333333,-0.00102565239649,0.579487860203,2.40512919426,4.43056342192e-06,2.30970890698e-05,0,0,-4.81910137751e-05,-1.15126550198,41.5203094482,42.0000314713,0,0,0,5.15301535827e-05,149451.817434
34.8694444444,-0.00102565239649,0.579487860203,2.40512919426,4.43056342192e-06,2.30970890698e-05,0,0,-4.81910137751e-05,-1.15126550198,41.5203094482,42.0000314713,0,0,0,5.15301535827e-05,149451.817434
34.8805555556,-0.00102565239649,0.579487860203,2.40512919426,4.43056342192e-06,2.30970890698e-05,0,0,-4.81910137751e-05,-1.15126550198,41.5203094482,42.0000314713,0,0,0,5.15301535827e-05,149451.817434
34.8916666667,-0.00102565239649,0.579487860203,2.40512919426,4.43056342192e-06,2.30970890698e-05,0,0,-4.81910137751e-05,-1.15126550198,41.5203094482,42.0000314713,0,0,0,5.15301535827e-05,149451.817434
34.9027777778,-0.00102565239649,0.579487860203,2.40512919426,4.43056342192e-06,2.30970890698e-05,0,0,-4.81910137751e-05,-1.15126550198,41.5203094482,42.0000314713,0,0,0,5.15301535827e-05,149451.817434
34.9138888889,-0.00102565239649,0.579487860203,2.40512919426,4.43056342192e-06,2.30970890698e-05,0,0,-4.81910137751e-05,-1.15126550198,41.5203094482,42.0000314713,0,0,0,5.15301535827e-05,149451.817434
34.925,-0.00102565239649,0.579487860203,2.40512919426,4.43056342192e-06,2.30970890698e-05,0,0,-4.81910137751e-05,-1.15126550198,41.5203094482,42.0000314713,0,0,0,5.15301535827e-05,149451.817434
34.9361111111,-0.00102565239649,0.579487860203,2.40512919426,4.43056342192e-06,2.30970890698e-05,0,0,-4.81910137751e-05,-1.15126550198,41.5203094482,42.0000314713,0,0,0,5.15301535827e-05,149451.817434
34.9472222222,-0.00102565239649,0.579487860203,2.40512919426,4.43056342192e-06,2.30970890698e-05,0,0,-4.81910137751e-05,-1.15126550198,41.5203094482,42.0000314713,0,0,0,5.15301535827e-05,149451.817434
34.9583333333,-0.00102565239649,0.579487860203,2.40512919426,4.43056342192e-06,2.30970890698e-05,0,0,-4.81910137751e-05,-1.15126550198,41.5203094482,42.0000314713,0,0,0,5.15301535827e-05,149451.817434
34.9694444444,-0.00102565239649,0.579487860203,2.40512919426,4.43056342192e-06,2.30970890698e-05,0,0,-4.81910137751e-05,-1.15126550198,41.5203094482,42.0000314713,0,0,0,5.15301535827e-05,149451.817434
34.9805555556,-0.00102565239649,0.579487860203,2.40512919426,4.43056342192e-06,2.30970890698e-05,0,0,-4.81910137751e-05,-1.15126550198,41.5203094482,42.0000314713,0,0,0,5.15301535827e-05,149451.817434
34.9916666667,-0.00102565239649,0.579487860203,2.40512919426,4.43056342192e-06,2.30970890698e-05,0,0,-4.81910137751e-05,-1.15126550198,41.5203094482,42.0000314713,0,0,0,5.15301535827e-05,149451.817434
35.0027777778,-0.00102565239649,0.579487860203,2.40512919426,4.43056342192e-06,2.30970890698e-05,0,0,-4.81910137751e-05,-1.15126550198,41.5203094482,42.0000314713,0,0,0,5.15301535827e-05,149451.817434
35.0138888889,-0.00102565239649,0.579487860203,2.40512919426,4.43056342192e-06,2.30970890698e-05,0,0,-4.81910137751e-05,-1.15126550198,41.5203094482,42.0000314713,0,0,0,5.15301535827e-05,149451.817434
35.025,-0.00102565239649,0.579487860203,2.40512919426,4.43056342192e-06,2.30970890698e-05,0,0,-4.81910137751e-05,-1.15126550198,41.5203094482,42.0000314713,0,0,0,5.15301535827e-05,149451.817434
35.0361111111,-0.00102565239649,0.579487860203,2.40512919426,4.43056342192e-06,2.30970890698e-05,0,0,-4.81910137751e-05,-1.15126550198,41.5203094482,42.0000314713,0,0,0,5.15301535827e-05,149451.817434
35.0472222222,-0.00102565239649,0.579487860203,2.40512919426,4.43056342192e-06,2.30970890698e-05,0,0,-4.81910137751e-05,-1.15126550198,41.5203094482,42.0000314713,0,0,0,5.15301535827e-05,149451.817434
35.0583333333,-0.00102565239649,0.579487860203,2.40512919426,4.43056342192e-06,2.30970890698e-05,0,0,-4.81910137751e-05,-1.15126550198,41.5203094482,42.0000314713,0,0,0,5.15301535827e-05,149451.817434
35.0694444444,-0.00102565239649,0.579487860203,2.40512919426,4.43056342192e-06,2.30970890698e-05,0,0,-4.81910137751e-05,-1.15126550198,41.5203094482,42.0000314713,0,0,0,5.15301535827e-05,149451.817434
35.0805555556,-0.00102565239649,0.579487860203,2.40512919426,4.43056342192e-06,2.30970890698e-05,0,0,-4.81910137751e-05,-1.15126550198,41.5203094482,42.0000314713,0,0,0,5.15301535827e-05,149451.817434
35.0916666667,-0.00102565239649,0.579487860203,2.40512919426,4.43056342192e-06,2.30970890698e-05,0,0,-4.81910137751e-05,-1.15126550198,41.5203094482,42.0000314713,0,0,0,5.15301535827e-05,149451.817434
35.1027777778,-0.00102565239649,0.579487860203,2.40512919426,4.43056342192e-06,2.30970890698e-05,0,0,-4.81910137751e-05,-1.15126550198,41.5203094482,42.0000314713,0,0,0,5.15301535827e-05,149451.817434
35.1138888889,-0.00102565239649,0.579487860203,2.40512919426,4.43056342192e-06,2.30970890698e-05,0,0,-4.81910137751e-05,-1.15126550198,41.5203094482,42.0000314713,0,0,0,5.15301535827e-05,149451.817434
35.125,-0.00102565239649,0.579487860203,2.40512919426,4.43056342192e-06,2.30970890698e-05,0,0,-4.81910137751e-05,-1.15126550198,41.5203094482,42.0000314713,0,0,0,5.15301535827e-05,149451.817434
35.1361111111,-0.00102565239649,0.579487860203,2.40512919426,4.43056342192e-06,2.30970890698e-05,0,0,-4.81910137751e-05,-1.15126550198,41.5203094482,42.0000314713,0,0,0,5.15301535827e-05,149451.817434
35.1472222222,-0.00102565239649,0.579487860203,2.40512919426,4.43056342192e-06,2.30970890698e-05,0,0,-4.81910137751e-05,-1.15126550198,41.5203094482,42.0000314713,0,0,0,5.15301535827e-05,149451.817434
35.1583333333,-0.00102565239649,0.579487860203,2.40512919426,4.43056342192e-06,2.30970890698e-05,0,0,-4.81910137751e-05,-1.15126550198,41.5203094482,42.0000314713,0,0,0,5.15301535827e-05,149451.817434
35.1694444444,-0.00102565239649,0.579487860203,2.40512919426,4.43056342192e-06,2.30970890698e-05,0,0,-4.81910137751e-05,-1.15126550198,41.5203094482,42.0000314713,0,0,0,5.15301535827e-05,149451.817434
35.1805555556,-0.00102565239649,0.579487860203,2.40512919426,4.43056342192e-06,2.30970890698e-05,0,0,-4.81910137751e-05,-1.15126550198,41.5203094482,42.0000314713,0,0,0,5.15301535827e-05,149451.817434
35.1916666667,-0.00102565239649,0.579487860203,2.40512919426,4.43056342192e-06,2.30970890698e-05,0,0,-4.81910137751e-05,-1.15126550198,41.5203094482,42.0000314713,0,0,0,5.15301535827e-05,149451.817434
35.2027777778,-0.00102565239649,0.579487860203,2.40512919426,4.43056342192e-06,2.30970890698e-05,0,0,-4.81910137751e-05,-1.15126550198,41.5203094482,42.0000314713,0,0,0,5.15301535827e-05,149451.817434
35.2138888889,-0.00102565239649,0.579487860203,2.40512919426,4.43056342192e-06,2.30970890698e-05,0,0,-4.81910137751e-05,-1.15126550198,41.5203094482,42.0000314713,0,0,0,5.15301535827e-05,149451.817434
35.225,-0.00102565239649,0.579487860203,2.40512919426,4.43056342192e-06,2.30970890698e-05,0,0,-4.81910137751e-05,-1.15126550198,41.5203094482,42.0000314713,0,0,0,5.15301535827e-05,149451.817434
35.2361111111,-0.00102565239649,0.579487860203,2.40512919426,4.43056342192e-06,2.30970890698e-05,0,0,-4.81910137751e-05,-1.15126550198,41.5203094482,42.0000314713,0,0,0,5.15301535827e-05,149451.817434
35.2472222222,-0.00102565239649,0.579487860203,2.40512919426,4.43056342192e-06,2.30970890698e-05,0,0,-4.81910137751e-05,-1.15126550198,41.5203094482,42.0000314713,0,0,0,5.15301535827e-05,149451.817434
35.2583333333,-0.00102565239649,0.579487860203,2.40512919426,4.43056342192e-06,2.30970890698e-05,0,0,-4.81910137751e-05,-1.15126550198,41.5203094482,42.0000314713,0,0,0,5.15301535827e-05,149451.817434
35.2694444444,-0.00102565239649,0.579487860203,2.40512919426,4.43056342192e-06,2.30970890698e-05,0,0,-4.81910137751e-05,-1.15126550198,41.5203094482,42.0000314713,0,0,0,5.15301535827e-05,149451.817434
35.2805555556,-0.00102565239649,0.579487860203,2.40512919426,4.43056342192e-06,2.30970890698e-05,0,0,-4.81910137751e-05,-1.15126550198,41.5203094482,42.0000314713,0,0,0,5.15301535827e-05,149451.817434
35.2916666667,-0.00102565239649,0.579487860203,2.40512919426,4.43056342192e-06,2.30970890698e-05,0,0,-4.81910137751e-05,-1.15126550198,41.5203094482,42.0000314713,0,0,0,5.15301535827e-05,149451.817434
35.3027777778,-0.00102565239649,0.579487860203,2.40512919426,4.43056342192e-06,2.30970890698e-05,0,0,-4.81910137751e-05,-1.15126550198,41.5203094482,42.0000314713,0,0,0,5.15301535827e-05,149451.817434
35.3138888889,-0.00102565239649,0.579487860203,2.40512919426,4.43056342192e-06,2.30970890698e-05,0,0,-4.81910137751e-05,-1.15126550198,41.5203094482,42.0000314713,0,0,0,5.15301535827e-05,149451.817434
35.325,-0.00102565239649,0.579487860203,2.40512919426,4.43056342192e-06,2.30970890698e-05,0,0,-4.81910137751e-05,-1.15126550198,41.5203094482,42.0000314713,0,0,0,5.15301535827e-05,149451.817434
35.3361111111,-0.00102565239649,0.579487860203,2.40512919426,4.43056342192e-06,2.30970890698e-05,0,0,-4.81910137751e-05,-1.15126550198,41.5203094482,42.0000314713,0,0,0,5.15301535827e-05,149451.817434
35.3472222222,-0.00102565239649,0.579487860203,2.40512919426,4.43056342192e-06,2.30970890698e-05,0,0,-4.81910137751e-05,-1.15126550198,41.5203094482,42.0000314713,0,0,0,5.15301535827e-05,149451.817434
35.3583333333,-0.00102565239649,0.579487860203,2.40512919426,4.43056342192e-06,2.30970890698e-05,0,0,-4.81910137751e-05,-1.15126550198,41.5203094482,42.0000314713,0,0,0,5.15301535827e-05,149451.817434
35.3694444444,-0.00102565239649,0.579487860203,2.40512919426,4.43056342192e-06,2.30970890698e-05,0,0,-4.81910137751e-05,-1.15126550198,41.5203094482,42.0000314713,0,0,0,5.15301535827e-05,149451.817434
35.3805555556,-0.00102565239649,0.579487860203,2.40512919426,4.43056342192e-06,2.30970890698e-05,0,0,-4.81910137751e-05,-1.15126550198,41.5203094482,42.0000314713,0,0,0,5.15301535827e-05,149451.817434
35.3916666667,-0.00102565239649,0.579487860203,2.40512919426,4.43056342192e-06,2.30970890698e-05,0,0,-4.81910137751e-05,-1.15126550198,41.5203094482,42.0000314713,0,0,0,5.15301535827e-05,149451.817434
35.4027777778,-0.00102565239649,0.579487860203,2.40512919426,4.43056342192e-06,2.30970890698e-05,0,0,-4.81910137751e-05,-1.15126550198,41.5203094482,42.0000314713,0,0,0,5.15301535827e-05,149451.817434
35.4138888889,-0.00102565239649,0.579487860203,2.40512919426,4.43056342192e-06,2.30970890698e-05,0,0,-4.81910137751e-05,-1.15126550198,41.5203094482,42.0000314713,0,0,0,5.15301535827e-05,149451.817434
35.425,-0.00102565239649,0.579487860203,2.40512919426,4.43056342192e-06,2.30970890698e-05,0,0,-4.81910137751e-05,-1.15126550198,41.5203094482,42.0000314713,0,0,0,5.15301535827e-05,149451.817434
35.4361111111,-0.00102565239649,0.579487860203,2.40512919426,4.43056342192e-06,2.30970890698e-05,0,0,-4.81910137751e-05,-1.15126550198,41.5203094482,42.0000314713,0,0,0,5.15301535827e-05,149451.817434
35.4472222222,-0.00102565239649,0.579487860203,2.40512919426,4.43056342192e-06,2.30970890698e-05,0,0,-4.81910137751e-05,-1.15126550198,41.5203094482,42.0000314713,0,0,0,5.15301535827e-05,149451.817434
35.4583333333,-0.00102565239649,0.579487860203,2.40512919426,4.43056342192e-06,2.30970890698e-05,0,0,-4.81910137751e-05,-1.15126550198,41.5203094482,42.0000314713,0,0,0,5.15301535827e-05,149451.817434
35.4694444444,-0.00102565239649,0.579487860203,2.40512919426,4.43056342192e-06,2.30970890698e-05,0,0,-4.81910137751e-05,-1.15126550198,41.5203094482,42.0000314713,0,0,0,5.15301535827e-05,149451.817434
35.4805555556,-0.00102565239649,0.579487860203,2.40512919426,4.43056342192e-06,2.30970890698e-05,0,0,-4.81910137751e-05,-1.15126550198,41.5203094482,42.0000314713,0,0,0,5.15301535827e-05,149451.817434
35.4916666667,-0.00102565239649,0.579487860203,2.40512919426,4.43056342192e-06,2.30970890698e-05,0,0,-4.81910137751e-05,-1.15126550198,41.5203094482,42.0000314713,0,0,0,5.15301535827e-05,149451.817434
35.5027777778,-0.00102565239649,0.579487860203,2.40512919426,4.43056342192e-06,2.30970890698e-05,0,0,-4.81910137751e-05,-1.15126550198,41.5203094482,42.0000314713,0,0,0,5.15301535827e-05,149451.817434
35.5138888889,-0.00102565239649,0.579487860203,2.40512919426,4.43056342192e-06,2.30970890698e-05,0,0,-4.81910137751e-05,-1.15126550198,41.5203094482,42.0000314713,0,0,0,5.15301535827e-05,149451.817434
35.525,-0.00102565239649,0.579487860203,2.40512919426,4.43056342192e-06,2.30970890698e-05,0,0,-4.81910137751e-05,-1.15126550198,41.5203094482,42.0000314713,0,0,0,5.15301535827e-05,149451.817434
35.5361111111,-0.00102565239649,0.579487860203,2.40512919426,4.43056342192e-06,2.30970890698e-05,0,0,-4.81910137751e-05,-1.15126550198,41.5203094482,42.0000314713,0,0,0,5.15301535827e-05,149451.817434
35.5472222222,-0.00102565239649,0.579487860203,2.40512919426,4.43056342192e-06,2.30970890698e-05,0,0,-4.81910137751e-05,-1.15126550198,41.5203094482,42.0000314713,0,0,0,5.15301535827e-05,149451.817434
35.5583333333,-0.00102565239649,0.579487860203,2.40512919426,4.43056342192e-06,2.30970890698e-05,0,0,-4.81910137751e-05,-1.15126550198,41.5203094482,42.0000314713,0,0,0,5.15301535827e-05,149451.817434
35.5694444444,-0.00102565239649,0.579487860203,2.40512919426,4.43056342192e-06,2.30970890698e-05,0,0,-4.81910137751e-05,-1.15126550198,41.5203094482,42.0000314713,0,0,0,5.15301535827e-05,149451.817434
35.5805555556,-0.00102565239649,0.579487860203,2.40512919426,4.43056342192e-06,2.30970890698e-05,0,0,-4.81910137751e-05,-1.15126550198,41.5203094482,42.0000314713,0,0,0,5.15301535827e-05,149451.817434
35.5916666667,-0.00102565239649,0.579487860203,2.40512919426,4.43056342192e-06,2.30970890698e-05,0,0,-4.81910137751e-05,-1.15126550198,41.5203094482,42.0000314713,0,0,0,5.15301535827e-05,149451.817434
35.6027777778,-0.00102565239649,0.579487860203,2.40512919426,4.43056342192e-06,2.30970890698e-05,0,0,-4.81910137751e-05,-1.15126550198,41.5203094482,42.0000314713,0,0,0,5.15301535827e-05,149451.817434
35.6138888889,-0.00102565239649,0.579487860203,2.40512919426,4.43056342192e-06,2.30970890698e-05,0,0,-4.81910137751e-05,-1.15126550198,41.5203094482,42.0000314713,0,0,0,5.15301535827e-05,149451.817434
35.625,-0.00102565239649,0.579487860203,2.40512919426,4.43056342192e-06,2.30970890698e-05,0,0,-4.81910137751e-05,-1.15126550198,41.5203094482,42.0000314713,0,0,0,5.15301535827e-05,149451.817434
35.6361111111,-0.00102565239649,0.579487860203,2.40512919426,4.43056342192e-06,2.30970890698e-05,0,0,-4.81910137751e-05,-1.15126550198,41.5203094482,42.0000314713,0,0,0,5.15301535827e-05,149451.817434
35.6472222222,-0.00102565239649,0.579487860203,2.40512919426,4.43056342192e-06,2.30970890698e-05,0,0,-4.81910137751e-05,-1.15126550198,41.5203094482,42.0000314713,0,0,0,5.15301535827e-05,149451.817434
35.6583333333,-0.00102565239649,0.579487860203,2.40512919426,4.43056342192e-06,2.30970890698e-05,0,0,-4.81910137751e-05,-1.15126550198,41.5203094482,42.0000314713,0,0,0,5.15301535827e-05,149451.817434
35.6694444444,-0.00102565239649,0.579487860203,2.40512919426,4.43056342192e-06,2.30970890698e-05,0,0,-4.81910137751e-05,-1.15126550198,41.5203094482,42.0000314713,0,0,0,5.15301535827e-05,149451.817434
35.6805555556,-0.00102565239649,0.579487860203,2.40512919426,4.43056342192e-06,2.30970890698e-05,0,0,-4.81910137751e-05,-1.15126550198,41.5203094482,42.0000314713,0,0,0,5.15301535827e-05,149451.817434
35.6916666667,-0.00102565239649,0.579487860203,2.40512919426,4.43056342192e-06,2.30970890698e-05,0,0,-4.81910137751e-05,-1.15126550198,41.5203094482,42.0000314713,0,0,0,5.15301535827e-05,149451.817434
35.7027777778,-0.00102565239649,0.579487860203,2.40512919426,4.43056342192e-06,2.30970890698e-05,0,0,-4.81910137751e-05,-1.15126550198,41.5203094482,42.0000314713,0,0,0,5.15301535827e-05,149451.817434
35.7138888889,-0.00102565239649,0.579487860203,2.40512919426,4.43056342192e-06,2.30970890698e-05,0,0,-4.81910137751e-05,-1.15126550198,41.5203094482,42.0000314713,0,0,0,5.15301535827e-05,149451.817434
35.725,-0.00102565239649,0.579487860203,2.40512919426,4.43056342192e-06,2.30970890698e-05,0,0,-4.81910137751e-05,-1.15126550198,41.5203094482,42.0000314713,0,0,0,5.15301535827e-05,149451.817434
35.7361111111,-0.00102565239649,0.579487860203,2.40512919426,4.43056342192e-06,2.30970890698e-05,0,0,-4.81910137751e-05,-1.15126550198,41.5203094482,42.0000314713,0,0,0,5.15301535827e-05,149451.817434
35.7472222222,-0.00102565239649,0.579487860203,2.40512919426,4.43056342192e-06,2.30970890698e-05,0,0,-4.81910137751e-05,-1.15126550198,41.5203094482,42.0000314713,0,0,0,5.15301535827e-05,149451.817434
35.7583333333,-0.00102565239649,0.579487860203,2.40512919426,4.43056342192e-06,2.30970890698e-05,0,0,-4.81910137751e-05,-1.15126550198,41.5203094482,42.0000314713,0,0,0,5.15301535827e-05,149451.817434
35.7694444444,-0.00102565239649,0.579487860203,2.40512919426,4.43056342192e-06,2.30970890698e-05,0,0,-4.81910137751e-05,-1.15126550198,41.5203094482,42.0000314713,0,0,0,5.15301535827e-05,149451.817434
35.7805555556,-0.00102565239649,0.579487860203,2.40512919426,4.43056342192e-06,2.30970890698e-05,0,0,-4.81910137751e-05,-1.15126550198,41.5203094482,42.0000314713,0,0,0,5.15301535827e-05,149451.817434
35.7916666667,-0.00102565239649,0.579487860203,2.40512919426,4.43056342192e-06,2.30970890698e-05,0,0,-4.81910137751e-05,-1.15126550198,41.5203094482,42.0000314713,0,0,0,5.15301535827e-05,149451.817434
35.8027777778,-0.00102565239649,0.579487860203,2.40512919426,4.43056342192e-06,2.30970890698e-05,0,0,-4.81910137751e-05,-1.15126550198,41.5203094482,42.0000314713,0,0,0,5.15301535827e-05,149451.817434
35.8138888889,-0.00102565239649,0.579487860203,2.40512919426,4.43056342192e-06,2.30970890698e-05,0,0,-4.81910137751e-05,-1.15126550198,41.5203094482,42.0000314713,0,0,0,5.15301535827e-05,149451.817434
35.825,-0.00102565239649,0.579487860203,2.40512919426,4.43056342192e-06,2.30970890698e-05,0,0,-4.81910137751e-05,-1.15126550198,41.5203094482,42.0000314713,0,0,0,5.15301535827e-05,149451.817434
35.8361111111,-0.00102565239649,0.579487860203,2.40512919426,4.43056342192e-06,2.30970890698e-05,0,0,-4.81910137751e-05,-1.15126550198,41.5203094482,42.0000314713,0,0,0,5.15301535827e-05,149451.817434
35.8472222222,-0.00102565239649,0.579487860203,2.40512919426,4.43056342192e-06,2.30970890698e-05,0,0,-4.81910137751e-05,-1.15126550198,41.5203094482,42.0000314713,0,0,0,5.15301535827e-05,149451.817434
35.8583333333,-0.00102565239649,0.579487860203,2.40512919426,4.43056342192e-06,2.30970890698e-05,0,0,-4.81910137751e-05,-1.15126550198,41.5203094482,42.0000314713,0,0,0,5.15301535827e-05,149451.817434
35.8694444444,-0.00102565239649,0.579487860203,2.40512919426,4.43056342192e-06,2.30970890698e-05,0,0,-4.81910137751e-05,-1.15126550198,41.5203094482,42.0000314713,0,0,0,5.15301535827e-05,149451.817434
35.8805555556,-0.00102565239649,0.579487860203,2.40512919426,4.43056342192e-06,2.30970890698e-05,0,0,-4.81910137751e-05,-1.15126550198,41.5203094482,42.0000314713,0,0,0,5.15301535827e-05,149451.817434
35.8916666667,-0.00102565239649,0.579487860203,2.40512919426,4.43056342192e-06,2.30970890698e-05,0,0,-4.81910137751e-05,-1.15126550198,41.5203094482,42.0000314713,0,0,0,5.15301535827e-05,149451.817434
35.9027777778,-0.00102565239649,0.579487860203,2.40512919426,4.43056342192e-06,2.30970890698e-05,0,0,-4.81910137751e-05,-1.15126550198,41.5203094482,42.0000314713,0,0,0,5.15301535827e-05,149451.817434
35.9138888889,-0.00102565239649,0.579487860203,2.40512919426,4.43056342192e-06,2.30970890698e-05,0,0,-4.81910137751e-05,-1.15126550198,41.5203094482,42.0000314713,0,0,0,5.15301535827e-05,149451.817434
35.925,-0.00102565239649,0.579487860203,2.40512919426,4.43056342192e-06,2.30970890698e-05,0,0,-4.81910137751e-05,-1.15126550198,41.5203094482,42.0000314713,0,0,0,5.15301535827e-05,149451.817434
35.9361111111,-0.00102565239649,0.579487860203,2.40512919426,4.43056342192e-06,2.30970890698e-05,0,0,-4.81910137751e-05,-1.15126550198,41.5203094482,42.0000314713,0,0,0,5.15301535827e-05,149451.817434
35.9472222222,-0.00102565239649,0.579487860203,2.40512919426,4.43056342192e-06,2.30970890698e-05,0,0,-4.81910137751e-05,-1.15126550198,41.5203094482,42.0000314713,0,0,0,5.15301535827e-05,149451.817434
35.9583333333,-0.00102565239649,0.579487860203,2.40512919426,4.43056342192e-06,2.30970890698e-05,0,0,-4.81910137751e-05,-1.15126550198,41.5203094482,42.0000314713,0,0,0,5.15301535827e-05,149451.817434
35.9694444444,-0.00102565239649,0.579487860203,2.40512919426,4.43056342192e-06,2.30970890698e-05,0,0,-4.81910137751e-05,-1.15126550198,41.5203094482,42.0000314713,0,0,0,5.15301535827e-05,149451.817434
35.9805555556,-0.00102565239649,0.579487860203,2.40512919426,4.43056342192e-06,2.30970890698e-05,0,0,-4.81910137751e-05,-1.15126550198,41.5203094482,42.0000314713,0,0,0,5.15301535827e-05,149451.817434
35.9916666667,-0.00102565239649,0.579487860203,2.40512919426,4.43056342192e-06,2.30970890698e-05,0,0,-4.81910137751e-05,-1.15126550198,41.5203094482,42.0000314713,0,0,0,5.15301535827e-05,149451.817434
36.0027777778,-0.00102565239649,0.579487860203,2.40512919426,4.43056342192e-06,2.30970890698e-05,0,0,-4.81910137751e-05,-1.15126550198,41.5203094482,42.0000314713,0,0,0,5.15301535827e-05,149451.817434
36.0138888889,-0.00102565239649,0.579487860203,2.40512919426,4.43056342192e-06,2.30970890698e-05,0,0,-4.81910137751e-05,-1.15126550198,41.5203094482,42.0000314713,0,0,0,5.15301535827e-05,149451.817434
36.025,-0.00102565239649,0.579487860203,2.40512919426,4.43056342192e-06,2.30970890698e-05,0,0,-4.81910137751e-05,-1.15126550198,41.5203094482,42.0000314713,0,0,0,5.15301535827e-05,149451.817434
36.0361111111,-0.00102565239649,0.579487860203,2.40512919426,4.43056342192e-06,2.30970890698e-05,0,0,-4.81910137751e-05,-1.15126550198,41.5203094482,42.0000314713,0,0,0,5.15301535827e-05,149451.817434
36.0472222222,-0.00102565239649,0.579487860203,2.40512919426,4.43056342192e-06,2.30970890698e-05,0,0,-4.81910137751e-05,-1.15126550198,41.5203094482,42.0000314713,0,0,0,5.15301535827e-05,149451.817434
36.0583333333,-0.00102565239649,0.579487860203,2.40512919426,4.43056342192e-06,2.30970890698e-05,0,0,-4.81910137751e-05,-1.15126550198,41.5203094482,42.0000314713,0,0,0,5.15301535827e-05,149451.817434
36.0694444444,-0.00102565239649,0.579487860203,2.40512919426,4.43056342192e-06,2.30970890698e-05,0,0,-4.81910137751e-05,-1.15126550198,41.5203094482,42.0000314713,0,0,0,5.15301535827e-05,149451.817434
36.0805555556,-0.00102565239649,0.579487860203,2.40512919426,4.43056342192e-06,2.30970890698e-05,0,0,-4.81910137751e-05,-1.15126550198,41.5203094482,42.0000314713,0,0,0,5.15301535827e-05,149451.817434
36.0916666667,-0.00102565239649,0.579487860203,2.40512919426,4.43056342192e-06,2.30970890698e-05,0,0,-4.81910137751e-05,-1.15126550198,41.5203094482,42.0000314713,0,0,0,5.15301535827e-05,149451.817434
36.1027777778,-0.00102565239649,0.579487860203,2.40512919426,4.43056342192e-06,2.30970890698e-05,0,0,-4.81910137751e-05,-1.15126550198,41.5203094482,42.0000314713,0,0,0,5.15301535827e-05,149451.817434
36.1138888889,-0.00102565239649,0.579487860203,2.40512919426,4.43056342192e-06,2.30970890698e-05,0,0,-4.81910137751e-05,-1.15126550198,41.5203094482,42.0000314713,0,0,0,5.15301535827e-05,149451.817434
36.125,-0.00102565239649,0.579487860203,2.40512919426,4.43056342192e-06,2.30970890698e-05,0,0,-4.81910137751e-05,-1.15126550198,41.5203094482,42.0000314713,0,0,0,5.15301535827e-05,149451.817434
36.1361111111,-0.00102565239649,0.579487860203,2.40512919426,4.43056342192e-06,2.30970890698e-05,0,0,-4.81910137751e-05,-1.15126550198,41.5203094482,42.0000314713,0,0,0,5.15301535827e-05,149451.817434
36.1472222222,-0.00102565239649,0.579487860203,2.40512919426,4.43056342192e-06,2.30970890698e-05,0,0,-4.81910137751e-05,-1.15126550198,41.5203094482,42.0000314713,0,0,0,5.15301535827e-05,149451.817434
36.1583333333,-0.00102565239649,0.579487860203,2.40512919426,4.43056342192e-06,2.30970890698e-05,0,0,-4.81910137751e-05,-1.15126550198,41.5203094482,42.0000314713,0,0,0,5.15301535827e-05,149451.817434
36.1694444444,-0.00102565239649,0.579487860203,2.40512919426,4.43056342192e-06,2.30970890698e-05,0,0,-4.81910137751e-05,-1.15126550198,41.5203094482,42.0000314713,0,0,0,5.15301535827e-05,149451.817434
36.1805555556,-0.00102565239649,0.579487860203,2.40512919426,4.43056342192e-06,2.30970890698e-05,0,0,-4.81910137751e-05,-1.15126550198,41.5203094482,42.0000314713,0,0,0,5.15301535827e-05,149451.817434
36.1916666667,-0.00102565239649,0.579487860203,2.40512919426,4.43056342192e-06,2.30970890698e-05,0,0,-4.81910137751e-05,-1.15126550198,41.5203094482,42.0000314713,0,0,0,5.15301535827e-05,149451.817434
36.2027777778,-0.00102565239649,0.579487860203,2.40512919426,4.43056342192e-06,2.30970890698e-05,0,0,-4.81910137751e-05,-1.15126550198,41.5203094482,42.0000314713,0,0,0,5.15301535827e-05,149451.817434
36.2138888889,-0.00102565239649,0.579487860203,2.40512919426,4.43056342192e-06,2.30970890698e-05,0,0,-4.81910137751e-05,-1.15126550198,41.5203094482,42.0000314713,0,0,0,5.15301535827e-05,149451.817434
36.225,-0.00102565239649,0.579487860203,2.40512919426,4.43056342192e-06,2.30970890698e-05,0,0,-4.81910137751e-05,-1.15126550198,41.5203094482,42.0000314713,0,0,0,5.15301535827e-05,149451.817434
36.2361111111,-0.00102565239649,0.579487860203,2.40512919426,4.43056342192e-06,2.30970890698e-05,0,0,-4.81910137751e-05,-1.15126550198,41.5203094482,42.0000314713,0,0,0,5.15301535827e-05,149451.817434
36.2472222222,-0.00102565239649,0.579487860203,2.40512919426,4.43056342192e-06,2.30970890698e-05,0,0,-4.81910137751e-05,-1.15126550198,41.5203094482,42.0000314713,0,0,0,5.15301535827e-05,149451.817434
36.2583333333,-0.00102565239649,0.579487860203,2.40512919426,4.43056342192e-06,2.30970890698e-05,0,0,-4.81910137751e-05,-1.15126550198,41.5203094482,42.0000314713,0,0,0,5.15301535827e-05,149451.817434
36.2694444444,-0.00102565239649,0.579487860203,2.40512919426,4.43056342192e-06,2.30970890698e-05,0,0,-4.81910137751e-05,-1.15126550198,41.5203094482,42.0000314713,0,0,0,5.15301535827e-05,149451.817434
36.2805555556,-0.00102565239649,0.579487860203,2.40512919426,4.43056342192e-06,2.30970890698e-05,0,0,-4.81910137751e-05,-1.15126550198,41.5203094482,42.0000314713,0,0,0,5.15301535827e-05,149451.817434
36.2916666667,-0.00102565239649,0.579487860203,2.40512919426,4.43056342192e-06,2.30970890698e-05,0,0,-4.81910137751e-05,-1.15126550198,41.5203094482,42.0000314713,0,0,0,5.15301535827e-05,149451.817434
36.3027777778,-0.00102565239649,0.579487860203,2.40512919426,4.43056342192e-06,2.30970890698e-05,0,0,-4.81910137751e-05,-1.15126550198,41.5203094482,42.0000314713,0,0,0,5.15301535827e-05,149451.817434
36.3138888889,-0.00102565239649,0.579487860203,2.40512919426,4.43056342192e-06,2.30970890698e-05,0,0,-4.81910137751e-05,-1.15126550198,41.5203094482,42.0000314713,0,0,0,5.15301535827e-05,149451.817434
36.325,-0.00102565239649,0.579487860203,2.40512919426,4.43056342192e-06,2.30970890698e-05,0,0,-4.81910137751e-05,-1.15126550198,41.5203094482,42.0000314713,0,0,0,5.15301535827e-05,149451.817434
36.3361111111,-0.00102565239649,0.579487860203,2.40512919426,4.43056342192e-06,2.30970890698e-05,0,0,-4.81910137751e-05,-1.15126550198,41.5203094482,42.0000314713,0,0,0,5.15301535827e-05,149451.817434
36.3472222222,-0.00102565239649,0.579487860203,2.40512919426,4.43056342192e-06,2.30970890698e-05,0,0,-4.81910137751e-05,-1.15126550198,41.5203094482,42.0000314713,0,0,0,5.15301535827e-05,149451.817434
36.3583333333,-0.00102565239649,0.579487860203,2.40512919426,4.43056342192e-06,2.30970890698e-05,0,0,-4.81910137751e-05,-1.15126550198,41.5203094482,42.0000314713,0,0,0,5.15301535827e-05,149451.817434
36.3694444444,-0.00102565239649,0.579487860203,2.40512919426,4.43056342192e-06,2.30970890698e-05,0,0,-4.81910137751e-05,-1.15126550198,41.5203094482,42.0000314713,0,0,0,5.15301535827e-05,149451.817434
36.3805555556,-0.00102565239649,0.579487860203,2.40512919426,4.43056342192e-06,2.30970890698e-05,0,0,-4.81910137751e-05,-1.15126550198,41.5203094482,42.0000314713,0,0,0,5.15301535827e-05,149451.817434
36.3916666667,-0.00102565239649,0.579487860203,2.40512919426,4.43056342192e-06,2.30970890698e-05,0,0,-4.81910137751e-05,-1.15126550198,41.5203094482,42.0000314713,0,0,0,5.15301535827e-05,149451.817434
36.4027777778,-0.00102565239649,0.579487860203,2.40512919426,4.43056342192e-06,2.30970890698e-05,0,0,-4.81910137751e-05,-1.15126550198,41.5203094482,42.0000314713,0,0,0,5.15301535827e-05,149451.817434
36.4138888889,-0.00102565239649,0.579487860203,2.40512919426,4.43056342192e-06,2.30970890698e-05,0,0,-4.81910137751e-05,-1.15126550198,41.5203094482,42.0000314713,0,0,0,5.15301535827e-05,149451.817434
36.425,-0.00102565239649,0.579487860203,2.40512919426,4.43056342192e-06,2.30970890698e-05,0,0,-4.81910137751e-05,-1.15126550198,41.5203094482,42.0000314713,0,0,0,5.15301535827e-05,149451.817434
36.4361111111,-0.00102565239649,0.579487860203,2.40512919426,4.43056342192e-06,2.30970890698e-05,0,0,-4.81910137751e-05,-1.15126550198,41.5203094482,42.0000314713,0,0,0,5.15301535827e-05,149451.817434
36.4472222222,-0.00102565239649,0.579487860203,2.40512919426,4.43056342192e-06,2.30970890698e-05,0,0,-4.81910137751e-05,-1.15126550198,41.5203094482,42.0000314713,0,0,0,5.15301535827e-05,149451.817434
36.4583333333,-0.00102565239649,0.579487860203,2.40512919426,4.43056342192e-06,2.30970890698e-05,0,0,-4.81910137751e-05,-1.15126550198,41.5203094482,42.0000314713,0,0,0,5.15301535827e-05,149451.817434
36.4694444444,-0.00102565239649,0.579487860203,2.40512919426,4.43056342192e-06,2.30970890698e-05,0,0,-4.81910137751e-05,-1.15126550198,41.5203094482,42.0000314713,0,0,0,5.15301535827e-05,149451.817434
36.4805555556,-0.00102565239649,0.579487860203,2.40512919426,4.43056342192e-06,2.30970890698e-05,0,0,-4.81910137751e-05,-1.15126550198,41.5203094482,42.0000314713,0,0,0,5.15301535827e-05,149451.817434
36.4916666667,-0.00102565239649,0.579487860203,2.40512919426,4.43056342192e-06,2.30970890698e-05,0,0,-4.81910137751e-05,-1.15126550198,41.5203094482,42.0000314713,0,0,0,5.15301535827e-05,149451.817434
36.5027777778,-0.00102565239649,0.579487860203,2.40512919426,4.43056342192e-06,2.30970890698e-05,0,0,-4.81910137751e-05,-1.15126550198,41.5203094482,42.0000314713,0,0,0,5.15301535827e-05,149451.817434
36.5138888889,-0.00102565239649,0.579487860203,2.40512919426,4.43056342192e-06,2.30970890698e-05,0,0,-4.81910137751e-05,-1.15126550198,41.5203094482,42.0000314713,0,0,0,5.15301535827e-05,149451.817434
36.525,-0.00102565239649,0.579487860203,2.40512919426,4.43056342192e-06,2.30970890698e-05,0,0,-4.81910137751e-05,-1.15126550198,41.5203094482,42.0000314713,0,0,0,5.15301535827e-05,149451.817434
36.5361111111,-0.00102565239649,0.579487860203,2.40512919426,4.43056342192e-06,2.30970890698e-05,0,0,-4.81910137751e-05,-1.15126550198,41.5203094482,42.0000314713,0,0,0,5.15301535827e-05,149451.817434
36.5472222222,-0.00102565239649,0.579487860203,2.40512919426,4.43056342192e-06,2.30970890698e-05,0,0,-4.81910137751e-05,-1.15126550198,41.5203094482,42.0000314713,0,0,0,5.15301535827e-05,149451.817434
36.5583333333,-0.00102565239649,0.579487860203,2.40512919426,4.43056342192e-06,2.30970890698e-05,0,0,-4.81910137751e-05,-1.15126550198,41.5203094482,42.0000314713,0,0,0,5.15301535827e-05,149451.817434
36.5694444444,-0.00102565239649,0.579487860203,2.40512919426,4.43056342192e-06,2.30970890698e-05,0,0,-4.81910137751e-05,-1.15126550198,41.5203094482,42.0000314713,0,0,0,5.15301535827e-05,149451.817434
36.5805555556,-0.00102565239649,0.579487860203,2.40512919426,4.43056342192e-06,2.30970890698e-05,0,0,-4.81910137751e-05,-1.15126550198,41.5203094482,42.0000314713,0,0,0,5.15301535827e-05,149451.817434
36.5916666667,-0.00102565239649,0.579487860203,2.40512919426,4.43056342192e-06,2.30970890698e-05,0,0,-4.81910137751e-05,-1.15126550198,41.5203094482,42.0000314713,0,0,0,5.15301535827e-05,149451.817434
36.6027777778,-0.00102565239649,0.579487860203,2.40512919426,4.43056342192e-06,2.30970890698e-05,0,0,-4.81910137751e-05,-1.15126550198,41.5203094482,42.0000314713,0,0,0,5.15301535827e-05,149451.817434
36.6138888889,-0.00102565239649,0.579487860203,2.40512919426,4.43056342192e-06,2.30970890698e-05,0,0,-4.81910137751e-05,-1.15126550198,41.5203094482,42.0000314713,0,0,0,5.15301535827e-05,149451.817434
36.625,-0.00102565239649,0.579487860203,2.40512919426,4.43056342192e-06,2.30970890698e-05,0,0,-4.81910137751e-05,-1.15126550198,41.5203094482,42.0000314713,0,0,0,5.15301535827e-05,149451.817434
36.6361111111,-0.00102565239649,0.579487860203,2.40512919426,4.43056342192e-06,2.30970890698e-05,0,0,-4.81910137751e-05,-1.15126550198,41.5203094482,42.0000314713,0,0,0,5.15301535827e-05,149451.817434
36.6472222222,-0.00102565239649,0.579487860203,2.40512919426,4.43056342192e-06,2.30970890698e-05,0,0,-4.81910137751e-05,-1.15126550198,41.5203094482,42.0000314713,0,0,0,5.15301535827e-05,149451.817434
36.6583333333,-0.00102565239649,0.579487860203,2.40512919426,4.43056342192e-06,2.30970890698e-05,0,0,-4.81910137751e-05,-1.15126550198,41.5203094482,42.0000314713,0,0,0,5.15301535827e-05,149451.817434
36.6694444444,-0.00102565239649,0.579487860203,2.40512919426,4.43056342192e-06,2.30970890698e-05,0,0,-4.81910137751e-05,-1.15126550198,41.5203094482,42.0000314713,0,0,0,5.15301535827e-05,149451.817434
36.6805555556,-0.00102565239649,0.579487860203,2.40512919426,4.43056342192e-06,2.30970890698e-05,0,0,-4.81910137751e-05,-1.15126550198,41.5203094482,42.0000314713,0,0,0,5.15301535827e-05,149451.817434
36.6916666667,-0.00102565239649,0.579487860203,2.40512919426,4.43056342192e-06,2.30970890698e-05,0,0,-4.81910137751e-05,-1.15126550198,41.5203094482,42.0000314713,0,0,0,5.15301535827e-05,149451.817434
36.7027777778,-0.00102565239649,0.579487860203,2.40512919426,4.43056342192e-06,2.30970890698e-05,0,0,-4.81910137751e-05,-1.15126550198,41.5203094482,42.0000314713,0,0,0,5.15301535827e-05,149451.817434
36.7138888889,-0.00102565239649,0.579487860203,2.40512919426,4.43056342192e-06,2.30970890698e-05,0,0,-4.81910137751e-05,-1.15126550198,41.5203094482,42.0000314713,0,0,0,5.15301535827e-05,149451.817434
36.725,-0.00102565239649,0.579487860203,2.40512919426,4.43056342192e-06,2.30970890698e-05,0,0,-4.81910137751e-05,-1.15126550198,41.5203094482,42.0000314713,0,0,0,5.15301535827e-05,149451.817434
36.7361111111,-0.00102565239649,0.579487860203,2.40512919426,4.43056342192e-06,2.30970890698e-05,0,0,-4.81910137751e-05,-1.15126550198,41.5203094482,42.0000314713,0,0,0,5.15301535827e-05,149451.817434
36.7472222222,-0.00102565239649,0.579487860203,2.40512919426,4.43056342192e-06,2.30970890698e-05,0,0,-4.81910137751e-05,-1.15126550198,41.5203094482,42.0000314713,0,0,0,5.15301535827e-05,149451.817434
36.7583333333,-0.00102565239649,0.579487860203,2.40512919426,4.43056342192e-06,2.30970890698e-05,0,0,-4.81910137751e-05,-1.15126550198,41.5203094482,42.0000314713,0,0,0,5.15301535827e-05,149451.817434
36.7694444444,-0.00102565239649,0.579487860203,2.40512919426,4.43056342192e-06,2.30970890698e-05,0,0,-4.81910137751e-05,-1.15126550198,41.5203094482,42.0000314713,0,0,0,5.15301535827e-05,149451.817434
36.7805555556,-0.00102565239649,0.579487860203,2.40512919426,4.43056342192e-06,2.30970890698e-05,0,0,-4.81910137751e-05,-1.15126550198,41.5203094482,42.0000314713,0,0,0,5.15301535827e-05,149451.817434
36.7916666667,-0.00102565239649,0.579487860203,2.40512919426,4.43056342192e-06,2.30970890698e-05,0,0,-4.81910137751e-05,-1.15126550198,41.5203094482,42.0000314713,0,0,0,5.15301535827e-05,149451.817434
36.8027777778,-0.00102565239649,0.579487860203,2.40512919426,4.43056342192e-06,2.30970890698e-05,0,0,-4.81910137751e-05,-1.15126550198,41.5203094482,42.0000314713,0,0,0,5.15301535827e-05,149451.817434
36.8138888889,-0.00102565239649,0.579487860203,2.40512919426,4.43056342192e-06,2.30970890698e-05,0,0,-4.81910137751e-05,-1.15126550198,41.5203094482,42.0000314713,0,0,0,5.15301535827e-05,149451.817434
36.825,-0.00102565239649,0.579487860203,2.40512919426,4.43056342192e-06,2.30970890698e-05,0,0,-4.81910137751e-05,-1.15126550198,41.5203094482,42.0000314713,0,0,0,5.15301535827e-05,149451.817434
36.8361111111,-0.00102565239649,0.579487860203,2.40512919426,4.43056342192e-06,2.30970890698e-05,0,0,-4.81910137751e-05,-1.15126550198,41.5203094482,42.0000314713,0,0,0,5.15301535827e-05,149451.817434
36.8472222222,-0.00102565239649,0.579487860203,2.40512919426,4.43056342192e-06,2.30970890698e-05,0,0,-4.81910137751e-05,-1.15126550198,41.5203094482,42.0000314713,0,0,0,5.15301535827e-05,149451.817434
36.8583333333,-0.00102565239649,0.579487860203,2.40512919426,4.43056342192e-06,2.30970890698e-05,0,0,-4.81910137751e-05,-1.15126550198,41.5203094482,42.0000314713,0,0,0,5.15301535827e-05,149451.817434
36.8694444444,-0.00102565239649,0.579487860203,2.40512919426,4.43056342192e-06,2.30970890698e-05,0,0,-4.81910137751e-05,-1.15126550198,41.5203094482,42.0000314713,0,0,0,5.15301535827e-05,149451.817434
36.8805555556,-0.00102565239649,0.579487860203,2.40512919426,4.43056342192e-06,2.30970890698e-05,0,0,-4.81910137751e-05,-1.15126550198,41.5203094482,42.0000314713,0,0,0,5.15301535827e-05,149451.817434
36.8916666667,-0.00102565239649,0.579487860203,2.40512919426,4.43056342192e-06,2.30970890698e-05,0,0,-4.81910137751e-05,-1.15126550198,41.5203094482,42.0000314713,0,0,0,5.15301535827e-05,149451.817434
36.9027777778,-0.00102565239649,0.579487860203,2.40512919426,4.43056342192e-06,2.30970890698e-05,0,0,-4.81910137751e-05,-1.15126550198,41.5203094482,42.0000314713,0,0,0,5.15301535827e-05,149451.817434
36.9138888889,-0.00102565239649,0.579487860203,2.40512919426,4.43056342192e-06,2.30970890698e-05,0,0,-4.81910137751e-05,-1.15126550198,41.5203094482,42.0000314713,0,0,0,5.15301535827e-05,149451.817434
36.925,-0.00102565239649,0.579487860203,2.40512919426,4.43056342192e-06,2.30970890698e-05,0,0,-4.81910137751e-05,-1.15126550198,41.5203094482,42.0000314713,0,0,0,5.15301535827e-05,149451.817434
36.9361111111,-0.00102565239649,0.579487860203,2.40512919426,4.43056342192e-06,2.30970890698e-05,0,0,-4.81910137751e-05,-1.15126550198,41.5203094482,42.0000314713,0,0,0,5.15301535827e-05,149451.817434
36.9472222222,-0.00102565239649,0.579487860203,2.40512919426,4.43056342192e-06,2.30970890698e-05,0,0,-4.81910137751e-05,-1.15126550198,41.5203094482,42.0000314713,0,0,0,5.15301535827e-05,149451.817434
36.9583333333,-0.00102565239649,0.579487860203,2.40512919426,4.43056342192e-06,2.30970890698e-05,0,0,-4.81910137751e-05,-1.15126550198,41.5203094482,42.0000314713,0,0,0,5.15301535827e-05,149451.817434
36.9694444444,-0.00102565239649,0.579487860203,2.40512919426,4.43056342192e-06,2.30970890698e-05,0,0,-4.81910137751e-05,-1.15126550198,41.5203094482,42.0000314713,0,0,0,5.15301535827e-05,149451.817434
36.9805555556,-0.00102565239649,0.579487860203,2.40512919426,4.43056342192e-06,2.30970890698e-05,0,0,-4.81910137751e-05,-1.15126550198,41.5203094482,42.0000314713,0,0,0,5.15301535827e-05,149451.817434
36.9916666667,-0.00102565239649,0.579487860203,2.40512919426,4.43056342192e-06,2.30970890698e-05,0,0,-4.81910137751e-05,-1.15126550198,41.5203094482,42.0000314713,0,0,0,5.15301535827e-05,149451.817434
37.0027777778,-0.00102565239649,0.579487860203,2.40512919426,4.43056342192e-06,2.30970890698e-05,0,0,-4.81910137751e-05,-1.15126550198,41.5203094482,42.0000314713,0,0,0,5.15301535827e-05,149451.817434
37.0138888889,-0.00102565239649,0.579487860203,2.40512919426,4.43056342192e-06,2.30970890698e-05,0,0,-4.81910137751e-05,-1.15126550198,41.5203094482,42.0000314713,0,0,0,5.15301535827e-05,149451.817434
37.025,-0.00102565239649,0.579487860203,2.40512919426,4.43056342192e-06,2.30970890698e-05,0,0,-4.81910137751e-05,-1.15126550198,41.5203094482,42.0000314713,0,0,0,5.15301535827e-05,149451.817434
37.0361111111,-0.00102565239649,0.579487860203,2.40512919426,4.43056342192e-06,2.30970890698e-05,0,0,-4.81910137751e-05,-1.15126550198,41.5203094482,42.0000314713,0,0,0,5.15301535827e-05,149451.817434
37.0472222222,-0.00102565239649,0.579487860203,2.40512919426,4.43056342192e-06,2.30970890698e-05,0,0,-4.81910137751e-05,-1.15126550198,41.5203094482,42.0000314713,0,0,0,5.15301535827e-05,149451.817434
37.0583333333,-0.00102565239649,0.579487860203,2.40512919426,4.43056342192e-06,2.30970890698e-05,0,0,-4.81910137751e-05,-1.15126550198,41.5203094482,42.0000314713,0,0,0,5.15301535827e-05,149451.817434
37.0694444444,-0.00102565239649,0.579487860203,2.40512919426,4.43056342192e-06,2.30970890698e-05,0,0,-4.81910137751e-05,-1.15126550198,41.5203094482,42.0000314713,0,0,0,5.15301535827e-05,149451.817434
37.0805555556,-0.00102565239649,0.579487860203,2.40512919426,4.43056342192e-06,2.30970890698e-05,0,0,-4.81910137751e-05,-1.15126550198,41.5203094482,42.0000314713,0,0,0,5.15301535827e-05,149451.817434
37.0916666667,-0.00102565239649,0.579487860203,2.40512919426,4.43056342192e-06,2.30970890698e-05,0,0,-4.81910137751e-05,-1.15126550198,41.5203094482,42.0000314713,0,0,0,5.15301535827e-05,149451.817434
37.1027777778,-0.00102565239649,0.579487860203,2.40512919426,4.43056342192e-06,2.30970890698e-05,0,0,-4.81910137751e-05,-1.15126550198,41.5203094482,42.0000314713,0,0,0,5.15301535827e-05,149451.817434
37.1138888889,-0.00102565239649,0.579487860203,2.40512919426,4.43056342192e-06,2.30970890698e-05,0,0,-4.81910137751e-05,-1.15126550198,41.5203094482,42.0000314713,0,0,0,5.15301535827e-05,149451.817434
37.125,-0.00102565239649,0.579487860203,2.40512919426,4.43056342192e-06,2.30970890698e-05,0,0,-4.81910137751e-05,-1.15126550198,41.5203094482,42.0000314713,0,0,0,5.15301535827e-05,149451.817434
37.1361111111,-0.00102565239649,0.579487860203,2.40512919426,4.43056342192e-06,2.30970890698e-05,0,0,-4.81910137751e-05,-1.15126550198,41.5203094482,42.0000314713,0,0,0,5.15301535827e-05,149451.817434
37.1472222222,-0.00102565239649,0.579487860203,2.40512919426,4.43056342192e-06,2.30970890698e-05,0,0,-4.81910137751e-05,-1.15126550198,41.5203094482,42.0000314713,0,0,0,5.15301535827e-05,149451.817434
37.1583333333,-0.00102565239649,0.579487860203,2.40512919426,4.43056342192e-06,2.30970890698e-05,0,0,-4.81910137751e-05,-1.15126550198,41.5203094482,42.0000314713,0,0,0,5.15301535827e-05,149451.817434
37.1694444444,-0.00102565239649,0.579487860203,2.40512919426,4.43056342192e-06,2.30970890698e-05,0,0,-4.81910137751e-05,-1.15126550198,41.5203094482,42.0000314713,0,0,0,5.15301535827e-05,149451.817434
37.1805555556,-0.00102565239649,0.579487860203,2.40512919426,4.43056342192e-06,2.30970890698e-05,0,0,-4.81910137751e-05,-1.15126550198,41.5203094482,42.0000314713,0,0,0,5.15301535827e-05,149451.817434
37.1916666667,-0.00102565239649,0.579487860203,2.40512919426,4.43056342192e-06,2.30970890698e-05,0,0,-4.81910137751e-05,-1.15126550198,41.5203094482,42.0000314713,0,0,0,5.15301535827e-05,149451.817434
37.2027777778,-0.00102565239649,0.579487860203,2.40512919426,4.43056342192e-06,2.30970890698e-05,0,0,-4.81910137751e-05,-1.15126550198,41.5203094482,42.0000314713,0,0,0,5.15301535827e-05,149451.817434
37.2138888889,-0.00102565239649,0.579487860203,2.40512919426,4.43056342192e-06,2.30970890698e-05,0,0,-4.81910137751e-05,-1.15126550198,41.5203094482,42.0000314713,0,0,0,5.15301535827e-05,149451.817434
37.225,-0.00102565239649,0.579487860203,2.40512919426,4.43056342192e-06,2.30970890698e-05,0,0,-4.81910137751e-05,-1.15126550198,41.5203094482,42.0000314713,0,0,0,5.15301535827e-05,149451.817434
37.2361111111,-0.00102565239649,0.579487860203,2.40512919426,4.43056342192e-06,2.30970890698e-05,0,0,-4.81910137751e-05,-1.15126550198,41.5203094482,42.0000314713,0,0,0,5.15301535827e-05,149451.817434
37.2472222222,-0.00102565239649,0.579487860203,2.40512919426,4.43056342192e-06,2.30970890698e-05,0,0,-4.81910137751e-05,-1.15126550198,41.5203094482,42.0000314713,0,0,0,5.15301535827e-05,149451.817434
37.2583333333,-0.00102565239649,0.579487860203,2.40512919426,4.43056342192e-06,2.30970890698e-05,0,0,-4.81910137751e-05,-1.15126550198,41.5203094482,42.0000314713,0,0,0,5.15301535827e-05,149451.817434
37.2694444444,-0.00102565239649,0.579487860203,2.40512919426,4.43056342192e-06,2.30970890698e-05,0,0,-4.81910137751e-05,-1.15126550198,41.5203094482,42.0000314713,0,0,0,5.15301535827e-05,149451.817434
37.2805555556,-0.00102565239649,0.579487860203,2.40512919426,4.43056342192e-06,2.30970890698e-05,0,0,-4.81910137751e-05,-1.15126550198,41.5203094482,42.0000314713,0,0,0,5.15301535827e-05,149451.817434
37.2916666667,-0.00102565239649,0.579487860203,2.40512919426,4.43056342192e-06,2.30970890698e-05,0,0,-4.81910137751e-05,-1.15126550198,41.5203094482,42.0000314713,0,0,0,5.15301535827e-05,149451.817434
37.3027777778,-0.00102565239649,0.579487860203,2.40512919426,4.43056342192e-06,2.30970890698e-05,0,0,-4.81910137751e-05,-1.15126550198,41.5203094482,42.0000314713,0,0,0,5.15301535827e-05,149451.817434
37.3138888889,-0.00102565239649,0.579487860203,2.40512919426,4.43056342192e-06,2.30970890698e-05,0,0,-4.81910137751e-05,-1.15126550198,41.5203094482,42.0000314713,0,0,0,5.15301535827e-05,149451.817434
37.325,-0.00102565239649,0.579487860203,2.40512919426,4.43056342192e-06,2.30970890698e-05,0,0,-4.81910137751e-05,-1.15126550198,41.5203094482,42.0000314713,0,0,0,5.15301535827e-05,149451.817434
37.3361111111,-0.00102565239649,0.579487860203,2.40512919426,4.43056342192e-06,2.30970890698e-05,0,0,-4.81910137751e-05,-1.15126550198,41.5203094482,42.0000314713,0,0,0,5.15301535827e-05,149451.817434
37.3472222222,-0.00102565239649,0.579487860203,2.40512919426,4.43056342192e-06,2.30970890698e-05,0,0,-4.81910137751e-05,-1.15126550198,41.5203094482,42.0000314713,0,0,0,5.15301535827e-05,149451.817434
37.3583333333,-0.00102565239649,0.579487860203,2.40512919426,4.43056342192e-06,2.30970890698e-05,0,0,-4.81910137751e-05,-1.15126550198,41.5203094482,42.0000314713,0,0,0,5.15301535827e-05,149451.817434
37.3694444444,-0.00102565239649,0.579487860203,2.40512919426,4.43056342192e-06,2.30970890698e-05,0,0,-4.81910137751e-05,-1.15126550198,41.5203094482,42.0000314713,0,0,0,5.15301535827e-05,149451.817434
37.3805555556,-0.00102565239649,0.579487860203,2.40512919426,4.43056342192e-06,2.30970890698e-05,0,0,-4.81910137751e-05,-1.15126550198,41.5203094482,42.0000314713,0,0,0,5.15301535827e-05,149451.817434
37.3916666667,-0.00102565239649,0.579487860203,2.40512919426,4.43056342192e-06,2.30970890698e-05,0,0,-4.81910137751e-05,-1.15126550198,41.5203094482,42.0000314713,0,0,0,5.15301535827e-05,149451.817434
37.4027777778,-0.00102565239649,0.579487860203,2.40512919426,4.43056342192e-06,2.30970890698e-05,0,0,-4.81910137751e-05,-1.15126550198,41.5203094482,42.0000314713,0,0,0,5.15301535827e-05,149451.817434
37.4138888889,-0.00102565239649,0.579487860203,2.40512919426,4.43056342192e-06,2.30970890698e-05,0,0,-4.81910137751e-05,-1.15126550198,41.5203094482,42.0000314713,0,0,0,5.15301535827e-05,149451.817434
37.425,-0.00102565239649,0.579487860203,2.40512919426,4.43056342192e-06,2.30970890698e-05,0,0,-4.81910137751e-05,-1.15126550198,41.5203094482,42.0000314713,0,0,0,5.15301535827e-05,149451.817434
37.4361111111,-0.00102565239649,0.579487860203,2.40512919426,4.43056342192e-06,2.30970890698e-05,0,0,-4.81910137751e-05,-1.15126550198,41.5203094482,42.0000314713,0,0,0,5.15301535827e-05,149451.817434
37.4472222222,-0.00102565239649,0.579487860203,2.40512919426,4.43056342192e-06,2.30970890698e-05,0,0,-4.81910137751e-05,-1.15126550198,41.5203094482,42.0000314713,0,0,0,5.15301535827e-05,149451.817434
37.4583333333,-0.00102565239649,0.579487860203,2.40512919426,4.43056342192e-06,2.30970890698e-05,0,0,-4.81910137751e-05,-1.15126550198,41.5203094482,42.0000314713,0,0,0,5.15301535827e-05,149451.817434
37.4694444444,-0.00102565239649,0.579487860203,2.40512919426,4.43056342192e-06,2.30970890698e-05,0,0,-4.81910137751e-05,-1.15126550198,41.5203094482,42.0000314713,0,0,0,5.15301535827e-05,149451.817434
37.4805555556,-0.00102565239649,0.579487860203,2.40512919426,4.43056342192e-06,2.30970890698e-05,0,0,-4.81910137751e-05,-1.15126550198,41.5203094482,42.0000314713,0,0,0,5.15301535827e-05,149451.817434
37.4916666667,-0.00102565239649,0.579487860203,2.40512919426,4.43056342192e-06,2.30970890698e-05,0,0,-4.81910137751e-05,-1.15126550198,41.5203094482,42.0000314713,0,0,0,5.15301535827e-05,149451.817434
37.5027777778,-0.00102565239649,0.579487860203,2.40512919426,4.43056342192e-06,2.30970890698e-05,0,0,-4.81910137751e-05,-1.15126550198,41.5203094482,42.0000314713,0,0,0,5.15301535827e-05,149451.817434
37.5138888889,-0.00102565239649,0.579487860203,2.40512919426,4.43056342192e-06,2.30970890698e-05,0,0,-4.81910137751e-05,-1.15126550198,41.5203094482,42.0000314713,0,0,0,5.15301535827e-05,149451.817434
37.525,-0.00102565239649,0.579487860203,2.40512919426,4.43056342192e-06,2.30970890698e-05,0,0,-4.81910137751e-05,-1.15126550198,41.5203094482,42.0000314713,0,0,0,5.15301535827e-05,149451.817434
37.5361111111,-0.00102565239649,0.579487860203,2.40512919426,4.43056342192e-06,2.30970890698e-05,0,0,-4.81910137751e-05,-1.15126550198,41.5203094482,42.0000314713,0,0,0,5.15301535827e-05,149451.817434
37.5472222222,-0.00102565239649,0.579487860203,2.40512919426,4.43056342192e-06,2.30970890698e-05,0,0,-4.81910137751e-05,-1.15126550198,41.5203094482,42.0000314713,0,0,0,5.15301535827e-05,149451.817434
37.5583333333,-0.00102565239649,0.579487860203,2.40512919426,4.43056342192e-06,2.30970890698e-05,0,0,-4.81910137751e-05,-1.15126550198,41.5203094482,42.0000314713,0,0,0,5.15301535827e-05,149451.817434
37.5694444444,-0.00102565239649,0.579487860203,2.40512919426,4.43056342192e-06,2.30970890698e-05,0,0,-4.81910137751e-05,-1.15126550198,41.5203094482,42.0000314713,0,0,0,5.15301535827e-05,149451.817434
37.5805555556,-0.00102565239649,0.579487860203,2.40512919426,4.43056342192e-06,2.30970890698e-05,0,0,-4.81910137751e-05,-1.15126550198,41.5203094482,42.0000314713,0,0,0,5.15301535827e-05,149451.817434
37.5916666667,-0.00102565239649,0.579487860203,2.40512919426,4.43056342192e-06,2.30970890698e-05,0,0,-4.81910137751e-05,-1.15126550198,41.5203094482,42.0000314713,0,0,0,5.15301535827e-05,149451.817434
37.6027777778,-0.00102565239649,0.579487860203,2.40512919426,4.43056342192e-06,2.30970890698e-05,0,0,-4.81910137751e-05,-1.15126550198,41.5203094482,42.0000314713,0,0,0,5.15301535827e-05,149451.817434
37.6138888889,-0.00102565239649,0.579487860203,2.40512919426,4.43056342192e-06,2.30970890698e-05,0,0,-4.81910137751e-05,-1.15126550198,41.5203094482,42.0000314713,0,0,0,5.15301535827e-05,149451.817434
37.625,-0.00102565239649,0.579487860203,2.40512919426,4.43056342192e-06,2.30970890698e-05,0,0,-4.81910137751e-05,-1.15126550198,41.5203094482,42.0000314713,0,0,0,5.15301535827e-05,149451.817434
37.6361111111,-0.00102565239649,0.579487860203,2.40512919426,4.43056342192e-06,2.30970890698e-05,0,0,-4.81910137751e-05,-1.15126550198,41.5203094482,42.0000314713,0,0,0,5.15301535827e-05,149451.817434
37.6472222222,-0.00102565239649,0.579487860203,2.40512919426,4.43056342192e-06,2.30970890698e-05,0,0,-4.81910137751e-05,-1.15126550198,41.5203094482,42.0000314713,0,0,0,5.15301535827e-05,149451.817434
37.6583333333,-0.00102565239649,0.579487860203,2.40512919426,4.43056342192e-06,2.30970890698e-05,0,0,-4.81910137751e-05,-1.15126550198,41.5203094482,42.0000314713,0,0,0,5.15301535827e-05,149451.817434
37.6694444444,-0.00102565239649,0.579487860203,2.40512919426,4.43056342192e-06,2.30970890698e-05,0,0,-4.81910137751e-05,-1.15126550198,41.5203094482,42.0000314713,0,0,0,5.15301535827e-05,149451.817434
37.6805555556,-0.00102565239649,0.579487860203,2.40512919426,4.43056342192e-06,2.30970890698e-05,0,0,-4.81910137751e-05,-1.15126550198,41.5203094482,42.0000314713,0,0,0,5.15301535827e-05,149451.817434
37.6916666667,-0.00102565239649,0.579487860203,2.40512919426,4.43056342192e-06,2.30970890698e-05,0,0,-4.81910137751e-05,-1.15126550198,41.5203094482,42.0000314713,0,0,0,5.15301535827e-05,149451.817434
37.7027777778,-0.00102565239649,0.579487860203,2.40512919426,4.43056342192e-06,2.30970890698e-05,0,0,-4.81910137751e-05,-1.15126550198,41.5203094482,42.0000314713,0,0,0,5.15301535827e-05,149451.817434
37.7138888889,-0.00102565239649,0.579487860203,2.40512919426,4.43056342192e-06,2.30970890698e-05,0,0,-4.81910137751e-05,-1.15126550198,41.5203094482,42.0000314713,0,0,0,5.15301535827e-05,149451.817434
37.725,-0.00102565239649,0.579487860203,2.40512919426,4.43056342192e-06,2.30970890698e-05,0,0,-4.81910137751e-05,-1.15126550198,41.5203094482,42.0000314713,0,0,0,5.15301535827e-05,149451.817434
37.7361111111,-0.00102565239649,0.579487860203,2.40512919426,4.43056342192e-06,2.30970890698e-05,0,0,-4.81910137751e-05,-1.15126550198,41.5203094482,42.0000314713,0,0,0,5.15301535827e-05,149451.817434
37.7472222222,-0.00102565239649,0.579487860203,2.40512919426,4.43056342192e-06,2.30970890698e-05,0,0,-4.81910137751e-05,-1.15126550198,41.5203094482,42.0000314713,0,0,0,5.15301535827e-05,149451.817434
37.7583333333,-0.00102565239649,0.579487860203,2.40512919426,4.43056342192e-06,2.30970890698e-05,0,0,-4.81910137751e-05,-1.15126550198,41.5203094482,42.0000314713,0,0,0,5.15301535827e-05,149451.817434
37.7694444444,-0.00102565239649,0.579487860203,2.40512919426,4.43056342192e-06,2.30970890698e-05,0,0,-4.81910137751e-05,-1.15126550198,41.5203094482,42.0000314713,0,0,0,5.15301535827e-05,149451.817434
37.7805555556,-0.00102565239649,0.579487860203,2.40512919426,4.43056342192e-06,2.30970890698e-05,0,0,-4.81910137751e-05,-1.15126550198,41.5203094482,42.0000314713,0,0,0,5.15301535827e-05,149451.817434
37.7916666667,-0.00102565239649,0.579487860203,2.40512919426,4.43056342192e-06,2.30970890698e-05,0,0,-4.81910137751e-05,-1.15126550198,41.5203094482,42.0000314713,0,0,0,5.15301535827e-05,149451.817434
37.8027777778,-0.00102565239649,0.579487860203,2.40512919426,4.43056342192e-06,2.30970890698e-05,0,0,-4.81910137751e-05,-1.15126550198,41.5203094482,42.0000314713,0,0,0,5.15301535827e-05,149451.817434
37.8138888889,-0.00102565239649,0.579487860203,2.40512919426,4.43056342192e-06,2.30970890698e-05,0,0,-4.81910137751e-05,-1.15126550198,41.5203094482,42.0000314713,0,0,0,5.15301535827e-05,149451.817434
37.825,-0.00102565239649,0.579487860203,2.40512919426,4.43056342192e-06,2.30970890698e-05,0,0,-4.81910137751e-05,-1.15126550198,41.5203094482,42.0000314713,0,0,0,5.15301535827e-05,149451.817434
37.8361111111,-0.00102565239649,0.579487860203,2.40512919426,4.43056342192e-06,2.30970890698e-05,0,0,-4.81910137751e-05,-1.15126550198,41.5203094482,42.0000314713,0,0,0,5.15301535827e-05,149451.817434
37.8472222222,-0.00102565239649,0.579487860203,2.40512919426,4.43056342192e-06,2.30970890698e-05,0,0,-4.81910137751e-05,-1.15126550198,41.5203094482,42.0000314713,0,0,0,5.15301535827e-05,149451.817434
37.8583333333,-0.00102565239649,0.579487860203,2.40512919426,4.43056342192e-06,2.30970890698e-05,0,0,-4.81910137751e-05,-1.15126550198,41.5203094482,42.0000314713,0,0,0,5.15301535827e-05,149451.817434
37.8694444444,-0.00102565239649,0.579487860203,2.40512919426,4.43056342192e-06,2.30970890698e-05,0,0,-4.81910137751e-05,-1.15126550198,41.5203094482,42.0000314713,0,0,0,5.15301535827e-05,149451.817434
37.8805555556,-0.00102565239649,0.579487860203,2.40512919426,4.43056342192e-06,2.30970890698e-05,0,0,-4.81910137751e-05,-1.15126550198,41.5203094482,42.0000314713,0,0,0,5.15301535827e-05,149451.817434
37.8916666667,-0.00102565239649,0.579487860203,2.40512919426,4.43056342192e-06,2.30970890698e-05,0,0,-4.81910137751e-05,-1.15126550198,41.5203094482,42.0000314713,0,0,0,5.15301535827e-05,149451.817434
37.9027777778,-0.00102565239649,0.579487860203,2.40512919426,4.43056342192e-06,2.30970890698e-05,0,0,-4.81910137751e-05,-1.15126550198,41.5203094482,42.0000314713,0,0,0,5.15301535827e-05,149451.817434
37.9138888889,-0.00102565239649,0.579487860203,2.40512919426,4.43056342192e-06,2.30970890698e-05,0,0,-4.81910137751e-05,-1.15126550198,41.5203094482,42.0000314713,0,0,0,5.15301535827e-05,149451.817434
37.925,-0.00102565239649,0.579487860203,2.40512919426,4.43056342192e-06,2.30970890698e-05,0,0,-4.81910137751e-05,-1.15126550198,41.5203094482,42.0000314713,0,0,0,5.15301535827e-05,149451.817434
37.9361111111,-0.00102565239649,0.579487860203,2.40512919426,4.43056342192e-06,2.30970890698e-05,0,0,-4.81910137751e-05,-1.15126550198,41.5203094482,42.0000314713,0,0,0,5.15301535827e-05,149451.817434
37.9472222222,-0.00102565239649,0.579487860203,2.40512919426,4.43056342192e-06,2.30970890698e-05,0,0,-4.81910137751e-05,-1.15126550198,41.5203094482,42.0000314713,0,0,0,5.15301535827e-05,149451.817434
37.9583333333,-0.00102565239649,0.579487860203,2.40512919426,4.43056342192e-06,2.30970890698e-05,0,0,-4.81910137751e-05,-1.15126550198,41.5203094482,42.0000314713,0,0,0,5.15301535827e-05,149451.817434
37.9694444444,-0.00102565239649,0.579487860203,2.40512919426,4.43056342192e-06,2.30970890698e-05,0,0,-4.81910137751e-05,-1.15126550198,41.5203094482,42.0000314713,0,0,0,5.15301535827e-05,149451.817434
37.9805555556,-0.00102565239649,0.579487860203,2.40512919426,4.43056342192e-06,2.30970890698e-05,0,0,-4.81910137751e-05,-1.15126550198,41.5203094482,42.0000314713,0,0,0,5.15301535827e-05,149451.817434
37.9916666667,-0.00102565239649,0.579487860203,2.40512919426,4.43056342192e-06,2.30970890698e-05,0,0,-4.81910137751e-05,-1.15126550198,41.5203094482,42.0000314713,0,0,0,5.15301535827e-05,149451.817434
38.0027777778,-0.00102565239649,0.579487860203,2.40512919426,4.43056342192e-06,2.30970890698e-05,0,0,-4.81910137751e-05,-1.15126550198,41.5203094482,42.0000314713,0,0,0,5.15301535827e-05,149451.817434
38.0138888889,-0.00102565239649,0.579487860203,2.40512919426,4.43056342192e-06,2.30970890698e-05,0,0,-4.81910137751e-05,-1.15126550198,41.5203094482,42.0000314713,0,0,0,5.15301535827e-05,149451.817434
38.025,-0.00102565239649,0.579487860203,2.40512919426,4.43056342192e-06,2.30970890698e-05,0,0,-4.81910137751e-05,-1.15126550198,41.5203094482,42.0000314713,0,0,0,5.15301535827e-05,149451.817434
38.0361111111,-0.00102565239649,0.579487860203,2.40512919426,4.43056342192e-06,2.30970890698e-05,0,0,-4.81910137751e-05,-1.15126550198,41.5203094482,42.0000314713,0,0,0,5.15301535827e-05,149451.817434
38.0472222222,-0.00102565239649,0.579487860203,2.40512919426,4.43056342192e-06,2.30970890698e-05,0,0,-4.81910137751e-05,-1.15126550198,41.5203094482,42.0000314713,0,0,0,5.15301535827e-05,149451.817434
38.0583333333,-0.00102565239649,0.579487860203,2.40512919426,4.43056342192e-06,2.30970890698e-05,0,0,-4.81910137751e-05,-1.15126550198,41.5203094482,42.0000314713,0,0,0,5.15301535827e-05,149451.817434
38.0694444444,-0.00102565239649,0.579487860203,2.40512919426,4.43056342192e-06,2.30970890698e-05,0,0,-4.81910137751e-05,-1.15126550198,41.5203094482,42.0000314713,0,0,0,5.15301535827e-05,149451.817434
38.0805555556,-0.00102565239649,0.579487860203,2.40512919426,4.43056342192e-06,2.30970890698e-05,0,0,-4.81910137751e-05,-1.15126550198,41.5203094482,42.0000314713,0,0,0,5.15301535827e-05,149451.817434
38.0916666667,-0.00102565239649,0.579487860203,2.40512919426,4.43056342192e-06,2.30970890698e-05,0,0,-4.81910137751e-05,-1.15126550198,41.5203094482,42.0000314713,0,0,0,5.15301535827e-05,149451.817434
38.1027777778,-0.00102565239649,0.579487860203,2.40512919426,4.43056342192e-06,2.30970890698e-05,0,0,-4.81910137751e-05,-1.15126550198,41.5203094482,42.0000314713,0,0,0,5.15301535827e-05,149451.817434
38.1138888889,-0.00102565239649,0.579487860203,2.40512919426,4.43056342192e-06,2.30970890698e-05,0,0,-4.81910137751e-05,-1.15126550198,41.5203094482,42.0000314713,0,0,0,5.15301535827e-05,149451.817434
38.125,-0.00102565239649,0.579487860203,2.40512919426,4.43056342192e-06,2.30970890698e-05,0,0,-4.81910137751e-05,-1.15126550198,41.5203094482,42.0000314713,0,0,0,5.15301535827e-05,149451.817434
38.1361111111,-0.00102565239649,0.579487860203,2.40512919426,4.43056342192e-06,2.30970890698e-05,0,0,-4.81910137751e-05,-1.15126550198,41.5203094482,42.0000314713,0,0,0,5.15301535827e-05,149451.817434
38.1472222222,-0.00102565239649,0.579487860203,2.40512919426,4.43056342192e-06,2.30970890698e-05,0,0,-4.81910137751e-05,-1.15126550198,41.5203094482,42.0000314713,0,0,0,5.15301535827e-05,149451.817434
38.1583333333,-0.00102565239649,0.579487860203,2.40512919426,4.43056342192e-06,2.30970890698e-05,0,0,-4.81910137751e-05,-1.15126550198,41.5203094482,42.0000314713,0,0,0,5.15301535827e-05,149451.817434
38.1694444444,-0.00102565239649,0.579487860203,2.40512919426,4.43056342192e-06,2.30970890698e-05,0,0,-4.81910137751e-05,-1.15126550198,41.5203094482,42.0000314713,0,0,0,5.15301535827e-05,149451.817434
38.1805555556,-0.00102565239649,0.579487860203,2.40512919426,4.43056342192e-06,2.30970890698e-05,0,0,-4.81910137751e-05,-1.15126550198,41.5203094482,42.0000314713,0,0,0,5.15301535827e-05,149451.817434
38.1916666667,-0.00102565239649,0.579487860203,2.40512919426,4.43056342192e-06,2.30970890698e-05,0,0,-4.81910137751e-05,-1.15126550198,41.5203094482,42.0000314713,0,0,0,5.15301535827e-05,149451.817434
38.2027777778,-0.00102565239649,0.579487860203,2.40512919426,4.43056342192e-06,2.30970890698e-05,0,0,-4.81910137751e-05,-1.15126550198,41.5203094482,42.0000314713,0,0,0,5.15301535827e-05,149451.817434
38.2138888889,-0.00102565239649,0.579487860203,2.40512919426,4.43056342192e-06,2.30970890698e-05,0,0,-4.81910137751e-05,-1.15126550198,41.5203094482,42.0000314713,0,0,0,5.15301535827e-05,149451.817434
38.225,-0.00102565239649,0.579487860203,2.40512919426,4.43056342192e-06,2.30970890698e-05,0,0,-4.81910137751e-05,-1.15126550198,41.5203094482,42.0000314713,0,0,0,5.15301535827e-05,149451.817434
38.2361111111,-0.00102565239649,0.579487860203,2.40512919426,4.43056342192e-06,2.30970890698e-05,0,0,-4.81910137751e-05,-1.15126550198,41.5203094482,42.0000314713,0,0,0,5.15301535827e-05,149451.817434
38.2472222222,-0.00102565239649,0.579487860203,2.40512919426,4.43056342192e-06,2.30970890698e-05,0,0,-4.81910137751e-05,-1.15126550198,41.5203094482,42.0000314713,0,0,0,5.15301535827e-05,149451.817434
38.2583333333,-0.00102565239649,0.579487860203,2.40512919426,4.43056342192e-06,2.30970890698e-05,0,0,-4.81910137751e-05,-1.15126550198,41.5203094482,42.0000314713,0,0,0,5.15301535827e-05,149451.817434
38.2694444444,-0.00102565239649,0.579487860203,2.40512919426,4.43056342192e-06,2.30970890698e-05,0,0,-4.81910137751e-05,-1.15126550198,41.5203094482,42.0000314713,0,0,0,5.15301535827e-05,149451.817434
38.2805555556,-0.00102565239649,0.579487860203,2.40512919426,4.43056342192e-06,2.30970890698e-05,0,0,-4.81910137751e-05,-1.15126550198,41.5203094482,42.0000314713,0,0,0,5.15301535827e-05,149451.817434
38.2916666667,-0.00102565239649,0.579487860203,2.40512919426,4.43056342192e-06,2.30970890698e-05,0,0,-4.81910137751e-05,-1.15126550198,41.5203094482,42.0000314713,0,0,0,5.15301535827e-05,149451.817434
38.3027777778,-0.00102565239649,0.579487860203,2.40512919426,4.43056342192e-06,2.30970890698e-05,0,0,-4.81910137751e-05,-1.15126550198,41.5203094482,42.0000314713,0,0,0,5.15301535827e-05,149451.817434
38.3138888889,-0.00102565239649,0.579487860203,2.40512919426,4.43056342192e-06,2.30970890698e-05,0,0,-4.81910137751e-05,-1.15126550198,41.5203094482,42.0000314713,0,0,0,5.15301535827e-05,149451.817434
38.325,-0.00102565239649,0.579487860203,2.40512919426,4.43056342192e-06,2.30970890698e-05,0,0,-4.81910137751e-05,-1.15126550198,41.5203094482,42.0000314713,0,0,0,5.15301535827e-05,149451.817434
38.3361111111,-0.00102565239649,0.579487860203,2.40512919426,4.43056342192e-06,2.30970890698e-05,0,0,-4.81910137751e-05,-1.15126550198,41.5203094482,42.0000314713,0,0,0,5.15301535827e-05,149451.817434
38.3472222222,-0.00102565239649,0.579487860203,2.40512919426,4.43056342192e-06,2.30970890698e-05,0,0,-4.81910137751e-05,-1.15126550198,41.5203094482,42.0000314713,0,0,0,5.15301535827e-05,149451.817434
38.3583333333,-0.00102565239649,0.579487860203,2.40512919426,4.43056342192e-06,2.30970890698e-05,0,0,-4.81910137751e-05,-1.15126550198,41.5203094482,42.0000314713,0,0,0,5.15301535827e-05,149451.817434
38.3694444444,-0.00102565239649,0.579487860203,2.40512919426,4.43056342192e-06,2.30970890698e-05,0,0,-4.81910137751e-05,-1.15126550198,41.5203094482,42.0000314713,0,0,0,5.15301535827e-05,149451.817434
38.3805555556,-0.00102565239649,0.579487860203,2.40512919426,4.43056342192e-06,2.30970890698e-05,0,0,-4.81910137751e-05,-1.15126550198,41.5203094482,42.0000314713,0,0,0,5.15301535827e-05,149451.817434
38.3916666667,-0.00102565239649,0.579487860203,2.40512919426,4.43056342192e-06,2.30970890698e-05,0,0,-4.81910137751e-05,-1.15126550198,41.5203094482,42.0000314713,0,0,0,5.15301535827e-05,149451.817434
38.4027777778,-0.00102565239649,0.579487860203,2.40512919426,4.43056342192e-06,2.30970890698e-05,0,0,-4.81910137751e-05,-1.15126550198,41.5203094482,42.0000314713,0,0,0,5.15301535827e-05,149451.817434
38.4138888889,-0.00102565239649,0.579487860203,2.40512919426,4.43056342192e-06,2.30970890698e-05,0,0,-4.81910137751e-05,-1.15126550198,41.5203094482,42.0000314713,0,0,0,5.15301535827e-05,149451.817434
38.425,-0.00102565239649,0.579487860203,2.40512919426,4.43056342192e-06,2.30970890698e-05,0,0,-4.81910137751e-05,-1.15126550198,41.5203094482,42.0000314713,0,0,0,5.15301535827e-05,149451.817434
38.4361111111,-0.00102565239649,0.579487860203,2.40512919426,4.43056342192e-06,2.30970890698e-05,0,0,-4.81910137751e-05,-1.15126550198,41.5203094482,42.0000314713,0,0,0,5.15301535827e-05,149451.817434
38.4472222222,-0.00102565239649,0.579487860203,2.40512919426,4.43056342192e-06,2.30970890698e-05,0,0,-4.81910137751e-05,-1.15126550198,41.5203094482,42.0000314713,0,0,0,5.15301535827e-05,149451.817434
38.4583333333,-0.00102565239649,0.579487860203,2.40512919426,4.43056342192e-06,2.30970890698e-05,0,0,-4.81910137751e-05,-1.15126550198,41.5203094482,42.0000314713,0,0,0,5.15301535827e-05,149451.817434
38.4694444444,-0.00102565239649,0.579487860203,2.40512919426,4.43056342192e-06,2.30970890698e-05,0,0,-4.81910137751e-05,-1.15126550198,41.5203094482,42.0000314713,0,0,0,5.15301535827e-05,149451.817434
38.4805555556,-0.00102565239649,0.579487860203,2.40512919426,4.43056342192e-06,2.30970890698e-05,0,0,-4.81910137751e-05,-1.15126550198,41.5203094482,42.0000314713,0,0,0,5.15301535827e-05,149451.817434
38.4916666667,-0.00102565239649,0.579487860203,2.40512919426,4.43056342192e-06,2.30970890698e-05,0,0,-4.81910137751e-05,-1.15126550198,41.5203094482,42.0000314713,0,0,0,5.15301535827e-05,149451.817434
38.5027777778,-0.00102565239649,0.579487860203,2.40512919426,4.43056342192e-06,2.30970890698e-05,0,0,-4.81910137751e-05,-1.15126550198,41.5203094482,42.0000314713,0,0,0,5.15301535827e-05,149451.817434
38.5138888889,-0.00102565239649,0.579487860203,2.40512919426,4.43056342192e-06,2.30970890698e-05,0,0,-4.81910137751e-05,-1.15126550198,41.5203094482,42.0000314713,0,0,0,5.15301535827e-05,149451.817434
38.525,-0.00102565239649,0.579487860203,2.40512919426,4.43056342192e-06,2.30970890698e-05,0,0,-4.81910137751e-05,-1.15126550198,41.5203094482,42.0000314713,0,0,0,5.15301535827e-05,149451.817434
38.5361111111,-0.00102565239649,0.579487860203,2.40512919426,4.43056342192e-06,2.30970890698e-05,0,0,-4.81910137751e-05,-1.15126550198,41.5203094482,42.0000314713,0,0,0,5.15301535827e-05,149451.817434
38.5472222222,-0.00102565239649,0.579487860203,2.40512919426,4.43056342192e-06,2.30970890698e-05,0,0,-4.81910137751e-05,-1.15126550198,41.5203094482,42.0000314713,0,0,0,5.15301535827e-05,149451.817434
38.5583333333,-0.00102565239649,0.579487860203,2.40512919426,4.43056342192e-06,2.30970890698e-05,0,0,-4.81910137751e-05,-1.15126550198,41.5203094482,42.0000314713,0,0,0,5.15301535827e-05,149451.817434
38.5694444444,-0.00102565239649,0.579487860203,2.40512919426,4.43056342192e-06,2.30970890698e-05,0,0,-4.81910137751e-05,-1.15126550198,41.5203094482,42.0000314713,0,0,0,5.15301535827e-05,149451.817434
38.5805555556,-0.00102565239649,0.579487860203,2.40512919426,4.43056342192e-06,2.30970890698e-05,0,0,-4.81910137751e-05,-1.15126550198,41.5203094482,42.0000314713,0,0,0,5.15301535827e-05,149451.817434
38.5916666667,-0.00102565239649,0.579487860203,2.40512919426,4.43056342192e-06,2.30970890698e-05,0,0,-4.81910137751e-05,-1.15126550198,41.5203094482,42.0000314713,0,0,0,5.15301535827e-05,149451.817434
38.6027777778,-0.00102565239649,0.579487860203,2.40512919426,4.43056342192e-06,2.30970890698e-05,0,0,-4.81910137751e-05,-1.15126550198,41.5203094482,42.0000314713,0,0,0,5.15301535827e-05,149451.817434
38.6138888889,-0.00102565239649,0.579487860203,2.40512919426,4.43056342192e-06,2.30970890698e-05,0,0,-4.81910137751e-05,-1.15126550198,41.5203094482,42.0000314713,0,0,0,5.15301535827e-05,149451.817434
38.625,-0.00102565239649,0.579487860203,2.40512919426,4.43056342192e-06,2.30970890698e-05,0,0,-4.81910137751e-05,-1.15126550198,41.5203094482,42.0000314713,0,0,0,5.15301535827e-05,149451.817434
38.6361111111,-0.00102565239649,0.579487860203,2.40512919426,4.43056342192e-06,2.30970890698e-05,0,0,-4.81910137751e-05,-1.15126550198,41.5203094482,42.0000314713,0,0,0,5.15301535827e-05,149451.817434
38.6472222222,-0.00102565239649,0.579487860203,2.40512919426,4.43056342192e-06,2.30970890698e-05,0,0,-4.81910137751e-05,-1.15126550198,41.5203094482,42.0000314713,0,0,0,5.15301535827e-05,149451.817434
38.6583333333,-0.00102565239649,0.579487860203,2.40512919426,4.43056342192e-06,2.30970890698e-05,0,0,-4.81910137751e-05,-1.15126550198,41.5203094482,42.0000314713,0,0,0,5.15301535827e-05,149451.817434
38.6694444444,-0.00102565239649,0.579487860203,2.40512919426,4.43056342192e-06,2.30970890698e-05,0,0,-4.81910137751e-05,-1.15126550198,41.5203094482,42.0000314713,0,0,0,5.15301535827e-05,149451.817434
38.6805555556,-0.00102565239649,0.579487860203,2.40512919426,4.43056342192e-06,2.30970890698e-05,0,0,-4.81910137751e-05,-1.15126550198,41.5203094482,42.0000314713,0,0,0,5.15301535827e-05,149451.817434
38.6916666667,-0.00102565239649,0.579487860203,2.40512919426,4.43056342192e-06,2.30970890698e-05,0,0,-4.81910137751e-05,-1.15126550198,41.5203094482,42.0000314713,0,0,0,5.15301535827e-05,149451.817434
38.7027777778,-0.00102565239649,0.579487860203,2.40512919426,4.43056342192e-06,2.30970890698e-05,0,0,-4.81910137751e-05,-1.15126550198,41.5203094482,42.0000314713,0,0,0,5.15301535827e-05,149451.817434
38.7138888889,-0.00102565239649,0.579487860203,2.40512919426,4.43056342192e-06,2.30970890698e-05,0,0,-4.81910137751e-05,-1.15126550198,41.5203094482,42.0000314713,0,0,0,5.15301535827e-05,149451.817434
38.725,-0.00102565239649,0.579487860203,2.40512919426,4.43056342192e-06,2.30970890698e-05,0,0,-4.81910137751e-05,-1.15126550198,41.5203094482,42.0000314713,0,0,0,5.15301535827e-05,149451.817434
38.7361111111,-0.00102565239649,0.579487860203,2.40512919426,4.43056342192e-06,2.30970890698e-05,0,0,-4.81910137751e-05,-1.15126550198,41.5203094482,42.0000314713,0,0,0,5.15301535827e-05,149451.817434
38.7472222222,-0.00102565239649,0.579487860203,2.40512919426,4.43056342192e-06,2.30970890698e-05,0,0,-4.81910137751e-05,-1.15126550198,41.5203094482,42.0000314713,0,0,0,5.15301535827e-05,149451.817434
38.7583333333,-0.00102565239649,0.579487860203,2.40512919426,4.43056342192e-06,2.30970890698e-05,0,0,-4.81910137751e-05,-1.15126550198,41.5203094482,42.0000314713,0,0,0,5.15301535827e-05,149451.817434
38.7694444444,-0.00102565239649,0.579487860203,2.40512919426,4.43056342192e-06,2.30970890698e-05,0,0,-4.81910137751e-05,-1.15126550198,41.5203094482,42.0000314713,0,0,0,5.15301535827e-05,149451.817434
38.7805555556,-0.00102565239649,0.579487860203,2.40512919426,4.43056342192e-06,2.30970890698e-05,0,0,-4.81910137751e-05,-1.15126550198,41.5203094482,42.0000314713,0,0,0,5.15301535827e-05,149451.817434
38.7916666667,-0.00102565239649,0.579487860203,2.40512919426,4.43056342192e-06,2.30970890698e-05,0,0,-4.81910137751e-05,-1.15126550198,41.5203094482,42.0000314713,0,0,0,5.15301535827e-05,149451.817434
38.8027777778,-0.00102565239649,0.579487860203,2.40512919426,4.43056342192e-06,2.30970890698e-05,0,0,-4.81910137751e-05,-1.15126550198,41.5203094482,42.0000314713,0,0,0,5.15301535827e-05,149451.817434
38.8138888889,-0.00102565239649,0.579487860203,2.40512919426,4.43056342192e-06,2.30970890698e-05,0,0,-4.81910137751e-05,-1.15126550198,41.5203094482,42.0000314713,0,0,0,5.15301535827e-05,149451.817434
38.825,-0.00102565239649,0.579487860203,2.40512919426,4.43056342192e-06,2.30970890698e-05,0,0,-4.81910137751e-05,-1.15126550198,41.5203094482,42.0000314713,0,0,0,5.15301535827e-05,149451.817434
38.8361111111,-0.00102565239649,0.579487860203,2.40512919426,4.43056342192e-06,2.30970890698e-05,0,0,-4.81910137751e-05,-1.15126550198,41.5203094482,42.0000314713,0,0,0,5.15301535827e-05,149451.817434
38.8472222222,-0.00102565239649,0.579487860203,2.40512919426,4.43056342192e-06,2.30970890698e-05,0,0,-4.81910137751e-05,-1.15126550198,41.5203094482,42.0000314713,0,0,0,5.15301535827e-05,149451.817434
38.8583333333,-0.00102565239649,0.579487860203,2.40512919426,4.43056342192e-06,2.30970890698e-05,0,0,-4.81910137751e-05,-1.15126550198,41.5203094482,42.0000314713,0,0,0,5.15301535827e-05,149451.817434
38.8694444444,-0.00102565239649,0.579487860203,2.40512919426,4.43056342192e-06,2.30970890698e-05,0,0,-4.81910137751e-05,-1.15126550198,41.5203094482,42.0000314713,0,0,0,5.15301535827e-05,149451.817434
38.8805555556,-0.00102565239649,0.579487860203,2.40512919426,4.43056342192e-06,2.30970890698e-05,0,0,-4.81910137751e-05,-1.15126550198,41.5203094482,42.0000314713,0,0,0,5.15301535827e-05,149451.817434
38.8916666667,-0.00102565239649,0.579487860203,2.40512919426,4.43056342192e-06,2.30970890698e-05,0,0,-4.81910137751e-05,-1.15126550198,41.5203094482,42.0000314713,0,0,0,5.15301535827e-05,149451.817434
38.9027777778,-0.00102565239649,0.579487860203,2.40512919426,4.43056342192e-06,2.30970890698e-05,0,0,-4.81910137751e-05,-1.15126550198,41.5203094482,42.0000314713,0,0,0,5.15301535827e-05,149451.817434
38.9138888889,-0.00102565239649,0.579487860203,2.40512919426,4.43056342192e-06,2.30970890698e-05,0,0,-4.81910137751e-05,-1.15126550198,41.5203094482,42.0000314713,0,0,0,5.15301535827e-05,149451.817434
38.925,-0.00102565239649,0.579487860203,2.40512919426,4.43056342192e-06,2.30970890698e-05,0,0,-4.81910137751e-05,-1.15126550198,41.5203094482,42.0000314713,0,0,0,5.15301535827e-05,149451.817434
38.9361111111,-0.00102565239649,0.579487860203,2.40512919426,4.43056342192e-06,2.30970890698e-05,0,0,-4.81910137751e-05,-1.15126550198,41.5203094482,42.0000314713,0,0,0,5.15301535827e-05,149451.817434
38.9472222222,-0.00102565239649,0.579487860203,2.40512919426,4.43056342192e-06,2.30970890698e-05,0,0,-4.81910137751e-05,-1.15126550198,41.5203094482,42.0000314713,0,0,0,5.15301535827e-05,149451.817434
38.9583333333,-0.00102565239649,0.579487860203,2.40512919426,4.43056342192e-06,2.30970890698e-05,0,0,-4.81910137751e-05,-1.15126550198,41.5203094482,42.0000314713,0,0,0,5.15301535827e-05,149451.817434
38.9694444444,-0.00102565239649,0.579487860203,2.40512919426,4.43056342192e-06,2.30970890698e-05,0,0,-4.81910137751e-05,-1.15126550198,41.5203094482,42.0000314713,0,0,0,5.15301535827e-05,149451.817434
38.9805555556,-0.00102565239649,0.579487860203,2.40512919426,4.43056342192e-06,2.30970890698e-05,0,0,-4.81910137751e-05,-1.15126550198,41.5203094482,42.0000314713,0,0,0,5.15301535827e-05,149451.817434
38.9916666667,-0.00102565239649,0.579487860203,2.40512919426,4.43056342192e-06,2.30970890698e-05,0,0,-4.81910137751e-05,-1.15126550198,41.5203094482,42.0000314713,0,0,0,5.15301535827e-05,149451.817434
39.0027777778,-0.00102565239649,0.579487860203,2.40512919426,4.43056342192e-06,2.30970890698e-05,0,0,-4.81910137751e-05,-1.15126550198,41.5203094482,42.0000314713,0,0,0,5.15301535827e-05,149451.817434
39.0138888889,-0.00102565239649,0.579487860203,2.40512919426,4.43056342192e-06,2.30970890698e-05,0,0,-4.81910137751e-05,-1.15126550198,41.5203094482,42.0000314713,0,0,0,5.15301535827e-05,149451.817434
39.025,-0.00102565239649,0.579487860203,2.40512919426,4.43056342192e-06,2.30970890698e-05,0,0,-4.81910137751e-05,-1.15126550198,41.5203094482,42.0000314713,0,0,0,5.15301535827e-05,149451.817434
39.0361111111,-0.00102565239649,0.579487860203,2.40512919426,4.43056342192e-06,2.30970890698e-05,0,0,-4.81910137751e-05,-1.15126550198,41.5203094482,42.0000314713,0,0,0,5.15301535827e-05,149451.817434
39.0472222222,-0.00102565239649,0.579487860203,2.40512919426,4.43056342192e-06,2.30970890698e-05,0,0,-4.81910137751e-05,-1.15126550198,41.5203094482,42.0000314713,0,0,0,5.15301535827e-05,149451.817434
39.0583333333,-0.00102565239649,0.579487860203,2.40512919426,4.43056342192e-06,2.30970890698e-05,0,0,-4.81910137751e-05,-1.15126550198,41.5203094482,42.0000314713,0,0,0,5.15301535827e-05,149451.817434
39.0694444444,-0.00102565239649,0.579487860203,2.40512919426,4.43056342192e-06,2.30970890698e-05,0,0,-4.81910137751e-05,-1.15126550198,41.5203094482,42.0000314713,0,0,0,5.15301535827e-05,149451.817434
39.0805555556,-0.00102565239649,0.579487860203,2.40512919426,4.43056342192e-06,2.30970890698e-05,0,0,-4.81910137751e-05,-1.15126550198,41.5203094482,42.0000314713,0,0,0,5.15301535827e-05,149451.817434
39.0916666667,-0.00102565239649,0.579487860203,2.40512919426,4.43056342192e-06,2.30970890698e-05,0,0,-4.81910137751e-05,-1.15126550198,41.5203094482,42.0000314713,0,0,0,5.15301535827e-05,149451.817434
39.1027777778,-0.00102565239649,0.579487860203,2.40512919426,4.43056342192e-06,2.30970890698e-05,0,0,-4.81910137751e-05,-1.15126550198,41.5203094482,42.0000314713,0,0,0,5.15301535827e-05,149451.817434
39.1138888889,-0.00102565239649,0.579487860203,2.40512919426,4.43056342192e-06,2.30970890698e-05,0,0,-4.81910137751e-05,-1.15126550198,41.5203094482,42.0000314713,0,0,0,5.15301535827e-05,149451.817434
39.125,-0.00102565239649,0.579487860203,2.40512919426,4.43056342192e-06,2.30970890698e-05,0,0,-4.81910137751e-05,-1.15126550198,41.5203094482,42.0000314713,0,0,0,5.15301535827e-05,149451.817434
39.1361111111,-0.00102565239649,0.579487860203,2.40512919426,4.43056342192e-06,2.30970890698e-05,0,0,-4.81910137751e-05,-1.15126550198,41.5203094482,42.0000314713,0,0,0,5.15301535827e-05,149451.817434
39.1472222222,-0.00102565239649,0.579487860203,2.40512919426,4.43056342192e-06,2.30970890698e-05,0,0,-4.81910137751e-05,-1.15126550198,41.5203094482,42.0000314713,0,0,0,5.15301535827e-05,149451.817434
39.1583333333,-0.00102565239649,0.579487860203,2.40512919426,4.43056342192e-06,2.30970890698e-05,0,0,-4.81910137751e-05,-1.15126550198,41.5203094482,42.0000314713,0,0,0,5.15301535827e-05,149451.817434
39.1694444444,-0.00102565239649,0.579487860203,2.40512919426,4.43056342192e-06,2.30970890698e-05,0,0,-4.81910137751e-05,-1.15126550198,41.5203094482,42.0000314713,0,0,0,5.15301535827e-05,149451.817434
39.1805555556,-0.00102565239649,0.579487860203,2.40512919426,4.43056342192e-06,2.30970890698e-05,0,0,-4.81910137751e-05,-1.15126550198,41.5203094482,42.0000314713,0,0,0,5.15301535827e-05,149451.817434
39.1916666667,-0.00102565239649,0.579487860203,2.40512919426,4.43056342192e-06,2.30970890698e-05,0,0,-4.81910137751e-05,-1.15126550198,41.5203094482,42.0000314713,0,0,0,5.15301535827e-05,149451.817434
39.2027777778,-0.00102565239649,0.579487860203,2.40512919426,4.43056342192e-06,2.30970890698e-05,0,0,-4.81910137751e-05,-1.15126550198,41.5203094482,42.0000314713,0,0,0,5.15301535827e-05,149451.817434
39.2138888889,-0.00102565239649,0.579487860203,2.40512919426,4.43056342192e-06,2.30970890698e-05,0,0,-4.81910137751e-05,-1.15126550198,41.5203094482,42.0000314713,0,0,0,5.15301535827e-05,149451.817434
39.225,-0.00102565239649,0.579487860203,2.40512919426,4.43056342192e-06,2.30970890698e-05,0,0,-4.81910137751e-05,-1.15126550198,41.5203094482,42.0000314713,0,0,0,5.15301535827e-05,149451.817434
39.2361111111,-0.00102565239649,0.579487860203,2.40512919426,4.43056342192e-06,2.30970890698e-05,0,0,-4.81910137751e-05,-1.15126550198,41.5203094482,42.0000314713,0,0,0,5.15301535827e-05,149451.817434
39.2472222222,-0.00102565239649,0.579487860203,2.40512919426,4.43056342192e-06,2.30970890698e-05,0,0,-4.81910137751e-05,-1.15126550198,41.5203094482,42.0000314713,0,0,0,5.15301535827e-05,149451.817434
39.2583333333,-0.00102565239649,0.579487860203,2.40512919426,4.43056342192e-06,2.30970890698e-05,0,0,-4.81910137751e-05,-1.15126550198,41.5203094482,42.0000314713,0,0,0,5.15301535827e-05,149451.817434
39.2694444444,-0.00102565239649,0.579487860203,2.40512919426,4.43056342192e-06,2.30970890698e-05,0,0,-4.81910137751e-05,-1.15126550198,41.5203094482,42.0000314713,0,0,0,5.15301535827e-05,149451.817434
39.2805555556,-0.00102565239649,0.579487860203,2.40512919426,4.43056342192e-06,2.30970890698e-05,0,0,-4.81910137751e-05,-1.15126550198,41.5203094482,42.0000314713,0,0,0,5.15301535827e-05,149451.817434
39.2916666667,-0.00102565239649,0.579487860203,2.40512919426,4.43056342192e-06,2.30970890698e-05,0,0,-4.81910137751e-05,-1.15126550198,41.5203094482,42.0000314713,0,0,0,5.15301535827e-05,149451.817434
39.3027777778,-0.00102565239649,0.579487860203,2.40512919426,4.43056342192e-06,2.30970890698e-05,0,0,-4.81910137751e-05,-1.15126550198,41.5203094482,42.0000314713,0,0,0,5.15301535827e-05,149451.817434
39.3138888889,-0.00102565239649,0.579487860203,2.40512919426,4.43056342192e-06,2.30970890698e-05,0,0,-4.81910137751e-05,-1.15126550198,41.5203094482,42.0000314713,0,0,0,5.15301535827e-05,149451.817434
39.325,-0.00102565239649,0.579487860203,2.40512919426,4.43056342192e-06,2.30970890698e-05,0,0,-4.81910137751e-05,-1.15126550198,41.5203094482,42.0000314713,0,0,0,5.15301535827e-05,149451.817434
39.3361111111,-0.00102565239649,0.579487860203,2.40512919426,4.43056342192e-06,2.30970890698e-05,0,0,-4.81910137751e-05,-1.15126550198,41.5203094482,42.0000314713,0,0,0,5.15301535827e-05,149451.817434
39.3472222222,-0.00102565239649,0.579487860203,2.40512919426,4.43056342192e-06,2.30970890698e-05,0,0,-4.81910137751e-05,-1.15126550198,41.5203094482,42.0000314713,0,0,0,5.15301535827e-05,149451.817434
39.3583333333,-0.00102565239649,0.579487860203,2.40512919426,4.43056342192e-06,2.30970890698e-05,0,0,-4.81910137751e-05,-1.15126550198,41.5203094482,42.0000314713,0,0,0,5.15301535827e-05,149451.817434
39.3694444444,-0.00102565239649,0.579487860203,2.40512919426,4.43056342192e-06,2.30970890698e-05,0,0,-4.81910137751e-05,-1.15126550198,41.5203094482,42.0000314713,0,0,0,5.15301535827e-05,149451.817434
39.3805555556,-0.00102565239649,0.579487860203,2.40512919426,4.43056342192e-06,2.30970890698e-05,0,0,-4.81910137751e-05,-1.15126550198,41.5203094482,42.0000314713,0,0,0,5.15301535827e-05,149451.817434
39.3916666667,-0.00102565239649,0.579487860203,2.40512919426,4.43056342192e-06,2.30970890698e-05,0,0,-4.81910137751e-05,-1.15126550198,41.5203094482,42.0000314713,0,0,0,5.15301535827e-05,149451.817434
39.4027777778,-0.00102565239649,0.579487860203,2.40512919426,4.43056342192e-06,2.30970890698e-05,0,0,-4.81910137751e-05,-1.15126550198,41.5203094482,42.0000314713,0,0,0,5.15301535827e-05,149451.817434
39.4138888889,-0.00102565239649,0.579487860203,2.40512919426,4.43056342192e-06,2.30970890698e-05,0,0,-4.81910137751e-05,-1.15126550198,41.5203094482,42.0000314713,0,0,0,5.15301535827e-05,149451.817434
39.425,-0.00102565239649,0.579487860203,2.40512919426,4.43056342192e-06,2.30970890698e-05,0,0,-4.81910137751e-05,-1.15126550198,41.5203094482,42.0000314713,0,0,0,5.15301535827e-05,149451.817434
39.4361111111,-0.00102565239649,0.579487860203,2.40512919426,4.43056342192e-06,2.30970890698e-05,0,0,-4.81910137751e-05,-1.15126550198,41.5203094482,42.0000314713,0,0,0,5.15301535827e-05,149451.817434
39.4472222222,-0.00102565239649,0.579487860203,2.40512919426,4.43056342192e-06,2.30970890698e-05,0,0,-4.81910137751e-05,-1.15126550198,41.5203094482,42.0000314713,0,0,0,5.15301535827e-05,149451.817434
39.4583333333,-0.00102565239649,0.579487860203,2.40512919426,4.43056342192e-06,2.30970890698e-05,0,0,-4.81910137751e-05,-1.15126550198,41.5203094482,42.0000314713,0,0,0,5.15301535827e-05,149451.817434
39.4694444444,-0.00102565239649,0.579487860203,2.40512919426,4.43056342192e-06,2.30970890698e-05,0,0,-4.81910137751e-05,-1.15126550198,41.5203094482,42.0000314713,0,0,0,5.15301535827e-05,149451.817434
39.4805555556,-0.00102565239649,0.579487860203,2.40512919426,4.43056342192e-06,2.30970890698e-05,0,0,-4.81910137751e-05,-1.15126550198,41.5203094482,42.0000314713,0,0,0,5.15301535827e-05,149451.817434
39.4916666667,-0.00102565239649,0.579487860203,2.40512919426,4.43056342192e-06,2.30970890698e-05,0,0,-4.81910137751e-05,-1.15126550198,41.5203094482,42.0000314713,0,0,0,5.15301535827e-05,149451.817434
39.5027777778,-0.00102565239649,0.579487860203,2.40512919426,4.43056342192e-06,2.30970890698e-05,0,0,-4.81910137751e-05,-1.15126550198,41.5203094482,42.0000314713,0,0,0,5.15301535827e-05,149451.817434
39.5138888889,-0.00102565239649,0.579487860203,2.40512919426,4.43056342192e-06,2.30970890698e-05,0,0,-4.81910137751e-05,-1.15126550198,41.5203094482,42.0000314713,0,0,0,5.15301535827e-05,149451.817434
39.525,-0.00102565239649,0.579487860203,2.40512919426,4.43056342192e-06,2.30970890698e-05,0,0,-4.81910137751e-05,-1.15126550198,41.5203094482,42.0000314713,0,0,0,5.15301535827e-05,149451.817434
39.5361111111,-0.00102565239649,0.579487860203,2.40512919426,4.43056342192e-06,2.30970890698e-05,0,0,-4.81910137751e-05,-1.15126550198,41.5203094482,42.0000314713,0,0,0,5.15301535827e-05,149451.817434
39.5472222222,-0.00102565239649,0.579487860203,2.40512919426,4.43056342192e-06,2.30970890698e-05,0,0,-4.81910137751e-05,-1.15126550198,41.5203094482,42.0000314713,0,0,0,5.15301535827e-05,149451.817434
39.5583333333,-0.00102565239649,0.579487860203,2.40512919426,4.43056342192e-06,2.30970890698e-05,0,0,-4.81910137751e-05,-1.15126550198,41.5203094482,42.0000314713,0,0,0,5.15301535827e-05,149451.817434
39.5694444444,-0.00102565239649,0.579487860203,2.40512919426,4.43056342192e-06,2.30970890698e-05,0,0,-4.81910137751e-05,-1.15126550198,41.5203094482,42.0000314713,0,0,0,5.15301535827e-05,149451.817434
39.5805555556,-0.00102565239649,0.579487860203,2.40512919426,4.43056342192e-06,2.30970890698e-05,0,0,-4.81910137751e-05,-1.15126550198,41.5203094482,42.0000314713,0,0,0,5.15301535827e-05,149451.817434
39.5916666667,-0.00102565239649,0.579487860203,2.40512919426,4.43056342192e-06,2.30970890698e-05,0,0,-4.81910137751e-05,-1.15126550198,41.5203094482,42.0000314713,0,0,0,5.15301535827e-05,149451.817434
39.6027777778,-0.00102565239649,0.579487860203,2.40512919426,4.43056342192e-06,2.30970890698e-05,0,0,-4.81910137751e-05,-1.15126550198,41.5203094482,42.0000314713,0,0,0,5.15301535827e-05,149451.817434
39.6138888889,-0.00102565239649,0.579487860203,2.40512919426,4.43056342192e-06,2.30970890698e-05,0,0,-4.81910137751e-05,-1.15126550198,41.5203094482,42.0000314713,0,0,0,5.15301535827e-05,149451.817434
39.625,-0.00102565239649,0.579487860203,2.40512919426,4.43056342192e-06,2.30970890698e-05,0,0,-4.81910137751e-05,-1.15126550198,41.5203094482,42.0000314713,0,0,0,5.15301535827e-05,149451.817434
39.6361111111,-0.00102565239649,0.579487860203,2.40512919426,4.43056342192e-06,2.30970890698e-05,0,0,-4.81910137751e-05,-1.15126550198,41.5203094482,42.0000314713,0,0,0,5.15301535827e-05,149451.817434
39.6472222222,-0.00102565239649,0.579487860203,2.40512919426,4.43056342192e-06,2.30970890698e-05,0,0,-4.81910137751e-05,-1.15126550198,41.5203094482,42.0000314713,0,0,0,5.15301535827e-05,149451.817434
39.6583333333,-0.00102565239649,0.579487860203,2.40512919426,4.43056342192e-06,2.30970890698e-05,0,0,-4.81910137751e-05,-1.15126550198,41.5203094482,42.0000314713,0,0,0,5.15301535827e-05,149451.817434
39.6694444444,-0.00102565239649,0.579487860203,2.40512919426,4.43056342192e-06,2.30970890698e-05,0,0,-4.81910137751e-05,-1.15126550198,41.5203094482,42.0000314713,0,0,0,5.15301535827e-05,149451.817434
39.6805555556,-0.00102565239649,0.579487860203,2.40512919426,4.43056342192e-06,2.30970890698e-05,0,0,-4.81910137751e-05,-1.15126550198,41.5203094482,42.0000314713,0,0,0,5.15301535827e-05,149451.817434
39.6916666667,-0.00102565239649,0.579487860203,2.40512919426,4.43056342192e-06,2.30970890698e-05,0,0,-4.81910137751e-05,-1.15126550198,41.5203094482,42.0000314713,0,0,0,5.15301535827e-05,149451.817434
39.7027777778,-0.00102565239649,0.579487860203,2.40512919426,4.43056342192e-06,2.30970890698e-05,0,0,-4.81910137751e-05,-1.15126550198,41.5203094482,42.0000314713,0,0,0,5.15301535827e-05,149451.817434
39.7138888889,-0.00102565239649,0.579487860203,2.40512919426,4.43056342192e-06,2.30970890698e-05,0,0,-4.81910137751e-05,-1.15126550198,41.5203094482,42.0000314713,0,0,0,5.15301535827e-05,149451.817434
39.725,-0.00102565239649,0.579487860203,2.40512919426,4.43056342192e-06,2.30970890698e-05,0,0,-4.81910137751e-05,-1.15126550198,41.5203094482,42.0000314713,0,0,0,5.15301535827e-05,149451.817434
39.7361111111,-0.00102565239649,0.579487860203,2.40512919426,4.43056342192e-06,2.30970890698e-05,0,0,-4.81910137751e-05,-1.15126550198,41.5203094482,42.0000314713,0,0,0,5.15301535827e-05,149451.817434
39.7472222222,-0.00102565239649,0.579487860203,2.40512919426,4.43056342192e-06,2.30970890698e-05,0,0,-4.81910137751e-05,-1.15126550198,41.5203094482,42.0000314713,0,0,0,5.15301535827e-05,149451.817434
39.7583333333,-0.00102565239649,0.579487860203,2.40512919426,4.43056342192e-06,2.30970890698e-05,0,0,-4.81910137751e-05,-1.15126550198,41.5203094482,42.0000314713,0,0,0,5.15301535827e-05,149451.817434
39.7694444444,-0.00102565239649,0.579487860203,2.40512919426,4.43056342192e-06,2.30970890698e-05,0,0,-4.81910137751e-05,-1.15126550198,41.5203094482,42.0000314713,0,0,0,5.15301535827e-05,149451.817434
39.7805555556,-0.00102565239649,0.579487860203,2.40512919426,4.43056342192e-06,2.30970890698e-05,0,0,-4.81910137751e-05,-1.15126550198,41.5203094482,42.0000314713,0,0,0,5.15301535827e-05,149451.817434
39.7916666667,-0.00102565239649,0.579487860203,2.40512919426,4.43056342192e-06,2.30970890698e-05,0,0,-4.81910137751e-05,-1.15126550198,41.5203094482,42.0000314713,0,0,0,5.15301535827e-05,149451.817434
39.8027777778,-0.00102565239649,0.579487860203,2.40512919426,4.43056342192e-06,2.30970890698e-05,0,0,-4.81910137751e-05,-1.15126550198,41.5203094482,42.0000314713,0,0,0,5.15301535827e-05,149451.817434
39.8138888889,-0.00102565239649,0.579487860203,2.40512919426,4.43056342192e-06,2.30970890698e-05,0,0,-4.81910137751e-05,-1.15126550198,41.5203094482,42.0000314713,0,0,0,5.15301535827e-05,149451.817434
39.825,-0.00102565239649,0.579487860203,2.40512919426,4.43056342192e-06,2.30970890698e-05,0,0,-4.81910137751e-05,-1.15126550198,41.5203094482,42.0000314713,0,0,0,5.15301535827e-05,149451.817434
39.8361111111,-0.00102565239649,0.579487860203,2.40512919426,4.43056342192e-06,2.30970890698e-05,0,0,-4.81910137751e-05,-1.15126550198,41.5203094482,42.0000314713,0,0,0,5.15301535827e-05,149451.817434
39.8472222222,-0.00102565239649,0.579487860203,2.40512919426,4.43056342192e-06,2.30970890698e-05,0,0,-4.81910137751e-05,-1.15126550198,41.5203094482,42.0000314713,0,0,0,5.15301535827e-05,149451.817434
39.8583333333,-0.00102565239649,0.579487860203,2.40512919426,4.43056342192e-06,2.30970890698e-05,0,0,-4.81910137751e-05,-1.15126550198,41.5203094482,42.0000314713,0,0,0,5.15301535827e-05,149451.817434
39.8694444444,-0.00102565239649,0.579487860203,2.40512919426,4.43056342192e-06,2.30970890698e-05,0,0,-4.81910137751e-05,-1.15126550198,41.5203094482,42.0000314713,0,0,0,5.15301535827e-05,149451.817434
39.8805555556,-0.00102565239649,0.579487860203,2.40512919426,4.43056342192e-06,2.30970890698e-05,0,0,-4.81910137751e-05,-1.15126550198,41.5203094482,42.0000314713,0,0,0,5.15301535827e-05,149451.817434
39.8916666667,-0.00102565239649,0.579487860203,2.40512919426,4.43056342192e-06,2.30970890698e-05,0,0,-4.81910137751e-05,-1.15126550198,41.5203094482,42.0000314713,0,0,0,5.15301535827e-05,149451.817434
39.9027777778,-0.00102565239649,0.579487860203,2.40512919426,4.43056342192e-06,2.30970890698e-05,0,0,-4.81910137751e-05,-1.15126550198,41.5203094482,42.0000314713,0,0,0,5.15301535827e-05,149451.817434
39.9138888889,-0.00102565239649,0.579487860203,2.40512919426,4.43056342192e-06,2.30970890698e-05,0,0,-4.81910137751e-05,-1.15126550198,41.5203094482,42.0000314713,0,0,0,5.15301535827e-05,149451.817434
39.925,-0.00102565239649,0.579487860203,2.40512919426,4.43056342192e-06,2.30970890698e-05,0,0,-4.81910137751e-05,-1.15126550198,41.5203094482,42.0000314713,0,0,0,5.15301535827e-05,149451.817434
39.9361111111,-0.00102565239649,0.579487860203,2.40512919426,4.43056342192e-06,2.30970890698e-05,0,0,-4.81910137751e-05,-1.15126550198,41.5203094482,42.0000314713,0,0,0,5.15301535827e-05,149451.817434
39.9472222222,-0.00102565239649,0.579487860203,2.40512919426,4.43056342192e-06,2.30970890698e-05,0,0,-4.81910137751e-05,-1.15126550198,41.5203094482,42.0000314713,0,0,0,5.15301535827e-05,149451.817434
39.9583333333,-0.00102565239649,0.579487860203,2.40512919426,4.43056342192e-06,2.30970890698e-05,0,0,-4.81910137751e-05,-1.15126550198,41.5203094482,42.0000314713,0,0,0,5.15301535827e-05,149451.817434
39.9694444444,-0.00102565239649,0.579487860203,2.40512919426,4.43056342192e-06,2.30970890698e-05,0,0,-4.81910137751e-05,-1.15126550198,41.5203094482,42.0000314713,0,0,0,5.15301535827e-05,149451.817434
39.9805555556,-0.00102565239649,0.579487860203,2.40512919426,4.43056342192e-06,2.30970890698e-05,0,0,-4.81910137751e-05,-1.15126550198,41.5203094482,42.0000314713,0,0,0,5.15301535827e-05,149451.817434
39.9916666667,-0.00102565239649,0.579487860203,2.40512919426,4.43056342192e-06,2.30970890698e-05,0,0,-4.81910137751e-05,-1.15126550198,41.5203094482,42.0000314713,0,0,0,5.15301535827e-05,149451.817434
40.0027777778,-0.00102565239649,0.579487860203,2.40512919426,4.43056342192e-06,2.30970890698e-05,0,0,-4.81910137751e-05,-1.15126550198,41.5203094482,42.0000314713,0,0,0,5.15301535827e-05,149451.817434
40.0138888889,-0.00102565239649,0.579487860203,2.40512919426,4.43056342192e-06,2.30970890698e-05,0,0,-4.81910137751e-05,-1.15126550198,41.5203094482,42.0000314713,0,0,0,5.15301535827e-05,149451.817434
40.025,-0.00102565239649,0.579487860203,2.40512919426,4.43056342192e-06,2.30970890698e-05,0,0,-4.81910137751e-05,-1.15126550198,41.5203094482,42.0000314713,0,0,0,5.15301535827e-05,149451.817434
40.0361111111,-0.00102565239649,0.579487860203,2.40512919426,4.43056342192e-06,2.30970890698e-05,0,0,-4.81910137751e-05,-1.15126550198,41.5203094482,42.0000314713,0,0,0,5.15301535827e-05,149451.817434
40.0472222222,-0.00102565239649,0.579487860203,2.40512919426,4.43056342192e-06,2.30970890698e-05,0,0,-4.81910137751e-05,-1.15126550198,41.5203094482,42.0000314713,0,0,0,5.15301535827e-05,149451.817434
40.0583333333,-0.00102565239649,0.579487860203,2.40512919426,4.43056342192e-06,2.30970890698e-05,0,0,-4.81910137751e-05,-1.15126550198,41.5203094482,42.0000314713,0,0,0,5.15301535827e-05,149451.817434
40.0694444444,-0.00102565239649,0.579487860203,2.40512919426,4.43056342192e-06,2.30970890698e-05,0,0,-4.81910137751e-05,-1.15126550198,41.5203094482,42.0000314713,0,0,0,5.15301535827e-05,149451.817434
40.0805555556,-0.00102565239649,0.579487860203,2.40512919426,4.43056342192e-06,2.30970890698e-05,0,0,-4.81910137751e-05,-1.15126550198,41.5203094482,42.0000314713,0,0,0,5.15301535827e-05,149451.817434
40.0916666667,-0.00102565239649,0.579487860203,2.40512919426,4.43056342192e-06,2.30970890698e-05,0,0,-4.81910137751e-05,-1.15126550198,41.5203094482,42.0000314713,0,0,0,5.15301535827e-05,149451.817434
40.1027777778,-0.00102565239649,0.579487860203,2.40512919426,4.43056342192e-06,2.30970890698e-05,0,0,-4.81910137751e-05,-1.15126550198,41.5203094482,42.0000314713,0,0,0,5.15301535827e-05,149451.817434
40.1138888889,-0.00102565239649,0.579487860203,2.40512919426,4.43056342192e-06,2.30970890698e-05,0,0,-4.81910137751e-05,-1.15126550198,41.5203094482,42.0000314713,0,0,0,5.15301535827e-05,149451.817434
40.125,-0.00102565239649,0.579487860203,2.40512919426,4.43056342192e-06,2.30970890698e-05,0,0,-4.81910137751e-05,-1.15126550198,41.5203094482,42.0000314713,0,0,0,5.15301535827e-05,149451.817434
40.1361111111,-0.00102565239649,0.579487860203,2.40512919426,4.43056342192e-06,2.30970890698e-05,0,0,-4.81910137751e-05,-1.15126550198,41.5203094482,42.0000314713,0,0,0,5.15301535827e-05,149451.817434
40.1472222222,-0.00102565239649,0.579487860203,2.40512919426,4.43056342192e-06,2.30970890698e-05,0,0,-4.81910137751e-05,-1.15126550198,41.5203094482,42.0000314713,0,0,0,5.15301535827e-05,149451.817434
40.1583333333,-0.00102565239649,0.579487860203,2.40512919426,4.43056342192e-06,2.30970890698e-05,0,0,-4.81910137751e-05,-1.15126550198,41.5203094482,42.0000314713,0,0,0,5.15301535827e-05,149451.817434
40.1694444444,-0.00102565239649,0.579487860203,2.40512919426,4.43056342192e-06,2.30970890698e-05,0,0,-4.81910137751e-05,-1.15126550198,41.5203094482,42.0000314713,0,0,0,5.15301535827e-05,149451.817434
40.1805555556,-0.00102565239649,0.579487860203,2.40512919426,4.43056342192e-06,2.30970890698e-05,0,0,-4.81910137751e-05,-1.15126550198,41.5203094482,42.0000314713,0,0,0,5.15301535827e-05,149451.817434
40.1916666667,-0.00102565239649,0.579487860203,2.40512919426,4.43056342192e-06,2.30970890698e-05,0,0,-4.81910137751e-05,-1.15126550198,41.5203094482,42.0000314713,0,0,0,5.15301535827e-05,149451.817434
40.2027777778,-0.00102565239649,0.579487860203,2.40512919426,4.43056342192e-06,2.30970890698e-05,0,0,-4.81910137751e-05,-1.15126550198,41.5203094482,42.0000314713,0,0,0,5.15301535827e-05,149451.817434
40.2138888889,-0.00102565239649,0.579487860203,2.40512919426,4.43056342192e-06,2.30970890698e-05,0,0,-4.81910137751e-05,-1.15126550198,41.5203094482,42.0000314713,0,0,0,5.15301535827e-05,149451.817434
40.225,-0.00102565239649,0.579487860203,2.40512919426,4.43056342192e-06,2.30970890698e-05,0,0,-4.81910137751e-05,-1.15126550198,41.5203094482,42.0000314713,0,0,0,5.15301535827e-05,149451.817434
40.2361111111,-0.00102565239649,0.579487860203,2.40512919426,4.43056342192e-06,2.30970890698e-05,0,0,-4.81910137751e-05,-1.15126550198,41.5203094482,42.0000314713,0,0,0,5.15301535827e-05,149451.817434
40.2472222222,-0.00102565239649,0.579487860203,2.40512919426,4.43056342192e-06,2.30970890698e-05,0,0,-4.81910137751e-05,-1.15126550198,41.5203094482,42.0000314713,0,0,0,5.15301535827e-05,149451.817434
40.2583333333,-0.00102565239649,0.579487860203,2.40512919426,4.43056342192e-06,2.30970890698e-05,0,0,-4.81910137751e-05,-1.15126550198,41.5203094482,42.0000314713,0,0,0,5.15301535827e-05,149451.817434
40.2694444444,-0.00102565239649,0.579487860203,2.40512919426,4.43056342192e-06,2.30970890698e-05,0,0,-4.81910137751e-05,-1.15126550198,41.5203094482,42.0000314713,0,0,0,5.15301535827e-05,149451.817434
40.2805555556,-0.00102565239649,0.579487860203,2.40512919426,4.43056342192e-06,2.30970890698e-05,0,0,-4.81910137751e-05,-1.15126550198,41.5203094482,42.0000314713,0,0,0,5.15301535827e-05,149451.817434
40.2916666667,-0.00102565239649,0.579487860203,2.40512919426,4.43056342192e-06,2.30970890698e-05,0,0,-4.81910137751e-05,-1.15126550198,41.5203094482,42.0000314713,0,0,0,5.15301535827e-05,149451.817434
40.3027777778,-0.00102565239649,0.579487860203,2.40512919426,4.43056342192e-06,2.30970890698e-05,0,0,-4.81910137751e-05,-1.15126550198,41.5203094482,42.0000314713,0,0,0,5.15301535827e-05,149451.817434
40.3138888889,-0.00102565239649,0.579487860203,2.40512919426,4.43056342192e-06,2.30970890698e-05,0,0,-4.81910137751e-05,-1.15126550198,41.5203094482,42.0000314713,0,0,0,5.15301535827e-05,149451.817434
40.325,-0.00102565239649,0.579487860203,2.40512919426,4.43056342192e-06,2.30970890698e-05,0,0,-4.81910137751e-05,-1.15126550198,41.5203094482,42.0000314713,0,0,0,5.15301535827e-05,149451.817434
40.3361111111,-0.00102565239649,0.579487860203,2.40512919426,4.43056342192e-06,2.30970890698e-05,0,0,-4.81910137751e-05,-1.15126550198,41.5203094482,42.0000314713,0,0,0,5.15301535827e-05,149451.817434
40.3472222222,-0.00102565239649,0.579487860203,2.40512919426,4.43056342192e-06,2.30970890698e-05,0,0,-4.81910137751e-05,-1.15126550198,41.5203094482,42.0000314713,0,0,0,5.15301535827e-05,149451.817434
40.3583333333,-0.00102565239649,0.579487860203,2.40512919426,4.43056342192e-06,2.30970890698e-05,0,0,-4.81910137751e-05,-1.15126550198,41.5203094482,42.0000314713,0,0,0,5.15301535827e-05,149451.817434
40.3694444444,-0.00102565239649,0.579487860203,2.40512919426,4.43056342192e-06,2.30970890698e-05,0,0,-4.81910137751e-05,-1.15126550198,41.5203094482,42.0000314713,0,0,0,5.15301535827e-05,149451.817434
40.3805555556,-0.00102565239649,0.579487860203,2.40512919426,4.43056342192e-06,2.30970890698e-05,0,0,-4.81910137751e-05,-1.15126550198,41.5203094482,42.0000314713,0,0,0,5.15301535827e-05,149451.817434
40.3916666667,-0.00102565239649,0.579487860203,2.40512919426,4.43056342192e-06,2.30970890698e-05,0,0,-4.81910137751e-05,-1.15126550198,41.5203094482,42.0000314713,0,0,0,5.15301535827e-05,149451.817434
40.4027777778,-0.00102565239649,0.579487860203,2.40512919426,4.43056342192e-06,2.30970890698e-05,0,0,-4.81910137751e-05,-1.15126550198,41.5203094482,42.0000314713,0,0,0,5.15301535827e-05,149451.817434
40.4138888889,-0.00102565239649,0.579487860203,2.40512919426,4.43056342192e-06,2.30970890698e-05,0,0,-4.81910137751e-05,-1.15126550198,41.5203094482,42.0000314713,0,0,0,5.15301535827e-05,149451.817434
40.425,-0.00102565239649,0.579487860203,2.40512919426,4.43056342192e-06,2.30970890698e-05,0,0,-4.81910137751e-05,-1.15126550198,41.5203094482,42.0000314713,0,0,0,5.15301535827e-05,149451.817434
40.4361111111,-0.00102565239649,0.579487860203,2.40512919426,4.43056342192e-06,2.30970890698e-05,0,0,-4.81910137751e-05,-1.15126550198,41.5203094482,42.0000314713,0,0,0,5.15301535827e-05,149451.817434
40.4472222222,-0.00102565239649,0.579487860203,2.40512919426,4.43056342192e-06,2.30970890698e-05,0,0,-4.81910137751e-05,-1.15126550198,41.5203094482,42.0000314713,0,0,0,5.15301535827e-05,149451.817434
40.4583333333,-0.00102565239649,0.579487860203,2.40512919426,4.43056342192e-06,2.30970890698e-05,0,0,-4.81910137751e-05,-1.15126550198,41.5203094482,42.0000314713,0,0,0,5.15301535827e-05,149451.817434
40.4694444444,-0.00102565239649,0.579487860203,2.40512919426,4.43056342192e-06,2.30970890698e-05,0,0,-4.81910137751e-05,-1.15126550198,41.5203094482,42.0000314713,0,0,0,5.15301535827e-05,149451.817434
40.4805555556,-0.00102565239649,0.579487860203,2.40512919426,4.43056342192e-06,2.30970890698e-05,0,0,-4.81910137751e-05,-1.15126550198,41.5203094482,42.0000314713,0,0,0,5.15301535827e-05,149451.817434
40.4916666667,-0.00102565239649,0.579487860203,2.40512919426,4.43056342192e-06,2.30970890698e-05,0,0,-4.81910137751e-05,-1.15126550198,41.5203094482,42.0000314713,0,0,0,5.15301535827e-05,149451.817434
40.5027777778,-0.00102565239649,0.579487860203,2.40512919426,4.43056342192e-06,2.30970890698e-05,0,0,-4.81910137751e-05,-1.15126550198,41.5203094482,42.0000314713,0,0,0,5.15301535827e-05,149451.817434
40.5138888889,-0.00102565239649,0.579487860203,2.40512919426,4.43056342192e-06,2.30970890698e-05,0,0,-4.81910137751e-05,-1.15126550198,41.5203094482,42.0000314713,0,0,0,5.15301535827e-05,149451.817434
40.525,-0.00102565239649,0.579487860203,2.40512919426,4.43056342192e-06,2.30970890698e-05,0,0,-4.81910137751e-05,-1.15126550198,41.5203094482,42.0000314713,0,0,0,5.15301535827e-05,149451.817434
40.5361111111,-0.00102565239649,0.579487860203,2.40512919426,4.43056342192e-06,2.30970890698e-05,0,0,-4.81910137751e-05,-1.15126550198,41.5203094482,42.0000314713,0,0,0,5.15301535827e-05,149451.817434
40.5472222222,-0.00102565239649,0.579487860203,2.40512919426,4.43056342192e-06,2.30970890698e-05,0,0,-4.81910137751e-05,-1.15126550198,41.5203094482,42.0000314713,0,0,0,5.15301535827e-05,149451.817434
40.5583333333,-0.00102565239649,0.579487860203,2.40512919426,4.43056342192e-06,2.30970890698e-05,0,0,-4.81910137751e-05,-1.15126550198,41.5203094482,42.0000314713,0,0,0,5.15301535827e-05,149451.817434
40.5694444444,-0.00102565239649,0.579487860203,2.40512919426,4.43056342192e-06,2.30970890698e-05,0,0,-4.81910137751e-05,-1.15126550198,41.5203094482,42.0000314713,0,0,0,5.15301535827e-05,149451.817434
40.5805555556,-0.00102565239649,0.579487860203,2.40512919426,4.43056342192e-06,2.30970890698e-05,0,0,-4.81910137751e-05,-1.15126550198,41.5203094482,42.0000314713,0,0,0,5.15301535827e-05,149451.817434
40.5916666667,-0.00102565239649,0.579487860203,2.40512919426,4.43056342192e-06,2.30970890698e-05,0,0,-4.81910137751e-05,-1.15126550198,41.5203094482,42.0000314713,0,0,0,5.15301535827e-05,149451.817434
40.6027777778,-0.00102565239649,0.579487860203,2.40512919426,4.43056342192e-06,2.30970890698e-05,0,0,-4.81910137751e-05,-1.15126550198,41.5203094482,42.0000314713,0,0,0,5.15301535827e-05,149451.817434
40.6138888889,-0.00102565239649,0.579487860203,2.40512919426,4.43056342192e-06,2.30970890698e-05,0,0,-4.81910137751e-05,-1.15126550198,41.5203094482,42.0000314713,0,0,0,5.15301535827e-05,149451.817434
40.625,-0.00102565239649,0.579487860203,2.40512919426,4.43056342192e-06,2.30970890698e-05,0,0,-4.81910137751e-05,-1.15126550198,41.5203094482,42.0000314713,0,0,0,5.15301535827e-05,149451.817434
40.6361111111,-0.00102565239649,0.579487860203,2.40512919426,4.43056342192e-06,2.30970890698e-05,0,0,-4.81910137751e-05,-1.15126550198,41.5203094482,42.0000314713,0,0,0,5.15301535827e-05,149451.817434
40.6472222222,-0.00102565239649,0.579487860203,2.40512919426,4.43056342192e-06,2.30970890698e-05,0,0,-4.81910137751e-05,-1.15126550198,41.5203094482,42.0000314713,0,0,0,5.15301535827e-05,149451.817434
40.6583333333,-0.00102565239649,0.579487860203,2.40512919426,4.43056342192e-06,2.30970890698e-05,0,0,-4.81910137751e-05,-1.15126550198,41.5203094482,42.0000314713,0,0,0,5.15301535827e-05,149451.817434
40.6694444444,-0.00102565239649,0.579487860203,2.40512919426,4.43056342192e-06,2.30970890698e-05,0,0,-4.81910137751e-05,-1.15126550198,41.5203094482,42.0000314713,0,0,0,5.15301535827e-05,149451.817434
40.6805555556,-0.00102565239649,0.579487860203,2.40512919426,4.43056342192e-06,2.30970890698e-05,0,0,-4.81910137751e-05,-1.15126550198,41.5203094482,42.0000314713,0,0,0,5.15301535827e-05,149451.817434
40.6916666667,-0.00102565239649,0.579487860203,2.40512919426,4.43056342192e-06,2.30970890698e-05,0,0,-4.81910137751e-05,-1.15126550198,41.5203094482,42.0000314713,0,0,0,5.15301535827e-05,149451.817434
40.7027777778,-0.00102565239649,0.579487860203,2.40512919426,4.43056342192e-06,2.30970890698e-05,0,0,-4.81910137751e-05,-1.15126550198,41.5203094482,42.0000314713,0,0,0,5.15301535827e-05,149451.817434
40.7138888889,-0.00102565239649,0.579487860203,2.40512919426,4.43056342192e-06,2.30970890698e-05,0,0,-4.81910137751e-05,-1.15126550198,41.5203094482,42.0000314713,0,0,0,5.15301535827e-05,149451.817434
40.725,-0.00102565239649,0.579487860203,2.40512919426,4.43056342192e-06,2.30970890698e-05,0,0,-4.81910137751e-05,-1.15126550198,41.5203094482,42.0000314713,0,0,0,5.15301535827e-05,149451.817434
40.7361111111,-0.00102565239649,0.579487860203,2.40512919426,4.43056342192e-06,2.30970890698e-05,0,0,-4.81910137751e-05,-1.15126550198,41.5203094482,42.0000314713,0,0,0,5.15301535827e-05,149451.817434
40.7472222222,-0.00102565239649,0.579487860203,2.40512919426,4.43056342192e-06,2.30970890698e-05,0,0,-4.81910137751e-05,-1.15126550198,41.5203094482,42.0000314713,0,0,0,5.15301535827e-05,149451.817434
40.7583333333,-0.00102565239649,0.579487860203,2.40512919426,4.43056342192e-06,2.30970890698e-05,0,0,-4.81910137751e-05,-1.15126550198,41.5203094482,42.0000314713,0,0,0,5.15301535827e-05,149451.817434
40.7694444444,-0.00102565239649,0.579487860203,2.40512919426,4.43056342192e-06,2.30970890698e-05,0,0,-4.81910137751e-05,-1.15126550198,41.5203094482,42.0000314713,0,0,0,5.15301535827e-05,149451.817434
40.7805555556,-0.00102565239649,0.579487860203,2.40512919426,4.43056342192e-06,2.30970890698e-05,0,0,-4.81910137751e-05,-1.15126550198,41.5203094482,42.0000314713,0,0,0,5.15301535827e-05,149451.817434
40.7916666667,-0.00102565239649,0.579487860203,2.40512919426,4.43056342192e-06,2.30970890698e-05,0,0,-4.81910137751e-05,-1.15126550198,41.5203094482,42.0000314713,0,0,0,5.15301535827e-05,149451.817434
40.8027777778,-0.00102565239649,0.579487860203,2.40512919426,4.43056342192e-06,2.30970890698e-05,0,0,-4.81910137751e-05,-1.15126550198,41.5203094482,42.0000314713,0,0,0,5.15301535827e-05,149451.817434
40.8138888889,-0.00102565239649,0.579487860203,2.40512919426,4.43056342192e-06,2.30970890698e-05,0,0,-4.81910137751e-05,-1.15126550198,41.5203094482,42.0000314713,0,0,0,5.15301535827e-05,149451.817434
40.825,-0.00102565239649,0.579487860203,2.40512919426,4.43056342192e-06,2.30970890698e-05,0,0,-4.81910137751e-05,-1.15126550198,41.5203094482,42.0000314713,0,0,0,5.15301535827e-05,149451.817434
40.8361111111,-0.00102565239649,0.579487860203,2.40512919426,4.43056342192e-06,2.30970890698e-05,0,0,-4.81910137751e-05,-1.15126550198,41.5203094482,42.0000314713,0,0,0,5.15301535827e-05,149451.817434
40.8472222222,-0.00102565239649,0.579487860203,2.40512919426,4.43056342192e-06,2.30970890698e-05,0,0,-4.81910137751e-05,-1.15126550198,41.5203094482,42.0000314713,0,0,0,5.15301535827e-05,149451.817434
40.8583333333,-0.00102565239649,0.579487860203,2.40512919426,4.43056342192e-06,2.30970890698e-05,0,0,-4.81910137751e-05,-1.15126550198,41.5203094482,42.0000314713,0,0,0,5.15301535827e-05,149451.817434
40.8694444444,-0.00102565239649,0.579487860203,2.40512919426,4.43056342192e-06,2.30970890698e-05,0,0,-4.81910137751e-05,-1.15126550198,41.5203094482,42.0000314713,0,0,0,5.15301535827e-05,149451.817434
40.8805555556,-0.00102565239649,0.579487860203,2.40512919426,4.43056342192e-06,2.30970890698e-05,0,0,-4.81910137751e-05,-1.15126550198,41.5203094482,42.0000314713,0,0,0,5.15301535827e-05,149451.817434
40.8916666667,-0.00102565239649,0.579487860203,2.40512919426,4.43056342192e-06,2.30970890698e-05,0,0,-4.81910137751e-05,-1.15126550198,41.5203094482,42.0000314713,0,0,0,5.15301535827e-05,149451.817434
40.9027777778,-0.00102565239649,0.579487860203,2.40512919426,4.43056342192e-06,2.30970890698e-05,0,0,-4.81910137751e-05,-1.15126550198,41.5203094482,42.0000314713,0,0,0,5.15301535827e-05,149451.817434
40.9138888889,-0.00102565239649,0.579487860203,2.40512919426,4.43056342192e-06,2.30970890698e-05,0,0,-4.81910137751e-05,-1.15126550198,41.5203094482,42.0000314713,0,0,0,5.15301535827e-05,149451.817434
40.925,-0.00102565239649,0.579487860203,2.40512919426,4.43056342192e-06,2.30970890698e-05,0,0,-4.81910137751e-05,-1.15126550198,41.5203094482,42.0000314713,0,0,0,5.15301535827e-05,149451.817434
40.9361111111,-0.00102565239649,0.579487860203,2.40512919426,4.43056342192e-06,2.30970890698e-05,0,0,-4.81910137751e-05,-1.15126550198,41.5203094482,42.0000314713,0,0,0,5.15301535827e-05,149451.817434
40.9472222222,-0.00102565239649,0.579487860203,2.40512919426,4.43056342192e-06,2.30970890698e-05,0,0,-4.81910137751e-05,-1.15126550198,41.5203094482,42.0000314713,0,0,0,5.15301535827e-05,149451.817434
40.9583333333,-0.00102565239649,0.579487860203,2.40512919426,4.43056342192e-06,2.30970890698e-05,0,0,-4.81910137751e-05,-1.15126550198,41.5203094482,42.0000314713,0,0,0,5.15301535827e-05,149451.817434
40.9694444444,-0.00102565239649,0.579487860203,2.40512919426,4.43056342192e-06,2.30970890698e-05,0,0,-4.81910137751e-05,-1.15126550198,41.5203094482,42.0000314713,0,0,0,5.15301535827e-05,149451.817434
40.9805555556,-0.00102565239649,0.579487860203,2.40512919426,4.43056342192e-06,2.30970890698e-05,0,0,-4.81910137751e-05,-1.15126550198,41.5203094482,42.0000314713,0,0,0,5.15301535827e-05,149451.817434
40.9916666667,-0.00102565239649,0.579487860203,2.40512919426,4.43056342192e-06,2.30970890698e-05,0,0,-4.81910137751e-05,-1.15126550198,41.5203094482,42.0000314713,0,0,0,5.15301535827e-05,149451.817434
41.0027777778,-0.00102565239649,0.579487860203,2.40512919426,4.43056342192e-06,2.30970890698e-05,0,0,-4.81910137751e-05,-1.15126550198,41.5203094482,42.0000314713,0,0,0,5.15301535827e-05,149451.817434
41.0138888889,-0.00102565239649,0.579487860203,2.40512919426,4.43056342192e-06,2.30970890698e-05,0,0,-4.81910137751e-05,-1.15126550198,41.5203094482,42.0000314713,0,0,0,5.15301535827e-05,149451.817434
41.025,-0.00102565239649,0.579487860203,2.40512919426,4.43056342192e-06,2.30970890698e-05,0,0,-4.81910137751e-05,-1.15126550198,41.5203094482,42.0000314713,0,0,0,5.15301535827e-05,149451.817434
41.0361111111,-0.00102565239649,0.579487860203,2.40512919426,4.43056342192e-06,2.30970890698e-05,0,0,-4.81910137751e-05,-1.15126550198,41.5203094482,42.0000314713,0,0,0,5.15301535827e-05,149451.817434
41.0472222222,-0.00102565239649,0.579487860203,2.40512919426,4.43056342192e-06,2.30970890698e-05,0,0,-4.81910137751e-05,-1.15126550198,41.5203094482,42.0000314713,0,0,0,5.15301535827e-05,149451.817434
41.0583333333,-0.00102565239649,0.579487860203,2.40512919426,4.43056342192e-06,2.30970890698e-05,0,0,-4.81910137751e-05,-1.15126550198,41.5203094482,42.0000314713,0,0,0,5.15301535827e-05,149451.817434
41.0694444444,-0.00102565239649,0.579487860203,2.40512919426,4.43056342192e-06,2.30970890698e-05,0,0,-4.81910137751e-05,-1.15126550198,41.5203094482,42.0000314713,0,0,0,5.15301535827e-05,149451.817434
41.0805555556,-0.00102565239649,0.579487860203,2.40512919426,4.43056342192e-06,2.30970890698e-05,0,0,-4.81910137751e-05,-1.15126550198,41.5203094482,42.0000314713,0,0,0,5.15301535827e-05,149451.817434
41.0916666667,-0.00102565239649,0.579487860203,2.40512919426,4.43056342192e-06,2.30970890698e-05,0,0,-4.81910137751e-05,-1.15126550198,41.5203094482,42.0000314713,0,0,0,5.15301535827e-05,149451.817434
41.1027777778,-0.00102565239649,0.579487860203,2.40512919426,4.43056342192e-06,2.30970890698e-05,0,0,-4.81910137751e-05,-1.15126550198,41.5203094482,42.0000314713,0,0,0,5.15301535827e-05,149451.817434
41.1138888889,-0.00102565239649,0.579487860203,2.40512919426,4.43056342192e-06,2.30970890698e-05,0,0,-4.81910137751e-05,-1.15126550198,41.5203094482,42.0000314713,0,0,0,5.15301535827e-05,149451.817434
41.125,-0.00102565239649,0.579487860203,2.40512919426,4.43056342192e-06,2.30970890698e-05,0,0,-4.81910137751e-05,-1.15126550198,41.5203094482,42.0000314713,0,0,0,5.15301535827e-05,149451.817434
41.1361111111,-0.00102565239649,0.579487860203,2.40512919426,4.43056342192e-06,2.30970890698e-05,0,0,-4.81910137751e-05,-1.15126550198,41.5203094482,42.0000314713,0,0,0,5.15301535827e-05,149451.817434
41.1472222222,-0.00102565239649,0.579487860203,2.40512919426,4.43056342192e-06,2.30970890698e-05,0,0,-4.81910137751e-05,-1.15126550198,41.5203094482,42.0000314713,0,0,0,5.15301535827e-05,149451.817434
41.1583333333,-0.00102565239649,0.579487860203,2.40512919426,4.43056342192e-06,2.30970890698e-05,0,0,-4.81910137751e-05,-1.15126550198,41.5203094482,42.0000314713,0,0,0,5.15301535827e-05,149451.817434
41.1694444444,-0.00102565239649,0.579487860203,2.40512919426,4.43056342192e-06,2.30970890698e-05,0,0,-4.81910137751e-05,-1.15126550198,41.5203094482,42.0000314713,0,0,0,5.15301535827e-05,149451.817434
41.1805555556,-0.00102565239649,0.579487860203,2.40512919426,4.43056342192e-06,2.30970890698e-05,0,0,-4.81910137751e-05,-1.15126550198,41.5203094482,42.0000314713,0,0,0,5.15301535827e-05,149451.817434
41.1916666667,-0.00102565239649,0.579487860203,2.40512919426,4.43056342192e-06,2.30970890698e-05,0,0,-4.81910137751e-05,-1.15126550198,41.5203094482,42.0000314713,0,0,0,5.15301535827e-05,149451.817434
41.2027777778,-0.00102565239649,0.579487860203,2.40512919426,4.43056342192e-06,2.30970890698e-05,0,0,-4.81910137751e-05,-1.15126550198,41.5203094482,42.0000314713,0,0,0,5.15301535827e-05,149451.817434
41.2138888889,-0.00102565239649,0.579487860203,2.40512919426,4.43056342192e-06,2.30970890698e-05,0,0,-4.81910137751e-05,-1.15126550198,41.5203094482,42.0000314713,0,0,0,5.15301535827e-05,149451.817434
41.225,-0.00102565239649,0.579487860203,2.40512919426,4.43056342192e-06,2.30970890698e-05,0,0,-4.81910137751e-05,-1.15126550198,41.5203094482,42.0000314713,0,0,0,5.15301535827e-05,149451.817434
41.2361111111,-0.00102565239649,0.579487860203,2.40512919426,4.43056342192e-06,2.30970890698e-05,0,0,-4.81910137751e-05,-1.15126550198,41.5203094482,42.0000314713,0,0,0,5.15301535827e-05,149451.817434
41.2472222222,-0.00102565239649,0.579487860203,2.40512919426,4.43056342192e-06,2.30970890698e-05,0,0,-4.81910137751e-05,-1.15126550198,41.5203094482,42.0000314713,0,0,0,5.15301535827e-05,149451.817434
41.2583333333,-0.00102565239649,0.579487860203,2.40512919426,4.43056342192e-06,2.30970890698e-05,0,0,-4.81910137751e-05,-1.15126550198,41.5203094482,42.0000314713,0,0,0,5.15301535827e-05,149451.817434
41.2694444444,-0.00102565239649,0.579487860203,2.40512919426,4.43056342192e-06,2.30970890698e-05,0,0,-4.81910137751e-05,-1.15126550198,41.5203094482,42.0000314713,0,0,0,5.15301535827e-05,149451.817434
41.2805555556,-0.00102565239649,0.579487860203,2.40512919426,4.43056342192e-06,2.30970890698e-05,0,0,-4.81910137751e-05,-1.15126550198,41.5203094482,42.0000314713,0,0,0,5.15301535827e-05,149451.817434
41.2916666667,-0.00102565239649,0.579487860203,2.40512919426,4.43056342192e-06,2.30970890698e-05,0,0,-4.81910137751e-05,-1.15126550198,41.5203094482,42.0000314713,0,0,0,5.15301535827e-05,149451.817434
41.3027777778,-0.00102565239649,0.579487860203,2.40512919426,4.43056342192e-06,2.30970890698e-05,0,0,-4.81910137751e-05,-1.15126550198,41.5203094482,42.0000314713,0,0,0,5.15301535827e-05,149451.817434
41.3138888889,-0.00102565239649,0.579487860203,2.40512919426,4.43056342192e-06,2.30970890698e-05,0,0,-4.81910137751e-05,-1.15126550198,41.5203094482,42.0000314713,0,0,0,5.15301535827e-05,149451.817434
41.325,-0.00102565239649,0.579487860203,2.40512919426,4.43056342192e-06,2.30970890698e-05,0,0,-4.81910137751e-05,-1.15126550198,41.5203094482,42.0000314713,0,0,0,5.15301535827e-05,149451.817434
41.3361111111,-0.00102565239649,0.579487860203,2.40512919426,4.43056342192e-06,2.30970890698e-05,0,0,-4.81910137751e-05,-1.15126550198,41.5203094482,42.0000314713,0,0,0,5.15301535827e-05,149451.817434
41.3472222222,-0.00102565239649,0.579487860203,2.40512919426,4.43056342192e-06,2.30970890698e-05,0,0,-4.81910137751e-05,-1.15126550198,41.5203094482,42.0000314713,0,0,0,5.15301535827e-05,149451.817434
41.3583333333,-0.00102565239649,0.579487860203,2.40512919426,4.43056342192e-06,2.30970890698e-05,0,0,-4.81910137751e-05,-1.15126550198,41.5203094482,42.0000314713,0,0,0,5.15301535827e-05,149451.817434
41.3694444444,-0.00102565239649,0.579487860203,2.40512919426,4.43056342192e-06,2.30970890698e-05,0,0,-4.81910137751e-05,-1.15126550198,41.5203094482,42.0000314713,0,0,0,5.15301535827e-05,149451.817434
41.3805555556,-0.00102565239649,0.579487860203,2.40512919426,4.43056342192e-06,2.30970890698e-05,0,0,-4.81910137751e-05,-1.15126550198,41.5203094482,42.0000314713,0,0,0,5.15301535827e-05,149451.817434
41.3916666667,-0.00102565239649,0.579487860203,2.40512919426,4.43056342192e-06,2.30970890698e-05,0,0,-4.81910137751e-05,-1.15126550198,41.5203094482,42.0000314713,0,0,0,5.15301535827e-05,149451.817434
41.4027777778,-0.00102565239649,0.579487860203,2.40512919426,4.43056342192e-06,2.30970890698e-05,0,0,-4.81910137751e-05,-1.15126550198,41.5203094482,42.0000314713,0,0,0,5.15301535827e-05,149451.817434
41.4138888889,-0.00102565239649,0.579487860203,2.40512919426,4.43056342192e-06,2.30970890698e-05,0,0,-4.81910137751e-05,-1.15126550198,41.5203094482,42.0000314713,0,0,0,5.15301535827e-05,149451.817434
41.425,-0.00102565239649,0.579487860203,2.40512919426,4.43056342192e-06,2.30970890698e-05,0,0,-4.81910137751e-05,-1.15126550198,41.5203094482,42.0000314713,0,0,0,5.15301535827e-05,149451.817434
41.4361111111,-0.00102565239649,0.579487860203,2.40512919426,4.43056342192e-06,2.30970890698e-05,0,0,-4.81910137751e-05,-1.15126550198,41.5203094482,42.0000314713,0,0,0,5.15301535827e-05,149451.817434
41.4472222222,-0.00102565239649,0.579487860203,2.40512919426,4.43056342192e-06,2.30970890698e-05,0,0,-4.81910137751e-05,-1.15126550198,41.5203094482,42.0000314713,0,0,0,5.15301535827e-05,149451.817434
41.4583333333,-0.00102565239649,0.579487860203,2.40512919426,4.43056342192e-06,2.30970890698e-05,0,0,-4.81910137751e-05,-1.15126550198,41.5203094482,42.0000314713,0,0,0,5.15301535827e-05,149451.817434
41.4694444444,-0.00102565239649,0.579487860203,2.40512919426,4.43056342192e-06,2.30970890698e-05,0,0,-4.81910137751e-05,-1.15126550198,41.5203094482,42.0000314713,0,0,0,5.15301535827e-05,149451.817434
41.4805555556,-0.00102565239649,0.579487860203,2.40512919426,4.43056342192e-06,2.30970890698e-05,0,0,-4.81910137751e-05,-1.15126550198,41.5203094482,42.0000314713,0,0,0,5.15301535827e-05,149451.817434
41.4916666667,-0.00102565239649,0.579487860203,2.40512919426,4.43056342192e-06,2.30970890698e-05,0,0,-4.81910137751e-05,-1.15126550198,41.5203094482,42.0000314713,0,0,0,5.15301535827e-05,149451.817434
41.5027777778,-0.00102565239649,0.579487860203,2.40512919426,4.43056342192e-06,2.30970890698e-05,0,0,-4.81910137751e-05,-1.15126550198,41.5203094482,42.0000314713,0,0,0,5.15301535827e-05,149451.817434
41.5138888889,-0.00102565239649,0.579487860203,2.40512919426,4.43056342192e-06,2.30970890698e-05,0,0,-4.81910137751e-05,-1.15126550198,41.5203094482,42.0000314713,0,0,0,5.15301535827e-05,149451.817434
41.525,-0.00102565239649,0.579487860203,2.40512919426,4.43056342192e-06,2.30970890698e-05,0,0,-4.81910137751e-05,-1.15126550198,41.5203094482,42.0000314713,0,0,0,5.15301535827e-05,149451.817434
41.5361111111,-0.00102565239649,0.579487860203,2.40512919426,4.43056342192e-06,2.30970890698e-05,0,0,-4.81910137751e-05,-1.15126550198,41.5203094482,42.0000314713,0,0,0,5.15301535827e-05,149451.817434
41.5472222222,-0.00102565239649,0.579487860203,2.40512919426,4.43056342192e-06,2.30970890698e-05,0,0,-4.81910137751e-05,-1.15126550198,41.5203094482,42.0000314713,0,0,0,5.15301535827e-05,149451.817434
41.5583333333,-0.00102565239649,0.579487860203,2.40512919426,4.43056342192e-06,2.30970890698e-05,0,0,-4.81910137751e-05,-1.15126550198,41.5203094482,42.0000314713,0,0,0,5.15301535827e-05,149451.817434
41.5694444444,-0.00102565239649,0.579487860203,2.40512919426,4.43056342192e-06,2.30970890698e-05,0,0,-4.81910137751e-05,-1.15126550198,41.5203094482,42.0000314713,0,0,0,5.15301535827e-05,149451.817434
41.5805555556,-0.00102565239649,0.579487860203,2.40512919426,4.43056342192e-06,2.30970890698e-05,0,0,-4.81910137751e-05,-1.15126550198,41.5203094482,42.0000314713,0,0,0,5.15301535827e-05,149451.817434
41.5916666667,-0.00102565239649,0.579487860203,2.40512919426,4.43056342192e-06,2.30970890698e-05,0,0,-4.81910137751e-05,-1.15126550198,41.5203094482,42.0000314713,0,0,0,5.15301535827e-05,149451.817434
41.6027777778,-0.00102565239649,0.579487860203,2.40512919426,4.43056342192e-06,2.30970890698e-05,0,0,-4.81910137751e-05,-1.15126550198,41.5203094482,42.0000314713,0,0,0,5.15301535827e-05,149451.817434
41.6138888889,-0.00102565239649,0.579487860203,2.40512919426,4.43056342192e-06,2.30970890698e-05,0,0,-4.81910137751e-05,-1.15126550198,41.5203094482,42.0000314713,0,0,0,5.15301535827e-05,149451.817434
41.625,-0.00102565239649,0.579487860203,2.40512919426,4.43056342192e-06,2.30970890698e-05,0,0,-4.81910137751e-05,-1.15126550198,41.5203094482,42.0000314713,0,0,0,5.15301535827e-05,149451.817434
41.6361111111,-0.00102565239649,0.579487860203,2.40512919426,4.43056342192e-06,2.30970890698e-05,0,0,-4.81910137751e-05,-1.15126550198,41.5203094482,42.0000314713,0,0,0,5.15301535827e-05,149451.817434
41.6472222222,-0.00102565239649,0.579487860203,2.40512919426,4.43056342192e-06,2.30970890698e-05,0,0,-4.81910137751e-05,-1.15126550198,41.5203094482,42.0000314713,0,0,0,5.15301535827e-05,149451.817434
41.6583333333,-0.00102565239649,0.579487860203,2.40512919426,4.43056342192e-06,2.30970890698e-05,0,0,-4.81910137751e-05,-1.15126550198,41.5203094482,42.0000314713,0,0,0,5.15301535827e-05,149451.817434
41.6694444444,-0.00102565239649,0.579487860203,2.40512919426,4.43056342192e-06,2.30970890698e-05,0,0,-4.81910137751e-05,-1.15126550198,41.5203094482,42.0000314713,0,0,0,5.15301535827e-05,149451.817434
41.6805555556,-0.00102565239649,0.579487860203,2.40512919426,4.43056342192e-06,2.30970890698e-05,0,0,-4.81910137751e-05,-1.15126550198,41.5203094482,42.0000314713,0,0,0,5.15301535827e-05,149451.817434
41.6916666667,-0.00102565239649,0.579487860203,2.40512919426,4.43056342192e-06,2.30970890698e-05,0,0,-4.81910137751e-05,-1.15126550198,41.5203094482,42.0000314713,0,0,0,5.15301535827e-05,149451.817434
41.7027777778,-0.00102565239649,0.579487860203,2.40512919426,4.43056342192e-06,2.30970890698e-05,0,0,-4.81910137751e-05,-1.15126550198,41.5203094482,42.0000314713,0,0,0,5.15301535827e-05,149451.817434
41.7138888889,-0.00102565239649,0.579487860203,2.40512919426,4.43056342192e-06,2.30970890698e-05,0,0,-4.81910137751e-05,-1.15126550198,41.5203094482,42.0000314713,0,0,0,5.15301535827e-05,149451.817434
41.725,-0.00102565239649,0.579487860203,2.40512919426,4.43056342192e-06,2.30970890698e-05,0,0,-4.81910137751e-05,-1.15126550198,41.5203094482,42.0000314713,0,0,0,5.15301535827e-05,149451.817434
41.7361111111,-0.00102565239649,0.579487860203,2.40512919426,4.43056342192e-06,2.30970890698e-05,0,0,-4.81910137751e-05,-1.15126550198,41.5203094482,42.0000314713,0,0,0,5.15301535827e-05,149451.817434
41.7472222222,-0.00102565239649,0.579487860203,2.40512919426,4.43056342192e-06,2.30970890698e-05,0,0,-4.81910137751e-05,-1.15126550198,41.5203094482,42.0000314713,0,0,0,5.15301535827e-05,149451.817434
41.7583333333,-0.00102565239649,0.579487860203,2.40512919426,4.43056342192e-06,2.30970890698e-05,0,0,-4.81910137751e-05,-1.15126550198,41.5203094482,42.0000314713,0,0,0,5.15301535827e-05,149451.817434
41.7694444444,-0.00102565239649,0.579487860203,2.40512919426,4.43056342192e-06,2.30970890698e-05,0,0,-4.81910137751e-05,-1.15126550198,41.5203094482,42.0000314713,0,0,0,5.15301535827e-05,149451.817434
41.7805555556,-0.00102565239649,0.579487860203,2.40512919426,4.43056342192e-06,2.30970890698e-05,0,0,-4.81910137751e-05,-1.15126550198,41.5203094482,42.0000314713,0,0,0,5.15301535827e-05,149451.817434
41.7916666667,-0.00102565239649,0.579487860203,2.40512919426,4.43056342192e-06,2.30970890698e-05,0,0,-4.81910137751e-05,-1.15126550198,41.5203094482,42.0000314713,0,0,0,5.15301535827e-05,149451.817434
41.8027777778,-0.00102565239649,0.579487860203,2.40512919426,4.43056342192e-06,2.30970890698e-05,0,0,-4.81910137751e-05,-1.15126550198,41.5203094482,42.0000314713,0,0,0,5.15301535827e-05,149451.817434
41.8138888889,-0.00102565239649,0.579487860203,2.40512919426,4.43056342192e-06,2.30970890698e-05,0,0,-4.81910137751e-05,-1.15126550198,41.5203094482,42.0000314713,0,0,0,5.15301535827e-05,149451.817434
41.825,-0.00102565239649,0.579487860203,2.40512919426,4.43056342192e-06,2.30970890698e-05,0,0,-4.81910137751e-05,-1.15126550198,41.5203094482,42.0000314713,0,0,0,5.15301535827e-05,149451.817434
41.8361111111,-0.00102565239649,0.579487860203,2.40512919426,4.43056342192e-06,2.30970890698e-05,0,0,-4.81910137751e-05,-1.15126550198,41.5203094482,42.0000314713,0,0,0,5.15301535827e-05,149451.817434
41.8472222222,-0.00102565239649,0.579487860203,2.40512919426,4.43056342192e-06,2.30970890698e-05,0,0,-4.81910137751e-05,-1.15126550198,41.5203094482,42.0000314713,0,0,0,5.15301535827e-05,149451.817434
41.8583333333,-0.00102565239649,0.579487860203,2.40512919426,4.43056342192e-06,2.30970890698e-05,0,0,-4.81910137751e-05,-1.15126550198,41.5203094482,42.0000314713,0,0,0,5.15301535827e-05,149451.817434
41.8694444444,-0.00102565239649,0.579487860203,2.40512919426,4.43056342192e-06,2.30970890698e-05,0,0,-4.81910137751e-05,-1.15126550198,41.5203094482,42.0000314713,0,0,0,5.15301535827e-05,149451.817434
41.8805555556,-0.00102565239649,0.579487860203,2.40512919426,4.43056342192e-06,2.30970890698e-05,0,0,-4.81910137751e-05,-1.15126550198,41.5203094482,42.0000314713,0,0,0,5.15301535827e-05,149451.817434
41.8916666667,-0.00102565239649,0.579487860203,2.40512919426,4.43056342192e-06,2.30970890698e-05,0,0,-4.81910137751e-05,-1.15126550198,41.5203094482,42.0000314713,0,0,0,5.15301535827e-05,149451.817434
41.9027777778,-0.00102565239649,0.579487860203,2.40512919426,4.43056342192e-06,2.30970890698e-05,0,0,-4.81910137751e-05,-1.15126550198,41.5203094482,42.0000314713,0,0,0,5.15301535827e-05,149451.817434
41.9138888889,-0.00102565239649,0.579487860203,2.40512919426,4.43056342192e-06,2.30970890698e-05,0,0,-4.81910137751e-05,-1.15126550198,41.5203094482,42.0000314713,0,0,0,5.15301535827e-05,149451.817434
41.925,-0.00102565239649,0.579487860203,2.40512919426,4.43056342192e-06,2.30970890698e-05,0,0,-4.81910137751e-05,-1.15126550198,41.5203094482,42.0000314713,0,0,0,5.15301535827e-05,149451.817434
41.9361111111,-0.00102565239649,0.579487860203,2.40512919426,4.43056342192e-06,2.30970890698e-05,0,0,-4.81910137751e-05,-1.15126550198,41.5203094482,42.0000314713,0,0,0,5.15301535827e-05,149451.817434
41.9472222222,-0.00102565239649,0.579487860203,2.40512919426,4.43056342192e-06,2.30970890698e-05,0,0,-4.81910137751e-05,-1.15126550198,41.5203094482,42.0000314713,0,0,0,5.15301535827e-05,149451.817434
41.9583333333,-0.00102565239649,0.579487860203,2.40512919426,4.43056342192e-06,2.30970890698e-05,0,0,-4.81910137751e-05,-1.15126550198,41.5203094482,42.0000314713,0,0,0,5.15301535827e-05,149451.817434
41.9694444444,-0.00102565239649,0.579487860203,2.40512919426,4.43056342192e-06,2.30970890698e-05,0,0,-4.81910137751e-05,-1.15126550198,41.5203094482,42.0000314713,0,0,0,5.15301535827e-05,149451.817434
41.9805555556,-0.00102565239649,0.579487860203,2.40512919426,4.43056342192e-06,2.30970890698e-05,0,0,-4.81910137751e-05,-1.15126550198,41.5203094482,42.0000314713,0,0,0,5.15301535827e-05,149451.817434
41.9916666667,-0.00102565239649,0.579487860203,2.40512919426,4.43056342192e-06,2.30970890698e-05,0,0,-4.81910137751e-05,-1.15126550198,41.5203094482,42.0000314713,0,0,0,5.15301535827e-05,149451.817434
42.0027777778,-0.00102565239649,0.579487860203,2.40512919426,4.43056342192e-06,2.30970890698e-05,0,0,-4.81910137751e-05,-1.15126550198,41.5203094482,42.0000314713,0,0,0,5.15301535827e-05,149451.817434
42.0138888889,-0.00102565239649,0.579487860203,2.40512919426,4.43056342192e-06,2.30970890698e-05,0,0,-4.81910137751e-05,-1.15126550198,41.5203094482,42.0000314713,0,0,0,5.15301535827e-05,149451.817434
42.025,-0.00102565239649,0.579487860203,2.40512919426,4.43056342192e-06,2.30970890698e-05,0,0,-4.81910137751e-05,-1.15126550198,41.5203094482,42.0000314713,0,0,0,5.15301535827e-05,149451.817434
42.0361111111,-0.00102565239649,0.579487860203,2.40512919426,4.43056342192e-06,2.30970890698e-05,0,0,-4.81910137751e-05,-1.15126550198,41.5203094482,42.0000314713,0,0,0,5.15301535827e-05,149451.817434
42.0472222222,-0.00102565239649,0.579487860203,2.40512919426,4.43056342192e-06,2.30970890698e-05,0,0,-4.81910137751e-05,-1.15126550198,41.5203094482,42.0000314713,0,0,0,5.15301535827e-05,149451.817434
42.0583333333,-0.00102565239649,0.579487860203,2.40512919426,4.43056342192e-06,2.30970890698e-05,0,0,-4.81910137751e-05,-1.15126550198,41.5203094482,42.0000314713,0,0,0,5.15301535827e-05,149451.817434
42.0694444444,-0.00102565239649,0.579487860203,2.40512919426,4.43056342192e-06,2.30970890698e-05,0,0,-4.81910137751e-05,-1.15126550198,41.5203094482,42.0000314713,0,0,0,5.15301535827e-05,149451.817434
42.0805555556,-0.00102565239649,0.579487860203,2.40512919426,4.43056342192e-06,2.30970890698e-05,0,0,-4.81910137751e-05,-1.15126550198,41.5203094482,42.0000314713,0,0,0,5.15301535827e-05,149451.817434
42.0916666667,-0.00102565239649,0.579487860203,2.40512919426,4.43056342192e-06,2.30970890698e-05,0,0,-4.81910137751e-05,-1.15126550198,41.5203094482,42.0000314713,0,0,0,5.15301535827e-05,149451.817434
42.1027777778,-0.00102565239649,0.579487860203,2.40512919426,4.43056342192e-06,2.30970890698e-05,0,0,-4.81910137751e-05,-1.15126550198,41.5203094482,42.0000314713,0,0,0,5.15301535827e-05,149451.817434
42.1138888889,-0.00102565239649,0.579487860203,2.40512919426,4.43056342192e-06,2.30970890698e-05,0,0,-4.81910137751e-05,-1.15126550198,41.5203094482,42.0000314713,0,0,0,5.15301535827e-05,149451.817434
42.125,-0.00102565239649,0.579487860203,2.40512919426,4.43056342192e-06,2.30970890698e-05,0,0,-4.81910137751e-05,-1.15126550198,41.5203094482,42.0000314713,0,0,0,5.15301535827e-05,149451.817434
42.1361111111,-0.00102565239649,0.579487860203,2.40512919426,4.43056342192e-06,2.30970890698e-05,0,0,-4.81910137751e-05,-1.15126550198,41.5203094482,42.0000314713,0,0,0,5.15301535827e-05,149451.817434
42.1472222222,-0.00102565239649,0.579487860203,2.40512919426,4.43056342192e-06,2.30970890698e-05,0,0,-4.81910137751e-05,-1.15126550198,41.5203094482,42.0000314713,0,0,0,5.15301535827e-05,149451.817434
42.1583333333,-0.00102565239649,0.579487860203,2.40512919426,4.43056342192e-06,2.30970890698e-05,0,0,-4.81910137751e-05,-1.15126550198,41.5203094482,42.0000314713,0,0,0,5.15301535827e-05,149451.817434
42.1694444444,-0.00102565239649,0.579487860203,2.40512919426,4.43056342192e-06,2.30970890698e-05,0,0,-4.81910137751e-05,-1.15126550198,41.5203094482,42.0000314713,0,0,0,5.15301535827e-05,149451.817434
42.1805555556,-0.00102565239649,0.579487860203,2.40512919426,4.43056342192e-06,2.30970890698e-05,0,0,-4.81910137751e-05,-1.15126550198,41.5203094482,42.0000314713,0,0,0,5.15301535827e-05,149451.817434
42.1916666667,-0.00102565239649,0.579487860203,2.40512919426,4.43056342192e-06,2.30970890698e-05,0,0,-4.81910137751e-05,-1.15126550198,41.5203094482,42.0000314713,0,0,0,5.15301535827e-05,149451.817434
42.2027777778,-0.00102565239649,0.579487860203,2.40512919426,4.43056342192e-06,2.30970890698e-05,0,0,-4.81910137751e-05,-1.15126550198,41.5203094482,42.0000314713,0,0,0,5.15301535827e-05,149451.817434
42.2138888889,-0.00102565239649,0.579487860203,2.40512919426,4.43056342192e-06,2.30970890698e-05,0,0,-4.81910137751e-05,-1.15126550198,41.5203094482,42.0000314713,0,0,0,5.15301535827e-05,149451.817434
42.225,-0.00102565239649,0.579487860203,2.40512919426,4.43056342192e-06,2.30970890698e-05,0,0,-4.81910137751e-05,-1.15126550198,41.5203094482,42.0000314713,0,0,0,5.15301535827e-05,149451.817434
42.2361111111,-0.00102565239649,0.579487860203,2.40512919426,4.43056342192e-06,2.30970890698e-05,0,0,-4.81910137751e-05,-1.15126550198,41.5203094482,42.0000314713,0,0,0,5.15301535827e-05,149451.817434
42.2472222222,-0.00102565239649,0.579487860203,2.40512919426,4.43056342192e-06,2.30970890698e-05,0,0,-4.81910137751e-05,-1.15126550198,41.5203094482,42.0000314713,0,0,0,5.15301535827e-05,149451.817434
42.2583333333,-0.00102565239649,0.579487860203,2.40512919426,4.43056342192e-06,2.30970890698e-05,0,0,-4.81910137751e-05,-1.15126550198,41.5203094482,42.0000314713,0,0,0,5.15301535827e-05,149451.817434
42.2694444444,-0.00102565239649,0.579487860203,2.40512919426,4.43056342192e-06,2.30970890698e-05,0,0,-4.81910137751e-05,-1.15126550198,41.5203094482,42.0000314713,0,0,0,5.15301535827e-05,149451.817434
42.2805555556,-0.00102565239649,0.579487860203,2.40512919426,4.43056342192e-06,2.30970890698e-05,0,0,-4.81910137751e-05,-1.15126550198,41.5203094482,42.0000314713,0,0,0,5.15301535827e-05,149451.817434
42.2916666667,-0.00102565239649,0.579487860203,2.40512919426,4.43056342192e-06,2.30970890698e-05,0,0,-4.81910137751e-05,-1.15126550198,41.5203094482,42.0000314713,0,0,0,5.15301535827e-05,149451.817434
42.3027777778,-0.00102565239649,0.579487860203,2.40512919426,4.43056342192e-06,2.30970890698e-05,0,0,-4.81910137751e-05,-1.15126550198,41.5203094482,42.0000314713,0,0,0,5.15301535827e-05,149451.817434
42.3138888889,-0.00102565239649,0.579487860203,2.40512919426,4.43056342192e-06,2.30970890698e-05,0,0,-4.81910137751e-05,-1.15126550198,41.5203094482,42.0000314713,0,0,0,5.15301535827e-05,149451.817434
42.325,-0.00102565239649,0.579487860203,2.40512919426,4.43056342192e-06,2.30970890698e-05,0,0,-4.81910137751e-05,-1.15126550198,41.5203094482,42.0000314713,0,0,0,5.15301535827e-05,149451.817434
42.3361111111,-0.00102565239649,0.579487860203,2.40512919426,4.43056342192e-06,2.30970890698e-05,0,0,-4.81910137751e-05,-1.15126550198,41.5203094482,42.0000314713,0,0,0,5.15301535827e-05,149451.817434
42.3472222222,-0.00102565239649,0.579487860203,2.40512919426,4.43056342192e-06,2.30970890698e-05,0,0,-4.81910137751e-05,-1.15126550198,41.5203094482,42.0000314713,0,0,0,5.15301535827e-05,149451.817434
42.3583333333,-0.00102565239649,0.579487860203,2.40512919426,4.43056342192e-06,2.30970890698e-05,0,0,-4.81910137751e-05,-1.15126550198,41.5203094482,42.0000314713,0,0,0,5.15301535827e-05,149451.817434
42.3694444444,-0.00102565239649,0.579487860203,2.40512919426,4.43056342192e-06,2.30970890698e-05,0,0,-4.81910137751e-05,-1.15126550198,41.5203094482,42.0000314713,0,0,0,5.15301535827e-05,149451.817434
42.3805555556,-0.00102565239649,0.579487860203,2.40512919426,4.43056342192e-06,2.30970890698e-05,0,0,-4.81910137751e-05,-1.15126550198,41.5203094482,42.0000314713,0,0,0,5.15301535827e-05,149451.817434
42.3916666667,-0.00102565239649,0.579487860203,2.40512919426,4.43056342192e-06,2.30970890698e-05,0,0,-4.81910137751e-05,-1.15126550198,41.5203094482,42.0000314713,0,0,0,5.15301535827e-05,149451.817434
42.4027777778,-0.00102565239649,0.579487860203,2.40512919426,4.43056342192e-06,2.30970890698e-05,0,0,-4.81910137751e-05,-1.15126550198,41.5203094482,42.0000314713,0,0,0,5.15301535827e-05,149451.817434
42.4138888889,-0.00102565239649,0.579487860203,2.40512919426,4.43056342192e-06,2.30970890698e-05,0,0,-4.81910137751e-05,-1.15126550198,41.5203094482,42.0000314713,0,0,0,5.15301535827e-05,149451.817434
42.425,-0.00102565239649,0.579487860203,2.40512919426,4.43056342192e-06,2.30970890698e-05,0,0,-4.81910137751e-05,-1.15126550198,41.5203094482,42.0000314713,0,0,0,5.15301535827e-05,149451.817434
42.4361111111,-0.00102565239649,0.579487860203,2.40512919426,4.43056342192e-06,2.30970890698e-05,0,0,-4.81910137751e-05,-1.15126550198,41.5203094482,42.0000314713,0,0,0,5.15301535827e-05,149451.817434
42.4472222222,-0.00102565239649,0.579487860203,2.40512919426,4.43056342192e-06,2.30970890698e-05,0,0,-4.81910137751e-05,-1.15126550198,41.5203094482,42.0000314713,0,0,0,5.15301535827e-05,149451.817434
42.4583333333,-0.00102565239649,0.579487860203,2.40512919426,4.43056342192e-06,2.30970890698e-05,0,0,-4.81910137751e-05,-1.15126550198,41.5203094482,42.0000314713,0,0,0,5.15301535827e-05,149451.817434
42.4694444444,-0.00102565239649,0.579487860203,2.40512919426,4.43056342192e-06,2.30970890698e-05,0,0,-4.81910137751e-05,-1.15126550198,41.5203094482,42.0000314713,0,0,0,5.15301535827e-05,149451.817434
42.4805555556,-0.00102565239649,0.579487860203,2.40512919426,4.43056342192e-06,2.30970890698e-05,0,0,-4.81910137751e-05,-1.15126550198,41.5203094482,42.0000314713,0,0,0,5.15301535827e-05,149451.817434
42.4916666667,-0.00102565239649,0.579487860203,2.40512919426,4.43056342192e-06,2.30970890698e-05,0,0,-4.81910137751e-05,-1.15126550198,41.5203094482,42.0000314713,0,0,0,5.15301535827e-05,149451.817434
42.5027777778,-0.00102565239649,0.579487860203,2.40512919426,4.43056342192e-06,2.30970890698e-05,0,0,-4.81910137751e-05,-1.15126550198,41.5203094482,42.0000314713,0,0,0,5.15301535827e-05,149451.817434
42.5138888889,-0.00102565239649,0.579487860203,2.40512919426,4.43056342192e-06,2.30970890698e-05,0,0,-4.81910137751e-05,-1.15126550198,41.5203094482,42.0000314713,0,0,0,5.15301535827e-05,149451.817434
42.525,-0.00102565239649,0.579487860203,2.40512919426,4.43056342192e-06,2.30970890698e-05,0,0,-4.81910137751e-05,-1.15126550198,41.5203094482,42.0000314713,0,0,0,5.15301535827e-05,149451.817434
42.5361111111,-0.00102565239649,0.579487860203,2.40512919426,4.43056342192e-06,2.30970890698e-05,0,0,-4.81910137751e-05,-1.15126550198,41.5203094482,42.0000314713,0,0,0,5.15301535827e-05,149451.817434
42.5472222222,-0.00102565239649,0.579487860203,2.40512919426,4.43056342192e-06,2.30970890698e-05,0,0,-4.81910137751e-05,-1.15126550198,41.5203094482,42.0000314713,0,0,0,5.15301535827e-05,149451.817434
42.5583333333,-0.00102565239649,0.579487860203,2.40512919426,4.43056342192e-06,2.30970890698e-05,0,0,-4.81910137751e-05,-1.15126550198,41.5203094482,42.0000314713,0,0,0,5.15301535827e-05,149451.817434
42.5694444444,-0.00102565239649,0.579487860203,2.40512919426,4.43056342192e-06,2.30970890698e-05,0,0,-4.81910137751e-05,-1.15126550198,41.5203094482,42.0000314713,0,0,0,5.15301535827e-05,149451.817434
42.5805555556,-0.00102565239649,0.579487860203,2.40512919426,4.43056342192e-06,2.30970890698e-05,0,0,-4.81910137751e-05,-1.15126550198,41.5203094482,42.0000314713,0,0,0,5.15301535827e-05,149451.817434
42.5916666667,-0.00102565239649,0.579487860203,2.40512919426,4.43056342192e-06,2.30970890698e-05,0,0,-4.81910137751e-05,-1.15126550198,41.5203094482,42.0000314713,0,0,0,5.15301535827e-05,149451.817434
42.6027777778,-0.00102565239649,0.579487860203,2.40512919426,4.43056342192e-06,2.30970890698e-05,0,0,-4.81910137751e-05,-1.15126550198,41.5203094482,42.0000314713,0,0,0,5.15301535827e-05,149451.817434
42.6138888889,-0.00102565239649,0.579487860203,2.40512919426,4.43056342192e-06,2.30970890698e-05,0,0,-4.81910137751e-05,-1.15126550198,41.5203094482,42.0000314713,0,0,0,5.15301535827e-05,149451.817434
42.625,-0.00102565239649,0.579487860203,2.40512919426,4.43056342192e-06,2.30970890698e-05,0,0,-4.81910137751e-05,-1.15126550198,41.5203094482,42.0000314713,0,0,0,5.15301535827e-05,149451.817434
42.6361111111,-0.00102565239649,0.579487860203,2.40512919426,4.43056342192e-06,2.30970890698e-05,0,0,-4.81910137751e-05,-1.15126550198,41.5203094482,42.0000314713,0,0,0,5.15301535827e-05,149451.817434
42.6472222222,-0.00102565239649,0.579487860203,2.40512919426,4.43056342192e-06,2.30970890698e-05,0,0,-4.81910137751e-05,-1.15126550198,41.5203094482,42.0000314713,0,0,0,5.15301535827e-05,149451.817434
42.6583333333,-0.00102565239649,0.579487860203,2.40512919426,4.43056342192e-06,2.30970890698e-05,0,0,-4.81910137751e-05,-1.15126550198,41.5203094482,42.0000314713,0,0,0,5.15301535827e-05,149451.817434
42.6694444444,-0.00102565239649,0.579487860203,2.40512919426,4.43056342192e-06,2.30970890698e-05,0,0,-4.81910137751e-05,-1.15126550198,41.5203094482,42.0000314713,0,0,0,5.15301535827e-05,149451.817434
42.6805555556,-0.00102565239649,0.579487860203,2.40512919426,4.43056342192e-06,2.30970890698e-05,0,0,-4.81910137751e-05,-1.15126550198,41.5203094482,42.0000314713,0,0,0,5.15301535827e-05,149451.817434
42.6916666667,-0.00102565239649,0.579487860203,2.40512919426,4.43056342192e-06,2.30970890698e-05,0,0,-4.81910137751e-05,-1.15126550198,41.5203094482,42.0000314713,0,0,0,5.15301535827e-05,149451.817434
42.7027777778,-0.00102565239649,0.579487860203,2.40512919426,4.43056342192e-06,2.30970890698e-05,0,0,-4.81910137751e-05,-1.15126550198,41.5203094482,42.0000314713,0,0,0,5.15301535827e-05,149451.817434
42.7138888889,-0.00102565239649,0.579487860203,2.40512919426,4.43056342192e-06,2.30970890698e-05,0,0,-4.81910137751e-05,-1.15126550198,41.5203094482,42.0000314713,0,0,0,5.15301535827e-05,149451.817434
42.725,-0.00102565239649,0.579487860203,2.40512919426,4.43056342192e-06,2.30970890698e-05,0,0,-4.81910137751e-05,-1.15126550198,41.5203094482,42.0000314713,0,0,0,5.15301535827e-05,149451.817434
42.7361111111,-0.00102565239649,0.579487860203,2.40512919426,4.43056342192e-06,2.30970890698e-05,0,0,-4.81910137751e-05,-1.15126550198,41.5203094482,42.0000314713,0,0,0,5.15301535827e-05,149451.817434
42.7472222222,-0.00102565239649,0.579487860203,2.40512919426,4.43056342192e-06,2.30970890698e-05,0,0,-4.81910137751e-05,-1.15126550198,41.5203094482,42.0000314713,0,0,0,5.15301535827e-05,149451.817434
42.7583333333,-0.00102565239649,0.579487860203,2.40512919426,4.43056342192e-06,2.30970890698e-05,0,0,-4.81910137751e-05,-1.15126550198,41.5203094482,42.0000314713,0,0,0,5.15301535827e-05,149451.817434
42.7694444444,-0.00102565239649,0.579487860203,2.40512919426,4.43056342192e-06,2.30970890698e-05,0,0,-4.81910137751e-05,-1.15126550198,41.5203094482,42.0000314713,0,0,0,5.15301535827e-05,149451.817434
42.7805555556,-0.00102565239649,0.579487860203,2.40512919426,4.43056342192e-06,2.30970890698e-05,0,0,-4.81910137751e-05,-1.15126550198,41.5203094482,42.0000314713,0,0,0,5.15301535827e-05,149451.817434
42.7916666667,-0.00102565239649,0.579487860203,2.40512919426,4.43056342192e-06,2.30970890698e-05,0,0,-4.81910137751e-05,-1.15126550198,41.5203094482,42.0000314713,0,0,0,5.15301535827e-05,149451.817434
42.8027777778,-0.00102565239649,0.579487860203,2.40512919426,4.43056342192e-06,2.30970890698e-05,0,0,-4.81910137751e-05,-1.15126550198,41.5203094482,42.0000314713,0,0,0,5.15301535827e-05,149451.817434
42.8138888889,-0.00102565239649,0.579487860203,2.40512919426,4.43056342192e-06,2.30970890698e-05,0,0,-4.81910137751e-05,-1.15126550198,41.5203094482,42.0000314713,0,0,0,5.15301535827e-05,149451.817434
42.825,-0.00102565239649,0.579487860203,2.40512919426,4.43056342192e-06,2.30970890698e-05,0,0,-4.81910137751e-05,-1.15126550198,41.5203094482,42.0000314713,0,0,0,5.15301535827e-05,149451.817434
42.8361111111,-0.00102565239649,0.579487860203,2.40512919426,4.43056342192e-06,2.30970890698e-05,0,0,-4.81910137751e-05,-1.15126550198,41.5203094482,42.0000314713,0,0,0,5.15301535827e-05,149451.817434
42.8472222222,-0.00102565239649,0.579487860203,2.40512919426,4.43056342192e-06,2.30970890698e-05,0,0,-4.81910137751e-05,-1.15126550198,41.5203094482,42.0000314713,0,0,0,5.15301535827e-05,149451.817434
42.8583333333,-0.00102565239649,0.579487860203,2.40512919426,4.43056342192e-06,2.30970890698e-05,0,0,-4.81910137751e-05,-1.15126550198,41.5203094482,42.0000314713,0,0,0,5.15301535827e-05,149451.817434
42.8694444444,-0.00102565239649,0.579487860203,2.40512919426,4.43056342192e-06,2.30970890698e-05,0,0,-4.81910137751e-05,-1.15126550198,41.5203094482,42.0000314713,0,0,0,5.15301535827e-05,149451.817434
42.8805555556,-0.00102565239649,0.579487860203,2.40512919426,4.43056342192e-06,2.30970890698e-05,0,0,-4.81910137751e-05,-1.15126550198,41.5203094482,42.0000314713,0,0,0,5.15301535827e-05,149451.817434
42.8916666667,-0.00102565239649,0.579487860203,2.40512919426,4.43056342192e-06,2.30970890698e-05,0,0,-4.81910137751e-05,-1.15126550198,41.5203094482,42.0000314713,0,0,0,5.15301535827e-05,149451.817434
42.9027777778,-0.00102565239649,0.579487860203,2.40512919426,4.43056342192e-06,2.30970890698e-05,0,0,-4.81910137751e-05,-1.15126550198,41.5203094482,42.0000314713,0,0,0,5.15301535827e-05,149451.817434
42.9138888889,-0.00102565239649,0.579487860203,2.40512919426,4.43056342192e-06,2.30970890698e-05,0,0,-4.81910137751e-05,-1.15126550198,41.5203094482,42.0000314713,0,0,0,5.15301535827e-05,149451.817434
42.925,-0.00102565239649,0.579487860203,2.40512919426,4.43056342192e-06,2.30970890698e-05,0,0,-4.81910137751e-05,-1.15126550198,41.5203094482,42.0000314713,0,0,0,5.15301535827e-05,149451.817434
42.9361111111,-0.00102565239649,0.579487860203,2.40512919426,4.43056342192e-06,2.30970890698e-05,0,0,-4.81910137751e-05,-1.15126550198,41.5203094482,42.0000314713,0,0,0,5.15301535827e-05,149451.817434
42.9472222222,-0.00102565239649,0.579487860203,2.40512919426,4.43056342192e-06,2.30970890698e-05,0,0,-4.81910137751e-05,-1.15126550198,41.5203094482,42.0000314713,0,0,0,5.15301535827e-05,149451.817434
42.9583333333,-0.00102565239649,0.579487860203,2.40512919426,4.43056342192e-06,2.30970890698e-05,0,0,-4.81910137751e-05,-1.15126550198,41.5203094482,42.0000314713,0,0,0,5.15301535827e-05,149451.817434
42.9694444444,-0.00102565239649,0.579487860203,2.40512919426,4.43056342192e-06,2.30970890698e-05,0,0,-4.81910137751e-05,-1.15126550198,41.5203094482,42.0000314713,0,0,0,5.15301535827e-05,149451.817434
42.9805555556,-0.00102565239649,0.579487860203,2.40512919426,4.43056342192e-06,2.30970890698e-05,0,0,-4.81910137751e-05,-1.15126550198,41.5203094482,42.0000314713,0,0,0,5.15301535827e-05,149451.817434
42.9916666667,-0.00102565239649,0.579487860203,2.40512919426,4.43056342192e-06,2.30970890698e-05,0,0,-4.81910137751e-05,-1.15126550198,41.5203094482,42.0000314713,0,0,0,5.15301535827e-05,149451.817434
43.0027777778,-0.00102565239649,0.579487860203,2.40512919426,4.43056342192e-06,2.30970890698e-05,0,0,-4.81910137751e-05,-1.15126550198,41.5203094482,42.0000314713,0,0,0,5.15301535827e-05,149451.817434
43.0138888889,-0.00102565239649,0.579487860203,2.40512919426,4.43056342192e-06,2.30970890698e-05,0,0,-4.81910137751e-05,-1.15126550198,41.5203094482,42.0000314713,0,0,0,5.15301535827e-05,149451.817434
43.025,-0.00102565239649,0.579487860203,2.40512919426,4.43056342192e-06,2.30970890698e-05,0,0,-4.81910137751e-05,-1.15126550198,41.5203094482,42.0000314713,0,0,0,5.15301535827e-05,149451.817434
43.0361111111,-0.00102565239649,0.579487860203,2.40512919426,4.43056342192e-06,2.30970890698e-05,0,0,-4.81910137751e-05,-1.15126550198,41.5203094482,42.0000314713,0,0,0,5.15301535827e-05,149451.817434
43.0472222222,-0.00102565239649,0.579487860203,2.40512919426,4.43056342192e-06,2.30970890698e-05,0,0,-4.81910137751e-05,-1.15126550198,41.5203094482,42.0000314713,0,0,0,5.15301535827e-05,149451.817434
43.0583333333,-0.00102565239649,0.579487860203,2.40512919426,4.43056342192e-06,2.30970890698e-05,0,0,-4.81910137751e-05,-1.15126550198,41.5203094482,42.0000314713,0,0,0,5.15301535827e-05,149451.817434
43.0694444444,-0.00102565239649,0.579487860203,2.40512919426,4.43056342192e-06,2.30970890698e-05,0,0,-4.81910137751e-05,-1.15126550198,41.5203094482,42.0000314713,0,0,0,5.15301535827e-05,149451.817434
43.0805555556,-0.00102565239649,0.579487860203,2.40512919426,4.43056342192e-06,2.30970890698e-05,0,0,-4.81910137751e-05,-1.15126550198,41.5203094482,42.0000314713,0,0,0,5.15301535827e-05,149451.817434
43.0916666667,-0.00102565239649,0.579487860203,2.40512919426,4.43056342192e-06,2.30970890698e-05,0,0,-4.81910137751e-05,-1.15126550198,41.5203094482,42.0000314713,0,0,0,5.15301535827e-05,149451.817434
43.1027777778,-0.00102565239649,0.579487860203,2.40512919426,4.43056342192e-06,2.30970890698e-05,0,0,-4.81910137751e-05,-1.15126550198,41.5203094482,42.0000314713,0,0,0,5.15301535827e-05,149451.817434
43.1138888889,-0.00102565239649,0.579487860203,2.40512919426,4.43056342192e-06,2.30970890698e-05,0,0,-4.81910137751e-05,-1.15126550198,41.5203094482,42.0000314713,0,0,0,5.15301535827e-05,149451.817434
43.125,-0.00102565239649,0.579487860203,2.40512919426,4.43056342192e-06,2.30970890698e-05,0,0,-4.81910137751e-05,-1.15126550198,41.5203094482,42.0000314713,0,0,0,5.15301535827e-05,149451.817434
43.1361111111,-0.00102565239649,0.579487860203,2.40512919426,4.43056342192e-06,2.30970890698e-05,0,0,-4.81910137751e-05,-1.15126550198,41.5203094482,42.0000314713,0,0,0,5.15301535827e-05,149451.817434
43.1472222222,-0.00102565239649,0.579487860203,2.40512919426,4.43056342192e-06,2.30970890698e-05,0,0,-4.81910137751e-05,-1.15126550198,41.5203094482,42.0000314713,0,0,0,5.15301535827e-05,149451.817434
43.1583333333,-0.00102565239649,0.579487860203,2.40512919426,4.43056342192e-06,2.30970890698e-05,0,0,-4.81910137751e-05,-1.15126550198,41.5203094482,42.0000314713,0,0,0,5.15301535827e-05,149451.817434
43.1694444444,-0.00102565239649,0.579487860203,2.40512919426,4.43056342192e-06,2.30970890698e-05,0,0,-4.81910137751e-05,-1.15126550198,41.5203094482,42.0000314713,0,0,0,5.15301535827e-05,149451.817434
43.1805555556,-0.00102565239649,0.579487860203,2.40512919426,4.43056342192e-06,2.30970890698e-05,0,0,-4.81910137751e-05,-1.15126550198,41.5203094482,42.0000314713,0,0,0,5.15301535827e-05,149451.817434
43.1916666667,-0.00102565239649,0.579487860203,2.40512919426,4.43056342192e-06,2.30970890698e-05,0,0,-4.81910137751e-05,-1.15126550198,41.5203094482,42.0000314713,0,0,0,5.15301535827e-05,149451.817434
43.2027777778,-0.00102565239649,0.579487860203,2.40512919426,4.43056342192e-06,2.30970890698e-05,0,0,-4.81910137751e-05,-1.15126550198,41.5203094482,42.0000314713,0,0,0,5.15301535827e-05,149451.817434
43.2138888889,-0.00102565239649,0.579487860203,2.40512919426,4.43056342192e-06,2.30970890698e-05,0,0,-4.81910137751e-05,-1.15126550198,41.5203094482,42.0000314713,0,0,0,5.15301535827e-05,149451.817434
43.225,-0.00102565239649,0.579487860203,2.40512919426,4.43056342192e-06,2.30970890698e-05,0,0,-4.81910137751e-05,-1.15126550198,41.5203094482,42.0000314713,0,0,0,5.15301535827e-05,149451.817434
43.2361111111,-0.00102565239649,0.579487860203,2.40512919426,4.43056342192e-06,2.30970890698e-05,0,0,-4.81910137751e-05,-1.15126550198,41.5203094482,42.0000314713,0,0,0,5.15301535827e-05,149451.817434
43.2472222222,-0.00102565239649,0.579487860203,2.40512919426,4.43056342192e-06,2.30970890698e-05,0,0,-4.81910137751e-05,-1.15126550198,41.5203094482,42.0000314713,0,0,0,5.15301535827e-05,149451.817434
43.2583333333,-0.00102565239649,0.579487860203,2.40512919426,4.43056342192e-06,2.30970890698e-05,0,0,-4.81910137751e-05,-1.15126550198,41.5203094482,42.0000314713,0,0,0,5.15301535827e-05,149451.817434
43.2694444444,-0.00102565239649,0.579487860203,2.40512919426,4.43056342192e-06,2.30970890698e-05,0,0,-4.81910137751e-05,-1.15126550198,41.5203094482,42.0000314713,0,0,0,5.15301535827e-05,149451.817434
43.2805555556,-0.00102565239649,0.579487860203,2.40512919426,4.43056342192e-06,2.30970890698e-05,0,0,-4.81910137751e-05,-1.15126550198,41.5203094482,42.0000314713,0,0,0,5.15301535827e-05,149451.817434
43.2916666667,-0.00102565239649,0.579487860203,2.40512919426,4.43056342192e-06,2.30970890698e-05,0,0,-4.81910137751e-05,-1.15126550198,41.5203094482,42.0000314713,0,0,0,5.15301535827e-05,149451.817434
43.3027777778,-0.00102565239649,0.579487860203,2.40512919426,4.43056342192e-06,2.30970890698e-05,0,0,-4.81910137751e-05,-1.15126550198,41.5203094482,42.0000314713,0,0,0,5.15301535827e-05,149451.817434
43.3138888889,-0.00102565239649,0.579487860203,2.40512919426,4.43056342192e-06,2.30970890698e-05,0,0,-4.81910137751e-05,-1.15126550198,41.5203094482,42.0000314713,0,0,0,5.15301535827e-05,149451.817434
43.325,-0.00102565239649,0.579487860203,2.40512919426,4.43056342192e-06,2.30970890698e-05,0,0,-4.81910137751e-05,-1.15126550198,41.5203094482,42.0000314713,0,0,0,5.15301535827e-05,149451.817434
43.3361111111,-0.00102565239649,0.579487860203,2.40512919426,4.43056342192e-06,2.30970890698e-05,0,0,-4.81910137751e-05,-1.15126550198,41.5203094482,42.0000314713,0,0,0,5.15301535827e-05,149451.817434
43.3472222222,-0.00102565239649,0.579487860203,2.40512919426,4.43056342192e-06,2.30970890698e-05,0,0,-4.81910137751e-05,-1.15126550198,41.5203094482,42.0000314713,0,0,0,5.15301535827e-05,149451.817434
43.3583333333,-0.00102565239649,0.579487860203,2.40512919426,4.43056342192e-06,2.30970890698e-05,0,0,-4.81910137751e-05,-1.15126550198,41.5203094482,42.0000314713,0,0,0,5.15301535827e-05,149451.817434
43.3694444444,-0.00102565239649,0.579487860203,2.40512919426,4.43056342192e-06,2.30970890698e-05,0,0,-4.81910137751e-05,-1.15126550198,41.5203094482,42.0000314713,0,0,0,5.15301535827e-05,149451.817434
43.3805555556,-0.00102565239649,0.579487860203,2.40512919426,4.43056342192e-06,2.30970890698e-05,0,0,-4.81910137751e-05,-1.15126550198,41.5203094482,42.0000314713,0,0,0,5.15301535827e-05,149451.817434
43.3916666667,-0.00102565239649,0.579487860203,2.40512919426,4.43056342192e-06,2.30970890698e-05,0,0,-4.81910137751e-05,-1.15126550198,41.5203094482,42.0000314713,0,0,0,5.15301535827e-05,149451.817434
43.4027777778,-0.00102565239649,0.579487860203,2.40512919426,4.43056342192e-06,2.30970890698e-05,0,0,-4.81910137751e-05,-1.15126550198,41.5203094482,42.0000314713,0,0,0,5.15301535827e-05,149451.817434
43.4138888889,-0.00102565239649,0.579487860203,2.40512919426,4.43056342192e-06,2.30970890698e-05,0,0,-4.81910137751e-05,-1.15126550198,41.5203094482,42.0000314713,0,0,0,5.15301535827e-05,149451.817434
43.425,-0.00102565239649,0.579487860203,2.40512919426,4.43056342192e-06,2.30970890698e-05,0,0,-4.81910137751e-05,-1.15126550198,41.5203094482,42.0000314713,0,0,0,5.15301535827e-05,149451.817434
43.4361111111,-0.00102565239649,0.579487860203,2.40512919426,4.43056342192e-06,2.30970890698e-05,0,0,-4.81910137751e-05,-1.15126550198,41.5203094482,42.0000314713,0,0,0,5.15301535827e-05,149451.817434
43.4472222222,-0.00102565239649,0.579487860203,2.40512919426,4.43056342192e-06,2.30970890698e-05,0,0,-4.81910137751e-05,-1.15126550198,41.5203094482,42.0000314713,0,0,0,5.15301535827e-05,149451.817434
43.4583333333,-0.00102565239649,0.579487860203,2.40512919426,4.43056342192e-06,2.30970890698e-05,0,0,-4.81910137751e-05,-1.15126550198,41.5203094482,42.0000314713,0,0,0,5.15301535827e-05,149451.817434
43.4694444444,-0.00102565239649,0.579487860203,2.40512919426,4.43056342192e-06,2.30970890698e-05,0,0,-4.81910137751e-05,-1.15126550198,41.5203094482,42.0000314713,0,0,0,5.15301535827e-05,149451.817434
43.4805555556,-0.00102565239649,0.579487860203,2.40512919426,4.43056342192e-06,2.30970890698e-05,0,0,-4.81910137751e-05,-1.15126550198,41.5203094482,42.0000314713,0,0,0,5.15301535827e-05,149451.817434
43.4916666667,-0.00102565239649,0.579487860203,2.40512919426,4.43056342192e-06,2.30970890698e-05,0,0,-4.81910137751e-05,-1.15126550198,41.5203094482,42.0000314713,0,0,0,5.15301535827e-05,149451.817434
43.5027777778,-0.00102565239649,0.579487860203,2.40512919426,4.43056342192e-06,2.30970890698e-05,0,0,-4.81910137751e-05,-1.15126550198,41.5203094482,42.0000314713,0,0,0,5.15301535827e-05,149451.817434
43.5138888889,-0.00102565239649,0.579487860203,2.40512919426,4.43056342192e-06,2.30970890698e-05,0,0,-4.81910137751e-05,-1.15126550198,41.5203094482,42.0000314713,0,0,0,5.15301535827e-05,149451.817434
43.525,-0.00102565239649,0.579487860203,2.40512919426,4.43056342192e-06,2.30970890698e-05,0,0,-4.81910137751e-05,-1.15126550198,41.5203094482,42.0000314713,0,0,0,5.15301535827e-05,149451.817434
43.5361111111,-0.00102565239649,0.579487860203,2.40512919426,4.43056342192e-06,2.30970890698e-05,0,0,-4.81910137751e-05,-1.15126550198,41.5203094482,42.0000314713,0,0,0,5.15301535827e-05,149451.817434
43.5472222222,-0.00102565239649,0.579487860203,2.40512919426,4.43056342192e-06,2.30970890698e-05,0,0,-4.81910137751e-05,-1.15126550198,41.5203094482,42.0000314713,0,0,0,5.15301535827e-05,149451.817434
43.5583333333,-0.00102565239649,0.579487860203,2.40512919426,4.43056342192e-06,2.30970890698e-05,0,0,-4.81910137751e-05,-1.15126550198,41.5203094482,42.0000314713,0,0,0,5.15301535827e-05,149451.817434
43.5694444444,-0.00102565239649,0.579487860203,2.40512919426,4.43056342192e-06,2.30970890698e-05,0,0,-4.81910137751e-05,-1.15126550198,41.5203094482,42.0000314713,0,0,0,5.15301535827e-05,149451.817434
43.5805555556,-0.00102565239649,0.579487860203,2.40512919426,4.43056342192e-06,2.30970890698e-05,0,0,-4.81910137751e-05,-1.15126550198,41.5203094482,42.0000314713,0,0,0,5.15301535827e-05,149451.817434
43.5916666667,-0.00102565239649,0.579487860203,2.40512919426,4.43056342192e-06,2.30970890698e-05,0,0,-4.81910137751e-05,-1.15126550198,41.5203094482,42.0000314713,0,0,0,5.15301535827e-05,149451.817434
43.6027777778,-0.00102565239649,0.579487860203,2.40512919426,4.43056342192e-06,2.30970890698e-05,0,0,-4.81910137751e-05,-1.15126550198,41.5203094482,42.0000314713,0,0,0,5.15301535827e-05,149451.817434
43.6138888889,-0.00102565239649,0.579487860203,2.40512919426,4.43056342192e-06,2.30970890698e-05,0,0,-4.81910137751e-05,-1.15126550198,41.5203094482,42.0000314713,0,0,0,5.15301535827e-05,149451.817434
43.625,-0.00102565239649,0.579487860203,2.40512919426,4.43056342192e-06,2.30970890698e-05,0,0,-4.81910137751e-05,-1.15126550198,41.5203094482,42.0000314713,0,0,0,5.15301535827e-05,149451.817434
43.6361111111,-0.00102565239649,0.579487860203,2.40512919426,4.43056342192e-06,2.30970890698e-05,0,0,-4.81910137751e-05,-1.15126550198,41.5203094482,42.0000314713,0,0,0,5.15301535827e-05,149451.817434
43.6472222222,-0.00102565239649,0.579487860203,2.40512919426,4.43056342192e-06,2.30970890698e-05,0,0,-4.81910137751e-05,-1.15126550198,41.5203094482,42.0000314713,0,0,0,5.15301535827e-05,149451.817434
43.6583333333,-0.00102565239649,0.579487860203,2.40512919426,4.43056342192e-06,2.30970890698e-05,0,0,-4.81910137751e-05,-1.15126550198,41.5203094482,42.0000314713,0,0,0,5.15301535827e-05,149451.817434
43.6694444444,-0.00102565239649,0.579487860203,2.40512919426,4.43056342192e-06,2.30970890698e-05,0,0,-4.81910137751e-05,-1.15126550198,41.5203094482,42.0000314713,0,0,0,5.15301535827e-05,149451.817434
43.6805555556,-0.00102565239649,0.579487860203,2.40512919426,4.43056342192e-06,2.30970890698e-05,0,0,-4.81910137751e-05,-1.15126550198,41.5203094482,42.0000314713,0,0,0,5.15301535827e-05,149451.817434
43.6916666667,-0.00102565239649,0.579487860203,2.40512919426,4.43056342192e-06,2.30970890698e-05,0,0,-4.81910137751e-05,-1.15126550198,41.5203094482,42.0000314713,0,0,0,5.15301535827e-05,149451.817434
43.7027777778,-0.00102565239649,0.579487860203,2.40512919426,4.43056342192e-06,2.30970890698e-05,0,0,-4.81910137751e-05,-1.15126550198,41.5203094482,42.0000314713,0,0,0,5.15301535827e-05,149451.817434
43.7138888889,-0.00102565239649,0.579487860203,2.40512919426,4.43056342192e-06,2.30970890698e-05,0,0,-4.81910137751e-05,-1.15126550198,41.5203094482,42.0000314713,0,0,0,5.15301535827e-05,149451.817434
43.725,-0.00102565239649,0.579487860203,2.40512919426,4.43056342192e-06,2.30970890698e-05,0,0,-4.81910137751e-05,-1.15126550198,41.5203094482,42.0000314713,0,0,0,5.15301535827e-05,149451.817434
43.7361111111,-0.00102565239649,0.579487860203,2.40512919426,4.43056342192e-06,2.30970890698e-05,0,0,-4.81910137751e-05,-1.15126550198,41.5203094482,42.0000314713,0,0,0,5.15301535827e-05,149451.817434
43.7472222222,-0.00102565239649,0.579487860203,2.40512919426,4.43056342192e-06,2.30970890698e-05,0,0,-4.81910137751e-05,-1.15126550198,41.5203094482,42.0000314713,0,0,0,5.15301535827e-05,149451.817434
43.7583333333,-0.00102565239649,0.579487860203,2.40512919426,4.43056342192e-06,2.30970890698e-05,0,0,-4.81910137751e-05,-1.15126550198,41.5203094482,42.0000314713,0,0,0,5.15301535827e-05,149451.817434
43.7694444444,-0.00102565239649,0.579487860203,2.40512919426,4.43056342192e-06,2.30970890698e-05,0,0,-4.81910137751e-05,-1.15126550198,41.5203094482,42.0000314713,0,0,0,5.15301535827e-05,149451.817434
43.7805555556,-0.00102565239649,0.579487860203,2.40512919426,4.43056342192e-06,2.30970890698e-05,0,0,-4.81910137751e-05,-1.15126550198,41.5203094482,42.0000314713,0,0,0,5.15301535827e-05,149451.817434
43.7916666667,-0.00102565239649,0.579487860203,2.40512919426,4.43056342192e-06,2.30970890698e-05,0,0,-4.81910137751e-05,-1.15126550198,41.5203094482,42.0000314713,0,0,0,5.15301535827e-05,149451.817434
43.8027777778,-0.00102565239649,0.579487860203,2.40512919426,4.43056342192e-06,2.30970890698e-05,0,0,-4.81910137751e-05,-1.15126550198,41.5203094482,42.0000314713,0,0,0,5.15301535827e-05,149451.817434
43.8138888889,-0.00102565239649,0.579487860203,2.40512919426,4.43056342192e-06,2.30970890698e-05,0,0,-4.81910137751e-05,-1.15126550198,41.5203094482,42.0000314713,0,0,0,5.15301535827e-05,149451.817434
43.825,-0.00102565239649,0.579487860203,2.40512919426,4.43056342192e-06,2.30970890698e-05,0,0,-4.81910137751e-05,-1.15126550198,41.5203094482,42.0000314713,0,0,0,5.15301535827e-05,149451.817434
43.8361111111,-0.00102565239649,0.579487860203,2.40512919426,4.43056342192e-06,2.30970890698e-05,0,0,-4.81910137751e-05,-1.15126550198,41.5203094482,42.0000314713,0,0,0,5.15301535827e-05,149451.817434
43.8472222222,-0.00102565239649,0.579487860203,2.40512919426,4.43056342192e-06,2.30970890698e-05,0,0,-4.81910137751e-05,-1.15126550198,41.5203094482,42.0000314713,0,0,0,5.15301535827e-05,149451.817434
43.8583333333,-0.00102565239649,0.579487860203,2.40512919426,4.43056342192e-06,2.30970890698e-05,0,0,-4.81910137751e-05,-1.15126550198,41.5203094482,42.0000314713,0,0,0,5.15301535827e-05,149451.817434
43.8694444444,-0.00102565239649,0.579487860203,2.40512919426,4.43056342192e-06,2.30970890698e-05,0,0,-4.81910137751e-05,-1.15126550198,41.5203094482,42.0000314713,0,0,0,5.15301535827e-05,149451.817434
43.8805555556,-0.00102565239649,0.579487860203,2.40512919426,4.43056342192e-06,2.30970890698e-05,0,0,-4.81910137751e-05,-1.15126550198,41.5203094482,42.0000314713,0,0,0,5.15301535827e-05,149451.817434
43.8916666667,-0.00102565239649,0.579487860203,2.40512919426,4.43056342192e-06,2.30970890698e-05,0,0,-4.81910137751e-05,-1.15126550198,41.5203094482,42.0000314713,0,0,0,5.15301535827e-05,149451.817434
43.9027777778,-0.00102565239649,0.579487860203,2.40512919426,4.43056342192e-06,2.30970890698e-05,0,0,-4.81910137751e-05,-1.15126550198,41.5203094482,42.0000314713,0,0,0,5.15301535827e-05,149451.817434
43.9138888889,-0.00102565239649,0.579487860203,2.40512919426,4.43056342192e-06,2.30970890698e-05,0,0,-4.81910137751e-05,-1.15126550198,41.5203094482,42.0000314713,0,0,0,5.15301535827e-05,149451.817434
43.925,-0.00102565239649,0.579487860203,2.40512919426,4.43056342192e-06,2.30970890698e-05,0,0,-4.81910137751e-05,-1.15126550198,41.5203094482,42.0000314713,0,0,0,5.15301535827e-05,149451.817434
43.9361111111,-0.00102565239649,0.579487860203,2.40512919426,4.43056342192e-06,2.30970890698e-05,0,0,-4.81910137751e-05,-1.15126550198,41.5203094482,42.0000314713,0,0,0,5.15301535827e-05,149451.817434
43.9472222222,-0.00102565239649,0.579487860203,2.40512919426,4.43056342192e-06,2.30970890698e-05,0,0,-4.81910137751e-05,-1.15126550198,41.5203094482,42.0000314713,0,0,0,5.15301535827e-05,149451.817434
43.9583333333,-0.00102565239649,0.579487860203,2.40512919426,4.43056342192e-06,2.30970890698e-05,0,0,-4.81910137751e-05,-1.15126550198,41.5203094482,42.0000314713,0,0,0,5.15301535827e-05,149451.817434
43.9694444444,-0.00102565239649,0.579487860203,2.40512919426,4.43056342192e-06,2.30970890698e-05,0,0,-4.81910137751e-05,-1.15126550198,41.5203094482,42.0000314713,0,0,0,5.15301535827e-05,149451.817434
43.9805555556,-0.00102565239649,0.579487860203,2.40512919426,4.43056342192e-06,2.30970890698e-05,0,0,-4.81910137751e-05,-1.15126550198,41.5203094482,42.0000314713,0,0,0,5.15301535827e-05,149451.817434
43.9916666667,-0.00102565239649,0.579487860203,2.40512919426,4.43056342192e-06,2.30970890698e-05,0,0,-4.81910137751e-05,-1.15126550198,41.5203094482,42.0000314713,0,0,0,5.15301535827e-05,149451.817434
44.0027777778,-0.00102565239649,0.579487860203,2.40512919426,4.43056342192e-06,2.30970890698e-05,0,0,-4.81910137751e-05,-1.15126550198,41.5203094482,42.0000314713,0,0,0,5.15301535827e-05,149451.817434
44.0138888889,-0.00102565239649,0.579487860203,2.40512919426,4.43056342192e-06,2.30970890698e-05,0,0,-4.81910137751e-05,-1.15126550198,41.5203094482,42.0000314713,0,0,0,5.15301535827e-05,149451.817434
44.025,-0.00102565239649,0.579487860203,2.40512919426,4.43056342192e-06,2.30970890698e-05,0,0,-4.81910137751e-05,-1.15126550198,41.5203094482,42.0000314713,0,0,0,5.15301535827e-05,149451.817434
44.0361111111,-0.00102565239649,0.579487860203,2.40512919426,4.43056342192e-06,2.30970890698e-05,0,0,-4.81910137751e-05,-1.15126550198,41.5203094482,42.0000314713,0,0,0,5.15301535827e-05,149451.817434
44.0472222222,-0.00102565239649,0.579487860203,2.40512919426,4.43056342192e-06,2.30970890698e-05,0,0,-4.81910137751e-05,-1.15126550198,41.5203094482,42.0000314713,0,0,0,5.15301535827e-05,149451.817434
44.0583333333,-0.00102565239649,0.579487860203,2.40512919426,4.43056342192e-06,2.30970890698e-05,0,0,-4.81910137751e-05,-1.15126550198,41.5203094482,42.0000314713,0,0,0,5.15301535827e-05,149451.817434
44.0694444444,-0.00102565239649,0.579487860203,2.40512919426,4.43056342192e-06,2.30970890698e-05,0,0,-4.81910137751e-05,-1.15126550198,41.5203094482,42.0000314713,0,0,0,5.15301535827e-05,149451.817434
44.0805555556,-0.00102565239649,0.579487860203,2.40512919426,4.43056342192e-06,2.30970890698e-05,0,0,-4.81910137751e-05,-1.15126550198,41.5203094482,42.0000314713,0,0,0,5.15301535827e-05,149451.817434
44.0916666667,-0.00102565239649,0.579487860203,2.40512919426,4.43056342192e-06,2.30970890698e-05,0,0,-4.81910137751e-05,-1.15126550198,41.5203094482,42.0000314713,0,0,0,5.15301535827e-05,149451.817434
44.1027777778,-0.00102565239649,0.579487860203,2.40512919426,4.43056342192e-06,2.30970890698e-05,0,0,-4.81910137751e-05,-1.15126550198,41.5203094482,42.0000314713,0,0,0,5.15301535827e-05,149451.817434
44.1138888889,-0.00102565239649,0.579487860203,2.40512919426,4.43056342192e-06,2.30970890698e-05,0,0,-4.81910137751e-05,-1.15126550198,41.5203094482,42.0000314713,0,0,0,5.15301535827e-05,149451.817434
44.125,-0.00102565239649,0.579487860203,2.40512919426,4.43056342192e-06,2.30970890698e-05,0,0,-4.81910137751e-05,-1.15126550198,41.5203094482,42.0000314713,0,0,0,5.15301535827e-05,149451.817434
44.1361111111,-0.00102565239649,0.579487860203,2.40512919426,4.43056342192e-06,2.30970890698e-05,0,0,-4.81910137751e-05,-1.15126550198,41.5203094482,42.0000314713,0,0,0,5.15301535827e-05,149451.817434
44.1472222222,-0.00102565239649,0.579487860203,2.40512919426,4.43056342192e-06,2.30970890698e-05,0,0,-4.81910137751e-05,-1.15126550198,41.5203094482,42.0000314713,0,0,0,5.15301535827e-05,149451.817434
44.1583333333,-0.00102565239649,0.579487860203,2.40512919426,4.43056342192e-06,2.30970890698e-05,0,0,-4.81910137751e-05,-1.15126550198,41.5203094482,42.0000314713,0,0,0,5.15301535827e-05,149451.817434
44.1694444444,-0.00102565239649,0.579487860203,2.40512919426,4.43056342192e-06,2.30970890698e-05,0,0,-4.81910137751e-05,-1.15126550198,41.5203094482,42.0000314713,0,0,0,5.15301535827e-05,149451.817434
44.1805555556,-0.00102565239649,0.579487860203,2.40512919426,4.43056342192e-06,2.30970890698e-05,0,0,-4.81910137751e-05,-1.15126550198,41.5203094482,42.0000314713,0,0,0,5.15301535827e-05,149451.817434
44.1916666667,-0.00102565239649,0.579487860203,2.40512919426,4.43056342192e-06,2.30970890698e-05,0,0,-4.81910137751e-05,-1.15126550198,41.5203094482,42.0000314713,0,0,0,5.15301535827e-05,149451.817434
44.2027777778,-0.00102565239649,0.579487860203,2.40512919426,4.43056342192e-06,2.30970890698e-05,0,0,-4.81910137751e-05,-1.15126550198,41.5203094482,42.0000314713,0,0,0,5.15301535827e-05,149451.817434
44.2138888889,-0.00102565239649,0.579487860203,2.40512919426,4.43056342192e-06,2.30970890698e-05,0,0,-4.81910137751e-05,-1.15126550198,41.5203094482,42.0000314713,0,0,0,5.15301535827e-05,149451.817434
44.225,-0.00102565239649,0.579487860203,2.40512919426,4.43056342192e-06,2.30970890698e-05,0,0,-4.81910137751e-05,-1.15126550198,41.5203094482,42.0000314713,0,0,0,5.15301535827e-05,149451.817434
44.2361111111,-0.00102565239649,0.579487860203,2.40512919426,4.43056342192e-06,2.30970890698e-05,0,0,-4.81910137751e-05,-1.15126550198,41.5203094482,42.0000314713,0,0,0,5.15301535827e-05,149451.817434
44.2472222222,-0.00102565239649,0.579487860203,2.40512919426,4.43056342192e-06,2.30970890698e-05,0,0,-4.81910137751e-05,-1.15126550198,41.5203094482,42.0000314713,0,0,0,5.15301535827e-05,149451.817434
44.2583333333,-0.00102565239649,0.579487860203,2.40512919426,4.43056342192e-06,2.30970890698e-05,0,0,-4.81910137751e-05,-1.15126550198,41.5203094482,42.0000314713,0,0,0,5.15301535827e-05,149451.817434
44.2694444444,-0.00102565239649,0.579487860203,2.40512919426,4.43056342192e-06,2.30970890698e-05,0,0,-4.81910137751e-05,-1.15126550198,41.5203094482,42.0000314713,0,0,0,5.15301535827e-05,149451.817434
44.2805555556,-0.00102565239649,0.579487860203,2.40512919426,4.43056342192e-06,2.30970890698e-05,0,0,-4.81910137751e-05,-1.15126550198,41.5203094482,42.0000314713,0,0,0,5.15301535827e-05,149451.817434
44.2916666667,-0.00102565239649,0.579487860203,2.40512919426,4.43056342192e-06,2.30970890698e-05,0,0,-4.81910137751e-05,-1.15126550198,41.5203094482,42.0000314713,0,0,0,5.15301535827e-05,149451.817434
44.3027777778,-0.00102565239649,0.579487860203,2.40512919426,4.43056342192e-06,2.30970890698e-05,0,0,-4.81910137751e-05,-1.15126550198,41.5203094482,42.0000314713,0,0,0,5.15301535827e-05,149451.817434
44.3138888889,-0.00102565239649,0.579487860203,2.40512919426,4.43056342192e-06,2.30970890698e-05,0,0,-4.81910137751e-05,-1.15126550198,41.5203094482,42.0000314713,0,0,0,5.15301535827e-05,149451.817434
44.325,-0.00102565239649,0.579487860203,2.40512919426,4.43056342192e-06,2.30970890698e-05,0,0,-4.81910137751e-05,-1.15126550198,41.5203094482,42.0000314713,0,0,0,5.15301535827e-05,149451.817434
44.3361111111,-0.00102565239649,0.579487860203,2.40512919426,4.43056342192e-06,2.30970890698e-05,0,0,-4.81910137751e-05,-1.15126550198,41.5203094482,42.0000314713,0,0,0,5.15301535827e-05,149451.817434
44.3472222222,-0.00102565239649,0.579487860203,2.40512919426,4.43056342192e-06,2.30970890698e-05,0,0,-4.81910137751e-05,-1.15126550198,41.5203094482,42.0000314713,0,0,0,5.15301535827e-05,149451.817434
44.3583333333,-0.00102565239649,0.579487860203,2.40512919426,4.43056342192e-06,2.30970890698e-05,0,0,-4.81910137751e-05,-1.15126550198,41.5203094482,42.0000314713,0,0,0,5.15301535827e-05,149451.817434
44.3694444444,-0.00102565239649,0.579487860203,2.40512919426,4.43056342192e-06,2.30970890698e-05,0,0,-4.81910137751e-05,-1.15126550198,41.5203094482,42.0000314713,0,0,0,5.15301535827e-05,149451.817434
44.3805555556,-0.00102565239649,0.579487860203,2.40512919426,4.43056342192e-06,2.30970890698e-05,0,0,-4.81910137751e-05,-1.15126550198,41.5203094482,42.0000314713,0,0,0,5.15301535827e-05,149451.817434
44.3916666667,-0.00102565239649,0.579487860203,2.40512919426,4.43056342192e-06,2.30970890698e-05,0,0,-4.81910137751e-05,-1.15126550198,41.5203094482,42.0000314713,0,0,0,5.15301535827e-05,149451.817434
44.4027777778,-0.00102565239649,0.579487860203,2.40512919426,4.43056342192e-06,2.30970890698e-05,0,0,-4.81910137751e-05,-1.15126550198,41.5203094482,42.0000314713,0,0,0,5.15301535827e-05,149451.817434
44.4138888889,-0.00102565239649,0.579487860203,2.40512919426,4.43056342192e-06,2.30970890698e-05,0,0,-4.81910137751e-05,-1.15126550198,41.5203094482,42.0000314713,0,0,0,5.15301535827e-05,149451.817434
44.425,-0.00102565239649,0.579487860203,2.40512919426,4.43056342192e-06,2.30970890698e-05,0,0,-4.81910137751e-05,-1.15126550198,41.5203094482,42.0000314713,0,0,0,5.15301535827e-05,149451.817434
44.4361111111,-0.00102565239649,0.579487860203,2.40512919426,4.43056342192e-06,2.30970890698e-05,0,0,-4.81910137751e-05,-1.15126550198,41.5203094482,42.0000314713,0,0,0,5.15301535827e-05,149451.817434
44.4472222222,-0.00102565239649,0.579487860203,2.40512919426,4.43056342192e-06,2.30970890698e-05,0,0,-4.81910137751e-05,-1.15126550198,41.5203094482,42.0000314713,0,0,0,5.15301535827e-05,149451.817434
44.4583333333,-0.00102565239649,0.579487860203,2.40512919426,4.43056342192e-06,2.30970890698e-05,0,0,-4.81910137751e-05,-1.15126550198,41.5203094482,42.0000314713,0,0,0,5.15301535827e-05,149451.817434
44.4694444444,-0.00102565239649,0.579487860203,2.40512919426,4.43056342192e-06,2.30970890698e-05,0,0,-4.81910137751e-05,-1.15126550198,41.5203094482,42.0000314713,0,0,0,5.15301535827e-05,149451.817434
44.4805555556,-0.00102565239649,0.579487860203,2.40512919426,4.43056342192e-06,2.30970890698e-05,0,0,-4.81910137751e-05,-1.15126550198,41.5203094482,42.0000314713,0,0,0,5.15301535827e-05,149451.817434
44.4916666667,-0.00102565239649,0.579487860203,2.40512919426,4.43056342192e-06,2.30970890698e-05,0,0,-4.81910137751e-05,-1.15126550198,41.5203094482,42.0000314713,0,0,0,5.15301535827e-05,149451.817434
44.5027777778,-0.00102565239649,0.579487860203,2.40512919426,4.43056342192e-06,2.30970890698e-05,0,0,-4.81910137751e-05,-1.15126550198,41.5203094482,42.0000314713,0,0,0,5.15301535827e-05,149451.817434
44.5138888889,-0.00102565239649,0.579487860203,2.40512919426,4.43056342192e-06,2.30970890698e-05,0,0,-4.81910137751e-05,-1.15126550198,41.5203094482,42.0000314713,0,0,0,5.15301535827e-05,149451.817434
44.525,-0.00102565239649,0.579487860203,2.40512919426,4.43056342192e-06,2.30970890698e-05,0,0,-4.81910137751e-05,-1.15126550198,41.5203094482,42.0000314713,0,0,0,5.15301535827e-05,149451.817434
44.5361111111,-0.00102565239649,0.579487860203,2.40512919426,4.43056342192e-06,2.30970890698e-05,0,0,-4.81910137751e-05,-1.15126550198,41.5203094482,42.0000314713,0,0,0,5.15301535827e-05,149451.817434
44.5472222222,-0.00102565239649,0.579487860203,2.40512919426,4.43056342192e-06,2.30970890698e-05,0,0,-4.81910137751e-05,-1.15126550198,41.5203094482,42.0000314713,0,0,0,5.15301535827e-05,149451.817434
44.5583333333,-0.00102565239649,0.579487860203,2.40512919426,4.43056342192e-06,2.30970890698e-05,0,0,-4.81910137751e-05,-1.15126550198,41.5203094482,42.0000314713,0,0,0,5.15301535827e-05,149451.817434
44.5694444444,-0.00102565239649,0.579487860203,2.40512919426,4.43056342192e-06,2.30970890698e-05,0,0,-4.81910137751e-05,-1.15126550198,41.5203094482,42.0000314713,0,0,0,5.15301535827e-05,149451.817434
44.5805555556,-0.00102565239649,0.579487860203,2.40512919426,4.43056342192e-06,2.30970890698e-05,0,0,-4.81910137751e-05,-1.15126550198,41.5203094482,42.0000314713,0,0,0,5.15301535827e-05,149451.817434
44.5916666667,-0.00102565239649,0.579487860203,2.40512919426,4.43056342192e-06,2.30970890698e-05,0,0,-4.81910137751e-05,-1.15126550198,41.5203094482,42.0000314713,0,0,0,5.15301535827e-05,149451.817434
44.6027777778,-0.00102565239649,0.579487860203,2.40512919426,4.43056342192e-06,2.30970890698e-05,0,0,-4.81910137751e-05,-1.15126550198,41.5203094482,42.0000314713,0,0,0,5.15301535827e-05,149451.817434
44.6138888889,-0.00102565239649,0.579487860203,2.40512919426,4.43056342192e-06,2.30970890698e-05,0,0,-4.81910137751e-05,-1.15126550198,41.5203094482,42.0000314713,0,0,0,5.15301535827e-05,149451.817434
44.625,-0.00102565239649,0.579487860203,2.40512919426,4.43056342192e-06,2.30970890698e-05,0,0,-4.81910137751e-05,-1.15126550198,41.5203094482,42.0000314713,0,0,0,5.15301535827e-05,149451.817434
44.6361111111,-0.00102565239649,0.579487860203,2.40512919426,4.43056342192e-06,2.30970890698e-05,0,0,-4.81910137751e-05,-1.15126550198,41.5203094482,42.0000314713,0,0,0,5.15301535827e-05,149451.817434
44.6472222222,-0.00102565239649,0.579487860203,2.40512919426,4.43056342192e-06,2.30970890698e-05,0,0,-4.81910137751e-05,-1.15126550198,41.5203094482,42.0000314713,0,0,0,5.15301535827e-05,149451.817434
44.6583333333,-0.00102565239649,0.579487860203,2.40512919426,4.43056342192e-06,2.30970890698e-05,0,0,-4.81910137751e-05,-1.15126550198,41.5203094482,42.0000314713,0,0,0,5.15301535827e-05,149451.817434
44.6694444444,-0.00102565239649,0.579487860203,2.40512919426,4.43056342192e-06,2.30970890698e-05,0,0,-4.81910137751e-05,-1.15126550198,41.5203094482,42.0000314713,0,0,0,5.15301535827e-05,149451.817434
44.6805555556,-0.00102565239649,0.579487860203,2.40512919426,4.43056342192e-06,2.30970890698e-05,0,0,-4.81910137751e-05,-1.15126550198,41.5203094482,42.0000314713,0,0,0,5.15301535827e-05,149451.817434
44.6916666667,-0.00102565239649,0.579487860203,2.40512919426,4.43056342192e-06,2.30970890698e-05,0,0,-4.81910137751e-05,-1.15126550198,41.5203094482,42.0000314713,0,0,0,5.15301535827e-05,149451.817434
44.7027777778,-0.00102565239649,0.579487860203,2.40512919426,4.43056342192e-06,2.30970890698e-05,0,0,-4.81910137751e-05,-1.15126550198,41.5203094482,42.0000314713,0,0,0,5.15301535827e-05,149451.817434
44.7138888889,-0.00102565239649,0.579487860203,2.40512919426,4.43056342192e-06,2.30970890698e-05,0,0,-4.81910137751e-05,-1.15126550198,41.5203094482,42.0000314713,0,0,0,5.15301535827e-05,149451.817434
44.725,-0.00102565239649,0.579487860203,2.40512919426,4.43056342192e-06,2.30970890698e-05,0,0,-4.81910137751e-05,-1.15126550198,41.5203094482,42.0000314713,0,0,0,5.15301535827e-05,149451.817434
44.7361111111,-0.00102565239649,0.579487860203,2.40512919426,4.43056342192e-06,2.30970890698e-05,0,0,-4.81910137751e-05,-1.15126550198,41.5203094482,42.0000314713,0,0,0,5.15301535827e-05,149451.817434
44.7472222222,-0.00102565239649,0.579487860203,2.40512919426,4.43056342192e-06,2.30970890698e-05,0,0,-4.81910137751e-05,-1.15126550198,41.5203094482,42.0000314713,0,0,0,5.15301535827e-05,149451.817434
44.7583333333,-0.00102565239649,0.579487860203,2.40512919426,4.43056342192e-06,2.30970890698e-05,0,0,-4.81910137751e-05,-1.15126550198,41.5203094482,42.0000314713,0,0,0,5.15301535827e-05,149451.817434
44.7694444444,-0.00102565239649,0.579487860203,2.40512919426,4.43056342192e-06,2.30970890698e-05,0,0,-4.81910137751e-05,-1.15126550198,41.5203094482,42.0000314713,0,0,0,5.15301535827e-05,149451.817434
44.7805555556,-0.00102565239649,0.579487860203,2.40512919426,4.43056342192e-06,2.30970890698e-05,0,0,-4.81910137751e-05,-1.15126550198,41.5203094482,42.0000314713,0,0,0,5.15301535827e-05,149451.817434
44.7916666667,-0.00102565239649,0.579487860203,2.40512919426,4.43056342192e-06,2.30970890698e-05,0,0,-4.81910137751e-05,-1.15126550198,41.5203094482,42.0000314713,0,0,0,5.15301535827e-05,149451.817434
44.8027777778,-0.00102565239649,0.579487860203,2.40512919426,4.43056342192e-06,2.30970890698e-05,0,0,-4.81910137751e-05,-1.15126550198,41.5203094482,42.0000314713,0,0,0,5.15301535827e-05,149451.817434
44.8138888889,-0.00102565239649,0.579487860203,2.40512919426,4.43056342192e-06,2.30970890698e-05,0,0,-4.81910137751e-05,-1.15126550198,41.5203094482,42.0000314713,0,0,0,5.15301535827e-05,149451.817434
44.825,-0.00102565239649,0.579487860203,2.40512919426,4.43056342192e-06,2.30970890698e-05,0,0,-4.81910137751e-05,-1.15126550198,41.5203094482,42.0000314713,0,0,0,5.15301535827e-05,149451.817434
44.8361111111,-0.00102565239649,0.579487860203,2.40512919426,4.43056342192e-06,2.30970890698e-05,0,0,-4.81910137751e-05,-1.15126550198,41.5203094482,42.0000314713,0,0,0,5.15301535827e-05,149451.817434
44.8472222222,-0.00102565239649,0.579487860203,2.40512919426,4.43056342192e-06,2.30970890698e-05,0,0,-4.81910137751e-05,-1.15126550198,41.5203094482,42.0000314713,0,0,0,5.15301535827e-05,149451.817434
44.8583333333,-0.00102565239649,0.579487860203,2.40512919426,4.43056342192e-06,2.30970890698e-05,0,0,-4.81910137751e-05,-1.15126550198,41.5203094482,42.0000314713,0,0,0,5.15301535827e-05,149451.817434
44.8694444444,-0.00102565239649,0.579487860203,2.40512919426,4.43056342192e-06,2.30970890698e-05,0,0,-4.81910137751e-05,-1.15126550198,41.5203094482,42.0000314713,0,0,0,5.15301535827e-05,149451.817434
44.8805555556,-0.00102565239649,0.579487860203,2.40512919426,4.43056342192e-06,2.30970890698e-05,0,0,-4.81910137751e-05,-1.15126550198,41.5203094482,42.0000314713,0,0,0,5.15301535827e-05,149451.817434
44.8916666667,-0.00102565239649,0.579487860203,2.40512919426,4.43056342192e-06,2.30970890698e-05,0,0,-4.81910137751e-05,-1.15126550198,41.5203094482,42.0000314713,0,0,0,5.15301535827e-05,149451.817434
44.9027777778,-0.00102565239649,0.579487860203,2.40512919426,4.43056342192e-06,2.30970890698e-05,0,0,-4.81910137751e-05,-1.15126550198,41.5203094482,42.0000314713,0,0,0,5.15301535827e-05,149451.817434
44.9138888889,-0.00102565239649,0.579487860203,2.40512919426,4.43056342192e-06,2.30970890698e-05,0,0,-4.81910137751e-05,-1.15126550198,41.5203094482,42.0000314713,0,0,0,5.15301535827e-05,149451.817434
44.925,-0.00102565239649,0.579487860203,2.40512919426,4.43056342192e-06,2.30970890698e-05,0,0,-4.81910137751e-05,-1.15126550198,41.5203094482,42.0000314713,0,0,0,5.15301535827e-05,149451.817434
44.9361111111,-0.00102565239649,0.579487860203,2.40512919426,4.43056342192e-06,2.30970890698e-05,0,0,-4.81910137751e-05,-1.15126550198,41.5203094482,42.0000314713,0,0,0,5.15301535827e-05,149451.817434
44.9472222222,-0.00102565239649,0.579487860203,2.40512919426,4.43056342192e-06,2.30970890698e-05,0,0,-4.81910137751e-05,-1.15126550198,41.5203094482,42.0000314713,0,0,0,5.15301535827e-05,149451.817434
44.9583333333,-0.00102565239649,0.579487860203,2.40512919426,4.43056342192e-06,2.30970890698e-05,0,0,-4.81910137751e-05,-1.15126550198,41.5203094482,42.0000314713,0,0,0,5.15301535827e-05,149451.817434
44.9694444444,-0.00102565239649,0.579487860203,2.40512919426,4.43056342192e-06,2.30970890698e-05,0,0,-4.81910137751e-05,-1.15126550198,41.5203094482,42.0000314713,0,0,0,5.15301535827e-05,149451.817434
44.9805555556,-0.00102565239649,0.579487860203,2.40512919426,4.43056342192e-06,2.30970890698e-05,0,0,-4.81910137751e-05,-1.15126550198,41.5203094482,42.0000314713,0,0,0,5.15301535827e-05,149451.817434
44.9916666667,-0.00102565239649,0.579487860203,2.40512919426,4.43056342192e-06,2.30970890698e-05,0,0,-4.81910137751e-05,-1.15126550198,41.5203094482,42.0000314713,0,0,0,5.15301535827e-05,149451.817434
