t,bridge_q,tip_y,pan_y,pan_pitch,hinge_drift,pipes_inside,pipes_crossed,gate_q,bridge_prop_angle,rack_hand_work,bridge_hand_work,plastic_work,penetration,plastic_front,ke,pe
0.00277777777778,-4.93714014738e-06,0.599900901318,2.40002346039,2.65409926214e-06,7.64428114053e-06,0,0,0,0.0166674368083,0,0,0,0,0,1.90380870576,705562.058412
0.0138888888889,-7.43695782148e-05,0.598512709141,2.400370121,3.85711064155e-06,1.692981823e-05,0,0,0,0.0166674368083,0,0,0,0,0,47.5442228123,705508.579661
0.025,-0.000223165130592,0.595537006855,2.40111446381,3.85711064155e-06,7.62939453125e-06,0,0,0,0.0166674368083,0,0,0,0,0,154.047345255,705394.028029
0.0361111111111,-0.000451319559943,0.59097391367,2.40225505829,3.85711064155e-06,7.62939453125e-06,0,0,0,0.0166674368083,0,0,0,0,0,321.420842052,705218.342412
0.0472222222222,-0.00075883284444,0.584823668003,2.40379238129,3.85711064155e-06,8.74788293004e-06,0,0,0,0.0166674368083,0,0,0,0,0,549.678875458,704981.565553
0.0583333333333,-0.00102565239649,0.579487681389,2.40512537956,5.61235810892e-06,1.57474751177e-05,0,0,0,0.0166674368083,0,0,0,0,0,10.6321444602,704774.929337
0.0694444444444,-0.00102565239649,0.579487860203,2.40512633324,4.43056342192e-06,1.57572849275e-05,0,0,0,0.0166674368083,0,0,0,0,0,15.1231439277,704770.333308
0.0805555555556,-0.00102565239649,0.579487860203,2.40512728691,4.43056342192e-06,1.57572849275e-05,0,0,0,0.0166674368083,0,0,0,0,0,20.3343906493,704765.028714
0.0916666666667,-0.00102565239649,0.579487860203,2.40512824059,4.43056342192e-06,1.57572849275e-05,0,0,0,0.0166674368083,0,0,0,0,0,26.3895138285,704758.900831
0.102777777778,-0.00102565239649,0.579487860203,2.40512919426,4.43056342192e-06,1.57861195476e-05,0,0,0,0.0166674368083,0,0,0,0,0,33.1694423852,704752.024505
0.113888888889,-0.00102565239649,0.579487860203,2.40512919426,4.43056342192e-06,1.57861195476e-05,0,0,0,0.0166674368083,0,0,0,0,0,40.7820988668,704744.315535
0.125,-0.00102565239649,0.579487860203,2.40512919426,4.43056342192e-06,1.57861195476e-05,0,0,0,0.0166674368083,0,0,0,0,0,49.123231178,704735.895544
0.136111111111,-0.00102565239649,0.579487860203,2.40512919426,4.43056342192e-06,1.57861195476e-05,0,0,0,0.0166674368083,0,0,0,0,0,58.3383128603,704726.577421
0.147222222222,-0.00102565239649,0.579487860203,2.40512919426,4.43056342192e-06,1.57861195476e-05,0,0,0,0.0166674368083,0,0,0,0,0,68.2148949092,704716.62312
0.158333333333,-0.00102565239649,0.579487860203,2.40512919426,4.43056342192e-06,1.57861195476e-05,0,0,0,0.0166674368083,0,0,0,0,0,78.9231210382,704705.808109
0.169444444444,-0.00102565239649,0.579487860203,2.40512919426,4.43056342192e-06,1.57861195476e-05,0,0,0,0.0166674368083,0,0,0,0,0,90.4099653412,704694.244655
0.180555555556,-0.00102565239649,0.579487860203,2.40512919426,4.43056342192e-06,1.57861195476e-05,0,0,0,0.0166674368083,0,0,0,0,0,102.709301303,704681.82049
0.191666666667,-0.00102565239649,0.579487860203,2.40512919426,4.43056342192e-06,1.57861195476e-05,0,0,0,0.0166674368083,0,0,0,0,0,115.720247698,704668.722726
0.202777777778,-0.00102565239649,0.579487860203,2.40512919426,4.43056342192e-06,1.57861195476e-05,0,0,0,0.0166674368083,0,0,0,0,0,129.537185076,704654.839096
0.213888888889,-0.00102565239649,0.579487860203,2.40512919426,4.43056342192e-06,1.57861195476e-05,0,0,0,0.0166674368083,0,0,0,0,0,144.116948033,704640.207022
0.225,-0.00102565239649,0.579487860203,2.40512919426,4.43056342192e-06,1.57861195476e-05,0,0,0,0.0166674368083,0,0,0,0,0,159.483795297,704624.729207
0.236111111111,-0.00102565239649,0.579487860203,2.40512919426,4.43056342192e-06,1.57861195476e-05,0,0,0,0.0166674368083,0,0,0,0,0,175.639837571,704608.450558
0.247222222222,-0.00102565239649,0.579487860203,2.40512919426,4.43056342192e-06,1.57861195476e-05,0,0,0,0.0166674368083,0,0,0,0,0,192.584196075,704591.423464
0.258333333333,-0.00102565239649,0.579487860203,2.40512919426,4.43056342192e-06,1.57861195476e-05,0,0,0,0.0166674368083,0,0,0,0,0,210.319166554,704573.573083
0.269444444444,-0.00102565239649,0.579487860203,2.40512919426,4.43056342192e-06,1.57861195476e-05,0,0,0,0.0166674368083,0,0,0,0,0,228.847262867,704554.936836
0.280555555556,-0.00102565239649,0.579487860203,2.40512919426,4.43056342192e-06,1.57861195476e-05,0,0,0,0.0166674368083,0,0,0,0,0,248.026030489,704535.664412
0.291666666667,-0.00102565239649,0.579487860203,2.40512919426,4.43056342192e-06,1.57861195476e-05,0,0,0,0.0166674368083,0,0,0,0,0,268.034095711,704515.568699
0.302777777778,-0.00102565239649,0.579487860203,2.40512919426,4.43056342192e-06,1.57861195476e-05,0,0,8.9550143457e-05,0.0166674368083,0,0,0,0,0,232.049817594,704499.867427
0.313888888889,-0.00102565239649,0.579487860203,2.40512919426,4.43056342192e-06,2.29130055232e-05,0,0,-7.69877951825e-05,0.0166674368083,0,0,0,0,0,249.114616159,704481.062617
0.325,-0.00102565239649,0.579487860203,2.40512919426,4.43056342192e-06,2.29130055232e-05,0,0,-0.000164458222571,0.0166674368083,0,0,0,0,0,266.576883361,704463.470448
0.336111111111,-0.00102565239649,0.579487860203,2.40512919426,4.43056342192e-06,2.29130055232e-05,0,0,-0.000216384039959,0.0166674368083,0,0,0,0,0,284.889375577,704445.040023
0.347222222222,-0.00102565239649,0.579487860203,2.40512919426,4.43056342192e-06,2.29130055232e-05,0,0,-0.000231889280258,0.0166674368083,0,0,0,0,0,303.884991747,704425.919159
0.358333333333,-0.00102565239649,0.579487860203,2.40512919426,4.43056342192e-06,2.29130055232e-05,0,0,-0.000216646585613,0.0166674368083,0,0,0,0,0,323.709406237,704405.99746
0.369444444444,-0.00102565239649,0.579487860203,2.40512919426,4.43056342192e-06,2.29130055232e-05,0,0,-0.00014518496755,0.0166674368083,0,0,0,0,0,305.778578141,704388.351029
0.380555555556,-0.00102565239649,0.579487860203,2.40512919426,4.43056342192e-06,1.57861195476e-05,0,0,2.62536400442e-06,0.0166674368083,0,0,0,0,0,280.378349613,704382.788643
0.391666666667,-0.00102565239649,0.579487860203,2.40512919426,4.43056342192e-06,1.57861195476e-05,0,0,1.57377071446e-05,0.0166674368083,0,0,0,0,0,298.315246317,704353.872779
0.402777777778,-0.00102565239649,0.579487860203,2.40512919426,4.43056342192e-06,1.57861195476e-05,0,0,1.57377071446e-05,0.0166674368083,0,0,0,0,0,306.77251842,704334.667715
0.413888888889,-0.00102565239649,0.579487860203,2.40512919426,4.43056342192e-06,1.57861195476e-05,0,0,1.57377071446e-05,0.0166674368083,0,0,0,0,0,323.856820662,704317.535839
0.425,-0.00102565239649,0.579487860203,2.40512919426,4.43056342192e-06,1.57861195476e-05,0,0,1.57377071446e-05,0.0166674368083,0,0,0,0,0,341.407589913,704299.90812
0.436111111111,-0.00102565239649,0.579487860203,2.40512919426,4.43056342192e-06,1.57861195476e-05,0,0,1.57377071446e-05,0.0166674368083,0,0,0,0,0,294.130600364,704286.958174
0.447222222222,-0.00102565239649,0.579487860203,2.40512919426,4.43056342192e-06,1.57861195476e-05,0,0,3.42426246789e-05,0.0166674368083,0,0,0,0,0,258.178855789,704283.876925
0.458333333333,-0.00102565239649,0.579487860203,2.40512919426,4.43056342192e-06,1.57861195476e-05,0,0,3.42426246789e-05,0.0166674368083,0,0,0,0,0,264.664932252,704257.956543
0.469444444444,-0.00102565239649,0.579487860203,2.40512919426,4.43056342192e-06,1.57861195476e-05,0,0,3.42426246789e-05,0.0166674368083,0,0,0,0,0,277.517441184,704243.973745
0.480555555556,-0.00102565239649,0.579487860203,2.40512919426,4.43056342192e-06,1.57861195476e-05,0,0,3.42426246789e-05,0.0166674368083,0,0,0,0,0,290.774973673,704230.664545
0.491666666667,-0.00102565239649,0.579487860203,2.40512919426,4.43056342192e-06,1.57861195476e-05,0,0,3.42426246789e-05,0.0166674368083,0,0,0,0,0,242.01210983,704220.985297
0.502777777778,-0.00102565239649,0.579487860203,2.40512919426,4.43056342192e-06,1.57861195476e-05,0,0,4.1961302486e-05,0.0166674368083,0,0,0,0,0,176.701587936,704225.833341
0.513888888889,-0.00102565239649,0.579487860203,2.40512919426,4.43056342192e-06,1.57861195476e-05,0,0,4.1961302486e-05,0.0166674368083,0,0,0,0,0,174.159797406,704215.678715
0.525,-0.00102565239649,0.579487860203,2.40512919426,4.43056342192e-06,1.57861195476e-05,0,0,4.1961302486e-05,0.0166674368083,0,0,0,0,0,177.318272497,704196.838517
0.536111111111,-0.00102565239649,0.579487860203,2.40512919426,4.43056342192e-06,1.57861195476e-05,0,0,4.1961302486e-05,0.0166674368083,0,0,0,0,0,180.870974559,704187.529749
0.547222222222,-0.00102565239649,0.579487860203,2.40512919426,4.43056342192e-06,1.57861195476e-05,0,0,4.47087622888e-05,0.0166674368083,0,0,0,0,0,57.6613817601,704195.193601
0.558333333333,-0.00102565239649,0.579487860203,2.40512919426,4.43056342192e-06,1.57861195476e-05,0,0,4.47087622888e-05,0.0166674368083,0,0,0,0,0,19.5010594744,704203.839646
0.569444444444,-0.00102565239649,0.579487860203,2.40512919426,4.43056342192e-06,1.57861195476e-05,0,0,4.47087622888e-05,0.0166674368083,0,0,0,0,0,11.6701557568,704195.047187
0.580555555556,-0.00102565239649,0.579487860203,2.40512919426,4.43056342192e-06,1.57861195476e-05,0,0,4.47087622888e-05,0.0166674368083,0,0,0,0,0,0.458743603325,704181.086842
0.591666666667,-0.00102565239649,0.579487860203,2.40512919426,4.43056342192e-06,1.57861195476e-05,0,0,4.47087622888e-05,0.0166674368083,0,0,0,0,0,5.19367701017e-05,704181.086842
0.602777777778,-0.00102565239649,0.579487860203,2.40512919426,4.43056342192e-06,1.57861195476e-05,0,0,4.47087622888e-05,0.0166674368083,0,0,0,0,0,5.19360212704e-05,704181.086842
0.613888888889,-0.00102565239649,0.579487860203,2.40512919426,4.43056342192e-06,1.57861195476e-05,0,0,4.47087622888e-05,0.0166674368083,0,0,0,0,0,5.19359072445e-05,704181.086842
0.625,-0.00102565239649,0.579487860203,2.40512919426,4.43056342192e-06,1.57861195476e-05,0,0,4.47087622888e-05,0.0166674368083,0,0,0,0,0,5.19362658845e-05,704181.086842
0.636111111111,-0.00102565239649,0.579487860203,2.40512919426,4.43056342192e-06,1.57861195476e-05,0,0,4.47087622888e-05,0.0166674368083,0,0,0,0,0,5.19359320784e-05,704181.086842
0.647222222222,-0.00102565239649,0.579487860203,2.40512919426,4.43056342192e-06,1.57861195476e-05,0,0,4.47087622888e-05,0.0166674368083,0,0,0,0,0,5.19526710724e-05,704181.086842
0.658333333333,-0.00102565239649,0.579487860203,2.40512919426,4.43056342192e-06,1.57861195476e-05,0,0,4.47087622888e-05,0.0166674368083,0,0,0,0,0,5.19537674536e-05,704181.086842
0.669444444444,-0.00102565239649,0.579487860203,2.40512919426,4.43056342192e-06,1.57861195476e-05,0,0,4.47087622888e-05,0.0166674368083,0,0,0,0,0,5.19532694872e-05,704181.086842
0.680555555556,-0.00102565239649,0.579487860203,2.40512919426,4.43056342192e-06,1.57861195476e-05,0,0,4.47087622888e-05,0.0166674368083,0,0,0,0,0,5.19525472693e-05,704181.086842
0.691666666667,-0.00102565239649,0.579487860203,2.40512919426,4.43056342192e-06,1.57861195476e-05,0,0,4.47087622888e-05,0.0166674368083,0,0,0,0,0,5.19537634267e-05,704181.086842
0.702777777778,-0.00102565239649,0.579487860203,2.40512919426,4.43056342192e-06,1.57861195476e-05,0,0,4.47087622888e-05,0.0166674368083,0,0,0,0,0,5.19548275467e-05,704181.086842
0.713888888889,-0.00102565239649,0.579487860203,2.40512919426,4.43056342192e-06,1.57861195476e-05,0,0,4.47087622888e-05,0.0166674368083,0,0,0,0,0,5.19538517528e-05,704181.086842
0.725,-0.00102565239649,0.579487860203,2.40512919426,4.43056342192e-06,1.57861195476e-05,0,0,4.47087622888e-05,0.0166674368083,0,0,0,0,0,5.19537384328e-05,704181.086842
0.736111111111,-0.00102565239649,0.579487860203,2.40512919426,4.43056342192e-06,1.57861195476e-05,0,0,4.47087622888e-05,0.0166674368083,0,0,0,0,0,5.19549976781e-05,704181.086842
0.747222222222,-0.00102565239649,0.579487860203,2.40512919426,4.43056342192e-06,1.57861195476e-05,0,0,4.47087622888e-05,0.0166674368083,0,0,0,0,0,5.19673669608e-05,704181.086842
0.758333333333,-0.00102565239649,0.579487860203,2.40512919426,4.43056342192e-06,1.57861195476e-05,0,0,4.47087622888e-05,0.0166674368083,0,0,0,0,0,5.18147864831e-05,704181.086842
0.769444444444,-0.00102565239649,0.579487860203,2.40512919426,4.43056342192e-06,1.57861195476e-05,0,0,4.47087622888e-05,0.0166674368083,0,0,0,0,0,5.18148451519e-05,704181.086842
0.780555555556,-0.00102565239649,0.579487860203,2.40512919426,4.43056342192e-06,1.57861195476e-05,0,0,4.47087622888e-05,0.0166674368083,0,0,0,0,0,5.18147664018e-05,704181.086842
0.791666666667,-0.00102565239649,0.579487860203,2.40512919426,4.43056342192e-06,1.57861195476e-05,0,0,4.47087622888e-05,0.0166674368083,0,0,0,0,0,5.18145286209e-05,704181.086842
0.802777777778,-0.00102565239649,0.579487860203,2.40512919426,4.43056342192e-06,1.57861195476e-05,0,0,4.47087622888e-05,0.0166674368083,0,0,0,0,0,5.18149175565e-05,704181.086842
0.813888888889,-0.00102565239649,0.579487860203,2.40512919426,4.43056342192e-06,1.57861195476e-05,0,0,4.47087622888e-05,0.0166674368083,0,0,0,0,0,5.18136390337e-05,704181.086842
0.825,-0.00102565239649,0.579487860203,2.40512919426,4.43056342192e-06,1.57861195476e-05,0,0,4.47087622888e-05,0.0166674368083,0,0,0,0,0,5.18147919713e-05,704181.086842
0.836111111111,-0.00102565239649,0.579487860203,2.40512919426,4.43056342192e-06,1.57861195476e-05,0,0,4.47087622888e-05,0.0166674368083,0,0,0,0,0,5.18144940099e-05,704181.086842
0.847222222222,-0.00102565239649,0.579487860203,2.40512919426,4.43056342192e-06,1.57861195476e-05,0,0,4.47087622888e-05,0.0166674368083,0,0,0,0,0,5.181335343e-05,704181.086842
0.858333333333,-0.00102565239649,0.579487860203,2.40512919426,4.43056342192e-06,1.57861195476e-05,0,0,4.47087622888e-05,0.0166674368083,0,0,0,0,0,5.18435089055e-05,704181.086842
0.869444444444,-0.00102565239649,0.579487860203,2.40512919426,4.43056342192e-06,1.57861195476e-05,0,0,4.47087622888e-05,0.0166674368083,0,0,0,0,0,5.18477067734e-05,704181.086842
0.880555555556,-0.00102565239649,0.579487860203,2.40512919426,4.43056342192e-06,1.57861195476e-05,0,0,4.47087622888e-05,0.0166674368083,0,0,0,0,0,5.18476463174e-05,704181.086842
0.891666666667,-0.00102565239649,0.579487860203,2.40512919426,4.43056342192e-06,1.57861195476e-05,0,0,4.47087622888e-05,0.0166674368083,0,0,0,0,0,5.18485314065e-05,704181.086842
0.902777777778,-0.00102565239649,0.579487860203,2.40512919426,4.43056342192e-06,1.57861195476e-05,0,0,4.47087622888e-05,0.0166674368083,0,0,0,0,0,5.18496354191e-05,704181.086842
0.913888888889,-0.00102565239649,0.579487860203,2.40512919426,4.43056342192e-06,1.57861195476e-05,0,0,4.47087622888e-05,0.0166674368083,0,0,0,0,0,5.18497744308e-05,704181.086842
0.925,-0.00102565239649,0.579487860203,2.40512919426,4.43056342192e-06,1.57861195476e-05,0,0,4.47087622888e-05,0.0166674368083,0,0,0,0,0,5.18507250379e-05,704181.086842
0.936111111111,-0.00102565239649,0.579487860203,2.40512919426,4.43056342192e-06,1.57861195476e-05,0,0,4.47087622888e-05,0.0166674368083,0,0,0,0,0,5.18507728592e-05,704181.086842
0.947222222222,-0.00102565239649,0.579487860203,2.40512919426,4.43056342192e-06,1.57861195476e-05,0,0,4.47087622888e-05,0.0166674368083,0,0,0,0,0,5.18506760484e-05,704181.086842
0.958333333333,-0.00102565239649,0.579487860203,2.40512919426,4.43056342192e-06,1.57861195476e-05,0,0,4.47087622888e-05,0.0166674368083,0,0,0,0,0,5.185244513e-05,704181.086842
0.969444444444,-0.00102565239649,0.579487860203,2.40512919426,4.43056342192e-06,1.57861195476e-05,0,0,4.47087622888e-05,0.0166674368083,0,0,0,0,0,5.18520077634e-05,704181.086842
0.980555555556,-0.00102565239649,0.579487860203,2.40512919426,4.43056342192e-06,1.57861195476e-05,0,0,4.47087622888e-05,0.0166674368083,0,0,0,0,0,5.18527036982e-05,704181.086842
0.991666666667,-0.00102565239649,0.579487860203,2.40512919426,4.43056342192e-06,1.57861195476e-05,0,0,4.47087622888e-05,0.0166674368083,0,0,0,0,0,5.18529482502e-05,704181.086842
1.00277777778,-0.00102565239649,0.579487860203,2.40512919426,4.43056342192e-06,1.57861195476e-05,0,0,4.47087622888e-05,0.0166674368083,0,0,0,0,0,5.18542778946e-05,704181.086842
1.01388888889,-0.00102565239649,0.579487860203,2.40512919426,4.43056342192e-06,1.57861195476e-05,0,0,4.47087622888e-05,0.0166674368083,0,0,0,0,0,5.18546516993e-05,704181.086842
1.025,-0.00102565239649,0.579487860203,2.40512919426,4.43056342192e-06,1.57861195476e-05,0,0,4.47087622888e-05,0.0166674368083,0,0,0,0,0,5.18550756874e-05,704181.086842
1.03611111111,-0.00102565239649,0.579487860203,2.40512919426,4.43056342192e-06,1.57861195476e-05,0,0,4.47087622888e-05,0.0166674368083,0,0,0,0,0,5.1856658683e-05,704181.086842
1.04722222222,-0.00102565239649,0.579487860203,2.40512919426,4.43056342192e-06,1.57861195476e-05,0,0,4.47087622888e-05,0.0166674368083,0,0,0,0,0,5.18569284407e-05,704181.086842
1.05833333333,-0.00102565239649,0.579487860203,2.40512919426,4.43056342192e-06,1.57861195476e-05,0,0,4.47087622888e-05,0.0166674368083,0,0,0,0,0,5.18763754453e-05,704181.086842
1.06944444444,-0.00102565239649,0.579487860203,2.40512919426,4.43056342192e-06,1.57861195476e-05,0,0,4.47087622888e-05,0.0166674368083,0,0,0,0,0,5.1936290817e-05,704181.086842
1.08055555556,-0.00102565239649,0.579487860203,2.40512919426,4.43056342192e-06,1.57861195476e-05,0,0,4.47087622888e-05,0.0166674368083,0,0,0,0,0,5.19326702045e-05,704181.086842
1.09166666667,-0.00102565239649,0.579487860203,2.40512919426,4.43056342192e-06,1.57861195476e-05,0,0,4.47087622888e-05,0.0166674368083,0,0,0,0,0,5.21112222438e-05,704181.086842
1.10277777778,-0.00102565239649,0.579487860203,2.40512919426,4.43056342192e-06,1.57861195476e-05,0,0,4.47087622888e-05,0.0166674368083,0,0,0,0,0,5.22514440222e-05,704181.086842
1.11388888889,-0.00102565239649,0.579487860203,2.40512919426,4.43056342192e-06,1.57861195476e-05,0,0,4.47087622888e-05,0.0166674368083,0,0,0,0,0,5.22172088685e-05,704181.086842
1.125,-0.00102565239649,0.579487860203,2.40512919426,4.43056342192e-06,1.57861195476e-05,0,0,4.47087622888e-05,0.0166674368083,0,0,0,0,0,5.2195284566e-05,704181.086842
1.13611111111,-0.00102565239649,0.579487860203,2.40512919426,4.43056342192e-06,1.57861195476e-05,0,0,4.47087622888e-05,0.0166674368083,0,0,0,0,0,5.21700736494e-05,704181.086842
1.14722222222,-0.00102565239649,0.579487860203,2.40512919426,4.43056342192e-06,1.57861195476e-05,0,0,4.47087622888e-05,0.0166674368083,0,0,0,0,0,5.21436028494e-05,704181.086842
1.15833333333,-0.00102565239649,0.579487860203,2.40512919426,4.43056342192e-06,1.57861195476e-05,0,0,4.47087622888e-05,0.0166674368083,0,0,0,0,0,5.21194230784e-05,704181.086842
1.16944444444,-0.00102565239649,0.579487860203,2.40512919426,4.43056342192e-06,1.57861195476e-05,0,0,4.47087622888e-05,0.0166674368083,0,0,0,0,0,5.20991615178e-05,704181.086842
1.18055555556,-0.00102565239649,0.579487860203,2.40512919426,4.43056342192e-06,1.57861195476e-05,0,0,4.47087622888e-05,0.0166674368083,0,0,0,0,0,5.20835889786e-05,704181.086842
1.19166666667,-0.00102565239649,0.579487860203,2.40512919426,4.43056342192e-06,1.57861195476e-05,0,0,4.47087622888e-05,0.0166674368083,0,0,0,0,0,5.20711549443e-05,704181.086842
1.20277777778,-0.00102565239649,0.579487860203,2.40512919426,4.43056342192e-06,1.57861195476e-05,0,0,4.47087622888e-05,0.0166674368083,0,0,0,0,0,5.2060726096e-05,704181.086842
1.21388888889,-0.00102565239649,0.579487860203,2.40512919426,4.43056342192e-06,1.57861195476e-05,0,0,4.47087622888e-05,0.0166674368083,0,0,0,0,0,5.20532681351e-05,704181.086842
1.225,-0.00102565239649,0.579487860203,2.40512919426,4.43056342192e-06,1.57861195476e-05,0,0,4.47087622888e-05,0.0166674368083,0,0,0,0,0,5.20486742543e-05,704181.086842
1.23611111111,-0.00102565239649,0.579487860203,2.40512919426,4.43056342192e-06,1.57861195476e-05,0,0,4.47087622888e-05,0.0166674368083,0,0,0,0,0,5.20449153267e-05,704181.086842
1.24722222222,-0.00102565239649,0.579487860203,2.40512919426,4.43056342192e-06,1.57861195476e-05,0,0,4.47087622888e-05,0.0166674368083,0,0,0,0,0,5.20421003624e-05,704181.086842
1.25833333333,-0.00102565239649,0.579487860203,2.40512919426,4.43056342192e-06,1.57861195476e-05,0,0,4.47087622888e-05,0.0166674368083,0,0,0,0,0,5.20398451712e-05,704181.086842
1.26944444444,-0.00102565239649,0.579487860203,2.40512919426,4.43056342192e-06,1.57861195476e-05,0,0,4.47087622888e-05,0.0166674368083,0,0,0,0,0,5.20379718109e-05,704181.086842
1.28055555556,-0.00102565239649,0.579487860203,2.40512919426,4.43056342192e-06,1.57861195476e-05,0,0,4.47087622888e-05,0.0166674368083,0,0,0,0,0,5.20367696831e-05,704181.086842
1.29166666667,-0.00102565239649,0.579487860203,2.40512919426,4.43056342192e-06,1.57861195476e-05,0,0,4.47087622888e-05,0.0166674368083,0,0,0,0,0,5.20380156089e-05,704181.086842
1.30277777778,-0.00102565239649,0.579487860203,2.40512919426,4.43056342192e-06,1.57861195476e-05,0,0,4.47087622888e-05,0.0166674368083,0,0,0,0,0,5.20376847832e-05,704181.086842
1.31388888889,-0.00102565239649,0.579487860203,2.40512919426,4.43056342192e-06,1.57861195476e-05,0,0,4.47087622888e-05,0.0166674368083,0,0,0,0,0,5.20379162615e-05,704181.086842
1.325,-0.00102565239649,0.579487860203,2.40512919426,4.43056342192e-06,1.57861195476e-05,0,0,4.47087622888e-05,0.0166674368083,0,0,0,0,0,5.2038439929e-05,704181.086842
1.33611111111,-0.00102565239649,0.579487860203,2.40512919426,4.43056342192e-06,1.57861195476e-05,0,0,4.47087622888e-05,0.0166674368083,0,0,0,0,0,5.20394074766e-05,704181.086842
1.34722222222,-0.00102565239649,0.579487860203,2.40512919426,4.43056342192e-06,1.57861195476e-05,0,0,4.47087622888e-05,0.0166674368083,0,0,0,0,0,5.20407334602e-05,704181.086842
1.35833333333,-0.00102565239649,0.579487860203,2.40512919426,4.43056342192e-06,1.57861195476e-05,0,0,4.47087622888e-05,0.0166674368083,0,0,0,0,0,5.20419053179e-05,704181.086842
1.36944444444,-0.00102565239649,0.579487860203,2.40512919426,4.43056342192e-06,1.57861195476e-05,0,0,4.47087622888e-05,0.0166674368083,0,0,0,0,0,5.20426231148e-05,704181.086842
1.38055555556,-0.00102565239649,0.579487860203,2.40512919426,4.43056342192e-06,1.57861195476e-05,0,0,4.47087622888e-05,0.0166674368083,0,0,0,0,0,5.2044333496e-05,704181.086842
1.39166666667,-0.00102565239649,0.579487860203,2.40512919426,4.43056342192e-06,1.57861195476e-05,0,0,4.47087622888e-05,0.0166674368083,0,0,0,0,0,5.2045781607e-05,704181.086842
1.40277777778,-0.00102565239649,0.579487860203,2.40512919426,4.43056342192e-06,1.57861195476e-05,0,0,4.47087622888e-05,0.0166674368083,0,0,0,0,0,5.20464407162e-05,704181.086842
1.41388888889,-0.00102565239649,0.579487860203,2.40512919426,4.43056342192e-06,1.57861195476e-05,0,0,4.47087622888e-05,0.0166674368083,0,0,0,0,0,5.20476969613e-05,704181.086842
1.425,-0.00102565239649,0.579487860203,2.40512919426,4.43056342192e-06,1.57861195476e-05,0,0,4.47087622888e-05,0.0166674368083,0,0,0,0,0,5.20479386343e-05,704181.086842
1.43611111111,-0.00102565239649,0.579487860203,2.40512919426,4.43056342192e-06,1.57861195476e-05,0,0,4.47087622888e-05,0.0166674368083,0,0,0,0,0,5.2047783799e-05,704181.086842
1.44722222222,-0.00102565239649,0.579487860203,2.40512919426,4.43056342192e-06,1.57861195476e-05,0,0,4.47087622888e-05,0.0166674368083,0,0,0,0,0,5.20480814665e-05,704181.086842
1.45833333333,-0.00102565239649,0.579487860203,2.40512919426,4.43056342192e-06,1.57861195476e-05,0,0,4.47087622888e-05,0.0166674368083,0,0,0,0,0,5.20478060268e-05,704181.086842
1.46944444444,-0.00102565239649,0.579487860203,2.40512919426,4.43056342192e-06,1.57861195476e-05,0,0,4.47087622888e-05,0.0166674368083,0,0,0,0,0,5.20486032259e-05,704181.086842
1.48055555556,-0.00102565239649,0.579487860203,2.40512919426,4.43056342192e-06,1.57861195476e-05,0,0,4.47087622888e-05,0.0166674368083,0,0,0,0,0,5.20475752355e-05,704181.086842
1.49166666667,-0.00102565239649,0.579487860203,2.40512919426,4.43056342192e-06,1.57861195476e-05,0,0,4.47087622888e-05,0.0166674368083,0,0,0,0,0,5.20471561428e-05,704181.086842
1.50277777778,-0.00102565239649,0.579487860203,2.40512919426,4.43056342192e-06,1.57861195476e-05,0,0,4.47087622888e-05,0.0166674368083,0,0,0,0,0,5.20460143337e-05,704181.086842
1.51388888889,-0.00102565239649,0.579487860203,2.40512919426,4.43056342192e-06,1.57861195476e-05,0,0,4.47087622888e-05,0.0166674368083,0,0,0,0,0,5.20460315774e-05,704181.086842
1.525,-0.00102565239649,0.579487860203,2.40512919426,4.43056342192e-06,1.57861195476e-05,0,0,4.47087622888e-05,0.0166674368083,0,0,0,0,0,5.20462458665e-05,704181.086842
1.53611111111,-0.00102565239649,0.579487860203,2.40512919426,4.43056342192e-06,1.57861195476e-05,0,0,4.47087622888e-05,0.0166674368083,0,0,0,0,0,5.20450176932e-05,704181.086842
1.54722222222,-0.00102565239649,0.579487860203,2.40512919426,4.43056342192e-06,1.57861195476e-05,0,0,4.47087622888e-05,0.0166674368083,0,0,0,0,0,5.20443127874e-05,704181.086842
1.55833333333,-0.00102565239649,0.579487860203,2.40512919426,4.43056342192e-06,1.57861195476e-05,0,0,4.47087622888e-05,0.0166674368083,0,0,0,0,0,5.20449964647e-05,704181.086842
1.56944444444,-0.00102565239649,0.579487860203,2.40512919426,4.43056342192e-06,1.57861195476e-05,0,0,4.47087622888e-05,0.0166674368083,0,0,0,0,0,5.20446040291e-05,704181.086842
1.58055555556,-0.00102565239649,0.579487860203,2.40512919426,4.43056342192e-06,1.57861195476e-05,0,0,4.47087622888e-05,0.0166674368083,0,0,0,0,0,5.20440423855e-05,704181.086842
1.59166666667,-0.00102565239649,0.579487860203,2.40512919426,4.43056342192e-06,1.57861195476e-05,0,0,4.47087622888e-05,0.0166674368083,0,0,0,0,0,5.20445072623e-05,704181.086842
1.60277777778,-0.00102565239649,0.579487860203,2.40512919426,4.43056342192e-06,1.57861195476e-05,0,0,4.47087622888e-05,0.0166674368083,0,0,0,0,0,5.20441621698e-05,704181.086842
1.61388888889,-0.00102565239649,0.579487860203,2.40512919426,4.43056342192e-06,1.57861195476e-05,0,0,4.47087622888e-05,0.0166674368083,0,0,0,0,0,5.2043083265e-05,704181.086842
1.625,-0.00102565239649,0.579487860203,2.40512919426,4.43056342192e-06,1.57861195476e-05,0,0,4.47087622888e-05,0.0166674368083,0,0,0,0,0,5.20430216686e-05,704181.086842
1.63611111111,-0.00102565239649,0.579487860203,2.40512919426,4.43056342192e-06,1.57861195476e-05,0,0,4.47087622888e-05,0.0166674368083,0,0,0,0,0,5.20435607924e-05,704181.086842
1.64722222222,-0.00102565239649,0.579487860203,2.40512919426,4.43056342192e-06,1.57861195476e-05,0,0,4.47087622888e-05,0.0166674368083,0,0,0,0,0,5.20434104039e-05,704181.086842
1.65833333333,-0.00102565239649,0.579487860203,2.40512919426,4.43056342192e-06,1.57861195476e-05,0,0,4.47087622888e-05,0.0166674368083,0,0,0,0,0,5.20429741329e-05,704181.086842
1.66944444444,-0.00102565239649,0.579487860203,2.40512919426,4.43056342192e-06,1.57861195476e-05,0,0,4.47087622888e-05,0.0166674368083,0,0,0,0,0,5.20439431159e-05,704181.086842
1.68055555556,-0.00102565239649,0.579487860203,2.40512919426,4.43056342192e-06,1.57861195476e-05,0,0,4.47087622888e-05,0.0166674368083,0,0,0,0,0,5.20433584266e-05,704181.086842
1.69166666667,-0.00102565239649,0.579487860203,2.40512919426,4.43056342192e-06,1.57861195476e-05,0,0,4.47087622888e-05,0.0166674368083,0,0,0,0,0,5.2044243029e-05,704181.086842
1.70277777778,-0.00102565239649,0.579487860203,2.40512919426,4.43056342192e-06,1.57861195476e-05,0,0,4.47087622888e-05,0.0166674368083,0,0,0,0,0,5.20437842375e-05,704181.086842
1.71388888889,-0.00102565239649,0.579487860203,2.40512919426,4.43056342192e-06,1.57861195476e-05,0,0,4.47087622888e-05,0.0166674368083,0,0,0,0,0,5.2043117e-05,704181.086842
1.725,-0.00102565239649,0.579487860203,2.40512919426,4.43056342192e-06,1.57861195476e-05,0,0,4.47087622888e-05,0.0166674368083,0,0,0,0,0,5.20430723184e-05,704181.086842
1.73611111111,-0.00102565239649,0.579487860203,2.40512919426,4.43056342192e-06,1.57861195476e-05,0,0,4.47087622888e-05,0.0166674368083,0,0,0,0,0,5.20435848665e-05,704181.086842
1.74722222222,-0.00102565239649,0.579487860203,2.40512919426,4.43056342192e-06,1.57861195476e-05,0,0,4.47087622888e-05,0.0166674368083,0,0,0,0,0,5.20443307232e-05,704181.086842
1.75833333333,-0.00102565239649,0.579487860203,2.40512919426,4.43056342192e-06,1.57861195476e-05,0,0,4.47087622888e-05,0.0166674368083,0,0,0,0,0,5.2044019579e-05,704181.086842
1.76944444444,-0.00102565239649,0.579487860203,2.40512919426,4.43056342192e-06,1.57861195476e-05,0,0,4.47087622888e-05,0.0166674368083,0,0,0,0,0,5.20431201694e-05,704181.086842
1.78055555556,-0.00102565239649,0.579487860203,2.40512919426,4.43056342192e-06,1.57861195476e-05,0,0,4.47087622888e-05,0.0166674368083,0,0,0,0,0,5.20442156347e-05,704181.086842
1.79166666667,-0.00102565239649,0.579487860203,2.40512919426,4.43056342192e-06,1.57861195476e-05,0,0,4.47087622888e-05,0.0166674368083,0,0,0,0,0,5.20444191899e-05,704181.086842
1.80277777778,-0.00102565239649,0.579487860203,2.40512919426,4.43056342192e-06,1.57861195476e-05,0,0,4.47087622888e-05,0.0166674368083,0,0,0,0,0,5.20433490167e-05,704181.086842
1.81388888889,-0.00102565239649,0.579487860203,2.40512919426,4.43056342192e-06,1.57861195476e-05,0,0,4.47087622888e-05,0.0166674368083,0,0,0,0,0,5.20437268724e-05,704181.086842
1.825,-0.00102565239649,0.579487860203,2.40512919426,4.43056342192e-06,1.57861195476e-05,0,0,4.47087622888e-05,0.0166674368083,0,0,0,0,0,5.20434398623e-05,704181.086842
1.83611111111,-0.00102565239649,0.579487860203,2.40512919426,4.43056342192e-06,1.57861195476e-05,0,0,4.47087622888e-05,0.0166674368083,0,0,0,0,0,5.20435256118e-05,704181.086842
1.84722222222,-0.00102565239649,0.579487860203,2.40512919426,4.43056342192e-06,1.57861195476e-05,0,0,4.47087622888e-05,0.0166674368083,0,0,0,0,0,5.20439675689e-05,704181.086842
1.85833333333,-0.00102565239649,0.579487860203,2.40512919426,4.43056342192e-06,1.57861195476e-05,0,0,4.47087622888e-05,0.0166674368083,0,0,0,0,0,5.2043460949e-05,704181.086842
1.86944444444,-0.00102565239649,0.579487860203,2.40512919426,4.43056342192e-06,1.57861195476e-05,0,0,4.47087622888e-05,0.0166674368083,0,0,0,0,0,5.20437365462e-05,704181.086842
1.88055555556,-0.00102565239649,0.579487860203,2.40512919426,4.43056342192e-06,1.57861195476e-05,0,0,4.47087622888e-05,0.0166674368083,0,0,0,0,0,5.20441770141e-05,704181.086842
1.89166666667,-0.00102565239649,0.579487860203,2.40512919426,4.43056342192e-06,1.57861195476e-05,0,0,4.47087622888e-05,0.0166674368083,0,0,0,0,0,5.20435412097e-05,704181.086842
1.90277777778,-0.00102565239649,0.579487860203,2.40512919426,4.43056342192e-06,1.57861195476e-05,0,0,4.47087622888e-05,0.0166674368083,0,0,0,0,0,5.20438980317e-05,704181.086842
1.91388888889,-0.00102565239649,0.579487860203,2.40512919426,4.43056342192e-06,1.57861195476e-05,0,0,4.47087622888e-05,0.0166674368083,0,0,0,0,0,5.20439576567e-05,704181.086842
1.925,-0.00102565239649,0.579487860203,2.40512919426,4.43056342192e-06,1.57861195476e-05,0,0,4.47087622888e-05,0.0166674368083,0,0,0,0,0,5.20440428046e-05,704181.086842
1.93611111111,-0.00102565239649,0.579487860203,2.40512919426,4.43056342192e-06,1.57861195476e-05,0,0,4.47087622888e-05,0.0166674368083,0,0,0,0,0,5.20448293858e-05,704181.086842
1.94722222222,-0.00102565239649,0.579487860203,2.40512919426,4.43056342192e-06,1.57861195476e-05,0,0,4.47087622888e-05,0.0166674368083,0,0,0,0,0,5.20444450274e-05,704181.086842
1.95833333333,-0.00102565239649,0.579487860203,2.40512919426,4.43056342192e-06,1.57861195476e-05,0,0,4.47087622888e-05,0.0166674368083,0,0,0,0,0,5.20439949871e-05,704181.086842
1.96944444444,-0.00102565239649,0.579487860203,2.40512919426,4.43056342192e-06,1.57861195476e-05,0,0,4.47087622888e-05,0.0166674368083,0,0,0,0,0,5.20439001839e-05,704181.086842
1.98055555556,-0.00102565239649,0.579487860203,2.40512919426,4.43056342192e-06,1.57861195476e-05,0,0,4.47087622888e-05,0.0166674368083,0,0,0,0,0,5.204427077e-05,704181.086842
1.99166666667,-0.00102565239649,0.579487860203,2.40512919426,4.43056342192e-06,1.57861195476e-05,0,0,4.47087622888e-05,0.0166674368083,0,0,0,0,0,5.20437023003e-05,704181.086842
2.00277777778,-0.00102565239649,0.579487860203,2.40512919426,4.43056342192e-06,1.57861195476e-05,0,0,4.47087622888e-05,0.0166674368083,0,0,0,0,0,5.20439885321e-05,704181.086842
2.01388888889,-0.00102565239649,0.579487860203,2.40512919426,4.43056342192e-06,1.57861195476e-05,0,0,4.47087622888e-05,0.0166674368083,0,0,0,0,0,5.2044792683e-05,704181.086842
2.025,-0.00102565239649,0.579487860203,2.40512919426,4.43056342192e-06,1.57861195476e-05,0,0,4.47087622888e-05,0.0166674368083,0,0,0,0,0,5.20440834764e-05,704181.086842
2.03611111111,-0.00102565239649,0.579487860203,2.40512919426,4.43056342192e-06,1.57861195476e-05,0,0,4.47087622888e-05,0.0166674368083,0,0,0,0,0,5.20439659007e-05,704181.086842
2.04722222222,-0.00102565239649,0.579487860203,2.40512919426,4.43056342192e-06,1.57861195476e-05,0,0,4.47087622888e-05,0.0166674368083,0,0,0,0,0,5.20451039693e-05,704181.086842
2.05833333333,-0.00102565239649,0.579487860203,2.40512919426,4.43056342192e-06,1.57861195476e-05,0,0,4.47087622888e-05,0.0166674368083,0,0,0,0,0,5.20447611057e-05,704181.086842
2.06944444444,-0.00102565239649,0.579487860203,2.40512919426,4.43056342192e-06,1.57861195476e-05,0,0,4.47087622888e-05,0.0166674368083,0,0,0,0,0,5.20458178799e-05,704181.086842
2.08055555556,-0.00102565239649,0.579487860203,2.40512919426,4.43056342192e-06,1.57861195476e-05,0,0,4.47087622888e-05,0.0166674368083,0,0,0,0,0,5.20438772695e-05,704181.086842
2.09166666667,-0.00102565239649,0.579487860203,2.40512919426,4.43056342192e-06,1.57861195476e-05,0,0,4.47087622888e-05,0.0166674368083,0,0,0,0,0,5.20440672342e-05,704181.086842
2.10277777778,-0.00102565239649,0.579487860203,2.40512919426,4.43056342192e-06,1.57861195476e-05,0,0,4.47087622888e-05,0.0166674368083,0,0,0,0,0,5.20446175488e-05,704181.086842
2.11388888889,-0.00102565239649,0.579487860203,2.40512919426,4.43056342192e-06,1.57861195476e-05,0,0,4.47087622888e-05,0.0166674368083,0,0,0,0,0,5.20448941131e-05,704181.086842
2.125,-0.00102565239649,0.579487860203,2.40512919426,4.43056342192e-06,1.57861195476e-05,0,0,4.47087622888e-05,0.0166674368083,0,0,0,0,0,5.20447647667e-05,704181.086842
2.13611111111,-0.00102565239649,0.579487860203,2.40512919426,4.43056342192e-06,1.57861195476e-05,0,0,4.47087622888e-05,0.0166674368083,0,0,0,0,0,5.20256566307e-05,704181.086842
2.14722222222,-0.00102565239649,0.579487860203,2.40512919426,4.43056342192e-06,1.57861195476e-05,0,0,4.47087622888e-05,0.0166674368083,0,0,0,0,0,5.20254871106e-05,704181.086842
2.15833333333,-0.00102565239649,0.579487860203,2.40512919426,4.43056342192e-06,1.57861195476e-05,0,0,4.47087622888e-05,0.0166674368083,0,0,0,0,0,5.20256691633e-05,704181.086842
2.16944444444,-0.00102565239649,0.579487860203,2.40512919426,4.43056342192e-06,1.57861195476e-05,0,0,4.47087622888e-05,0.0166674368083,0,0,0,0,0,5.20253941226e-05,704181.086842
2.18055555556,-0.00102565239649,0.579487860203,2.40512919426,4.43056342192e-06,1.57861195476e-05,0,0,4.47087622888e-05,0.0166674368083,0,0,0,0,0,5.2025916844e-05,704181.086842
2.19166666667,-0.00102565239649,0.579487860203,2.40512919426,4.43056342192e-06,1.57861195476e-05,0,0,4.47087622888e-05,0.0166674368083,0,0,0,0,0,5.20254762827e-05,704181.086842
2.20277777778,-0.00102565239649,0.579487860203,2.40512919426,4.43056342192e-06,1.57861195476e-05,0,0,4.47087622888e-05,0.0166674368083,0,0,0,0,0,5.20259441462e-05,704181.086842
2.21388888889,-0.00102565239649,0.579487860203,2.40512919426,4.43056342192e-06,1.57861195476e-05,0,0,4.47087622888e-05,0.0166674368083,0,0,0,0,0,5.2025617674e-05,704181.086842
2.225,-0.00102565239649,0.579487860203,2.40512919426,4.43056342192e-06,1.57861195476e-05,0,0,4.47087622888e-05,0.0166674368083,0,0,0,0,0,5.20256236765e-05,704181.086842
2.23611111111,-0.00102565239649,0.579487860203,2.40512919426,4.43056342192e-06,1.57861195476e-05,0,0,4.47087622888e-05,0.0166674368083,0,0,0,0,0,5.2025631794e-05,704181.086842
2.24722222222,-0.00102565239649,0.579487860203,2.40512919426,4.43056342192e-06,1.57861195476e-05,0,0,4.47087622888e-05,0.0166674368083,0,0,0,0,0,5.20257533309e-05,704181.086842
2.25833333333,-0.00102565239649,0.579487860203,2.40512919426,4.43056342192e-06,1.57861195476e-05,0,0,4.47087622888e-05,0.0166674368083,0,0,0,0,0,5.20258279385e-05,704181.086842
2.26944444444,-0.00102565239649,0.579487860203,2.40512919426,4.43056342192e-06,1.57861195476e-05,0,0,4.47087622888e-05,0.0166674368083,0,0,0,0,0,5.20260475654e-05,704181.086842
2.28055555556,-0.00102565239649,0.579487860203,2.40512919426,4.43056342192e-06,1.57861195476e-05,0,0,4.47087622888e-05,0.0166674368083,0,0,0,0,0,5.20257721715e-05,704181.086842
2.29166666667,-0.00102565239649,0.579487860203,2.40512919426,4.43056342192e-06,1.57861195476e-05,0,0,4.47087622888e-05,0.0166674368083,0,0,0,0,0,5.20257107733e-05,704181.086842
2.30277777778,-0.00102565239649,0.579487860203,2.40512919426,4.43056342192e-06,1.57861195476e-05,0,0,4.47087622888e-05,0.0166674368083,0,0,0,0,0,5.20264981353e-05,704181.086842
2.31388888889,-0.00102565239649,0.579487860203,2.40512919426,4.43056342192e-06,1.57861195476e-05,0,0,4.47087622888e-05,0.0166674368083,0,0,0,0,0,5.20262282221e-05,704181.086842
2.325,-0.00102565239649,0.579487860203,2.40512919426,4.43056342192e-06,1.57861195476e-05,0,0,4.47087622888e-05,0.0166674368083,0,0,0,0,0,5.20272314308e-05,704181.086842
2.33611111111,-0.00102565239649,0.579487860203,2.40512919426,4.43056342192e-06,1.57861195476e-05,0,0,4.47087622888e-05,0.0166674368083,0,0,0,0,0,5.20260491146e-05,704181.086842
2.34722222222,-0.00102565239649,0.579487860203,2.40512919426,4.43056342192e-06,1.57861195476e-05,0,0,4.47087622888e-05,0.0166674368083,0,0,0,0,0,5.20266667527e-05,704181.086842
2.35833333333,-0.00102565239649,0.579487860203,2.40512919426,4.43056342192e-06,1.57861195476e-05,0,0,4.47087622888e-05,0.0166674368083,0,0,0,0,0,5.20276340772e-05,704181.086842
2.36944444444,-0.00102565239649,0.579487860203,2.40512919426,4.43056342192e-06,1.57861195476e-05,0,0,4.47087622888e-05,0.0166674368083,0,0,0,0,0,5.20268534143e-05,704181.086842
2.38055555556,-0.00102565239649,0.579487860203,2.40512919426,4.43056342192e-06,1.57861195476e-05,0,0,4.47087622888e-05,0.0166674368083,0,0,0,0,0,5.20268697843e-05,704181.086842
2.39166666667,-0.00102565239649,0.579487860203,2.40512919426,4.43056342192e-06,1.57861195476e-05,0,0,4.47087622888e-05,0.0166674368083,0,0,0,0,0,5.20266198747e-05,704181.086842
2.40277777778,-0.00102565239649,0.579487860203,2.40512919426,4.43056342192e-06,1.57861195476e-05,0,0,4.47087622888e-05,0.0166674368083,0,0,0,0,0,5.2026847734e-05,704181.086842
2.41388888889,-0.00102565239649,0.579487860203,2.40512919426,4.43056342192e-06,1.57861195476e-05,0,0,4.47087622888e-05,0.0166674368083,0,0,0,0,0,5.20269815823e-05,704181.086842
2.425,-0.00102565239649,0.579487860203,2.40512919426,4.43056342192e-06,1.57861195476e-05,0,0,4.47087622888e-05,0.0166674368083,0,0,0,0,0,5.202632452e-05,704181.086842
2.43611111111,-0.00102565239649,0.579487860203,2.40512919426,4.43056342192e-06,1.57861195476e-05,0,0,4.47087622888e-05,0.0166674368083,0,0,0,0,0,5.20276196984e-05,704181.086842
2.44722222222,-0.00102565239649,0.579487860203,2.40512919426,4.43056342192e-06,1.57861195476e-05,0,0,4.47087622888e-05,0.0166674368083,0,0,0,0,0,5.20260737611e-05,704181.086842
2.45833333333,-0.00102565239649,0.579487860203,2.40512919426,4.43056342192e-06,1.57861195476e-05,0,0,4.47087622888e-05,0.0166674368083,0,0,0,0,0,5.20263719582e-05,704181.086842
2.46944444444,-0.00102565239649,0.579487860203,2.40512919426,4.43056342192e-06,1.57861195476e-05,0,0,4.47087622888e-05,0.0166674368083,0,0,0,0,0,5.20266942374e-05,704181.086842
2.48055555556,-0.00102565239649,0.579487860203,2.40512919426,4.43056342192e-06,1.57861195476e-05,0,0,4.47087622888e-05,0.0166674368083,0,0,0,0,0,5.20264789826e-05,704181.086842
2.49166666667,-0.00102565239649,0.579487860203,2.40512919426,4.43056342192e-06,1.57861195476e-05,0,0,4.47087622888e-05,0.0166674368083,0,0,0,0,0,5.20271338645e-05,704181.086842
2.50277777778,-0.00102565239649,0.579487860203,2.40512919426,4.43056342192e-06,1.57861195476e-05,0,0,4.47087622888e-05,0.0166674368083,0,0,0,0,0,5.20266239108e-05,704181.086842
2.51388888889,-0.00102565239649,0.579487860203,2.40512919426,4.43056342192e-06,1.57861195476e-05,0,0,4.47087622888e-05,0.0166674368083,0,0,0,0,0,5.20272421089e-05,704181.086842
2.525,-0.00102565239649,0.579487860203,2.40512919426,4.43056342192e-06,1.57861195476e-05,0,0,4.47087622888e-05,0.0166674368083,0,0,0,0,0,5.2026348005e-05,704181.086842
2.53611111111,-0.00102565239649,0.579487860203,2.40512919426,4.43056342192e-06,1.57861195476e-05,0,0,4.47087622888e-05,0.0166674368083,0,0,0,0,0,5.20264227186e-05,704181.086842
2.54722222222,-0.00102565239649,0.579487860203,2.40512919426,4.43056342192e-06,1.57861195476e-05,0,0,4.47087622888e-05,0.0166674368083,0,0,0,0,0,5.20277539008e-05,704181.086842
2.55833333333,-0.00102565239649,0.579487860203,2.40512919426,4.43056342192e-06,1.57861195476e-05,0,0,4.47087622888e-05,0.0166674368083,0,0,0,0,0,5.20273406315e-05,704181.086842
2.56944444444,-0.00102565239649,0.579487860203,2.40512919426,4.43056342192e-06,1.57861195476e-05,0,0,4.47087622888e-05,0.0166674368083,0,0,0,0,0,5.20270948398e-05,704181.086842
2.58055555556,-0.00102565239649,0.579487860203,2.40512919426,4.43056342192e-06,1.57861195476e-05,0,0,4.47087622888e-05,0.0166674368083,0,0,0,0,0,5.20263857604e-05,704181.086842
2.59166666667,-0.00102565239649,0.579487860203,2.40512919426,4.43056342192e-06,1.57861195476e-05,0,0,4.47087622888e-05,0.0166674368083,0,0,0,0,0,5.20269774266e-05,704181.086842
2.60277777778,-0.00102565239649,0.579487860203,2.40512919426,4.43056342192e-06,1.57861195476e-05,0,0,4.47087622888e-05,0.0166674368083,0,0,0,0,0,5.20269116631e-05,704181.086842
2.61388888889,-0.00102565239649,0.579487860203,2.40512919426,4.43056342192e-06,1.57861195476e-05,0,0,4.47087622888e-05,0.0166674368083,0,0,0,0,0,5.20263535129e-05,704181.086842
2.625,-0.00102565239649,0.579487860203,2.40512919426,4.43056342192e-06,1.57861195476e-05,0,0,4.47087622888e-05,0.0166674368083,0,0,0,0,0,5.2027370652e-05,704181.086842
2.63611111111,-0.00102565239649,0.579487860203,2.40512919426,4.43056342192e-06,1.57861195476e-05,0,0,4.47087622888e-05,0.0166674368083,0,0,0,0,0,5.20275536496e-05,704181.086842
2.64722222222,-0.00102565239649,0.579487860203,2.40512919426,4.43056342192e-06,1.57861195476e-05,0,0,4.47087622888e-05,0.0166674368083,0,0,0,0,0,5.20275127736e-05,704181.086842
2.65833333333,-0.00102565239649,0.579487860203,2.40512919426,4.43056342192e-06,1.57861195476e-05,0,0,4.47087622888e-05,0.0166674368083,0,0,0,0,0,5.20270458034e-05,704181.086842
2.66944444444,-0.00102565239649,0.579487860203,2.40512919426,4.43056342192e-06,1.57861195476e-05,0,0,4.47087622888e-05,0.0166674368083,0,0,0,0,0,5.20271006647e-05,704181.086842
2.68055555556,-0.00102565239649,0.579487860203,2.40512919426,4.43056342192e-06,1.57861195476e-05,0,0,4.47087622888e-05,0.0166674368083,0,0,0,0,0,5.20270575895e-05,704181.086842
2.69166666667,-0.00102565239649,0.579487860203,2.40512919426,4.43056342192e-06,1.57861195476e-05,0,0,4.47087622888e-05,0.0166674368083,0,0,0,0,0,5.20271464489e-05,704181.086842
2.70277777778,-0.00102565239649,0.579487860203,2.40512919426,4.43056342192e-06,1.57861195476e-05,0,0,4.47087622888e-05,0.0166674368083,0,0,0,0,0,5.20267534111e-05,704181.086842
2.71388888889,-0.00102565239649,0.579487860203,2.40512919426,4.43056342192e-06,1.57861195476e-05,0,0,4.47087622888e-05,0.0166674368083,0,0,0,0,0,5.20274625601e-05,704181.086842
2.725,-0.00102565239649,0.579487860203,2.40512919426,4.43056342192e-06,1.57861195476e-05,0,0,4.47087622888e-05,0.0166674368083,0,0,0,0,0,5.20268951053e-05,704181.086842
2.73611111111,-0.00102565239649,0.579487860203,2.40512919426,4.43056342192e-06,1.57861195476e-05,0,0,4.47087622888e-05,0.0166674368083,0,0,0,0,0,5.20274399826e-05,704181.086842
2.74722222222,-0.00102565239649,0.579487860203,2.40512919426,4.43056342192e-06,1.57861195476e-05,0,0,4.47087622888e-05,0.0166674368083,0,0,0,0,0,5.20281227737e-05,704181.086842
2.75833333333,-0.00102565239649,0.579487860203,2.40512919426,4.43056342192e-06,1.57861195476e-05,0,0,4.47087622888e-05,0.0166674368083,0,0,0,0,0,5.20277683938e-05,704181.086842
2.76944444444,-0.00102565239649,0.579487860203,2.40512919426,4.43056342192e-06,1.57861195476e-05,0,0,4.47087622888e-05,0.0166674368083,0,0,0,0,0,5.20266931197e-05,704181.086842
2.78055555556,-0.00102565239649,0.579487860203,2.40512919426,4.43056342192e-06,1.57861195476e-05,0,0,4.47087622888e-05,0.0166674368083,0,0,0,0,0,5.2027741513e-05,704181.086842
2.79166666667,-0.00102565239649,0.579487860203,2.40512919426,4.43056342192e-06,1.57861195476e-05,0,0,4.47087622888e-05,0.0166674368083,0,0,0,0,0,5.20271137256e-05,704181.086842
2.80277777778,-0.00102565239649,0.579487860203,2.40512919426,4.43056342192e-06,1.57861195476e-05,0,0,4.47087622888e-05,0.0166674368083,0,0,0,0,0,5.20284682894e-05,704181.086842
2.81388888889,-0.00102565239649,0.579487860203,2.40512919426,4.43056342192e-06,1.57861195476e-05,0,0,4.47087622888e-05,0.0166674368083,0,0,0,0,0,5.20273621406e-05,704181.086842
2.825,-0.00102565239649,0.579487860203,2.40512919426,4.43056342192e-06,1.57861195476e-05,0,0,4.47087622888e-05,0.0166674368083,0,0,0,0,0,5.20283946279e-05,704181.086842
2.83611111111,-0.00102565239649,0.579487860203,2.40512919426,4.43056342192e-06,1.57861195476e-05,0,0,4.47087622888e-05,0.0166674368083,0,0,0,0,0,5.20273817859e-05,704181.086842
2.84722222222,-0.00102565239649,0.579487860203,2.40512919426,4.43056342192e-06,1.57861195476e-05,0,0,4.47087622888e-05,0.0166674368083,0,0,0,0,0,5.20271447655e-05,704181.086842
2.85833333333,-0.00102565239649,0.579487860203,2.40512919426,4.43056342192e-06,1.57861195476e-05,0,0,4.47087622888e-05,0.0166674368083,0,0,0,0,0,5.20276472717e-05,704181.086842
2.86944444444,-0.00102565239649,0.579487860203,2.40512919426,4.43056342192e-06,1.57861195476e-05,0,0,4.47087622888e-05,0.0166674368083,0,0,0,0,0,5.20280140029e-05,704181.086842
2.88055555556,-0.00102565239649,0.579487860203,2.40512919426,4.43056342192e-06,1.57861195476e-05,0,0,4.47087622888e-05,0.0166674368083,0,0,0,0,0,5.20272924841e-05,704181.086842
2.89166666667,-0.00102565239649,0.579487860203,2.40512919426,4.43056342192e-06,1.57861195476e-05,0,0,4.47087622888e-05,0.0166674368083,0,0,0,0,0,5.20276373923e-05,704181.086842
2.90277777778,-0.00102565239649,0.579487860203,2.40512919426,4.43056342192e-06,1.57861195476e-05,0,0,4.47087622888e-05,0.0166674368083,0,0,0,0,0,5.20280582522e-05,704181.086842
2.91388888889,-0.00102565239649,0.579487860203,2.40512919426,4.43056342192e-06,1.57861195476e-05,0,0,4.47087622888e-05,0.0166674368083,0,0,0,0,0,5.20275285117e-05,704181.086842
2.925,-0.00102565239649,0.579487860203,2.40512919426,4.43056342192e-06,1.57861195476e-05,0,0,4.47087622888e-05,0.0166674368083,0,0,0,0,0,5.20271153093e-05,704181.086842
2.93611111111,-0.00102565239649,0.579487860203,2.40512919426,4.43056342192e-06,1.57861195476e-05,0,0,4.47087622888e-05,0.0166674368083,0,0,0,0,0,5.20281398059e-05,704181.086842
2.94722222222,-0.00102565239649,0.579487860203,2.40512919426,4.43056342192e-06,1.57861195476e-05,0,0,4.47087622888e-05,0.0166674368083,0,0,0,0,0,5.20284755669e-05,704181.086842
2.95833333333,-0.00102565239649,0.579487860203,2.40512919426,4.43056342192e-06,1.57861195476e-05,0,0,4.47087622888e-05,0.0166674368083,0,0,0,0,0,5.20283139907e-05,704181.086842
2.96944444444,-0.00102565239649,0.579487860203,2.40512919426,4.43056342192e-06,1.57861195476e-05,0,0,4.47087622888e-05,0.0166674368083,0,0,0,0,0,5.20274061106e-05,704181.086842
2.98055555556,-0.00102565239649,0.579487860203,2.40512919426,4.43056342192e-06,1.57861195476e-05,0,0,4.47087622888e-05,0.0166674368083,0,0,0,0,0,5.20281231836e-05,704181.086842
2.99166666667,-0.00102565239649,0.579487860203,2.40512919426,4.43056342192e-06,1.57861195476e-05,0,0,4.47087622888e-05,0.0166674368083,0,0,0,0,0,5.20278404376e-05,704181.086842
3.00277777778,-0.00102565239649,0.579487860203,2.40512919426,4.43056342192e-06,1.57861195476e-05,0,0,4.47087622888e-05,0.0166674368083,0,0,0,0,0,5.20287582304e-05,704181.086842
3.01388888889,-0.00102565239649,0.579487860203,2.40512919426,4.43056342192e-06,1.57861195476e-05,0,0,4.47087622888e-05,0.0166674368083,0,0,0,0,0,5.20273542599e-05,704181.086842
3.025,-0.00102565239649,0.579487860203,2.40512919426,4.43056342192e-06,1.57861195476e-05,0,0,4.47087622888e-05,0.0166674368083,0,0,0,0,0,5.20287204505e-05,704181.086842
3.03611111111,-0.00102565239649,0.579487860203,2.40512919426,4.43056342192e-06,1.57861195476e-05,0,0,4.47087622888e-05,0.0166674368083,0,0,0,0,0,5.20288601686e-05,704181.086842
3.04722222222,-0.00102565239649,0.579487860203,2.40512919426,4.43056342192e-06,1.57861195476e-05,0,0,4.47087622888e-05,0.0166674368083,0,0,0,0,0,5.20288716457e-05,704181.086842
3.05833333333,-0.00102565239649,0.579487860203,2.40512919426,4.43056342192e-06,1.57861195476e-05,0,0,4.47087622888e-05,0.0166674368083,0,0,0,0,0,5.20276364358e-05,704181.086842
3.06944444444,-0.00102565239649,0.579487860203,2.40512919426,4.43056342192e-06,1.57861195476e-05,0,0,4.47087622888e-05,0.0166674368083,0,0,0,0,0,5.20283378045e-05,704181.086842
3.08055555556,-0.00102565239649,0.579487860203,2.40512919426,4.43056342192e-06,1.57861195476e-05,0,0,4.47087622888e-05,0.0166674368083,0,0,0,0,0,5.20277674017e-05,704181.086842
3.09166666667,-0.00102565239649,0.579487860203,2.40512919426,4.43056342192e-06,1.57861195476e-05,0,0,4.47087622888e-05,0.0166674368083,0,0,0,0,0,5.2028729414e-05,704181.086842
3.10277777778,-0.00102565239649,0.579487860203,2.40512919426,4.43056342192e-06,1.57861195476e-05,0,0,4.47087622888e-05,0.0166674368083,0,0,0,0,0,5.20284532998e-05,704181.086842
3.11388888889,-0.00102565239649,0.579487860203,2.40512919426,4.43056342192e-06,1.57861195476e-05,0,0,4.47087622888e-05,0.0166674368083,0,0,0,0,0,5.20279679064e-05,704181.086842
3.125,-0.00102565239649,0.579487860203,2.40512919426,4.43056342192e-06,1.57861195476e-05,0,0,4.47087622888e-05,0.0166674368083,0,0,0,0,0,5.20290355097e-05,704181.086842
3.13611111111,-0.00102565239649,0.579487860203,2.40512919426,4.43056342192e-06,1.57861195476e-05,0,0,4.47087622888e-05,0.0166674368083,0,0,0,0,0,5.20285640609e-05,704181.086842
3.14722222222,-0.00102565239649,0.579487860203,2.40512919426,4.43056342192e-06,1.57861195476e-05,0,0,4.47087622888e-05,0.0166674368083,0,0,0,0,0,5.2028275341e-05,704181.086842
3.15833333333,-0.00102565239649,0.579487860203,2.40512919426,4.43056342192e-06,1.57861195476e-05,0,0,4.47087622888e-05,0.0166674368083,0,0,0,0,0,5.20284152645e-05,704181.086842
3.16944444444,-0.00102565239649,0.579487860203,2.40512919426,4.43056342192e-06,1.57861195476e-05,0,0,4.47087622888e-05,0.0166674368083,0,0,0,0,0,5.20278568711e-05,704181.086842
3.18055555556,-0.00102565239649,0.579487860203,2.40512919426,4.43056342192e-06,1.57861195476e-05,0,0,4.47087622888e-05,0.0166674368083,0,0,0,0,0,5.20280250995e-05,704181.086842
3.19166666667,-0.00102565239649,0.579487860203,2.40512919426,4.43056342192e-06,1.57861195476e-05,0,0,4.47087622888e-05,0.0166674368083,0,0,0,0,0,5.2028320164e-05,704181.086842
3.20277777778,-0.00102565239649,0.579487860203,2.40512919426,4.43056342192e-06,1.57861195476e-05,0,0,4.47087622888e-05,0.0166674368083,0,0,0,0,0,5.20279393701e-05,704181.086842
3.21388888889,-0.00102565239649,0.579487860203,2.40512919426,4.43056342192e-06,1.57861195476e-05,0,0,4.47087622888e-05,0.0166674368083,0,0,0,0,0,5.20289840459e-05,704181.086842
3.225,-0.00102565239649,0.579487860203,2.40512919426,4.43056342192e-06,1.57861195476e-05,0,0,4.47087622888e-05,0.0166674368083,0,0,0,0,0,5.20279175384e-05,704181.086842
3.23611111111,-0.00102565239649,0.579487860203,2.40512919426,4.43056342192e-06,1.57861195476e-05,0,0,4.47087622888e-05,0.0166674368083,0,0,0,0,0,5.202738325e-05,704181.086842
3.24722222222,-0.00102565239649,0.579487860203,2.40512919426,4.43056342192e-06,1.57861195476e-05,0,0,4.47087622888e-05,0.0166674368083,0,0,0,0,0,5.20287299922e-05,704181.086842
3.25833333333,-0.00102565239649,0.579487860203,2.40512919426,4.43056342192e-06,1.57861195476e-05,0,0,4.47087622888e-05,0.0166674368083,0,0,0,0,0,5.20288528916e-05,704181.086842
3.26944444444,-0.00102565239649,0.579487860203,2.40512919426,4.43056342192e-06,1.57861195476e-05,0,0,4.47087622888e-05,0.0166674368083,0,0,0,0,0,5.20283326743e-05,704181.086842
3.28055555556,-0.00102565239649,0.579487860203,2.40512919426,4.43056342192e-06,1.57861195476e-05,0,0,4.47087622888e-05,0.0166674368083,0,0,0,0,0,5.20286282571e-05,704181.086842
3.29166666667,-0.00102565239649,0.579487860203,2.40512919426,4.43056342192e-06,1.57861195476e-05,0,0,4.47087622888e-05,0.0166674368083,0,0,0,0,0,5.20283335525e-05,704181.086842
3.30277777778,-0.00102565239649,0.579487860203,2.40512919426,4.43056342192e-06,1.57861195476e-05,0,0,4.47087622888e-05,0.0166674368083,0,0,0,0,0,5.20277341424e-05,704181.086842
3.31388888889,-0.00102565239649,0.579487860203,2.40512919426,4.43056342192e-06,1.57861195476e-05,0,0,4.47087622888e-05,0.0166674368083,0,0,0,0,0,5.20285098312e-05,704181.086842
3.325,-0.00102565239649,0.579487860203,2.40512919426,4.43056342192e-06,1.57861195476e-05,0,0,4.47087622888e-05,0.0166674368083,0,0,0,0,0,5.20284579846e-05,704181.086842
3.33611111111,-0.00102565239649,0.579487860203,2.40512919426,4.43056342192e-06,1.57861195476e-05,0,0,4.47087622888e-05,0.0166674368083,0,0,0,0,0,5.20276277985e-05,704181.086842
3.34722222222,-0.00102565239649,0.579487860203,2.40512919426,4.43056342192e-06,1.57861195476e-05,0,0,4.47087622888e-05,0.0166674368083,0,0,0,0,0,5.20286725474e-05,704181.086842
3.35833333333,-0.00102565239649,0.579487860203,2.40512919426,4.43056342192e-06,1.57861195476e-05,0,0,4.47087622888e-05,0.0166674368083,0,0,0,0,0,5.20283491142e-05,704181.086842
3.36944444444,-0.00102565239649,0.579487860203,2.40512919426,4.43056342192e-06,1.57861195476e-05,0,0,4.47087622888e-05,0.0166674368083,0,0,0,0,0,5.20295219203e-05,704181.086842
3.38055555556,-0.00102565239649,0.579487860203,2.40512919426,4.43056342192e-06,1.57861195476e-05,0,0,4.47087622888e-05,0.0166674368083,0,0,0,0,0,5.20282774605e-05,704181.086842
3.39166666667,-0.00102565239649,0.579487860203,2.40512919426,4.43056342192e-06,1.57861195476e-05,0,0,4.47087622888e-05,0.0166674368083,0,0,0,0,0,5.20286181367e-05,704181.086842
3.40277777778,-0.00102565239649,0.579487860203,2.40512919426,4.43056342192e-06,1.57861195476e-05,0,0,4.47087622888e-05,0.0166674368083,0,0,0,0,0,5.2028979224e-05,704181.086842
3.41388888889,-0.00102565239649,0.579487860203,2.40512919426,4.43056342192e-06,1.57861195476e-05,0,0,4.47087622888e-05,0.0166674368083,0,0,0,0,0,5.20292120319e-05,704181.086842
3.425,-0.00102565239649,0.579487860203,2.40512919426,4.43056342192e-06,1.57861195476e-05,0,0,4.47087622888e-05,0.0166674368083,0,0,0,0,0,5.20288989536e-05,704181.086842
3.43611111111,-0.00102565239649,0.579487860203,2.40512919426,4.43056342192e-06,1.57861195476e-05,0,0,4.47087622888e-05,0.0166674368083,0,0,0,0,0,5.20289022166e-05,704181.086842
3.44722222222,-0.00102565239649,0.579487860203,2.40512919426,4.43056342192e-06,1.57861195476e-05,0,0,4.47087622888e-05,0.0166674368083,0,0,0,0,0,5.20285036342e-05,704181.086842
3.45833333333,-0.00102565239649,0.579487860203,2.40512919426,4.43056342192e-06,1.57861195476e-05,0,0,4.47087622888e-05,0.0166674368083,0,0,0,0,0,5.20286599067e-05,704181.086842
3.46944444444,-0.00102565239649,0.579487860203,2.40512919426,4.43056342192e-06,1.57861195476e-05,0,0,4.47087622888e-05,0.0166674368083,0,0,0,0,0,5.20288750861e-05,704181.086842
3.48055555556,-0.00102565239649,0.579487860203,2.40512919426,4.43056342192e-06,1.57861195476e-05,0,0,4.47087622888e-05,0.0166674368083,0,0,0,0,0,5.20292284681e-05,704181.086842
3.49166666667,-0.00102565239649,0.579487860203,2.40512919426,4.43056342192e-06,1.57861195476e-05,0,0,4.47087622888e-05,0.0166674368083,0,0,0,0,0,5.20287853098e-05,704181.086842
3.50277777778,-0.00102565239649,0.579487860203,2.40512919426,4.43056342192e-06,1.57861195476e-05,0,0,4.47087622888e-05,0.0166674368083,0,0,0,0,0,5.20288960052e-05,704181.086842
3.51388888889,-0.00102565239649,0.579487860203,2.40512919426,4.43056342192e-06,1.57861195476e-05,0,0,4.47087622888e-05,0.0166674368083,0,0,0,0,0,5.20295933025e-05,704181.086842
3.525,-0.00102565239649,0.579487860203,2.40512919426,4.43056342192e-06,1.57861195476e-05,0,0,4.47087622888e-05,0.0166674368083,0,0,0,0,0,5.20281773211e-05,704181.086842
3.53611111111,-0.00102565239649,0.579487860203,2.40512919426,4.43056342192e-06,1.57861195476e-05,0,0,4.47087622888e-05,0.0166674368083,0,0,0,0,0,5.20285224908e-05,704181.086842
3.54722222222,-0.00102565239649,0.579487860203,2.40512919426,4.43056342192e-06,1.57861195476e-05,0,0,4.47087622888e-05,0.0166674368083,0,0,0,0,0,5.20285579079e-05,704181.086842
3.55833333333,-0.00102565239649,0.579487860203,2.40512919426,4.43056342192e-06,1.57861195476e-05,0,0,4.47087622888e-05,0.0166674368083,0,0,0,0,0,5.20287688724e-05,704181.086842
3.56944444444,-0.00102565239649,0.579487860203,2.40512919426,4.43056342192e-06,1.57861195476e-05,0,0,4.47087622888e-05,0.0166674368083,0,0,0,0,0,5.20282860488e-05,704181.086842
3.58055555556,-0.00102565239649,0.579487860203,2.40512919426,4.43056342192e-06,1.57861195476e-05,0,0,4.47087622888e-05,0.0166674368083,0,0,0,0,0,5.20276744382e-05,704181.086842
3.59166666667,-0.00102565239649,0.579487860203,2.40512919426,4.43056342192e-06,1.57861195476e-05,0,0,4.47087622888e-05,0.0166674368083,0,0,0,0,0,5.20288113124e-05,704181.086842
3.60277777778,-0.00102565239649,0.579487860203,2.40512919426,4.43056342192e-06,1.57861195476e-05,0,0,4.47087622888e-05,0.0166674368083,0,0,0,0,0,5.20287469959e-05,704181.086842
3.61388888889,-0.00102565239649,0.579487860203,2.40512919426,4.43056342192e-06,1.57861195476e-05,0,0,4.47087622888e-05,0.0166674368083,0,0,0,0,0,5.20277082119e-05,704181.086842
3.625,-0.00102565239649,0.579487860203,2.40512919426,4.43056342192e-06,1.57861195476e-05,0,0,4.47087622888e-05,0.0166674368083,0,0,0,0,0,5.20277341661e-05,704181.086842
3.63611111111,-0.00102565239649,0.579487860203,2.40512919426,4.43056342192e-06,1.57861195476e-05,0,0,4.47087622888e-05,0.0166674368083,0,0,0,0,0,5.20287635984e-05,704181.086842
3.64722222222,-0.00102565239649,0.579487860203,2.40512919426,4.43056342192e-06,1.57861195476e-05,0,0,4.47087622888e-05,0.0166674368083,0,0,0,0,0,5.20294202431e-05,704181.086842
3.65833333333,-0.00102565239649,0.579487860203,2.40512919426,4.43056342192e-06,1.57861195476e-05,0,0,4.47087622888e-05,0.0166674368083,0,0,0,0,0,5.20284250819e-05,704181.086842
3.66944444444,-0.00102565239649,0.579487860203,2.40512919426,4.43056342192e-06,1.57861195476e-05,0,0,4.47087622888e-05,0.0166674368083,0,0,0,0,0,5.20284738097e-05,704181.086842
3.68055555556,-0.00102565239649,0.579487860203,2.40512919426,4.43056342192e-06,1.57861195476e-05,0,0,4.47087622888e-05,0.0166674368083,0,0,0,0,0,5.20281398245e-05,704181.086842
3.69166666667,-0.00102565239649,0.579487860203,2.40512919426,4.43056342192e-06,1.57861195476e-05,0,0,4.47087622888e-05,0.0166674368083,0,0,0,0,0,5.20291011444e-05,704181.086842
3.70277777778,-0.00102565239649,0.579487860203,2.40512919426,4.43056342192e-06,1.57861195476e-05,0,0,4.47087622888e-05,0.0166674368083,0,0,0,0,0,5.20287416876e-05,704181.086842
3.71388888889,-0.00102565239649,0.579487860203,2.40512919426,4.43056342192e-06,1.57861195476e-05,0,0,4.47087622888e-05,0.0166674368083,0,0,0,0,0,5.20290078887e-05,704181.086842
3.725,-0.00102565239649,0.579487860203,2.40512919426,4.43056342192e-06,1.57861195476e-05,0,0,4.47087622888e-05,0.0166674368083,0,0,0,0,0,5.20284005714e-05,704181.086842
3.73611111111,-0.00102565239649,0.579487860203,2.40512919426,4.43056342192e-06,1.57861195476e-05,0,0,4.47087622888e-05,0.0166674368083,0,0,0,0,0,5.20290306021e-05,704181.086842
3.74722222222,-0.00102565239649,0.579487860203,2.40512919426,4.43056342192e-06,1.57861195476e-05,0,0,4.47087622888e-05,0.0166674368083,0,0,0,0,0,5.20282386132e-05,704181.086842
3.75833333333,-0.00102565239649,0.579487860203,2.40512919426,4.43056342192e-06,1.57861195476e-05,0,0,4.47087622888e-05,0.0166674368083,0,0,0,0,0,5.20278460315e-05,704181.086842
3.76944444444,-0.00102565239649,0.579487860203,2.40512919426,4.43056342192e-06,1.57861195476e-05,0,0,4.47087622888e-05,0.0166674368083,0,0,0,0,0,5.20283572422e-05,704181.086842
3.78055555556,-0.00102565239649,0.579487860203,2.40512919426,4.43056342192e-06,1.57861195476e-05,0,0,4.47087622888e-05,0.0166674368083,0,0,0,0,0,5.2028341409e-05,704181.086842
3.79166666667,-0.00102565239649,0.579487860203,2.40512919426,4.43056342192e-06,1.57861195476e-05,0,0,4.47087622888e-05,0.0166674368083,0,0,0,0,0,5.20280901211e-05,704181.086842
3.80277777778,-0.00102565239649,0.579487860203,2.40512919426,4.43056342192e-06,1.57861195476e-05,0,0,4.47087622888e-05,0.0166674368083,0,0,0,0,0,5.20286314023e-05,704181.086842
3.81388888889,-0.00102565239649,0.579487860203,2.40512919426,4.43056342192e-06,1.57861195476e-05,0,0,4.47087622888e-05,0.0166674368083,0,0,0,0,0,5.2029740685e-05,704181.086842
3.825,-0.00102565239649,0.579487860203,2.40512919426,4.43056342192e-06,1.57861195476e-05,0,0,4.47087622888e-05,0.0166674368083,0,0,0,0,0,5.20286541798e-05,704181.086842
3.83611111111,-0.00102565239649,0.579487860203,2.40512919426,4.43056342192e-06,1.57861195476e-05,0,0,4.47087622888e-05,0.0166674368083,0,0,0,0,0,5.20287347218e-05,704181.086842
3.84722222222,-0.00102565239649,0.579487860203,2.40512919426,4.43056342192e-06,1.57861195476e-05,0,0,4.47087622888e-05,0.0166674368083,0,0,0,0,0,5.20285378964e-05,704181.086842
3.85833333333,-0.00102565239649,0.579487860203,2.40512919426,4.43056342192e-06,1.57861195476e-05,0,0,4.47087622888e-05,0.0166674368083,0,0,0,0,0,5.20288623386e-05,704181.086842
3.86944444444,-0.00102565239649,0.579487860203,2.40512919426,4.43056342192e-06,1.57861195476e-05,0,0,4.47087622888e-05,0.0166674368083,0,0,0,0,0,5.20277329982e-05,704181.086842
3.88055555556,-0.00102565239649,0.579487860203,2.40512919426,4.43056342192e-06,1.57861195476e-05,0,0,4.47087622888e-05,0.0166674368083,0,0,0,0,0,5.20290723444e-05,704181.086842
3.89166666667,-0.00102565239649,0.579487860203,2.40512919426,4.43056342192e-06,1.57861195476e-05,0,0,4.47087622888e-05,0.0166674368083,0,0,0,0,0,5.20290968017e-05,704181.086842
3.90277777778,-0.00102565239649,0.579487860203,2.40512919426,4.43056342192e-06,1.57861195476e-05,0,0,4.47087622888e-05,0.0166674368083,0,0,0,0,0,5.20297226555e-05,704181.086842
3.91388888889,-0.00102565239649,0.579487860203,2.40512919426,4.43056342192e-06,1.57861195476e-05,0,0,4.47087622888e-05,0.0166674368083,0,0,0,0,0,5.20294852429e-05,704181.086842
3.925,-0.00102565239649,0.579487860203,2.40512919426,4.43056342192e-06,1.57861195476e-05,0,0,4.47087622888e-05,0.0166674368083,0,0,0,0,0,5.20283639002e-05,704181.086842
3.93611111111,-0.00102565239649,0.579487860203,2.40512919426,4.43056342192e-06,1.57861195476e-05,0,0,4.47087622888e-05,0.0166674368083,0,0,0,0,0,5.20290254809e-05,704181.086842
3.94722222222,-0.00102565239649,0.579487860203,2.40512919426,4.43056342192e-06,1.57861195476e-05,0,0,4.47087622888e-05,0.0166674368083,0,0,0,0,0,5.2028677306e-05,704181.086842
3.95833333333,-0.00102565239649,0.579487860203,2.40512919426,4.43056342192e-06,1.57861195476e-05,0,0,4.47087622888e-05,0.0166674368083,0,0,0,0,0,5.20299319176e-05,704181.086842
3.96944444444,-0.00102565239649,0.579487860203,2.40512919426,4.43056342192e-06,1.57861195476e-05,0,0,4.47087622888e-05,0.0166674368083,0,0,0,0,0,5.20289828306e-05,704181.086842
3.98055555556,-0.00102565239649,0.579487860203,2.40512919426,4.43056342192e-06,1.57861195476e-05,0,0,4.47087622888e-05,0.0166674368083,0,0,0,0,0,5.20282302927e-05,704181.086842
3.99166666667,-0.00102565239649,0.579487860203,2.40512919426,4.43056342192e-06,1.57861195476e-05,0,0,4.47087622888e-05,0.0166674368083,0,0,0,0,0,5.20291340228e-05,704181.086842
4.00277777778,-0.00102565239649,0.579487860203,2.40512919426,4.43056342192e-06,1.57861195476e-05,0,0,4.47087622888e-05,0.0166674368083,0,0,0,0,0,5.20285191427e-05,704181.086842
4.01388888889,-0.00102565239649,0.579487860203,2.40512919426,4.43056342192e-06,1.57861195476e-05,0,0,4.47087622888e-05,0.0166674368083,0,0,0,0,0,5.20280533165e-05,704181.086842
4.025,-0.00102565239649,0.579487860203,2.40512919426,4.43056342192e-06,1.57861195476e-05,0,0,4.47087622888e-05,0.0166674368083,0,0,0,0,0,5.20286677269e-05,704181.086842
4.03611111111,-0.00102565239649,0.579487860203,2.40512919426,4.43056342192e-06,1.57861195476e-05,0,0,4.47087622888e-05,0.0166674368083,0,0,0,0,0,5.20298339783e-05,704181.086842
4.04722222222,-0.00102565239649,0.579487860203,2.40512919426,4.43056342192e-06,1.57861195476e-05,0,0,4.47087622888e-05,0.0166674368083,0,0,0,0,0,5.20285784875e-05,704181.086842
4.05833333333,-0.00102565239649,0.579487860203,2.40512919426,4.43056342192e-06,1.57861195476e-05,0,0,4.47087622888e-05,0.0166674368083,0,0,0,0,0,5.20298361726e-05,704181.086842
4.06944444444,-0.00102565239649,0.579487860203,2.40512919426,4.43056342192e-06,1.57861195476e-05,0,0,4.47087622888e-05,0.0166674368083,0,0,0,0,0,5.20286485485e-05,704181.086842
4.08055555556,-0.00102565239649,0.579487860203,2.40512919426,4.43056342192e-06,1.57861195476e-05,0,0,4.47087622888e-05,0.0166674368083,0,0,0,0,0,5.20283811961e-05,704181.086842
4.09166666667,-0.00102565239649,0.579487860203,2.40512919426,4.43056342192e-06,1.57861195476e-05,0,0,4.47087622888e-05,0.0166674368083,0,0,0,0,0,5.20293346097e-05,704181.086842
4.10277777778,-0.00102565239649,0.579487860203,2.40512919426,4.43056342192e-06,1.57861195476e-05,0,0,4.47087622888e-05,0.0166674368083,0,0,0,0,0,5.20290412371e-05,704181.086842
4.11388888889,-0.00102565239649,0.579487860203,2.40512919426,4.43056342192e-06,1.57861195476e-05,0,0,4.47087622888e-05,0.0166674368083,0,0,0,0,0,5.20292078371e-05,704181.086842
4.125,-0.00102565239649,0.579487860203,2.40512919426,4.43056342192e-06,1.57861195476e-05,0,0,4.47087622888e-05,0.0166674368083,0,0,0,0,0,5.20291801786e-05,704181.086842
4.13611111111,-0.00102565239649,0.579487860203,2.40512919426,4.43056342192e-06,1.57861195476e-05,0,0,4.47087622888e-05,0.0166674368083,0,0,0,0,0,5.20280620884e-05,704181.086842
4.14722222222,-0.00102565239649,0.579487860203,2.40512919426,4.43056342192e-06,1.57861195476e-05,0,0,4.47087622888e-05,0.0166674368083,0,0,0,0,0,5.20291656291e-05,704181.086842
4.15833333333,-0.00102565239649,0.579487860203,2.40512919426,4.43056342192e-06,1.57861195476e-05,0,0,4.47087622888e-05,0.0166674368083,0,0,0,0,0,5.20294030245e-05,704181.086842
4.16944444444,-0.00102565239649,0.579487860203,2.40512919426,4.43056342192e-06,1.57861195476e-05,0,0,4.47087622888e-05,0.0166674368083,0,0,0,0,0,5.2028690059e-05,704181.086842
4.18055555556,-0.00102565239649,0.579487860203,2.40512919426,4.43056342192e-06,1.57861195476e-05,0,0,4.47087622888e-05,0.0166674368083,0,0,0,0,0,5.2027799279e-05,704181.086842
4.19166666667,-0.00102565239649,0.579487860203,2.40512919426,4.43056342192e-06,1.57861195476e-05,0,0,4.47087622888e-05,0.0166674368083,0,0,0,0,0,5.20293453587e-05,704181.086842
4.20277777778,-0.00102565239649,0.579487860203,2.40512919426,4.43056342192e-06,1.57861195476e-05,0,0,4.47087622888e-05,0.0166674368083,0,0,0,0,0,5.20295309103e-05,704181.086842
4.21388888889,-0.00102565239649,0.579487860203,2.40512919426,4.43056342192e-06,1.57861195476e-05,0,0,4.47087622888e-05,0.0166674368083,0,0,0,0,0,5.20290916593e-05,704181.086842
4.225,-0.00102565239649,0.579487860203,2.40512919426,4.43056342192e-06,1.57861195476e-05,0,0,4.47087622888e-05,0.0166674368083,0,0,0,0,0,5.20289587622e-05,704181.086842
4.23611111111,-0.00102565239649,0.579487860203,2.40512919426,4.43056342192e-06,1.57861195476e-05,0,0,4.47087622888e-05,0.0166674368083,0,0,0,0,0,5.20285696905e-05,704181.086842
4.24722222222,-0.00102565239649,0.579487860203,2.40512919426,4.43056342192e-06,1.57861195476e-05,0,0,4.47087622888e-05,0.0166674368083,0,0,0,0,0,5.20285440112e-05,704181.086842
4.25833333333,-0.00102565239649,0.579487860203,2.40512919426,4.43056342192e-06,1.57861195476e-05,0,0,4.47087622888e-05,0.0166674368083,0,0,0,0,0,5.2028209709e-05,704181.086842
4.26944444444,-0.00102565239649,0.579487860203,2.40512919426,4.43056342192e-06,1.57861195476e-05,0,0,4.47087622888e-05,0.0166674368083,0,0,0,0,0,5.20284136963e-05,704181.086842
4.28055555556,-0.00102565239649,0.579487860203,2.40512919426,4.43056342192e-06,1.57861195476e-05,0,0,4.47087622888e-05,0.0166674368083,0,0,0,0,0,5.20298955609e-05,704181.086842
4.29166666667,-0.00102565239649,0.579487860203,2.40512919426,4.43056342192e-06,1.57861195476e-05,0,0,4.47087622888e-05,0.0166674368083,0,0,0,0,0,5.20295764811e-05,704181.086842
4.30277777778,-0.00102565239649,0.579487860203,2.40512919426,4.43056342192e-06,1.57861195476e-05,0,0,4.47087622888e-05,0.0166674368083,0,0,0,0,0,5.20281013176e-05,704181.086842
4.31388888889,-0.00102565239649,0.579487860203,2.40512919426,4.43056342192e-06,1.57861195476e-05,0,0,4.47087622888e-05,0.0166674368083,0,0,0,0,0,5.20283833171e-05,704181.086842
4.325,-0.00102565239649,0.579487860203,2.40512919426,4.43056342192e-06,1.57861195476e-05,0,0,4.47087622888e-05,0.0166674368083,0,0,0,0,0,5.20298357591e-05,704181.086842
4.33611111111,-0.00102565239649,0.579487860203,2.40512919426,4.43056342192e-06,1.57861195476e-05,0,0,4.47087622888e-05,0.0166674368083,0,0,0,0,0,5.202963567e-05,704181.086842
4.34722222222,-0.00102565239649,0.579487860203,2.40512919426,4.43056342192e-06,1.57861195476e-05,0,0,4.47087622888e-05,0.0166674368083,0,0,0,0,0,5.20296500976e-05,704181.086842
4.35833333333,-0.00102565239649,0.579487860203,2.40512919426,4.43056342192e-06,1.57861195476e-05,0,0,4.47087622888e-05,0.0166674368083,0,0,0,0,0,5.20290004278e-05,704181.086842
4.36944444444,-0.00102565239649,0.579487860203,2.40512919426,4.43056342192e-06,1.57861195476e-05,0,0,4.47087622888e-05,0.0166674368083,0,0,0,0,0,5.20288730278e-05,704181.086842
4.38055555556,-0.00102565239649,0.579487860203,2.40512919426,4.43056342192e-06,1.57861195476e-05,0,0,4.47087622888e-05,0.0166674368083,0,0,0,0,0,5.20288440933e-05,704181.086842
4.39166666667,-0.00102565239649,0.579487860203,2.40512919426,4.43056342192e-06,1.57861195476e-05,0,0,4.47087622888e-05,0.0166674368083,0,0,0,0,0,5.2029284258e-05,704181.086842
4.40277777778,-0.00102565239649,0.579487860203,2.40512919426,4.43056342192e-06,1.57861195476e-05,0,0,4.47087622888e-05,0.0166674368083,0,0,0,0,0,5.20292806078e-05,704181.086842
4.41388888889,-0.00102565239649,0.579487860203,2.40512919426,4.43056342192e-06,1.57861195476e-05,0,0,4.47087622888e-05,0.0166674368083,0,0,0,0,0,5.20295457953e-05,704181.086842
4.425,-0.00102565239649,0.579487860203,2.40512919426,4.43056342192e-06,1.57861195476e-05,0,0,4.47087622888e-05,0.0166674368083,0,0,0,0,0,5.20295122398e-05,704181.086842
4.43611111111,-0.00102565239649,0.579487860203,2.40512919426,4.43056342192e-06,1.57861195476e-05,0,0,4.47087622888e-05,0.0166674368083,0,0,0,0,0,5.20289663514e-05,704181.086842
4.44722222222,-0.00102565239649,0.579487860203,2.40512919426,4.43056342192e-06,1.57861195476e-05,0,0,4.47087622888e-05,0.0166674368083,0,0,0,0,0,5.20292397828e-05,704181.086842
4.45833333333,-0.00102565239649,0.579487860203,2.40512919426,4.43056342192e-06,1.57861195476e-05,0,0,4.47087622888e-05,0.0166674368083,0,0,0,0,0,5.20291892355e-05,704181.086842
4.46944444444,-0.00102565239649,0.579487860203,2.40512919426,4.43056342192e-06,1.57861195476e-05,0,0,4.47087622888e-05,0.0166674368083,0,0,0,0,0,5.20292090962e-05,704181.086842
4.48055555556,-0.00102565239649,0.579487860203,2.40512919426,4.43056342192e-06,1.57861195476e-05,0,0,4.47087622888e-05,0.0166674368083,0,0,0,0,0,5.20298653851e-05,704181.086842
4.49166666667,-0.00102565239649,0.579487860203,2.40512919426,4.43056342192e-06,1.57861195476e-05,0,0,4.47087622888e-05,0.0166674368083,0,0,0,0,0,5.20300201879e-05,704181.086842
4.50277777778,-0.00102565239649,0.579487860203,2.40512919426,4.43056342192e-06,1.57861195476e-05,0,0,4.47087622888e-05,0.0166674368083,0,0,0,0,0,5.20286904998e-05,704181.086842
4.51388888889,-0.00102565239649,0.579487860203,2.40512919426,4.43056342192e-06,1.57861195476e-05,0,0,4.47087622888e-05,0.0166674368083,0,0,0,0,0,5.20285916863e-05,704181.086842
4.525,-0.00102565239649,0.579487860203,2.40512919426,4.43056342192e-06,1.57861195476e-05,0,0,4.47087622888e-05,0.0166674368083,0,0,0,0,0,5.20281193987e-05,704181.086842
4.53611111111,-0.00102565239649,0.579487860203,2.40512919426,4.43056342192e-06,1.57861195476e-05,0,0,4.47087622888e-05,0.0166674368083,0,0,0,0,0,5.2028192691e-05,704181.086842
4.54722222222,-0.00102565239649,0.579487860203,2.40512919426,4.43056342192e-06,1.57861195476e-05,0,0,4.47087622888e-05,0.0166674368083,0,0,0,0,0,5.20285860735e-05,704181.086842
4.55833333333,-0.00102565239649,0.579487860203,2.40512919426,4.43056342192e-06,1.57861195476e-05,0,0,4.47087622888e-05,0.0166674368083,0,0,0,0,0,5.20286314511e-05,704181.086842
4.56944444444,-0.00102565239649,0.579487860203,2.40512919426,4.43056342192e-06,1.57861195476e-05,0,0,4.47087622888e-05,0.0166674368083,0,0,0,0,0,5.20286711301e-05,704181.086842
4.58055555556,-0.00102565239649,0.579487860203,2.40512919426,4.43056342192e-06,1.57861195476e-05,0,0,4.47087622888e-05,0.0166674368083,0,0,0,0,0,5.20285819172e-05,704181.086842
4.59166666667,-0.00102565239649,0.579487860203,2.40512919426,4.43056342192e-06,1.57861195476e-05,0,0,4.47087622888e-05,0.0166674368083,0,0,0,0,0,5.20299518623e-05,704181.086842
4.60277777778,-0.00102565239649,0.579487860203,2.40512919426,4.43056342192e-06,1.57861195476e-05,0,0,4.47087622888e-05,0.0166674368083,0,0,0,0,0,5.20294932315e-05,704181.086842
4.61388888889,-0.00102565239649,0.579487860203,2.40512919426,4.43056342192e-06,1.57861195476e-05,0,0,4.47087622888e-05,0.0166674368083,0,0,0,0,0,5.20286663776e-05,704181.086842
4.625,-0.00102565239649,0.579487860203,2.40512919426,4.43056342192e-06,1.57861195476e-05,0,0,4.47087622888e-05,0.0166674368083,0,0,0,0,0,5.20283576785e-05,704181.086842
4.63611111111,-0.00102565239649,0.579487860203,2.40512919426,4.43056342192e-06,1.57861195476e-05,0,0,4.47087622888e-05,0.0166674368083,0,0,0,0,0,5.20283025802e-05,704181.086842
4.64722222222,-0.00102565239649,0.579487860203,2.40512919426,4.43056342192e-06,1.57861195476e-05,0,0,4.47087622888e-05,0.0166674368083,0,0,0,0,0,5.20282981651e-05,704181.086842
4.65833333333,-0.00102565239649,0.579487860203,2.40512919426,4.43056342192e-06,1.57861195476e-05,0,0,4.47087622888e-05,0.0166674368083,0,0,0,0,0,5.20288833754e-05,704181.086842
4.66944444444,-0.00102565239649,0.579487860203,2.40512919426,4.43056342192e-06,1.57861195476e-05,0,0,4.47087622888e-05,0.0166674368083,0,0,0,0,0,5.20288734927e-05,704181.086842
4.68055555556,-0.00102565239649,0.579487860203,2.40512919426,4.43056342192e-06,1.57861195476e-05,0,0,4.47087622888e-05,0.0166674368083,0,0,0,0,0,5.2028913807e-05,704181.086842
4.69166666667,-0.00102565239649,0.579487860203,2.40512919426,4.43056342192e-06,1.57861195476e-05,0,0,4.47087622888e-05,0.0166674368083,0,0,0,0,0,5.20281781893e-05,704181.086842
4.70277777778,-0.00102565239649,0.579487860203,2.40512919426,4.43056342192e-06,1.57861195476e-05,0,0,4.47087622888e-05,0.0166674368083,0,0,0,0,0,5.20286531598e-05,704181.086842
4.71388888889,-0.00102565239649,0.579487860203,2.40512919426,4.43056342192e-06,1.57861195476e-05,0,0,4.47087622888e-05,0.0166674368083,0,0,0,0,0,5.20290138158e-05,704181.086842
4.725,-0.00102565239649,0.579487860203,2.40512919426,4.43056342192e-06,1.57861195476e-05,0,0,4.47087622888e-05,0.0166674368083,0,0,0,0,0,5.20290460054e-05,704181.086842
4.73611111111,-0.00102565239649,0.579487860203,2.40512919426,4.43056342192e-06,1.57861195476e-05,0,0,4.47087622888e-05,0.0166674368083,0,0,0,0,0,5.20290399476e-05,704181.086842
4.74722222222,-0.00102565239649,0.579487860203,2.40512919426,4.43056342192e-06,1.57861195476e-05,0,0,4.47087622888e-05,0.0166674368083,0,0,0,0,0,5.20291099626e-05,704181.086842
4.75833333333,-0.00102565239649,0.579487860203,2.40512919426,4.43056342192e-06,1.57861195476e-05,0,0,4.47087622888e-05,0.0166674368083,0,0,0,0,0,5.20283147561e-05,704181.086842
4.76944444444,-0.00102565239649,0.579487860203,2.40512919426,4.43056342192e-06,1.57861195476e-05,0,0,4.47087622888e-05,0.0166674368083,0,0,0,0,0,5.20292182907e-05,704181.086842
4.78055555556,-0.00102565239649,0.579487860203,2.40512919426,4.43056342192e-06,1.57861195476e-05,0,0,4.47087622888e-05,0.0166674368083,0,0,0,0,0,5.20291577025e-05,704181.086842
4.79166666667,-0.00102565239649,0.579487860203,2.40512919426,4.43056342192e-06,1.57861195476e-05,0,0,4.47087622888e-05,0.0166674368083,0,0,0,0,0,5.20287292235e-05,704181.086842
4.80277777778,-0.00102565239649,0.579487860203,2.40512919426,4.43056342192e-06,1.57861195476e-05,0,0,4.47087622888e-05,0.0166674368083,0,0,0,0,0,5.20285745852e-05,704181.086842
4.81388888889,-0.00102565239649,0.579487860203,2.40512919426,4.43056342192e-06,1.57861195476e-05,0,0,4.47087622888e-05,0.0166674368083,0,0,0,0,0,5.20286067623e-05,704181.086842
4.825,-0.00102565239649,0.579487860203,2.40512919426,4.43056342192e-06,1.57861195476e-05,0,0,4.47087622888e-05,0.0166674368083,0,0,0,0,0,5.20288399799e-05,704181.086842
4.83611111111,-0.00102565239649,0.579487860203,2.40512919426,4.43056342192e-06,1.57861195476e-05,0,0,4.47087622888e-05,0.0166674368083,0,0,0,0,0,5.20285459946e-05,704181.086842
4.84722222222,-0.00102565239649,0.579487860203,2.40512919426,4.43056342192e-06,1.57861195476e-05,0,0,4.47087622888e-05,0.0166674368083,0,0,0,0,0,5.20296715882e-05,704181.086842
4.85833333333,-0.00102565239649,0.579487860203,2.40512919426,4.43056342192e-06,1.57861195476e-05,0,0,4.47087622888e-05,0.0166674368083,0,0,0,0,0,5.20301048329e-05,704181.086842
4.86944444444,-0.00102565239649,0.579487860203,2.40512919426,4.43056342192e-06,1.57861195476e-05,0,0,4.47087622888e-05,0.0166674368083,0,0,0,0,0,5.20286655428e-05,704181.086842
4.88055555556,-0.00102565239649,0.579487860203,2.40512919426,4.43056342192e-06,1.57861195476e-05,0,0,4.47087622888e-05,0.0166674368083,0,0,0,0,0,5.20299676572e-05,704181.086842
4.89166666667,-0.00102565239649,0.579487860203,2.40512919426,4.43056342192e-06,1.57861195476e-05,0,0,4.47087622888e-05,0.0166674368083,0,0,0,0,0,5.20299727117e-05,704181.086842
4.90277777778,-0.00102565239649,0.579487860203,2.40512919426,4.43056342192e-06,1.57861195476e-05,0,0,4.47087622888e-05,0.0166674368083,0,0,0,0,0,5.20295318115e-05,704181.086842
4.91388888889,-0.00102565239649,0.579487860203,2.40512919426,4.43056342192e-06,1.57861195476e-05,0,0,4.47087622888e-05,0.0166674368083,0,0,0,0,0,5.20290354184e-05,704181.086842
4.925,-0.00102565239649,0.579487860203,2.40512919426,4.43056342192e-06,1.57861195476e-05,0,0,4.47087622888e-05,0.0166674368083,0,0,0,0,0,5.20285102418e-05,704181.086842
4.93611111111,-0.00102565239649,0.579487860203,2.40512919426,4.43056342192e-06,1.57861195476e-05,0,0,4.47087622888e-05,0.0166674368083,0,0,0,0,0,5.20286566604e-05,704181.086842
4.94722222222,-0.00102565239649,0.579487860203,2.40512919426,4.43056342192e-06,1.57861195476e-05,0,0,4.47087622888e-05,0.0166674368083,0,0,0,0,0,5.20286002445e-05,704181.086842
4.95833333333,-0.00102565239649,0.579487860203,2.40512919426,4.43056342192e-06,1.57861195476e-05,0,0,4.47087622888e-05,0.0166674368083,0,0,0,0,0,5.20300467344e-05,704181.086842
4.96944444444,-0.00102565239649,0.579487860203,2.40512919426,4.43056342192e-06,1.57861195476e-05,0,0,4.47087622888e-05,0.0166674368083,0,0,0,0,0,5.20294935885e-05,704181.086842
4.98055555556,-0.00102565239649,0.579487860203,2.40512919426,4.43056342192e-06,1.57861195476e-05,0,0,4.47087622888e-05,0.0166674368083,0,0,0,0,0,5.20290671587e-05,704181.086842
4.99166666667,-0.00102565239649,0.579487860203,2.40512919426,4.43056342192e-06,1.57861195476e-05,0,0,4.47087622888e-05,0.0166674368083,0,0,0,0,0,5.20292631749e-05,704181.086842
5.00277777778,-0.00102565239649,0.579487860203,2.40512919426,4.43056342192e-06,1.57861195476e-05,0,0,4.47087622888e-05,0.0166674368083,0,0,0,0,0,5.20290071602e-05,704181.086842
5.01388888889,-0.00102565239649,0.579487860203,2.40512919426,4.43056342192e-06,1.57861195476e-05,0,0,4.47087622888e-05,0.0166674368083,0,0,0,0,0,5.20289537965e-05,704181.086842
5.025,-0.00102565239649,0.579487860203,2.40512919426,4.43056342192e-06,1.57861195476e-05,0,0,4.47087622888e-05,0.0166674368083,0,0,0,0,0,5.20282325273e-05,704181.086842
5.03611111111,-0.00102565239649,0.579487860203,2.40512919426,4.43056342192e-06,1.57861195476e-05,0,0,4.47087622888e-05,0.0166674368083,0,0,0,0,0,5.20288429381e-05,704181.086842
5.04722222222,-0.00102565239649,0.579487860203,2.40512919426,4.43056342192e-06,1.57861195476e-05,0,0,4.47087622888e-05,0.0166674368083,0,0,0,0,0,5.20293918347e-05,704181.086842
5.05833333333,-0.00102565239649,0.579487860203,2.40512919426,4.43056342192e-06,1.57861195476e-05,0,0,4.47087622888e-05,0.0166674368083,0,0,0,0,0,5.20300046057e-05,704181.086842
5.06944444444,-0.00102565239649,0.579487860203,2.40512919426,4.43056342192e-06,1.57861195476e-05,0,0,4.47087622888e-05,0.0166674368083,0,0,0,0,0,5.20291610557e-05,704181.086842
5.08055555556,-0.00102565239649,0.579487860203,2.40512919426,4.43056342192e-06,1.57861195476e-05,0,0,4.47087622888e-05,0.0166674368083,0,0,0,0,0,5.20290627234e-05,704181.086842
5.09166666667,-0.00102565239649,0.579487860203,2.40512919426,4.43056342192e-06,1.57861195476e-05,0,0,4.47087622888e-05,0.0166674368083,0,0,0,0,0,5.20289317941e-05,704181.086842
5.10277777778,-0.00102565239649,0.579487860203,2.40512919426,4.43056342192e-06,1.57861195476e-05,0,0,4.47087622888e-05,0.0166674368083,0,0,0,0,0,5.20289613436e-05,704181.086842
5.11388888889,-0.00102565239649,0.579487860203,2.40512919426,4.43056342192e-06,1.57861195476e-05,0,0,4.47087622888e-05,0.0166674368083,0,0,0,0,0,5.20289471401e-05,704181.086842
5.125,-0.00102565239649,0.579487860203,2.40512919426,4.43056342192e-06,1.57861195476e-05,0,0,4.47087622888e-05,0.0166674368083,0,0,0,0,0,5.20297091063e-05,704181.086842
5.13611111111,-0.00102565239649,0.579487860203,2.40512919426,4.43056342192e-06,1.57861195476e-05,0,0,4.47087622888e-05,0.0166674368083,0,0,0,0,0,5.20291653681e-05,704181.086842
5.14722222222,-0.00102565239649,0.579487860203,2.40512919426,4.43056342192e-06,1.57861195476e-05,0,0,4.47087622888e-05,0.0166674368083,0,0,0,0,0,5.20293406399e-05,704181.086842
5.15833333333,-0.00102565239649,0.579487860203,2.40512919426,4.43056342192e-06,1.57861195476e-05,0,0,4.47087622888e-05,0.0166674368083,0,0,0,0,0,5.20294770156e-05,704181.086842
5.16944444444,-0.00102565239649,0.579487860203,2.40512919426,4.43056342192e-06,1.57861195476e-05,0,0,4.47087622888e-05,0.0166674368083,0,0,0,0,0,5.20286553392e-05,704181.086842
5.18055555556,-0.00102565239649,0.579487860203,2.40512919426,4.43056342192e-06,1.57861195476e-05,0,0,4.47087622888e-05,0.0166674368083,0,0,0,0,0,5.20282922211e-05,704181.086842
5.19166666667,-0.00102565239649,0.579487860203,2.40512919426,4.43056342192e-06,1.57861195476e-05,0,0,4.47087622888e-05,0.0166674368083,0,0,0,0,0,5.20286823425e-05,704181.086842
5.20277777778,-0.00102565239649,0.579487860203,2.40512919426,4.43056342192e-06,1.57861195476e-05,0,0,4.47087622888e-05,0.0166674368083,0,0,0,0,0,5.20299820052e-05,704181.086842
5.21388888889,-0.00102565239649,0.579487860203,2.40512919426,4.43056342192e-06,1.57861195476e-05,0,0,4.47087622888e-05,0.0166674368083,0,0,0,0,0,5.20293127692e-05,704181.086842
5.225,-0.00102565239649,0.579487860203,2.40512919426,4.43056342192e-06,1.57861195476e-05,0,0,4.47087622888e-05,0.0166674368083,0,0,0,0,0,5.20287880444e-05,704181.086842
5.23611111111,-0.00102565239649,0.579487860203,2.40512919426,4.43056342192e-06,1.57861195476e-05,0,0,4.47087622888e-05,0.0166674368083,0,0,0,0,0,5.20292573725e-05,704181.086842
5.24722222222,-0.00102565239649,0.579487860203,2.40512919426,4.43056342192e-06,1.57861195476e-05,0,0,4.47087622888e-05,0.0166674368083,0,0,0,0,0,5.20296535438e-05,704181.086842
5.25833333333,-0.00102565239649,0.579487860203,2.40512919426,4.43056342192e-06,1.57861195476e-05,0,0,4.47087622888e-05,0.0166674368083,0,0,0,0,0,5.20286648774e-05,704181.086842
5.26944444444,-0.00102565239649,0.579487860203,2.40512919426,4.43056342192e-06,1.57861195476e-05,0,0,4.47087622888e-05,0.0166674368083,0,0,0,0,0,5.20280073379e-05,704181.086842
5.28055555556,-0.00102565239649,0.579487860203,2.40512919426,4.43056342192e-06,1.57861195476e-05,0,0,4.47087622888e-05,0.0166674368083,0,0,0,0,0,5.20289795212e-05,704181.086842
5.29166666667,-0.00102565239649,0.579487860203,2.40512919426,4.43056342192e-06,1.57861195476e-05,0,0,4.47087622888e-05,0.0166674368083,0,0,0,0,0,5.2029592996e-05,704181.086842
5.30277777778,-0.00102565239649,0.579487860203,2.40512919426,4.43056342192e-06,1.57861195476e-05,0,0,4.47087622888e-05,0.0166674368083,0,0,0,0,0,5.20286693631e-05,704181.086842
5.31388888889,-0.00102565239649,0.579487860203,2.40512919426,4.43056342192e-06,1.57861195476e-05,0,0,4.47087622888e-05,0.0166674368083,0,0,0,0,0,5.20285014745e-05,704181.086842
5.325,-0.00102565239649,0.579487860203,2.40512919426,4.43056342192e-06,1.57861195476e-05,0,0,4.47087622888e-05,0.0166674368083,0,0,0,0,0,5.20285522007e-05,704181.086842
5.33611111111,-0.00102565239649,0.579487860203,2.40512919426,4.43056342192e-06,1.57861195476e-05,0,0,4.47087622888e-05,0.0166674368083,0,0,0,0,0,5.20284652116e-05,704181.086842
5.34722222222,-0.00102565239649,0.579487860203,2.40512919426,4.43056342192e-06,1.57861195476e-05,0,0,4.47087622888e-05,0.0166674368083,0,0,0,0,0,5.20285095325e-05,704181.086842
5.35833333333,-0.00102565239649,0.579487860203,2.40512919426,4.43056342192e-06,1.57861195476e-05,0,0,4.47087622888e-05,0.0166674368083,0,0,0,0,0,5.20284978804e-05,704181.086842
5.36944444444,-0.00102565239649,0.579487860203,2.40512919426,4.43056342192e-06,1.57861195476e-05,0,0,4.47087622888e-05,0.0166674368083,0,0,0,0,0,5.20288369111e-05,704181.086842
5.38055555556,-0.00102565239649,0.579487860203,2.40512919426,4.43056342192e-06,1.57861195476e-05,0,0,4.47087622888e-05,0.0166674368083,0,0,0,0,0,5.20291137842e-05,704181.086842
5.39166666667,-0.00102565239649,0.579487860203,2.40512919426,4.43056342192e-06,1.57861195476e-05,0,0,4.47087622888e-05,0.0166674368083,0,0,0,0,0,5.2029047054e-05,704181.086842
5.40277777778,-0.00102565239649,0.579487860203,2.40512919426,4.43056342192e-06,1.57861195476e-05,0,0,4.47087622888e-05,0.0166674368083,0,0,0,0,0,5.20291780452e-05,704181.086842
5.41388888889,-0.00102565239649,0.579487860203,2.40512919426,4.43056342192e-06,1.57861195476e-05,0,0,4.47087622888e-05,0.0166674368083,0,0,0,0,0,5.20290408454e-05,704181.086842
5.425,-0.00102565239649,0.579487860203,2.40512919426,4.43056342192e-06,1.57861195476e-05,0,0,4.47087622888e-05,0.0166674368083,0,0,0,0,0,5.20290787746e-05,704181.086842
5.43611111111,-0.00102565239649,0.579487860203,2.40512919426,4.43056342192e-06,1.57861195476e-05,0,0,4.47087622888e-05,0.0166674368083,0,0,0,0,0,5.20292177786e-05,704181.086842
5.44722222222,-0.00102565239649,0.579487860203,2.40512919426,4.43056342192e-06,1.57861195476e-05,0,0,4.47087622888e-05,0.0166674368083,0,0,0,0,0,5.20292254001e-05,704181.086842
5.45833333333,-0.00102565239649,0.579487860203,2.40512919426,4.43056342192e-06,1.57861195476e-05,0,0,4.47087622888e-05,0.0166674368083,0,0,0,0,0,5.20293558768e-05,704181.086842
5.46944444444,-0.00102565239649,0.579487860203,2.40512919426,4.43056342192e-06,1.57861195476e-05,0,0,4.47087622888e-05,0.0166674368083,0,0,0,0,0,5.20296987923e-05,704181.086842
5.48055555556,-0.00102565239649,0.579487860203,2.40512919426,4.43056342192e-06,1.57861195476e-05,0,0,4.47087622888e-05,0.0166674368083,0,0,0,0,0,5.20289494519e-05,704181.086842
5.49166666667,-0.00102565239649,0.579487860203,2.40512919426,4.43056342192e-06,1.57861195476e-05,0,0,4.47087622888e-05,0.0166674368083,0,0,0,0,0,5.20290613597e-05,704181.086842
5.50277777778,-0.00102565239649,0.579487860203,2.40512919426,4.43056342192e-06,1.57861195476e-05,0,0,4.47087622888e-05,0.0166674368083,0,0,0,0,0,5.20296384939e-05,704181.086842
5.51388888889,-0.00102565239649,0.579487860203,2.40512919426,4.43056342192e-06,1.57861195476e-05,0,0,4.47087622888e-05,0.0166674368083,0,0,0,0,0,5.20294301208e-05,704181.086842
5.525,-0.00102565239649,0.579487860203,2.40512919426,4.43056342192e-06,1.57861195476e-05,0,0,4.47087622888e-05,0.0166674368083,0,0,0,0,0,5.20294663208e-05,704181.086842
5.53611111111,-0.00102565239649,0.579487860203,2.40512919426,4.43056342192e-06,1.57861195476e-05,0,0,4.47087622888e-05,0.0166674368083,0,0,0,0,0,5.20293310156e-05,704181.086842
5.54722222222,-0.00102565239649,0.579487860203,2.40512919426,4.43056342192e-06,1.57861195476e-05,0,0,4.47087622888e-05,0.0166674368083,0,0,0,0,0,5.20292491468e-05,704181.086842
5.55833333333,-0.00102565239649,0.579487860203,2.40512919426,4.43056342192e-06,1.57861195476e-05,0,0,4.47087622888e-05,0.0166674368083,0,0,0,0,0,5.20293503397e-05,704181.086842
5.56944444444,-0.00102565239649,0.579487860203,2.40512919426,4.43056342192e-06,1.57861195476e-05,0,0,4.47087622888e-05,0.0166674368083,0,0,0,0,0,5.20292485132e-05,704181.086842
5.58055555556,-0.00102565239649,0.579487860203,2.40512919426,4.43056342192e-06,1.57861195476e-05,0,0,4.47087622888e-05,0.0166674368083,0,0,0,0,0,5.20289655737e-05,704181.086842
5.59166666667,-0.00102565239649,0.579487860203,2.40512919426,4.43056342192e-06,1.57861195476e-05,0,0,4.47087622888e-05,0.0166674368083,0,0,0,0,0,5.20292411581e-05,704181.086842
5.60277777778,-0.00102565239649,0.579487860203,2.40512919426,4.43056342192e-06,1.57861195476e-05,0,0,4.47087622888e-05,0.0166674368083,0,0,0,0,0,5.20292085745e-05,704181.086842
5.61388888889,-0.00102565239649,0.579487860203,2.40512919426,4.43056342192e-06,1.57861195476e-05,0,0,4.47087622888e-05,0.0166674368083,0,0,0,0,0,5.20293599608e-05,704181.086842
5.625,-0.00102565239649,0.579487860203,2.40512919426,4.43056342192e-06,1.57861195476e-05,0,0,4.47087622888e-05,0.0166674368083,0,0,0,0,0,5.20298175817e-05,704181.086842
5.63611111111,-0.00102565239649,0.579487860203,2.40512919426,4.43056342192e-06,1.57861195476e-05,0,0,4.47087622888e-05,0.0166674368083,0,0,0,0,0,5.20286536828e-05,704181.086842
5.64722222222,-0.00102565239649,0.579487860203,2.40512919426,4.43056342192e-06,1.57861195476e-05,0,0,4.47087622888e-05,0.0166674368083,0,0,0,0,0,5.20299419441e-05,704181.086842
5.65833333333,-0.00102565239649,0.579487860203,2.40512919426,4.43056342192e-06,1.57861195476e-05,0,0,4.47087622888e-05,0.0166674368083,0,0,0,0,0,5.20289526297e-05,704181.086842
5.66944444444,-0.00102565239649,0.579487860203,2.40512919426,4.43056342192e-06,1.57861195476e-05,0,0,4.47087622888e-05,0.0166674368083,0,0,0,0,0,5.20293393226e-05,704181.086842
5.68055555556,-0.00102565239649,0.579487860203,2.40512919426,4.43056342192e-06,1.57861195476e-05,0,0,4.47087622888e-05,0.0166674368083,0,0,0,0,0,5.20292949009e-05,704181.086842
5.69166666667,-0.00102565239649,0.579487860203,2.40512919426,4.43056342192e-06,1.57861195476e-05,0,0,4.47087622888e-05,0.0166674368083,0,0,0,0,0,5.20291409749e-05,704181.086842
5.70277777778,-0.00102565239649,0.579487860203,2.40512919426,4.43056342192e-06,1.57861195476e-05,0,0,4.47087622888e-05,0.0166674368083,0,0,0,0,0,5.20291073775e-05,704181.086842
5.71388888889,-0.00102565239649,0.579487860203,2.40512919426,4.43056342192e-06,1.57861195476e-05,0,0,4.47087622888e-05,0.0166674368083,0,0,0,0,0,5.20291384084e-05,704181.086842
5.725,-0.00102565239649,0.579487860203,2.40512919426,4.43056342192e-06,1.57861195476e-05,0,0,4.47087622888e-05,0.0166674368083,0,0,0,0,0,5.20290858526e-05,704181.086842
5.73611111111,-0.00102565239649,0.579487860203,2.40512919426,4.43056342192e-06,1.57861195476e-05,0,0,4.47087622888e-05,0.0166674368083,0,0,0,0,0,5.20294763759e-05,704181.086842
5.74722222222,-0.00102565239649,0.579487860203,2.40512919426,4.43056342192e-06,1.57861195476e-05,0,0,4.47087622888e-05,0.0166674368083,0,0,0,0,0,5.20301869536e-05,704181.086842
5.75833333333,-0.00102565239649,0.579487860203,2.40512919426,4.43056342192e-06,1.57861195476e-05,0,0,4.47087622888e-05,0.0166674368083,0,0,0,0,0,5.20301216747e-05,704181.086842
5.76944444444,-0.00102565239649,0.579487860203,2.40512919426,4.43056342192e-06,1.57861195476e-05,0,0,4.47087622888e-05,0.0166674368083,0,0,0,0,0,5.20301398319e-05,704181.086842
5.78055555556,-0.00102565239649,0.579487860203,2.40512919426,4.43056342192e-06,1.57861195476e-05,0,0,4.47087622888e-05,0.0166674368083,0,0,0,0,0,5.20288505194e-05,704181.086842
5.79166666667,-0.00102565239649,0.579487860203,2.40512919426,4.43056342192e-06,1.57861195476e-05,0,0,4.47087622888e-05,0.0166674368083,0,0,0,0,0,5.20298986767e-05,704181.086842
5.80277777778,-0.00102565239649,0.579487860203,2.40512919426,4.43056342192e-06,1.57861195476e-05,0,0,4.47087622888e-05,0.0166674368083,0,0,0,0,0,5.2029913118e-05,704181.086842
5.81388888889,-0.00102565239649,0.579487860203,2.40512919426,4.43056342192e-06,1.57861195476e-05,0,0,4.47087622888e-05,0.0166674368083,0,0,0,0,0,5.20296163028e-05,704181.086842
5.825,-0.00102565239649,0.579487860203,2.40512919426,4.43056342192e-06,1.57861195476e-05,0,0,4.47087622888e-05,0.0166674368083,0,0,0,0,0,5.20289510565e-05,704181.086842
5.83611111111,-0.00102565239649,0.579487860203,2.40512919426,4.43056342192e-06,1.57861195476e-05,0,0,4.47087622888e-05,0.0166674368083,0,0,0,0,0,5.20292137147e-05,704181.086842
5.84722222222,-0.00102565239649,0.579487860203,2.40512919426,4.43056342192e-06,1.57861195476e-05,0,0,4.47087622888e-05,0.0166674368083,0,0,0,0,0,5.20285544257e-05,704181.086842
5.85833333333,-0.00102565239649,0.579487860203,2.40512919426,4.43056342192e-06,1.57861195476e-05,0,0,4.47087622888e-05,0.0166674368083,0,0,0,0,0,5.20297230278e-05,704181.086842
5.86944444444,-0.00102565239649,0.579487860203,2.40512919426,4.43056342192e-06,1.57861195476e-05,0,0,4.47087622888e-05,0.0166674368083,0,0,0,0,0,5.20298412786e-05,704181.086842
5.88055555556,-0.00102565239649,0.579487860203,2.40512919426,4.43056342192e-06,1.57861195476e-05,0,0,4.47087622888e-05,0.0166674368083,0,0,0,0,0,5.20294760436e-05,704181.086842
5.89166666667,-0.00102565239649,0.579487860203,2.40512919426,4.43056342192e-06,1.57861195476e-05,0,0,4.47087622888e-05,0.0166674368083,0,0,0,0,0,5.20285514325e-05,704181.086842
5.90277777778,-0.00102565239649,0.579487860203,2.40512919426,4.43056342192e-06,1.57861195476e-05,0,0,4.47087622888e-05,0.0166674368083,0,0,0,0,0,5.2030100618e-05,704181.086842
5.91388888889,-0.00102565239649,0.579487860203,2.40512919426,4.43056342192e-06,1.57861195476e-05,0,0,4.47087622888e-05,0.0166674368083,0,0,0,0,0,5.20288500921e-05,704181.086842
5.925,-0.00102565239649,0.579487860203,2.40512919426,4.43056342192e-06,1.57861195476e-05,0,0,4.47087622888e-05,0.0166674368083,0,0,0,0,0,5.20285914333e-05,704181.086842
5.93611111111,-0.00102565239649,0.579487860203,2.40512919426,4.43056342192e-06,1.57861195476e-05,0,0,4.47087622888e-05,0.0166674368083,0,0,0,0,0,5.20282703077e-05,704181.086842
5.94722222222,-0.00102565239649,0.579487860203,2.40512919426,4.43056342192e-06,1.57861195476e-05,0,0,4.47087622888e-05,0.0166674368083,0,0,0,0,0,5.20286130005e-05,704181.086842
5.95833333333,-0.00102565239649,0.579487860203,2.40512919426,4.43056342192e-06,1.57861195476e-05,0,0,4.47087622888e-05,0.0166674368083,0,0,0,0,0,5.20286638728e-05,704181.086842
5.96944444444,-0.00102565239649,0.579487860203,2.40512919426,4.43056342192e-06,1.57861195476e-05,0,0,4.47087622888e-05,0.0166674368083,0,0,0,0,0,5.20286151521e-05,704181.086842
5.98055555556,-0.00102565239649,0.579487860203,2.40512919426,4.43056342192e-06,1.57861195476e-05,0,0,4.47087622888e-05,0.0166674368083,0,0,0,0,0,5.20288687904e-05,704181.086842
5.99166666667,-0.00102565239649,0.579487860203,2.40512919426,4.43056342192e-06,1.57861195476e-05,0,0,4.47087622888e-05,0.0166674368083,0,0,0,0,0,5.20292640671e-05,704181.086842
6.00277777778,-0.00102565239649,0.579487860203,2.40512919426,4.43056342192e-06,1.57861195476e-05,0,0,4.47087622888e-05,0.0166674368083,0,0,0,0,0,5.20291231849e-05,704181.086842
6.01388888889,-0.00102565239649,0.579487860203,2.40512919426,4.43056342192e-06,1.57861195476e-05,0,0,4.47087622888e-05,0.0166674368083,0,0,0,0,0,5.20288434457e-05,704181.086842
6.025,-0.00102565239649,0.579487860203,2.40512919426,4.43056342192e-06,1.57861195476e-05,0,0,4.47087622888e-05,0.0166674368083,0,0,0,0,0,5.20293217174e-05,704181.086842
6.03611111111,-0.00102565239649,0.579487860203,2.40512919426,4.43056342192e-06,1.57861195476e-05,0,0,4.47087622888e-05,0.0166674368083,0,0,0,0,0,5.20288633995e-05,704181.086842
6.04722222222,-0.00102565239649,0.579487860203,2.40512919426,4.43056342192e-06,1.57861195476e-05,0,0,4.47087622888e-05,0.0166674368083,0,0,0,0,0,5.20288524299e-05,704181.086842
6.05833333333,-0.00102565239649,0.579487860203,2.40512919426,4.43056342192e-06,1.57861195476e-05,0,0,4.47087622888e-05,0.0166674368083,0,0,0,0,0,5.20288063955e-05,704181.086842
6.06944444444,-0.00102565239649,0.579487860203,2.40512919426,4.43056342192e-06,1.57861195476e-05,0,0,4.47087622888e-05,0.0166674368083,0,0,0,0,0,5.20293302441e-05,704181.086842
6.08055555556,-0.00102565239649,0.579487860203,2.40512919426,4.43056342192e-06,1.57861195476e-05,0,0,4.47087622888e-05,0.0166674368083,0,0,0,0,0,5.20286258708e-05,704181.086842
6.09166666667,-0.00102565239649,0.579487860203,2.40512919426,4.43056342192e-06,1.57861195476e-05,0,0,4.47087622888e-05,0.0166674368083,0,0,0,0,0,5.20290593723e-05,704181.086842
6.10277777778,-0.00102565239649,0.579487860203,2.40512919426,4.43056342192e-06,1.57861195476e-05,0,0,4.47087622888e-05,0.0166674368083,0,0,0,0,0,5.20292115459e-05,704181.086842
6.11388888889,-0.00102565239649,0.579487860203,2.40512919426,4.43056342192e-06,1.57861195476e-05,0,0,4.47087622888e-05,0.0166674368083,0,0,0,0,0,5.2029056516e-05,704181.086842
6.125,-0.00102565239649,0.579487860203,2.40512919426,4.43056342192e-06,1.57861195476e-05,0,0,4.47087622888e-05,0.0166674368083,0,0,0,0,0,5.20292191279e-05,704181.086842
6.13611111111,-0.00102565239649,0.579487860203,2.40512919426,4.43056342192e-06,1.57861195476e-05,0,0,4.47087622888e-05,0.0166674368083,0,0,0,0,0,5.2029233003e-05,704181.086842
6.14722222222,-0.00102565239649,0.579487860203,2.40512919426,4.43056342192e-06,1.57861195476e-05,0,0,4.47087622888e-05,0.0166674368083,0,0,0,0,0,5.2028900871e-05,704181.086842
6.15833333333,-0.00102565239649,0.579487860203,2.40512919426,4.43056342192e-06,1.57861195476e-05,0,0,4.47087622888e-05,0.0166674368083,0,0,0,0,0,5.20289695598e-05,704181.086842
6.16944444444,-0.00102565239649,0.579487860203,2.40512919426,4.43056342192e-06,1.57861195476e-05,0,0,4.47087622888e-05,0.0166674368083,0,0,0,0,0,5.20287412622e-05,704181.086842
6.18055555556,-0.00102565239649,0.579487860203,2.40512919426,4.43056342192e-06,1.57861195476e-05,0,0,4.47087622888e-05,0.0166674368083,0,0,0,0,0,5.20291060217e-05,704181.086842
6.19166666667,-0.00102565239649,0.579487860203,2.40512919426,4.43056342192e-06,1.57861195476e-05,0,0,4.47087622888e-05,0.0166674368083,0,0,0,0,0,5.20290567837e-05,704181.086842
6.20277777778,-0.00102565239649,0.579487860203,2.40512919426,4.43056342192e-06,1.57861195476e-05,0,0,4.47087622888e-05,0.0166674368083,0,0,0,0,0,5.20289451246e-05,704181.086842
6.21388888889,-0.00102565239649,0.579487860203,2.40512919426,4.43056342192e-06,1.57861195476e-05,0,0,4.47087622888e-05,0.0166674368083,0,0,0,0,0,5.20289924526e-05,704181.086842
6.225,-0.00102565239649,0.579487860203,2.40512919426,4.43056342192e-06,1.57861195476e-05,0,0,4.47087622888e-05,0.0166674368083,0,0,0,0,0,5.20289658956e-05,704181.086842
6.23611111111,-0.00102565239649,0.579487860203,2.40512919426,4.43056342192e-06,1.57861195476e-05,0,0,4.47087622888e-05,0.0166674368083,0,0,0,0,0,5.20292122802e-05,704181.086842
6.24722222222,-0.00102565239649,0.579487860203,2.40512919426,4.43056342192e-06,1.57861195476e-05,0,0,4.47087622888e-05,0.0166674368083,0,0,0,0,0,5.20293147625e-05,704181.086842
6.25833333333,-0.00102565239649,0.579487860203,2.40512919426,4.43056342192e-06,1.57861195476e-05,0,0,4.47087622888e-05,0.0166674368083,0,0,0,0,0,5.20287169032e-05,704181.086842
6.26944444444,-0.00102565239649,0.579487860203,2.40512919426,4.43056342192e-06,1.57861195476e-05,0,0,4.47087622888e-05,0.0166674368083,0,0,0,0,0,5.20290894891e-05,704181.086842
6.28055555556,-0.00102565239649,0.579487860203,2.40512919426,4.43056342192e-06,1.57861195476e-05,0,0,4.47087622888e-05,0.0166674368083,0,0,0,0,0,5.20290254795e-05,704181.086842
6.29166666667,-0.00102565239649,0.579487860203,2.40512919426,4.43056342192e-06,1.57861195476e-05,0,0,4.47087622888e-05,0.0166674368083,0,0,0,0,0,5.20289217083e-05,704181.086842
6.30277777778,-0.00102565239649,0.579487860203,2.40512919426,4.43056342192e-06,1.57861195476e-05,0,0,4.47087622888e-05,0.0166674368083,0,0,0,0,0,5.20289941437e-05,704181.086842
6.31388888889,-0.00102565239649,0.579487860203,2.40512919426,4.43056342192e-06,1.57861195476e-05,0,0,4.47087622888e-05,0.0166674368083,0,0,0,0,0,5.20287035124e-05,704181.086842
6.325,-0.00102565239649,0.579487860203,2.40512919426,4.43056342192e-06,1.57861195476e-05,0,0,4.47087622888e-05,0.0166674368083,0,0,0,0,0,5.20291835436e-05,704181.086842
6.33611111111,-0.00102565239649,0.579487860203,2.40512919426,4.43056342192e-06,1.57861195476e-05,0,0,4.47087622888e-05,0.0166674368083,0,0,0,0,0,5.2029385456e-05,704181.086842
6.34722222222,-0.00102565239649,0.579487860203,2.40512919426,4.43056342192e-06,1.57861195476e-05,0,0,4.47087622888e-05,0.0166674368083,0,0,0,0,0,5.20295090994e-05,704181.086842
6.35833333333,-0.00102565239649,0.579487860203,2.40512919426,4.43056342192e-06,1.57861195476e-05,0,0,4.47087622888e-05,0.0166674368083,0,0,0,0,0,5.20294959373e-05,704181.086842
6.36944444444,-0.00102565239649,0.579487860203,2.40512919426,4.43056342192e-06,1.57861195476e-05,0,0,4.47087622888e-05,0.0166674368083,0,0,0,0,0,5.20282975904e-05,704181.086842
6.38055555556,-0.00102565239649,0.579487860203,2.40512919426,4.43056342192e-06,1.57861195476e-05,0,0,4.47087622888e-05,0.0166674368083,0,0,0,0,0,5.20290312135e-05,704181.086842
6.39166666667,-0.00102565239649,0.579487860203,2.40512919426,4.43056342192e-06,1.57861195476e-05,0,0,4.47087622888e-05,0.0166674368083,0,0,0,0,0,5.20287939862e-05,704181.086842
6.40277777778,-0.00102565239649,0.579487860203,2.40512919426,4.43056342192e-06,1.57861195476e-05,0,0,4.47087622888e-05,0.0166674368083,0,0,0,0,0,5.20296906068e-05,704181.086842
6.41388888889,-0.00102565239649,0.579487860203,2.40512919426,4.43056342192e-06,1.57861195476e-05,0,0,4.47087622888e-05,0.0166674368083,0,0,0,0,0,5.20298965266e-05,704181.086842
6.425,-0.00102565239649,0.579487860203,2.40512919426,4.43056342192e-06,1.57861195476e-05,0,0,4.47087622888e-05,0.0166674368083,0,0,0,0,0,5.20283081322e-05,704181.086842
6.43611111111,-0.00102565239649,0.579487860203,2.40512919426,4.43056342192e-06,1.57861195476e-05,0,0,4.47087622888e-05,0.0166674368083,0,0,0,0,0,5.20288557927e-05,704181.086842
6.44722222222,-0.00102565239649,0.579487860203,2.40512919426,4.43056342192e-06,1.57861195476e-05,0,0,4.47087622888e-05,0.0166674368083,0,0,0,0,0,5.20295632047e-05,704181.086842
6.45833333333,-0.00102565239649,0.579487860203,2.40512919426,4.43056342192e-06,1.57861195476e-05,0,0,4.47087622888e-05,0.0166674368083,0,0,0,0,0,5.20287069765e-05,704181.086842
6.46944444444,-0.00102565239649,0.579487860203,2.40512919426,4.43056342192e-06,1.57861195476e-05,0,0,4.47087622888e-05,0.0166674368083,0,0,0,0,0,5.20294328763e-05,704181.086842
6.48055555556,-0.00102565239649,0.579487860203,2.40512919426,4.43056342192e-06,1.57861195476e-05,0,0,4.47087622888e-05,0.0166674368083,0,0,0,0,0,5.2029741691e-05,704181.086842
6.49166666667,-0.00102565239649,0.579487860203,2.40512919426,4.43056342192e-06,1.57861195476e-05,0,0,4.47087622888e-05,0.0166674368083,0,0,0,0,0,5.20294899093e-05,704181.086842
6.50277777778,-0.00102565239649,0.579487860203,2.40512919426,4.43056342192e-06,1.57861195476e-05,0,0,4.47087622888e-05,0.0166674368083,0,0,0,0,0,5.20302118059e-05,704181.086842
6.51388888889,-0.00102565239649,0.579487860203,2.40512919426,4.43056342192e-06,1.57861195476e-05,0,0,4.47087622888e-05,0.0166674368083,0,0,0,0,0,5.20283918627e-05,704181.086842
6.525,-0.00102565239649,0.579487860203,2.40512919426,4.43056342192e-06,1.57861195476e-05,0,0,4.47087622888e-05,0.0166674368083,0,0,0,0,0,5.20285241118e-05,704181.086842
6.53611111111,-0.00102565239649,0.579487860203,2.40512919426,4.43056342192e-06,1.57861195476e-05,0,0,4.47087622888e-05,0.0166674368083,0,0,0,0,0,5.20286578554e-05,704181.086842
6.54722222222,-0.00102565239649,0.579487860203,2.40512919426,4.43056342192e-06,1.57861195476e-05,0,0,4.47087622888e-05,0.0166674368083,0,0,0,0,0,5.20286403262e-05,704181.086842
6.55833333333,-0.00102565239649,0.579487860203,2.40512919426,4.43056342192e-06,1.57861195476e-05,0,0,4.47087622888e-05,0.0166674368083,0,0,0,0,0,5.20285366959e-05,704181.086842
6.56944444444,-0.00102565239649,0.579487860203,2.40512919426,4.43056342192e-06,1.57861195476e-05,0,0,4.47087622888e-05,0.0166674368083,0,0,0,0,0,5.20284815409e-05,704181.086842
6.58055555556,-0.00102565239649,0.579487860203,2.40512919426,4.43056342192e-06,1.57861195476e-05,0,0,4.47087622888e-05,0.0166674368083,0,0,0,0,0,5.20300746388e-05,704181.086842
6.59166666667,-0.00102565239649,0.579487860203,2.40512919426,4.43056342192e-06,1.57861195476e-05,0,0,4.47087622888e-05,0.0166674368083,0,0,0,0,0,5.20289619508e-05,704181.086842
6.60277777778,-0.00102565239649,0.579487860203,2.40512919426,4.43056342192e-06,1.57861195476e-05,0,0,4.47087622888e-05,0.0166674368083,0,0,0,0,0,5.20282257061e-05,704181.086842
6.61388888889,-0.00102565239649,0.579487860203,2.40512919426,4.43056342192e-06,1.57861195476e-05,0,0,4.47087622888e-05,0.0166674368083,0,0,0,0,0,5.20293831265e-05,704181.086842
6.625,-0.00102565239649,0.579487860203,2.40512919426,4.43056342192e-06,1.57861195476e-05,0,0,4.47087622888e-05,0.0166674368083,0,0,0,0,0,5.20288196351e-05,704181.086842
6.63611111111,-0.00102565239649,0.579487860203,2.40512919426,4.43056342192e-06,1.57861195476e-05,0,0,4.47087622888e-05,0.0166674368083,0,0,0,0,0,5.20287338939e-05,704181.086842
6.64722222222,-0.00102565239649,0.579487860203,2.40512919426,4.43056342192e-06,1.57861195476e-05,0,0,4.47087622888e-05,0.0166674368083,0,0,0,0,0,5.2028917994e-05,704181.086842
6.65833333333,-0.00102565239649,0.579487860203,2.40512919426,4.43056342192e-06,1.57861195476e-05,0,0,4.47087622888e-05,0.0166674368083,0,0,0,0,0,5.20286412658e-05,704181.086842
6.66944444444,-0.00102565239649,0.579487860203,2.40512919426,4.43056342192e-06,1.57861195476e-05,0,0,4.47087622888e-05,0.0166674368083,0,0,0,0,0,5.20287589171e-05,704181.086842
6.68055555556,-0.00102565239649,0.579487860203,2.40512919426,4.43056342192e-06,1.57861195476e-05,0,0,4.47087622888e-05,0.0166674368083,0,0,0,0,0,5.20300178082e-05,704181.086842
6.69166666667,-0.00102565239649,0.579487860203,2.40512919426,4.43056342192e-06,1.57861195476e-05,0,0,4.47087622888e-05,0.0166674368083,0,0,0,0,0,5.20286177481e-05,704181.086842
6.70277777778,-0.00102565239649,0.579487860203,2.40512919426,4.43056342192e-06,1.57861195476e-05,0,0,4.47087622888e-05,0.0166674368083,0,0,0,0,0,5.20294747969e-05,704181.086842
6.71388888889,-0.00102565239649,0.579487860203,2.40512919426,4.43056342192e-06,1.57861195476e-05,0,0,4.47087622888e-05,0.0166674368083,0,0,0,0,0,5.20282528013e-05,704181.086842
6.725,-0.00102565239649,0.579487860203,2.40512919426,4.43056342192e-06,1.57861195476e-05,0,0,4.47087622888e-05,0.0166674368083,0,0,0,0,0,5.2029179898e-05,704181.086842
6.73611111111,-0.00102565239649,0.579487860203,2.40512919426,4.43056342192e-06,1.57861195476e-05,0,0,4.47087622888e-05,0.0166674368083,0,0,0,0,0,5.20289160818e-05,704181.086842
6.74722222222,-0.00102565239649,0.579487860203,2.40512919426,4.43056342192e-06,1.57861195476e-05,0,0,4.47087622888e-05,0.0166674368083,0,0,0,0,0,5.20291022529e-05,704181.086842
6.75833333333,-0.00102565239649,0.579487860203,2.40512919426,4.43056342192e-06,1.57861195476e-05,0,0,4.47087622888e-05,0.0166674368083,0,0,0,0,0,5.20291402551e-05,704181.086842
6.76944444444,-0.00102565239649,0.579487860203,2.40512919426,4.43056342192e-06,1.57861195476e-05,0,0,4.47087622888e-05,0.0166674368083,0,0,0,0,0,5.20285553129e-05,704181.086842
6.78055555556,-0.00102565239649,0.579487860203,2.40512919426,4.43056342192e-06,1.57861195476e-05,0,0,4.47087622888e-05,0.0166674368083,0,0,0,0,0,5.2028603786e-05,704181.086842
6.79166666667,-0.00102565239649,0.579487860203,2.40512919426,4.43056342192e-06,1.57861195476e-05,0,0,4.47087622888e-05,0.0166674368083,0,0,0,0,0,5.20282653241e-05,704181.086842
6.80277777778,-0.00102565239649,0.579487860203,2.40512919426,4.43056342192e-06,1.57861195476e-05,0,0,4.47087622888e-05,0.0166674368083,0,0,0,0,0,5.20298028683e-05,704181.086842
6.81388888889,-0.00102565239649,0.579487860203,2.40512919426,4.43056342192e-06,1.57861195476e-05,0,0,4.47087622888e-05,0.0166674368083,0,0,0,0,0,5.20291608153e-05,704181.086842
6.825,-0.00102565239649,0.579487860203,2.40512919426,4.43056342192e-06,1.57861195476e-05,0,0,4.47087622888e-05,0.0166674368083,0,0,0,0,0,5.2028958054e-05,704181.086842
6.83611111111,-0.00102565239649,0.579487860203,2.40512919426,4.43056342192e-06,1.57861195476e-05,0,0,4.47087622888e-05,0.0166674368083,0,0,0,0,0,5.20289241095e-05,704181.086842
6.84722222222,-0.00102565239649,0.579487860203,2.40512919426,4.43056342192e-06,1.57861195476e-05,0,0,4.47087622888e-05,0.0166674368083,0,0,0,0,0,5.20287240716e-05,704181.086842
6.85833333333,-0.00102565239649,0.579487860203,2.40512919426,4.43056342192e-06,1.57861195476e-05,0,0,4.47087622888e-05,0.0166674368083,0,0,0,0,0,5.2028724419e-05,704181.086842
6.86944444444,-0.00102565239649,0.579487860203,2.40512919426,4.43056342192e-06,1.57861195476e-05,0,0,4.47087622888e-05,0.0166674368083,0,0,0,0,0,5.20287094517e-05,704181.086842
6.88055555556,-0.00102565239649,0.579487860203,2.40512919426,4.43056342192e-06,1.57861195476e-05,0,0,4.47087622888e-05,0.0166674368083,0,0,0,0,0,5.20286005849e-05,704181.086842
6.89166666667,-0.00102565239649,0.579487860203,2.40512919426,4.43056342192e-06,1.57861195476e-05,0,0,4.47087622888e-05,0.0166674368083,0,0,0,0,0,5.20288287985e-05,704181.086842
6.90277777778,-0.00102565239649,0.579487860203,2.40512919426,4.43056342192e-06,1.57861195476e-05,0,0,4.47087622888e-05,0.0166674368083,0,0,0,0,0,5.2028250429e-05,704181.086842
6.91388888889,-0.00102565239649,0.579487860203,2.40512919426,4.43056342192e-06,1.57861195476e-05,0,0,4.47087622888e-05,0.0166674368083,0,0,0,0,0,5.2029181188e-05,704181.086842
6.925,-0.00102565239649,0.579487860203,2.40512919426,4.43056342192e-06,1.57861195476e-05,0,0,4.47087622888e-05,0.0166674368083,0,0,0,0,0,5.20292958781e-05,704181.086842
6.93611111111,-0.00102565239649,0.579487860203,2.40512919426,4.43056342192e-06,1.57861195476e-05,0,0,4.47087622888e-05,0.0166674368083,0,0,0,0,0,5.20292829146e-05,704181.086842
6.94722222222,-0.00102565239649,0.579487860203,2.40512919426,4.43056342192e-06,1.57861195476e-05,0,0,4.47087622888e-05,0.0166674368083,0,0,0,0,0,5.2029198131e-05,704181.086842
6.95833333333,-0.00102565239649,0.579487860203,2.40512919426,4.43056342192e-06,1.57861195476e-05,0,0,4.47087622888e-05,0.0166674368083,0,0,0,0,0,5.20295146444e-05,704181.086842
6.96944444444,-0.00102565239649,0.579487860203,2.40512919426,4.43056342192e-06,1.57861195476e-05,0,0,4.47087622888e-05,0.0166674368083,0,0,0,0,0,5.20291901211e-05,704181.086842
6.98055555556,-0.00102565239649,0.579487860203,2.40512919426,4.43056342192e-06,1.57861195476e-05,0,0,4.47087622888e-05,0.0166674368083,0,0,0,0,0,5.20293107708e-05,704181.086842
6.99166666667,-0.00102565239649,0.579487860203,2.40512919426,4.43056342192e-06,1.57861195476e-05,0,0,4.47087622888e-05,0.0166674368083,0,0,0,0,0,5.20298107279e-05,704181.086842
7.00277777778,-0.00102565239649,0.579487860203,2.40512919426,4.43056342192e-06,1.57861195476e-05,0,0,4.47087622888e-05,0.0166674368083,0,0,0,0,0,5.20291953469e-05,704181.086842
7.01388888889,-0.00102565239649,0.579487860203,2.40512919426,4.43056342192e-06,1.57861195476e-05,0,0,4.47087622888e-05,0.0166674368083,0,0,0,0,0,5.20294766793e-05,704181.086842
7.025,-0.00102565239649,0.579487860203,2.40512919426,4.43056342192e-06,1.57861195476e-05,0,0,4.47087622888e-05,0.0166674368083,0,0,0,0,0,5.20294829402e-05,704181.086842
7.03611111111,-0.00102565239649,0.579487860203,2.40512919426,4.43056342192e-06,1.57861195476e-05,0,0,4.47087622888e-05,0.0166674368083,0,0,0,0,0,5.20296057108e-05,704181.086842
7.04722222222,-0.00102565239649,0.579487860203,2.40512919426,4.43056342192e-06,1.57861195476e-05,0,0,4.47087622888e-05,0.0166674368083,0,0,0,0,0,5.20293669104e-05,704181.086842
7.05833333333,-0.00102565239649,0.579487860203,2.40512919426,4.43056342192e-06,1.57861195476e-05,0,0,4.47087622888e-05,0.0166674368083,0,0,0,0,0,5.20291697219e-05,704181.086842
7.06944444444,-0.00102565239649,0.579487860203,2.40512919426,4.43056342192e-06,1.57861195476e-05,0,0,4.47087622888e-05,0.0166674368083,0,0,0,0,0,5.20291166886e-05,704181.086842
7.08055555556,-0.00102565239649,0.579487860203,2.40512919426,4.43056342192e-06,1.57861195476e-05,0,0,4.47087622888e-05,0.0166674368083,0,0,0,0,0,5.20291722756e-05,704181.086842
7.09166666667,-0.00102565239649,0.579487860203,2.40512919426,4.43056342192e-06,1.57861195476e-05,0,0,4.47087622888e-05,0.0166674368083,0,0,0,0,0,5.20291825421e-05,704181.086842
7.10277777778,-0.00102565239649,0.579487860203,2.40512919426,4.43056342192e-06,1.57861195476e-05,0,0,4.47087622888e-05,0.0166674368083,0,0,0,0,0,5.20294173543e-05,704181.086842
7.11388888889,-0.00102565239649,0.579487860203,2.40512919426,4.43056342192e-06,1.57861195476e-05,0,0,4.47087622888e-05,0.0166674368083,0,0,0,0,0,5.2029456514e-05,704181.086842
7.125,-0.00102565239649,0.579487860203,2.40512919426,4.43056342192e-06,1.57861195476e-05,0,0,4.47087622888e-05,0.0166674368083,0,0,0,0,0,5.20294935416e-05,704181.086842
7.13611111111,-0.00102565239649,0.579487860203,2.40512919426,4.43056342192e-06,1.57861195476e-05,0,0,4.47087622888e-05,0.0166674368083,0,0,0,0,0,5.20292466254e-05,704181.086842
7.14722222222,-0.00102565239649,0.579487860203,2.40512919426,4.43056342192e-06,1.57861195476e-05,0,0,4.47087622888e-05,0.0166674368083,0,0,0,0,0,5.20296964657e-05,704181.086842
7.15833333333,-0.00102565239649,0.579487860203,2.40512919426,4.43056342192e-06,1.57861195476e-05,0,0,4.47087622888e-05,0.0166674368083,0,0,0,0,0,5.20296457232e-05,704181.086842
7.16944444444,-0.00102565239649,0.579487860203,2.40512919426,4.43056342192e-06,1.57861195476e-05,0,0,4.47087622888e-05,0.0166674368083,0,0,0,0,0,5.20283924274e-05,704181.086842
7.18055555556,-0.00102565239649,0.579487860203,2.40512919426,4.43056342192e-06,1.57861195476e-05,0,0,4.47087622888e-05,0.0166674368083,0,0,0,0,0,5.20294415051e-05,704181.086842
7.19166666667,-0.00102565239649,0.579487860203,2.40512919426,4.43056342192e-06,1.57861195476e-05,0,0,4.47087622888e-05,0.0166674368083,0,0,0,0,0,5.2029345948e-05,704181.086842
7.20277777778,-0.00102565239649,0.579487860203,2.40512919426,4.43056342192e-06,1.57861195476e-05,0,0,4.47087622888e-05,0.0166674368083,0,0,0,0,0,5.20282609551e-05,704181.086842
7.21388888889,-0.00102565239649,0.579487860203,2.40512919426,4.43056342192e-06,1.57861195476e-05,0,0,4.47087622888e-05,0.0166674368083,0,0,0,0,0,5.20281312092e-05,704181.086842
7.225,-0.00102565239649,0.579487860203,2.40512919426,4.43056342192e-06,1.57861195476e-05,0,0,4.47087622888e-05,0.0166674368083,0,0,0,0,0,5.20289828098e-05,704181.086842
7.23611111111,-0.00102565239649,0.579487860203,2.40512919426,4.43056342192e-06,1.57861195476e-05,0,0,4.47087622888e-05,0.0166674368083,0,0,0,0,0,5.20294691424e-05,704181.086842
7.24722222222,-0.00102565239649,0.579487860203,2.40512919426,4.43056342192e-06,1.57861195476e-05,0,0,4.47087622888e-05,0.0166674368083,0,0,0,0,0,5.20291056501e-05,704181.086842
7.25833333333,-0.00102565239649,0.579487860203,2.40512919426,4.43056342192e-06,1.57861195476e-05,0,0,4.47087622888e-05,0.0166674368083,0,0,0,0,0,5.20292602446e-05,704181.086842
7.26944444444,-0.00102565239649,0.579487860203,2.40512919426,4.43056342192e-06,1.57861195476e-05,0,0,4.47087622888e-05,0.0166674368083,0,0,0,0,0,5.20292532863e-05,704181.086842
7.28055555556,-0.00102565239649,0.579487860203,2.40512919426,4.43056342192e-06,1.57861195476e-05,0,0,4.47087622888e-05,0.0166674368083,0,0,0,0,0,5.20288353359e-05,704181.086842
7.29166666667,-0.00102565239649,0.579487860203,2.40512919426,4.43056342192e-06,1.57861195476e-05,0,0,4.47087622888e-05,0.0166674368083,0,0,0,0,0,5.20297624665e-05,704181.086842
7.30277777778,-0.00102565239649,0.579487860203,2.40512919426,4.43056342192e-06,1.57861195476e-05,0,0,4.47087622888e-05,0.0166674368083,0,0,0,0,0,5.2028893693e-05,704181.086842
7.31388888889,-0.00102565239649,0.579487860203,2.40512919426,4.43056342192e-06,1.57861195476e-05,0,0,4.47087622888e-05,0.0166674368083,0,0,0,0,0,5.20290539821e-05,704181.086842
7.325,-0.00102565239649,0.579487860203,2.40512919426,4.43056342192e-06,1.57861195476e-05,0,0,4.47087622888e-05,0.0166674368083,0,0,0,0,0,5.20279795019e-05,704181.086842
7.33611111111,-0.00102565239649,0.579487860203,2.40512919426,4.43056342192e-06,1.57861195476e-05,0,0,4.47087622888e-05,0.0166674368083,0,0,0,0,0,5.2028268377e-05,704181.086842
7.34722222222,-0.00102565239649,0.579487860203,2.40512919426,4.43056342192e-06,1.57861195476e-05,0,0,4.47087622888e-05,0.0166674368083,0,0,0,0,0,5.20279621867e-05,704181.086842
7.35833333333,-0.00102565239649,0.579487860203,2.40512919426,4.43056342192e-06,1.57861195476e-05,0,0,4.47087622888e-05,0.0166674368083,0,0,0,0,0,5.2028571456e-05,704181.086842
7.36944444444,-0.00102565239649,0.579487860203,2.40512919426,4.43056342192e-06,1.57861195476e-05,0,0,4.47087622888e-05,0.0166674368083,0,0,0,0,0,5.20283925968e-05,704181.086842
7.38055555556,-0.00102565239649,0.579487860203,2.40512919426,4.43056342192e-06,1.57861195476e-05,0,0,4.47087622888e-05,0.0166674368083,0,0,0,0,0,5.20287002133e-05,704181.086842
7.39166666667,-0.00102565239649,0.579487860203,2.40512919426,4.43056342192e-06,1.57861195476e-05,0,0,4.47087622888e-05,0.0166674368083,0,0,0,0,0,5.20282863145e-05,704181.086842
7.40277777778,-0.00102565239649,0.579487860203,2.40512919426,4.43056342192e-06,1.57861195476e-05,0,0,4.47087622888e-05,0.0166674368083,0,0,0,0,0,5.20282876271e-05,704181.086842
7.41388888889,-0.00102565239649,0.579487860203,2.40512919426,4.43056342192e-06,1.57861195476e-05,0,0,4.47087622888e-05,0.0166674368083,0,0,0,0,0,5.20295348303e-05,704181.086842
7.425,-0.00102565239649,0.579487860203,2.40512919426,4.43056342192e-06,1.57861195476e-05,0,0,4.47087622888e-05,0.0166674368083,0,0,0,0,0,5.20295393587e-05,704181.086842
7.43611111111,-0.00102565239649,0.579487860203,2.40512919426,4.43056342192e-06,1.57861195476e-05,0,0,4.47087622888e-05,0.0166674368083,0,0,0,0,0,5.20287613765e-05,704181.086842
7.44722222222,-0.00102565239649,0.579487860203,2.40512919426,4.43056342192e-06,1.57861195476e-05,0,0,4.47087622888e-05,0.0166674368083,0,0,0,0,0,5.20296045445e-05,704181.086842
7.45833333333,-0.00102565239649,0.579487860203,2.40512919426,4.43056342192e-06,1.57861195476e-05,0,0,4.47087622888e-05,0.0166674368083,0,0,0,0,0,5.20296418174e-05,704181.086842
7.46944444444,-0.00102565239649,0.579487860203,2.40512919426,4.43056342192e-06,1.57861195476e-05,0,0,4.47087622888e-05,0.0166674368083,0,0,0,0,0,5.20289098301e-05,704181.086842
7.48055555556,-0.00102565239649,0.579487860203,2.40512919426,4.43056342192e-06,1.57861195476e-05,0,0,4.47087622888e-05,0.0166674368083,0,0,0,0,0,5.20288931149e-05,704181.086842
7.49166666667,-0.00102565239649,0.579487860203,2.40512919426,4.43056342192e-06,1.57861195476e-05,0,0,4.47087622888e-05,0.0166674368083,0,0,0,0,0,5.20291861243e-05,704181.086842
7.50277777778,-0.00102565239649,0.579487860203,2.40512919426,4.43056342192e-06,1.57861195476e-05,0,0,4.47087622888e-05,0.0166674368083,0,0,0,0,0,5.20301944646e-05,704181.086842
7.51388888889,-0.00102565239649,0.579487860203,2.40512919426,4.43056342192e-06,1.57861195476e-05,0,0,4.47087622888e-05,0.0166674368083,0,0,0,0,0,5.20297133112e-05,704181.086842
7.525,-0.00102565239649,0.579487860203,2.40512919426,4.43056342192e-06,1.57861195476e-05,0,0,4.47087622888e-05,0.0166674368083,0,0,0,0,0,5.20300584997e-05,704181.086842
7.53611111111,-0.00102565239649,0.579487860203,2.40512919426,4.43056342192e-06,1.57861195476e-05,0,0,4.47087622888e-05,0.0166674368083,0,0,0,0,0,5.20300423602e-05,704181.086842
7.54722222222,-0.00102565239649,0.579487860203,2.40512919426,4.43056342192e-06,1.57861195476e-05,0,0,4.47087622888e-05,0.0166674368083,0,0,0,0,0,5.20300618415e-05,704181.086842
7.55833333333,-0.00102565239649,0.579487860203,2.40512919426,4.43056342192e-06,1.57861195476e-05,0,0,4.47087622888e-05,0.0166674368083,0,0,0,0,0,5.20288052874e-05,704181.086842
7.56944444444,-0.00102565239649,0.579487860203,2.40512919426,4.43056342192e-06,1.57861195476e-05,0,0,4.47087622888e-05,0.0166674368083,0,0,0,0,0,5.20289022543e-05,704181.086842
7.58055555556,-0.00102565239649,0.579487860203,2.40512919426,4.43056342192e-06,1.57861195476e-05,0,0,4.47087622888e-05,0.0166674368083,0,0,0,0,0,5.20290082432e-05,704181.086842
7.59166666667,-0.00102565239649,0.579487860203,2.40512919426,4.43056342192e-06,1.57861195476e-05,0,0,4.47087622888e-05,0.0166674368083,0,0,0,0,0,5.2029057921e-05,704181.086842
7.60277777778,-0.00102565239649,0.579487860203,2.40512919426,4.43056342192e-06,1.57861195476e-05,0,0,4.47087622888e-05,0.0166674368083,0,0,0,0,0,5.20287579301e-05,704181.086842
7.61388888889,-0.00102565239649,0.579487860203,2.40512919426,4.43056342192e-06,1.57861195476e-05,0,0,4.47087622888e-05,0.0166674368083,0,0,0,0,0,5.20295058184e-05,704181.086842
7.625,-0.00102565239649,0.579487860203,2.40512919426,4.43056342192e-06,1.57861195476e-05,0,0,4.47087622888e-05,0.0166674368083,0,0,0,0,0,5.20285690541e-05,704181.086842
7.63611111111,-0.00102565239649,0.579487860203,2.40512919426,4.43056342192e-06,1.57861195476e-05,0,0,4.47087622888e-05,0.0166674368083,0,0,0,0,0,5.2029224171e-05,704181.086842
7.64722222222,-0.00102565239649,0.579487860203,2.40512919426,4.43056342192e-06,1.57861195476e-05,0,0,4.47087622888e-05,0.0166674368083,0,0,0,0,0,5.20292241573e-05,704181.086842
7.65833333333,-0.00102565239649,0.579487860203,2.40512919426,4.43056342192e-06,1.57861195476e-05,0,0,4.47087622888e-05,0.0166674368083,0,0,0,0,0,5.20292507534e-05,704181.086842
7.66944444444,-0.00102565239649,0.579487860203,2.40512919426,4.43056342192e-06,1.57861195476e-05,0,0,4.47087622888e-05,0.0166674368083,0,0,0,0,0,5.20296683896e-05,704181.086842
7.68055555556,-0.00102565239649,0.579487860203,2.40512919426,4.43056342192e-06,1.57861195476e-05,0,0,4.47087622888e-05,0.0166674368083,0,0,0,0,0,5.20299361054e-05,704181.086842
7.69166666667,-0.00102565239649,0.579487860203,2.40512919426,4.43056342192e-06,1.57861195476e-05,0,0,4.47087622888e-05,0.0166674368083,0,0,0,0,0,5.20300382774e-05,704181.086842
7.70277777778,-0.00102565239649,0.579487860203,2.40512919426,4.43056342192e-06,1.57861195476e-05,0,0,4.47087622888e-05,0.0166674368083,0,0,0,0,0,5.20299057937e-05,704181.086842
7.71388888889,-0.00102565239649,0.579487860203,2.40512919426,4.43056342192e-06,1.57861195476e-05,0,0,4.47087622888e-05,0.0166674368083,0,0,0,0,0,5.20299276399e-05,704181.086842
7.725,-0.00102565239649,0.579487860203,2.40512919426,4.43056342192e-06,1.57861195476e-05,0,0,4.47087622888e-05,0.0166674368083,0,0,0,0,0,5.20299117011e-05,704181.086842
7.73611111111,-0.00102565239649,0.579487860203,2.40512919426,4.43056342192e-06,1.57861195476e-05,0,0,4.47087622888e-05,0.0166674368083,0,0,0,0,0,5.2029928834e-05,704181.086842
7.74722222222,-0.00102565239649,0.579487860203,2.40512919426,4.43056342192e-06,1.57861195476e-05,0,0,4.47087622888e-05,0.0166674368083,0,0,0,0,0,5.203002856e-05,704181.086842
7.75833333333,-0.00102565239649,0.579487860203,2.40512919426,4.43056342192e-06,1.57861195476e-05,0,0,4.47087622888e-05,0.0166674368083,0,0,0,0,0,5.20298944449e-05,704181.086842
7.76944444444,-0.00102565239649,0.579487860203,2.40512919426,4.43056342192e-06,1.57861195476e-05,0,0,4.47087622888e-05,0.0166674368083,0,0,0,0,0,5.20300615595e-05,704181.086842
7.78055555556,-0.00102565239649,0.579487860203,2.40512919426,4.43056342192e-06,1.57861195476e-05,0,0,4.47087622888e-05,0.0166674368083,0,0,0,0,0,5.20300714408e-05,704181.086842
7.79166666667,-0.00102565239649,0.579487860203,2.40512919426,4.43056342192e-06,1.57861195476e-05,0,0,4.47087622888e-05,0.0166674368083,0,0,0,0,0,5.2030071543e-05,704181.086842
7.80277777778,-0.00102565239649,0.579487860203,2.40512919426,4.43056342192e-06,1.57861195476e-05,0,0,4.47087622888e-05,0.0166674368083,0,0,0,0,0,5.20300740354e-05,704181.086842
7.81388888889,-0.00102565239649,0.579487860203,2.40512919426,4.43056342192e-06,1.57861195476e-05,0,0,4.47087622888e-05,0.0166674368083,0,0,0,0,0,5.20300337847e-05,704181.086842
7.825,-0.00102565239649,0.579487860203,2.40512919426,4.43056342192e-06,1.57861195476e-05,0,0,4.47087622888e-05,0.0166674368083,0,0,0,0,0,5.20300683626e-05,704181.086842
7.83611111111,-0.00102565239649,0.579487860203,2.40512919426,4.43056342192e-06,1.57861195476e-05,0,0,4.47087622888e-05,0.0166674368083,0,0,0,0,0,5.20300317922e-05,704181.086842
7.84722222222,-0.00102565239649,0.579487860203,2.40512919426,4.43056342192e-06,1.57861195476e-05,0,0,4.47087622888e-05,0.0166674368083,0,0,0,0,0,5.20300550243e-05,704181.086842
7.85833333333,-0.00102565239649,0.579487860203,2.40512919426,4.43056342192e-06,1.57861195476e-05,0,0,4.47087622888e-05,0.0166674368083,0,0,0,0,0,5.20300378612e-05,704181.086842
7.86944444444,-0.00102565239649,0.579487860203,2.40512919426,4.43056342192e-06,1.57861195476e-05,0,0,4.47087622888e-05,0.0166674368083,0,0,0,0,0,5.20300721646e-05,704181.086842
7.88055555556,-0.00102565239649,0.579487860203,2.40512919426,4.43056342192e-06,1.57861195476e-05,0,0,4.47087622888e-05,0.0166674368083,0,0,0,0,0,5.20300582631e-05,704181.086842
7.89166666667,-0.00102565239649,0.579487860203,2.40512919426,4.43056342192e-06,1.57861195476e-05,0,0,4.47087622888e-05,0.0166674368083,0,0,0,0,0,5.20300334172e-05,704181.086842
7.90277777778,-0.00102565239649,0.579487860203,2.40512919426,4.43056342192e-06,1.57861195476e-05,0,0,4.47087622888e-05,0.0166674368083,0,0,0,0,0,5.20299094229e-05,704181.086842
7.91388888889,-0.00102565239649,0.579487860203,2.40512919426,4.43056342192e-06,1.57861195476e-05,0,0,4.47087622888e-05,0.0166674368083,0,0,0,0,0,5.20299100552e-05,704181.086842
7.925,-0.00102565239649,0.579487860203,2.40512919426,4.43056342192e-06,1.57861195476e-05,0,0,4.47087622888e-05,0.0166674368083,0,0,0,0,0,5.20281993286e-05,704181.086842
7.93611111111,-0.00102565239649,0.579487860203,2.40512919426,4.43056342192e-06,1.57861195476e-05,0,0,4.47087622888e-05,0.0166674368083,0,0,0,0,0,5.20299088615e-05,704181.086842
7.94722222222,-0.00102565239649,0.579487860203,2.40512919426,4.43056342192e-06,1.57861195476e-05,0,0,4.47087622888e-05,0.0166674368083,0,0,0,0,0,5.20299153165e-05,704181.086842
7.95833333333,-0.00102565239649,0.579487860203,2.40512919426,4.43056342192e-06,1.57861195476e-05,0,0,4.47087622888e-05,0.0166674368083,0,0,0,0,0,5.20298932416e-05,704181.086842
7.96944444444,-0.00102565239649,0.579487860203,2.40512919426,4.43056342192e-06,1.57861195476e-05,0,0,4.47087622888e-05,0.0166674368083,0,0,0,0,0,5.20297880838e-05,704181.086842
7.98055555556,-0.00102565239649,0.579487860203,2.40512919426,4.43056342192e-06,1.57861195476e-05,0,0,4.47087622888e-05,0.0166674368083,0,0,0,0,0,5.2029900449e-05,704181.086842
7.99166666667,-0.00102565239649,0.579487860203,2.40512919426,4.43056342192e-06,1.57861195476e-05,0,0,4.47087622888e-05,0.0166674368083,0,0,0,0,0,5.20284956328e-05,704181.086842
8.00277777778,-0.00102565239649,0.579487860203,2.40512919426,4.43056342192e-06,1.57861195476e-05,0,0,4.47087622888e-05,0.0166674368083,0,0,0,0,0,5.20293140982e-05,704181.086842
8.01388888889,-0.00102565239649,0.579487860203,2.40512919426,4.43056342192e-06,1.57861195476e-05,0,0,4.47087622888e-05,0.0166674368083,0,0,0,0,0,5.2029735834e-05,704181.086842
8.025,-0.00102565239649,0.579487860203,2.40512919426,4.43056342192e-06,1.57861195476e-05,0,0,4.47087622888e-05,0.0166674368083,0,0,0,0,0,5.20287357741e-05,704181.086842
8.03611111111,-0.00102565239649,0.579487860203,2.40512919426,4.43056342192e-06,1.57861195476e-05,0,0,4.47087622888e-05,0.0166674368083,0,0,0,0,0,5.20295359813e-05,704181.086842
8.04722222222,-0.00102565239649,0.579487860203,2.40512919426,4.43056342192e-06,1.57861195476e-05,0,0,4.47087622888e-05,0.0166674368083,0,0,0,0,0,5.20290499191e-05,704181.086842
8.05833333333,-0.00102565239649,0.579487860203,2.40512919426,4.43056342192e-06,1.57861195476e-05,0,0,4.47087622888e-05,0.0166674368083,0,0,0,0,0,5.2029990279e-05,704181.086842
8.06944444444,-0.00102565239649,0.579487860203,2.40512919426,4.43056342192e-06,1.57861195476e-05,0,0,4.47087622888e-05,0.0166674368083,0,0,0,0,0,5.20286057949e-05,704181.086842
8.08055555556,-0.00102565239649,0.579487860203,2.40512919426,4.43056342192e-06,1.57861195476e-05,0,0,4.47087622888e-05,0.0166674368083,0,0,0,0,0,5.20286986651e-05,704181.086842
8.09166666667,-0.00102565239649,0.579487860203,2.40512919426,4.43056342192e-06,1.57861195476e-05,0,0,4.47087622888e-05,0.0166674368083,0,0,0,0,0,5.20287303136e-05,704181.086842
8.10277777778,-0.00102565239649,0.579487860203,2.40512919426,4.43056342192e-06,1.57861195476e-05,0,0,4.47087622888e-05,0.0166674368083,0,0,0,0,0,5.20288195662e-05,704181.086842
8.11388888889,-0.00102565239649,0.579487860203,2.40512919426,4.43056342192e-06,1.57861195476e-05,0,0,4.47087622888e-05,0.0166674368083,0,0,0,0,0,5.20290907736e-05,704181.086842
8.125,-0.00102565239649,0.579487860203,2.40512919426,4.43056342192e-06,1.57861195476e-05,0,0,4.47087622888e-05,0.0166674368083,0,0,0,0,0,5.20290455436e-05,704181.086842
8.13611111111,-0.00102565239649,0.579487860203,2.40512919426,4.43056342192e-06,1.57861195476e-05,0,0,4.47087622888e-05,0.0166674368083,0,0,0,0,0,5.20289690297e-05,704181.086842
8.14722222222,-0.00102565239649,0.579487860203,2.40512919426,4.43056342192e-06,1.57861195476e-05,0,0,4.47087622888e-05,0.0166674368083,0,0,0,0,0,5.20291033148e-05,704181.086842
8.15833333333,-0.00102565239649,0.579487860203,2.40512919426,4.43056342192e-06,1.57861195476e-05,0,0,4.47087622888e-05,0.0166674368083,0,0,0,0,0,5.20291184223e-05,704181.086842
8.16944444444,-0.00102565239649,0.579487860203,2.40512919426,4.43056342192e-06,1.57861195476e-05,0,0,4.47087622888e-05,0.0166674368083,0,0,0,0,0,5.20289871919e-05,704181.086842
8.18055555556,-0.00102565239649,0.579487860203,2.40512919426,4.43056342192e-06,1.57861195476e-05,0,0,4.47087622888e-05,0.0166674368083,0,0,0,0,0,5.20292300784e-05,704181.086842
8.19166666667,-0.00102565239649,0.579487860203,2.40512919426,4.43056342192e-06,1.57861195476e-05,0,0,4.47087622888e-05,0.0166674368083,0,0,0,0,0,5.20294368178e-05,704181.086842
8.20277777778,-0.00102565239649,0.579487860203,2.40512919426,4.43056342192e-06,1.57861195476e-05,0,0,4.47087622888e-05,0.0166674368083,0,0,0,0,0,5.20291870777e-05,704181.086842
8.21388888889,-0.00102565239649,0.579487860203,2.40512919426,4.43056342192e-06,1.57861195476e-05,0,0,4.47087622888e-05,0.0166674368083,0,0,0,0,0,5.20283699939e-05,704181.086842
8.225,-0.00102565239649,0.579487860203,2.40512919426,4.43056342192e-06,1.57861195476e-05,0,0,4.47087622888e-05,0.0166674368083,0,0,0,0,0,5.20289046135e-05,704181.086842
8.23611111111,-0.00102565239649,0.579487860203,2.40512919426,4.43056342192e-06,1.57861195476e-05,0,0,4.47087622888e-05,0.0166674368083,0,0,0,0,0,5.20280523857e-05,704181.086842
8.24722222222,-0.00102565239649,0.579487860203,2.40512919426,4.43056342192e-06,1.57861195476e-05,0,0,4.47087622888e-05,0.0166674368083,0,0,0,0,0,5.2028131597e-05,704181.086842
8.25833333333,-0.00102565239649,0.579487860203,2.40512919426,4.43056342192e-06,1.57861195476e-05,0,0,4.47087622888e-05,0.0166674368083,0,0,0,0,0,5.2028256161e-05,704181.086842
8.26944444444,-0.00102565239649,0.579487860203,2.40512919426,4.43056342192e-06,1.57861195476e-05,0,0,4.47087622888e-05,0.0166674368083,0,0,0,0,0,5.20282918784e-05,704181.086842
8.28055555556,-0.00102565239649,0.579487860203,2.40512919426,4.43056342192e-06,1.57861195476e-05,0,0,4.47087622888e-05,0.0166674368083,0,0,0,0,0,5.20291862662e-05,704181.086842
8.29166666667,-0.00102565239649,0.579487860203,2.40512919426,4.43056342192e-06,1.57861195476e-05,0,0,4.47087622888e-05,0.0166674368083,0,0,0,0,0,5.20289565686e-05,704181.086842
8.30277777778,-0.00102565239649,0.579487860203,2.40512919426,4.43056342192e-06,1.57861195476e-05,0,0,4.47087622888e-05,0.0166674368083,0,0,0,0,0,5.20281638065e-05,704181.086842
8.31388888889,-0.00102565239649,0.579487860203,2.40512919426,4.43056342192e-06,1.57861195476e-05,0,0,4.47087622888e-05,0.0166674368083,0,0,0,0,0,5.2028406315e-05,704181.086842
8.325,-0.00102565239649,0.579487860203,2.40512919426,4.43056342192e-06,1.57861195476e-05,0,0,4.47087622888e-05,0.0166674368083,0,0,0,0,0,5.20292652292e-05,704181.086842
8.33611111111,-0.00102565239649,0.579487860203,2.40512919426,4.43056342192e-06,1.57861195476e-05,0,0,4.47087622888e-05,0.0166674368083,0,0,0,0,0,5.20292430914e-05,704181.086842
8.34722222222,-0.00102565239649,0.579487860203,2.40512919426,4.43056342192e-06,1.57861195476e-05,0,0,4.47087622888e-05,0.0166674368083,0,0,0,0,0,5.20292487452e-05,704181.086842
8.35833333333,-0.00102565239649,0.579487860203,2.40512919426,4.43056342192e-06,1.57861195476e-05,0,0,4.47087622888e-05,0.0166674368083,0,0,0,0,0,5.20291848356e-05,704181.086842
8.36944444444,-0.00102565239649,0.579487860203,2.40512919426,4.43056342192e-06,1.57861195476e-05,0,0,4.47087622888e-05,0.0166674368083,0,0,0,0,0,5.20293785565e-05,704181.086842
8.38055555556,-0.00102565239649,0.579487860203,2.40512919426,4.43056342192e-06,1.57861195476e-05,0,0,4.47087622888e-05,0.0166674368083,0,0,0,0,0,5.20294865579e-05,704181.086842
8.39166666667,-0.00102565239649,0.579487860203,2.40512919426,4.43056342192e-06,1.57861195476e-05,0,0,4.47087622888e-05,0.0166674368083,0,0,0,0,0,5.20292671595e-05,704181.086842
8.40277777778,-0.00102565239649,0.579487860203,2.40512919426,4.43056342192e-06,1.57861195476e-05,0,0,4.47087622888e-05,0.0166674368083,0,0,0,0,0,5.20293863153e-05,704181.086842
8.41388888889,-0.00102565239649,0.579487860203,2.40512919426,4.43056342192e-06,1.57861195476e-05,0,0,4.47087622888e-05,0.0166674368083,0,0,0,0,0,5.20282969255e-05,704181.086842
8.425,-0.00102565239649,0.579487860203,2.40512919426,4.43056342192e-06,1.57861195476e-05,0,0,4.47087622888e-05,0.0166674368083,0,0,0,0,0,5.20300725385e-05,704181.086842
8.43611111111,-0.00102565239649,0.579487860203,2.40512919426,4.43056342192e-06,1.57861195476e-05,0,0,4.47087622888e-05,0.0166674368083,0,0,0,0,0,5.20294231598e-05,704181.086842
8.44722222222,-0.00102565239649,0.579487860203,2.40512919426,4.43056342192e-06,1.57861195476e-05,0,0,4.47087622888e-05,0.0166674368083,0,0,0,0,0,5.20280942019e-05,704181.086842
8.45833333333,-0.00102565239649,0.579487860203,2.40512919426,4.43056342192e-06,1.57861195476e-05,0,0,4.47087622888e-05,0.0166674368083,0,0,0,0,0,5.20296562811e-05,704181.086842
8.46944444444,-0.00102565239649,0.579487860203,2.40512919426,4.43056342192e-06,1.57861195476e-05,0,0,4.47087622888e-05,0.0166674368083,0,0,0,0,0,5.20286032094e-05,704181.086842
8.48055555556,-0.00102565239649,0.579487860203,2.40512919426,4.43056342192e-06,1.57861195476e-05,0,0,4.47087622888e-05,0.0166674368083,0,0,0,0,0,5.20299166731e-05,704181.086842
8.49166666667,-0.00102565239649,0.579487860203,2.40512919426,4.43056342192e-06,1.57861195476e-05,0,0,4.47087622888e-05,0.0166674368083,0,0,0,0,0,5.20284803407e-05,704181.086842
8.50277777778,-0.00102565239649,0.579487860203,2.40512919426,4.43056342192e-06,1.57861195476e-05,0,0,4.47087622888e-05,0.0166674368083,0,0,0,0,0,5.20293454351e-05,704181.086842
8.51388888889,-0.00102565239649,0.579487860203,2.40512919426,4.43056342192e-06,1.57861195476e-05,0,0,4.47087622888e-05,0.0166674368083,0,0,0,0,0,5.20282673589e-05,704181.086842
8.525,-0.00102565239649,0.579487860203,2.40512919426,4.43056342192e-06,1.57861195476e-05,0,0,4.47087622888e-05,0.0166674368083,0,0,0,0,0,5.20282946285e-05,704181.086842
8.53611111111,-0.00102565239649,0.579487860203,2.40512919426,4.43056342192e-06,1.57861195476e-05,0,0,4.47087622888e-05,0.0166674368083,0,0,0,0,0,5.20293842123e-05,704181.086842
8.54722222222,-0.00102565239649,0.579487860203,2.40512919426,4.43056342192e-06,1.57861195476e-05,0,0,4.47087622888e-05,0.0166674368083,0,0,0,0,0,5.20293602885e-05,704181.086842
8.55833333333,-0.00102565239649,0.579487860203,2.40512919426,4.43056342192e-06,1.57861195476e-05,0,0,4.47087622888e-05,0.0166674368083,0,0,0,0,0,5.20293748017e-05,704181.086842
8.56944444444,-0.00102565239649,0.579487860203,2.40512919426,4.43056342192e-06,1.57861195476e-05,0,0,4.47087622888e-05,0.0166674368083,0,0,0,0,0,5.20298009615e-05,704181.086842
8.58055555556,-0.00102565239649,0.579487860203,2.40512919426,4.43056342192e-06,1.57861195476e-05,0,0,4.47087622888e-05,0.0166674368083,0,0,0,0,0,5.20283452953e-05,704181.086842
8.59166666667,-0.00102565239649,0.579487860203,2.40512919426,4.43056342192e-06,1.57861195476e-05,0,0,4.47087622888e-05,0.0166674368083,0,0,0,0,0,5.202900955e-05,704181.086842
8.60277777778,-0.00102565239649,0.579487860203,2.40512919426,4.43056342192e-06,1.57861195476e-05,0,0,4.47087622888e-05,0.0166674368083,0,0,0,0,0,5.20293708406e-05,704181.086842
8.61388888889,-0.00102565239649,0.579487860203,2.40512919426,4.43056342192e-06,1.57861195476e-05,0,0,4.47087622888e-05,0.0166674368083,0,0,0,0,0,5.2029383494e-05,704181.086842
8.625,-0.00102565239649,0.579487860203,2.40512919426,4.43056342192e-06,1.57861195476e-05,0,0,4.47087622888e-05,0.0166674368083,0,0,0,0,0,5.20293842868e-05,704181.086842
8.63611111111,-0.00102565239649,0.579487860203,2.40512919426,4.43056342192e-06,1.57861195476e-05,0,0,4.47087622888e-05,0.0166674368083,0,0,0,0,0,5.2029299078e-05,704181.086842
8.64722222222,-0.00102565239649,0.579487860203,2.40512919426,4.43056342192e-06,1.57861195476e-05,0,0,4.47087622888e-05,0.0166674368083,0,0,0,0,0,5.20292772118e-05,704181.086842
8.65833333333,-0.00102565239649,0.579487860203,2.40512919426,4.43056342192e-06,1.57861195476e-05,0,0,4.47087622888e-05,0.0166674368083,0,0,0,0,0,5.20295334029e-05,704181.086842
8.66944444444,-0.00102565239649,0.579487860203,2.40512919426,4.43056342192e-06,1.57861195476e-05,0,0,4.47087622888e-05,0.0166674368083,0,0,0,0,0,5.20285214664e-05,704181.086842
8.68055555556,-0.00102565239649,0.579487860203,2.40512919426,4.43056342192e-06,1.57861195476e-05,0,0,4.47087622888e-05,0.0166674368083,0,0,0,0,0,5.20296580184e-05,704181.086842
8.69166666667,-0.00102565239649,0.579487860203,2.40512919426,4.43056342192e-06,1.57861195476e-05,0,0,4.47087622888e-05,0.0166674368083,0,0,0,0,0,5.20289856458e-05,704181.086842
8.70277777778,-0.00102565239649,0.579487860203,2.40512919426,4.43056342192e-06,1.57861195476e-05,0,0,4.47087622888e-05,0.0166674368083,0,0,0,0,0,5.20286807591e-05,704181.086842
8.71388888889,-0.00102565239649,0.579487860203,2.40512919426,4.43056342192e-06,1.57861195476e-05,0,0,4.47087622888e-05,0.0166674368083,0,0,0,0,0,5.20295056234e-05,704181.086842
8.725,-0.00102565239649,0.579487860203,2.40512919426,4.43056342192e-06,1.57861195476e-05,0,0,4.47087622888e-05,0.0166674368083,0,0,0,0,0,5.20297785306e-05,704181.086842
8.73611111111,-0.00102565239649,0.579487860203,2.40512919426,4.43056342192e-06,1.57861195476e-05,0,0,4.47087622888e-05,0.0166674368083,0,0,0,0,0,5.20292713021e-05,704181.086842
8.74722222222,-0.00102565239649,0.579487860203,2.40512919426,4.43056342192e-06,1.57861195476e-05,0,0,4.47087622888e-05,0.0166674368083,0,0,0,0,0,5.20286835235e-05,704181.086842
8.75833333333,-0.00102565239649,0.579487860203,2.40512919426,4.43056342192e-06,1.57861195476e-05,0,0,4.47087622888e-05,0.0166674368083,0,0,0,0,0,5.20288508048e-05,704181.086842
8.76944444444,-0.00102565239649,0.579487860203,2.40512919426,4.43056342192e-06,1.57861195476e-05,0,0,4.47087622888e-05,0.0166674368083,0,0,0,0,0,5.20293143319e-05,704181.086842
8.78055555556,-0.00102565239649,0.579487860203,2.40512919426,4.43056342192e-06,1.57861195476e-05,0,0,4.47087622888e-05,0.0166674368083,0,0,0,0,0,5.20291849587e-05,704181.086842
8.79166666667,-0.00102565239649,0.579487860203,2.40512919426,4.43056342192e-06,1.57861195476e-05,0,0,4.47087622888e-05,0.0166674368083,0,0,0,0,0,5.20292664355e-05,704181.086842
8.80277777778,-0.00102565239649,0.579487860203,2.40512919426,4.43056342192e-06,1.57861195476e-05,0,0,4.47087622888e-05,0.0166674368083,0,0,0,0,0,5.20281101494e-05,704181.086842
8.81388888889,-0.00102565239649,0.579487860203,2.40512919426,4.43056342192e-06,1.57861195476e-05,0,0,4.47087622888e-05,0.0166674368083,0,0,0,0,0,5.2029658348e-05,704181.086842
8.825,-0.00102565239649,0.579487860203,2.40512919426,4.43056342192e-06,1.57861195476e-05,0,0,4.47087622888e-05,0.0166674368083,0,0,0,0,0,5.20295130781e-05,704181.086842
8.83611111111,-0.00102565239649,0.579487860203,2.40512919426,4.43056342192e-06,1.57861195476e-05,0,0,4.47087622888e-05,0.0166674368083,0,0,0,0,0,5.2028509311e-05,704181.086842
8.84722222222,-0.00102565239649,0.579487860203,2.40512919426,4.43056342192e-06,1.57861195476e-05,0,0,4.47087622888e-05,0.0166674368083,0,0,0,0,0,5.20295013575e-05,704181.086842
8.85833333333,-0.00102565239649,0.579487860203,2.40512919426,4.43056342192e-06,1.57861195476e-05,0,0,4.47087622888e-05,0.0166674368083,0,0,0,0,0,5.20294948166e-05,704181.086842
8.86944444444,-0.00102565239649,0.579487860203,2.40512919426,4.43056342192e-06,1.57861195476e-05,0,0,4.47087622888e-05,0.0166674368083,0,0,0,0,0,5.20295039226e-05,704181.086842
8.88055555556,-0.00102565239649,0.579487860203,2.40512919426,4.43056342192e-06,1.57861195476e-05,0,0,4.47087622888e-05,0.0166674368083,0,0,0,0,0,5.2029949071e-05,704181.086842
8.89166666667,-0.00102565239649,0.579487860203,2.40512919426,4.43056342192e-06,1.57861195476e-05,0,0,4.47087622888e-05,0.0166674368083,0,0,0,0,0,5.20292443695e-05,704181.086842
8.90277777778,-0.00102565239649,0.579487860203,2.40512919426,4.43056342192e-06,1.57861195476e-05,0,0,4.47087622888e-05,0.0166674368083,0,0,0,0,0,5.20279892151e-05,704181.086842
8.91388888889,-0.00102565239649,0.579487860203,2.40512919426,4.43056342192e-06,1.57861195476e-05,0,0,4.47087622888e-05,0.0166674368083,0,0,0,0,0,5.202971111e-05,704181.086842
8.925,-0.00102565239649,0.579487860203,2.40512919426,4.43056342192e-06,1.57861195476e-05,0,0,4.47087622888e-05,0.0166674368083,0,0,0,0,0,5.20289656979e-05,704181.086842
8.93611111111,-0.00102565239649,0.579487860203,2.40512919426,4.43056342192e-06,1.57861195476e-05,0,0,4.47087622888e-05,0.0166674368083,0,0,0,0,0,5.20295084075e-05,704181.086842
8.94722222222,-0.00102565239649,0.579487860203,2.40512919426,4.43056342192e-06,1.57861195476e-05,0,0,4.47087622888e-05,0.0166674368083,0,0,0,0,0,5.20289416472e-05,704181.086842
8.95833333333,-0.00102565239649,0.579487860203,2.40512919426,4.43056342192e-06,1.57861195476e-05,0,0,4.47087622888e-05,0.0166674368083,0,0,0,0,0,5.20285381272e-05,704181.086842
8.96944444444,-0.00102565239649,0.579487860203,2.40512919426,4.43056342192e-06,1.57861195476e-05,0,0,4.47087622888e-05,0.0166674368083,0,0,0,0,0,5.20293563885e-05,704181.086842
8.98055555556,-0.00102565239649,0.579487860203,2.40512919426,4.43056342192e-06,1.57861195476e-05,0,0,4.47087622888e-05,0.0166674368083,0,0,0,0,0,5.20283358858e-05,704181.086842
8.99166666667,-0.00102565239649,0.579487860203,2.40512919426,4.43056342192e-06,1.57861195476e-05,0,0,4.47087622888e-05,0.0166674368083,0,0,0,0,0,5.20295780313e-05,704181.086842
9.00277777778,-0.00102565239649,0.579487860203,2.40512919426,4.43056342192e-06,1.57861195476e-05,0,0,4.47087622888e-05,0.0166674368083,0,0,0,0,0,5.2028020135e-05,704181.086842
9.01388888889,-0.00102565239649,0.579487860203,2.40512919426,4.43056342192e-06,1.57861195476e-05,0,0,4.47087622888e-05,0.0166674368083,0,0,0,0,0,5.20285153081e-05,704181.086842
9.025,-0.00102565239649,0.579487860203,2.40512919426,4.43056342192e-06,1.57861195476e-05,0,0,4.47087622888e-05,0.0166674368083,0,0,0,0,0,5.20286762528e-05,704181.086842
9.03611111111,-0.00102565239649,0.579487860203,2.40512919426,4.43056342192e-06,1.57861195476e-05,0,0,4.47087622888e-05,0.0166674368083,0,0,0,0,0,5.20292851996e-05,704181.086842
9.04722222222,-0.00102565239649,0.579487860203,2.40512919426,4.43056342192e-06,1.57861195476e-05,0,0,4.47087622888e-05,0.0166674368083,0,0,0,0,0,5.20294559258e-05,704181.086842
9.05833333333,-0.00102565239649,0.579487860203,2.40512919426,4.43056342192e-06,1.57861195476e-05,0,0,4.47087622888e-05,0.0166674368083,0,0,0,0,0,5.20294366128e-05,704181.086842
9.06944444444,-0.00102565239649,0.579487860203,2.40512919426,4.43056342192e-06,1.57861195476e-05,0,0,4.47087622888e-05,0.0166674368083,0,0,0,0,0,5.20296257597e-05,704181.086842
9.08055555556,-0.00102565239649,0.579487860203,2.40512919426,4.43056342192e-06,1.57861195476e-05,0,0,4.47087622888e-05,0.0166674368083,0,0,0,0,0,5.20287866395e-05,704181.086842
9.09166666667,-0.00102565239649,0.579487860203,2.40512919426,4.43056342192e-06,1.57861195476e-05,0,0,4.47087622888e-05,0.0166674368083,0,0,0,0,0,5.20294967139e-05,704181.086842
9.10277777778,-0.00102565239649,0.579487860203,2.40512919426,4.43056342192e-06,1.57861195476e-05,0,0,4.47087622888e-05,0.0166674368083,0,0,0,0,0,5.20294944523e-05,704181.086842
9.11388888889,-0.00102565239649,0.579487860203,2.40512919426,4.43056342192e-06,1.57861195476e-05,0,0,4.47087622888e-05,0.0166674368083,0,0,0,0,0,5.20295056088e-05,704181.086842
9.125,-0.00102565239649,0.579487860203,2.40512919426,4.43056342192e-06,1.57861195476e-05,0,0,4.47087622888e-05,0.0166674368083,0,0,0,0,0,5.2029525451e-05,704181.086842
9.13611111111,-0.00102565239649,0.579487860203,2.40512919426,4.43056342192e-06,1.57861195476e-05,0,0,4.47087622888e-05,0.0166674368083,0,0,0,0,0,5.20295309852e-05,704181.086842
9.14722222222,-0.00102565239649,0.579487860203,2.40512919426,4.43056342192e-06,1.57861195476e-05,0,0,4.47087622888e-05,0.0166674368083,0,0,0,0,0,5.20294688877e-05,704181.086842
9.15833333333,-0.00102565239649,0.579487860203,2.40512919426,4.43056342192e-06,1.57861195476e-05,0,0,4.47087622888e-05,0.0166674368083,0,0,0,0,0,5.20294162986e-05,704181.086842
9.16944444444,-0.00102565239649,0.579487860203,2.40512919426,4.43056342192e-06,1.57861195476e-05,0,0,4.47087622888e-05,0.0166674368083,0,0,0,0,0,5.20292623561e-05,704181.086842
9.18055555556,-0.00102565239649,0.579487860203,2.40512919426,4.43056342192e-06,1.57861195476e-05,0,0,4.47087622888e-05,0.0166674368083,0,0,0,0,0,5.20296456294e-05,704181.086842
9.19166666667,-0.00102565239649,0.579487860203,2.40512919426,4.43056342192e-06,1.57861195476e-05,0,0,4.47087622888e-05,0.0166674368083,0,0,0,0,0,5.20291213543e-05,704181.086842
9.20277777778,-0.00102565239649,0.579487860203,2.40512919426,4.43056342192e-06,1.57861195476e-05,0,0,4.47087622888e-05,0.0166674368083,0,0,0,0,0,5.20293778901e-05,704181.086842
9.21388888889,-0.00102565239649,0.579487860203,2.40512919426,4.43056342192e-06,1.57861195476e-05,0,0,4.47087622888e-05,0.0166674368083,0,0,0,0,0,5.20293854523e-05,704181.086842
9.225,-0.00102565239649,0.579487860203,2.40512919426,4.43056342192e-06,1.57861195476e-05,0,0,4.47087622888e-05,0.0166674368083,0,0,0,0,0,5.20296224691e-05,704181.086842
9.23611111111,-0.00102565239649,0.579487860203,2.40512919426,4.43056342192e-06,1.57861195476e-05,0,0,4.47087622888e-05,0.0166674368083,0,0,0,0,0,5.20295116622e-05,704181.086842
9.24722222222,-0.00102565239649,0.579487860203,2.40512919426,4.43056342192e-06,1.57861195476e-05,0,0,4.47087622888e-05,0.0166674368083,0,0,0,0,0,5.20281932078e-05,704181.086842
9.25833333333,-0.00102565239649,0.579487860203,2.40512919426,4.43056342192e-06,1.57861195476e-05,0,0,4.47087622888e-05,0.0166674368083,0,0,0,0,0,5.20295743785e-05,704181.086842
9.26944444444,-0.00102565239649,0.579487860203,2.40512919426,4.43056342192e-06,1.57861195476e-05,0,0,4.47087622888e-05,0.0166674368083,0,0,0,0,0,5.20294315402e-05,704181.086842
9.28055555556,-0.00102565239649,0.579487860203,2.40512919426,4.43056342192e-06,1.57861195476e-05,0,0,4.47087622888e-05,0.0166674368083,0,0,0,0,0,5.20292429214e-05,704181.086842
9.29166666667,-0.00102565239649,0.579487860203,2.40512919426,4.43056342192e-06,1.57861195476e-05,0,0,4.47087622888e-05,0.0166674368083,0,0,0,0,0,5.20283544466e-05,704181.086842
9.30277777778,-0.00102565239649,0.579487860203,2.40512919426,4.43056342192e-06,1.57861195476e-05,0,0,4.47087622888e-05,0.0166674368083,0,0,0,0,0,5.20283321322e-05,704181.086842
9.31388888889,-0.00102565239649,0.579487860203,2.40512919426,4.43056342192e-06,1.57861195476e-05,0,0,4.47087622888e-05,0.0166674368083,0,0,0,0,0,5.20294104749e-05,704181.086842
9.325,-0.00102565239649,0.579487860203,2.40512919426,4.43056342192e-06,1.57861195476e-05,0,0,4.47087622888e-05,0.0166674368083,0,0,0,0,0,5.20296744596e-05,704181.086842
9.33611111111,-0.00102565239649,0.579487860203,2.40512919426,4.43056342192e-06,1.57861195476e-05,0,0,4.47087622888e-05,0.0166674368083,0,0,0,0,0,5.20297796212e-05,704181.086842
9.34722222222,-0.00102565239649,0.579487860203,2.40512919426,4.43056342192e-06,1.57861195476e-05,0,0,4.47087622888e-05,0.0166674368083,0,0,0,0,0,5.20296387956e-05,704181.086842
9.35833333333,-0.00102565239649,0.579487860203,2.40512919426,4.43056342192e-06,1.57861195476e-05,0,0,4.47087622888e-05,0.0166674368083,0,0,0,0,0,5.20296655056e-05,704181.086842
9.36944444444,-0.00102565239649,0.579487860203,2.40512919426,4.43056342192e-06,1.57861195476e-05,0,0,4.47087622888e-05,0.0166674368083,0,0,0,0,0,5.2029649014e-05,704181.086842
9.38055555556,-0.00102565239649,0.579487860203,2.40512919426,4.43056342192e-06,1.57861195476e-05,0,0,4.47087622888e-05,0.0166674368083,0,0,0,0,0,5.20295747133e-05,704181.086842
9.39166666667,-0.00102565239649,0.579487860203,2.40512919426,4.43056342192e-06,1.57861195476e-05,0,0,4.47087622888e-05,0.0166674368083,0,0,0,0,0,5.20284574123e-05,704181.086842
9.40277777778,-0.00102565239649,0.579487860203,2.40512919426,4.43056342192e-06,1.57861195476e-05,0,0,4.47087622888e-05,0.0166674368083,0,0,0,0,0,5.20287026255e-05,704181.086842
9.41388888889,-0.00102565239649,0.579487860203,2.40512919426,4.43056342192e-06,1.57861195476e-05,0,0,4.47087622888e-05,0.0166674368083,0,0,0,0,0,5.20284273043e-05,704181.086842
9.425,-0.00102565239649,0.579487860203,2.40512919426,4.43056342192e-06,1.57861195476e-05,0,0,4.47087622888e-05,0.0166674368083,0,0,0,0,0,5.20283934892e-05,704181.086842
9.43611111111,-0.00102565239649,0.579487860203,2.40512919426,4.43056342192e-06,1.57861195476e-05,0,0,4.47087622888e-05,0.0166674368083,0,0,0,0,0,5.20284346853e-05,704181.086842
9.44722222222,-0.00102565239649,0.579487860203,2.40512919426,4.43056342192e-06,1.57861195476e-05,0,0,4.47087622888e-05,0.0166674368083,0,0,0,0,0,5.20289170279e-05,704181.086842
9.45833333333,-0.00102565239649,0.579487860203,2.40512919426,4.43056342192e-06,1.57861195476e-05,0,0,4.47087622888e-05,0.0166674368083,0,0,0,0,0,5.20298583619e-05,704181.086842
9.46944444444,-0.00102565239649,0.579487860203,2.40512919426,4.43056342192e-06,1.57861195476e-05,0,0,4.47087622888e-05,0.0166674368083,0,0,0,0,0,5.20293510133e-05,704181.086842
9.48055555556,-0.00102565239649,0.579487860203,2.40512919426,4.43056342192e-06,1.57861195476e-05,0,0,4.47087622888e-05,0.0166674368083,0,0,0,0,0,5.20290063425e-05,704181.086842
9.49166666667,-0.00102565239649,0.579487860203,2.40512919426,4.43056342192e-06,1.57861195476e-05,0,0,4.47087622888e-05,0.0166674368083,0,0,0,0,0,5.20290207823e-05,704181.086842
9.50277777778,-0.00102565239649,0.579487860203,2.40512919426,4.43056342192e-06,1.57861195476e-05,0,0,4.47087622888e-05,0.0166674368083,0,0,0,0,0,5.20288941492e-05,704181.086842
9.51388888889,-0.00102565239649,0.579487860203,2.40512919426,4.43056342192e-06,1.57861195476e-05,0,0,4.47087622888e-05,0.0166674368083,0,0,0,0,0,5.20299146179e-05,704181.086842
9.525,-0.00102565239649,0.579487860203,2.40512919426,4.43056342192e-06,1.57861195476e-05,0,0,4.47087622888e-05,0.0166674368083,0,0,0,0,0,5.20295610886e-05,704181.086842
9.53611111111,-0.00102565239649,0.579487860203,2.40512919426,4.43056342192e-06,1.57861195476e-05,0,0,4.47087622888e-05,0.0166674368083,0,0,0,0,0,5.20288721951e-05,704181.086842
9.54722222222,-0.00102565239649,0.579487860203,2.40512919426,4.43056342192e-06,1.57861195476e-05,0,0,4.47087622888e-05,0.0166674368083,0,0,0,0,0,5.20283000485e-05,704181.086842
9.55833333333,-0.00102565239649,0.579487860203,2.40512919426,4.43056342192e-06,1.57861195476e-05,0,0,4.47087622888e-05,0.0166674368083,0,0,0,0,0,5.20288898409e-05,704181.086842
9.56944444444,-0.00102565239649,0.579487860203,2.40512919426,4.43056342192e-06,1.57861195476e-05,0,0,4.47087622888e-05,0.0166674368083,0,0,0,0,0,5.20294587251e-05,704181.086842
9.58055555556,-0.00102565239649,0.579487860203,2.40512919426,4.43056342192e-06,1.57861195476e-05,0,0,4.47087622888e-05,0.0166674368083,0,0,0,0,0,5.20293723451e-05,704181.086842
9.59166666667,-0.00102565239649,0.579487860203,2.40512919426,4.43056342192e-06,1.57861195476e-05,0,0,4.47087622888e-05,0.0166674368083,0,0,0,0,0,5.20284211306e-05,704181.086842
9.60277777778,-0.00102565239649,0.579487860203,2.40512919426,4.43056342192e-06,1.57861195476e-05,0,0,4.47087622888e-05,0.0166674368083,0,0,0,0,0,5.20283773576e-05,704181.086842
9.61388888889,-0.00102565239649,0.579487860203,2.40512919426,4.43056342192e-06,1.57861195476e-05,0,0,4.47087622888e-05,0.0166674368083,0,0,0,0,0,5.20289098154e-05,704181.086842
9.625,-0.00102565239649,0.579487860203,2.40512919426,4.43056342192e-06,1.57861195476e-05,0,0,4.47087622888e-05,0.0166674368083,0,0,0,0,0,5.2029355743e-05,704181.086842
9.63611111111,-0.00102565239649,0.579487860203,2.40512919426,4.43056342192e-06,1.57861195476e-05,0,0,4.47087622888e-05,0.0166674368083,0,0,0,0,0,5.20285271768e-05,704181.086842
9.64722222222,-0.00102565239649,0.579487860203,2.40512919426,4.43056342192e-06,1.57861195476e-05,0,0,4.47087622888e-05,0.0166674368083,0,0,0,0,0,5.20289424506e-05,704181.086842
9.65833333333,-0.00102565239649,0.579487860203,2.40512919426,4.43056342192e-06,1.57861195476e-05,0,0,4.47087622888e-05,0.0166674368083,0,0,0,0,0,5.20300533668e-05,704181.086842
9.66944444444,-0.00102565239649,0.579487860203,2.40512919426,4.43056342192e-06,1.57861195476e-05,0,0,4.47087622888e-05,0.0166674368083,0,0,0,0,0,5.20293872486e-05,704181.086842
9.68055555556,-0.00102565239649,0.579487860203,2.40512919426,4.43056342192e-06,1.57861195476e-05,0,0,4.47087622888e-05,0.0166674368083,0,0,0,0,0,5.20284785235e-05,704181.086842
9.69166666667,-0.00102565239649,0.579487860203,2.40512919426,4.43056342192e-06,1.57861195476e-05,0,0,4.47087622888e-05,0.0166674368083,0,0,0,0,0,5.20290465746e-05,704181.086842
9.70277777778,-0.00102565239649,0.579487860203,2.40512919426,4.43056342192e-06,1.57861195476e-05,0,0,4.47087622888e-05,0.0166674368083,0,0,0,0,0,5.20292748426e-05,704181.086842
9.71388888889,-0.00102565239649,0.579487860203,2.40512919426,4.43056342192e-06,1.57861195476e-05,0,0,4.47087622888e-05,0.0166674368083,0,0,0,0,0,5.20293686628e-05,704181.086842
9.725,-0.00102565239649,0.579487860203,2.40512919426,4.43056342192e-06,1.57861195476e-05,0,0,4.47087622888e-05,0.0166674368083,0,0,0,0,0,5.20295237342e-05,704181.086842
9.73611111111,-0.00102565239649,0.579487860203,2.40512919426,4.43056342192e-06,1.57861195476e-05,0,0,4.47087622888e-05,0.0166674368083,0,0,0,0,0,5.20292032315e-05,704181.086842
9.74722222222,-0.00102565239649,0.579487860203,2.40512919426,4.43056342192e-06,1.57861195476e-05,0,0,4.47087622888e-05,0.0166674368083,0,0,0,0,0,5.20283432604e-05,704181.086842
9.75833333333,-0.00102565239649,0.579487860203,2.40512919426,4.43056342192e-06,1.57861195476e-05,0,0,4.47087622888e-05,0.0166674368083,0,0,0,0,0,5.20281426451e-05,704181.086842
9.76944444444,-0.00102565239649,0.579487860203,2.40512919426,4.43056342192e-06,1.57861195476e-05,0,0,4.47087622888e-05,0.0166674368083,0,0,0,0,0,5.20297631466e-05,704181.086842
9.78055555556,-0.00102565239649,0.579487860203,2.40512919426,4.43056342192e-06,1.57861195476e-05,0,0,4.47087622888e-05,0.0166674368083,0,0,0,0,0,5.20294337198e-05,704181.086842
9.79166666667,-0.00102565239649,0.579487860203,2.40512919426,4.43056342192e-06,1.57861195476e-05,0,0,4.47087622888e-05,0.0166674368083,0,0,0,0,0,5.20293917234e-05,704181.086842
9.80277777778,-0.00102565239649,0.579487860203,2.40512919426,4.43056342192e-06,1.57861195476e-05,0,0,4.47087622888e-05,0.0166674368083,0,0,0,0,0,5.20285389148e-05,704181.086842
9.81388888889,-0.00102565239649,0.579487860203,2.40512919426,4.43056342192e-06,1.57861195476e-05,0,0,4.47087622888e-05,0.0166674368083,0,0,0,0,0,5.20293650531e-05,704181.086842
9.825,-0.00102565239649,0.579487860203,2.40512919426,4.43056342192e-06,1.57861195476e-05,0,0,4.47087622888e-05,0.0166674368083,0,0,0,0,0,5.20287672517e-05,704181.086842
9.83611111111,-0.00102565239649,0.579487860203,2.40512919426,4.43056342192e-06,1.57861195476e-05,0,0,4.47087622888e-05,0.0166674368083,0,0,0,0,0,5.20300195426e-05,704181.086842
9.84722222222,-0.00102565239649,0.579487860203,2.40512919426,4.43056342192e-06,1.57861195476e-05,0,0,4.47087622888e-05,0.0166674368083,0,0,0,0,0,5.20295850212e-05,704181.086842
9.85833333333,-0.00102565239649,0.579487860203,2.40512919426,4.43056342192e-06,1.57861195476e-05,0,0,4.47087622888e-05,0.0166674368083,0,0,0,0,0,5.2028483963e-05,704181.086842
9.86944444444,-0.00102565239649,0.579487860203,2.40512919426,4.43056342192e-06,1.57861195476e-05,0,0,4.47087622888e-05,0.0166674368083,0,0,0,0,0,5.20280651561e-05,704181.086842
9.88055555556,-0.00102565239649,0.579487860203,2.40512919426,4.43056342192e-06,1.57861195476e-05,0,0,4.47087622888e-05,0.0166674368083,0,0,0,0,0,5.20294175978e-05,704181.086842
9.89166666667,-0.00102565239649,0.579487860203,2.40512919426,4.43056342192e-06,1.57861195476e-05,0,0,4.47087622888e-05,0.0166674368083,0,0,0,0,0,5.20290883313e-05,704181.086842
9.90277777778,-0.00102565239649,0.579487860203,2.40512919426,4.43056342192e-06,1.57861195476e-05,0,0,4.47087622888e-05,0.0166674368083,0,0,0,0,0,5.20291593858e-05,704181.086842
9.91388888889,-0.00102565239649,0.579487860203,2.40512919426,4.43056342192e-06,1.57861195476e-05,0,0,4.47087622888e-05,0.0166674368083,0,0,0,0,0,5.20296821518e-05,704181.086842
9.925,-0.00102565239649,0.579487860203,2.40512919426,4.43056342192e-06,1.57861195476e-05,0,0,4.47087622888e-05,0.0166674368083,0,0,0,0,0,5.20288318401e-05,704181.086842
9.93611111111,-0.00102565239649,0.579487860203,2.40512919426,4.43056342192e-06,1.57861195476e-05,0,0,4.47087622888e-05,0.0166674368083,0,0,0,0,0,5.2027922464e-05,704181.086842
9.94722222222,-0.00102565239649,0.579487860203,2.40512919426,4.43056342192e-06,1.57861195476e-05,0,0,4.47087622888e-05,0.0166674368083,0,0,0,0,0,5.20285565896e-05,704181.086842
9.95833333333,-0.00102565239649,0.579487860203,2.40512919426,4.43056342192e-06,1.57861195476e-05,0,0,4.47087622888e-05,0.0166674368083,0,0,0,0,0,5.20287753311e-05,704181.086842
9.96944444444,-0.00102565239649,0.579487860203,2.40512919426,4.43056342192e-06,1.57861195476e-05,0,0,4.47087622888e-05,0.0166674368083,0,0,0,0,0,5.20290468296e-05,704181.086842
9.98055555556,-0.00102565239649,0.579487860203,2.40512919426,4.43056342192e-06,1.57861195476e-05,0,0,4.47087622888e-05,0.0166674368083,0,0,0,0,0,5.2029260413e-05,704181.086842
9.99166666667,-0.00102565239649,0.579487860203,2.40512919426,4.43056342192e-06,1.57861195476e-05,0,0,4.47087622888e-05,0.0166674368083,0,0,0,0,0,5.20291136082e-05,704181.086842
10.0027777778,-0.00102565239649,0.579487860203,2.40512919426,4.43056342192e-06,1.57861195476e-05,0,0,4.47087622888e-05,0.0166674368083,0,0,0,0,0,5.20287282985e-05,704181.086842
10.0138888889,-0.00102565239649,0.579487860203,2.40512919426,4.43056342192e-06,1.57861195476e-05,0,0,4.47087622888e-05,0.0166674368083,0,0,0,0,0,5.20294734485e-05,704181.086842
10.025,-0.00102565239649,0.579487860203,2.40512919426,4.43056342192e-06,1.57861195476e-05,0,0,4.47087622888e-05,0.0166674368083,0,0,0,0,0,5.20288335857e-05,704181.086842
10.0361111111,-0.00102565239649,0.579487860203,2.40512919426,4.43056342192e-06,1.57861195476e-05,0,0,4.47087622888e-05,0.0166674368083,0,0,0,0,0,5.20291667581e-05,704181.086842
10.0472222222,-0.00102565239649,0.579487860203,2.40512919426,4.43056342192e-06,1.57861195476e-05,0,0,4.47087622888e-05,0.0166674368083,0,0,0,0,0,5.20284979248e-05,704181.086842
10.0583333333,-0.00102565239649,0.579487860203,2.40512919426,4.43056342192e-06,1.57861195476e-05,0,0,4.47087622888e-05,0.0166674368083,0,0,0,0,0,5.20295730652e-05,704181.086842
10.0694444444,-0.00102565239649,0.579487860203,2.40512919426,4.43056342192e-06,1.57861195476e-05,0,0,4.47087622888e-05,0.0166674368083,0,0,0,0,0,5.20292156407e-05,704181.086842
10.0805555556,-0.00102565239649,0.579487860203,2.40512919426,4.43056342192e-06,1.57861195476e-05,0,0,4.47087622888e-05,0.0166674368083,0,0,0,0,0,5.20289170209e-05,704181.086842
10.0916666667,-0.00102565239649,0.579487860203,2.40512919426,4.43056342192e-06,1.57861195476e-05,0,0,4.47087622888e-05,0.0166674368083,0,0,0,0,0,5.20285294024e-05,704181.086842
10.1027777778,-0.00102565239649,0.579487860203,2.40512919426,4.43056342192e-06,1.57861195476e-05,0,0,4.47087622888e-05,0.0166674368083,0,0,0,0,0,5.20285729224e-05,704181.086842
10.1138888889,-0.00102565239649,0.579487860203,2.40512919426,4.43056342192e-06,1.57861195476e-05,0,0,4.47087622888e-05,0.0166674368083,0,0,0,0,0,5.20284832305e-05,704181.086842
10.125,-0.00102565239649,0.579487860203,2.40512919426,4.43056342192e-06,1.57861195476e-05,0,0,4.47087622888e-05,0.0166674368083,0,0,0,0,0,5.20288813485e-05,704181.086842
10.1361111111,-0.00102565239649,0.579487860203,2.40512919426,4.43056342192e-06,1.57861195476e-05,0,0,4.47087622888e-05,0.0166674368083,0,0,0,0,0,5.20300266585e-05,704181.086842
10.1472222222,-0.00102565239649,0.579487860203,2.40512919426,4.43056342192e-06,1.57861195476e-05,0,0,4.47087622888e-05,0.0166674368083,0,0,0,0,0,5.20299213319e-05,704181.086842
10.1583333333,-0.00102565239649,0.579487860203,2.40512919426,4.43056342192e-06,1.57861195476e-05,0,0,4.47087622888e-05,0.0166674368083,0,0,0,0,0,5.20299033486e-05,704181.086842
10.1694444444,-0.00102565239649,0.579487860203,2.40512919426,4.43056342192e-06,1.57861195476e-05,0,0,4.47087622888e-05,0.0166674368083,0,0,0,0,0,5.20288435153e-05,704181.086842
10.1805555556,-0.00102565239649,0.579487860203,2.40512919426,4.43056342192e-06,1.57861195476e-05,0,0,4.47087622888e-05,0.0166674368083,0,0,0,0,0,5.20286917131e-05,704181.086842
10.1916666667,-0.00102565239649,0.579487860203,2.40512919426,4.43056342192e-06,1.57861195476e-05,0,0,4.47087622888e-05,0.0166674368083,0,0,0,0,0,5.20292519306e-05,704181.086842
10.2027777778,-0.00102565239649,0.579487860203,2.40512919426,4.43056342192e-06,1.57861195476e-05,0,0,4.47087622888e-05,0.0166674368083,0,0,0,0,0,5.20283539016e-05,704181.086842
10.2138888889,-0.00102565239649,0.579487860203,2.40512919426,4.43056342192e-06,1.57861195476e-05,0,0,4.47087622888e-05,0.0166674368083,0,0,0,0,0,5.20284657842e-05,704181.086842
10.225,-0.00102565239649,0.579487860203,2.40512919426,4.43056342192e-06,1.57861195476e-05,0,0,4.47087622888e-05,0.0166674368083,0,0,0,0,0,5.20283707179e-05,704181.086842
10.2361111111,-0.00102565239649,0.579487860203,2.40512919426,4.43056342192e-06,1.57861195476e-05,0,0,4.47087622888e-05,0.0166674368083,0,0,0,0,0,5.20286805485e-05,704181.086842
10.2472222222,-0.00102565239649,0.579487860203,2.40512919426,4.43056342192e-06,1.57861195476e-05,0,0,4.47087622888e-05,0.0166674368083,0,0,0,0,0,5.20288132538e-05,704181.086842
10.2583333333,-0.00102565239649,0.579487860203,2.40512919426,4.43056342192e-06,1.57861195476e-05,0,0,4.47087622888e-05,0.0166674368083,0,0,0,0,0,5.20288330318e-05,704181.086842
10.2694444444,-0.00102565239649,0.579487860203,2.40512919426,4.43056342192e-06,1.57861195476e-05,0,0,4.47087622888e-05,0.0166674368083,0,0,0,0,0,5.20286671945e-05,704181.086842
10.2805555556,-0.00102565239649,0.579487860203,2.40512919426,4.43056342192e-06,1.57861195476e-05,0,0,4.47087622888e-05,0.0166674368083,0,0,0,0,0,5.20286570629e-05,704181.086842
10.2916666667,-0.00102565239649,0.579487860203,2.40512919426,4.43056342192e-06,1.57861195476e-05,0,0,4.47087622888e-05,0.0166674368083,0,0,0,0,0,5.20286601061e-05,704181.086842
10.3027777778,-0.00102565239649,0.579487860203,2.40512919426,4.43056342192e-06,1.57861195476e-05,0,0,4.47087622888e-05,0.0166674368083,0,0,0,0,0,5.20287561827e-05,704181.086842
10.3138888889,-0.00102565239649,0.579487860203,2.40512919426,4.43056342192e-06,1.57861195476e-05,0,0,4.47087622888e-05,0.0166674368083,0,0,0,0,0,5.20284352569e-05,704181.086842
10.325,-0.00102565239649,0.579487860203,2.40512919426,4.43056342192e-06,1.57861195476e-05,0,0,4.47087622888e-05,0.0166674368083,0,0,0,0,0,5.20284107528e-05,704181.086842
10.3361111111,-0.00102565239649,0.579487860203,2.40512919426,4.43056342192e-06,1.57861195476e-05,0,0,4.47087622888e-05,0.0166674368083,0,0,0,0,0,5.20298534374e-05,704181.086842
10.3472222222,-0.00102565239649,0.579487860203,2.40512919426,4.43056342192e-06,1.57861195476e-05,0,0,4.47087622888e-05,0.0166674368083,0,0,0,0,0,5.20290212789e-05,704181.086842
10.3583333333,-0.00102565239649,0.579487860203,2.40512919426,4.43056342192e-06,1.57861195476e-05,0,0,4.47087622888e-05,0.0166674368083,0,0,0,0,0,5.20291168991e-05,704181.086842
10.3694444444,-0.00102565239649,0.579487860203,2.40512919426,4.43056342192e-06,1.57861195476e-05,0,0,4.47087622888e-05,0.0166674368083,0,0,0,0,0,5.20286386442e-05,704181.086842
10.3805555556,-0.00102565239649,0.579487860203,2.40512919426,4.43056342192e-06,1.57861195476e-05,0,0,4.47087622888e-05,0.0166674368083,0,0,0,0,0,5.20284022675e-05,704181.086842
10.3916666667,-0.00102565239649,0.579487860203,2.40512919426,4.43056342192e-06,1.57861195476e-05,0,0,4.47087622888e-05,0.0166674368083,0,0,0,0,0,5.20284439598e-05,704181.086842
10.4027777778,-0.00102565239649,0.579487860203,2.40512919426,4.43056342192e-06,1.57861195476e-05,0,0,4.47087622888e-05,0.0166674368083,0,0,0,0,0,5.20284373436e-05,704181.086842
10.4138888889,-0.00102565239649,0.579487860203,2.40512919426,4.43056342192e-06,1.57861195476e-05,0,0,4.47087622888e-05,0.0166674368083,0,0,0,0,0,5.20284287648e-05,704181.086842
10.425,-0.00102565239649,0.579487860203,2.40512919426,4.43056342192e-06,1.57861195476e-05,0,0,4.47087622888e-05,0.0166674368083,0,0,0,0,0,5.20284494287e-05,704181.086842
10.4361111111,-0.00102565239649,0.579487860203,2.40512919426,4.43056342192e-06,1.57861195476e-05,0,0,4.47087622888e-05,0.0166674368083,0,0,0,0,0,5.20285913209e-05,704181.086842
10.4472222222,-0.00102565239649,0.579487860203,2.40512919426,4.43056342192e-06,1.57861195476e-05,0,0,4.47087622888e-05,0.0166674368083,0,0,0,0,0,5.20291053585e-05,704181.086842
10.4583333333,-0.00102565239649,0.579487860203,2.40512919426,4.43056342192e-06,1.57861195476e-05,0,0,4.47087622888e-05,0.0166674368083,0,0,0,0,0,5.20287651334e-05,704181.086842
10.4694444444,-0.00102565239649,0.579487860203,2.40512919426,4.43056342192e-06,1.57861195476e-05,0,0,4.47087622888e-05,0.0166674368083,0,0,0,0,0,5.20283026906e-05,704181.086842
10.4805555556,-0.00102565239649,0.579487860203,2.40512919426,4.43056342192e-06,1.57861195476e-05,0,0,4.47087622888e-05,0.0166674368083,0,0,0,0,0,5.20291463957e-05,704181.086842
10.4916666667,-0.00102565239649,0.579487860203,2.40512919426,4.43056342192e-06,1.57861195476e-05,0,0,4.47087622888e-05,0.0166674368083,0,0,0,0,0,5.20294422436e-05,704181.086842
10.5027777778,-0.00102565239649,0.579487860203,2.40512919426,4.43056342192e-06,1.57861195476e-05,0,0,4.47087622888e-05,0.0166674368083,0,0,0,0,0,5.20293302915e-05,704181.086842
10.5138888889,-0.00102565239649,0.579487860203,2.40512919426,4.43056342192e-06,1.57861195476e-05,0,0,4.47087622888e-05,0.0166674368083,0,0,0,0,0,5.20284500196e-05,704181.086842
10.525,-0.00102565239649,0.579487860203,2.40512919426,4.43056342192e-06,1.57861195476e-05,0,0,4.47087622888e-05,0.0166674368083,0,0,0,0,0,5.20297755807e-05,704181.086842
10.5361111111,-0.00102565239649,0.579487860203,2.40512919426,4.43056342192e-06,1.57861195476e-05,0,0,4.47087622888e-05,0.0166674368083,0,0,0,0,0,5.2028868751e-05,704181.086842
10.5472222222,-0.00102565239649,0.579487860203,2.40512919426,4.43056342192e-06,1.57861195476e-05,0,0,4.47087622888e-05,0.0166674368083,0,0,0,0,0,5.20287067677e-05,704181.086842
10.5583333333,-0.00102565239649,0.579487860203,2.40512919426,4.43056342192e-06,1.57861195476e-05,0,0,4.47087622888e-05,0.0166674368083,0,0,0,0,0,5.20296172307e-05,704181.086842
10.5694444444,-0.00102565239649,0.579487860203,2.40512919426,4.43056342192e-06,1.57861195476e-05,0,0,4.47087622888e-05,0.0166674368083,0,0,0,0,0,5.20288971707e-05,704181.086842
10.5805555556,-0.00102565239649,0.579487860203,2.40512919426,4.43056342192e-06,1.57861195476e-05,0,0,4.47087622888e-05,0.0166674368083,0,0,0,0,0,5.20291350837e-05,704181.086842
10.5916666667,-0.00102565239649,0.579487860203,2.40512919426,4.43056342192e-06,1.57861195476e-05,0,0,4.47087622888e-05,0.0166674368083,0,0,0,0,0,5.20294323124e-05,704181.086842
10.6027777778,-0.00102565239649,0.579487860203,2.40512919426,4.43056342192e-06,1.57861195476e-05,0,0,4.47087622888e-05,0.0166674368083,0,0,0,0,0,5.2029023488e-05,704181.086842
10.6138888889,-0.00102565239649,0.579487860203,2.40512919426,4.43056342192e-06,1.57861195476e-05,0,0,4.47087622888e-05,0.0166674368083,0,0,0,0,0,5.20290614394e-05,704181.086842
10.625,-0.00102565239649,0.579487860203,2.40512919426,4.43056342192e-06,1.57861195476e-05,0,0,4.47087622888e-05,0.0166674368083,0,0,0,0,0,5.20289239356e-05,704181.086842
10.6361111111,-0.00102565239649,0.579487860203,2.40512919426,4.43056342192e-06,1.57861195476e-05,0,0,4.47087622888e-05,0.0166674368083,0,0,0,0,0,5.20290404533e-05,704181.086842
10.6472222222,-0.00102565239649,0.579487860203,2.40512919426,4.43056342192e-06,1.57861195476e-05,0,0,4.47087622888e-05,0.0166674368083,0,0,0,0,0,5.20291706643e-05,704181.086842
10.6583333333,-0.00102565239649,0.579487860203,2.40512919426,4.43056342192e-06,1.57861195476e-05,0,0,4.47087622888e-05,0.0166674368083,0,0,0,0,0,5.20291306873e-05,704181.086842
10.6694444444,-0.00102565239649,0.579487860203,2.40512919426,4.43056342192e-06,1.57861195476e-05,0,0,4.47087622888e-05,0.0166674368083,0,0,0,0,0,5.2028968001e-05,704181.086842
10.6805555556,-0.00102565239649,0.579487860203,2.40512919426,4.43056342192e-06,1.57861195476e-05,0,0,4.47087622888e-05,0.0166674368083,0,0,0,0,0,5.20292518068e-05,704181.086842
10.6916666667,-0.00102565239649,0.579487860203,2.40512919426,4.43056342192e-06,1.57861195476e-05,0,0,4.47087622888e-05,0.0166674368083,0,0,0,0,0,5.20289646857e-05,704181.086842
10.7027777778,-0.00102565239649,0.579487860203,2.40512919426,4.43056342192e-06,1.57861195476e-05,0,0,4.47087622888e-05,0.0166674368083,0,0,0,0,0,5.20291197579e-05,704181.086842
10.7138888889,-0.00102565239649,0.579487860203,2.40512919426,4.43056342192e-06,1.57861195476e-05,0,0,4.47087622888e-05,0.0166674368083,0,0,0,0,0,5.20292568116e-05,704181.086842
10.725,-0.00102565239649,0.579487860203,2.40512919426,4.43056342192e-06,1.57861195476e-05,0,0,4.47087622888e-05,0.0166674368083,0,0,0,0,0,5.2028905623e-05,704181.086842
10.7361111111,-0.00102565239649,0.579487860203,2.40512919426,4.43056342192e-06,1.57861195476e-05,0,0,4.47087622888e-05,0.0166674368083,0,0,0,0,0,5.20287124721e-05,704181.086842
10.7472222222,-0.00102565239649,0.579487860203,2.40512919426,4.43056342192e-06,1.57861195476e-05,0,0,4.47087622888e-05,0.0166674368083,0,0,0,0,0,5.2029094248e-05,704181.086842
10.7583333333,-0.00102565239649,0.579487860203,2.40512919426,4.43056342192e-06,1.57861195476e-05,0,0,4.47087622888e-05,0.0166674368083,0,0,0,0,0,5.20290820624e-05,704181.086842
10.7694444444,-0.00102565239649,0.579487860203,2.40512919426,4.43056342192e-06,1.57861195476e-05,0,0,4.47087622888e-05,0.0166674368083,0,0,0,0,0,5.20292507418e-05,704181.086842
10.7805555556,-0.00102565239649,0.579487860203,2.40512919426,4.43056342192e-06,1.57861195476e-05,0,0,4.47087622888e-05,0.0166674368083,0,0,0,0,0,5.20281135187e-05,704181.086842
10.7916666667,-0.00102565239649,0.579487860203,2.40512919426,4.43056342192e-06,1.57861195476e-05,0,0,4.47087622888e-05,0.0166674368083,0,0,0,0,0,5.20289507851e-05,704181.086842
10.8027777778,-0.00102565239649,0.579487860203,2.40512919426,4.43056342192e-06,1.57861195476e-05,0,0,4.47087622888e-05,0.0166674368083,0,0,0,0,0,5.20299809077e-05,704181.086842
10.8138888889,-0.00102565239649,0.579487860203,2.40512919426,4.43056342192e-06,1.57861195476e-05,0,0,4.47087622888e-05,0.0166674368083,0,0,0,0,0,5.20289442274e-05,704181.086842
10.825,-0.00102565239649,0.579487860203,2.40512919426,4.43056342192e-06,1.57861195476e-05,0,0,4.47087622888e-05,0.0166674368083,0,0,0,0,0,5.20290247691e-05,704181.086842
10.8361111111,-0.00102565239649,0.579487860203,2.40512919426,4.43056342192e-06,1.57861195476e-05,0,0,4.47087622888e-05,0.0166674368083,0,0,0,0,0,5.2028750495e-05,704181.086842
10.8472222222,-0.00102565239649,0.579487860203,2.40512919426,4.43056342192e-06,1.57861195476e-05,0,0,4.47087622888e-05,0.0166674368083,0,0,0,0,0,5.20287103664e-05,704181.086842
10.8583333333,-0.00102565239649,0.579487860203,2.40512919426,4.43056342192e-06,1.57861195476e-05,0,0,4.47087622888e-05,0.0166674368083,0,0,0,0,0,5.20286983183e-05,704181.086842
10.8694444444,-0.00102565239649,0.579487860203,2.40512919426,4.43056342192e-06,1.57861195476e-05,0,0,4.47087622888e-05,0.0166674368083,0,0,0,0,0,5.20285581725e-05,704181.086842
10.8805555556,-0.00102565239649,0.579487860203,2.40512919426,4.43056342192e-06,1.57861195476e-05,0,0,4.47087622888e-05,0.0166674368083,0,0,0,0,0,5.20285945854e-05,704181.086842
10.8916666667,-0.00102565239649,0.579487860203,2.40512919426,4.43056342192e-06,1.57861195476e-05,0,0,4.47087622888e-05,0.0166674368083,0,0,0,0,0,5.20285759096e-05,704181.086842
10.9027777778,-0.00102565239649,0.579487860203,2.40512919426,4.43056342192e-06,1.57861195476e-05,0,0,4.47087622888e-05,0.0166674368083,0,0,0,0,0,5.20285724259e-05,704181.086842
10.9138888889,-0.00102565239649,0.579487860203,2.40512919426,4.43056342192e-06,1.57861195476e-05,0,0,4.47087622888e-05,0.0166674368083,0,0,0,0,0,5.20286900954e-05,704181.086842
10.925,-0.00102565239649,0.579487860203,2.40512919426,4.43056342192e-06,1.57861195476e-05,0,0,4.47087622888e-05,0.0166674368083,0,0,0,0,0,5.20285853973e-05,704181.086842
10.9361111111,-0.00102565239649,0.579487860203,2.40512919426,4.43056342192e-06,1.57861195476e-05,0,0,4.47087622888e-05,0.0166674368083,0,0,0,0,0,5.20285832433e-05,704181.086842
10.9472222222,-0.00102565239649,0.579487860203,2.40512919426,4.43056342192e-06,1.57861195476e-05,0,0,4.47087622888e-05,0.0166674368083,0,0,0,0,0,5.20286054314e-05,704181.086842
10.9583333333,-0.00102565239649,0.579487860203,2.40512919426,4.43056342192e-06,1.57861195476e-05,0,0,4.47087622888e-05,0.0166674368083,0,0,0,0,0,5.20285595198e-05,704181.086842
10.9694444444,-0.00102565239649,0.579487860203,2.40512919426,4.43056342192e-06,1.57861195476e-05,0,0,4.47087622888e-05,0.0166674368083,0,0,0,0,0,5.20284801925e-05,704181.086842
10.9805555556,-0.00102565239649,0.579487860203,2.40512919426,4.43056342192e-06,1.57861195476e-05,0,0,4.47087622888e-05,0.0166674368083,0,0,0,0,0,5.20284195342e-05,704181.086842
10.9916666667,-0.00102565239649,0.579487860203,2.40512919426,4.43056342192e-06,1.57861195476e-05,0,0,4.47087622888e-05,0.0166674368083,0,0,0,0,0,5.20281893884e-05,704181.086842
11.0027777778,-0.00102565239649,0.579487860203,2.40512919426,4.43056342192e-06,1.57861195476e-05,0,0,4.47087622888e-05,0.0166674368083,0,0,0,0,0,5.20286589016e-05,704181.086842
11.0138888889,-0.00102565239649,0.579487860203,2.40512919426,4.43056342192e-06,1.57861195476e-05,0,0,4.47087622888e-05,0.0166674368083,0,0,0,0,0,5.20293627598e-05,704181.086842
11.025,-0.00102565239649,0.579487860203,2.40512919426,4.43056342192e-06,1.57861195476e-05,0,0,4.47087622888e-05,0.0166674368083,0,0,0,0,0,5.20286476125e-05,704181.086842
11.0361111111,-0.00102565239649,0.579487860203,2.40512919426,4.43056342192e-06,1.57861195476e-05,0,0,4.47087622888e-05,0.0166674368083,0,0,0,0,0,5.20291826133e-05,704181.086842
11.0472222222,-0.00102565239649,0.579487860203,2.40512919426,4.43056342192e-06,1.57861195476e-05,0,0,4.47087622888e-05,0.0166674368083,0,0,0,0,0,5.20285900663e-05,704181.086842
11.0583333333,-0.00102565239649,0.579487860203,2.40512919426,4.43056342192e-06,1.57861195476e-05,0,0,4.47087622888e-05,0.0166674368083,0,0,0,0,0,5.2028556575e-05,704181.086842
11.0694444444,-0.00102565239649,0.579487860203,2.40512919426,4.43056342192e-06,1.57861195476e-05,0,0,4.47087622888e-05,0.0166674368083,0,0,0,0,0,5.2028602064e-05,704181.086842
11.0805555556,-0.00102565239649,0.579487860203,2.40512919426,4.43056342192e-06,1.57861195476e-05,0,0,4.47087622888e-05,0.0166674368083,0,0,0,0,0,5.20285811708e-05,704181.086842
11.0916666667,-0.00102565239649,0.579487860203,2.40512919426,4.43056342192e-06,1.57861195476e-05,0,0,4.47087622888e-05,0.0166674368083,0,0,0,0,0,5.20285907895e-05,704181.086842
11.1027777778,-0.00102565239649,0.579487860203,2.40512919426,4.43056342192e-06,1.57861195476e-05,0,0,4.47087622888e-05,0.0166674368083,0,0,0,0,0,5.202831564e-05,704181.086842
11.1138888889,-0.00102565239649,0.579487860203,2.40512919426,4.43056342192e-06,1.57861195476e-05,0,0,4.47087622888e-05,0.0166674368083,0,0,0,0,0,5.20282157579e-05,704181.086842
11.125,-0.00102565239649,0.579487860203,2.40512919426,4.43056342192e-06,1.57861195476e-05,0,0,4.47087622888e-05,0.0166674368083,0,0,0,0,0,5.20287001993e-05,704181.086842
11.1361111111,-0.00102565239649,0.579487860203,2.40512919426,4.43056342192e-06,1.57861195476e-05,0,0,4.47087622888e-05,0.0166674368083,0,0,0,0,0,5.20290842997e-05,704181.086842
11.1472222222,-0.00102565239649,0.579487860203,2.40512919426,4.43056342192e-06,1.57861195476e-05,0,0,4.47087622888e-05,0.0166674368083,0,0,0,0,0,5.20291318012e-05,704181.086842
11.1583333333,-0.00102565239649,0.579487860203,2.40512919426,4.43056342192e-06,1.57861195476e-05,0,0,4.47087622888e-05,0.0166674368083,0,0,0,0,0,5.20292761984e-05,704181.086842
11.1694444444,-0.00102565239649,0.579487860203,2.40512919426,4.43056342192e-06,1.57861195476e-05,0,0,4.47087622888e-05,0.0166674368083,0,0,0,0,0,5.20281875165e-05,704181.086842
11.1805555556,-0.00102565239649,0.579487860203,2.40512919426,4.43056342192e-06,1.57861195476e-05,0,0,4.47087622888e-05,0.0166674368083,0,0,0,0,0,5.20282363999e-05,704181.086842
11.1916666667,-0.00102565239649,0.579487860203,2.40512919426,4.43056342192e-06,1.57861195476e-05,0,0,4.47087622888e-05,0.0166674368083,0,0,0,0,0,5.20300713752e-05,704181.086842
11.2027777778,-0.00102565239649,0.579487860203,2.40512919426,4.43056342192e-06,1.57861195476e-05,0,0,4.47087622888e-05,0.0166674368083,0,0,0,0,0,5.20284672035e-05,704181.086842
11.2138888889,-0.00102565239649,0.579487860203,2.40512919426,4.43056342192e-06,1.57861195476e-05,0,0,4.47087622888e-05,0.0166674368083,0,0,0,0,0,5.20283098019e-05,704181.086842
11.225,-0.00102565239649,0.579487860203,2.40512919426,4.43056342192e-06,1.57861195476e-05,0,0,4.47087622888e-05,0.0166674368083,0,0,0,0,0,5.20285682919e-05,704181.086842
11.2361111111,-0.00102565239649,0.579487860203,2.40512919426,4.43056342192e-06,1.57861195476e-05,0,0,4.47087622888e-05,0.0166674368083,0,0,0,0,0,5.20285390549e-05,704181.086842
11.2472222222,-0.00102565239649,0.579487860203,2.40512919426,4.43056342192e-06,1.57861195476e-05,0,0,4.47087622888e-05,0.0166674368083,0,0,0,0,0,5.20285759913e-05,704181.086842
11.2583333333,-0.00102565239649,0.579487860203,2.40512919426,4.43056342192e-06,1.57861195476e-05,0,0,4.47087622888e-05,0.0166674368083,0,0,0,0,0,5.20284449427e-05,704181.086842
11.2694444444,-0.00102565239649,0.579487860203,2.40512919426,4.43056342192e-06,1.57861195476e-05,0,0,4.47087622888e-05,0.0166674368083,0,0,0,0,0,5.20283309622e-05,704181.086842
11.2805555556,-0.00102565239649,0.579487860203,2.40512919426,4.43056342192e-06,1.57861195476e-05,0,0,4.47087622888e-05,0.0166674368083,0,0,0,0,0,5.20284080389e-05,704181.086842
11.2916666667,-0.00102565239649,0.579487860203,2.40512919426,4.43056342192e-06,1.57861195476e-05,0,0,4.47087622888e-05,0.0166674368083,0,0,0,0,0,5.20285524715e-05,704181.086842
11.3027777778,-0.00102565239649,0.579487860203,2.40512919426,4.43056342192e-06,1.57861195476e-05,0,0,4.47087622888e-05,0.0166674368083,0,0,0,0,0,5.20283042532e-05,704181.086842
11.3138888889,-0.00102565239649,0.579487860203,2.40512919426,4.43056342192e-06,1.57861195476e-05,0,0,4.47087622888e-05,0.0166674368083,0,0,0,0,0,5.20284451094e-05,704181.086842
11.325,-0.00102565239649,0.579487860203,2.40512919426,4.43056342192e-06,1.57861195476e-05,0,0,4.47087622888e-05,0.0166674368083,0,0,0,0,0,5.20284237216e-05,704181.086842
11.3361111111,-0.00102565239649,0.579487860203,2.40512919426,4.43056342192e-06,1.57861195476e-05,0,0,4.47087622888e-05,0.0166674368083,0,0,0,0,0,5.20284584258e-05,704181.086842
11.3472222222,-0.00102565239649,0.579487860203,2.40512919426,4.43056342192e-06,1.57861195476e-05,0,0,4.47087622888e-05,0.0166674368083,0,0,0,0,0,5.20284370255e-05,704181.086842
11.3583333333,-0.00102565239649,0.579487860203,2.40512919426,4.43056342192e-06,1.57861195476e-05,0,0,4.47087622888e-05,0.0166674368083,0,0,0,0,0,5.20284239275e-05,704181.086842
11.3694444444,-0.00102565239649,0.579487860203,2.40512919426,4.43056342192e-06,1.57861195476e-05,0,0,4.47087622888e-05,0.0166674368083,0,0,0,0,0,5.20283070272e-05,704181.086842
11.3805555556,-0.00102565239649,0.579487860203,2.40512919426,4.43056342192e-06,1.57861195476e-05,0,0,4.47087622888e-05,0.0166674368083,0,0,0,0,0,5.20284277802e-05,704181.086842
11.3916666667,-0.00102565239649,0.579487860203,2.40512919426,4.43056342192e-06,1.57861195476e-05,0,0,4.47087622888e-05,0.0166674368083,0,0,0,0,0,5.20282922219e-05,704181.086842
11.4027777778,-0.00102565239649,0.579487860203,2.40512919426,4.43056342192e-06,1.57861195476e-05,0,0,4.47087622888e-05,0.0166674368083,0,0,0,0,0,5.2028408472e-05,704181.086842
11.4138888889,-0.00102565239649,0.579487860203,2.40512919426,4.43056342192e-06,1.57861195476e-05,0,0,4.47087622888e-05,0.0166674368083,0,0,0,0,0,5.20284320338e-05,704181.086842
11.425,-0.00102565239649,0.579487860203,2.40512919426,4.43056342192e-06,1.57861195476e-05,0,0,4.47087622888e-05,0.0166674368083,0,0,0,0,0,5.20284559275e-05,704181.086842
11.4361111111,-0.00102565239649,0.579487860203,2.40512919426,4.43056342192e-06,1.57861195476e-05,0,0,4.47087622888e-05,0.0166674368083,0,0,0,0,0,5.20284194719e-05,704181.086842
11.4472222222,-0.00102565239649,0.579487860203,2.40512919426,4.43056342192e-06,1.57861195476e-05,0,0,4.47087622888e-05,0.0166674368083,0,0,0,0,0,5.20284321195e-05,704181.086842
11.4583333333,-0.00102565239649,0.579487860203,2.40512919426,4.43056342192e-06,1.57861195476e-05,0,0,4.47087622888e-05,0.0166674368083,0,0,0,0,0,5.20283354231e-05,704181.086842
11.4694444444,-0.00102565239649,0.579487860203,2.40512919426,4.43056342192e-06,1.57861195476e-05,0,0,4.47087622888e-05,0.0166674368083,0,0,0,0,0,5.20284464306e-05,704181.086842
11.4805555556,-0.00102565239649,0.579487860203,2.40512919426,4.43056342192e-06,1.57861195476e-05,0,0,4.47087622888e-05,0.0166674368083,0,0,0,0,0,5.20284719811e-05,704181.086842
11.4916666667,-0.00102565239649,0.579487860203,2.40512919426,4.43056342192e-06,1.57861195476e-05,0,0,4.47087622888e-05,0.0166674368083,0,0,0,0,0,5.2028455531e-05,704181.086842
11.5027777778,-0.00102565239649,0.579487860203,2.40512919426,4.43056342192e-06,1.57861195476e-05,0,0,4.47087622888e-05,0.0166674368083,0,0,0,0,0,5.20295653929e-05,704181.086842
11.5138888889,-0.00102565239649,0.579487860203,2.40512919426,4.43056342192e-06,1.57861195476e-05,0,0,4.47087622888e-05,0.0166674368083,0,0,0,0,0,5.20295675792e-05,704181.086842
11.525,-0.00102565239649,0.579487860203,2.40512919426,4.43056342192e-06,1.57861195476e-05,0,0,4.47087622888e-05,0.0166674368083,0,0,0,0,0,5.20280400592e-05,704181.086842
11.5361111111,-0.00102565239649,0.579487860203,2.40512919426,4.43056342192e-06,1.57861195476e-05,0,0,4.47087622888e-05,0.0166674368083,0,0,0,0,0,5.2028576076e-05,704181.086842
11.5472222222,-0.00102565239649,0.579487860203,2.40512919426,4.43056342192e-06,1.57861195476e-05,0,0,4.47087622888e-05,0.0166674368083,0,0,0,0,0,5.20289926307e-05,704181.086842
11.5583333333,-0.00102565239649,0.579487860203,2.40512919426,4.43056342192e-06,1.57861195476e-05,0,0,4.47087622888e-05,0.0166674368083,0,0,0,0,0,5.20285421597e-05,704181.086842
11.5694444444,-0.00102565239649,0.579487860203,2.40512919426,4.43056342192e-06,1.57861195476e-05,0,0,4.47087622888e-05,0.0166674368083,0,0,0,0,0,5.20288413096e-05,704181.086842
11.5805555556,-0.00102565239649,0.579487860203,2.40512919426,4.43056342192e-06,1.57861195476e-05,0,0,4.47087622888e-05,0.0166674368083,0,0,0,0,0,5.20288302064e-05,704181.086842
11.5916666667,-0.00102565239649,0.579487860203,2.40512919426,4.43056342192e-06,1.57861195476e-05,0,0,4.47087622888e-05,0.0166674368083,0,0,0,0,0,5.2028970674e-05,704181.086842
11.6027777778,-0.00102565239649,0.579487860203,2.40512919426,4.43056342192e-06,1.57861195476e-05,0,0,4.47087622888e-05,0.0166674368083,0,0,0,0,0,5.20289598591e-05,704181.086842
11.6138888889,-0.00102565239649,0.579487860203,2.40512919426,4.43056342192e-06,1.57861195476e-05,0,0,4.47087622888e-05,0.0166674368083,0,0,0,0,0,5.20300727373e-05,704181.086842
11.625,-0.00102565239649,0.579487860203,2.40512919426,4.43056342192e-06,1.57861195476e-05,0,0,4.47087622888e-05,0.0166674368083,0,0,0,0,0,5.20296150406e-05,704181.086842
11.6361111111,-0.00102565239649,0.579487860203,2.40512919426,4.43056342192e-06,1.57861195476e-05,0,0,4.47087622888e-05,0.0166674368083,0,0,0,0,0,5.20294979903e-05,704181.086842
11.6472222222,-0.00102565239649,0.579487860203,2.40512919426,4.43056342192e-06,1.57861195476e-05,0,0,4.47087622888e-05,0.0166674368083,0,0,0,0,0,5.20298947172e-05,704181.086842
11.6583333333,-0.00102565239649,0.579487860203,2.40512919426,4.43056342192e-06,1.57861195476e-05,0,0,4.47087622888e-05,0.0166674368083,0,0,0,0,0,5.20299299455e-05,704181.086842
11.6694444444,-0.00102565239649,0.579487860203,2.40512919426,4.43056342192e-06,1.57861195476e-05,0,0,4.47087622888e-05,0.0166674368083,0,0,0,0,0,5.20299158126e-05,704181.086842
11.6805555556,-0.00102565239649,0.579487860203,2.40512919426,4.43056342192e-06,1.57861195476e-05,0,0,4.47087622888e-05,0.0166674368083,0,0,0,0,0,5.20299143538e-05,704181.086842
11.6916666667,-0.00102565239649,0.579487860203,2.40512919426,4.43056342192e-06,1.57861195476e-05,0,0,4.47087622888e-05,0.0166674368083,0,0,0,0,0,5.20299202825e-05,704181.086842
11.7027777778,-0.00102565239649,0.579487860203,2.40512919426,4.43056342192e-06,1.57861195476e-05,0,0,4.47087622888e-05,0.0166674368083,0,0,0,0,0,5.20299060256e-05,704181.086842
11.7138888889,-0.00102565239649,0.579487860203,2.40512919426,4.43056342192e-06,1.57861195476e-05,0,0,4.47087622888e-05,0.0166674368083,0,0,0,0,0,5.20300914808e-05,704181.086842
11.725,-0.00102565239649,0.579487860203,2.40512919426,4.43056342192e-06,1.57861195476e-05,0,0,4.47087622888e-05,0.0166674368083,0,0,0,0,0,5.20299176041e-05,704181.086842
11.7361111111,-0.00102565239649,0.579487860203,2.40512919426,4.43056342192e-06,1.57861195476e-05,0,0,4.47087622888e-05,0.0166674368083,0,0,0,0,0,5.20299293276e-05,704181.086842
11.7472222222,-0.00102565239649,0.579487860203,2.40512919426,4.43056342192e-06,1.57861195476e-05,0,0,4.47087622888e-05,0.0166674368083,0,0,0,0,0,5.20299278182e-05,704181.086842
11.7583333333,-0.00102565239649,0.579487860203,2.40512919426,4.43056342192e-06,1.57861195476e-05,0,0,4.47087622888e-05,0.0166674368083,0,0,0,0,0,5.20299227744e-05,704181.086842
11.7694444444,-0.00102565239649,0.579487860203,2.40512919426,4.43056342192e-06,1.57861195476e-05,0,0,4.47087622888e-05,0.0166674368083,0,0,0,0,0,5.2029928227e-05,704181.086842
11.7805555556,-0.00102565239649,0.579487860203,2.40512919426,4.43056342192e-06,1.57861195476e-05,0,0,4.47087622888e-05,0.0166674368083,0,0,0,0,0,5.20300510467e-05,704181.086842
11.7916666667,-0.00102565239649,0.579487860203,2.40512919426,4.43056342192e-06,1.57861195476e-05,0,0,4.47087622888e-05,0.0166674368083,0,0,0,0,0,5.20299469657e-05,704181.086842
11.8027777778,-0.00102565239649,0.579487860203,2.40512919426,4.43056342192e-06,1.57861195476e-05,0,0,4.47087622888e-05,0.0166674368083,0,0,0,0,0,5.20294377438e-05,704181.086842
11.8138888889,-0.00102565239649,0.579487860203,2.40512919426,4.43056342192e-06,1.57861195476e-05,0,0,4.47087622888e-05,0.0166674368083,0,0,0,0,0,5.20299314737e-05,704181.086842
11.825,-0.00102565239649,0.579487860203,2.40512919426,4.43056342192e-06,1.57861195476e-05,0,0,4.47087622888e-05,0.0166674368083,0,0,0,0,0,5.20300347859e-05,704181.086842
11.8361111111,-0.00102565239649,0.579487860203,2.40512919426,4.43056342192e-06,1.57861195476e-05,0,0,4.47087622888e-05,0.0166674368083,0,0,0,0,0,5.20294199367e-05,704181.086842
11.8472222222,-0.00102565239649,0.579487860203,2.40512919426,4.43056342192e-06,1.57861195476e-05,0,0,4.47087622888e-05,0.0166674368083,0,0,0,0,0,5.20299405124e-05,704181.086842
11.8583333333,-0.00102565239649,0.579487860203,2.40512919426,4.43056342192e-06,1.57861195476e-05,0,0,4.47087622888e-05,0.0166674368083,0,0,0,0,0,5.20300683868e-05,704181.086842
11.8694444444,-0.00102565239649,0.579487860203,2.40512919426,4.43056342192e-06,1.57861195476e-05,0,0,4.47087622888e-05,0.0166674368083,0,0,0,0,0,5.20299418465e-05,704181.086842
11.8805555556,-0.00102565239649,0.579487860203,2.40512919426,4.43056342192e-06,1.57861195476e-05,0,0,4.47087622888e-05,0.0166674368083,0,0,0,0,0,5.20300745297e-05,704181.086842
11.8916666667,-0.00102565239649,0.579487860203,2.40512919426,4.43056342192e-06,1.57861195476e-05,0,0,4.47087622888e-05,0.0166674368083,0,0,0,0,0,5.20294178327e-05,704181.086842
11.9027777778,-0.00102565239649,0.579487860203,2.40512919426,4.43056342192e-06,1.57861195476e-05,0,0,4.47087622888e-05,0.0166674368083,0,0,0,0,0,5.2029641254e-05,704181.086842
11.9138888889,-0.00102565239649,0.579487860203,2.40512919426,4.43056342192e-06,1.57861195476e-05,0,0,4.47087622888e-05,0.0166674368083,0,0,0,0,0,5.20287905001e-05,704181.086842
11.925,-0.00102565239649,0.579487860203,2.40512919426,4.43056342192e-06,1.57861195476e-05,0,0,4.47087622888e-05,0.0166674368083,0,0,0,0,0,5.20289681471e-05,704181.086842
11.9361111111,-0.00102565239649,0.579487860203,2.40512919426,4.43056342192e-06,1.57861195476e-05,0,0,4.47087622888e-05,0.0166674368083,0,0,0,0,0,5.20279694485e-05,704181.086842
11.9472222222,-0.00102565239649,0.579487860203,2.40512919426,4.43056342192e-06,1.57861195476e-05,0,0,4.47087622888e-05,0.0166674368083,0,0,0,0,0,5.20293431277e-05,704181.086842
11.9583333333,-0.00102565239649,0.579487860203,2.40512919426,4.43056342192e-06,1.57861195476e-05,0,0,4.47087622888e-05,0.0166674368083,0,0,0,0,0,5.20290995699e-05,704181.086842
11.9694444444,-0.00102565239649,0.579487860203,2.40512919426,4.43056342192e-06,1.57861195476e-05,0,0,4.47087622888e-05,0.0166674368083,0,0,0,0,0,5.20292222948e-05,704181.086842
11.9805555556,-0.00102565239649,0.579487860203,2.40512919426,4.43056342192e-06,1.57861195476e-05,0,0,4.47087622888e-05,0.0166674368083,0,0,0,0,0,5.20292255144e-05,704181.086842
11.9916666667,-0.00102565239649,0.579487860203,2.40512919426,4.43056342192e-06,1.57861195476e-05,0,0,4.47087622888e-05,0.0166674368083,0,0,0,0,0,5.20290805709e-05,704181.086842
12.0027777778,-0.00102565239649,0.579487860203,2.40512919426,4.43056342192e-06,1.57861195476e-05,0,0,4.47087622888e-05,0.0166674368083,0,0,0,0,0,5.20292188199e-05,704181.086842
12.0138888889,-0.00102565239649,0.579487860203,2.40512919426,4.43056342192e-06,1.57861195476e-05,0,0,4.47087622888e-05,0.0166674368083,0,0,0,0,0,5.20289554462e-05,704181.086842
12.025,-0.00102565239649,0.579487860203,2.40512919426,4.43056342192e-06,1.57861195476e-05,0,0,4.47087622888e-05,0.0166674368083,0,0,0,0,0,5.20292150381e-05,704181.086842
12.0361111111,-0.00102565239649,0.579487860203,2.40512919426,4.43056342192e-06,1.57861195476e-05,0,0,4.47087622888e-05,0.0166674368083,0,0,0,0,0,5.20292381495e-05,704181.086842
12.0472222222,-0.00102565239649,0.579487860203,2.40512919426,4.43056342192e-06,1.57861195476e-05,0,0,4.47087622888e-05,0.0166674368083,0,0,0,0,0,5.20290836363e-05,704181.086842
12.0583333333,-0.00102565239649,0.579487860203,2.40512919426,4.43056342192e-06,1.57861195476e-05,0,0,4.47087622888e-05,0.0166674368083,0,0,0,0,0,5.20290710138e-05,704181.086842
12.0694444444,-0.00102565239649,0.579487860203,2.40512919426,4.43056342192e-06,1.57861195476e-05,0,0,4.47087622888e-05,0.0166674368083,0,0,0,0,0,5.20291019943e-05,704181.086842
12.0805555556,-0.00102565239649,0.579487860203,2.40512919426,4.43056342192e-06,1.57861195476e-05,0,0,4.47087622888e-05,0.0166674368083,0,0,0,0,0,5.20291164065e-05,704181.086842
12.0916666667,-0.00102565239649,0.579487860203,2.40512919426,4.43056342192e-06,1.57861195476e-05,0,0,4.47087622888e-05,0.0166674368083,0,0,0,0,0,5.2029108844e-05,704181.086842
12.1027777778,-0.00102565239649,0.579487860203,2.40512919426,4.43056342192e-06,1.57861195476e-05,0,0,4.47087622888e-05,0.0166674368083,0,0,0,0,0,5.20290747365e-05,704181.086842
12.1138888889,-0.00102565239649,0.579487860203,2.40512919426,4.43056342192e-06,1.57861195476e-05,0,0,4.47087622888e-05,0.0166674368083,0,0,0,0,0,5.20291278339e-05,704181.086842
12.125,-0.00102565239649,0.579487860203,2.40512919426,4.43056342192e-06,1.57861195476e-05,0,0,4.47087622888e-05,0.0166674368083,0,0,0,0,0,5.20291253712e-05,704181.086842
12.1361111111,-0.00102565239649,0.579487860203,2.40512919426,4.43056342192e-06,1.57861195476e-05,0,0,4.47087622888e-05,0.0166674368083,0,0,0,0,0,5.2029050953e-05,704181.086842
12.1472222222,-0.00102565239649,0.579487860203,2.40512919426,4.43056342192e-06,1.57861195476e-05,0,0,4.47087622888e-05,0.0166674368083,0,0,0,0,0,5.20290970978e-05,704181.086842
12.1583333333,-0.00102565239649,0.579487860203,2.40512919426,4.43056342192e-06,1.57861195476e-05,0,0,4.47087622888e-05,0.0166674368083,0,0,0,0,0,5.2029102032e-05,704181.086842
12.1694444444,-0.00102565239649,0.579487860203,2.40512919426,4.43056342192e-06,1.57861195476e-05,0,0,4.47087622888e-05,0.0166674368083,0,0,0,0,0,5.20289845191e-05,704181.086842
12.1805555556,-0.00102565239649,0.579487860203,2.40512919426,4.43056342192e-06,1.57861195476e-05,0,0,4.47087622888e-05,0.0166674368083,0,0,0,0,0,5.20292771569e-05,704181.086842
12.1916666667,-0.00102565239649,0.579487860203,2.40512919426,4.43056342192e-06,1.57861195476e-05,0,0,4.47087622888e-05,0.0166674368083,0,0,0,0,0,5.20287291848e-05,704181.086842
12.2027777778,-0.00102565239649,0.579487860203,2.40512919426,4.43056342192e-06,1.57861195476e-05,0,0,4.47087622888e-05,0.0166674368083,0,0,0,0,0,5.20289814893e-05,704181.086842
12.2138888889,-0.00102565239649,0.579487860203,2.40512919426,4.43056342192e-06,1.57861195476e-05,0,0,4.47087622888e-05,0.0166674368083,0,0,0,0,0,5.20288059043e-05,704181.086842
12.225,-0.00102565239649,0.579487860203,2.40512919426,4.43056342192e-06,1.57861195476e-05,0,0,4.47087622888e-05,0.0166674368083,0,0,0,0,0,5.20289330663e-05,704181.086842
12.2361111111,-0.00102565239649,0.579487860203,2.40512919426,4.43056342192e-06,1.57861195476e-05,0,0,4.47087622888e-05,0.0166674368083,0,0,0,0,0,5.2029580908e-05,704181.086842
12.2472222222,-0.00102565239649,0.579487860203,2.40512919426,4.43056342192e-06,1.57861195476e-05,0,0,4.47087622888e-05,0.0166674368083,0,0,0,0,0,5.20295648357e-05,704181.086842
12.2583333333,-0.00102565239649,0.579487860203,2.40512919426,4.43056342192e-06,1.57861195476e-05,0,0,4.47087622888e-05,0.0166674368083,0,0,0,0,0,5.20284534037e-05,704181.086842
12.2694444444,-0.00102565239649,0.579487860203,2.40512919426,4.43056342192e-06,1.57861195476e-05,0,0,4.47087622888e-05,0.0166674368083,0,0,0,0,0,5.20294247605e-05,704181.086842
12.2805555556,-0.00102565239649,0.579487860203,2.40512919426,4.43056342192e-06,1.57861195476e-05,0,0,4.47087622888e-05,0.0166674368083,0,0,0,0,0,5.20290402279e-05,704181.086842
12.2916666667,-0.00102565239649,0.579487860203,2.40512919426,4.43056342192e-06,1.57861195476e-05,0,0,4.47087622888e-05,0.0166674368083,0,0,0,0,0,5.20284052324e-05,704181.086842
12.3027777778,-0.00102565239649,0.579487860203,2.40512919426,4.43056342192e-06,1.57861195476e-05,0,0,4.47087622888e-05,0.0166674368083,0,0,0,0,0,5.20290636033e-05,704181.086842
12.3138888889,-0.00102565239649,0.579487860203,2.40512919426,4.43056342192e-06,1.57861195476e-05,0,0,4.47087622888e-05,0.0166674368083,0,0,0,0,0,5.202934548e-05,704181.086842
12.325,-0.00102565239649,0.579487860203,2.40512919426,4.43056342192e-06,1.57861195476e-05,0,0,4.47087622888e-05,0.0166674368083,0,0,0,0,0,5.20294961798e-05,704181.086842
12.3361111111,-0.00102565239649,0.579487860203,2.40512919426,4.43056342192e-06,1.57861195476e-05,0,0,4.47087622888e-05,0.0166674368083,0,0,0,0,0,5.2029637274e-05,704181.086842
12.3472222222,-0.00102565239649,0.579487860203,2.40512919426,4.43056342192e-06,1.57861195476e-05,0,0,4.47087622888e-05,0.0166674368083,0,0,0,0,0,5.20288755901e-05,704181.086842
12.3583333333,-0.00102565239649,0.579487860203,2.40512919426,4.43056342192e-06,1.57861195476e-05,0,0,4.47087622888e-05,0.0166674368083,0,0,0,0,0,5.20288492042e-05,704181.086842
12.3694444444,-0.00102565239649,0.579487860203,2.40512919426,4.43056342192e-06,1.57861195476e-05,0,0,4.47087622888e-05,0.0166674368083,0,0,0,0,0,5.20292672494e-05,704181.086842
12.3805555556,-0.00102565239649,0.579487860203,2.40512919426,4.43056342192e-06,1.57861195476e-05,0,0,4.47087622888e-05,0.0166674368083,0,0,0,0,0,5.20286212081e-05,704181.086842
12.3916666667,-0.00102565239649,0.579487860203,2.40512919426,4.43056342192e-06,1.57861195476e-05,0,0,4.47087622888e-05,0.0166674368083,0,0,0,0,0,5.20288690239e-05,704181.086842
12.4027777778,-0.00102565239649,0.579487860203,2.40512919426,4.43056342192e-06,1.57861195476e-05,0,0,4.47087622888e-05,0.0166674368083,0,0,0,0,0,5.20292409372e-05,704181.086842
12.4138888889,-0.00102565239649,0.579487860203,2.40512919426,4.43056342192e-06,1.57861195476e-05,0,0,4.47087622888e-05,0.0166674368083,0,0,0,0,0,5.2029255895e-05,704181.086842
12.425,-0.00102565239649,0.579487860203,2.40512919426,4.43056342192e-06,1.57861195476e-05,0,0,4.47087622888e-05,0.0166674368083,0,0,0,0,0,5.20285963668e-05,704181.086842
12.4361111111,-0.00102565239649,0.579487860203,2.40512919426,4.43056342192e-06,1.57861195476e-05,0,0,4.47087622888e-05,0.0166674368083,0,0,0,0,0,5.2029151175e-05,704181.086842
12.4472222222,-0.00102565239649,0.579487860203,2.40512919426,4.43056342192e-06,1.57861195476e-05,0,0,4.47087622888e-05,0.0166674368083,0,0,0,0,0,5.20290359434e-05,704181.086842
12.4583333333,-0.00102565239649,0.579487860203,2.40512919426,4.43056342192e-06,1.57861195476e-05,0,0,4.47087622888e-05,0.0166674368083,0,0,0,0,0,5.20292660319e-05,704181.086842
12.4694444444,-0.00102565239649,0.579487860203,2.40512919426,4.43056342192e-06,1.57861195476e-05,0,0,4.47087622888e-05,0.0166674368083,0,0,0,0,0,5.20292859709e-05,704181.086842
12.4805555556,-0.00102565239649,0.579487860203,2.40512919426,4.43056342192e-06,1.57861195476e-05,0,0,4.47087622888e-05,0.0166674368083,0,0,0,0,0,5.20292598138e-05,704181.086842
12.4916666667,-0.00102565239649,0.579487860203,2.40512919426,4.43056342192e-06,1.57861195476e-05,0,0,4.47087622888e-05,0.0166674368083,0,0,0,0,0,5.20283995854e-05,704181.086842
12.5027777778,-0.00102565239649,0.579487860203,2.40512919426,4.43056342192e-06,1.57861195476e-05,0,0,4.47087622888e-05,0.0166674368083,0,0,0,0,0,5.20292247746e-05,704181.086842
12.5138888889,-0.00102565239649,0.579487860203,2.40512919426,4.43056342192e-06,1.57861195476e-05,0,0,4.47087622888e-05,0.0166674368083,0,0,0,0,0,5.20294652337e-05,704181.086842
12.525,-0.00102565239649,0.579487860203,2.40512919426,4.43056342192e-06,1.57861195476e-05,0,0,4.47087622888e-05,0.0166674368083,0,0,0,0,0,5.20296320117e-05,704181.086842
12.5361111111,-0.00102565239649,0.579487860203,2.40512919426,4.43056342192e-06,1.57861195476e-05,0,0,4.47087622888e-05,0.0166674368083,0,0,0,0,0,5.20293304338e-05,704181.086842
12.5472222222,-0.00102565239649,0.579487860203,2.40512919426,4.43056342192e-06,1.57861195476e-05,0,0,4.47087622888e-05,0.0166674368083,0,0,0,0,0,5.20293273268e-05,704181.086842
12.5583333333,-0.00102565239649,0.579487860203,2.40512919426,4.43056342192e-06,1.57861195476e-05,0,0,4.47087622888e-05,0.0166674368083,0,0,0,0,0,5.20293834198e-05,704181.086842
12.5694444444,-0.00102565239649,0.579487860203,2.40512919426,4.43056342192e-06,1.57861195476e-05,0,0,4.47087622888e-05,0.0166674368083,0,0,0,0,0,5.20292893827e-05,704181.086842
12.5805555556,-0.00102565239649,0.579487860203,2.40512919426,4.43056342192e-06,1.57861195476e-05,0,0,4.47087622888e-05,0.0166674368083,0,0,0,0,0,5.20281598975e-05,704181.086842
12.5916666667,-0.00102565239649,0.579487860203,2.40512919426,4.43056342192e-06,1.57861195476e-05,0,0,4.47087622888e-05,0.0166674368083,0,0,0,0,0,5.20289534026e-05,704181.086842
12.6027777778,-0.00102565239649,0.579487860203,2.40512919426,4.43056342192e-06,1.57861195476e-05,0,0,4.47087622888e-05,0.0166674368083,0,0,0,0,0,5.20291682392e-05,704181.086842
12.6138888889,-0.00102565239649,0.579487860203,2.40512919426,4.43056342192e-06,1.57861195476e-05,0,0,4.47087622888e-05,0.0166674368083,0,0,0,0,0,5.20288437308e-05,704181.086842
12.625,-0.00102565239649,0.579487860203,2.40512919426,4.43056342192e-06,1.57861195476e-05,0,0,4.47087622888e-05,0.0166674368083,0,0,0,0,0,5.20297346946e-05,704181.086842
12.6361111111,-0.00102565239649,0.579487860203,2.40512919426,4.43056342192e-06,1.57861195476e-05,0,0,4.47087622888e-05,0.0166674368083,0,0,0,0,0,5.20291774813e-05,704181.086842
12.6472222222,-0.00102565239649,0.579487860203,2.40512919426,4.43056342192e-06,1.57861195476e-05,0,0,4.47087622888e-05,0.0166674368083,0,0,0,0,0,5.20291288296e-05,704181.086842
12.6583333333,-0.00102565239649,0.579487860203,2.40512919426,4.43056342192e-06,1.57861195476e-05,0,0,4.47087622888e-05,0.0166674368083,0,0,0,0,0,5.20289802712e-05,704181.086842
12.6694444444,-0.00102565239649,0.579487860203,2.40512919426,4.43056342192e-06,1.57861195476e-05,0,0,4.47087622888e-05,0.0166674368083,0,0,0,0,0,5.20289825115e-05,704181.086842
12.6805555556,-0.00102565239649,0.579487860203,2.40512919426,4.43056342192e-06,1.57861195476e-05,0,0,4.47087622888e-05,0.0166674368083,0,0,0,0,0,5.20289401282e-05,704181.086842
12.6916666667,-0.00102565239649,0.579487860203,2.40512919426,4.43056342192e-06,1.57861195476e-05,0,0,4.47087622888e-05,0.0166674368083,0,0,0,0,0,5.20289617611e-05,704181.086842
12.7027777778,-0.00102565239649,0.579487860203,2.40512919426,4.43056342192e-06,1.57861195476e-05,0,0,4.47087622888e-05,0.0166674368083,0,0,0,0,0,5.20289678693e-05,704181.086842
12.7138888889,-0.00102565239649,0.579487860203,2.40512919426,4.43056342192e-06,1.57861195476e-05,0,0,4.47087622888e-05,0.0166674368083,0,0,0,0,0,5.20291042364e-05,704181.086842
12.725,-0.00102565239649,0.579487860203,2.40512919426,4.43056342192e-06,1.57861195476e-05,0,0,4.47087622888e-05,0.0166674368083,0,0,0,0,0,5.20289805386e-05,704181.086842
12.7361111111,-0.00102565239649,0.579487860203,2.40512919426,4.43056342192e-06,1.57861195476e-05,0,0,4.47087622888e-05,0.0166674368083,0,0,0,0,0,5.20287435405e-05,704181.086842
12.7472222222,-0.00102565239649,0.579487860203,2.40512919426,4.43056342192e-06,1.57861195476e-05,0,0,4.47087622888e-05,0.0166674368083,0,0,0,0,0,5.20293749854e-05,704181.086842
12.7583333333,-0.00102565239649,0.579487860203,2.40512919426,4.43056342192e-06,1.57861195476e-05,0,0,4.47087622888e-05,0.0166674368083,0,0,0,0,0,5.2029079852e-05,704181.086842
12.7694444444,-0.00102565239649,0.579487860203,2.40512919426,4.43056342192e-06,1.57861195476e-05,0,0,4.47087622888e-05,0.0166674368083,0,0,0,0,0,5.20292630102e-05,704181.086842
12.7805555556,-0.00102565239649,0.579487860203,2.40512919426,4.43056342192e-06,1.57861195476e-05,0,0,4.47087622888e-05,0.0166674368083,0,0,0,0,0,5.20290996478e-05,704181.086842
12.7916666667,-0.00102565239649,0.579487860203,2.40512919426,4.43056342192e-06,1.57861195476e-05,0,0,4.47087622888e-05,0.0166674368083,0,0,0,0,0,5.2028972416e-05,704181.086842
12.8027777778,-0.00102565239649,0.579487860203,2.40512919426,4.43056342192e-06,1.57861195476e-05,0,0,4.47087622888e-05,0.0166674368083,0,0,0,0,0,5.20290866491e-05,704181.086842
12.8138888889,-0.00102565239649,0.579487860203,2.40512919426,4.43056342192e-06,1.57861195476e-05,0,0,4.47087622888e-05,0.0166674368083,0,0,0,0,0,5.20290756569e-05,704181.086842
12.825,-0.00102565239649,0.579487860203,2.40512919426,4.43056342192e-06,1.57861195476e-05,0,0,4.47087622888e-05,0.0166674368083,0,0,0,0,0,5.2029104836e-05,704181.086842
12.8361111111,-0.00102565239649,0.579487860203,2.40512919426,4.43056342192e-06,1.57861195476e-05,0,0,4.47087622888e-05,0.0166674368083,0,0,0,0,0,5.20292594004e-05,704181.086842
12.8472222222,-0.00102565239649,0.579487860203,2.40512919426,4.43056342192e-06,1.57861195476e-05,0,0,4.47087622888e-05,0.0166674368083,0,0,0,0,0,5.20293504478e-05,704181.086842
12.8583333333,-0.00102565239649,0.579487860203,2.40512919426,4.43056342192e-06,1.57861195476e-05,0,0,4.47087622888e-05,0.0166674368083,0,0,0,0,0,5.20292519902e-05,704181.086842
12.8694444444,-0.00102565239649,0.579487860203,2.40512919426,4.43056342192e-06,1.57861195476e-05,0,0,4.47087622888e-05,0.0166674368083,0,0,0,0,0,5.20293534709e-05,704181.086842
12.8805555556,-0.00102565239649,0.579487860203,2.40512919426,4.43056342192e-06,1.57861195476e-05,0,0,4.47087622888e-05,0.0166674368083,0,0,0,0,0,5.20292098381e-05,704181.086842
12.8916666667,-0.00102565239649,0.579487860203,2.40512919426,4.43056342192e-06,1.57861195476e-05,0,0,4.47087622888e-05,0.0166674368083,0,0,0,0,0,5.20292110386e-05,704181.086842
12.9027777778,-0.00102565239649,0.579487860203,2.40512919426,4.43056342192e-06,1.57861195476e-05,0,0,4.47087622888e-05,0.0166674368083,0,0,0,0,0,5.20293787416e-05,704181.086842
12.9138888889,-0.00102565239649,0.579487860203,2.40512919426,4.43056342192e-06,1.57861195476e-05,0,0,4.47087622888e-05,0.0166674368083,0,0,0,0,0,5.2029235408e-05,704181.086842
12.925,-0.00102565239649,0.579487860203,2.40512919426,4.43056342192e-06,1.57861195476e-05,0,0,4.47087622888e-05,0.0166674368083,0,0,0,0,0,5.20292453224e-05,704181.086842
12.9361111111,-0.00102565239649,0.579487860203,2.40512919426,4.43056342192e-06,1.57861195476e-05,0,0,4.47087622888e-05,0.0166674368083,0,0,0,0,0,5.20293737267e-05,704181.086842
12.9472222222,-0.00102565239649,0.579487860203,2.40512919426,4.43056342192e-06,1.57861195476e-05,0,0,4.47087622888e-05,0.0166674368083,0,0,0,0,0,5.20293688499e-05,704181.086842
12.9583333333,-0.00102565239649,0.579487860203,2.40512919426,4.43056342192e-06,1.57861195476e-05,0,0,4.47087622888e-05,0.0166674368083,0,0,0,0,0,5.20293565723e-05,704181.086842
12.9694444444,-0.00102565239649,0.579487860203,2.40512919426,4.43056342192e-06,1.57861195476e-05,0,0,4.47087622888e-05,0.0166674368083,0,0,0,0,0,5.20292692094e-05,704181.086842
12.9805555556,-0.00102565239649,0.579487860203,2.40512919426,4.43056342192e-06,1.57861195476e-05,0,0,4.47087622888e-05,0.0166674368083,0,0,0,0,0,5.20294796015e-05,704181.086842
12.9916666667,-0.00102565239649,0.579487860203,2.40512919426,4.43056342192e-06,1.57861195476e-05,0,0,4.47087622888e-05,0.0166674368083,0,0,0,0,0,5.20292433583e-05,704181.086842
13.0027777778,-0.00102565239649,0.579487860203,2.40512919426,4.43056342192e-06,1.57861195476e-05,0,0,4.47087622888e-05,0.0166674368083,0,0,0,0,0,5.20293737764e-05,704181.086842
13.0138888889,-0.00102565239649,0.579487860203,2.40512919426,4.43056342192e-06,1.57861195476e-05,0,0,4.47087622888e-05,0.0166674368083,0,0,0,0,0,5.20293641064e-05,704181.086842
13.025,-0.00102565239649,0.579487860203,2.40512919426,4.43056342192e-06,1.57861195476e-05,0,0,4.47087622888e-05,0.0166674368083,0,0,0,0,0,5.202951074e-05,704181.086842
13.0361111111,-0.00102565239649,0.579487860203,2.40512919426,4.43056342192e-06,1.57861195476e-05,0,0,4.47087622888e-05,0.0166674368083,0,0,0,0,0,5.20294167642e-05,704181.086842
13.0472222222,-0.00102565239649,0.579487860203,2.40512919426,4.43056342192e-06,1.57861195476e-05,0,0,4.47087622888e-05,0.0166674368083,0,0,0,0,0,5.20292699246e-05,704181.086842
13.0583333333,-0.00102565239649,0.579487860203,2.40512919426,4.43056342192e-06,1.57861195476e-05,0,0,4.47087622888e-05,0.0166674368083,0,0,0,0,0,5.20291169664e-05,704181.086842
13.0694444444,-0.00102565239649,0.579487860203,2.40512919426,4.43056342192e-06,1.57861195476e-05,0,0,4.47087622888e-05,0.0166674368083,0,0,0,0,0,5.20293814469e-05,704181.086842
13.0805555556,-0.00102565239649,0.579487860203,2.40512919426,4.43056342192e-06,1.57861195476e-05,0,0,4.47087622888e-05,0.0166674368083,0,0,0,0,0,5.20293874433e-05,704181.086842
13.0916666667,-0.00102565239649,0.579487860203,2.40512919426,4.43056342192e-06,1.57861195476e-05,0,0,4.47087622888e-05,0.0166674368083,0,0,0,0,0,5.20293469399e-05,704181.086842
13.1027777778,-0.00102565239649,0.579487860203,2.40512919426,4.43056342192e-06,1.57861195476e-05,0,0,4.47087622888e-05,0.0166674368083,0,0,0,0,0,5.20293877226e-05,704181.086842
13.1138888889,-0.00102565239649,0.579487860203,2.40512919426,4.43056342192e-06,1.57861195476e-05,0,0,4.47087622888e-05,0.0166674368083,0,0,0,0,0,5.20292434371e-05,704181.086842
13.125,-0.00102565239649,0.579487860203,2.40512919426,4.43056342192e-06,1.57861195476e-05,0,0,4.47087622888e-05,0.0166674368083,0,0,0,0,0,5.20293739042e-05,704181.086842
13.1361111111,-0.00102565239649,0.579487860203,2.40512919426,4.43056342192e-06,1.57861195476e-05,0,0,4.47087622888e-05,0.0166674368083,0,0,0,0,0,5.20293695585e-05,704181.086842
13.1472222222,-0.00102565239649,0.579487860203,2.40512919426,4.43056342192e-06,1.57861195476e-05,0,0,4.47087622888e-05,0.0166674368083,0,0,0,0,0,5.20292445283e-05,704181.086842
13.1583333333,-0.00102565239649,0.579487860203,2.40512919426,4.43056342192e-06,1.57861195476e-05,0,0,4.47087622888e-05,0.0166674368083,0,0,0,0,0,5.20291206182e-05,704181.086842
13.1694444444,-0.00102565239649,0.579487860203,2.40512919426,4.43056342192e-06,1.57861195476e-05,0,0,4.47087622888e-05,0.0166674368083,0,0,0,0,0,5.20290834995e-05,704181.086842
13.1805555556,-0.00102565239649,0.579487860203,2.40512919426,4.43056342192e-06,1.57861195476e-05,0,0,4.47087622888e-05,0.0166674368083,0,0,0,0,0,5.2029193491e-05,704181.086842
13.1916666667,-0.00102565239649,0.579487860203,2.40512919426,4.43056342192e-06,1.57861195476e-05,0,0,4.47087622888e-05,0.0166674368083,0,0,0,0,0,5.20291055218e-05,704181.086842
13.2027777778,-0.00102565239649,0.579487860203,2.40512919426,4.43056342192e-06,1.57861195476e-05,0,0,4.47087622888e-05,0.0166674368083,0,0,0,0,0,5.2029209416e-05,704181.086842
13.2138888889,-0.00102565239649,0.579487860203,2.40512919426,4.43056342192e-06,1.57861195476e-05,0,0,4.47087622888e-05,0.0166674368083,0,0,0,0,0,5.20289456249e-05,704181.086842
13.225,-0.00102565239649,0.579487860203,2.40512919426,4.43056342192e-06,1.57861195476e-05,0,0,4.47087622888e-05,0.0166674368083,0,0,0,0,0,5.20289699696e-05,704181.086842
13.2361111111,-0.00102565239649,0.579487860203,2.40512919426,4.43056342192e-06,1.57861195476e-05,0,0,4.47087622888e-05,0.0166674368083,0,0,0,0,0,5.20289972206e-05,704181.086842
13.2472222222,-0.00102565239649,0.579487860203,2.40512919426,4.43056342192e-06,1.57861195476e-05,0,0,4.47087622888e-05,0.0166674368083,0,0,0,0,0,5.2028784766e-05,704181.086842
13.2583333333,-0.00102565239649,0.579487860203,2.40512919426,4.43056342192e-06,1.57861195476e-05,0,0,4.47087622888e-05,0.0166674368083,0,0,0,0,0,5.20290606178e-05,704181.086842
13.2694444444,-0.00102565239649,0.579487860203,2.40512919426,4.43056342192e-06,1.57861195476e-05,0,0,4.47087622888e-05,0.0166674368083,0,0,0,0,0,5.20285776095e-05,704181.086842
13.2805555556,-0.00102565239649,0.579487860203,2.40512919426,4.43056342192e-06,1.57861195476e-05,0,0,4.47087622888e-05,0.0166674368083,0,0,0,0,0,5.20291722437e-05,704181.086842
13.2916666667,-0.00102565239649,0.579487860203,2.40512919426,4.43056342192e-06,1.57861195476e-05,0,0,4.47087622888e-05,0.0166674368083,0,0,0,0,0,5.20289088785e-05,704181.086842
13.3027777778,-0.00102565239649,0.579487860203,2.40512919426,4.43056342192e-06,1.57861195476e-05,0,0,4.47087622888e-05,0.0166674368083,0,0,0,0,0,5.20291836234e-05,704181.086842
13.3138888889,-0.00102565239649,0.579487860203,2.40512919426,4.43056342192e-06,1.57861195476e-05,0,0,4.47087622888e-05,0.0166674368083,0,0,0,0,0,5.20289764875e-05,704181.086842
13.325,-0.00102565239649,0.579487860203,2.40512919426,4.43056342192e-06,1.57861195476e-05,0,0,4.47087622888e-05,0.0166674368083,0,0,0,0,0,5.20289903212e-05,704181.086842
13.3361111111,-0.00102565239649,0.579487860203,2.40512919426,4.43056342192e-06,1.57861195476e-05,0,0,4.47087622888e-05,0.0166674368083,0,0,0,0,0,5.20289716237e-05,704181.086842
13.3472222222,-0.00102565239649,0.579487860203,2.40512919426,4.43056342192e-06,1.57861195476e-05,0,0,4.47087622888e-05,0.0166674368083,0,0,0,0,0,5.20292853596e-05,704181.086842
13.3583333333,-0.00102565239649,0.579487860203,2.40512919426,4.43056342192e-06,1.57861195476e-05,0,0,4.47087622888e-05,0.0166674368083,0,0,0,0,0,5.20291105434e-05,704181.086842
13.3694444444,-0.00102565239649,0.579487860203,2.40512919426,4.43056342192e-06,1.57861195476e-05,0,0,4.47087622888e-05,0.0166674368083,0,0,0,0,0,5.20284139337e-05,704181.086842
13.3805555556,-0.00102565239649,0.579487860203,2.40512919426,4.43056342192e-06,1.57861195476e-05,0,0,4.47087622888e-05,0.0166674368083,0,0,0,0,0,5.20287349776e-05,704181.086842
13.3916666667,-0.00102565239649,0.579487860203,2.40512919426,4.43056342192e-06,1.57861195476e-05,0,0,4.47087622888e-05,0.0166674368083,0,0,0,0,0,5.2029228376e-05,704181.086842
13.4027777778,-0.00102565239649,0.579487860203,2.40512919426,4.43056342192e-06,1.57861195476e-05,0,0,4.47087622888e-05,0.0166674368083,0,0,0,0,0,5.20292334454e-05,704181.086842
13.4138888889,-0.00102565239649,0.579487860203,2.40512919426,4.43056342192e-06,1.57861195476e-05,0,0,4.47087622888e-05,0.0166674368083,0,0,0,0,0,5.20289451077e-05,704181.086842
13.425,-0.00102565239649,0.579487860203,2.40512919426,4.43056342192e-06,1.57861195476e-05,0,0,4.47087622888e-05,0.0166674368083,0,0,0,0,0,5.20289144341e-05,704181.086842
13.4361111111,-0.00102565239649,0.579487860203,2.40512919426,4.43056342192e-06,1.57861195476e-05,0,0,4.47087622888e-05,0.0166674368083,0,0,0,0,0,5.20287508024e-05,704181.086842
13.4472222222,-0.00102565239649,0.579487860203,2.40512919426,4.43056342192e-06,1.57861195476e-05,0,0,4.47087622888e-05,0.0166674368083,0,0,0,0,0,5.20286073183e-05,704181.086842
13.4583333333,-0.00102565239649,0.579487860203,2.40512919426,4.43056342192e-06,1.57861195476e-05,0,0,4.47087622888e-05,0.0166674368083,0,0,0,0,0,5.20286187409e-05,704181.086842
13.4694444444,-0.00102565239649,0.579487860203,2.40512919426,4.43056342192e-06,1.57861195476e-05,0,0,4.47087622888e-05,0.0166674368083,0,0,0,0,0,5.20291253818e-05,704181.086842
13.4805555556,-0.00102565239649,0.579487860203,2.40512919426,4.43056342192e-06,1.57861195476e-05,0,0,4.47087622888e-05,0.0166674368083,0,0,0,0,0,5.20290435962e-05,704181.086842
13.4916666667,-0.00102565239649,0.579487860203,2.40512919426,4.43056342192e-06,1.57861195476e-05,0,0,4.47087622888e-05,0.0166674368083,0,0,0,0,0,5.20291998797e-05,704181.086842
13.5027777778,-0.00102565239649,0.579487860203,2.40512919426,4.43056342192e-06,1.57861195476e-05,0,0,4.47087622888e-05,0.0166674368083,0,0,0,0,0,5.20287153791e-05,704181.086842
13.5138888889,-0.00102565239649,0.579487860203,2.40512919426,4.43056342192e-06,1.57861195476e-05,0,0,4.47087622888e-05,0.0166674368083,0,0,0,0,0,5.20287852998e-05,704181.086842
13.525,-0.00102565239649,0.579487860203,2.40512919426,4.43056342192e-06,1.57861195476e-05,0,0,4.47087622888e-05,0.0166674368083,0,0,0,0,0,5.20280551592e-05,704181.086842
13.5361111111,-0.00102565239649,0.579487860203,2.40512919426,4.43056342192e-06,1.57861195476e-05,0,0,4.47087622888e-05,0.0166674368083,0,0,0,0,0,5.20288942116e-05,704181.086842
13.5472222222,-0.00102565239649,0.579487860203,2.40512919426,4.43056342192e-06,1.57861195476e-05,0,0,4.47087622888e-05,0.0166674368083,0,0,0,0,0,5.20280508882e-05,704181.086842
13.5583333333,-0.00102565239649,0.579487860203,2.40512919426,4.43056342192e-06,1.57861195476e-05,0,0,4.47087622888e-05,0.0166674368083,0,0,0,0,0,5.20280201122e-05,704181.086842
13.5694444444,-0.00102565239649,0.579487860203,2.40512919426,4.43056342192e-06,1.57861195476e-05,0,0,4.47087622888e-05,0.0166674368083,0,0,0,0,0,5.20289581368e-05,704181.086842
13.5805555556,-0.00102565239649,0.579487860203,2.40512919426,4.43056342192e-06,1.57861195476e-05,0,0,4.47087622888e-05,0.0166674368083,0,0,0,0,0,5.20286074821e-05,704181.086842
13.5916666667,-0.00102565239649,0.579487860203,2.40512919426,4.43056342192e-06,1.57861195476e-05,0,0,4.47087622888e-05,0.0166674368083,0,0,0,0,0,5.20292720207e-05,704181.086842
13.6027777778,-0.00102565239649,0.579487860203,2.40512919426,4.43056342192e-06,1.57861195476e-05,0,0,4.47087622888e-05,0.0166674368083,0,0,0,0,0,5.20289940556e-05,704181.086842
13.6138888889,-0.00102565239649,0.579487860203,2.40512919426,4.43056342192e-06,1.57861195476e-05,0,0,4.47087622888e-05,0.0166674368083,0,0,0,0,0,5.20288880885e-05,704181.086842
13.625,-0.00102565239649,0.579487860203,2.40512919426,4.43056342192e-06,1.57861195476e-05,0,0,4.47087622888e-05,0.0166674368083,0,0,0,0,0,5.20294056827e-05,704181.086842
13.6361111111,-0.00102565239649,0.579487860203,2.40512919426,4.43056342192e-06,1.57861195476e-05,0,0,4.47087622888e-05,0.0166674368083,0,0,0,0,0,5.20296397449e-05,704181.086842
13.6472222222,-0.00102565239649,0.579487860203,2.40512919426,4.43056342192e-06,1.57861195476e-05,0,0,4.47087622888e-05,0.0166674368083,0,0,0,0,0,5.20292086981e-05,704181.086842
13.6583333333,-0.00102565239649,0.579487860203,2.40512919426,4.43056342192e-06,1.57861195476e-05,0,0,4.47087622888e-05,0.0166674368083,0,0,0,0,0,5.20290704873e-05,704181.086842
13.6694444444,-0.00102565239649,0.579487860203,2.40512919426,4.43056342192e-06,1.57861195476e-05,0,0,4.47087622888e-05,0.0166674368083,0,0,0,0,0,5.20291304916e-05,704181.086842
13.6805555556,-0.00102565239649,0.579487860203,2.40512919426,4.43056342192e-06,1.57861195476e-05,0,0,4.47087622888e-05,0.0166674368083,0,0,0,0,0,5.20290640312e-05,704181.086842
13.6916666667,-0.00102565239649,0.579487860203,2.40512919426,4.43056342192e-06,1.57861195476e-05,0,0,4.47087622888e-05,0.0166674368083,0,0,0,0,0,5.20292176909e-05,704181.086842
13.7027777778,-0.00102565239649,0.579487860203,2.40512919426,4.43056342192e-06,1.57861195476e-05,0,0,4.47087622888e-05,0.0166674368083,0,0,0,0,0,5.20292368752e-05,704181.086842
13.7138888889,-0.00102565239649,0.579487860203,2.40512919426,4.43056342192e-06,1.57861195476e-05,0,0,4.47087622888e-05,0.0166674368083,0,0,0,0,0,5.20293491095e-05,704181.086842
13.725,-0.00102565239649,0.579487860203,2.40512919426,4.43056342192e-06,1.57861195476e-05,0,0,4.47087622888e-05,0.0166674368083,0,0,0,0,0,5.20286370022e-05,704181.086842
13.7361111111,-0.00102565239649,0.579487860203,2.40512919426,4.43056342192e-06,1.57861195476e-05,0,0,4.47087622888e-05,0.0166674368083,0,0,0,0,0,5.20291214129e-05,704181.086842
13.7472222222,-0.00102565239649,0.579487860203,2.40512919426,4.43056342192e-06,1.57861195476e-05,0,0,4.47087622888e-05,0.0166674368083,0,0,0,0,0,5.20290813994e-05,704181.086842
13.7583333333,-0.00102565239649,0.579487860203,2.40512919426,4.43056342192e-06,1.57861195476e-05,0,0,4.47087622888e-05,0.0166674368083,0,0,0,0,0,5.20288491585e-05,704181.086842
13.7694444444,-0.00102565239649,0.579487860203,2.40512919426,4.43056342192e-06,1.57861195476e-05,0,0,4.47087622888e-05,0.0166674368083,0,0,0,0,0,5.20288849795e-05,704181.086842
13.7805555556,-0.00102565239649,0.579487860203,2.40512919426,4.43056342192e-06,1.57861195476e-05,0,0,4.47087622888e-05,0.0166674368083,0,0,0,0,0,5.20290816808e-05,704181.086842
13.7916666667,-0.00102565239649,0.579487860203,2.40512919426,4.43056342192e-06,1.57861195476e-05,0,0,4.47087622888e-05,0.0166674368083,0,0,0,0,0,5.20286465703e-05,704181.086842
13.8027777778,-0.00102565239649,0.579487860203,2.40512919426,4.43056342192e-06,1.57861195476e-05,0,0,4.47087622888e-05,0.0166674368083,0,0,0,0,0,5.2029246068e-05,704181.086842
13.8138888889,-0.00102565239649,0.579487860203,2.40512919426,4.43056342192e-06,1.57861195476e-05,0,0,4.47087622888e-05,0.0166674368083,0,0,0,0,0,5.20288293075e-05,704181.086842
13.825,-0.00102565239649,0.579487860203,2.40512919426,4.43056342192e-06,1.57861195476e-05,0,0,4.47087622888e-05,0.0166674368083,0,0,0,0,0,5.20291799035e-05,704181.086842
13.8361111111,-0.00102565239649,0.579487860203,2.40512919426,4.43056342192e-06,1.57861195476e-05,0,0,4.47087622888e-05,0.0166674368083,0,0,0,0,0,5.20291065787e-05,704181.086842
13.8472222222,-0.00102565239649,0.579487860203,2.40512919426,4.43056342192e-06,1.57861195476e-05,0,0,4.47087622888e-05,0.0166674368083,0,0,0,0,0,5.20288481685e-05,704181.086842
13.8583333333,-0.00102565239649,0.579487860203,2.40512919426,4.43056342192e-06,1.57861195476e-05,0,0,4.47087622888e-05,0.0166674368083,0,0,0,0,0,5.20290770132e-05,704181.086842
13.8694444444,-0.00102565239649,0.579487860203,2.40512919426,4.43056342192e-06,1.57861195476e-05,0,0,4.47087622888e-05,0.0166674368083,0,0,0,0,0,5.20282630186e-05,704181.086842
13.8805555556,-0.00102565239649,0.579487860203,2.40512919426,4.43056342192e-06,1.57861195476e-05,0,0,4.47087622888e-05,0.0166674368083,0,0,0,0,0,5.2029242268e-05,704181.086842
13.8916666667,-0.00102565239649,0.579487860203,2.40512919426,4.43056342192e-06,1.57861195476e-05,0,0,4.47087622888e-05,0.0166674368083,0,0,0,0,0,5.20291266348e-05,704181.086842
13.9027777778,-0.00102565239649,0.579487860203,2.40512919426,4.43056342192e-06,1.57861195476e-05,0,0,4.47087622888e-05,0.0166674368083,0,0,0,0,0,5.20290642467e-05,704181.086842
13.9138888889,-0.00102565239649,0.579487860203,2.40512919426,4.43056342192e-06,1.57861195476e-05,0,0,4.47087622888e-05,0.0166674368083,0,0,0,0,0,5.20290724769e-05,704181.086842
13.925,-0.00102565239649,0.579487860203,2.40512919426,4.43056342192e-06,1.57861195476e-05,0,0,4.47087622888e-05,0.0166674368083,0,0,0,0,0,5.20291174957e-05,704181.086842
13.9361111111,-0.00102565239649,0.579487860203,2.40512919426,4.43056342192e-06,1.57861195476e-05,0,0,4.47087622888e-05,0.0166674368083,0,0,0,0,0,5.20292108763e-05,704181.086842
13.9472222222,-0.00102565239649,0.579487860203,2.40512919426,4.43056342192e-06,1.57861195476e-05,0,0,4.47087622888e-05,0.0166674368083,0,0,0,0,0,5.20291131914e-05,704181.086842
13.9583333333,-0.00102565239649,0.579487860203,2.40512919426,4.43056342192e-06,1.57861195476e-05,0,0,4.47087622888e-05,0.0166674368083,0,0,0,0,0,5.20290633726e-05,704181.086842
13.9694444444,-0.00102565239649,0.579487860203,2.40512919426,4.43056342192e-06,1.57861195476e-05,0,0,4.47087622888e-05,0.0166674368083,0,0,0,0,0,5.20292381885e-05,704181.086842
13.9805555556,-0.00102565239649,0.579487860203,2.40512919426,4.43056342192e-06,1.57861195476e-05,0,0,4.47087622888e-05,0.0166674368083,0,0,0,0,0,5.20290838285e-05,704181.086842
13.9916666667,-0.00102565239649,0.579487860203,2.40512919426,4.43056342192e-06,1.57861195476e-05,0,0,4.47087622888e-05,0.0166674368083,0,0,0,0,0,5.20282601673e-05,704181.086842
14.0027777778,-0.00102565239649,0.579487860203,2.40512919426,4.43056342192e-06,1.57861195476e-05,0,0,4.47087622888e-05,0.0166674368083,0,0,0,0,0,5.20289540989e-05,704181.086842
14.0138888889,-0.00102565239649,0.579487860203,2.40512919426,4.43056342192e-06,1.57861195476e-05,0,0,4.47087622888e-05,0.0166674368083,0,0,0,0,0,5.20288239122e-05,704181.086842
14.025,-0.00102565239649,0.579487860203,2.40512919426,4.43056342192e-06,1.57861195476e-05,0,0,4.47087622888e-05,0.0166674368083,0,0,0,0,0,5.20298517539e-05,704181.086842
14.0361111111,-0.00102565239649,0.579487860203,2.40512919426,4.43056342192e-06,1.57861195476e-05,0,0,4.47087622888e-05,0.0166674368083,0,0,0,0,0,5.20281465463e-05,704181.086842
14.0472222222,-0.00102565239649,0.579487860203,2.40512919426,4.43056342192e-06,1.57861195476e-05,0,0,4.47087622888e-05,0.0166674368083,0,0,0,0,0,5.20294394987e-05,704181.086842
14.0583333333,-0.00102565239649,0.579487860203,2.40512919426,4.43056342192e-06,1.57861195476e-05,0,0,4.47087622888e-05,0.0166674368083,0,0,0,0,0,5.20294276255e-05,704181.086842
14.0694444444,-0.00102565239649,0.579487860203,2.40512919426,4.43056342192e-06,1.57861195476e-05,0,0,4.47087622888e-05,0.0166674368083,0,0,0,0,0,5.20280176876e-05,704181.086842
14.0805555556,-0.00102565239649,0.579487860203,2.40512919426,4.43056342192e-06,1.57861195476e-05,0,0,4.47087622888e-05,0.0166674368083,0,0,0,0,0,5.20286006262e-05,704181.086842
14.0916666667,-0.00102565239649,0.579487860203,2.40512919426,4.43056342192e-06,1.57861195476e-05,0,0,4.47087622888e-05,0.0166674368083,0,0,0,0,0,5.20281704451e-05,704181.086842
14.1027777778,-0.00102565239649,0.579487860203,2.40512919426,4.43056342192e-06,1.57861195476e-05,0,0,4.47087622888e-05,0.0166674368083,0,0,0,0,0,5.20297246597e-05,704181.086842
14.1138888889,-0.00102565239649,0.579487860203,2.40512919426,4.43056342192e-06,1.57861195476e-05,0,0,4.47087622888e-05,0.0166674368083,0,0,0,0,0,5.20297456996e-05,704181.086842
14.125,-0.00102565239649,0.579487860203,2.40512919426,4.43056342192e-06,1.57861195476e-05,0,0,4.47087622888e-05,0.0166674368083,0,0,0,0,0,5.20289125581e-05,704181.086842
14.1361111111,-0.00102565239649,0.579487860203,2.40512919426,4.43056342192e-06,1.57861195476e-05,0,0,4.47087622888e-05,0.0166674368083,0,0,0,0,0,5.20289088541e-05,704181.086842
14.1472222222,-0.00102565239649,0.579487860203,2.40512919426,4.43056342192e-06,1.57861195476e-05,0,0,4.47087622888e-05,0.0166674368083,0,0,0,0,0,5.20290918894e-05,704181.086842
14.1583333333,-0.00102565239649,0.579487860203,2.40512919426,4.43056342192e-06,1.57861195476e-05,0,0,4.47087622888e-05,0.0166674368083,0,0,0,0,0,5.20289537001e-05,704181.086842
14.1694444444,-0.00102565239649,0.579487860203,2.40512919426,4.43056342192e-06,1.57861195476e-05,0,0,4.47087622888e-05,0.0166674368083,0,0,0,0,0,5.20291517596e-05,704181.086842
14.1805555556,-0.00102565239649,0.579487860203,2.40512919426,4.43056342192e-06,1.57861195476e-05,0,0,4.47087622888e-05,0.0166674368083,0,0,0,0,0,5.20281501936e-05,704181.086842
14.1916666667,-0.00102565239649,0.579487860203,2.40512919426,4.43056342192e-06,1.57861195476e-05,0,0,4.47087622888e-05,0.0166674368083,0,0,0,0,0,5.20293258003e-05,704181.086842
14.2027777778,-0.00102565239649,0.579487860203,2.40512919426,4.43056342192e-06,1.57861195476e-05,0,0,4.47087622888e-05,0.0166674368083,0,0,0,0,0,5.20286682281e-05,704181.086842
14.2138888889,-0.00102565239649,0.579487860203,2.40512919426,4.43056342192e-06,1.57861195476e-05,0,0,4.47087622888e-05,0.0166674368083,0,0,0,0,0,5.20295504052e-05,704181.086842
14.225,-0.00102565239649,0.579487860203,2.40512919426,4.43056342192e-06,1.57861195476e-05,0,0,4.47087622888e-05,0.0166674368083,0,0,0,0,0,5.2029572849e-05,704181.086842
14.2361111111,-0.00102565239649,0.579487860203,2.40512919426,4.43056342192e-06,1.57861195476e-05,0,0,4.47087622888e-05,0.0166674368083,0,0,0,0,0,5.20284713674e-05,704181.086842
14.2472222222,-0.00102565239649,0.579487860203,2.40512919426,4.43056342192e-06,1.57861195476e-05,0,0,4.47087622888e-05,0.0166674368083,0,0,0,0,0,5.20292387112e-05,704181.086842
14.2583333333,-0.00102565239649,0.579487860203,2.40512919426,4.43056342192e-06,1.57861195476e-05,0,0,4.47087622888e-05,0.0166674368083,0,0,0,0,0,5.20294390718e-05,704181.086842
14.2694444444,-0.00102565239649,0.579487860203,2.40512919426,4.43056342192e-06,1.57861195476e-05,0,0,4.47087622888e-05,0.0166674368083,0,0,0,0,0,5.20285149272e-05,704181.086842
14.2805555556,-0.00102565239649,0.579487860203,2.40512919426,4.43056342192e-06,1.57861195476e-05,0,0,4.47087622888e-05,0.0166674368083,0,0,0,0,0,5.20289792924e-05,704181.086842
14.2916666667,-0.00102565239649,0.579487860203,2.40512919426,4.43056342192e-06,1.57861195476e-05,0,0,4.47087622888e-05,0.0166674368083,0,0,0,0,0,5.20298626267e-05,704181.086842
14.3027777778,-0.00102565239649,0.579487860203,2.40512919426,4.43056342192e-06,1.57861195476e-05,0,0,4.47087622888e-05,0.0166674368083,0,0,0,0,0,5.20292766271e-05,704181.086842
14.3138888889,-0.00102565239649,0.579487860203,2.40512919426,4.43056342192e-06,1.57861195476e-05,0,0,4.47087622888e-05,0.0166674368083,0,0,0,0,0,5.20287371902e-05,704181.086842
14.325,-0.00102565239649,0.579487860203,2.40512919426,4.43056342192e-06,1.57861195476e-05,0,0,4.47087622888e-05,0.0166674368083,0,0,0,0,0,5.20286272154e-05,704181.086842
14.3361111111,-0.00102565239649,0.579487860203,2.40512919426,4.43056342192e-06,1.57861195476e-05,0,0,4.47087622888e-05,0.0166674368083,0,0,0,0,0,5.20286694635e-05,704181.086842
14.3472222222,-0.00102565239649,0.579487860203,2.40512919426,4.43056342192e-06,1.57861195476e-05,0,0,4.47087622888e-05,0.0166674368083,0,0,0,0,0,5.20281582385e-05,704181.086842
14.3583333333,-0.00102565239649,0.579487860203,2.40512919426,4.43056342192e-06,1.57861195476e-05,0,0,4.47087622888e-05,0.0166674368083,0,0,0,0,0,5.20292573756e-05,704181.086842
14.3694444444,-0.00102565239649,0.579487860203,2.40512919426,4.43056342192e-06,1.57861195476e-05,0,0,4.47087622888e-05,0.0166674368083,0,0,0,0,0,5.20281561518e-05,704181.086842
14.3805555556,-0.00102565239649,0.579487860203,2.40512919426,4.43056342192e-06,1.57861195476e-05,0,0,4.47087622888e-05,0.0166674368083,0,0,0,0,0,5.20296045705e-05,704181.086842
14.3916666667,-0.00102565239649,0.579487860203,2.40512919426,4.43056342192e-06,1.57861195476e-05,0,0,4.47087622888e-05,0.0166674368083,0,0,0,0,0,5.20284090937e-05,704181.086842
14.4027777778,-0.00102565239649,0.579487860203,2.40512919426,4.43056342192e-06,1.57861195476e-05,0,0,4.47087622888e-05,0.0166674368083,0,0,0,0,0,5.20278887802e-05,704181.086842
14.4138888889,-0.00102565239649,0.579487860203,2.40512919426,4.43056342192e-06,1.57861195476e-05,0,0,4.47087622888e-05,0.0166674368083,0,0,0,0,0,5.20291362883e-05,704181.086842
14.425,-0.00102565239649,0.579487860203,2.40512919426,4.43056342192e-06,1.57861195476e-05,0,0,4.47087622888e-05,0.0166674368083,0,0,0,0,0,5.20291903478e-05,704181.086842
14.4361111111,-0.00102565239649,0.579487860203,2.40512919426,4.43056342192e-06,1.57861195476e-05,0,0,4.47087622888e-05,0.0166674368083,0,0,0,0,0,5.2027908813e-05,704181.086842
14.4472222222,-0.00102565239649,0.579487860203,2.40512919426,4.43056342192e-06,1.57861195476e-05,0,0,4.47087622888e-05,0.0166674368083,0,0,0,0,0,5.20296782988e-05,704181.086842
14.4583333333,-0.00102565239649,0.579487860203,2.40512919426,4.43056342192e-06,1.57861195476e-05,0,0,4.47087622888e-05,0.0166674368083,0,0,0,0,0,5.20290897007e-05,704181.086842
14.4694444444,-0.00102565239649,0.579487860203,2.40512919426,4.43056342192e-06,1.57861195476e-05,0,0,4.47087622888e-05,0.0166674368083,0,0,0,0,0,5.20292042323e-05,704181.086842
14.4805555556,-0.00102565239649,0.579487860203,2.40512919426,4.43056342192e-06,1.57861195476e-05,0,0,4.47087622888e-05,0.0166674368083,0,0,0,0,0,5.20282614668e-05,704181.086842
14.4916666667,-0.00102565239649,0.579487860203,2.40512919426,4.43056342192e-06,1.57861195476e-05,0,0,4.47087622888e-05,0.0166674368083,0,0,0,0,0,5.20296974489e-05,704181.086842
14.5027777778,-0.00102565239649,0.579487860203,2.40512919426,4.43056342192e-06,1.57861195476e-05,0,0,4.47087622888e-05,0.0166674368083,0,0,0,0,0,5.20285537521e-05,704181.086842
14.5138888889,-0.00102565239649,0.579487860203,2.40512919426,4.43056342192e-06,1.57861195476e-05,0,0,4.47087622888e-05,0.0166674368083,0,0,0,0,0,5.20285469003e-05,704181.086842
14.525,-0.00102565239649,0.579487860203,2.40512919426,4.43056342192e-06,1.57861195476e-05,0,0,4.47087622888e-05,0.0166674368083,0,0,0,0,0,5.20292034409e-05,704181.086842
14.5361111111,-0.00102565239649,0.579487860203,2.40512919426,4.43056342192e-06,1.57861195476e-05,0,0,4.47087622888e-05,0.0166674368083,0,0,0,0,0,5.20289078254e-05,704181.086842
14.5472222222,-0.00102565239649,0.579487860203,2.40512919426,4.43056342192e-06,1.57861195476e-05,0,0,4.47087622888e-05,0.0166674368083,0,0,0,0,0,5.20295874225e-05,704181.086842
14.5583333333,-0.00102565239649,0.579487860203,2.40512919426,4.43056342192e-06,1.57861195476e-05,0,0,4.47087622888e-05,0.0166674368083,0,0,0,0,0,5.20299411423e-05,704181.086842
14.5694444444,-0.00102565239649,0.579487860203,2.40512919426,4.43056342192e-06,1.57861195476e-05,0,0,4.47087622888e-05,0.0166674368083,0,0,0,0,0,5.20290677281e-05,704181.086842
14.5805555556,-0.00102565239649,0.579487860203,2.40512919426,4.43056342192e-06,1.57861195476e-05,0,0,4.47087622888e-05,0.0166674368083,0,0,0,0,0,5.20281568196e-05,704181.086842
14.5916666667,-0.00102565239649,0.579487860203,2.40512919426,4.43056342192e-06,1.57861195476e-05,0,0,4.47087622888e-05,0.0166674368083,0,0,0,0,0,5.20290752774e-05,704181.086842
14.6027777778,-0.00102565239649,0.579487860203,2.40512919426,4.43056342192e-06,1.57861195476e-05,0,0,4.47087622888e-05,0.0166674368083,0,0,0,0,0,5.20293573849e-05,704181.086842
14.6138888889,-0.00102565239649,0.579487860203,2.40512919426,4.43056342192e-06,1.57861195476e-05,0,0,4.47087622888e-05,0.0166674368083,0,0,0,0,0,5.20287858726e-05,704181.086842
14.625,-0.00102565239649,0.579487860203,2.40512919426,4.43056342192e-06,1.57861195476e-05,0,0,4.47087622888e-05,0.0166674368083,0,0,0,0,0,5.20284985453e-05,704181.086842
14.6361111111,-0.00102565239649,0.579487860203,2.40512919426,4.43056342192e-06,1.57861195476e-05,0,0,4.47087622888e-05,0.0166674368083,0,0,0,0,0,5.2029051008e-05,704181.086842
14.6472222222,-0.00102565239649,0.579487860203,2.40512919426,4.43056342192e-06,1.57861195476e-05,0,0,4.47087622888e-05,0.0166674368083,0,0,0,0,0,5.20282957673e-05,704181.086842
14.6583333333,-0.00102565239649,0.579487860203,2.40512919426,4.43056342192e-06,1.57861195476e-05,0,0,4.47087622888e-05,0.0166674368083,0,0,0,0,0,5.20290797969e-05,704181.086842
14.6694444444,-0.00102565239649,0.579487860203,2.40512919426,4.43056342192e-06,1.57861195476e-05,0,0,4.47087622888e-05,0.0166674368083,0,0,0,0,0,5.202821348e-05,704181.086842
14.6805555556,-0.00102565239649,0.579487860203,2.40512919426,4.43056342192e-06,1.57861195476e-05,0,0,4.47087622888e-05,0.0166674368083,0,0,0,0,0,5.20284355661e-05,704181.086842
14.6916666667,-0.00102565239649,0.579487860203,2.40512919426,4.43056342192e-06,1.57861195476e-05,0,0,4.47087622888e-05,0.0166674368083,0,0,0,0,0,5.20282052219e-05,704181.086842
14.7027777778,-0.00102565239649,0.579487860203,2.40512919426,4.43056342192e-06,1.57861195476e-05,0,0,4.47087622888e-05,0.0166674368083,0,0,0,0,0,5.20283153096e-05,704181.086842
14.7138888889,-0.00102565239649,0.579487860203,2.40512919426,4.43056342192e-06,1.57861195476e-05,0,0,4.47087622888e-05,0.0166674368083,0,0,0,0,0,5.2028020041e-05,704181.086842
14.725,-0.00102565239649,0.579487860203,2.40512919426,4.43056342192e-06,1.57861195476e-05,0,0,4.47087622888e-05,0.0166674368083,0,0,0,0,0,5.20297401232e-05,704181.086842
14.7361111111,-0.00102565239649,0.579487860203,2.40512919426,4.43056342192e-06,1.57861195476e-05,0,0,4.47087622888e-05,0.0166674368083,0,0,0,0,0,5.20296731364e-05,704181.086842
14.7472222222,-0.00102565239649,0.579487860203,2.40512919426,4.43056342192e-06,1.57861195476e-05,0,0,4.47087622888e-05,0.0166674368083,0,0,0,0,0,5.20295436468e-05,704181.086842
14.7583333333,-0.00102565239649,0.579487860203,2.40512919426,4.43056342192e-06,1.57861195476e-05,0,0,4.47087622888e-05,0.0166674368083,0,0,0,0,0,5.20294448307e-05,704181.086842
14.7694444444,-0.00102565239649,0.579487860203,2.40512919426,4.43056342192e-06,1.57861195476e-05,0,0,4.47087622888e-05,0.0166674368083,0,0,0,0,0,5.20294315782e-05,704181.086842
14.7805555556,-0.00102565239649,0.579487860203,2.40512919426,4.43056342192e-06,1.57861195476e-05,0,0,4.47087622888e-05,0.0166674368083,0,0,0,0,0,5.20292551846e-05,704181.086842
14.7916666667,-0.00102565239649,0.579487860203,2.40512919426,4.43056342192e-06,1.57861195476e-05,0,0,4.47087622888e-05,0.0166674368083,0,0,0,0,0,5.20293612808e-05,704181.086842
14.8027777778,-0.00102565239649,0.579487860203,2.40512919426,4.43056342192e-06,1.57861195476e-05,0,0,4.47087622888e-05,0.0166674368083,0,0,0,0,0,5.20293668835e-05,704181.086842
14.8138888889,-0.00102565239649,0.579487860203,2.40512919426,4.43056342192e-06,1.57861195476e-05,0,0,4.47087622888e-05,0.0166674368083,0,0,0,0,0,5.20293358929e-05,704181.086842
14.825,-0.00102565239649,0.579487860203,2.40512919426,4.43056342192e-06,1.57861195476e-05,0,0,4.47087622888e-05,0.0166674368083,0,0,0,0,0,5.20293850738e-05,704181.086842
14.8361111111,-0.00102565239649,0.579487860203,2.40512919426,4.43056342192e-06,1.57861195476e-05,0,0,4.47087622888e-05,0.0166674368083,0,0,0,0,0,5.20292570032e-05,704181.086842
14.8472222222,-0.00102565239649,0.579487860203,2.40512919426,4.43056342192e-06,1.57861195476e-05,0,0,4.47087622888e-05,0.0166674368083,0,0,0,0,0,5.20294972611e-05,704181.086842
14.8583333333,-0.00102565239649,0.579487860203,2.40512919426,4.43056342192e-06,1.57861195476e-05,0,0,4.47087622888e-05,0.0166674368083,0,0,0,0,0,5.20293805986e-05,704181.086842
14.8694444444,-0.00102565239649,0.579487860203,2.40512919426,4.43056342192e-06,1.57861195476e-05,0,0,4.47087622888e-05,0.0166674368083,0,0,0,0,0,5.20293582408e-05,704181.086842
14.8805555556,-0.00102565239649,0.579487860203,2.40512919426,4.43056342192e-06,1.57861195476e-05,0,0,4.47087622888e-05,0.0166674368083,0,0,0,0,0,5.20292185069e-05,704181.086842
14.8916666667,-0.00102565239649,0.579487860203,2.40512919426,4.43056342192e-06,1.57861195476e-05,0,0,4.47087622888e-05,0.0166674368083,0,0,0,0,0,5.20293796754e-05,704181.086842
14.9027777778,-0.00102565239649,0.579487860203,2.40512919426,4.43056342192e-06,1.57861195476e-05,0,0,4.47087622888e-05,0.0166674368083,0,0,0,0,0,5.20293686984e-05,704181.086842
14.9138888889,-0.00102565239649,0.579487860203,2.40512919426,4.43056342192e-06,1.57861195476e-05,0,0,4.47087622888e-05,0.0166674368083,0,0,0,0,0,5.2029232456e-05,704181.086842
14.925,-0.00102565239649,0.579487860203,2.40512919426,4.43056342192e-06,1.57861195476e-05,0,0,4.47087622888e-05,0.0166674368083,0,0,0,0,0,5.20292346954e-05,704181.086842
14.9361111111,-0.00102565239649,0.579487860203,2.40512919426,4.43056342192e-06,1.57861195476e-05,0,0,4.47087622888e-05,0.0166674368083,0,0,0,0,0,5.20292198227e-05,704181.086842
14.9472222222,-0.00102565239649,0.579487860203,2.40512919426,4.43056342192e-06,1.57861195476e-05,0,0,4.47087622888e-05,0.0166674368083,0,0,0,0,0,5.20293605893e-05,704181.086842
14.9583333333,-0.00102565239649,0.579487860203,2.40512919426,4.43056342192e-06,1.57861195476e-05,0,0,4.47087622888e-05,0.0166674368083,0,0,0,0,0,5.2029340092e-05,704181.086842
14.9694444444,-0.00102565239649,0.579487860203,2.40512919426,4.43056342192e-06,1.57861195476e-05,0,0,4.47087622888e-05,0.0166674368083,0,0,0,0,0,5.20293431991e-05,704181.086842
14.9805555556,-0.00102565239649,0.579487860203,2.40512919426,4.43056342192e-06,1.57861195476e-05,0,0,4.47087622888e-05,0.0166674368083,0,0,0,0,0,5.20292369395e-05,704181.086842
14.9916666667,-0.00102565239649,0.579487860203,2.40512919426,4.43056342192e-06,1.57861195476e-05,0,0,4.47087622888e-05,0.0166674368083,0,0,0,0,0,5.2029200478e-05,704181.086842
15.0027777778,-0.00102565239649,0.579487860203,2.40512919426,4.43056342192e-06,1.57861195476e-05,0,0,4.47087622888e-05,0.0166674368083,0,0,0,0,0,5.20292192889e-05,704181.086842
15.0138888889,-0.00102565239649,0.579487860203,2.40512919426,4.43056342192e-06,1.57861195476e-05,0,0,4.47087622888e-05,0.0166674368083,0,0,0,0,0,5.20293462589e-05,704181.086842
15.025,-0.00102565239649,0.579487860203,2.40512919426,4.43056342192e-06,1.57861195476e-05,0,0,4.47087622888e-05,0.0166674368083,0,0,0,0,0,5.20292359842e-05,704181.086842
15.0361111111,-0.00102565239649,0.579487860203,2.40512919426,4.43056342192e-06,1.57861195476e-05,0,0,4.47087622888e-05,0.0166674368083,0,0,0,0,0,5.20292057673e-05,704181.086842
15.0472222222,-0.00102565239649,0.579487860203,2.40512919426,4.43056342192e-06,1.57861195476e-05,0,0,4.47087622888e-05,0.0166674368083,0,0,0,0,0,5.20293923427e-05,704181.086842
15.0583333333,-0.00102565239649,0.579487860203,2.40512919426,4.43056342192e-06,1.57861195476e-05,0,0,4.47087622888e-05,0.0166674368083,0,0,0,0,0,5.20285065827e-05,704181.086842
15.0694444444,-0.00102565239649,0.579487860203,2.40512919426,4.43056342192e-06,1.57861195476e-05,0,0,4.47087622888e-05,0.0166674368083,0,0,0,0,0,5.20283971792e-05,704181.086842
15.0805555556,-0.00102565239649,0.579487860203,2.40512919426,4.43056342192e-06,1.57861195476e-05,0,0,4.47087622888e-05,0.0166674368083,0,0,0,0,0,5.20283476995e-05,704181.086842
15.0916666667,-0.00102565239649,0.579487860203,2.40512919426,4.43056342192e-06,1.57861195476e-05,0,0,4.47087622888e-05,0.0166674368083,0,0,0,0,0,5.20295218708e-05,704181.086842
15.1027777778,-0.00102565239649,0.579487860203,2.40512919426,4.43056342192e-06,1.57861195476e-05,0,0,4.47087622888e-05,0.0166674368083,0,0,0,0,0,5.20294890053e-05,704181.086842
15.1138888889,-0.00102565239649,0.579487860203,2.40512919426,4.43056342192e-06,1.57861195476e-05,0,0,4.47087622888e-05,0.0166674368083,0,0,0,0,0,5.20281873166e-05,704181.086842
15.125,-0.00102565239649,0.579487860203,2.40512919426,4.43056342192e-06,1.57861195476e-05,0,0,4.47087622888e-05,0.0166674368083,0,0,0,0,0,5.20290831465e-05,704181.086842
15.1361111111,-0.00102565239649,0.579487860203,2.40512919426,4.43056342192e-06,1.57861195476e-05,0,0,4.47087622888e-05,0.0166674368083,0,0,0,0,0,5.20292871893e-05,704181.086842
15.1472222222,-0.00102565239649,0.579487860203,2.40512919426,4.43056342192e-06,1.57861195476e-05,0,0,4.47087622888e-05,0.0166674368083,0,0,0,0,0,5.20291920395e-05,704181.086842
15.1583333333,-0.00102565239649,0.579487860203,2.40512919426,4.43056342192e-06,1.57861195476e-05,0,0,4.47087622888e-05,0.0166674368083,0,0,0,0,0,5.20291088413e-05,704181.086842
15.1694444444,-0.00102565239649,0.579487860203,2.40512919426,4.43056342192e-06,1.57861195476e-05,0,0,4.47087622888e-05,0.0166674368083,0,0,0,0,0,5.20291587616e-05,704181.086842
15.1805555556,-0.00102565239649,0.579487860203,2.40512919426,4.43056342192e-06,1.57861195476e-05,0,0,4.47087622888e-05,0.0166674368083,0,0,0,0,0,5.20289376196e-05,704181.086842
15.1916666667,-0.00102565239649,0.579487860203,2.40512919426,4.43056342192e-06,1.57861195476e-05,0,0,4.47087622888e-05,0.0166674368083,0,0,0,0,0,5.2029106031e-05,704181.086842
15.2027777778,-0.00102565239649,0.579487860203,2.40512919426,4.43056342192e-06,1.57861195476e-05,0,0,4.47087622888e-05,0.0166674368083,0,0,0,0,0,5.20292271039e-05,704181.086842
15.2138888889,-0.00102565239649,0.579487860203,2.40512919426,4.43056342192e-06,1.57861195476e-05,0,0,4.47087622888e-05,0.0166674368083,0,0,0,0,0,5.20292279557e-05,704181.086842
15.225,-0.00102565239649,0.579487860203,2.40512919426,4.43056342192e-06,1.57861195476e-05,0,0,4.47087622888e-05,0.0166674368083,0,0,0,0,0,5.20292184321e-05,704181.086842
15.2361111111,-0.00102565239649,0.579487860203,2.40512919426,4.43056342192e-06,1.57861195476e-05,0,0,4.47087622888e-05,0.0166674368083,0,0,0,0,0,5.20290831459e-05,704181.086842
15.2472222222,-0.00102565239649,0.579487860203,2.40512919426,4.43056342192e-06,1.57861195476e-05,0,0,4.47087622888e-05,0.0166674368083,0,0,0,0,0,5.20292128762e-05,704181.086842
15.2583333333,-0.00102565239649,0.579487860203,2.40512919426,4.43056342192e-06,1.57861195476e-05,0,0,4.47087622888e-05,0.0166674368083,0,0,0,0,0,5.20292466478e-05,704181.086842
15.2694444444,-0.00102565239649,0.579487860203,2.40512919426,4.43056342192e-06,1.57861195476e-05,0,0,4.47087622888e-05,0.0166674368083,0,0,0,0,0,5.20292055753e-05,704181.086842
15.2805555556,-0.00102565239649,0.579487860203,2.40512919426,4.43056342192e-06,1.57861195476e-05,0,0,4.47087622888e-05,0.0166674368083,0,0,0,0,0,5.20292360623e-05,704181.086842
15.2916666667,-0.00102565239649,0.579487860203,2.40512919426,4.43056342192e-06,1.57861195476e-05,0,0,4.47087622888e-05,0.0166674368083,0,0,0,0,0,5.20291024027e-05,704181.086842
15.3027777778,-0.00102565239649,0.579487860203,2.40512919426,4.43056342192e-06,1.57861195476e-05,0,0,4.47087622888e-05,0.0166674368083,0,0,0,0,0,5.2029213951e-05,704181.086842
15.3138888889,-0.00102565239649,0.579487860203,2.40512919426,4.43056342192e-06,1.57861195476e-05,0,0,4.47087622888e-05,0.0166674368083,0,0,0,0,0,5.20291051657e-05,704181.086842
15.325,-0.00102565239649,0.579487860203,2.40512919426,4.43056342192e-06,1.57861195476e-05,0,0,4.47087622888e-05,0.0166674368083,0,0,0,0,0,5.20292254942e-05,704181.086842
15.3361111111,-0.00102565239649,0.579487860203,2.40512919426,4.43056342192e-06,1.57861195476e-05,0,0,4.47087622888e-05,0.0166674368083,0,0,0,0,0,5.20292502536e-05,704181.086842
15.3472222222,-0.00102565239649,0.579487860203,2.40512919426,4.43056342192e-06,1.57861195476e-05,0,0,4.47087622888e-05,0.0166674368083,0,0,0,0,0,5.20289677113e-05,704181.086842
15.3583333333,-0.00102565239649,0.579487860203,2.40512919426,4.43056342192e-06,1.57861195476e-05,0,0,4.47087622888e-05,0.0166674368083,0,0,0,0,0,5.20289588176e-05,704181.086842
15.3694444444,-0.00102565239649,0.579487860203,2.40512919426,4.43056342192e-06,1.57861195476e-05,0,0,4.47087622888e-05,0.0166674368083,0,0,0,0,0,5.2028966297e-05,704181.086842
15.3805555556,-0.00102565239649,0.579487860203,2.40512919426,4.43056342192e-06,1.57861195476e-05,0,0,4.47087622888e-05,0.0166674368083,0,0,0,0,0,5.20291050145e-05,704181.086842
15.3916666667,-0.00102565239649,0.579487860203,2.40512919426,4.43056342192e-06,1.57861195476e-05,0,0,4.47087622888e-05,0.0166674368083,0,0,0,0,0,5.20290944477e-05,704181.086842
15.4027777778,-0.00102565239649,0.579487860203,2.40512919426,4.43056342192e-06,1.57861195476e-05,0,0,4.47087622888e-05,0.0166674368083,0,0,0,0,0,5.20290017418e-05,704181.086842
15.4138888889,-0.00102565239649,0.579487860203,2.40512919426,4.43056342192e-06,1.57861195476e-05,0,0,4.47087622888e-05,0.0166674368083,0,0,0,0,0,5.2029211788e-05,704181.086842
15.425,-0.00102565239649,0.579487860203,2.40512919426,4.43056342192e-06,1.57861195476e-05,0,0,4.47087622888e-05,0.0166674368083,0,0,0,0,0,5.2029195359e-05,704181.086842
15.4361111111,-0.00102565239649,0.579487860203,2.40512919426,4.43056342192e-06,1.57861195476e-05,0,0,4.47087622888e-05,0.0166674368083,0,0,0,0,0,5.20290891572e-05,704181.086842
15.4472222222,-0.00102565239649,0.579487860203,2.40512919426,4.43056342192e-06,1.57861195476e-05,0,0,4.47087622888e-05,0.0166674368083,0,0,0,0,0,5.20289502184e-05,704181.086842
15.4583333333,-0.00102565239649,0.579487860203,2.40512919426,4.43056342192e-06,1.57861195476e-05,0,0,4.47087622888e-05,0.0166674368083,0,0,0,0,0,5.20289549393e-05,704181.086842
15.4694444444,-0.00102565239649,0.579487860203,2.40512919426,4.43056342192e-06,1.57861195476e-05,0,0,4.47087622888e-05,0.0166674368083,0,0,0,0,0,5.20292128873e-05,704181.086842
15.4805555556,-0.00102565239649,0.579487860203,2.40512919426,4.43056342192e-06,1.57861195476e-05,0,0,4.47087622888e-05,0.0166674368083,0,0,0,0,0,5.20292454879e-05,704181.086842
15.4916666667,-0.00102565239649,0.579487860203,2.40512919426,4.43056342192e-06,1.57861195476e-05,0,0,4.47087622888e-05,0.0166674368083,0,0,0,0,0,5.20289336149e-05,704181.086842
15.5027777778,-0.00102565239649,0.579487860203,2.40512919426,4.43056342192e-06,1.57861195476e-05,0,0,4.47087622888e-05,0.0166674368083,0,0,0,0,0,5.20289876206e-05,704181.086842
15.5138888889,-0.00102565239649,0.579487860203,2.40512919426,4.43056342192e-06,1.57861195476e-05,0,0,4.47087622888e-05,0.0166674368083,0,0,0,0,0,5.20289555554e-05,704181.086842
15.525,-0.00102565239649,0.579487860203,2.40512919426,4.43056342192e-06,1.57861195476e-05,0,0,4.47087622888e-05,0.0166674368083,0,0,0,0,0,5.20289546164e-05,704181.086842
15.5361111111,-0.00102565239649,0.579487860203,2.40512919426,4.43056342192e-06,1.57861195476e-05,0,0,4.47087622888e-05,0.0166674368083,0,0,0,0,0,5.20289332894e-05,704181.086842
15.5472222222,-0.00102565239649,0.579487860203,2.40512919426,4.43056342192e-06,1.57861195476e-05,0,0,4.47087622888e-05,0.0166674368083,0,0,0,0,0,5.20289759165e-05,704181.086842
15.5583333333,-0.00102565239649,0.579487860203,2.40512919426,4.43056342192e-06,1.57861195476e-05,0,0,4.47087622888e-05,0.0166674368083,0,0,0,0,0,5.20292548152e-05,704181.086842
15.5694444444,-0.00102565239649,0.579487860203,2.40512919426,4.43056342192e-06,1.57861195476e-05,0,0,4.47087622888e-05,0.0166674368083,0,0,0,0,0,5.20292408378e-05,704181.086842
15.5805555556,-0.00102565239649,0.579487860203,2.40512919426,4.43056342192e-06,1.57861195476e-05,0,0,4.47087622888e-05,0.0166674368083,0,0,0,0,0,5.20289610672e-05,704181.086842
15.5916666667,-0.00102565239649,0.579487860203,2.40512919426,4.43056342192e-06,1.57861195476e-05,0,0,4.47087622888e-05,0.0166674368083,0,0,0,0,0,5.20292303928e-05,704181.086842
15.6027777778,-0.00102565239649,0.579487860203,2.40512919426,4.43056342192e-06,1.57861195476e-05,0,0,4.47087622888e-05,0.0166674368083,0,0,0,0,0,5.20289830575e-05,704181.086842
15.6138888889,-0.00102565239649,0.579487860203,2.40512919426,4.43056342192e-06,1.57861195476e-05,0,0,4.47087622888e-05,0.0166674368083,0,0,0,0,0,5.20289678142e-05,704181.086842
15.625,-0.00102565239649,0.579487860203,2.40512919426,4.43056342192e-06,1.57861195476e-05,0,0,4.47087622888e-05,0.0166674368083,0,0,0,0,0,5.20289585098e-05,704181.086842
15.6361111111,-0.00102565239649,0.579487860203,2.40512919426,4.43056342192e-06,1.57861195476e-05,0,0,4.47087622888e-05,0.0166674368083,0,0,0,0,0,5.20292519244e-05,704181.086842
15.6472222222,-0.00102565239649,0.579487860203,2.40512919426,4.43056342192e-06,1.57861195476e-05,0,0,4.47087622888e-05,0.0166674368083,0,0,0,0,0,5.20290758712e-05,704181.086842
15.6583333333,-0.00102565239649,0.579487860203,2.40512919426,4.43056342192e-06,1.57861195476e-05,0,0,4.47087622888e-05,0.0166674368083,0,0,0,0,0,5.20290972399e-05,704181.086842
15.6694444444,-0.00102565239649,0.579487860203,2.40512919426,4.43056342192e-06,1.57861195476e-05,0,0,4.47087622888e-05,0.0166674368083,0,0,0,0,0,5.20289687975e-05,704181.086842
15.6805555556,-0.00102565239649,0.579487860203,2.40512919426,4.43056342192e-06,1.57861195476e-05,0,0,4.47087622888e-05,0.0166674368083,0,0,0,0,0,5.20289718391e-05,704181.086842
15.6916666667,-0.00102565239649,0.579487860203,2.40512919426,4.43056342192e-06,1.57861195476e-05,0,0,4.47087622888e-05,0.0166674368083,0,0,0,0,0,5.20289712828e-05,704181.086842
15.7027777778,-0.00102565239649,0.579487860203,2.40512919426,4.43056342192e-06,1.57861195476e-05,0,0,4.47087622888e-05,0.0166674368083,0,0,0,0,0,5.20292049881e-05,704181.086842
15.7138888889,-0.00102565239649,0.579487860203,2.40512919426,4.43056342192e-06,1.57861195476e-05,0,0,4.47087622888e-05,0.0166674368083,0,0,0,0,0,5.20291140764e-05,704181.086842
15.725,-0.00102565239649,0.579487860203,2.40512919426,4.43056342192e-06,1.57861195476e-05,0,0,4.47087622888e-05,0.0166674368083,0,0,0,0,0,5.20292305858e-05,704181.086842
15.7361111111,-0.00102565239649,0.579487860203,2.40512919426,4.43056342192e-06,1.57861195476e-05,0,0,4.47087622888e-05,0.0166674368083,0,0,0,0,0,5.20289731605e-05,704181.086842
15.7472222222,-0.00102565239649,0.579487860203,2.40512919426,4.43056342192e-06,1.57861195476e-05,0,0,4.47087622888e-05,0.0166674368083,0,0,0,0,0,5.20292589727e-05,704181.086842
15.7583333333,-0.00102565239649,0.579487860203,2.40512919426,4.43056342192e-06,1.57861195476e-05,0,0,4.47087622888e-05,0.0166674368083,0,0,0,0,0,5.20289865786e-05,704181.086842
15.7694444444,-0.00102565239649,0.579487860203,2.40512919426,4.43056342192e-06,1.57861195476e-05,0,0,4.47087622888e-05,0.0166674368083,0,0,0,0,0,5.2029242795e-05,704181.086842
15.7805555556,-0.00102565239649,0.579487860203,2.40512919426,4.43056342192e-06,1.57861195476e-05,0,0,4.47087622888e-05,0.0166674368083,0,0,0,0,0,5.20291137147e-05,704181.086842
15.7916666667,-0.00102565239649,0.579487860203,2.40512919426,4.43056342192e-06,1.57861195476e-05,0,0,4.47087622888e-05,0.0166674368083,0,0,0,0,0,5.20292314611e-05,704181.086842
15.8027777778,-0.00102565239649,0.579487860203,2.40512919426,4.43056342192e-06,1.57861195476e-05,0,0,4.47087622888e-05,0.0166674368083,0,0,0,0,0,5.20289922056e-05,704181.086842
15.8138888889,-0.00102565239649,0.579487860203,2.40512919426,4.43056342192e-06,1.57861195476e-05,0,0,4.47087622888e-05,0.0166674368083,0,0,0,0,0,5.20292501367e-05,704181.086842
15.825,-0.00102565239649,0.579487860203,2.40512919426,4.43056342192e-06,1.57861195476e-05,0,0,4.47087622888e-05,0.0166674368083,0,0,0,0,0,5.20283796609e-05,704181.086842
15.8361111111,-0.00102565239649,0.579487860203,2.40512919426,4.43056342192e-06,1.57861195476e-05,0,0,4.47087622888e-05,0.0166674368083,0,0,0,0,0,5.20287814194e-05,704181.086842
15.8472222222,-0.00102565239649,0.579487860203,2.40512919426,4.43056342192e-06,1.57861195476e-05,0,0,4.47087622888e-05,0.0166674368083,0,0,0,0,0,5.20299722027e-05,704181.086842
15.8583333333,-0.00102565239649,0.579487860203,2.40512919426,4.43056342192e-06,1.57861195476e-05,0,0,4.47087622888e-05,0.0166674368083,0,0,0,0,0,5.20287437214e-05,704181.086842
15.8694444444,-0.00102565239649,0.579487860203,2.40512919426,4.43056342192e-06,1.57861195476e-05,0,0,4.47087622888e-05,0.0166674368083,0,0,0,0,0,5.20288710014e-05,704181.086842
15.8805555556,-0.00102565239649,0.579487860203,2.40512919426,4.43056342192e-06,1.57861195476e-05,0,0,4.47087622888e-05,0.0166674368083,0,0,0,0,0,5.20291074332e-05,704181.086842
15.8916666667,-0.00102565239649,0.579487860203,2.40512919426,4.43056342192e-06,1.57861195476e-05,0,0,4.47087622888e-05,0.0166674368083,0,0,0,0,0,5.20290849196e-05,704181.086842
15.9027777778,-0.00102565239649,0.579487860203,2.40512919426,4.43056342192e-06,1.57861195476e-05,0,0,4.47087622888e-05,0.0166674368083,0,0,0,0,0,5.20289494822e-05,704181.086842
15.9138888889,-0.00102565239649,0.579487860203,2.40512919426,4.43056342192e-06,1.57861195476e-05,0,0,4.47087622888e-05,0.0166674368083,0,0,0,0,0,5.20290685438e-05,704181.086842
15.925,-0.00102565239649,0.579487860203,2.40512919426,4.43056342192e-06,1.57861195476e-05,0,0,4.47087622888e-05,0.0166674368083,0,0,0,0,0,5.20282001398e-05,704181.086842
15.9361111111,-0.00102565239649,0.579487860203,2.40512919426,4.43056342192e-06,1.57861195476e-05,0,0,4.47087622888e-05,0.0166674368083,0,0,0,0,0,5.20288369362e-05,704181.086842
15.9472222222,-0.00102565239649,0.579487860203,2.40512919426,4.43056342192e-06,1.57861195476e-05,0,0,4.47087622888e-05,0.0166674368083,0,0,0,0,0,5.20294893835e-05,704181.086842
15.9583333333,-0.00102565239649,0.579487860203,2.40512919426,4.43056342192e-06,1.57861195476e-05,0,0,4.47087622888e-05,0.0166674368083,0,0,0,0,0,5.20288085365e-05,704181.086842
15.9694444444,-0.00102565239649,0.579487860203,2.40512919426,4.43056342192e-06,1.57861195476e-05,0,0,4.47087622888e-05,0.0166674368083,0,0,0,0,0,5.20293740992e-05,704181.086842
15.9805555556,-0.00102565239649,0.579487860203,2.40512919426,4.43056342192e-06,1.57861195476e-05,0,0,4.47087622888e-05,0.0166674368083,0,0,0,0,0,5.20295771282e-05,704181.086842
15.9916666667,-0.00102565239649,0.579487860203,2.40512919426,4.43056342192e-06,1.57861195476e-05,0,0,4.47087622888e-05,0.0166674368083,0,0,0,0,0,5.20279109736e-05,704181.086842
16.0027777778,-0.00102565239649,0.579487860203,2.40512919426,4.43056342192e-06,1.57861195476e-05,0,0,4.47087622888e-05,0.0166674368083,0,0,0,0,0,5.20296913255e-05,704181.086842
16.0138888889,-0.00102565239649,0.579487860203,2.40512919426,4.43056342192e-06,1.57861195476e-05,0,0,4.47087622888e-05,0.0166674368083,0,0,0,0,0,5.20279881898e-05,704181.086842
16.025,-0.00102565239649,0.579487860203,2.40512919426,4.43056342192e-06,1.57861195476e-05,0,0,4.47087622888e-05,0.0166674368083,0,0,0,0,0,5.20284527179e-05,704181.086842
16.0361111111,-0.00102565239649,0.579487860203,2.40512919426,4.43056342192e-06,1.57861195476e-05,0,0,4.47087622888e-05,0.0166674368083,0,0,0,0,0,5.20286703076e-05,704181.086842
16.0472222222,-0.00102565239649,0.579487860203,2.40512919426,4.43056342192e-06,1.57861195476e-05,0,0,4.47087622888e-05,0.0166674368083,0,0,0,0,0,5.20294783088e-05,704181.086842
16.0583333333,-0.00102565239649,0.579487860203,2.40512919426,4.43056342192e-06,1.57861195476e-05,0,0,4.47087622888e-05,0.0166674368083,0,0,0,0,0,5.20296426592e-05,704181.086842
16.0694444444,-0.00102565239649,0.579487860203,2.40512919426,4.43056342192e-06,1.57861195476e-05,0,0,4.47087622888e-05,0.0166674368083,0,0,0,0,0,5.20300619356e-05,704181.086842
16.0805555556,-0.00102565239649,0.579487860203,2.40512919426,4.43056342192e-06,1.57861195476e-05,0,0,4.47087622888e-05,0.0166674368083,0,0,0,0,0,5.20299189503e-05,704181.086842
16.0916666667,-0.00102565239649,0.579487860203,2.40512919426,4.43056342192e-06,1.57861195476e-05,0,0,4.47087622888e-05,0.0166674368083,0,0,0,0,0,5.20285367199e-05,704181.086842
16.1027777778,-0.00102565239649,0.579487860203,2.40512919426,4.43056342192e-06,1.57861195476e-05,0,0,4.47087622888e-05,0.0166674368083,0,0,0,0,0,5.20301819007e-05,704181.086842
16.1138888889,-0.00102565239649,0.579487860203,2.40512919426,4.43056342192e-06,1.57861195476e-05,0,0,4.47087622888e-05,0.0166674368083,0,0,0,0,0,5.20298642473e-05,704181.086842
16.125,-0.00102565239649,0.579487860203,2.40512919426,4.43056342192e-06,1.57861195476e-05,0,0,4.47087622888e-05,0.0166674368083,0,0,0,0,0,5.20298987402e-05,704181.086842
16.1361111111,-0.00102565239649,0.579487860203,2.40512919426,4.43056342192e-06,1.57861195476e-05,0,0,4.47087622888e-05,0.0166674368083,0,0,0,0,0,5.20298945092e-05,704181.086842
16.1472222222,-0.00102565239649,0.579487860203,2.40512919426,4.43056342192e-06,1.57861195476e-05,0,0,4.47087622888e-05,0.0166674368083,0,0,0,0,0,5.20298785072e-05,704181.086842
16.1583333333,-0.00102565239649,0.579487860203,2.40512919426,4.43056342192e-06,1.57861195476e-05,0,0,4.47087622888e-05,0.0166674368083,0,0,0,0,0,5.2029888918e-05,704181.086842
16.1694444444,-0.00102565239649,0.579487860203,2.40512919426,4.43056342192e-06,1.57861195476e-05,0,0,4.47087622888e-05,0.0166674368083,0,0,0,0,0,5.20298959253e-05,704181.086842
16.1805555556,-0.00102565239649,0.579487860203,2.40512919426,4.43056342192e-06,1.57861195476e-05,0,0,4.47087622888e-05,0.0166674368083,0,0,0,0,0,5.20299951516e-05,704181.086842
16.1916666667,-0.00102565239649,0.579487860203,2.40512919426,4.43056342192e-06,1.57861195476e-05,0,0,4.47087622888e-05,0.0166674368083,0,0,0,0,0,5.20298372456e-05,704181.086842
16.2027777778,-0.00102565239649,0.579487860203,2.40512919426,4.43056342192e-06,1.57861195476e-05,0,0,4.47087622888e-05,0.0166674368083,0,0,0,0,0,5.20298510215e-05,704181.086842
16.2138888889,-0.00102565239649,0.579487860203,2.40512919426,4.43056342192e-06,1.57861195476e-05,0,0,4.47087622888e-05,0.0166674368083,0,0,0,0,0,5.20298627064e-05,704181.086842
16.225,-0.00102565239649,0.579487860203,2.40512919426,4.43056342192e-06,1.57861195476e-05,0,0,4.47087622888e-05,0.0166674368083,0,0,0,0,0,5.20298733039e-05,704181.086842
16.2361111111,-0.00102565239649,0.579487860203,2.40512919426,4.43056342192e-06,1.57861195476e-05,0,0,4.47087622888e-05,0.0166674368083,0,0,0,0,0,5.20298385022e-05,704181.086842
16.2472222222,-0.00102565239649,0.579487860203,2.40512919426,4.43056342192e-06,1.57861195476e-05,0,0,4.47087622888e-05,0.0166674368083,0,0,0,0,0,5.20298488735e-05,704181.086842
16.2583333333,-0.00102565239649,0.579487860203,2.40512919426,4.43056342192e-06,1.57861195476e-05,0,0,4.47087622888e-05,0.0166674368083,0,0,0,0,0,5.20298968515e-05,704181.086842
16.2694444444,-0.00102565239649,0.579487860203,2.40512919426,4.43056342192e-06,1.57861195476e-05,0,0,4.47087622888e-05,0.0166674368083,0,0,0,0,0,5.20298668488e-05,704181.086842
16.2805555556,-0.00102565239649,0.579487860203,2.40512919426,4.43056342192e-06,1.57861195476e-05,0,0,4.47087622888e-05,0.0166674368083,0,0,0,0,0,5.20299008158e-05,704181.086842
16.2916666667,-0.00102565239649,0.579487860203,2.40512919426,4.43056342192e-06,1.57861195476e-05,0,0,4.47087622888e-05,0.0166674368083,0,0,0,0,0,5.2029884928e-05,704181.086842
16.3027777778,-0.00102565239649,0.579487860203,2.40512919426,4.43056342192e-06,1.57861195476e-05,0,0,4.47087622888e-05,0.0166674368083,0,0,0,0,0,5.20300161639e-05,704181.086842
16.3138888889,-0.00102565239649,0.579487860203,2.40512919426,4.43056342192e-06,1.57861195476e-05,0,0,4.47087622888e-05,0.0166674368083,0,0,0,0,0,5.20298892943e-05,704181.086842
16.325,-0.00102565239649,0.579487860203,2.40512919426,4.43056342192e-06,1.57861195476e-05,0,0,4.47087622888e-05,0.0166674368083,0,0,0,0,0,5.2030132999e-05,704181.086842
16.3361111111,-0.00102565239649,0.579487860203,2.40512919426,4.43056342192e-06,1.57861195476e-05,0,0,4.47087622888e-05,0.0166674368083,0,0,0,0,0,5.20298704936e-05,704181.086842
16.3472222222,-0.00102565239649,0.579487860203,2.40512919426,4.43056342192e-06,1.57861195476e-05,0,0,4.47087622888e-05,0.0166674368083,0,0,0,0,0,5.20298614937e-05,704181.086842
16.3583333333,-0.00102565239649,0.579487860203,2.40512919426,4.43056342192e-06,1.57861195476e-05,0,0,4.47087622888e-05,0.0166674368083,0,0,0,0,0,5.20300212255e-05,704181.086842
16.3694444444,-0.00102565239649,0.579487860203,2.40512919426,4.43056342192e-06,1.57861195476e-05,0,0,4.47087622888e-05,0.0166674368083,0,0,0,0,0,5.2029868446e-05,704181.086842
16.3805555556,-0.00102565239649,0.579487860203,2.40512919426,4.43056342192e-06,1.57861195476e-05,0,0,4.47087622888e-05,0.0166674368083,0,0,0,0,0,5.20301335101e-05,704181.086842
16.3916666667,-0.00102565239649,0.579487860203,2.40512919426,4.43056342192e-06,1.57861195476e-05,0,0,4.47087622888e-05,0.0166674368083,0,0,0,0,0,5.20300289935e-05,704181.086842
16.4027777778,-0.00102565239649,0.579487860203,2.40512919426,4.43056342192e-06,1.57861195476e-05,0,0,4.47087622888e-05,0.0166674368083,0,0,0,0,0,5.20298602402e-05,704181.086842
16.4138888889,-0.00102565239649,0.579487860203,2.40512919426,4.43056342192e-06,1.57861195476e-05,0,0,4.47087622888e-05,0.0166674368083,0,0,0,0,0,5.20299990641e-05,704181.086842
16.425,-0.00102565239649,0.579487860203,2.40512919426,4.43056342192e-06,1.57861195476e-05,0,0,4.47087622888e-05,0.0166674368083,0,0,0,0,0,5.20301238924e-05,704181.086842
16.4361111111,-0.00102565239649,0.579487860203,2.40512919426,4.43056342192e-06,1.57861195476e-05,0,0,4.47087622888e-05,0.0166674368083,0,0,0,0,0,5.20298812421e-05,704181.086842
16.4472222222,-0.00102565239649,0.579487860203,2.40512919426,4.43056342192e-06,1.57861195476e-05,0,0,4.47087622888e-05,0.0166674368083,0,0,0,0,0,5.2030014036e-05,704181.086842
16.4583333333,-0.00102565239649,0.579487860203,2.40512919426,4.43056342192e-06,1.57861195476e-05,0,0,4.47087622888e-05,0.0166674368083,0,0,0,0,0,5.20301627419e-05,704181.086842
16.4694444444,-0.00102565239649,0.579487860203,2.40512919426,4.43056342192e-06,1.57861195476e-05,0,0,4.47087622888e-05,0.0166674368083,0,0,0,0,0,5.20301497996e-05,704181.086842
16.4805555556,-0.00102565239649,0.579487860203,2.40512919426,4.43056342192e-06,1.57861195476e-05,0,0,4.47087622888e-05,0.0166674368083,0,0,0,0,0,5.20300164996e-05,704181.086842
16.4916666667,-0.00102565239649,0.579487860203,2.40512919426,4.43056342192e-06,1.57861195476e-05,0,0,4.47087622888e-05,0.0166674368083,0,0,0,0,0,5.20301439057e-05,704181.086842
16.5027777778,-0.00102565239649,0.579487860203,2.40512919426,4.43056342192e-06,1.57861195476e-05,0,0,4.47087622888e-05,0.0166674368083,0,0,0,0,0,5.20300253963e-05,704181.086842
16.5138888889,-0.00102565239649,0.579487860203,2.40512919426,4.43056342192e-06,1.57861195476e-05,0,0,4.47087622888e-05,0.0166674368083,0,0,0,0,0,5.20298629207e-05,704181.086842
16.525,-0.00102565239649,0.579487860203,2.40512919426,4.43056342192e-06,1.57861195476e-05,0,0,4.47087622888e-05,0.0166674368083,0,0,0,0,0,5.20284190793e-05,704181.086842
16.5361111111,-0.00102565239649,0.579487860203,2.40512919426,4.43056342192e-06,1.57861195476e-05,0,0,4.47087622888e-05,0.0166674368083,0,0,0,0,0,5.20297343158e-05,704181.086842
16.5472222222,-0.00102565239649,0.579487860203,2.40512919426,4.43056342192e-06,1.57861195476e-05,0,0,4.47087622888e-05,0.0166674368083,0,0,0,0,0,5.20296260034e-05,704181.086842
16.5583333333,-0.00102565239649,0.579487860203,2.40512919426,4.43056342192e-06,1.57861195476e-05,0,0,4.47087622888e-05,0.0166674368083,0,0,0,0,0,5.20284591166e-05,704181.086842
16.5694444444,-0.00102565239649,0.579487860203,2.40512919426,4.43056342192e-06,1.57861195476e-05,0,0,4.47087622888e-05,0.0166674368083,0,0,0,0,0,5.2028659304e-05,704181.086842
16.5805555556,-0.00102565239649,0.579487860203,2.40512919426,4.43056342192e-06,1.57861195476e-05,0,0,4.47087622888e-05,0.0166674368083,0,0,0,0,0,5.20286698655e-05,704181.086842
16.5916666667,-0.00102565239649,0.579487860203,2.40512919426,4.43056342192e-06,1.57861195476e-05,0,0,4.47087622888e-05,0.0166674368083,0,0,0,0,0,5.20286459026e-05,704181.086842
16.6027777778,-0.00102565239649,0.579487860203,2.40512919426,4.43056342192e-06,1.57861195476e-05,0,0,4.47087622888e-05,0.0166674368083,0,0,0,0,0,5.20285334245e-05,704181.086842
16.6138888889,-0.00102565239649,0.579487860203,2.40512919426,4.43056342192e-06,1.57861195476e-05,0,0,4.47087622888e-05,0.0166674368083,0,0,0,0,0,5.20282911407e-05,704181.086842
16.625,-0.00102565239649,0.579487860203,2.40512919426,4.43056342192e-06,1.57861195476e-05,0,0,4.47087622888e-05,0.0166674368083,0,0,0,0,0,5.20284364285e-05,704181.086842
16.6361111111,-0.00102565239649,0.579487860203,2.40512919426,4.43056342192e-06,1.57861195476e-05,0,0,4.47087622888e-05,0.0166674368083,0,0,0,0,0,5.20282386953e-05,704181.086842
16.6472222222,-0.00102565239649,0.579487860203,2.40512919426,4.43056342192e-06,1.57861195476e-05,0,0,4.47087622888e-05,0.0166674368083,0,0,0,0,0,5.20283012267e-05,704181.086842
16.6583333333,-0.00102565239649,0.579487860203,2.40512919426,4.43056342192e-06,1.57861195476e-05,0,0,4.47087622888e-05,0.0166674368083,0,0,0,0,0,5.20281736928e-05,704181.086842
16.6694444444,-0.00102565239649,0.579487860203,2.40512919426,4.43056342192e-06,1.57861195476e-05,0,0,4.47087622888e-05,0.0166674368083,0,0,0,0,0,5.20284413894e-05,704181.086842
16.6805555556,-0.00102565239649,0.579487860203,2.40512919426,4.43056342192e-06,1.57861195476e-05,0,0,4.47087622888e-05,0.0166674368083,0,0,0,0,0,5.2028440573e-05,704181.086842
16.6916666667,-0.00102565239649,0.579487860203,2.40512919426,4.43056342192e-06,1.57861195476e-05,0,0,4.47087622888e-05,0.0166674368083,0,0,0,0,0,5.20283996423e-05,704181.086842
16.7027777778,-0.00102565239649,0.579487860203,2.40512919426,4.43056342192e-06,1.57861195476e-05,0,0,4.47087622888e-05,0.0166674368083,0,0,0,0,0,5.20285178608e-05,704181.086842
16.7138888889,-0.00102565239649,0.579487860203,2.40512919426,4.43056342192e-06,1.57861195476e-05,0,0,4.47087622888e-05,0.0166674368083,0,0,0,0,0,5.20284309459e-05,704181.086842
16.725,-0.00102565239649,0.579487860203,2.40512919426,4.43056342192e-06,1.57861195476e-05,0,0,4.47087622888e-05,0.0166674368083,0,0,0,0,0,5.20285211928e-05,704181.086842
16.7361111111,-0.00102565239649,0.579487860203,2.40512919426,4.43056342192e-06,1.57861195476e-05,0,0,4.47087622888e-05,0.0166674368083,0,0,0,0,0,5.20285365829e-05,704181.086842
16.7472222222,-0.00102565239649,0.579487860203,2.40512919426,4.43056342192e-06,1.57861195476e-05,0,0,4.47087622888e-05,0.0166674368083,0,0,0,0,0,5.20284149678e-05,704181.086842
16.7583333333,-0.00102565239649,0.579487860203,2.40512919426,4.43056342192e-06,1.57861195476e-05,0,0,4.47087622888e-05,0.0166674368083,0,0,0,0,0,5.20283995386e-05,704181.086842
16.7694444444,-0.00102565239649,0.579487860203,2.40512919426,4.43056342192e-06,1.57861195476e-05,0,0,4.47087622888e-05,0.0166674368083,0,0,0,0,0,5.20283791964e-05,704181.086842
16.7805555556,-0.00102565239649,0.579487860203,2.40512919426,4.43056342192e-06,1.57861195476e-05,0,0,4.47087622888e-05,0.0166674368083,0,0,0,0,0,5.2028294646e-05,704181.086842
16.7916666667,-0.00102565239649,0.579487860203,2.40512919426,4.43056342192e-06,1.57861195476e-05,0,0,4.47087622888e-05,0.0166674368083,0,0,0,0,0,5.20284037555e-05,704181.086842
16.8027777778,-0.00102565239649,0.579487860203,2.40512919426,4.43056342192e-06,1.57861195476e-05,0,0,4.47087622888e-05,0.0166674368083,0,0,0,0,0,5.20283996333e-05,704181.086842
16.8138888889,-0.00102565239649,0.579487860203,2.40512919426,4.43056342192e-06,1.57861195476e-05,0,0,4.47087622888e-05,0.0166674368083,0,0,0,0,0,5.20286840271e-05,704181.086842
16.825,-0.00102565239649,0.579487860203,2.40512919426,4.43056342192e-06,1.57861195476e-05,0,0,4.47087622888e-05,0.0166674368083,0,0,0,0,0,5.20285149081e-05,704181.086842
16.8361111111,-0.00102565239649,0.579487860203,2.40512919426,4.43056342192e-06,1.57861195476e-05,0,0,4.47087622888e-05,0.0166674368083,0,0,0,0,0,5.20285249788e-05,704181.086842
16.8472222222,-0.00102565239649,0.579487860203,2.40512919426,4.43056342192e-06,1.57861195476e-05,0,0,4.47087622888e-05,0.0166674368083,0,0,0,0,0,5.20285446686e-05,704181.086842
16.8583333333,-0.00102565239649,0.579487860203,2.40512919426,4.43056342192e-06,1.57861195476e-05,0,0,4.47087622888e-05,0.0166674368083,0,0,0,0,0,5.20298872547e-05,704181.086842
16.8694444444,-0.00102565239649,0.579487860203,2.40512919426,4.43056342192e-06,1.57861195476e-05,0,0,4.47087622888e-05,0.0166674368083,0,0,0,0,0,5.20298668746e-05,704181.086842
16.8805555556,-0.00102565239649,0.579487860203,2.40512919426,4.43056342192e-06,1.57861195476e-05,0,0,4.47087622888e-05,0.0166674368083,0,0,0,0,0,5.20298876725e-05,704181.086842
16.8916666667,-0.00102565239649,0.579487860203,2.40512919426,4.43056342192e-06,1.57861195476e-05,0,0,4.47087622888e-05,0.0166674368083,0,0,0,0,0,5.20301199823e-05,704181.086842
16.9027777778,-0.00102565239649,0.579487860203,2.40512919426,4.43056342192e-06,1.57861195476e-05,0,0,4.47087622888e-05,0.0166674368083,0,0,0,0,0,5.20299981841e-05,704181.086842
16.9138888889,-0.00102565239649,0.579487860203,2.40512919426,4.43056342192e-06,1.57861195476e-05,0,0,4.47087622888e-05,0.0166674368083,0,0,0,0,0,5.20298745972e-05,704181.086842
16.925,-0.00102565239649,0.579487860203,2.40512919426,4.43056342192e-06,1.57861195476e-05,0,0,4.47087622888e-05,0.0166674368083,0,0,0,0,0,5.20299976378e-05,704181.086842
16.9361111111,-0.00102565239649,0.579487860203,2.40512919426,4.43056342192e-06,1.57861195476e-05,0,0,4.47087622888e-05,0.0166674368083,0,0,0,0,0,5.20298721519e-05,704181.086842
16.9472222222,-0.00102565239649,0.579487860203,2.40512919426,4.43056342192e-06,1.57861195476e-05,0,0,4.47087622888e-05,0.0166674368083,0,0,0,0,0,5.20301398201e-05,704181.086842
16.9583333333,-0.00102565239649,0.579487860203,2.40512919426,4.43056342192e-06,1.57861195476e-05,0,0,4.47087622888e-05,0.0166674368083,0,0,0,0,0,5.2029868418e-05,704181.086842
16.9694444444,-0.00102565239649,0.579487860203,2.40512919426,4.43056342192e-06,1.57861195476e-05,0,0,4.47087622888e-05,0.0166674368083,0,0,0,0,0,5.20298954921e-05,704181.086842
16.9805555556,-0.00102565239649,0.579487860203,2.40512919426,4.43056342192e-06,1.57861195476e-05,0,0,4.47087622888e-05,0.0166674368083,0,0,0,0,0,5.20298496008e-05,704181.086842
16.9916666667,-0.00102565239649,0.579487860203,2.40512919426,4.43056342192e-06,1.57861195476e-05,0,0,4.47087622888e-05,0.0166674368083,0,0,0,0,0,5.20301291364e-05,704181.086842
17.0027777778,-0.00102565239649,0.579487860203,2.40512919426,4.43056342192e-06,1.57861195476e-05,0,0,4.47087622888e-05,0.0166674368083,0,0,0,0,0,5.20301310485e-05,704181.086842
17.0138888889,-0.00102565239649,0.579487860203,2.40512919426,4.43056342192e-06,1.57861195476e-05,0,0,4.47087622888e-05,0.0166674368083,0,0,0,0,0,5.20300118908e-05,704181.086842
17.025,-0.00102565239649,0.579487860203,2.40512919426,4.43056342192e-06,1.57861195476e-05,0,0,4.47087622888e-05,0.0166674368083,0,0,0,0,0,5.2029747362e-05,704181.086842
17.0361111111,-0.00102565239649,0.579487860203,2.40512919426,4.43056342192e-06,1.57861195476e-05,0,0,4.47087622888e-05,0.0166674368083,0,0,0,0,0,5.2029759719e-05,704181.086842
17.0472222222,-0.00102565239649,0.579487860203,2.40512919426,4.43056342192e-06,1.57861195476e-05,0,0,4.47087622888e-05,0.0166674368083,0,0,0,0,0,5.20297421003e-05,704181.086842
17.0583333333,-0.00102565239649,0.579487860203,2.40512919426,4.43056342192e-06,1.57861195476e-05,0,0,4.47087622888e-05,0.0166674368083,0,0,0,0,0,5.20300055364e-05,704181.086842
17.0694444444,-0.00102565239649,0.579487860203,2.40512919426,4.43056342192e-06,1.57861195476e-05,0,0,4.47087622888e-05,0.0166674368083,0,0,0,0,0,5.2029880469e-05,704181.086842
17.0805555556,-0.00102565239649,0.579487860203,2.40512919426,4.43056342192e-06,1.57861195476e-05,0,0,4.47087622888e-05,0.0166674368083,0,0,0,0,0,5.20298983237e-05,704181.086842
17.0916666667,-0.00102565239649,0.579487860203,2.40512919426,4.43056342192e-06,1.57861195476e-05,0,0,4.47087622888e-05,0.0166674368083,0,0,0,0,0,5.20300424969e-05,704181.086842
17.1027777778,-0.00102565239649,0.579487860203,2.40512919426,4.43056342192e-06,1.57861195476e-05,0,0,4.47087622888e-05,0.0166674368083,0,0,0,0,0,5.20299874384e-05,704181.086842
17.1138888889,-0.00102565239649,0.579487860203,2.40512919426,4.43056342192e-06,1.57861195476e-05,0,0,4.47087622888e-05,0.0166674368083,0,0,0,0,0,5.20298814514e-05,704181.086842
17.125,-0.00102565239649,0.579487860203,2.40512919426,4.43056342192e-06,1.57861195476e-05,0,0,4.47087622888e-05,0.0166674368083,0,0,0,0,0,5.20300100977e-05,704181.086842
17.1361111111,-0.00102565239649,0.579487860203,2.40512919426,4.43056342192e-06,1.57861195476e-05,0,0,4.47087622888e-05,0.0166674368083,0,0,0,0,0,5.20298396787e-05,704181.086842
17.1472222222,-0.00102565239649,0.579487860203,2.40512919426,4.43056342192e-06,1.57861195476e-05,0,0,4.47087622888e-05,0.0166674368083,0,0,0,0,0,5.20299132267e-05,704181.086842
17.1583333333,-0.00102565239649,0.579487860203,2.40512919426,4.43056342192e-06,1.57861195476e-05,0,0,4.47087622888e-05,0.0166674368083,0,0,0,0,0,5.20298570806e-05,704181.086842
17.1694444444,-0.00102565239649,0.579487860203,2.40512919426,4.43056342192e-06,1.57861195476e-05,0,0,4.47087622888e-05,0.0166674368083,0,0,0,0,0,5.20300163071e-05,704181.086842
17.1805555556,-0.00102565239649,0.579487860203,2.40512919426,4.43056342192e-06,1.57861195476e-05,0,0,4.47087622888e-05,0.0166674368083,0,0,0,0,0,5.20298668035e-05,704181.086842
17.1916666667,-0.00102565239649,0.579487860203,2.40512919426,4.43056342192e-06,1.57861195476e-05,0,0,4.47087622888e-05,0.0166674368083,0,0,0,0,0,5.20298313605e-05,704181.086842
17.2027777778,-0.00102565239649,0.579487860203,2.40512919426,4.43056342192e-06,1.57861195476e-05,0,0,4.47087622888e-05,0.0166674368083,0,0,0,0,0,5.20297148231e-05,704181.086842
17.2138888889,-0.00102565239649,0.579487860203,2.40512919426,4.43056342192e-06,1.57861195476e-05,0,0,4.47087622888e-05,0.0166674368083,0,0,0,0,0,5.20297179868e-05,704181.086842
17.225,-0.00102565239649,0.579487860203,2.40512919426,4.43056342192e-06,1.57861195476e-05,0,0,4.47087622888e-05,0.0166674368083,0,0,0,0,0,5.20300271313e-05,704181.086842
17.2361111111,-0.00102565239649,0.579487860203,2.40512919426,4.43056342192e-06,1.57861195476e-05,0,0,4.47087622888e-05,0.0166674368083,0,0,0,0,0,5.20288167672e-05,704181.086842
17.2472222222,-0.00102565239649,0.579487860203,2.40512919426,4.43056342192e-06,1.57861195476e-05,0,0,4.47087622888e-05,0.0166674368083,0,0,0,0,0,5.20286471277e-05,704181.086842
17.2583333333,-0.00102565239649,0.579487860203,2.40512919426,4.43056342192e-06,1.57861195476e-05,0,0,4.47087622888e-05,0.0166674368083,0,0,0,0,0,5.20283847389e-05,704181.086842
17.2694444444,-0.00102565239649,0.579487860203,2.40512919426,4.43056342192e-06,1.57861195476e-05,0,0,4.47087622888e-05,0.0166674368083,0,0,0,0,0,5.20283728992e-05,704181.086842
17.2805555556,-0.00102565239649,0.579487860203,2.40512919426,4.43056342192e-06,1.57861195476e-05,0,0,4.47087622888e-05,0.0166674368083,0,0,0,0,0,5.20287607549e-05,704181.086842
17.2916666667,-0.00102565239649,0.579487860203,2.40512919426,4.43056342192e-06,1.57861195476e-05,0,0,4.47087622888e-05,0.0166674368083,0,0,0,0,0,5.20286073849e-05,704181.086842
17.3027777778,-0.00102565239649,0.579487860203,2.40512919426,4.43056342192e-06,1.57861195476e-05,0,0,4.47087622888e-05,0.0166674368083,0,0,0,0,0,5.20287519256e-05,704181.086842
17.3138888889,-0.00102565239649,0.579487860203,2.40512919426,4.43056342192e-06,1.57861195476e-05,0,0,4.47087622888e-05,0.0166674368083,0,0,0,0,0,5.20287360165e-05,704181.086842
17.325,-0.00102565239649,0.579487860203,2.40512919426,4.43056342192e-06,1.57861195476e-05,0,0,4.47087622888e-05,0.0166674368083,0,0,0,0,0,5.20287095491e-05,704181.086842
17.3361111111,-0.00102565239649,0.579487860203,2.40512919426,4.43056342192e-06,1.57861195476e-05,0,0,4.47087622888e-05,0.0166674368083,0,0,0,0,0,5.20287349057e-05,704181.086842
17.3472222222,-0.00102565239649,0.579487860203,2.40512919426,4.43056342192e-06,1.57861195476e-05,0,0,4.47087622888e-05,0.0166674368083,0,0,0,0,0,5.20282715391e-05,704181.086842
17.3583333333,-0.00102565239649,0.579487860203,2.40512919426,4.43056342192e-06,1.57861195476e-05,0,0,4.47087622888e-05,0.0166674368083,0,0,0,0,0,5.20282113624e-05,704181.086842
17.3694444444,-0.00102565239649,0.579487860203,2.40512919426,4.43056342192e-06,1.57861195476e-05,0,0,4.47087622888e-05,0.0166674368083,0,0,0,0,0,5.20281786453e-05,704181.086842
17.3805555556,-0.00102565239649,0.579487860203,2.40512919426,4.43056342192e-06,1.57861195476e-05,0,0,4.47087622888e-05,0.0166674368083,0,0,0,0,0,5.20281756971e-05,704181.086842
17.3916666667,-0.00102565239649,0.579487860203,2.40512919426,4.43056342192e-06,1.57861195476e-05,0,0,4.47087622888e-05,0.0166674368083,0,0,0,0,0,5.20281838306e-05,704181.086842
17.4027777778,-0.00102565239649,0.579487860203,2.40512919426,4.43056342192e-06,1.57861195476e-05,0,0,4.47087622888e-05,0.0166674368083,0,0,0,0,0,5.20283132243e-05,704181.086842
17.4138888889,-0.00102565239649,0.579487860203,2.40512919426,4.43056342192e-06,1.57861195476e-05,0,0,4.47087622888e-05,0.0166674368083,0,0,0,0,0,5.20281754965e-05,704181.086842
17.425,-0.00102565239649,0.579487860203,2.40512919426,4.43056342192e-06,1.57861195476e-05,0,0,4.47087622888e-05,0.0166674368083,0,0,0,0,0,5.20285506809e-05,704181.086842
17.4361111111,-0.00102565239649,0.579487860203,2.40512919426,4.43056342192e-06,1.57861195476e-05,0,0,4.47087622888e-05,0.0166674368083,0,0,0,0,0,5.20283904163e-05,704181.086842
17.4472222222,-0.00102565239649,0.579487860203,2.40512919426,4.43056342192e-06,1.57861195476e-05,0,0,4.47087622888e-05,0.0166674368083,0,0,0,0,0,5.20284201285e-05,704181.086842
17.4583333333,-0.00102565239649,0.579487860203,2.40512919426,4.43056342192e-06,1.57861195476e-05,0,0,4.47087622888e-05,0.0166674368083,0,0,0,0,0,5.20281708206e-05,704181.086842
17.4694444444,-0.00102565239649,0.579487860203,2.40512919426,4.43056342192e-06,1.57861195476e-05,0,0,4.47087622888e-05,0.0166674368083,0,0,0,0,0,5.20282087437e-05,704181.086842
17.4805555556,-0.00102565239649,0.579487860203,2.40512919426,4.43056342192e-06,1.57861195476e-05,0,0,4.47087622888e-05,0.0166674368083,0,0,0,0,0,5.20281926385e-05,704181.086842
17.4916666667,-0.00102565239649,0.579487860203,2.40512919426,4.43056342192e-06,1.57861195476e-05,0,0,4.47087622888e-05,0.0166674368083,0,0,0,0,0,5.20284804434e-05,704181.086842
17.5027777778,-0.00102565239649,0.579487860203,2.40512919426,4.43056342192e-06,1.57861195476e-05,0,0,4.47087622888e-05,0.0166674368083,0,0,0,0,0,5.20284142707e-05,704181.086842
17.5138888889,-0.00102565239649,0.579487860203,2.40512919426,4.43056342192e-06,1.57861195476e-05,0,0,4.47087622888e-05,0.0166674368083,0,0,0,0,0,5.20280963212e-05,704181.086842
17.525,-0.00102565239649,0.579487860203,2.40512919426,4.43056342192e-06,1.57861195476e-05,0,0,4.47087622888e-05,0.0166674368083,0,0,0,0,0,5.2028204511e-05,704181.086842
17.5361111111,-0.00102565239649,0.579487860203,2.40512919426,4.43056342192e-06,1.57861195476e-05,0,0,4.47087622888e-05,0.0166674368083,0,0,0,0,0,5.20283324668e-05,704181.086842
17.5472222222,-0.00102565239649,0.579487860203,2.40512919426,4.43056342192e-06,1.57861195476e-05,0,0,4.47087622888e-05,0.0166674368083,0,0,0,0,0,5.20284072034e-05,704181.086842
17.5583333333,-0.00102565239649,0.579487860203,2.40512919426,4.43056342192e-06,1.57861195476e-05,0,0,4.47087622888e-05,0.0166674368083,0,0,0,0,0,5.20283241298e-05,704181.086842
17.5694444444,-0.00102565239649,0.579487860203,2.40512919426,4.43056342192e-06,1.57861195476e-05,0,0,4.47087622888e-05,0.0166674368083,0,0,0,0,0,5.20284026952e-05,704181.086842
17.5805555556,-0.00102565239649,0.579487860203,2.40512919426,4.43056342192e-06,1.57861195476e-05,0,0,4.47087622888e-05,0.0166674368083,0,0,0,0,0,5.20283774486e-05,704181.086842
17.5916666667,-0.00102565239649,0.579487860203,2.40512919426,4.43056342192e-06,1.57861195476e-05,0,0,4.47087622888e-05,0.0166674368083,0,0,0,0,0,5.2028172114e-05,704181.086842
17.6027777778,-0.00102565239649,0.579487860203,2.40512919426,4.43056342192e-06,1.57861195476e-05,0,0,4.47087622888e-05,0.0166674368083,0,0,0,0,0,5.20281834785e-05,704181.086842
17.6138888889,-0.00102565239649,0.579487860203,2.40512919426,4.43056342192e-06,1.57861195476e-05,0,0,4.47087622888e-05,0.0166674368083,0,0,0,0,0,5.20283278409e-05,704181.086842
17.625,-0.00102565239649,0.579487860203,2.40512919426,4.43056342192e-06,1.57861195476e-05,0,0,4.47087622888e-05,0.0166674368083,0,0,0,0,0,5.20283226605e-05,704181.086842
17.6361111111,-0.00102565239649,0.579487860203,2.40512919426,4.43056342192e-06,1.57861195476e-05,0,0,4.47087622888e-05,0.0166674368083,0,0,0,0,0,5.20283051013e-05,704181.086842
17.6472222222,-0.00102565239649,0.579487860203,2.40512919426,4.43056342192e-06,1.57861195476e-05,0,0,4.47087622888e-05,0.0166674368083,0,0,0,0,0,5.20283152378e-05,704181.086842
17.6583333333,-0.00102565239649,0.579487860203,2.40512919426,4.43056342192e-06,1.57861195476e-05,0,0,4.47087622888e-05,0.0166674368083,0,0,0,0,0,5.20283150837e-05,704181.086842
17.6694444444,-0.00102565239649,0.579487860203,2.40512919426,4.43056342192e-06,1.57861195476e-05,0,0,4.47087622888e-05,0.0166674368083,0,0,0,0,0,5.20288161047e-05,704181.086842
17.6805555556,-0.00102565239649,0.579487860203,2.40512919426,4.43056342192e-06,1.57861195476e-05,0,0,4.47087622888e-05,0.0166674368083,0,0,0,0,0,5.20296386494e-05,704181.086842
17.6916666667,-0.00102565239649,0.579487860203,2.40512919426,4.43056342192e-06,1.57861195476e-05,0,0,4.47087622888e-05,0.0166674368083,0,0,0,0,0,5.20286448992e-05,704181.086842
17.7027777778,-0.00102565239649,0.579487860203,2.40512919426,4.43056342192e-06,1.57861195476e-05,0,0,4.47087622888e-05,0.0166674368083,0,0,0,0,0,5.20285051974e-05,704181.086842
17.7138888889,-0.00102565239649,0.579487860203,2.40512919426,4.43056342192e-06,1.57861195476e-05,0,0,4.47087622888e-05,0.0166674368083,0,0,0,0,0,5.20285249419e-05,704181.086842
17.725,-0.00102565239649,0.579487860203,2.40512919426,4.43056342192e-06,1.57861195476e-05,0,0,4.47087622888e-05,0.0166674368083,0,0,0,0,0,5.20285004302e-05,704181.086842
17.7361111111,-0.00102565239649,0.579487860203,2.40512919426,4.43056342192e-06,1.57861195476e-05,0,0,4.47087622888e-05,0.0166674368083,0,0,0,0,0,5.20291656295e-05,704181.086842
17.7472222222,-0.00102565239649,0.579487860203,2.40512919426,4.43056342192e-06,1.57861195476e-05,0,0,4.47087622888e-05,0.0166674368083,0,0,0,0,0,5.20284533537e-05,704181.086842
17.7583333333,-0.00102565239649,0.579487860203,2.40512919426,4.43056342192e-06,1.57861195476e-05,0,0,4.47087622888e-05,0.0166674368083,0,0,0,0,0,5.20285302334e-05,704181.086842
17.7694444444,-0.00102565239649,0.579487860203,2.40512919426,4.43056342192e-06,1.57861195476e-05,0,0,4.47087622888e-05,0.0166674368083,0,0,0,0,0,5.20291737443e-05,704181.086842
17.7805555556,-0.00102565239649,0.579487860203,2.40512919426,4.43056342192e-06,1.57861195476e-05,0,0,4.47087622888e-05,0.0166674368083,0,0,0,0,0,5.2029175931e-05,704181.086842
17.7916666667,-0.00102565239649,0.579487860203,2.40512919426,4.43056342192e-06,1.57861195476e-05,0,0,4.47087622888e-05,0.0166674368083,0,0,0,0,0,5.20297976875e-05,704181.086842
17.8027777778,-0.00102565239649,0.579487860203,2.40512919426,4.43056342192e-06,1.57861195476e-05,0,0,4.47087622888e-05,0.0166674368083,0,0,0,0,0,5.20286295606e-05,704181.086842
17.8138888889,-0.00102565239649,0.579487860203,2.40512919426,4.43056342192e-06,1.57861195476e-05,0,0,4.47087622888e-05,0.0166674368083,0,0,0,0,0,5.20283955016e-05,704181.086842
17.825,-0.00102565239649,0.579487860203,2.40512919426,4.43056342192e-06,1.57861195476e-05,0,0,4.47087622888e-05,0.0166674368083,0,0,0,0,0,5.20283638176e-05,704181.086842
17.8361111111,-0.00102565239649,0.579487860203,2.40512919426,4.43056342192e-06,1.57861195476e-05,0,0,4.47087622888e-05,0.0166674368083,0,0,0,0,0,5.2028368029e-05,704181.086842
17.8472222222,-0.00102565239649,0.579487860203,2.40512919426,4.43056342192e-06,1.57861195476e-05,0,0,4.47087622888e-05,0.0166674368083,0,0,0,0,0,5.20286576805e-05,704181.086842
17.8583333333,-0.00102565239649,0.579487860203,2.40512919426,4.43056342192e-06,1.57861195476e-05,0,0,4.47087622888e-05,0.0166674368083,0,0,0,0,0,5.20286254538e-05,704181.086842
17.8694444444,-0.00102565239649,0.579487860203,2.40512919426,4.43056342192e-06,1.57861195476e-05,0,0,4.47087622888e-05,0.0166674368083,0,0,0,0,0,5.20286372201e-05,704181.086842
17.8805555556,-0.00102565239649,0.579487860203,2.40512919426,4.43056342192e-06,1.57861195476e-05,0,0,4.47087622888e-05,0.0166674368083,0,0,0,0,0,5.20286274549e-05,704181.086842
17.8916666667,-0.00102565239649,0.579487860203,2.40512919426,4.43056342192e-06,1.57861195476e-05,0,0,4.47087622888e-05,0.0166674368083,0,0,0,0,0,5.20285984956e-05,704181.086842
17.9027777778,-0.00102565239649,0.579487860203,2.40512919426,4.43056342192e-06,1.57861195476e-05,0,0,4.47087622888e-05,0.0166674368083,0,0,0,0,0,5.2028657539e-05,704181.086842
17.9138888889,-0.00102565239649,0.579487860203,2.40512919426,4.43056342192e-06,1.57861195476e-05,0,0,4.47087622888e-05,0.0166674368083,0,0,0,0,0,5.20286307098e-05,704181.086842
17.925,-0.00102565239649,0.579487860203,2.40512919426,4.43056342192e-06,1.57861195476e-05,0,0,4.47087622888e-05,0.0166674368083,0,0,0,0,0,5.20286291624e-05,704181.086842
17.9361111111,-0.00102565239649,0.579487860203,2.40512919426,4.43056342192e-06,1.57861195476e-05,0,0,4.47087622888e-05,0.0166674368083,0,0,0,0,0,5.20285264141e-05,704181.086842
17.9472222222,-0.00102565239649,0.579487860203,2.40512919426,4.43056342192e-06,1.57861195476e-05,0,0,4.47087622888e-05,0.0166674368083,0,0,0,0,0,5.20286426215e-05,704181.086842
17.9583333333,-0.00102565239649,0.579487860203,2.40512919426,4.43056342192e-06,1.57861195476e-05,0,0,4.47087622888e-05,0.0166674368083,0,0,0,0,0,5.20285228545e-05,704181.086842
17.9694444444,-0.00102565239649,0.579487860203,2.40512919426,4.43056342192e-06,1.57861195476e-05,0,0,4.47087622888e-05,0.0166674368083,0,0,0,0,0,5.20286343245e-05,704181.086842
17.9805555556,-0.00102565239649,0.579487860203,2.40512919426,4.43056342192e-06,1.57861195476e-05,0,0,4.47087622888e-05,0.0166674368083,0,0,0,0,0,5.20293055053e-05,704181.086842
17.9916666667,-0.00102565239649,0.579487860203,2.40512919426,4.43056342192e-06,1.57861195476e-05,0,0,4.47087622888e-05,0.0166674368083,0,0,0,0,0,5.20289009348e-05,704181.086842
18.0027777778,-0.00102565239649,0.579487860203,2.40512919426,4.43056342192e-06,1.57861195476e-05,0,0,4.47087622888e-05,0.0166674368083,0,0,0,0,0,5.20282458097e-05,704181.086842
18.0138888889,-0.00102565239649,0.579487860203,2.40512919426,4.43056342192e-06,1.57861195476e-05,0,0,4.47087622888e-05,0.0166674368083,0,0,0,0,0,5.20285599277e-05,704181.086842
18.025,-0.00102565239649,0.579487860203,2.40512919426,4.43056342192e-06,1.57861195476e-05,0,0,4.47087622888e-05,0.0166674368083,0,0,0,0,0,5.20295819427e-05,704181.086842
18.0361111111,-0.00102565239649,0.579487860203,2.40512919426,4.43056342192e-06,1.57861195476e-05,0,0,4.47087622888e-05,0.0166674368083,0,0,0,0,0,5.20291829667e-05,704181.086842
18.0472222222,-0.00102565239649,0.579487860203,2.40512919426,4.43056342192e-06,1.57861195476e-05,0,0,4.47087622888e-05,0.0166674368083,0,0,0,0,0,5.2028600865e-05,704181.086842
18.0583333333,-0.00102565239649,0.579487860203,2.40512919426,4.43056342192e-06,1.57861195476e-05,0,0,4.47087622888e-05,0.0166674368083,0,0,0,0,0,5.20284885799e-05,704181.086842
18.0694444444,-0.00102565239649,0.579487860203,2.40512919426,4.43056342192e-06,1.57861195476e-05,0,0,4.47087622888e-05,0.0166674368083,0,0,0,0,0,5.20283259221e-05,704181.086842
18.0805555556,-0.00102565239649,0.579487860203,2.40512919426,4.43056342192e-06,1.57861195476e-05,0,0,4.47087622888e-05,0.0166674368083,0,0,0,0,0,5.20285010544e-05,704181.086842
18.0916666667,-0.00102565239649,0.579487860203,2.40512919426,4.43056342192e-06,1.57861195476e-05,0,0,4.47087622888e-05,0.0166674368083,0,0,0,0,0,5.20286199533e-05,704181.086842
18.1027777778,-0.00102565239649,0.579487860203,2.40512919426,4.43056342192e-06,1.57861195476e-05,0,0,4.47087622888e-05,0.0166674368083,0,0,0,0,0,5.2029055115e-05,704181.086842
18.1138888889,-0.00102565239649,0.579487860203,2.40512919426,4.43056342192e-06,1.57861195476e-05,0,0,4.47087622888e-05,0.0166674368083,0,0,0,0,0,5.20283345154e-05,704181.086842
18.125,-0.00102565239649,0.579487860203,2.40512919426,4.43056342192e-06,1.57861195476e-05,0,0,4.47087622888e-05,0.0166674368083,0,0,0,0,0,5.2028658483e-05,704181.086842
18.1361111111,-0.00102565239649,0.579487860203,2.40512919426,4.43056342192e-06,1.57861195476e-05,0,0,4.47087622888e-05,0.0166674368083,0,0,0,0,0,5.20287863443e-05,704181.086842
18.1472222222,-0.00102565239649,0.579487860203,2.40512919426,4.43056342192e-06,1.57861195476e-05,0,0,4.47087622888e-05,0.0166674368083,0,0,0,0,0,5.20290088242e-05,704181.086842
18.1583333333,-0.00102565239649,0.579487860203,2.40512919426,4.43056342192e-06,1.57861195476e-05,0,0,4.47087622888e-05,0.0166674368083,0,0,0,0,0,5.20285845121e-05,704181.086842
18.1694444444,-0.00102565239649,0.579487860203,2.40512919426,4.43056342192e-06,1.57861195476e-05,0,0,4.47087622888e-05,0.0166674368083,0,0,0,0,0,5.2029153339e-05,704181.086842
18.1805555556,-0.00102565239649,0.579487860203,2.40512919426,4.43056342192e-06,1.57861195476e-05,0,0,4.47087622888e-05,0.0166674368083,0,0,0,0,0,5.20286244732e-05,704181.086842
18.1916666667,-0.00102565239649,0.579487860203,2.40512919426,4.43056342192e-06,1.57861195476e-05,0,0,4.47087622888e-05,0.0166674368083,0,0,0,0,0,5.20285619202e-05,704181.086842
18.2027777778,-0.00102565239649,0.579487860203,2.40512919426,4.43056342192e-06,1.57861195476e-05,0,0,4.47087622888e-05,0.0166674368083,0,0,0,0,0,5.20295720356e-05,704181.086842
18.2138888889,-0.00102565239649,0.579487860203,2.40512919426,4.43056342192e-06,1.57861195476e-05,0,0,4.47087622888e-05,0.0166674368083,0,0,0,0,0,5.20289050491e-05,704181.086842
18.225,-0.00102565239649,0.579487860203,2.40512919426,4.43056342192e-06,1.57861195476e-05,0,0,4.47087622888e-05,0.0166674368083,0,0,0,0,0,5.20300691212e-05,704181.086842
18.2361111111,-0.00102565239649,0.579487860203,2.40512919426,4.43056342192e-06,1.57861195476e-05,0,0,4.47087622888e-05,0.0166674368083,0,0,0,0,0,5.202818954e-05,704181.086842
18.2472222222,-0.00102565239649,0.579487860203,2.40512919426,4.43056342192e-06,1.57861195476e-05,0,0,4.47087622888e-05,0.0166674368083,0,0,0,0,0,5.20286597561e-05,704181.086842
18.2583333333,-0.00102565239649,0.579487860203,2.40512919426,4.43056342192e-06,1.57861195476e-05,0,0,4.47087622888e-05,0.0166674368083,0,0,0,0,0,5.20283111896e-05,704181.086842
18.2694444444,-0.00102565239649,0.579487860203,2.40512919426,4.43056342192e-06,1.57861195476e-05,0,0,4.47087622888e-05,0.0166674368083,0,0,0,0,0,5.20294508397e-05,704181.086842
18.2805555556,-0.00102565239649,0.579487860203,2.40512919426,4.43056342192e-06,1.57861195476e-05,0,0,4.47087622888e-05,0.0166674368083,0,0,0,0,0,5.20300207367e-05,704181.086842
18.2916666667,-0.00102565239649,0.579487860203,2.40512919426,4.43056342192e-06,1.57861195476e-05,0,0,4.47087622888e-05,0.0166674368083,0,0,0,0,0,5.20282943276e-05,704181.086842
18.3027777778,-0.00102565239649,0.579487860203,2.40512919426,4.43056342192e-06,1.57861195476e-05,0,0,4.47087622888e-05,0.0166674368083,0,0,0,0,0,5.20289715528e-05,704181.086842
18.3138888889,-0.00102565239649,0.579487860203,2.40512919426,4.43056342192e-06,1.57861195476e-05,0,0,4.47087622888e-05,0.0166674368083,0,0,0,0,0,5.20296103371e-05,704181.086842
18.325,-0.00102565239649,0.579487860203,2.40512919426,4.43056342192e-06,1.57861195476e-05,0,0,4.47087622888e-05,0.0166674368083,0,0,0,0,0,5.20295865011e-05,704181.086842
18.3361111111,-0.00102565239649,0.579487860203,2.40512919426,4.43056342192e-06,1.57861195476e-05,0,0,4.47087622888e-05,0.0166674368083,0,0,0,0,0,5.20300340015e-05,704181.086842
18.3472222222,-0.00102565239649,0.579487860203,2.40512919426,4.43056342192e-06,1.57861195476e-05,0,0,4.47087622888e-05,0.0166674368083,0,0,0,0,0,5.20288826646e-05,704181.086842
18.3583333333,-0.00102565239649,0.579487860203,2.40512919426,4.43056342192e-06,1.57861195476e-05,0,0,4.47087622888e-05,0.0166674368083,0,0,0,0,0,5.20281863144e-05,704181.086842
18.3694444444,-0.00102565239649,0.579487860203,2.40512919426,4.43056342192e-06,1.57861195476e-05,0,0,4.47087622888e-05,0.0166674368083,0,0,0,0,0,5.20288341068e-05,704181.086842
18.3805555556,-0.00102565239649,0.579487860203,2.40512919426,4.43056342192e-06,1.57861195476e-05,0,0,4.47087622888e-05,0.0166674368083,0,0,0,0,0,5.20291246412e-05,704181.086842
18.3916666667,-0.00102565239649,0.579487860203,2.40512919426,4.43056342192e-06,1.57861195476e-05,0,0,4.47087622888e-05,0.0166674368083,0,0,0,0,0,5.20301117904e-05,704181.086842
18.4027777778,-0.00102565239649,0.579487860203,2.40512919426,4.43056342192e-06,1.57861195476e-05,0,0,4.47087622888e-05,0.0166674368083,0,0,0,0,0,5.20281580305e-05,704181.086842
18.4138888889,-0.00102565239649,0.579487860203,2.40512919426,4.43056342192e-06,1.57861195476e-05,0,0,4.47087622888e-05,0.0166674368083,0,0,0,0,0,5.20285758999e-05,704181.086842
18.425,-0.00102565239649,0.579487860203,2.40512919426,4.43056342192e-06,1.57861195476e-05,0,0,4.47087622888e-05,0.0166674368083,0,0,0,0,0,5.2029102338e-05,704181.086842
18.4361111111,-0.00102565239649,0.579487860203,2.40512919426,4.43056342192e-06,1.57861195476e-05,0,0,4.47087622888e-05,0.0166674368083,0,0,0,0,0,5.20298489917e-05,704181.086842
18.4472222222,-0.00102565239649,0.579487860203,2.40512919426,4.43056342192e-06,1.57861195476e-05,0,0,4.47087622888e-05,0.0166674368083,0,0,0,0,0,5.20297345477e-05,704181.086842
18.4583333333,-0.00102565239649,0.579487860203,2.40512919426,4.43056342192e-06,1.57861195476e-05,0,0,4.47087622888e-05,0.0166674368083,0,0,0,0,0,5.20286105346e-05,704181.086842
18.4694444444,-0.00102565239649,0.579487860203,2.40512919426,4.43056342192e-06,1.57861195476e-05,0,0,4.47087622888e-05,0.0166674368083,0,0,0,0,0,5.20284469755e-05,704181.086842
18.4805555556,-0.00102565239649,0.579487860203,2.40512919426,4.43056342192e-06,1.57861195476e-05,0,0,4.47087622888e-05,0.0166674368083,0,0,0,0,0,5.20285008152e-05,704181.086842
18.4916666667,-0.00102565239649,0.579487860203,2.40512919426,4.43056342192e-06,1.57861195476e-05,0,0,4.47087622888e-05,0.0166674368083,0,0,0,0,0,5.20285277732e-05,704181.086842
18.5027777778,-0.00102565239649,0.579487860203,2.40512919426,4.43056342192e-06,1.57861195476e-05,0,0,4.47087622888e-05,0.0166674368083,0,0,0,0,0,5.20284882114e-05,704181.086842
18.5138888889,-0.00102565239649,0.579487860203,2.40512919426,4.43056342192e-06,1.57861195476e-05,0,0,4.47087622888e-05,0.0166674368083,0,0,0,0,0,5.20283919388e-05,704181.086842
18.525,-0.00102565239649,0.579487860203,2.40512919426,4.43056342192e-06,1.57861195476e-05,0,0,4.47087622888e-05,0.0166674368083,0,0,0,0,0,5.20283636274e-05,704181.086842
18.5361111111,-0.00102565239649,0.579487860203,2.40512919426,4.43056342192e-06,1.57861195476e-05,0,0,4.47087622888e-05,0.0166674368083,0,0,0,0,0,5.20283854899e-05,704181.086842
18.5472222222,-0.00102565239649,0.579487860203,2.40512919426,4.43056342192e-06,1.57861195476e-05,0,0,4.47087622888e-05,0.0166674368083,0,0,0,0,0,5.20285092826e-05,704181.086842
18.5583333333,-0.00102565239649,0.579487860203,2.40512919426,4.43056342192e-06,1.57861195476e-05,0,0,4.47087622888e-05,0.0166674368083,0,0,0,0,0,5.20286794914e-05,704181.086842
18.5694444444,-0.00102565239649,0.579487860203,2.40512919426,4.43056342192e-06,1.57861195476e-05,0,0,4.47087622888e-05,0.0166674368083,0,0,0,0,0,5.20285150344e-05,704181.086842
18.5805555556,-0.00102565239649,0.579487860203,2.40512919426,4.43056342192e-06,1.57861195476e-05,0,0,4.47087622888e-05,0.0166674368083,0,0,0,0,0,5.20283440949e-05,704181.086842
18.5916666667,-0.00102565239649,0.579487860203,2.40512919426,4.43056342192e-06,1.57861195476e-05,0,0,4.47087622888e-05,0.0166674368083,0,0,0,0,0,5.20298294572e-05,704181.086842
18.6027777778,-0.00102565239649,0.579487860203,2.40512919426,4.43056342192e-06,1.57861195476e-05,0,0,4.47087622888e-05,0.0166674368083,0,0,0,0,0,5.20292109624e-05,704181.086842
18.6138888889,-0.00102565239649,0.579487860203,2.40512919426,4.43056342192e-06,1.57861195476e-05,0,0,4.47087622888e-05,0.0166674368083,0,0,0,0,0,5.20285208959e-05,704181.086842
18.625,-0.00102565239649,0.579487860203,2.40512919426,4.43056342192e-06,1.57861195476e-05,0,0,4.47087622888e-05,0.0166674368083,0,0,0,0,0,5.20284763875e-05,704181.086842
18.6361111111,-0.00102565239649,0.579487860203,2.40512919426,4.43056342192e-06,1.57861195476e-05,0,0,4.47087622888e-05,0.0166674368083,0,0,0,0,0,5.20284764704e-05,704181.086842
18.6472222222,-0.00102565239649,0.579487860203,2.40512919426,4.43056342192e-06,1.57861195476e-05,0,0,4.47087622888e-05,0.0166674368083,0,0,0,0,0,5.20286078671e-05,704181.086842
18.6583333333,-0.00102565239649,0.579487860203,2.40512919426,4.43056342192e-06,1.57861195476e-05,0,0,4.47087622888e-05,0.0166674368083,0,0,0,0,0,5.20299238456e-05,704181.086842
18.6694444444,-0.00102565239649,0.579487860203,2.40512919426,4.43056342192e-06,1.57861195476e-05,0,0,4.47087622888e-05,0.0166674368083,0,0,0,0,0,5.20287589926e-05,704181.086842
18.6805555556,-0.00102565239649,0.579487860203,2.40512919426,4.43056342192e-06,1.57861195476e-05,0,0,4.47087622888e-05,0.0166674368083,0,0,0,0,0,5.20281688128e-05,704181.086842
18.6916666667,-0.00102565239649,0.579487860203,2.40512919426,4.43056342192e-06,1.57861195476e-05,0,0,4.47087622888e-05,0.0166674368083,0,0,0,0,0,5.20295793812e-05,704181.086842
18.7027777778,-0.00102565239649,0.579487860203,2.40512919426,4.43056342192e-06,1.57861195476e-05,0,0,4.47087622888e-05,0.0166674368083,0,0,0,0,0,5.2028371183e-05,704181.086842
18.7138888889,-0.00102565239649,0.579487860203,2.40512919426,4.43056342192e-06,1.57861195476e-05,0,0,4.47087622888e-05,0.0166674368083,0,0,0,0,0,5.20284967327e-05,704181.086842
18.725,-0.00102565239649,0.579487860203,2.40512919426,4.43056342192e-06,1.57861195476e-05,0,0,4.47087622888e-05,0.0166674368083,0,0,0,0,0,5.20284954438e-05,704181.086842
18.7361111111,-0.00102565239649,0.579487860203,2.40512919426,4.43056342192e-06,1.57861195476e-05,0,0,4.47087622888e-05,0.0166674368083,0,0,0,0,0,5.20284568569e-05,704181.086842
18.7472222222,-0.00102565239649,0.579487860203,2.40512919426,4.43056342192e-06,1.57861195476e-05,0,0,4.47087622888e-05,0.0166674368083,0,0,0,0,0,5.20284667328e-05,704181.086842
18.7583333333,-0.00102565239649,0.579487860203,2.40512919426,4.43056342192e-06,1.57861195476e-05,0,0,4.47087622888e-05,0.0166674368083,0,0,0,0,0,5.20278894148e-05,704181.086842
18.7694444444,-0.00102565239649,0.579487860203,2.40512919426,4.43056342192e-06,1.57861195476e-05,0,0,4.47087622888e-05,0.0166674368083,0,0,0,0,0,5.20294259045e-05,704181.086842
18.7805555556,-0.00102565239649,0.579487860203,2.40512919426,4.43056342192e-06,1.57861195476e-05,0,0,4.47087622888e-05,0.0166674368083,0,0,0,0,0,5.2028440615e-05,704181.086842
18.7916666667,-0.00102565239649,0.579487860203,2.40512919426,4.43056342192e-06,1.57861195476e-05,0,0,4.47087622888e-05,0.0166674368083,0,0,0,0,0,5.20282945719e-05,704181.086842
18.8027777778,-0.00102565239649,0.579487860203,2.40512919426,4.43056342192e-06,1.57861195476e-05,0,0,4.47087622888e-05,0.0166674368083,0,0,0,0,0,5.20294547315e-05,704181.086842
18.8138888889,-0.00102565239649,0.579487860203,2.40512919426,4.43056342192e-06,1.57861195476e-05,0,0,4.47087622888e-05,0.0166674368083,0,0,0,0,0,5.20294937871e-05,704181.086842
18.825,-0.00102565239649,0.579487860203,2.40512919426,4.43056342192e-06,1.57861195476e-05,0,0,4.47087622888e-05,0.0166674368083,0,0,0,0,0,5.20285306804e-05,704181.086842
18.8361111111,-0.00102565239649,0.579487860203,2.40512919426,4.43056342192e-06,1.57861195476e-05,0,0,4.47087622888e-05,0.0166674368083,0,0,0,0,0,5.20297340166e-05,704181.086842
18.8472222222,-0.00102565239649,0.579487860203,2.40512919426,4.43056342192e-06,1.57861195476e-05,0,0,4.47087622888e-05,0.0166674368083,0,0,0,0,0,5.2029280185e-05,704181.086842
18.8583333333,-0.00102565239649,0.579487860203,2.40512919426,4.43056342192e-06,1.57861195476e-05,0,0,4.47087622888e-05,0.0166674368083,0,0,0,0,0,5.20282721586e-05,704181.086842
18.8694444444,-0.00102565239649,0.579487860203,2.40512919426,4.43056342192e-06,1.57861195476e-05,0,0,4.47087622888e-05,0.0166674368083,0,0,0,0,0,5.20281604451e-05,704181.086842
18.8805555556,-0.00102565239649,0.579487860203,2.40512919426,4.43056342192e-06,1.57861195476e-05,0,0,4.47087622888e-05,0.0166674368083,0,0,0,0,0,5.20283894421e-05,704181.086842
18.8916666667,-0.00102565239649,0.579487860203,2.40512919426,4.43056342192e-06,1.57861195476e-05,0,0,4.47087622888e-05,0.0166674368083,0,0,0,0,0,5.20279621478e-05,704181.086842
18.9027777778,-0.00102565239649,0.579487860203,2.40512919426,4.43056342192e-06,1.57861195476e-05,0,0,4.47087622888e-05,0.0166674368083,0,0,0,0,0,5.202848796e-05,704181.086842
18.9138888889,-0.00102565239649,0.579487860203,2.40512919426,4.43056342192e-06,1.57861195476e-05,0,0,4.47087622888e-05,0.0166674368083,0,0,0,0,0,5.202909794e-05,704181.086842
18.925,-0.00102565239649,0.579487860203,2.40512919426,4.43056342192e-06,1.57861195476e-05,0,0,4.47087622888e-05,0.0166674368083,0,0,0,0,0,5.20292544386e-05,704181.086842
18.9361111111,-0.00102565239649,0.579487860203,2.40512919426,4.43056342192e-06,1.57861195476e-05,0,0,4.47087622888e-05,0.0166674368083,0,0,0,0,0,5.20291084987e-05,704181.086842
18.9472222222,-0.00102565239649,0.579487860203,2.40512919426,4.43056342192e-06,1.57861195476e-05,0,0,4.47087622888e-05,0.0166674368083,0,0,0,0,0,5.2028896241e-05,704181.086842
18.9583333333,-0.00102565239649,0.579487860203,2.40512919426,4.43056342192e-06,1.57861195476e-05,0,0,4.47087622888e-05,0.0166674368083,0,0,0,0,0,5.20291635256e-05,704181.086842
18.9694444444,-0.00102565239649,0.579487860203,2.40512919426,4.43056342192e-06,1.57861195476e-05,0,0,4.47087622888e-05,0.0166674368083,0,0,0,0,0,5.20290718715e-05,704181.086842
18.9805555556,-0.00102565239649,0.579487860203,2.40512919426,4.43056342192e-06,1.57861195476e-05,0,0,4.47087622888e-05,0.0166674368083,0,0,0,0,0,5.2029128181e-05,704181.086842
18.9916666667,-0.00102565239649,0.579487860203,2.40512919426,4.43056342192e-06,1.57861195476e-05,0,0,4.47087622888e-05,0.0166674368083,0,0,0,0,0,5.20284303411e-05,704181.086842
19.0027777778,-0.00102565239649,0.579487860203,2.40512919426,4.43056342192e-06,1.57861195476e-05,0,0,4.47087622888e-05,0.0166674368083,0,0,0,0,0,5.20286668198e-05,704181.086842
19.0138888889,-0.00102565239649,0.579487860203,2.40512919426,4.43056342192e-06,1.57861195476e-05,0,0,4.47087622888e-05,0.0166674368083,0,0,0,0,0,5.20284956235e-05,704181.086842
19.025,-0.00102565239649,0.579487860203,2.40512919426,4.43056342192e-06,1.57861195476e-05,0,0,4.47087622888e-05,0.0166674368083,0,0,0,0,0,5.20281448262e-05,704181.086842
19.0361111111,-0.00102565239649,0.579487860203,2.40512919426,4.43056342192e-06,1.57861195476e-05,0,0,4.47087622888e-05,0.0166674368083,0,0,0,0,0,5.20298494543e-05,704181.086842
19.0472222222,-0.00102565239649,0.579487860203,2.40512919426,4.43056342192e-06,1.57861195476e-05,0,0,4.47087622888e-05,0.0166674368083,0,0,0,0,0,5.20285764393e-05,704181.086842
19.0583333333,-0.00102565239649,0.579487860203,2.40512919426,4.43056342192e-06,1.57861195476e-05,0,0,4.47087622888e-05,0.0166674368083,0,0,0,0,0,5.20286557715e-05,704181.086842
19.0694444444,-0.00102565239649,0.579487860203,2.40512919426,4.43056342192e-06,1.57861195476e-05,0,0,4.47087622888e-05,0.0166674368083,0,0,0,0,0,5.20285878929e-05,704181.086842
19.0805555556,-0.00102565239649,0.579487860203,2.40512919426,4.43056342192e-06,1.57861195476e-05,0,0,4.47087622888e-05,0.0166674368083,0,0,0,0,0,5.20283363879e-05,704181.086842
19.0916666667,-0.00102565239649,0.579487860203,2.40512919426,4.43056342192e-06,1.57861195476e-05,0,0,4.47087622888e-05,0.0166674368083,0,0,0,0,0,5.20281557338e-05,704181.086842
19.1027777778,-0.00102565239649,0.579487860203,2.40512919426,4.43056342192e-06,1.57861195476e-05,0,0,4.47087622888e-05,0.0166674368083,0,0,0,0,0,5.20281474061e-05,704181.086842
19.1138888889,-0.00102565239649,0.579487860203,2.40512919426,4.43056342192e-06,1.57861195476e-05,0,0,4.47087622888e-05,0.0166674368083,0,0,0,0,0,5.20295733002e-05,704181.086842
19.125,-0.00102565239649,0.579487860203,2.40512919426,4.43056342192e-06,1.57861195476e-05,0,0,4.47087622888e-05,0.0166674368083,0,0,0,0,0,5.20288880757e-05,704181.086842
19.1361111111,-0.00102565239649,0.579487860203,2.40512919426,4.43056342192e-06,1.57861195476e-05,0,0,4.47087622888e-05,0.0166674368083,0,0,0,0,0,5.20289365496e-05,704181.086842
19.1472222222,-0.00102565239649,0.579487860203,2.40512919426,4.43056342192e-06,1.57861195476e-05,0,0,4.47087622888e-05,0.0166674368083,0,0,0,0,0,5.2028712428e-05,704181.086842
19.1583333333,-0.00102565239649,0.579487860203,2.40512919426,4.43056342192e-06,1.57861195476e-05,0,0,4.47087622888e-05,0.0166674368083,0,0,0,0,0,5.20297363055e-05,704181.086842
19.1694444444,-0.00102565239649,0.579487860203,2.40512919426,4.43056342192e-06,1.57861195476e-05,0,0,4.47087622888e-05,0.0166674368083,0,0,0,0,0,5.20292158563e-05,704181.086842
19.1805555556,-0.00102565239649,0.579487860203,2.40512919426,4.43056342192e-06,1.57861195476e-05,0,0,4.47087622888e-05,0.0166674368083,0,0,0,0,0,5.20287204319e-05,704181.086842
19.1916666667,-0.00102565239649,0.579487860203,2.40512919426,4.43056342192e-06,1.57861195476e-05,0,0,4.47087622888e-05,0.0166674368083,0,0,0,0,0,5.20298602503e-05,704181.086842
19.2027777778,-0.00102565239649,0.579487860203,2.40512919426,4.43056342192e-06,1.57861195476e-05,0,0,4.47087622888e-05,0.0166674368083,0,0,0,0,0,5.20301995866e-05,704181.086842
19.2138888889,-0.00102565239649,0.579487860203,2.40512919426,4.43056342192e-06,1.57861195476e-05,0,0,4.47087622888e-05,0.0166674368083,0,0,0,0,0,5.20292594625e-05,704181.086842
19.225,-0.00102565239649,0.579487860203,2.40512919426,4.43056342192e-06,1.57861195476e-05,0,0,4.47087622888e-05,0.0166674368083,0,0,0,0,0,5.20280480057e-05,704181.086842
19.2361111111,-0.00102565239649,0.579487860203,2.40512919426,4.43056342192e-06,1.57861195476e-05,0,0,4.47087622888e-05,0.0166674368083,0,0,0,0,0,5.20284925793e-05,704181.086842
19.2472222222,-0.00102565239649,0.579487860203,2.40512919426,4.43056342192e-06,1.57861195476e-05,0,0,4.47087622888e-05,0.0166674368083,0,0,0,0,0,5.20284950666e-05,704181.086842
19.2583333333,-0.00102565239649,0.579487860203,2.40512919426,4.43056342192e-06,1.57861195476e-05,0,0,4.47087622888e-05,0.0166674368083,0,0,0,0,0,5.20284939026e-05,704181.086842
19.2694444444,-0.00102565239649,0.579487860203,2.40512919426,4.43056342192e-06,1.57861195476e-05,0,0,4.47087622888e-05,0.0166674368083,0,0,0,0,0,5.20284836165e-05,704181.086842
19.2805555556,-0.00102565239649,0.579487860203,2.40512919426,4.43056342192e-06,1.57861195476e-05,0,0,4.47087622888e-05,0.0166674368083,0,0,0,0,0,5.20285297683e-05,704181.086842
19.2916666667,-0.00102565239649,0.579487860203,2.40512919426,4.43056342192e-06,1.57861195476e-05,0,0,4.47087622888e-05,0.0166674368083,0,0,0,0,0,5.202863538e-05,704181.086842
19.3027777778,-0.00102565239649,0.579487860203,2.40512919426,4.43056342192e-06,1.57861195476e-05,0,0,4.47087622888e-05,0.0166674368083,0,0,0,0,0,5.20285091955e-05,704181.086842
19.3138888889,-0.00102565239649,0.579487860203,2.40512919426,4.43056342192e-06,1.57861195476e-05,0,0,4.47087622888e-05,0.0166674368083,0,0,0,0,0,5.20292699342e-05,704181.086842
19.325,-0.00102565239649,0.579487860203,2.40512919426,4.43056342192e-06,1.57861195476e-05,0,0,4.47087622888e-05,0.0166674368083,0,0,0,0,0,5.20283189694e-05,704181.086842
19.3361111111,-0.00102565239649,0.579487860203,2.40512919426,4.43056342192e-06,1.57861195476e-05,0,0,4.47087622888e-05,0.0166674368083,0,0,0,0,0,5.20294492826e-05,704181.086842
19.3472222222,-0.00102565239649,0.579487860203,2.40512919426,4.43056342192e-06,1.57861195476e-05,0,0,4.47087622888e-05,0.0166674368083,0,0,0,0,0,5.20296598444e-05,704181.086842
19.3583333333,-0.00102565239649,0.579487860203,2.40512919426,4.43056342192e-06,1.57861195476e-05,0,0,4.47087622888e-05,0.0166674368083,0,0,0,0,0,5.20290140338e-05,704181.086842
19.3694444444,-0.00102565239649,0.579487860203,2.40512919426,4.43056342192e-06,1.57861195476e-05,0,0,4.47087622888e-05,0.0166674368083,0,0,0,0,0,5.20279910797e-05,704181.086842
19.3805555556,-0.00102565239649,0.579487860203,2.40512919426,4.43056342192e-06,1.57861195476e-05,0,0,4.47087622888e-05,0.0166674368083,0,0,0,0,0,5.2029321337e-05,704181.086842
19.3916666667,-0.00102565239649,0.579487860203,2.40512919426,4.43056342192e-06,1.57861195476e-05,0,0,4.47087622888e-05,0.0166674368083,0,0,0,0,0,5.20286041968e-05,704181.086842
19.4027777778,-0.00102565239649,0.579487860203,2.40512919426,4.43056342192e-06,1.57861195476e-05,0,0,4.47087622888e-05,0.0166674368083,0,0,0,0,0,5.20295278769e-05,704181.086842
19.4138888889,-0.00102565239649,0.579487860203,2.40512919426,4.43056342192e-06,1.57861195476e-05,0,0,4.47087622888e-05,0.0166674368083,0,0,0,0,0,5.20287181898e-05,704181.086842
19.425,-0.00102565239649,0.579487860203,2.40512919426,4.43056342192e-06,1.57861195476e-05,0,0,4.47087622888e-05,0.0166674368083,0,0,0,0,0,5.20296736737e-05,704181.086842
19.4361111111,-0.00102565239649,0.579487860203,2.40512919426,4.43056342192e-06,1.57861195476e-05,0,0,4.47087622888e-05,0.0166674368083,0,0,0,0,0,5.20281062469e-05,704181.086842
19.4472222222,-0.00102565239649,0.579487860203,2.40512919426,4.43056342192e-06,1.57861195476e-05,0,0,4.47087622888e-05,0.0166674368083,0,0,0,0,0,5.20283920058e-05,704181.086842
19.4583333333,-0.00102565239649,0.579487860203,2.40512919426,4.43056342192e-06,1.57861195476e-05,0,0,4.47087622888e-05,0.0166674368083,0,0,0,0,0,5.20283652208e-05,704181.086842
19.4694444444,-0.00102565239649,0.579487860203,2.40512919426,4.43056342192e-06,1.57861195476e-05,0,0,4.47087622888e-05,0.0166674368083,0,0,0,0,0,5.20286308012e-05,704181.086842
19.4805555556,-0.00102565239649,0.579487860203,2.40512919426,4.43056342192e-06,1.57861195476e-05,0,0,4.47087622888e-05,0.0166674368083,0,0,0,0,0,5.20293683023e-05,704181.086842
19.4916666667,-0.00102565239649,0.579487860203,2.40512919426,4.43056342192e-06,1.57861195476e-05,0,0,4.47087622888e-05,0.0166674368083,0,0,0,0,0,5.20300141838e-05,704181.086842
19.5027777778,-0.00102565239649,0.579487860203,2.40512919426,4.43056342192e-06,1.57861195476e-05,0,0,4.47087622888e-05,0.0166674368083,0,0,0,0,0,5.20292859755e-05,704181.086842
19.5138888889,-0.00102565239649,0.579487860203,2.40512919426,4.43056342192e-06,1.57861195476e-05,0,0,4.47087622888e-05,0.0166674368083,0,0,0,0,0,5.20284948071e-05,704181.086842
19.525,-0.00102565239649,0.579487860203,2.40512919426,4.43056342192e-06,1.57861195476e-05,0,0,4.47087622888e-05,0.0166674368083,0,0,0,0,0,5.20294777354e-05,704181.086842
19.5361111111,-0.00102565239649,0.579487860203,2.40512919426,4.43056342192e-06,1.57861195476e-05,0,0,4.47087622888e-05,0.0166674368083,0,0,0,0,0,5.20292925056e-05,704181.086842
19.5472222222,-0.00102565239649,0.579487860203,2.40512919426,4.43056342192e-06,1.57861195476e-05,0,0,4.47087622888e-05,0.0166674368083,0,0,0,0,0,5.20287199417e-05,704181.086842
19.5583333333,-0.00102565239649,0.579487860203,2.40512919426,4.43056342192e-06,1.57861195476e-05,0,0,4.47087622888e-05,0.0166674368083,0,0,0,0,0,5.20294548983e-05,704181.086842
19.5694444444,-0.00102565239649,0.579487860203,2.40512919426,4.43056342192e-06,1.57861195476e-05,0,0,4.47087622888e-05,0.0166674368083,0,0,0,0,0,5.20300745456e-05,704181.086842
19.5805555556,-0.00102565239649,0.579487860203,2.40512919426,4.43056342192e-06,1.57861195476e-05,0,0,4.47087622888e-05,0.0166674368083,0,0,0,0,0,5.20290499938e-05,704181.086842
19.5916666667,-0.00102565239649,0.579487860203,2.40512919426,4.43056342192e-06,1.57861195476e-05,0,0,4.47087622888e-05,0.0166674368083,0,0,0,0,0,5.20287495575e-05,704181.086842
19.6027777778,-0.00102565239649,0.579487860203,2.40512919426,4.43056342192e-06,1.57861195476e-05,0,0,4.47087622888e-05,0.0166674368083,0,0,0,0,0,5.20292518454e-05,704181.086842
19.6138888889,-0.00102565239649,0.579487860203,2.40512919426,4.43056342192e-06,1.57861195476e-05,0,0,4.47087622888e-05,0.0166674368083,0,0,0,0,0,5.20300107549e-05,704181.086842
19.625,-0.00102565239649,0.579487860203,2.40512919426,4.43056342192e-06,1.57861195476e-05,0,0,4.47087622888e-05,0.0166674368083,0,0,0,0,0,5.20300256942e-05,704181.086842
19.6361111111,-0.00102565239649,0.579487860203,2.40512919426,4.43056342192e-06,1.57861195476e-05,0,0,4.47087622888e-05,0.0166674368083,0,0,0,0,0,5.20300119293e-05,704181.086842
19.6472222222,-0.00102565239649,0.579487860203,2.40512919426,4.43056342192e-06,1.57861195476e-05,0,0,4.47087622888e-05,0.0166674368083,0,0,0,0,0,5.20300219094e-05,704181.086842
19.6583333333,-0.00102565239649,0.579487860203,2.40512919426,4.43056342192e-06,1.57861195476e-05,0,0,4.47087622888e-05,0.0166674368083,0,0,0,0,0,5.20297345098e-05,704181.086842
19.6694444444,-0.00102565239649,0.579487860203,2.40512919426,4.43056342192e-06,1.57861195476e-05,0,0,4.47087622888e-05,0.0166674368083,0,0,0,0,0,5.20300057341e-05,704181.086842
19.6805555556,-0.00102565239649,0.579487860203,2.40512919426,4.43056342192e-06,1.57861195476e-05,0,0,4.47087622888e-05,0.0166674368083,0,0,0,0,0,5.20300346916e-05,704181.086842
19.6916666667,-0.00102565239649,0.579487860203,2.40512919426,4.43056342192e-06,1.57861195476e-05,0,0,4.47087622888e-05,0.0166674368083,0,0,0,0,0,5.20300026267e-05,704181.086842
19.7027777778,-0.00102565239649,0.579487860203,2.40512919426,4.43056342192e-06,1.57861195476e-05,0,0,4.47087622888e-05,0.0166674368083,0,0,0,0,0,5.20300037172e-05,704181.086842
19.7138888889,-0.00102565239649,0.579487860203,2.40512919426,4.43056342192e-06,1.57861195476e-05,0,0,4.47087622888e-05,0.0166674368083,0,0,0,0,0,5.20301322615e-05,704181.086842
19.725,-0.00102565239649,0.579487860203,2.40512919426,4.43056342192e-06,1.57861195476e-05,0,0,4.47087622888e-05,0.0166674368083,0,0,0,0,0,5.2030134892e-05,704181.086842
19.7361111111,-0.00102565239649,0.579487860203,2.40512919426,4.43056342192e-06,1.57861195476e-05,0,0,4.47087622888e-05,0.0166674368083,0,0,0,0,0,5.20301418097e-05,704181.086842
19.7472222222,-0.00102565239649,0.579487860203,2.40512919426,4.43056342192e-06,1.57861195476e-05,0,0,4.47087622888e-05,0.0166674368083,0,0,0,0,0,5.2028670435e-05,704181.086842
19.7583333333,-0.00102565239649,0.579487860203,2.40512919426,4.43056342192e-06,1.57861195476e-05,0,0,4.47087622888e-05,0.0166674368083,0,0,0,0,0,5.20289617304e-05,704181.086842
19.7694444444,-0.00102565239649,0.579487860203,2.40512919426,4.43056342192e-06,1.57861195476e-05,0,0,4.47087622888e-05,0.0166674368083,0,0,0,0,0,5.20284834275e-05,704181.086842
19.7805555556,-0.00102565239649,0.579487860203,2.40512919426,4.43056342192e-06,1.57861195476e-05,0,0,4.47087622888e-05,0.0166674368083,0,0,0,0,0,5.20286234069e-05,704181.086842
19.7916666667,-0.00102565239649,0.579487860203,2.40512919426,4.43056342192e-06,1.57861195476e-05,0,0,4.47087622888e-05,0.0166674368083,0,0,0,0,0,5.20284962982e-05,704181.086842
19.8027777778,-0.00102565239649,0.579487860203,2.40512919426,4.43056342192e-06,1.57861195476e-05,0,0,4.47087622888e-05,0.0166674368083,0,0,0,0,0,5.20285014167e-05,704181.086842
19.8138888889,-0.00102565239649,0.579487860203,2.40512919426,4.43056342192e-06,1.57861195476e-05,0,0,4.47087622888e-05,0.0166674368083,0,0,0,0,0,5.20297397852e-05,704181.086842
19.825,-0.00102565239649,0.579487860203,2.40512919426,4.43056342192e-06,1.57861195476e-05,0,0,4.47087622888e-05,0.0166674368083,0,0,0,0,0,5.20287591235e-05,704181.086842
19.8361111111,-0.00102565239649,0.579487860203,2.40512919426,4.43056342192e-06,1.57861195476e-05,0,0,4.47087622888e-05,0.0166674368083,0,0,0,0,0,5.20282653287e-05,704181.086842
19.8472222222,-0.00102565239649,0.579487860203,2.40512919426,4.43056342192e-06,1.57861195476e-05,0,0,4.47087622888e-05,0.0166674368083,0,0,0,0,0,5.20286441643e-05,704181.086842
19.8583333333,-0.00102565239649,0.579487860203,2.40512919426,4.43056342192e-06,1.57861195476e-05,0,0,4.47087622888e-05,0.0166674368083,0,0,0,0,0,5.20286243319e-05,704181.086842
19.8694444444,-0.00102565239649,0.579487860203,2.40512919426,4.43056342192e-06,1.57861195476e-05,0,0,4.47087622888e-05,0.0166674368083,0,0,0,0,0,5.20285054412e-05,704181.086842
19.8805555556,-0.00102565239649,0.579487860203,2.40512919426,4.43056342192e-06,1.57861195476e-05,0,0,4.47087622888e-05,0.0166674368083,0,0,0,0,0,5.20284678593e-05,704181.086842
19.8916666667,-0.00102565239649,0.579487860203,2.40512919426,4.43056342192e-06,1.57861195476e-05,0,0,4.47087622888e-05,0.0166674368083,0,0,0,0,0,5.20285003077e-05,704181.086842
19.9027777778,-0.00102565239649,0.579487860203,2.40512919426,4.43056342192e-06,1.57861195476e-05,0,0,4.47087622888e-05,0.0166674368083,0,0,0,0,0,5.20284181958e-05,704181.086842
19.9138888889,-0.00102565239649,0.579487860203,2.40512919426,4.43056342192e-06,1.57861195476e-05,0,0,4.47087622888e-05,0.0166674368083,0,0,0,0,0,5.20284279937e-05,704181.086842
19.925,-0.00102565239649,0.579487860203,2.40512919426,4.43056342192e-06,1.57861195476e-05,0,0,4.47087622888e-05,0.0166674368083,0,0,0,0,0,5.20299659605e-05,704181.086842
19.9361111111,-0.00102565239649,0.579487860203,2.40512919426,4.43056342192e-06,1.57861195476e-05,0,0,4.47087622888e-05,0.0166674368083,0,0,0,0,0,5.20282798046e-05,704181.086842
19.9472222222,-0.00102565239649,0.579487860203,2.40512919426,4.43056342192e-06,1.57861195476e-05,0,0,4.47087622888e-05,0.0166674368083,0,0,0,0,0,5.20285362497e-05,704181.086842
19.9583333333,-0.00102565239649,0.579487860203,2.40512919426,4.43056342192e-06,1.57861195476e-05,0,0,4.47087622888e-05,0.0166674368083,0,0,0,0,0,5.20286739599e-05,704181.086842
19.9694444444,-0.00102565239649,0.579487860203,2.40512919426,4.43056342192e-06,1.57861195476e-05,0,0,4.47087622888e-05,0.0166674368083,0,0,0,0,0,5.20299416758e-05,704181.086842
19.9805555556,-0.00102565239649,0.579487860203,2.40512919426,4.43056342192e-06,1.57861195476e-05,0,0,4.47087622888e-05,0.0166674368083,0,0,0,0,0,5.20282840183e-05,704181.086842
19.9916666667,-0.00102565239649,0.579487860203,2.40512919426,4.43056342192e-06,1.57861195476e-05,0,0,4.47087622888e-05,0.0166674368083,0,0,0,0,0,5.20299779539e-05,704181.086842
20.0027777778,-0.00102565239649,0.579487860203,2.40512919426,4.43056342192e-06,1.57861195476e-05,0,0,4.47087622888e-05,0.0166674368083,0,0,0,0,0,5.20284998828e-05,704181.086842
20.0138888889,-0.00102565239649,0.579487860203,2.40512919426,4.43056342192e-06,1.57861195476e-05,0,0,4.47087622888e-05,0.0166674368083,0,0,0,0,0,5.20289333011e-05,704181.086842
20.025,-0.00102565239649,0.579487860203,2.40512919426,4.43056342192e-06,1.57861195476e-05,0,0,4.47087622888e-05,0.0166674368083,0,0,0,0,0,5.20283585958e-05,704181.086842
20.0361111111,-0.00102565239649,0.579487860203,2.40512919426,4.43056342192e-06,1.57861195476e-05,0,0,4.47087622888e-05,0.0166674368083,0,0,0,0,0,5.20291754778e-05,704181.086842
20.0472222222,-0.00102565239649,0.579487860203,2.40512919426,4.43056342192e-06,1.57861195476e-05,0,0,4.47087622888e-05,0.0166674368083,0,0,0,0,0,5.20285962203e-05,704181.086842
20.0583333333,-0.00102565239649,0.579487860203,2.40512919426,4.43056342192e-06,1.57861195476e-05,0,0,4.47087622888e-05,0.0166674368083,0,0,0,0,0,5.20301871258e-05,704181.086842
20.0694444444,-0.00102565239649,0.579487860203,2.40512919426,4.43056342192e-06,1.57861195476e-05,0,0,4.47087622888e-05,0.0166674368083,0,0,0,0,0,5.20294672917e-05,704181.086842
20.0805555556,-0.00102565239649,0.579487860203,2.40512919426,4.43056342192e-06,1.57861195476e-05,0,0,4.47087622888e-05,0.0166674368083,0,0,0,0,0,5.20289840909e-05,704181.086842
20.0916666667,-0.00102565239649,0.579487860203,2.40512919426,4.43056342192e-06,1.57861195476e-05,0,0,4.47087622888e-05,0.0166674368083,0,0,0,0,0,5.20281078788e-05,704181.086842
20.1027777778,-0.00102565239649,0.579487860203,2.40512919426,4.43056342192e-06,1.57861195476e-05,0,0,4.47087622888e-05,0.0166674368083,0,0,0,0,0,5.20296571698e-05,704181.086842
20.1138888889,-0.00102565239649,0.579487860203,2.40512919426,4.43056342192e-06,1.57861195476e-05,0,0,4.47087622888e-05,0.0166674368083,0,0,0,0,0,5.20291915919e-05,704181.086842
20.125,-0.00102565239649,0.579487860203,2.40512919426,4.43056342192e-06,1.57861195476e-05,0,0,4.47087622888e-05,0.0166674368083,0,0,0,0,0,5.2029222102e-05,704181.086842
20.1361111111,-0.00102565239649,0.579487860203,2.40512919426,4.43056342192e-06,1.57861195476e-05,0,0,4.47087622888e-05,0.0166674368083,0,0,0,0,0,5.20289358135e-05,704181.086842
20.1472222222,-0.00102565239649,0.579487860203,2.40512919426,4.43056342192e-06,1.57861195476e-05,0,0,4.47087622888e-05,0.0166674368083,0,0,0,0,0,5.20290336314e-05,704181.086842
20.1583333333,-0.00102565239649,0.579487860203,2.40512919426,4.43056342192e-06,1.57861195476e-05,0,0,4.47087622888e-05,0.0166674368083,0,0,0,0,0,5.20291100415e-05,704181.086842
20.1694444444,-0.00102565239649,0.579487860203,2.40512919426,4.43056342192e-06,1.57861195476e-05,0,0,4.47087622888e-05,0.0166674368083,0,0,0,0,0,5.20284475388e-05,704181.086842
20.1805555556,-0.00102565239649,0.579487860203,2.40512919426,4.43056342192e-06,1.57861195476e-05,0,0,4.47087622888e-05,0.0166674368083,0,0,0,0,0,5.20283135214e-05,704181.086842
20.1916666667,-0.00102565239649,0.579487860203,2.40512919426,4.43056342192e-06,1.57861195476e-05,0,0,4.47087622888e-05,0.0166674368083,0,0,0,0,0,5.20283540215e-05,704181.086842
20.2027777778,-0.00102565239649,0.579487860203,2.40512919426,4.43056342192e-06,1.57861195476e-05,0,0,4.47087622888e-05,0.0166674368083,0,0,0,0,0,5.20292932028e-05,704181.086842
20.2138888889,-0.00102565239649,0.579487860203,2.40512919426,4.43056342192e-06,1.57861195476e-05,0,0,4.47087622888e-05,0.0166674368083,0,0,0,0,0,5.2029801626e-05,704181.086842
20.225,-0.00102565239649,0.579487860203,2.40512919426,4.43056342192e-06,1.57861195476e-05,0,0,4.47087622888e-05,0.0166674368083,0,0,0,0,0,5.20291314524e-05,704181.086842
20.2361111111,-0.00102565239649,0.579487860203,2.40512919426,4.43056342192e-06,1.57861195476e-05,0,0,4.47087622888e-05,0.0166674368083,0,0,0,0,0,5.20291826845e-05,704181.086842
20.2472222222,-0.00102565239649,0.579487860203,2.40512919426,4.43056342192e-06,1.57861195476e-05,0,0,4.47087622888e-05,0.0166674368083,0,0,0,0,0,5.20287003536e-05,704181.086842
20.2583333333,-0.00102565239649,0.579487860203,2.40512919426,4.43056342192e-06,1.57861195476e-05,0,0,4.47087622888e-05,0.0166674368083,0,0,0,0,0,5.20283392553e-05,704181.086842
20.2694444444,-0.00102565239649,0.579487860203,2.40512919426,4.43056342192e-06,1.57861195476e-05,0,0,4.47087622888e-05,0.0166674368083,0,0,0,0,0,5.20288451061e-05,704181.086842
20.2805555556,-0.00102565239649,0.579487860203,2.40512919426,4.43056342192e-06,1.57861195476e-05,0,0,4.47087622888e-05,0.0166674368083,0,0,0,0,0,5.20287438703e-05,704181.086842
20.2916666667,-0.00102565239649,0.579487860203,2.40512919426,4.43056342192e-06,1.57861195476e-05,0,0,4.47087622888e-05,0.0166674368083,0,0,0,0,0,5.20284776835e-05,704181.086842
20.3027777778,-0.00102565239649,0.579487860203,2.40512919426,4.43056342192e-06,1.57861195476e-05,0,0,4.47087622888e-05,0.0166674368083,0,0,0,0,0,5.20291565813e-05,704181.086842
20.3138888889,-0.00102565239649,0.579487860203,2.40512919426,4.43056342192e-06,1.57861195476e-05,0,0,4.47087622888e-05,0.0166674368083,0,0,0,0,0,5.20289474464e-05,704181.086842
20.325,-0.00102565239649,0.579487860203,2.40512919426,4.43056342192e-06,1.57861195476e-05,0,0,4.47087622888e-05,0.0166674368083,0,0,0,0,0,5.20288329598e-05,704181.086842
20.3361111111,-0.00102565239649,0.579487860203,2.40512919426,4.43056342192e-06,1.57861195476e-05,0,0,4.47087622888e-05,0.0166674368083,0,0,0,0,0,5.20285734607e-05,704181.086842
20.3472222222,-0.00102565239649,0.579487860203,2.40512919426,4.43056342192e-06,1.57861195476e-05,0,0,4.47087622888e-05,0.0166674368083,0,0,0,0,0,5.2028522441e-05,704181.086842
20.3583333333,-0.00102565239649,0.579487860203,2.40512919426,4.43056342192e-06,1.57861195476e-05,0,0,4.47087622888e-05,0.0166674368083,0,0,0,0,0,5.20296537318e-05,704181.086842
20.3694444444,-0.00102565239649,0.579487860203,2.40512919426,4.43056342192e-06,1.57861195476e-05,0,0,4.47087622888e-05,0.0166674368083,0,0,0,0,0,5.20291760482e-05,704181.086842
20.3805555556,-0.00102565239649,0.579487860203,2.40512919426,4.43056342192e-06,1.57861195476e-05,0,0,4.47087622888e-05,0.0166674368083,0,0,0,0,0,5.20291265643e-05,704181.086842
20.3916666667,-0.00102565239649,0.579487860203,2.40512919426,4.43056342192e-06,1.57861195476e-05,0,0,4.47087622888e-05,0.0166674368083,0,0,0,0,0,5.20297466531e-05,704181.086842
20.4027777778,-0.00102565239649,0.579487860203,2.40512919426,4.43056342192e-06,1.57861195476e-05,0,0,4.47087622888e-05,0.0166674368083,0,0,0,0,0,5.20299117715e-05,704181.086842
20.4138888889,-0.00102565239649,0.579487860203,2.40512919426,4.43056342192e-06,1.57861195476e-05,0,0,4.47087622888e-05,0.0166674368083,0,0,0,0,0,5.20298823729e-05,704181.086842
20.425,-0.00102565239649,0.579487860203,2.40512919426,4.43056342192e-06,1.57861195476e-05,0,0,4.47087622888e-05,0.0166674368083,0,0,0,0,0,5.20299436187e-05,704181.086842
20.4361111111,-0.00102565239649,0.579487860203,2.40512919426,4.43056342192e-06,1.57861195476e-05,0,0,4.47087622888e-05,0.0166674368083,0,0,0,0,0,5.202902414e-05,704181.086842
20.4472222222,-0.00102565239649,0.579487860203,2.40512919426,4.43056342192e-06,1.57861195476e-05,0,0,4.47087622888e-05,0.0166674368083,0,0,0,0,0,5.20287110779e-05,704181.086842
20.4583333333,-0.00102565239649,0.579487860203,2.40512919426,4.43056342192e-06,1.57861195476e-05,0,0,4.47087622888e-05,0.0166674368083,0,0,0,0,0,5.20292067937e-05,704181.086842
20.4694444444,-0.00102565239649,0.579487860203,2.40512919426,4.43056342192e-06,1.57861195476e-05,0,0,4.47087622888e-05,0.0166674368083,0,0,0,0,0,5.20284057395e-05,704181.086842
20.4805555556,-0.00102565239649,0.579487860203,2.40512919426,4.43056342192e-06,1.57861195476e-05,0,0,4.47087622888e-05,0.0166674368083,0,0,0,0,0,5.20285584781e-05,704181.086842
20.4916666667,-0.00102565239649,0.579487860203,2.40512919426,4.43056342192e-06,1.57861195476e-05,0,0,4.47087622888e-05,0.0166674368083,0,0,0,0,0,5.20281556954e-05,704181.086842
20.5027777778,-0.00102565239649,0.579487860203,2.40512919426,4.43056342192e-06,1.57861195476e-05,0,0,4.47087622888e-05,0.0166674368083,0,0,0,0,0,5.20299824932e-05,704181.086842
20.5138888889,-0.00102565239649,0.579487860203,2.40512919426,4.43056342192e-06,1.57861195476e-05,0,0,4.47087622888e-05,0.0166674368083,0,0,0,0,0,5.20293053688e-05,704181.086842
20.525,-0.00102565239649,0.579487860203,2.40512919426,4.43056342192e-06,1.57861195476e-05,0,0,4.47087622888e-05,0.0166674368083,0,0,0,0,0,5.20285368882e-05,704181.086842
20.5361111111,-0.00102565239649,0.579487860203,2.40512919426,4.43056342192e-06,1.57861195476e-05,0,0,4.47087622888e-05,0.0166674368083,0,0,0,0,0,5.20283877063e-05,704181.086842
20.5472222222,-0.00102565239649,0.579487860203,2.40512919426,4.43056342192e-06,1.57861195476e-05,0,0,4.47087622888e-05,0.0166674368083,0,0,0,0,0,5.20285829478e-05,704181.086842
20.5583333333,-0.00102565239649,0.579487860203,2.40512919426,4.43056342192e-06,1.57861195476e-05,0,0,4.47087622888e-05,0.0166674368083,0,0,0,0,0,5.20301698635e-05,704181.086842
20.5694444444,-0.00102565239649,0.579487860203,2.40512919426,4.43056342192e-06,1.57861195476e-05,0,0,4.47087622888e-05,0.0166674368083,0,0,0,0,0,5.20296678625e-05,704181.086842
20.5805555556,-0.00102565239649,0.579487860203,2.40512919426,4.43056342192e-06,1.57861195476e-05,0,0,4.47087622888e-05,0.0166674368083,0,0,0,0,0,5.20292498335e-05,704181.086842
20.5916666667,-0.00102565239649,0.579487860203,2.40512919426,4.43056342192e-06,1.57861195476e-05,0,0,4.47087622888e-05,0.0166674368083,0,0,0,0,0,5.20288299428e-05,704181.086842
20.6027777778,-0.00102565239649,0.579487860203,2.40512919426,4.43056342192e-06,1.57861195476e-05,0,0,4.47087622888e-05,0.0166674368083,0,0,0,0,0,5.20285725457e-05,704181.086842
20.6138888889,-0.00102565239649,0.579487860203,2.40512919426,4.43056342192e-06,1.57861195476e-05,0,0,4.47087622888e-05,0.0166674368083,0,0,0,0,0,5.20285572673e-05,704181.086842
20.625,-0.00102565239649,0.579487860203,2.40512919426,4.43056342192e-06,1.57861195476e-05,0,0,4.47087622888e-05,0.0166674368083,0,0,0,0,0,5.20283907314e-05,704181.086842
20.6361111111,-0.00102565239649,0.579487860203,2.40512919426,4.43056342192e-06,1.57861195476e-05,0,0,4.47087622888e-05,0.0166674368083,0,0,0,0,0,5.20284725939e-05,704181.086842
20.6472222222,-0.00102565239649,0.579487860203,2.40512919426,4.43056342192e-06,1.57861195476e-05,0,0,4.47087622888e-05,0.0166674368083,0,0,0,0,0,5.20288241842e-05,704181.086842
20.6583333333,-0.00102565239649,0.579487860203,2.40512919426,4.43056342192e-06,1.57861195476e-05,0,0,4.47087622888e-05,0.0166674368083,0,0,0,0,0,5.20287448995e-05,704181.086842
20.6694444444,-0.00102565239649,0.579487860203,2.40512919426,4.43056342192e-06,1.57861195476e-05,0,0,4.47087622888e-05,0.0166674368083,0,0,0,0,0,5.20301023083e-05,704181.086842
20.6805555556,-0.00102565239649,0.579487860203,2.40512919426,4.43056342192e-06,1.57861195476e-05,0,0,4.47087622888e-05,0.0166674368083,0,0,0,0,0,5.20285789978e-05,704181.086842
20.6916666667,-0.00102565239649,0.579487860203,2.40512919426,4.43056342192e-06,1.57861195476e-05,0,0,4.47087622888e-05,0.0166674368083,0,0,0,0,0,5.20285859726e-05,704181.086842
20.7027777778,-0.00102565239649,0.579487860203,2.40512919426,4.43056342192e-06,1.57861195476e-05,0,0,4.47087622888e-05,0.0166674368083,0,0,0,0,0,5.20285907882e-05,704181.086842
20.7138888889,-0.00102565239649,0.579487860203,2.40512919426,4.43056342192e-06,1.57861195476e-05,0,0,4.47087622888e-05,0.0166674368083,0,0,0,0,0,5.20285699179e-05,704181.086842
20.725,-0.00102565239649,0.579487860203,2.40512919426,4.43056342192e-06,1.57861195476e-05,0,0,4.47087622888e-05,0.0166674368083,0,0,0,0,0,5.20285700121e-05,704181.086842
20.7361111111,-0.00102565239649,0.579487860203,2.40512919426,4.43056342192e-06,1.57861195476e-05,0,0,4.47087622888e-05,0.0166674368083,0,0,0,0,0,5.20285665289e-05,704181.086842
20.7472222222,-0.00102565239649,0.579487860203,2.40512919426,4.43056342192e-06,1.57861195476e-05,0,0,4.47087622888e-05,0.0166674368083,0,0,0,0,0,5.20283458138e-05,704181.086842
20.7583333333,-0.00102565239649,0.579487860203,2.40512919426,4.43056342192e-06,1.57861195476e-05,0,0,4.47087622888e-05,0.0166674368083,0,0,0,0,0,5.20287426075e-05,704181.086842
20.7694444444,-0.00102565239649,0.579487860203,2.40512919426,4.43056342192e-06,1.57861195476e-05,0,0,4.47087622888e-05,0.0166674368083,0,0,0,0,0,5.20290530443e-05,704181.086842
20.7805555556,-0.00102565239649,0.579487860203,2.40512919426,4.43056342192e-06,1.57861195476e-05,0,0,4.47087622888e-05,0.0166674368083,0,0,0,0,0,5.20291651883e-05,704181.086842
20.7916666667,-0.00102565239649,0.579487860203,2.40512919426,4.43056342192e-06,1.57861195476e-05,0,0,4.47087622888e-05,0.0166674368083,0,0,0,0,0,5.2028964825e-05,704181.086842
20.8027777778,-0.00102565239649,0.579487860203,2.40512919426,4.43056342192e-06,1.57861195476e-05,0,0,4.47087622888e-05,0.0166674368083,0,0,0,0,0,5.20289278599e-05,704181.086842
20.8138888889,-0.00102565239649,0.579487860203,2.40512919426,4.43056342192e-06,1.57861195476e-05,0,0,4.47087622888e-05,0.0166674368083,0,0,0,0,0,5.20297990609e-05,704181.086842
20.825,-0.00102565239649,0.579487860203,2.40512919426,4.43056342192e-06,1.57861195476e-05,0,0,4.47087622888e-05,0.0166674368083,0,0,0,0,0,5.20290761553e-05,704181.086842
20.8361111111,-0.00102565239649,0.579487860203,2.40512919426,4.43056342192e-06,1.57861195476e-05,0,0,4.47087622888e-05,0.0166674368083,0,0,0,0,0,5.20286896603e-05,704181.086842
20.8472222222,-0.00102565239649,0.579487860203,2.40512919426,4.43056342192e-06,1.57861195476e-05,0,0,4.47087622888e-05,0.0166674368083,0,0,0,0,0,5.20294001805e-05,704181.086842
20.8583333333,-0.00102565239649,0.579487860203,2.40512919426,4.43056342192e-06,1.57861195476e-05,0,0,4.47087622888e-05,0.0166674368083,0,0,0,0,0,5.20290855065e-05,704181.086842
20.8694444444,-0.00102565239649,0.579487860203,2.40512919426,4.43056342192e-06,1.57861195476e-05,0,0,4.47087622888e-05,0.0166674368083,0,0,0,0,0,5.20291380041e-05,704181.086842
20.8805555556,-0.00102565239649,0.579487860203,2.40512919426,4.43056342192e-06,1.57861195476e-05,0,0,4.47087622888e-05,0.0166674368083,0,0,0,0,0,5.20291533727e-05,704181.086842
20.8916666667,-0.00102565239649,0.579487860203,2.40512919426,4.43056342192e-06,1.57861195476e-05,0,0,4.47087622888e-05,0.0166674368083,0,0,0,0,0,5.20290667139e-05,704181.086842
20.9027777778,-0.00102565239649,0.579487860203,2.40512919426,4.43056342192e-06,1.57861195476e-05,0,0,4.47087622888e-05,0.0166674368083,0,0,0,0,0,5.20290455341e-05,704181.086842
20.9138888889,-0.00102565239649,0.579487860203,2.40512919426,4.43056342192e-06,1.57861195476e-05,0,0,4.47087622888e-05,0.0166674368083,0,0,0,0,0,5.2029073462e-05,704181.086842
20.925,-0.00102565239649,0.579487860203,2.40512919426,4.43056342192e-06,1.57861195476e-05,0,0,4.47087622888e-05,0.0166674368083,0,0,0,0,0,5.2029050141e-05,704181.086842
20.9361111111,-0.00102565239649,0.579487860203,2.40512919426,4.43056342192e-06,1.57861195476e-05,0,0,4.47087622888e-05,0.0166674368083,0,0,0,0,0,5.20290765221e-05,704181.086842
20.9472222222,-0.00102565239649,0.579487860203,2.40512919426,4.43056342192e-06,1.57861195476e-05,0,0,4.47087622888e-05,0.0166674368083,0,0,0,0,0,5.20290397226e-05,704181.086842
20.9583333333,-0.00102565239649,0.579487860203,2.40512919426,4.43056342192e-06,1.57861195476e-05,0,0,4.47087622888e-05,0.0166674368083,0,0,0,0,0,5.20290383599e-05,704181.086842
20.9694444444,-0.00102565239649,0.579487860203,2.40512919426,4.43056342192e-06,1.57861195476e-05,0,0,4.47087622888e-05,0.0166674368083,0,0,0,0,0,5.20290628322e-05,704181.086842
20.9805555556,-0.00102565239649,0.579487860203,2.40512919426,4.43056342192e-06,1.57861195476e-05,0,0,4.47087622888e-05,0.0166674368083,0,0,0,0,0,5.20288833974e-05,704181.086842
20.9916666667,-0.00102565239649,0.579487860203,2.40512919426,4.43056342192e-06,1.57861195476e-05,0,0,4.47087622888e-05,0.0166674368083,0,0,0,0,0,5.20295066578e-05,704181.086842
21.0027777778,-0.00102565239649,0.579487860203,2.40512919426,4.43056342192e-06,1.57861195476e-05,0,0,4.47087622888e-05,0.0166674368083,0,0,0,0,0,5.20285499609e-05,704181.086842
21.0138888889,-0.00102565239649,0.579487860203,2.40512919426,4.43056342192e-06,1.57861195476e-05,0,0,4.47087622888e-05,0.0166674368083,0,0,0,0,0,5.20294222889e-05,704181.086842
21.025,-0.00102565239649,0.579487860203,2.40512919426,4.43056342192e-06,1.57861195476e-05,0,0,4.47087622888e-05,0.0166674368083,0,0,0,0,0,5.20290776047e-05,704181.086842
21.0361111111,-0.00102565239649,0.579487860203,2.40512919426,4.43056342192e-06,1.57861195476e-05,0,0,4.47087622888e-05,0.0166674368083,0,0,0,0,0,5.20291262976e-05,704181.086842
21.0472222222,-0.00102565239649,0.579487860203,2.40512919426,4.43056342192e-06,1.57861195476e-05,0,0,4.47087622888e-05,0.0166674368083,0,0,0,0,0,5.20286624522e-05,704181.086842
21.0583333333,-0.00102565239649,0.579487860203,2.40512919426,4.43056342192e-06,1.57861195476e-05,0,0,4.47087622888e-05,0.0166674368083,0,0,0,0,0,5.20291284677e-05,704181.086842
21.0694444444,-0.00102565239649,0.579487860203,2.40512919426,4.43056342192e-06,1.57861195476e-05,0,0,4.47087622888e-05,0.0166674368083,0,0,0,0,0,5.20283094936e-05,704181.086842
21.0805555556,-0.00102565239649,0.579487860203,2.40512919426,4.43056342192e-06,1.57861195476e-05,0,0,4.47087622888e-05,0.0166674368083,0,0,0,0,0,5.20290477151e-05,704181.086842
21.0916666667,-0.00102565239649,0.579487860203,2.40512919426,4.43056342192e-06,1.57861195476e-05,0,0,4.47087622888e-05,0.0166674368083,0,0,0,0,0,5.20294860003e-05,704181.086842
21.1027777778,-0.00102565239649,0.579487860203,2.40512919426,4.43056342192e-06,1.57861195476e-05,0,0,4.47087622888e-05,0.0166674368083,0,0,0,0,0,5.20279562251e-05,704181.086842
21.1138888889,-0.00102565239649,0.579487860203,2.40512919426,4.43056342192e-06,1.57861195476e-05,0,0,4.47087622888e-05,0.0166674368083,0,0,0,0,0,5.20283469124e-05,704181.086842
21.125,-0.00102565239649,0.579487860203,2.40512919426,4.43056342192e-06,1.57861195476e-05,0,0,4.47087622888e-05,0.0166674368083,0,0,0,0,0,5.20281796038e-05,704181.086842
21.1361111111,-0.00102565239649,0.579487860203,2.40512919426,4.43056342192e-06,1.57861195476e-05,0,0,4.47087622888e-05,0.0166674368083,0,0,0,0,0,5.20281673404e-05,704181.086842
21.1472222222,-0.00102565239649,0.579487860203,2.40512919426,4.43056342192e-06,1.57861195476e-05,0,0,4.47087622888e-05,0.0166674368083,0,0,0,0,0,5.20281353898e-05,704181.086842
21.1583333333,-0.00102565239649,0.579487860203,2.40512919426,4.43056342192e-06,1.57861195476e-05,0,0,4.47087622888e-05,0.0166674368083,0,0,0,0,0,5.20282931277e-05,704181.086842
21.1694444444,-0.00102565239649,0.579487860203,2.40512919426,4.43056342192e-06,1.57861195476e-05,0,0,4.47087622888e-05,0.0166674368083,0,0,0,0,0,5.20282118433e-05,704181.086842
21.1805555556,-0.00102565239649,0.579487860203,2.40512919426,4.43056342192e-06,1.57861195476e-05,0,0,4.47087622888e-05,0.0166674368083,0,0,0,0,0,5.20283312227e-05,704181.086842
21.1916666667,-0.00102565239649,0.579487860203,2.40512919426,4.43056342192e-06,1.57861195476e-05,0,0,4.47087622888e-05,0.0166674368083,0,0,0,0,0,5.20283097961e-05,704181.086842
21.2027777778,-0.00102565239649,0.579487860203,2.40512919426,4.43056342192e-06,1.57861195476e-05,0,0,4.47087622888e-05,0.0166674368083,0,0,0,0,0,5.20280576401e-05,704181.086842
21.2138888889,-0.00102565239649,0.579487860203,2.40512919426,4.43056342192e-06,1.57861195476e-05,0,0,4.47087622888e-05,0.0166674368083,0,0,0,0,0,5.20281766355e-05,704181.086842
21.225,-0.00102565239649,0.579487860203,2.40512919426,4.43056342192e-06,1.57861195476e-05,0,0,4.47087622888e-05,0.0166674368083,0,0,0,0,0,5.2028317789e-05,704181.086842
21.2361111111,-0.00102565239649,0.579487860203,2.40512919426,4.43056342192e-06,1.57861195476e-05,0,0,4.47087622888e-05,0.0166674368083,0,0,0,0,0,5.20289440408e-05,704181.086842
21.2472222222,-0.00102565239649,0.579487860203,2.40512919426,4.43056342192e-06,1.57861195476e-05,0,0,4.47087622888e-05,0.0166674368083,0,0,0,0,0,5.20290380708e-05,704181.086842
21.2583333333,-0.00102565239649,0.579487860203,2.40512919426,4.43056342192e-06,1.57861195476e-05,0,0,4.47087622888e-05,0.0166674368083,0,0,0,0,0,5.20290190793e-05,704181.086842
21.2694444444,-0.00102565239649,0.579487860203,2.40512919426,4.43056342192e-06,1.57861195476e-05,0,0,4.47087622888e-05,0.0166674368083,0,0,0,0,0,5.2029041092e-05,704181.086842
21.2805555556,-0.00102565239649,0.579487860203,2.40512919426,4.43056342192e-06,1.57861195476e-05,0,0,4.47087622888e-05,0.0166674368083,0,0,0,0,0,5.20288979433e-05,704181.086842
21.2916666667,-0.00102565239649,0.579487860203,2.40512919426,4.43056342192e-06,1.57861195476e-05,0,0,4.47087622888e-05,0.0166674368083,0,0,0,0,0,5.20285990084e-05,704181.086842
21.3027777778,-0.00102565239649,0.579487860203,2.40512919426,4.43056342192e-06,1.57861195476e-05,0,0,4.47087622888e-05,0.0166674368083,0,0,0,0,0,5.20286793436e-05,704181.086842
21.3138888889,-0.00102565239649,0.579487860203,2.40512919426,4.43056342192e-06,1.57861195476e-05,0,0,4.47087622888e-05,0.0166674368083,0,0,0,0,0,5.20287221311e-05,704181.086842
21.325,-0.00102565239649,0.579487860203,2.40512919426,4.43056342192e-06,1.57861195476e-05,0,0,4.47087622888e-05,0.0166674368083,0,0,0,0,0,5.20289011193e-05,704181.086842
21.3361111111,-0.00102565239649,0.579487860203,2.40512919426,4.43056342192e-06,1.57861195476e-05,0,0,4.47087622888e-05,0.0166674368083,0,0,0,0,0,5.20290962122e-05,704181.086842
21.3472222222,-0.00102565239649,0.579487860203,2.40512919426,4.43056342192e-06,1.57861195476e-05,0,0,4.47087622888e-05,0.0166674368083,0,0,0,0,0,5.20291772414e-05,704181.086842
21.3583333333,-0.00102565239649,0.579487860203,2.40512919426,4.43056342192e-06,1.57861195476e-05,0,0,4.47087622888e-05,0.0166674368083,0,0,0,0,0,5.20290249795e-05,704181.086842
21.3694444444,-0.00102565239649,0.579487860203,2.40512919426,4.43056342192e-06,1.57861195476e-05,0,0,4.47087622888e-05,0.0166674368083,0,0,0,0,0,5.20290223522e-05,704181.086842
21.3805555556,-0.00102565239649,0.579487860203,2.40512919426,4.43056342192e-06,1.57861195476e-05,0,0,4.47087622888e-05,0.0166674368083,0,0,0,0,0,5.20301481884e-05,704181.086842
21.3916666667,-0.00102565239649,0.579487860203,2.40512919426,4.43056342192e-06,1.57861195476e-05,0,0,4.47087622888e-05,0.0166674368083,0,0,0,0,0,5.2029451752e-05,704181.086842
21.4027777778,-0.00102565239649,0.579487860203,2.40512919426,4.43056342192e-06,1.57861195476e-05,0,0,4.47087622888e-05,0.0166674368083,0,0,0,0,0,5.20289766076e-05,704181.086842
21.4138888889,-0.00102565239649,0.579487860203,2.40512919426,4.43056342192e-06,1.57861195476e-05,0,0,4.47087622888e-05,0.0166674368083,0,0,0,0,0,5.20290046393e-05,704181.086842
21.425,-0.00102565239649,0.579487860203,2.40512919426,4.43056342192e-06,1.57861195476e-05,0,0,4.47087622888e-05,0.0166674368083,0,0,0,0,0,5.20286347084e-05,704181.086842
21.4361111111,-0.00102565239649,0.579487860203,2.40512919426,4.43056342192e-06,1.57861195476e-05,0,0,4.47087622888e-05,0.0166674368083,0,0,0,0,0,5.20287646211e-05,704181.086842
21.4472222222,-0.00102565239649,0.579487860203,2.40512919426,4.43056342192e-06,1.57861195476e-05,0,0,4.47087622888e-05,0.0166674368083,0,0,0,0,0,5.20283500365e-05,704181.086842
21.4583333333,-0.00102565239649,0.579487860203,2.40512919426,4.43056342192e-06,1.57861195476e-05,0,0,4.47087622888e-05,0.0166674368083,0,0,0,0,0,5.20290000154e-05,704181.086842
21.4694444444,-0.00102565239649,0.579487860203,2.40512919426,4.43056342192e-06,1.57861195476e-05,0,0,4.47087622888e-05,0.0166674368083,0,0,0,0,0,5.20288010302e-05,704181.086842
21.4805555556,-0.00102565239649,0.579487860203,2.40512919426,4.43056342192e-06,1.57861195476e-05,0,0,4.47087622888e-05,0.0166674368083,0,0,0,0,0,5.20284507117e-05,704181.086842
21.4916666667,-0.00102565239649,0.579487860203,2.40512919426,4.43056342192e-06,1.57861195476e-05,0,0,4.47087622888e-05,0.0166674368083,0,0,0,0,0,5.20292237889e-05,704181.086842
21.5027777778,-0.00102565239649,0.579487860203,2.40512919426,4.43056342192e-06,1.57861195476e-05,0,0,4.47087622888e-05,0.0166674368083,0,0,0,0,0,5.20297013959e-05,704181.086842
21.5138888889,-0.00102565239649,0.579487860203,2.40512919426,4.43056342192e-06,1.57861195476e-05,0,0,4.47087622888e-05,0.0166674368083,0,0,0,0,0,5.20289807052e-05,704181.086842
21.525,-0.00102565239649,0.579487860203,2.40512919426,4.43056342192e-06,1.57861195476e-05,0,0,4.47087622888e-05,0.0166674368083,0,0,0,0,0,5.20296953571e-05,704181.086842
21.5361111111,-0.00102565239649,0.579487860203,2.40512919426,4.43056342192e-06,1.57861195476e-05,0,0,4.47087622888e-05,0.0166674368083,0,0,0,0,0,5.20287418574e-05,704181.086842
21.5472222222,-0.00102565239649,0.579487860203,2.40512919426,4.43056342192e-06,1.57861195476e-05,0,0,4.47087622888e-05,0.0166674368083,0,0,0,0,0,5.20282353601e-05,704181.086842
21.5583333333,-0.00102565239649,0.579487860203,2.40512919426,4.43056342192e-06,1.57861195476e-05,0,0,4.47087622888e-05,0.0166674368083,0,0,0,0,0,5.20289472527e-05,704181.086842
21.5694444444,-0.00102565239649,0.579487860203,2.40512919426,4.43056342192e-06,1.57861195476e-05,0,0,4.47087622888e-05,0.0166674368083,0,0,0,0,0,5.20281609165e-05,704181.086842
21.5805555556,-0.00102565239649,0.579487860203,2.40512919426,4.43056342192e-06,1.57861195476e-05,0,0,4.47087622888e-05,0.0166674368083,0,0,0,0,0,5.20298833619e-05,704181.086842
21.5916666667,-0.00102565239649,0.579487860203,2.40512919426,4.43056342192e-06,1.57861195476e-05,0,0,4.47087622888e-05,0.0166674368083,0,0,0,0,0,5.20297404512e-05,704181.086842
21.6027777778,-0.00102565239649,0.579487860203,2.40512919426,4.43056342192e-06,1.57861195476e-05,0,0,4.47087622888e-05,0.0166674368083,0,0,0,0,0,5.20298292901e-05,704181.086842
21.6138888889,-0.00102565239649,0.579487860203,2.40512919426,4.43056342192e-06,1.57861195476e-05,0,0,4.47087622888e-05,0.0166674368083,0,0,0,0,0,5.20297724804e-05,704181.086842
21.625,-0.00102565239649,0.579487860203,2.40512919426,4.43056342192e-06,1.57861195476e-05,0,0,4.47087622888e-05,0.0166674368083,0,0,0,0,0,5.20297561522e-05,704181.086842
21.6361111111,-0.00102565239649,0.579487860203,2.40512919426,4.43056342192e-06,1.57861195476e-05,0,0,4.47087622888e-05,0.0166674368083,0,0,0,0,0,5.20298610617e-05,704181.086842
21.6472222222,-0.00102565239649,0.579487860203,2.40512919426,4.43056342192e-06,1.57861195476e-05,0,0,4.47087622888e-05,0.0166674368083,0,0,0,0,0,5.20297352494e-05,704181.086842
21.6583333333,-0.00102565239649,0.579487860203,2.40512919426,4.43056342192e-06,1.57861195476e-05,0,0,4.47087622888e-05,0.0166674368083,0,0,0,0,0,5.20297394244e-05,704181.086842
21.6694444444,-0.00102565239649,0.579487860203,2.40512919426,4.43056342192e-06,1.57861195476e-05,0,0,4.47087622888e-05,0.0166674368083,0,0,0,0,0,5.2029885009e-05,704181.086842
21.6805555556,-0.00102565239649,0.579487860203,2.40512919426,4.43056342192e-06,1.57861195476e-05,0,0,4.47087622888e-05,0.0166674368083,0,0,0,0,0,5.20298851022e-05,704181.086842
21.6916666667,-0.00102565239649,0.579487860203,2.40512919426,4.43056342192e-06,1.57861195476e-05,0,0,4.47087622888e-05,0.0166674368083,0,0,0,0,0,5.20299069552e-05,704181.086842
21.7027777778,-0.00102565239649,0.579487860203,2.40512919426,4.43056342192e-06,1.57861195476e-05,0,0,4.47087622888e-05,0.0166674368083,0,0,0,0,0,5.20298714569e-05,704181.086842
21.7138888889,-0.00102565239649,0.579487860203,2.40512919426,4.43056342192e-06,1.57861195476e-05,0,0,4.47087622888e-05,0.0166674368083,0,0,0,0,0,5.20300119779e-05,704181.086842
21.725,-0.00102565239649,0.579487860203,2.40512919426,4.43056342192e-06,1.57861195476e-05,0,0,4.47087622888e-05,0.0166674368083,0,0,0,0,0,5.20297305208e-05,704181.086842
21.7361111111,-0.00102565239649,0.579487860203,2.40512919426,4.43056342192e-06,1.57861195476e-05,0,0,4.47087622888e-05,0.0166674368083,0,0,0,0,0,5.2029884299e-05,704181.086842
21.7472222222,-0.00102565239649,0.579487860203,2.40512919426,4.43056342192e-06,1.57861195476e-05,0,0,4.47087622888e-05,0.0166674368083,0,0,0,0,0,5.20298904633e-05,704181.086842
21.7583333333,-0.00102565239649,0.579487860203,2.40512919426,4.43056342192e-06,1.57861195476e-05,0,0,4.47087622888e-05,0.0166674368083,0,0,0,0,0,5.20298598492e-05,704181.086842
21.7694444444,-0.00102565239649,0.579487860203,2.40512919426,4.43056342192e-06,1.57861195476e-05,0,0,4.47087622888e-05,0.0166674368083,0,0,0,0,0,5.20298923485e-05,704181.086842
21.7805555556,-0.00102565239649,0.579487860203,2.40512919426,4.43056342192e-06,1.57861195476e-05,0,0,4.47087622888e-05,0.0166674368083,0,0,0,0,0,5.20298737964e-05,704181.086842
21.7916666667,-0.00102565239649,0.579487860203,2.40512919426,4.43056342192e-06,1.57861195476e-05,0,0,4.47087622888e-05,0.0166674368083,0,0,0,0,0,5.2029857416e-05,704181.086842
21.8027777778,-0.00102565239649,0.579487860203,2.40512919426,4.43056342192e-06,1.57861195476e-05,0,0,4.47087622888e-05,0.0166674368083,0,0,0,0,0,5.20298947772e-05,704181.086842
21.8138888889,-0.00102565239649,0.579487860203,2.40512919426,4.43056342192e-06,1.57861195476e-05,0,0,4.47087622888e-05,0.0166674368083,0,0,0,0,0,5.20298587338e-05,704181.086842
21.825,-0.00102565239649,0.579487860203,2.40512919426,4.43056342192e-06,1.57861195476e-05,0,0,4.47087622888e-05,0.0166674368083,0,0,0,0,0,5.20297305545e-05,704181.086842
21.8361111111,-0.00102565239649,0.579487860203,2.40512919426,4.43056342192e-06,1.57861195476e-05,0,0,4.47087622888e-05,0.0166674368083,0,0,0,0,0,5.2029732488e-05,704181.086842
21.8472222222,-0.00102565239649,0.579487860203,2.40512919426,4.43056342192e-06,1.57861195476e-05,0,0,4.47087622888e-05,0.0166674368083,0,0,0,0,0,5.20300010849e-05,704181.086842
21.8583333333,-0.00102565239649,0.579487860203,2.40512919426,4.43056342192e-06,1.57861195476e-05,0,0,4.47087622888e-05,0.0166674368083,0,0,0,0,0,5.20299845375e-05,704181.086842
21.8694444444,-0.00102565239649,0.579487860203,2.40512919426,4.43056342192e-06,1.57861195476e-05,0,0,4.47087622888e-05,0.0166674368083,0,0,0,0,0,5.20300231377e-05,704181.086842
21.8805555556,-0.00102565239649,0.579487860203,2.40512919426,4.43056342192e-06,1.57861195476e-05,0,0,4.47087622888e-05,0.0166674368083,0,0,0,0,0,5.20301413346e-05,704181.086842
21.8916666667,-0.00102565239649,0.579487860203,2.40512919426,4.43056342192e-06,1.57861195476e-05,0,0,4.47087622888e-05,0.0166674368083,0,0,0,0,0,5.20284292085e-05,704181.086842
21.9027777778,-0.00102565239649,0.579487860203,2.40512919426,4.43056342192e-06,1.57861195476e-05,0,0,4.47087622888e-05,0.0166674368083,0,0,0,0,0,5.20278800717e-05,704181.086842
21.9138888889,-0.00102565239649,0.579487860203,2.40512919426,4.43056342192e-06,1.57861195476e-05,0,0,4.47087622888e-05,0.0166674368083,0,0,0,0,0,5.2028445381e-05,704181.086842
21.925,-0.00102565239649,0.579487860203,2.40512919426,4.43056342192e-06,1.57861195476e-05,0,0,4.47087622888e-05,0.0166674368083,0,0,0,0,0,5.20301367251e-05,704181.086842
21.9361111111,-0.00102565239649,0.579487860203,2.40512919426,4.43056342192e-06,1.57861195476e-05,0,0,4.47087622888e-05,0.0166674368083,0,0,0,0,0,5.20301620271e-05,704181.086842
21.9472222222,-0.00102565239649,0.579487860203,2.40512919426,4.43056342192e-06,1.57861195476e-05,0,0,4.47087622888e-05,0.0166674368083,0,0,0,0,0,5.20292101269e-05,704181.086842
21.9583333333,-0.00102565239649,0.579487860203,2.40512919426,4.43056342192e-06,1.57861195476e-05,0,0,4.47087622888e-05,0.0166674368083,0,0,0,0,0,5.20285871502e-05,704181.086842
21.9694444444,-0.00102565239649,0.579487860203,2.40512919426,4.43056342192e-06,1.57861195476e-05,0,0,4.47087622888e-05,0.0166674368083,0,0,0,0,0,5.20292738951e-05,704181.086842
21.9805555556,-0.00102565239649,0.579487860203,2.40512919426,4.43056342192e-06,1.57861195476e-05,0,0,4.47087622888e-05,0.0166674368083,0,0,0,0,0,5.20289774843e-05,704181.086842
21.9916666667,-0.00102565239649,0.579487860203,2.40512919426,4.43056342192e-06,1.57861195476e-05,0,0,4.47087622888e-05,0.0166674368083,0,0,0,0,0,5.20289704975e-05,704181.086842
22.0027777778,-0.00102565239649,0.579487860203,2.40512919426,4.43056342192e-06,1.57861195476e-05,0,0,4.47087622888e-05,0.0166674368083,0,0,0,0,0,5.20285364447e-05,704181.086842
22.0138888889,-0.00102565239649,0.579487860203,2.40512919426,4.43056342192e-06,1.57861195476e-05,0,0,4.47087622888e-05,0.0166674368083,0,0,0,0,0,5.20291889089e-05,704181.086842
22.025,-0.00102565239649,0.579487860203,2.40512919426,4.43056342192e-06,1.57861195476e-05,0,0,4.47087622888e-05,0.0166674368083,0,0,0,0,0,5.20285303937e-05,704181.086842
22.0361111111,-0.00102565239649,0.579487860203,2.40512919426,4.43056342192e-06,1.57861195476e-05,0,0,4.47087622888e-05,0.0166674368083,0,0,0,0,0,5.20286558356e-05,704181.086842
22.0472222222,-0.00102565239649,0.579487860203,2.40512919426,4.43056342192e-06,1.57861195476e-05,0,0,4.47087622888e-05,0.0166674368083,0,0,0,0,0,5.20283909938e-05,704181.086842
22.0583333333,-0.00102565239649,0.579487860203,2.40512919426,4.43056342192e-06,1.57861195476e-05,0,0,4.47087622888e-05,0.0166674368083,0,0,0,0,0,5.20287808679e-05,704181.086842
22.0694444444,-0.00102565239649,0.579487860203,2.40512919426,4.43056342192e-06,1.57861195476e-05,0,0,4.47087622888e-05,0.0166674368083,0,0,0,0,0,5.20285014476e-05,704181.086842
22.0805555556,-0.00102565239649,0.579487860203,2.40512919426,4.43056342192e-06,1.57861195476e-05,0,0,4.47087622888e-05,0.0166674368083,0,0,0,0,0,5.20291966406e-05,704181.086842
22.0916666667,-0.00102565239649,0.579487860203,2.40512919426,4.43056342192e-06,1.57861195476e-05,0,0,4.47087622888e-05,0.0166674368083,0,0,0,0,0,5.20284471728e-05,704181.086842
22.1027777778,-0.00102565239649,0.579487860203,2.40512919426,4.43056342192e-06,1.57861195476e-05,0,0,4.47087622888e-05,0.0166674368083,0,0,0,0,0,5.2028630406e-05,704181.086842
22.1138888889,-0.00102565239649,0.579487860203,2.40512919426,4.43056342192e-06,1.57861195476e-05,0,0,4.47087622888e-05,0.0166674368083,0,0,0,0,0,5.20287609239e-05,704181.086842
22.125,-0.00102565239649,0.579487860203,2.40512919426,4.43056342192e-06,1.57861195476e-05,0,0,4.47087622888e-05,0.0166674368083,0,0,0,0,0,5.20289930818e-05,704181.086842
22.1361111111,-0.00102565239649,0.579487860203,2.40512919426,4.43056342192e-06,1.57861195476e-05,0,0,4.47087622888e-05,0.0166674368083,0,0,0,0,0,5.20287023767e-05,704181.086842
22.1472222222,-0.00102565239649,0.579487860203,2.40512919426,4.43056342192e-06,1.57861195476e-05,0,0,4.47087622888e-05,0.0166674368083,0,0,0,0,0,5.20288745194e-05,704181.086842
22.1583333333,-0.00102565239649,0.579487860203,2.40512919426,4.43056342192e-06,1.57861195476e-05,0,0,4.47087622888e-05,0.0166674368083,0,0,0,0,0,5.20287946235e-05,704181.086842
22.1694444444,-0.00102565239649,0.579487860203,2.40512919426,4.43056342192e-06,1.57861195476e-05,0,0,4.47087622888e-05,0.0166674368083,0,0,0,0,0,5.20288564562e-05,704181.086842
22.1805555556,-0.00102565239649,0.579487860203,2.40512919426,4.43056342192e-06,1.57861195476e-05,0,0,4.47087622888e-05,0.0166674368083,0,0,0,0,0,5.20285915359e-05,704181.086842
22.1916666667,-0.00102565239649,0.579487860203,2.40512919426,4.43056342192e-06,1.57861195476e-05,0,0,4.47087622888e-05,0.0166674368083,0,0,0,0,0,5.20292001907e-05,704181.086842
22.2027777778,-0.00102565239649,0.579487860203,2.40512919426,4.43056342192e-06,1.57861195476e-05,0,0,4.47087622888e-05,0.0166674368083,0,0,0,0,0,5.20285190357e-05,704181.086842
22.2138888889,-0.00102565239649,0.579487860203,2.40512919426,4.43056342192e-06,1.57861195476e-05,0,0,4.47087622888e-05,0.0166674368083,0,0,0,0,0,5.20284136209e-05,704181.086842
22.225,-0.00102565239649,0.579487860203,2.40512919426,4.43056342192e-06,1.57861195476e-05,0,0,4.47087622888e-05,0.0166674368083,0,0,0,0,0,5.20286846743e-05,704181.086842
22.2361111111,-0.00102565239649,0.579487860203,2.40512919426,4.43056342192e-06,1.57861195476e-05,0,0,4.47087622888e-05,0.0166674368083,0,0,0,0,0,5.20286335743e-05,704181.086842
22.2472222222,-0.00102565239649,0.579487860203,2.40512919426,4.43056342192e-06,1.57861195476e-05,0,0,4.47087622888e-05,0.0166674368083,0,0,0,0,0,5.20287740173e-05,704181.086842
22.2583333333,-0.00102565239649,0.579487860203,2.40512919426,4.43056342192e-06,1.57861195476e-05,0,0,4.47087622888e-05,0.0166674368083,0,0,0,0,0,5.20286364728e-05,704181.086842
22.2694444444,-0.00102565239649,0.579487860203,2.40512919426,4.43056342192e-06,1.57861195476e-05,0,0,4.47087622888e-05,0.0166674368083,0,0,0,0,0,5.20286448107e-05,704181.086842
22.2805555556,-0.00102565239649,0.579487860203,2.40512919426,4.43056342192e-06,1.57861195476e-05,0,0,4.47087622888e-05,0.0166674368083,0,0,0,0,0,5.20297044611e-05,704181.086842
22.2916666667,-0.00102565239649,0.579487860203,2.40512919426,4.43056342192e-06,1.57861195476e-05,0,0,4.47087622888e-05,0.0166674368083,0,0,0,0,0,5.20288077582e-05,704181.086842
22.3027777778,-0.00102565239649,0.579487860203,2.40512919426,4.43056342192e-06,1.57861195476e-05,0,0,4.47087622888e-05,0.0166674368083,0,0,0,0,0,5.20283309446e-05,704181.086842
22.3138888889,-0.00102565239649,0.579487860203,2.40512919426,4.43056342192e-06,1.57861195476e-05,0,0,4.47087622888e-05,0.0166674368083,0,0,0,0,0,5.20281564371e-05,704181.086842
22.325,-0.00102565239649,0.579487860203,2.40512919426,4.43056342192e-06,1.57861195476e-05,0,0,4.47087622888e-05,0.0166674368083,0,0,0,0,0,5.2028531343e-05,704181.086842
22.3361111111,-0.00102565239649,0.579487860203,2.40512919426,4.43056342192e-06,1.57861195476e-05,0,0,4.47087622888e-05,0.0166674368083,0,0,0,0,0,5.2029898777e-05,704181.086842
22.3472222222,-0.00102565239649,0.579487860203,2.40512919426,4.43056342192e-06,1.57861195476e-05,0,0,4.47087622888e-05,0.0166674368083,0,0,0,0,0,5.20290497435e-05,704181.086842
22.3583333333,-0.00102565239649,0.579487860203,2.40512919426,4.43056342192e-06,1.57861195476e-05,0,0,4.47087622888e-05,0.0166674368083,0,0,0,0,0,5.20292772406e-05,704181.086842
22.3694444444,-0.00102565239649,0.579487860203,2.40512919426,4.43056342192e-06,1.57861195476e-05,0,0,4.47087622888e-05,0.0166674368083,0,0,0,0,0,5.20286353435e-05,704181.086842
22.3805555556,-0.00102565239649,0.579487860203,2.40512919426,4.43056342192e-06,1.57861195476e-05,0,0,4.47087622888e-05,0.0166674368083,0,0,0,0,0,5.20285335725e-05,704181.086842
22.3916666667,-0.00102565239649,0.579487860203,2.40512919426,4.43056342192e-06,1.57861195476e-05,0,0,4.47087622888e-05,0.0166674368083,0,0,0,0,0,5.20294540917e-05,704181.086842
22.4027777778,-0.00102565239649,0.579487860203,2.40512919426,4.43056342192e-06,1.57861195476e-05,0,0,4.47087622888e-05,0.0166674368083,0,0,0,0,0,5.20301401865e-05,704181.086842
22.4138888889,-0.00102565239649,0.579487860203,2.40512919426,4.43056342192e-06,1.57861195476e-05,0,0,4.47087622888e-05,0.0166674368083,0,0,0,0,0,5.20286246465e-05,704181.086842
22.425,-0.00102565239649,0.579487860203,2.40512919426,4.43056342192e-06,1.57861195476e-05,0,0,4.47087622888e-05,0.0166674368083,0,0,0,0,0,5.20280335185e-05,704181.086842
22.4361111111,-0.00102565239649,0.579487860203,2.40512919426,4.43056342192e-06,1.57861195476e-05,0,0,4.47087622888e-05,0.0166674368083,0,0,0,0,0,5.20289008951e-05,704181.086842
22.4472222222,-0.00102565239649,0.579487860203,2.40512919426,4.43056342192e-06,1.57861195476e-05,0,0,4.47087622888e-05,0.0166674368083,0,0,0,0,0,5.20283817486e-05,704181.086842
22.4583333333,-0.00102565239649,0.579487860203,2.40512919426,4.43056342192e-06,1.57861195476e-05,0,0,4.47087622888e-05,0.0166674368083,0,0,0,0,0,5.2028059153e-05,704181.086842
22.4694444444,-0.00102565239649,0.579487860203,2.40512919426,4.43056342192e-06,1.57861195476e-05,0,0,4.47087622888e-05,0.0166674368083,0,0,0,0,0,5.20286376773e-05,704181.086842
22.4805555556,-0.00102565239649,0.579487860203,2.40512919426,4.43056342192e-06,1.57861195476e-05,0,0,4.47087622888e-05,0.0166674368083,0,0,0,0,0,5.20286216512e-05,704181.086842
22.4916666667,-0.00102565239649,0.579487860203,2.40512919426,4.43056342192e-06,1.57861195476e-05,0,0,4.47087622888e-05,0.0166674368083,0,0,0,0,0,5.20286373162e-05,704181.086842
22.5027777778,-0.00102565239649,0.579487860203,2.40512919426,4.43056342192e-06,1.57861195476e-05,0,0,4.47087622888e-05,0.0166674368083,0,0,0,0,0,5.20286244626e-05,704181.086842
22.5138888889,-0.00102565239649,0.579487860203,2.40512919426,4.43056342192e-06,1.57861195476e-05,0,0,4.47087622888e-05,0.0166674368083,0,0,0,0,0,5.20289247681e-05,704181.086842
22.525,-0.00102565239649,0.579487860203,2.40512919426,4.43056342192e-06,1.57861195476e-05,0,0,4.47087622888e-05,0.0166674368083,0,0,0,0,0,5.20288386564e-05,704181.086842
22.5361111111,-0.00102565239649,0.579487860203,2.40512919426,4.43056342192e-06,1.57861195476e-05,0,0,4.47087622888e-05,0.0166674368083,0,0,0,0,0,5.20286539975e-05,704181.086842
22.5472222222,-0.00102565239649,0.579487860203,2.40512919426,4.43056342192e-06,1.57861195476e-05,0,0,4.47087622888e-05,0.0166674368083,0,0,0,0,0,5.20286400992e-05,704181.086842
22.5583333333,-0.00102565239649,0.579487860203,2.40512919426,4.43056342192e-06,1.57861195476e-05,0,0,4.47087622888e-05,0.0166674368083,0,0,0,0,0,5.20297537102e-05,704181.086842
22.5694444444,-0.00102565239649,0.579487860203,2.40512919426,4.43056342192e-06,1.57861195476e-05,0,0,4.47087622888e-05,0.0166674368083,0,0,0,0,0,5.20290983371e-05,704181.086842
22.5805555556,-0.00102565239649,0.579487860203,2.40512919426,4.43056342192e-06,1.57861195476e-05,0,0,4.47087622888e-05,0.0166674368083,0,0,0,0,0,5.20287285311e-05,704181.086842
22.5916666667,-0.00102565239649,0.579487860203,2.40512919426,4.43056342192e-06,1.57861195476e-05,0,0,4.47087622888e-05,0.0166674368083,0,0,0,0,0,5.20282550504e-05,704181.086842
22.6027777778,-0.00102565239649,0.579487860203,2.40512919426,4.43056342192e-06,1.57861195476e-05,0,0,4.47087622888e-05,0.0166674368083,0,0,0,0,0,5.20282599285e-05,704181.086842
22.6138888889,-0.00102565239649,0.579487860203,2.40512919426,4.43056342192e-06,1.57861195476e-05,0,0,4.47087622888e-05,0.0166674368083,0,0,0,0,0,5.20281961391e-05,704181.086842
22.625,-0.00102565239649,0.579487860203,2.40512919426,4.43056342192e-06,1.57861195476e-05,0,0,4.47087622888e-05,0.0166674368083,0,0,0,0,0,5.20287680172e-05,704181.086842
22.6361111111,-0.00102565239649,0.579487860203,2.40512919426,4.43056342192e-06,1.57861195476e-05,0,0,4.47087622888e-05,0.0166674368083,0,0,0,0,0,5.20289381134e-05,704181.086842
22.6472222222,-0.00102565239649,0.579487860203,2.40512919426,4.43056342192e-06,1.57861195476e-05,0,0,4.47087622888e-05,0.0166674368083,0,0,0,0,0,5.20285755233e-05,704181.086842
22.6583333333,-0.00102565239649,0.579487860203,2.40512919426,4.43056342192e-06,1.57861195476e-05,0,0,4.47087622888e-05,0.0166674368083,0,0,0,0,0,5.20299305679e-05,704181.086842
22.6694444444,-0.00102565239649,0.579487860203,2.40512919426,4.43056342192e-06,1.57861195476e-05,0,0,4.47087622888e-05,0.0166674368083,0,0,0,0,0,5.20298986206e-05,704181.086842
22.6805555556,-0.00102565239649,0.579487860203,2.40512919426,4.43056342192e-06,1.57861195476e-05,0,0,4.47087622888e-05,0.0166674368083,0,0,0,0,0,5.20299203063e-05,704181.086842
22.6916666667,-0.00102565239649,0.579487860203,2.40512919426,4.43056342192e-06,1.57861195476e-05,0,0,4.47087622888e-05,0.0166674368083,0,0,0,0,0,5.20297745282e-05,704181.086842
22.7027777778,-0.00102565239649,0.579487860203,2.40512919426,4.43056342192e-06,1.57861195476e-05,0,0,4.47087622888e-05,0.0166674368083,0,0,0,0,0,5.20299315814e-05,704181.086842
22.7138888889,-0.00102565239649,0.579487860203,2.40512919426,4.43056342192e-06,1.57861195476e-05,0,0,4.47087622888e-05,0.0166674368083,0,0,0,0,0,5.20285969813e-05,704181.086842
22.725,-0.00102565239649,0.579487860203,2.40512919426,4.43056342192e-06,1.57861195476e-05,0,0,4.47087622888e-05,0.0166674368083,0,0,0,0,0,5.20299164384e-05,704181.086842
22.7361111111,-0.00102565239649,0.579487860203,2.40512919426,4.43056342192e-06,1.57861195476e-05,0,0,4.47087622888e-05,0.0166674368083,0,0,0,0,0,5.20298750767e-05,704181.086842
22.7472222222,-0.00102565239649,0.579487860203,2.40512919426,4.43056342192e-06,1.57861195476e-05,0,0,4.47087622888e-05,0.0166674368083,0,0,0,0,0,5.20299373613e-05,704181.086842
22.7583333333,-0.00102565239649,0.579487860203,2.40512919426,4.43056342192e-06,1.57861195476e-05,0,0,4.47087622888e-05,0.0166674368083,0,0,0,0,0,5.20298166072e-05,704181.086842
22.7694444444,-0.00102565239649,0.579487860203,2.40512919426,4.43056342192e-06,1.57861195476e-05,0,0,4.47087622888e-05,0.0166674368083,0,0,0,0,0,5.20287304868e-05,704181.086842
22.7805555556,-0.00102565239649,0.579487860203,2.40512919426,4.43056342192e-06,1.57861195476e-05,0,0,4.47087622888e-05,0.0166674368083,0,0,0,0,0,5.20286316305e-05,704181.086842
22.7916666667,-0.00102565239649,0.579487860203,2.40512919426,4.43056342192e-06,1.57861195476e-05,0,0,4.47087622888e-05,0.0166674368083,0,0,0,0,0,5.20288855802e-05,704181.086842
22.8027777778,-0.00102565239649,0.579487860203,2.40512919426,4.43056342192e-06,1.57861195476e-05,0,0,4.47087622888e-05,0.0166674368083,0,0,0,0,0,5.20293700527e-05,704181.086842
22.8138888889,-0.00102565239649,0.579487860203,2.40512919426,4.43056342192e-06,1.57861195476e-05,0,0,4.47087622888e-05,0.0166674368083,0,0,0,0,0,5.20284620634e-05,704181.086842
22.825,-0.00102565239649,0.579487860203,2.40512919426,4.43056342192e-06,1.57861195476e-05,0,0,4.47087622888e-05,0.0166674368083,0,0,0,0,0,5.20284749338e-05,704181.086842
22.8361111111,-0.00102565239649,0.579487860203,2.40512919426,4.43056342192e-06,1.57861195476e-05,0,0,4.47087622888e-05,0.0166674368083,0,0,0,0,0,5.20286049675e-05,704181.086842
22.8472222222,-0.00102565239649,0.579487860203,2.40512919426,4.43056342192e-06,1.57861195476e-05,0,0,4.47087622888e-05,0.0166674368083,0,0,0,0,0,5.20295433596e-05,704181.086842
22.8583333333,-0.00102565239649,0.579487860203,2.40512919426,4.43056342192e-06,1.57861195476e-05,0,0,4.47087622888e-05,0.0166674368083,0,0,0,0,0,5.20292268214e-05,704181.086842
22.8694444444,-0.00102565239649,0.579487860203,2.40512919426,4.43056342192e-06,1.57861195476e-05,0,0,4.47087622888e-05,0.0166674368083,0,0,0,0,0,5.20297249551e-05,704181.086842
22.8805555556,-0.00102565239649,0.579487860203,2.40512919426,4.43056342192e-06,1.57861195476e-05,0,0,4.47087622888e-05,0.0166674368083,0,0,0,0,0,5.20289440778e-05,704181.086842
22.8916666667,-0.00102565239649,0.579487860203,2.40512919426,4.43056342192e-06,1.57861195476e-05,0,0,4.47087622888e-05,0.0166674368083,0,0,0,0,0,5.20295777167e-05,704181.086842
22.9027777778,-0.00102565239649,0.579487860203,2.40512919426,4.43056342192e-06,1.57861195476e-05,0,0,4.47087622888e-05,0.0166674368083,0,0,0,0,0,5.20291754184e-05,704181.086842
22.9138888889,-0.00102565239649,0.579487860203,2.40512919426,4.43056342192e-06,1.57861195476e-05,0,0,4.47087622888e-05,0.0166674368083,0,0,0,0,0,5.20281136328e-05,704181.086842
22.925,-0.00102565239649,0.579487860203,2.40512919426,4.43056342192e-06,1.57861195476e-05,0,0,4.47087622888e-05,0.0166674368083,0,0,0,0,0,5.20286754669e-05,704181.086842
22.9361111111,-0.00102565239649,0.579487860203,2.40512919426,4.43056342192e-06,1.57861195476e-05,0,0,4.47087622888e-05,0.0166674368083,0,0,0,0,0,5.20281316866e-05,704181.086842
22.9472222222,-0.00102565239649,0.579487860203,2.40512919426,4.43056342192e-06,1.57861195476e-05,0,0,4.47087622888e-05,0.0166674368083,0,0,0,0,0,5.20282452954e-05,704181.086842
22.9583333333,-0.00102565239649,0.579487860203,2.40512919426,4.43056342192e-06,1.57861195476e-05,0,0,4.47087622888e-05,0.0166674368083,0,0,0,0,0,5.20286306099e-05,704181.086842
22.9694444444,-0.00102565239649,0.579487860203,2.40512919426,4.43056342192e-06,1.57861195476e-05,0,0,4.47087622888e-05,0.0166674368083,0,0,0,0,0,5.20284126918e-05,704181.086842
22.9805555556,-0.00102565239649,0.579487860203,2.40512919426,4.43056342192e-06,1.57861195476e-05,0,0,4.47087622888e-05,0.0166674368083,0,0,0,0,0,5.202833345e-05,704181.086842
22.9916666667,-0.00102565239649,0.579487860203,2.40512919426,4.43056342192e-06,1.57861195476e-05,0,0,4.47087622888e-05,0.0166674368083,0,0,0,0,0,5.20296295935e-05,704181.086842
23.0027777778,-0.00102565239649,0.579487860203,2.40512919426,4.43056342192e-06,1.57861195476e-05,0,0,4.47087622888e-05,0.0166674368083,0,0,0,0,0,5.20288535773e-05,704181.086842
23.0138888889,-0.00102565239649,0.579487860203,2.40512919426,4.43056342192e-06,1.57861195476e-05,0,0,4.47087622888e-05,0.0166674368083,0,0,0,0,0,5.20288419886e-05,704181.086842
23.025,-0.00102565239649,0.579487860203,2.40512919426,4.43056342192e-06,1.57861195476e-05,0,0,4.47087622888e-05,0.0166674368083,0,0,0,0,0,5.20288243521e-05,704181.086842
23.0361111111,-0.00102565239649,0.579487860203,2.40512919426,4.43056342192e-06,1.57861195476e-05,0,0,4.47087622888e-05,0.0166674368083,0,0,0,0,0,5.20289721174e-05,704181.086842
23.0472222222,-0.00102565239649,0.579487860203,2.40512919426,4.43056342192e-06,1.57861195476e-05,0,0,4.47087622888e-05,0.0166674368083,0,0,0,0,0,5.20288528726e-05,704181.086842
23.0583333333,-0.00102565239649,0.579487860203,2.40512919426,4.43056342192e-06,1.57861195476e-05,0,0,4.47087622888e-05,0.0166674368083,0,0,0,0,0,5.2028658448e-05,704181.086842
23.0694444444,-0.00102565239649,0.579487860203,2.40512919426,4.43056342192e-06,1.57861195476e-05,0,0,4.47087622888e-05,0.0166674368083,0,0,0,0,0,5.20283786834e-05,704181.086842
23.0805555556,-0.00102565239649,0.579487860203,2.40512919426,4.43056342192e-06,1.57861195476e-05,0,0,4.47087622888e-05,0.0166674368083,0,0,0,0,0,5.20284524925e-05,704181.086842
23.0916666667,-0.00102565239649,0.579487860203,2.40512919426,4.43056342192e-06,1.57861195476e-05,0,0,4.47087622888e-05,0.0166674368083,0,0,0,0,0,5.2028449639e-05,704181.086842
23.1027777778,-0.00102565239649,0.579487860203,2.40512919426,4.43056342192e-06,1.57861195476e-05,0,0,4.47087622888e-05,0.0166674368083,0,0,0,0,0,5.20284574094e-05,704181.086842
23.1138888889,-0.00102565239649,0.579487860203,2.40512919426,4.43056342192e-06,1.57861195476e-05,0,0,4.47087622888e-05,0.0166674368083,0,0,0,0,0,5.20284483593e-05,704181.086842
23.125,-0.00102565239649,0.579487860203,2.40512919426,4.43056342192e-06,1.57861195476e-05,0,0,4.47087622888e-05,0.0166674368083,0,0,0,0,0,5.20288105511e-05,704181.086842
23.1361111111,-0.00102565239649,0.579487860203,2.40512919426,4.43056342192e-06,1.57861195476e-05,0,0,4.47087622888e-05,0.0166674368083,0,0,0,0,0,5.20282533625e-05,704181.086842
23.1472222222,-0.00102565239649,0.579487860203,2.40512919426,4.43056342192e-06,1.57861195476e-05,0,0,4.47087622888e-05,0.0166674368083,0,0,0,0,0,5.20297951625e-05,704181.086842
23.1583333333,-0.00102565239649,0.579487860203,2.40512919426,4.43056342192e-06,1.57861195476e-05,0,0,4.47087622888e-05,0.0166674368083,0,0,0,0,0,5.20287542455e-05,704181.086842
23.1694444444,-0.00102565239649,0.579487860203,2.40512919426,4.43056342192e-06,1.57861195476e-05,0,0,4.47087622888e-05,0.0166674368083,0,0,0,0,0,5.20299076998e-05,704181.086842
23.1805555556,-0.00102565239649,0.579487860203,2.40512919426,4.43056342192e-06,1.57861195476e-05,0,0,4.47087622888e-05,0.0166674368083,0,0,0,0,0,5.20282764492e-05,704181.086842
23.1916666667,-0.00102565239649,0.579487860203,2.40512919426,4.43056342192e-06,1.57861195476e-05,0,0,4.47087622888e-05,0.0166674368083,0,0,0,0,0,5.20285844926e-05,704181.086842
23.2027777778,-0.00102565239649,0.579487860203,2.40512919426,4.43056342192e-06,1.57861195476e-05,0,0,4.47087622888e-05,0.0166674368083,0,0,0,0,0,5.2028261448e-05,704181.086842
23.2138888889,-0.00102565239649,0.579487860203,2.40512919426,4.43056342192e-06,1.57861195476e-05,0,0,4.47087622888e-05,0.0166674368083,0,0,0,0,0,5.20294514312e-05,704181.086842
23.225,-0.00102565239649,0.579487860203,2.40512919426,4.43056342192e-06,1.57861195476e-05,0,0,4.47087622888e-05,0.0166674368083,0,0,0,0,0,5.20290705841e-05,704181.086842
23.2361111111,-0.00102565239649,0.579487860203,2.40512919426,4.43056342192e-06,1.57861195476e-05,0,0,4.47087622888e-05,0.0166674368083,0,0,0,0,0,5.20292543718e-05,704181.086842
23.2472222222,-0.00102565239649,0.579487860203,2.40512919426,4.43056342192e-06,1.57861195476e-05,0,0,4.47087622888e-05,0.0166674368083,0,0,0,0,0,5.20292477368e-05,704181.086842
23.2583333333,-0.00102565239649,0.579487860203,2.40512919426,4.43056342192e-06,1.57861195476e-05,0,0,4.47087622888e-05,0.0166674368083,0,0,0,0,0,5.20290770475e-05,704181.086842
23.2694444444,-0.00102565239649,0.579487860203,2.40512919426,4.43056342192e-06,1.57861195476e-05,0,0,4.47087622888e-05,0.0166674368083,0,0,0,0,0,5.20288743872e-05,704181.086842
23.2805555556,-0.00102565239649,0.579487860203,2.40512919426,4.43056342192e-06,1.57861195476e-05,0,0,4.47087622888e-05,0.0166674368083,0,0,0,0,0,5.20288057044e-05,704181.086842
23.2916666667,-0.00102565239649,0.579487860203,2.40512919426,4.43056342192e-06,1.57861195476e-05,0,0,4.47087622888e-05,0.0166674368083,0,0,0,0,0,5.20289787293e-05,704181.086842
23.3027777778,-0.00102565239649,0.579487860203,2.40512919426,4.43056342192e-06,1.57861195476e-05,0,0,4.47087622888e-05,0.0166674368083,0,0,0,0,0,5.20285948469e-05,704181.086842
23.3138888889,-0.00102565239649,0.579487860203,2.40512919426,4.43056342192e-06,1.57861195476e-05,0,0,4.47087622888e-05,0.0166674368083,0,0,0,0,0,5.20286148966e-05,704181.086842
23.325,-0.00102565239649,0.579487860203,2.40512919426,4.43056342192e-06,1.57861195476e-05,0,0,4.47087622888e-05,0.0166674368083,0,0,0,0,0,5.20285975724e-05,704181.086842
23.3361111111,-0.00102565239649,0.579487860203,2.40512919426,4.43056342192e-06,1.57861195476e-05,0,0,4.47087622888e-05,0.0166674368083,0,0,0,0,0,5.20291775297e-05,704181.086842
23.3472222222,-0.00102565239649,0.579487860203,2.40512919426,4.43056342192e-06,1.57861195476e-05,0,0,4.47087622888e-05,0.0166674368083,0,0,0,0,0,5.20287654975e-05,704181.086842
23.3583333333,-0.00102565239649,0.579487860203,2.40512919426,4.43056342192e-06,1.57861195476e-05,0,0,4.47087622888e-05,0.0166674368083,0,0,0,0,0,5.20283579064e-05,704181.086842
23.3694444444,-0.00102565239649,0.579487860203,2.40512919426,4.43056342192e-06,1.57861195476e-05,0,0,4.47087622888e-05,0.0166674368083,0,0,0,0,0,5.20288113824e-05,704181.086842
23.3805555556,-0.00102565239649,0.579487860203,2.40512919426,4.43056342192e-06,1.57861195476e-05,0,0,4.47087622888e-05,0.0166674368083,0,0,0,0,0,5.20288027417e-05,704181.086842
23.3916666667,-0.00102565239649,0.579487860203,2.40512919426,4.43056342192e-06,1.57861195476e-05,0,0,4.47087622888e-05,0.0166674368083,0,0,0,0,0,5.20288706147e-05,704181.086842
23.4027777778,-0.00102565239649,0.579487860203,2.40512919426,4.43056342192e-06,1.57861195476e-05,0,0,4.47087622888e-05,0.0166674368083,0,0,0,0,0,5.20293336333e-05,704181.086842
23.4138888889,-0.00102565239649,0.579487860203,2.40512919426,4.43056342192e-06,1.57861195476e-05,0,0,4.47087622888e-05,0.0166674368083,0,0,0,0,0,5.20292960501e-05,704181.086842
23.425,-0.00102565239649,0.579487860203,2.40512919426,4.43056342192e-06,1.57861195476e-05,0,0,4.47087622888e-05,0.0166674368083,0,0,0,0,0,5.20291700168e-05,704181.086842
23.4361111111,-0.00102565239649,0.579487860203,2.40512919426,4.43056342192e-06,1.57861195476e-05,0,0,4.47087622888e-05,0.0166674368083,0,0,0,0,0,5.20298837089e-05,704181.086842
23.4472222222,-0.00102565239649,0.579487860203,2.40512919426,4.43056342192e-06,1.57861195476e-05,0,0,4.47087622888e-05,0.0166674368083,0,0,0,0,0,5.20300265876e-05,704181.086842
23.4583333333,-0.00102565239649,0.579487860203,2.40512919426,4.43056342192e-06,1.57861195476e-05,0,0,4.47087622888e-05,0.0166674368083,0,0,0,0,0,5.20301478181e-05,704181.086842
23.4694444444,-0.00102565239649,0.579487860203,2.40512919426,4.43056342192e-06,1.57861195476e-05,0,0,4.47087622888e-05,0.0166674368083,0,0,0,0,0,5.20299852021e-05,704181.086842
23.4805555556,-0.00102565239649,0.579487860203,2.40512919426,4.43056342192e-06,1.57861195476e-05,0,0,4.47087622888e-05,0.0166674368083,0,0,0,0,0,5.20300144483e-05,704181.086842
23.4916666667,-0.00102565239649,0.579487860203,2.40512919426,4.43056342192e-06,1.57861195476e-05,0,0,4.47087622888e-05,0.0166674368083,0,0,0,0,0,5.20298631728e-05,704181.086842
23.5027777778,-0.00102565239649,0.579487860203,2.40512919426,4.43056342192e-06,1.57861195476e-05,0,0,4.47087622888e-05,0.0166674368083,0,0,0,0,0,5.20300014699e-05,704181.086842
23.5138888889,-0.00102565239649,0.579487860203,2.40512919426,4.43056342192e-06,1.57861195476e-05,0,0,4.47087622888e-05,0.0166674368083,0,0,0,0,0,5.20298903553e-05,704181.086842
23.525,-0.00102565239649,0.579487860203,2.40512919426,4.43056342192e-06,1.57861195476e-05,0,0,4.47087622888e-05,0.0166674368083,0,0,0,0,0,5.20299876688e-05,704181.086842
23.5361111111,-0.00102565239649,0.579487860203,2.40512919426,4.43056342192e-06,1.57861195476e-05,0,0,4.47087622888e-05,0.0166674368083,0,0,0,0,0,5.20300005769e-05,704181.086842
23.5472222222,-0.00102565239649,0.579487860203,2.40512919426,4.43056342192e-06,1.57861195476e-05,0,0,4.47087622888e-05,0.0166674368083,0,0,0,0,0,5.20299968317e-05,704181.086842
23.5583333333,-0.00102565239649,0.579487860203,2.40512919426,4.43056342192e-06,1.57861195476e-05,0,0,4.47087622888e-05,0.0166674368083,0,0,0,0,0,5.20298907155e-05,704181.086842
23.5694444444,-0.00102565239649,0.579487860203,2.40512919426,4.43056342192e-06,1.57861195476e-05,0,0,4.47087622888e-05,0.0166674368083,0,0,0,0,0,5.20287385099e-05,704181.086842
23.5805555556,-0.00102565239649,0.579487860203,2.40512919426,4.43056342192e-06,1.57861195476e-05,0,0,4.47087622888e-05,0.0166674368083,0,0,0,0,0,5.20282152286e-05,704181.086842
23.5916666667,-0.00102565239649,0.579487860203,2.40512919426,4.43056342192e-06,1.57861195476e-05,0,0,4.47087622888e-05,0.0166674368083,0,0,0,0,0,5.20283220814e-05,704181.086842
23.6027777778,-0.00102565239649,0.579487860203,2.40512919426,4.43056342192e-06,1.57861195476e-05,0,0,4.47087622888e-05,0.0166674368083,0,0,0,0,0,5.20281706639e-05,704181.086842
23.6138888889,-0.00102565239649,0.579487860203,2.40512919426,4.43056342192e-06,1.57861195476e-05,0,0,4.47087622888e-05,0.0166674368083,0,0,0,0,0,5.20281824063e-05,704181.086842
23.625,-0.00102565239649,0.579487860203,2.40512919426,4.43056342192e-06,1.57861195476e-05,0,0,4.47087622888e-05,0.0166674368083,0,0,0,0,0,5.202817661e-05,704181.086842
23.6361111111,-0.00102565239649,0.579487860203,2.40512919426,4.43056342192e-06,1.57861195476e-05,0,0,4.47087622888e-05,0.0166674368083,0,0,0,0,0,5.20282127138e-05,704181.086842
23.6472222222,-0.00102565239649,0.579487860203,2.40512919426,4.43056342192e-06,1.57861195476e-05,0,0,4.47087622888e-05,0.0166674368083,0,0,0,0,0,5.20283268043e-05,704181.086842
23.6583333333,-0.00102565239649,0.579487860203,2.40512919426,4.43056342192e-06,1.57861195476e-05,0,0,4.47087622888e-05,0.0166674368083,0,0,0,0,0,5.20281644565e-05,704181.086842
23.6694444444,-0.00102565239649,0.579487860203,2.40512919426,4.43056342192e-06,1.57861195476e-05,0,0,4.47087622888e-05,0.0166674368083,0,0,0,0,0,5.20281963943e-05,704181.086842
23.6805555556,-0.00102565239649,0.579487860203,2.40512919426,4.43056342192e-06,1.57861195476e-05,0,0,4.47087622888e-05,0.0166674368083,0,0,0,0,0,5.20281862551e-05,704181.086842
23.6916666667,-0.00102565239649,0.579487860203,2.40512919426,4.43056342192e-06,1.57861195476e-05,0,0,4.47087622888e-05,0.0166674368083,0,0,0,0,0,5.20281823224e-05,704181.086842
23.7027777778,-0.00102565239649,0.579487860203,2.40512919426,4.43056342192e-06,1.57861195476e-05,0,0,4.47087622888e-05,0.0166674368083,0,0,0,0,0,5.2028313252e-05,704181.086842
23.7138888889,-0.00102565239649,0.579487860203,2.40512919426,4.43056342192e-06,1.57861195476e-05,0,0,4.47087622888e-05,0.0166674368083,0,0,0,0,0,5.20283586214e-05,704181.086842
23.725,-0.00102565239649,0.579487860203,2.40512919426,4.43056342192e-06,1.57861195476e-05,0,0,4.47087622888e-05,0.0166674368083,0,0,0,0,0,5.20283063221e-05,704181.086842
23.7361111111,-0.00102565239649,0.579487860203,2.40512919426,4.43056342192e-06,1.57861195476e-05,0,0,4.47087622888e-05,0.0166674368083,0,0,0,0,0,5.20282830455e-05,704181.086842
23.7472222222,-0.00102565239649,0.579487860203,2.40512919426,4.43056342192e-06,1.57861195476e-05,0,0,4.47087622888e-05,0.0166674368083,0,0,0,0,0,5.20283087588e-05,704181.086842
23.7583333333,-0.00102565239649,0.579487860203,2.40512919426,4.43056342192e-06,1.57861195476e-05,0,0,4.47087622888e-05,0.0166674368083,0,0,0,0,0,5.20283051206e-05,704181.086842
23.7694444444,-0.00102565239649,0.579487860203,2.40512919426,4.43056342192e-06,1.57861195476e-05,0,0,4.47087622888e-05,0.0166674368083,0,0,0,0,0,5.20283391317e-05,704181.086842
23.7805555556,-0.00102565239649,0.579487860203,2.40512919426,4.43056342192e-06,1.57861195476e-05,0,0,4.47087622888e-05,0.0166674368083,0,0,0,0,0,5.20282962404e-05,704181.086842
23.7916666667,-0.00102565239649,0.579487860203,2.40512919426,4.43056342192e-06,1.57861195476e-05,0,0,4.47087622888e-05,0.0166674368083,0,0,0,0,0,5.20281732554e-05,704181.086842
23.8027777778,-0.00102565239649,0.579487860203,2.40512919426,4.43056342192e-06,1.57861195476e-05,0,0,4.47087622888e-05,0.0166674368083,0,0,0,0,0,5.20288394717e-05,704181.086842
23.8138888889,-0.00102565239649,0.579487860203,2.40512919426,4.43056342192e-06,1.57861195476e-05,0,0,4.47087622888e-05,0.0166674368083,0,0,0,0,0,5.20287937342e-05,704181.086842
23.825,-0.00102565239649,0.579487860203,2.40512919426,4.43056342192e-06,1.57861195476e-05,0,0,4.47087622888e-05,0.0166674368083,0,0,0,0,0,5.20285842164e-05,704181.086842
23.8361111111,-0.00102565239649,0.579487860203,2.40512919426,4.43056342192e-06,1.57861195476e-05,0,0,4.47087622888e-05,0.0166674368083,0,0,0,0,0,5.20289728126e-05,704181.086842
23.8472222222,-0.00102565239649,0.579487860203,2.40512919426,4.43056342192e-06,1.57861195476e-05,0,0,4.47087622888e-05,0.0166674368083,0,0,0,0,0,5.20289669636e-05,704181.086842
23.8583333333,-0.00102565239649,0.579487860203,2.40512919426,4.43056342192e-06,1.57861195476e-05,0,0,4.47087622888e-05,0.0166674368083,0,0,0,0,0,5.2029592356e-05,704181.086842
23.8694444444,-0.00102565239649,0.579487860203,2.40512919426,4.43056342192e-06,1.57861195476e-05,0,0,4.47087622888e-05,0.0166674368083,0,0,0,0,0,5.2029638522e-05,704181.086842
23.8805555556,-0.00102565239649,0.579487860203,2.40512919426,4.43056342192e-06,1.57861195476e-05,0,0,4.47087622888e-05,0.0166674368083,0,0,0,0,0,5.20298245463e-05,704181.086842
23.8916666667,-0.00102565239649,0.579487860203,2.40512919426,4.43056342192e-06,1.57861195476e-05,0,0,4.47087622888e-05,0.0166674368083,0,0,0,0,0,5.20294403648e-05,704181.086842
23.9027777778,-0.00102565239649,0.579487860203,2.40512919426,4.43056342192e-06,1.57861195476e-05,0,0,4.47087622888e-05,0.0166674368083,0,0,0,0,0,5.20296198455e-05,704181.086842
23.9138888889,-0.00102565239649,0.579487860203,2.40512919426,4.43056342192e-06,1.57861195476e-05,0,0,4.47087622888e-05,0.0166674368083,0,0,0,0,0,5.20296399805e-05,704181.086842
23.925,-0.00102565239649,0.579487860203,2.40512919426,4.43056342192e-06,1.57861195476e-05,0,0,4.47087622888e-05,0.0166674368083,0,0,0,0,0,5.20299104474e-05,704181.086842
23.9361111111,-0.00102565239649,0.579487860203,2.40512919426,4.43056342192e-06,1.57861195476e-05,0,0,4.47087622888e-05,0.0166674368083,0,0,0,0,0,5.20301835144e-05,704181.086842
23.9472222222,-0.00102565239649,0.579487860203,2.40512919426,4.43056342192e-06,1.57861195476e-05,0,0,4.47087622888e-05,0.0166674368083,0,0,0,0,0,5.20300650654e-05,704181.086842
23.9583333333,-0.00102565239649,0.579487860203,2.40512919426,4.43056342192e-06,1.57861195476e-05,0,0,4.47087622888e-05,0.0166674368083,0,0,0,0,0,5.20283838204e-05,704181.086842
23.9694444444,-0.00102565239649,0.579487860203,2.40512919426,4.43056342192e-06,1.57861195476e-05,0,0,4.47087622888e-05,0.0166674368083,0,0,0,0,0,5.20282876208e-05,704181.086842
23.9805555556,-0.00102565239649,0.579487860203,2.40512919426,4.43056342192e-06,1.57861195476e-05,0,0,4.47087622888e-05,0.0166674368083,0,0,0,0,0,5.20284453571e-05,704181.086842
23.9916666667,-0.00102565239649,0.579487860203,2.40512919426,4.43056342192e-06,1.57861195476e-05,0,0,4.47087622888e-05,0.0166674368083,0,0,0,0,0,5.20294887362e-05,704181.086842
24.0027777778,-0.00102565239649,0.579487860203,2.40512919426,4.43056342192e-06,1.57861195476e-05,0,0,4.47087622888e-05,0.0166674368083,0,0,0,0,0,5.20282641482e-05,704181.086842
24.0138888889,-0.00102565239649,0.579487860203,2.40512919426,4.43056342192e-06,1.57861195476e-05,0,0,4.47087622888e-05,0.0166674368083,0,0,0,0,0,5.20287706246e-05,704181.086842
24.025,-0.00102565239649,0.579487860203,2.40512919426,4.43056342192e-06,1.57861195476e-05,0,0,4.47087622888e-05,0.0166674368083,0,0,0,0,0,5.20292720424e-05,704181.086842
24.0361111111,-0.00102565239649,0.579487860203,2.40512919426,4.43056342192e-06,1.57861195476e-05,0,0,4.47087622888e-05,0.0166674368083,0,0,0,0,0,5.20280727801e-05,704181.086842
24.0472222222,-0.00102565239649,0.579487860203,2.40512919426,4.43056342192e-06,1.57861195476e-05,0,0,4.47087622888e-05,0.0166674368083,0,0,0,0,0,5.20296169818e-05,704181.086842
24.0583333333,-0.00102565239649,0.579487860203,2.40512919426,4.43056342192e-06,1.57861195476e-05,0,0,4.47087622888e-05,0.0166674368083,0,0,0,0,0,5.20293954338e-05,704181.086842
24.0694444444,-0.00102565239649,0.579487860203,2.40512919426,4.43056342192e-06,1.57861195476e-05,0,0,4.47087622888e-05,0.0166674368083,0,0,0,0,0,5.202928398e-05,704181.086842
24.0805555556,-0.00102565239649,0.579487860203,2.40512919426,4.43056342192e-06,1.57861195476e-05,0,0,4.47087622888e-05,0.0166674368083,0,0,0,0,0,5.20295823951e-05,704181.086842
24.0916666667,-0.00102565239649,0.579487860203,2.40512919426,4.43056342192e-06,1.57861195476e-05,0,0,4.47087622888e-05,0.0166674368083,0,0,0,0,0,5.20288743689e-05,704181.086842
24.1027777778,-0.00102565239649,0.579487860203,2.40512919426,4.43056342192e-06,1.57861195476e-05,0,0,4.47087622888e-05,0.0166674368083,0,0,0,0,0,5.20286771862e-05,704181.086842
24.1138888889,-0.00102565239649,0.579487860203,2.40512919426,4.43056342192e-06,1.57861195476e-05,0,0,4.47087622888e-05,0.0166674368083,0,0,0,0,0,5.20301355841e-05,704181.086842
24.125,-0.00102565239649,0.579487860203,2.40512919426,4.43056342192e-06,1.57861195476e-05,0,0,4.47087622888e-05,0.0166674368083,0,0,0,0,0,5.20300291721e-05,704181.086842
24.1361111111,-0.00102565239649,0.579487860203,2.40512919426,4.43056342192e-06,1.57861195476e-05,0,0,4.47087622888e-05,0.0166674368083,0,0,0,0,0,5.2028706788e-05,704181.086842
24.1472222222,-0.00102565239649,0.579487860203,2.40512919426,4.43056342192e-06,1.57861195476e-05,0,0,4.47087622888e-05,0.0166674368083,0,0,0,0,0,5.20284576729e-05,704181.086842
24.1583333333,-0.00102565239649,0.579487860203,2.40512919426,4.43056342192e-06,1.57861195476e-05,0,0,4.47087622888e-05,0.0166674368083,0,0,0,0,0,5.2028522683e-05,704181.086842
24.1694444444,-0.00102565239649,0.579487860203,2.40512919426,4.43056342192e-06,1.57861195476e-05,0,0,4.47087622888e-05,0.0166674368083,0,0,0,0,0,5.20287655612e-05,704181.086842
24.1805555556,-0.00102565239649,0.579487860203,2.40512919426,4.43056342192e-06,1.57861195476e-05,0,0,4.47087622888e-05,0.0166674368083,0,0,0,0,0,5.20279957663e-05,704181.086842
24.1916666667,-0.00102565239649,0.579487860203,2.40512919426,4.43056342192e-06,1.57861195476e-05,0,0,4.47087622888e-05,0.0166674368083,0,0,0,0,0,5.20297794872e-05,704181.086842
24.2027777778,-0.00102565239649,0.579487860203,2.40512919426,4.43056342192e-06,1.57861195476e-05,0,0,4.47087622888e-05,0.0166674368083,0,0,0,0,0,5.20285120783e-05,704181.086842
24.2138888889,-0.00102565239649,0.579487860203,2.40512919426,4.43056342192e-06,1.57861195476e-05,0,0,4.47087622888e-05,0.0166674368083,0,0,0,0,0,5.20285613016e-05,704181.086842
24.225,-0.00102565239649,0.579487860203,2.40512919426,4.43056342192e-06,1.57861195476e-05,0,0,4.47087622888e-05,0.0166674368083,0,0,0,0,0,5.2028538082e-05,704181.086842
24.2361111111,-0.00102565239649,0.579487860203,2.40512919426,4.43056342192e-06,1.57861195476e-05,0,0,4.47087622888e-05,0.0166674368083,0,0,0,0,0,5.2028514208e-05,704181.086842
24.2472222222,-0.00102565239649,0.579487860203,2.40512919426,4.43056342192e-06,1.57861195476e-05,0,0,4.47087622888e-05,0.0166674368083,0,0,0,0,0,5.20298001254e-05,704181.086842
24.2583333333,-0.00102565239649,0.579487860203,2.40512919426,4.43056342192e-06,1.57861195476e-05,0,0,4.47087622888e-05,0.0166674368083,0,0,0,0,0,5.20298034456e-05,704181.086842
24.2694444444,-0.00102565239649,0.579487860203,2.40512919426,4.43056342192e-06,1.57861195476e-05,0,0,4.47087622888e-05,0.0166674368083,0,0,0,0,0,5.20300146123e-05,704181.086842
24.2805555556,-0.00102565239649,0.579487860203,2.40512919426,4.43056342192e-06,1.57861195476e-05,0,0,4.47087622888e-05,0.0166674368083,0,0,0,0,0,5.20300086732e-05,704181.086842
24.2916666667,-0.00102565239649,0.579487860203,2.40512919426,4.43056342192e-06,1.57861195476e-05,0,0,4.47087622888e-05,0.0166674368083,0,0,0,0,0,5.20299001131e-05,704181.086842
24.3027777778,-0.00102565239649,0.579487860203,2.40512919426,4.43056342192e-06,1.57861195476e-05,0,0,4.47087622888e-05,0.0166674368083,0,0,0,0,0,5.20301689508e-05,704181.086842
24.3138888889,-0.00102565239649,0.579487860203,2.40512919426,4.43056342192e-06,1.57861195476e-05,0,0,4.47087622888e-05,0.0166674368083,0,0,0,0,0,5.20301287465e-05,704181.086842
24.325,-0.00102565239649,0.579487860203,2.40512919426,4.43056342192e-06,1.57861195476e-05,0,0,4.47087622888e-05,0.0166674368083,0,0,0,0,0,5.2030148184e-05,704181.086842
24.3361111111,-0.00102565239649,0.579487860203,2.40512919426,4.43056342192e-06,1.57861195476e-05,0,0,4.47087622888e-05,0.0166674368083,0,0,0,0,0,5.2030016489e-05,704181.086842
24.3472222222,-0.00102565239649,0.579487860203,2.40512919426,4.43056342192e-06,1.57861195476e-05,0,0,4.47087622888e-05,0.0166674368083,0,0,0,0,0,5.20299999485e-05,704181.086842
24.3583333333,-0.00102565239649,0.579487860203,2.40512919426,4.43056342192e-06,1.57861195476e-05,0,0,4.47087622888e-05,0.0166674368083,0,0,0,0,0,5.20284594194e-05,704181.086842
24.3694444444,-0.00102565239649,0.579487860203,2.40512919426,4.43056342192e-06,1.57861195476e-05,0,0,4.47087622888e-05,0.0166674368083,0,0,0,0,0,5.20281808251e-05,704181.086842
24.3805555556,-0.00102565239649,0.579487860203,2.40512919426,4.43056342192e-06,1.57861195476e-05,0,0,4.47087622888e-05,0.0166674368083,0,0,0,0,0,5.20283665751e-05,704181.086842
24.3916666667,-0.00102565239649,0.579487860203,2.40512919426,4.43056342192e-06,1.57861195476e-05,0,0,4.47087622888e-05,0.0166674368083,0,0,0,0,0,5.20284229504e-05,704181.086842
24.4027777778,-0.00102565239649,0.579487860203,2.40512919426,4.43056342192e-06,1.57861195476e-05,0,0,4.47087622888e-05,0.0166674368083,0,0,0,0,0,5.20281971686e-05,704181.086842
24.4138888889,-0.00102565239649,0.579487860203,2.40512919426,4.43056342192e-06,1.57861195476e-05,0,0,4.47087622888e-05,0.0166674368083,0,0,0,0,0,5.20284013338e-05,704181.086842
24.425,-0.00102565239649,0.579487860203,2.40512919426,4.43056342192e-06,1.57861195476e-05,0,0,4.47087622888e-05,0.0166674368083,0,0,0,0,0,5.20284549956e-05,704181.086842
24.4361111111,-0.00102565239649,0.579487860203,2.40512919426,4.43056342192e-06,1.57861195476e-05,0,0,4.47087622888e-05,0.0166674368083,0,0,0,0,0,5.20294693229e-05,704181.086842
24.4472222222,-0.00102565239649,0.579487860203,2.40512919426,4.43056342192e-06,1.57861195476e-05,0,0,4.47087622888e-05,0.0166674368083,0,0,0,0,0,5.20295530589e-05,704181.086842
24.4583333333,-0.00102565239649,0.579487860203,2.40512919426,4.43056342192e-06,1.57861195476e-05,0,0,4.47087622888e-05,0.0166674368083,0,0,0,0,0,5.20289771571e-05,704181.086842
24.4694444444,-0.00102565239649,0.579487860203,2.40512919426,4.43056342192e-06,1.57861195476e-05,0,0,4.47087622888e-05,0.0166674368083,0,0,0,0,0,5.2028948153e-05,704181.086842
24.4805555556,-0.00102565239649,0.579487860203,2.40512919426,4.43056342192e-06,1.57861195476e-05,0,0,4.47087622888e-05,0.0166674368083,0,0,0,0,0,5.20292736389e-05,704181.086842
24.4916666667,-0.00102565239649,0.579487860203,2.40512919426,4.43056342192e-06,1.57861195476e-05,0,0,4.47087622888e-05,0.0166674368083,0,0,0,0,0,5.20290482916e-05,704181.086842
24.5027777778,-0.00102565239649,0.579487860203,2.40512919426,4.43056342192e-06,1.57861195476e-05,0,0,4.47087622888e-05,0.0166674368083,0,0,0,0,0,5.20292779299e-05,704181.086842
24.5138888889,-0.00102565239649,0.579487860203,2.40512919426,4.43056342192e-06,1.57861195476e-05,0,0,4.47087622888e-05,0.0166674368083,0,0,0,0,0,5.20291473677e-05,704181.086842
24.525,-0.00102565239649,0.579487860203,2.40512919426,4.43056342192e-06,1.57861195476e-05,0,0,4.47087622888e-05,0.0166674368083,0,0,0,0,0,5.20292632608e-05,704181.086842
24.5361111111,-0.00102565239649,0.579487860203,2.40512919426,4.43056342192e-06,1.57861195476e-05,0,0,4.47087622888e-05,0.0166674368083,0,0,0,0,0,5.20299235885e-05,704181.086842
24.5472222222,-0.00102565239649,0.579487860203,2.40512919426,4.43056342192e-06,1.57861195476e-05,0,0,4.47087622888e-05,0.0166674368083,0,0,0,0,0,5.20291542524e-05,704181.086842
24.5583333333,-0.00102565239649,0.579487860203,2.40512919426,4.43056342192e-06,1.57861195476e-05,0,0,4.47087622888e-05,0.0166674368083,0,0,0,0,0,5.2029324491e-05,704181.086842
24.5694444444,-0.00102565239649,0.579487860203,2.40512919426,4.43056342192e-06,1.57861195476e-05,0,0,4.47087622888e-05,0.0166674368083,0,0,0,0,0,5.20286739729e-05,704181.086842
24.5805555556,-0.00102565239649,0.579487860203,2.40512919426,4.43056342192e-06,1.57861195476e-05,0,0,4.47087622888e-05,0.0166674368083,0,0,0,0,0,5.20290818807e-05,704181.086842
24.5916666667,-0.00102565239649,0.579487860203,2.40512919426,4.43056342192e-06,1.57861195476e-05,0,0,4.47087622888e-05,0.0166674368083,0,0,0,0,0,5.20289320708e-05,704181.086842
24.6027777778,-0.00102565239649,0.579487860203,2.40512919426,4.43056342192e-06,1.57861195476e-05,0,0,4.47087622888e-05,0.0166674368083,0,0,0,0,0,5.20299395098e-05,704181.086842
24.6138888889,-0.00102565239649,0.579487860203,2.40512919426,4.43056342192e-06,1.57861195476e-05,0,0,4.47087622888e-05,0.0166674368083,0,0,0,0,0,5.20293313205e-05,704181.086842
24.625,-0.00102565239649,0.579487860203,2.40512919426,4.43056342192e-06,1.57861195476e-05,0,0,4.47087622888e-05,0.0166674368083,0,0,0,0,0,5.20291877073e-05,704181.086842
24.6361111111,-0.00102565239649,0.579487860203,2.40512919426,4.43056342192e-06,1.57861195476e-05,0,0,4.47087622888e-05,0.0166674368083,0,0,0,0,0,5.20289356335e-05,704181.086842
24.6472222222,-0.00102565239649,0.579487860203,2.40512919426,4.43056342192e-06,1.57861195476e-05,0,0,4.47087622888e-05,0.0166674368083,0,0,0,0,0,5.20292834773e-05,704181.086842
24.6583333333,-0.00102565239649,0.579487860203,2.40512919426,4.43056342192e-06,1.57861195476e-05,0,0,4.47087622888e-05,0.0166674368083,0,0,0,0,0,5.20291701835e-05,704181.086842
24.6694444444,-0.00102565239649,0.579487860203,2.40512919426,4.43056342192e-06,1.57861195476e-05,0,0,4.47087622888e-05,0.0166674368083,0,0,0,0,0,5.2028998864e-05,704181.086842
24.6805555556,-0.00102565239649,0.579487860203,2.40512919426,4.43056342192e-06,1.57861195476e-05,0,0,4.47087622888e-05,0.0166674368083,0,0,0,0,0,5.20291644186e-05,704181.086842
24.6916666667,-0.00102565239649,0.579487860203,2.40512919426,4.43056342192e-06,1.57861195476e-05,0,0,4.47087622888e-05,0.0166674368083,0,0,0,0,0,5.20288690416e-05,704181.086842
24.7027777778,-0.00102565239649,0.579487860203,2.40512919426,4.43056342192e-06,1.57861195476e-05,0,0,4.47087622888e-05,0.0166674368083,0,0,0,0,0,5.20294068736e-05,704181.086842
24.7138888889,-0.00102565239649,0.579487860203,2.40512919426,4.43056342192e-06,1.57861195476e-05,0,0,4.47087622888e-05,0.0166674368083,0,0,0,0,0,5.20296725452e-05,704181.086842
24.725,-0.00102565239649,0.579487860203,2.40512919426,4.43056342192e-06,1.57861195476e-05,0,0,4.47087622888e-05,0.0166674368083,0,0,0,0,0,5.20283342299e-05,704181.086842
24.7361111111,-0.00102565239649,0.579487860203,2.40512919426,4.43056342192e-06,1.57861195476e-05,0,0,4.47087622888e-05,0.0166674368083,0,0,0,0,0,5.2029313867e-05,704181.086842
24.7472222222,-0.00102565239649,0.579487860203,2.40512919426,4.43056342192e-06,1.57861195476e-05,0,0,4.47087622888e-05,0.0166674368083,0,0,0,0,0,5.20292527418e-05,704181.086842
24.7583333333,-0.00102565239649,0.579487860203,2.40512919426,4.43056342192e-06,1.57861195476e-05,0,0,4.47087622888e-05,0.0166674368083,0,0,0,0,0,5.20288430824e-05,704181.086842
24.7694444444,-0.00102565239649,0.579487860203,2.40512919426,4.43056342192e-06,1.57861195476e-05,0,0,4.47087622888e-05,0.0166674368083,0,0,0,0,0,5.20289610573e-05,704181.086842
24.7805555556,-0.00102565239649,0.579487860203,2.40512919426,4.43056342192e-06,1.57861195476e-05,0,0,4.47087622888e-05,0.0166674368083,0,0,0,0,0,5.20297737783e-05,704181.086842
24.7916666667,-0.00102565239649,0.579487860203,2.40512919426,4.43056342192e-06,1.57861195476e-05,0,0,4.47087622888e-05,0.0166674368083,0,0,0,0,0,5.20293221833e-05,704181.086842
24.8027777778,-0.00102565239649,0.579487860203,2.40512919426,4.43056342192e-06,1.57861195476e-05,0,0,4.47087622888e-05,0.0166674368083,0,0,0,0,0,5.20289622322e-05,704181.086842
24.8138888889,-0.00102565239649,0.579487860203,2.40512919426,4.43056342192e-06,1.57861195476e-05,0,0,4.47087622888e-05,0.0166674368083,0,0,0,0,0,5.20295342207e-05,704181.086842
24.825,-0.00102565239649,0.579487860203,2.40512919426,4.43056342192e-06,1.57861195476e-05,0,0,4.47087622888e-05,0.0166674368083,0,0,0,0,0,5.20296706097e-05,704181.086842
24.8361111111,-0.00102565239649,0.579487860203,2.40512919426,4.43056342192e-06,1.57861195476e-05,0,0,4.47087622888e-05,0.0166674368083,0,0,0,0,0,5.20294907142e-05,704181.086842
24.8472222222,-0.00102565239649,0.579487860203,2.40512919426,4.43056342192e-06,1.57861195476e-05,0,0,4.47087622888e-05,0.0166674368083,0,0,0,0,0,5.20298190933e-05,704181.086842
24.8583333333,-0.00102565239649,0.579487860203,2.40512919426,4.43056342192e-06,1.57861195476e-05,0,0,4.47087622888e-05,0.0166674368083,0,0,0,0,0,5.20292906911e-05,704181.086842
24.8694444444,-0.00102565239649,0.579487860203,2.40512919426,4.43056342192e-06,1.57861195476e-05,0,0,4.47087622888e-05,0.0166674368083,0,0,0,0,0,5.20290733152e-05,704181.086842
24.8805555556,-0.00102565239649,0.579487860203,2.40512919426,4.43056342192e-06,1.57861195476e-05,0,0,4.47087622888e-05,0.0166674368083,0,0,0,0,0,5.20293811518e-05,704181.086842
24.8916666667,-0.00102565239649,0.579487860203,2.40512919426,4.43056342192e-06,1.57861195476e-05,0,0,4.47087622888e-05,0.0166674368083,0,0,0,0,0,5.20290397638e-05,704181.086842
24.9027777778,-0.00102565239649,0.579487860203,2.40512919426,4.43056342192e-06,1.57861195476e-05,0,0,4.47087622888e-05,0.0166674368083,0,0,0,0,0,5.20291019791e-05,704181.086842
24.9138888889,-0.00102565239649,0.579487860203,2.40512919426,4.43056342192e-06,1.57861195476e-05,0,0,4.47087622888e-05,0.0166674368083,0,0,0,0,0,5.20289716336e-05,704181.086842
24.925,-0.00102565239649,0.579487860203,2.40512919426,4.43056342192e-06,1.57861195476e-05,0,0,4.47087622888e-05,0.0166674368083,0,0,0,0,0,5.20291099208e-05,704181.086842
24.9361111111,-0.00102565239649,0.579487860203,2.40512919426,4.43056342192e-06,1.57861195476e-05,0,0,4.47087622888e-05,0.0166674368083,0,0,0,0,0,5.20289647561e-05,704181.086842
24.9472222222,-0.00102565239649,0.579487860203,2.40512919426,4.43056342192e-06,1.57861195476e-05,0,0,4.47087622888e-05,0.0166674368083,0,0,0,0,0,5.2029222526e-05,704181.086842
24.9583333333,-0.00102565239649,0.579487860203,2.40512919426,4.43056342192e-06,1.57861195476e-05,0,0,4.47087622888e-05,0.0166674368083,0,0,0,0,0,5.20291136928e-05,704181.086842
24.9694444444,-0.00102565239649,0.579487860203,2.40512919426,4.43056342192e-06,1.57861195476e-05,0,0,4.47087622888e-05,0.0166674368083,0,0,0,0,0,5.20289491161e-05,704181.086842
24.9805555556,-0.00102565239649,0.579487860203,2.40512919426,4.43056342192e-06,1.57861195476e-05,0,0,4.47087622888e-05,0.0166674368083,0,0,0,0,0,5.202897553e-05,704181.086842
24.9916666667,-0.00102565239649,0.579487860203,2.40512919426,4.43056342192e-06,1.57861195476e-05,0,0,4.47087622888e-05,0.0166674368083,0,0,0,0,0,5.20291197462e-05,704181.086842
25.0027777778,-0.00102565239649,0.579487860203,2.40512919426,4.43056342192e-06,1.57861195476e-05,0,0,4.47087622888e-05,0.0166674368083,0,0,0,0,0,5.20290947746e-05,704181.086842
25.0138888889,-0.00102565239649,0.579487860203,2.40512919426,4.43056342192e-06,1.57861195476e-05,0,0,4.47087622888e-05,0.0166674368083,0,0,0,0,0,5.20291265041e-05,704181.086842
25.025,-0.00102565239649,0.579487860203,2.40512919426,4.43056342192e-06,1.57861195476e-05,0,0,4.47087622888e-05,0.0166674368083,0,0,0,0,0,5.20289386176e-05,704181.086842
25.0361111111,-0.00102565239649,0.579487860203,2.40512919426,4.43056342192e-06,1.57861195476e-05,0,0,4.47087622888e-05,0.0166674368083,0,0,0,0,0,5.20290786761e-05,704181.086842
25.0472222222,-0.00102565239649,0.579487860203,2.40512919426,4.43056342192e-06,1.57861195476e-05,0,0,4.47087622888e-05,0.0166674368083,0,0,0,0,0,5.20289064448e-05,704181.086842
25.0583333333,-0.00102565239649,0.579487860203,2.40512919426,4.43056342192e-06,1.57861195476e-05,0,0,4.47087622888e-05,0.0166674368083,0,0,0,0,0,5.20291169203e-05,704181.086842
25.0694444444,-0.00102565239649,0.579487860203,2.40512919426,4.43056342192e-06,1.57861195476e-05,0,0,4.47087622888e-05,0.0166674368083,0,0,0,0,0,5.20289621191e-05,704181.086842
25.0805555556,-0.00102565239649,0.579487860203,2.40512919426,4.43056342192e-06,1.57861195476e-05,0,0,4.47087622888e-05,0.0166674368083,0,0,0,0,0,5.2028977226e-05,704181.086842
25.0916666667,-0.00102565239649,0.579487860203,2.40512919426,4.43056342192e-06,1.57861195476e-05,0,0,4.47087622888e-05,0.0166674368083,0,0,0,0,0,5.20291228721e-05,704181.086842
25.1027777778,-0.00102565239649,0.579487860203,2.40512919426,4.43056342192e-06,1.57861195476e-05,0,0,4.47087622888e-05,0.0166674368083,0,0,0,0,0,5.20291110914e-05,704181.086842
25.1138888889,-0.00102565239649,0.579487860203,2.40512919426,4.43056342192e-06,1.57861195476e-05,0,0,4.47087622888e-05,0.0166674368083,0,0,0,0,0,5.20289667834e-05,704181.086842
25.125,-0.00102565239649,0.579487860203,2.40512919426,4.43056342192e-06,1.57861195476e-05,0,0,4.47087622888e-05,0.0166674368083,0,0,0,0,0,5.20289658961e-05,704181.086842
25.1361111111,-0.00102565239649,0.579487860203,2.40512919426,4.43056342192e-06,1.57861195476e-05,0,0,4.47087622888e-05,0.0166674368083,0,0,0,0,0,5.20289552888e-05,704181.086842
25.1472222222,-0.00102565239649,0.579487860203,2.40512919426,4.43056342192e-06,1.57861195476e-05,0,0,4.47087622888e-05,0.0166674368083,0,0,0,0,0,5.2028935144e-05,704181.086842
25.1583333333,-0.00102565239649,0.579487860203,2.40512919426,4.43056342192e-06,1.57861195476e-05,0,0,4.47087622888e-05,0.0166674368083,0,0,0,0,0,5.20289567411e-05,704181.086842
25.1694444444,-0.00102565239649,0.579487860203,2.40512919426,4.43056342192e-06,1.57861195476e-05,0,0,4.47087622888e-05,0.0166674368083,0,0,0,0,0,5.20289853334e-05,704181.086842
25.1805555556,-0.00102565239649,0.579487860203,2.40512919426,4.43056342192e-06,1.57861195476e-05,0,0,4.47087622888e-05,0.0166674368083,0,0,0,0,0,5.20289583464e-05,704181.086842
25.1916666667,-0.00102565239649,0.579487860203,2.40512919426,4.43056342192e-06,1.57861195476e-05,0,0,4.47087622888e-05,0.0166674368083,0,0,0,0,0,5.20289724799e-05,704181.086842
25.2027777778,-0.00102565239649,0.579487860203,2.40512919426,4.43056342192e-06,1.57861195476e-05,0,0,4.47087622888e-05,0.0166674368083,0,0,0,0,0,5.20289734192e-05,704181.086842
25.2138888889,-0.00102565239649,0.579487860203,2.40512919426,4.43056342192e-06,1.57861195476e-05,0,0,4.47087622888e-05,0.0166674368083,0,0,0,0,0,5.20293461047e-05,704181.086842
25.225,-0.00102565239649,0.579487860203,2.40512919426,4.43056342192e-06,1.57861195476e-05,0,0,4.47087622888e-05,0.0166674368083,0,0,0,0,0,5.20293651885e-05,704181.086842
25.2361111111,-0.00102565239649,0.579487860203,2.40512919426,4.43056342192e-06,1.57861195476e-05,0,0,4.47087622888e-05,0.0166674368083,0,0,0,0,0,5.20293359903e-05,704181.086842
25.2472222222,-0.00102565239649,0.579487860203,2.40512919426,4.43056342192e-06,1.57861195476e-05,0,0,4.47087622888e-05,0.0166674368083,0,0,0,0,0,5.20294299608e-05,704181.086842
25.2583333333,-0.00102565239649,0.579487860203,2.40512919426,4.43056342192e-06,1.57861195476e-05,0,0,4.47087622888e-05,0.0166674368083,0,0,0,0,0,5.20282736256e-05,704181.086842
25.2694444444,-0.00102565239649,0.579487860203,2.40512919426,4.43056342192e-06,1.57861195476e-05,0,0,4.47087622888e-05,0.0166674368083,0,0,0,0,0,5.20290631485e-05,704181.086842
25.2805555556,-0.00102565239649,0.579487860203,2.40512919426,4.43056342192e-06,1.57861195476e-05,0,0,4.47087622888e-05,0.0166674368083,0,0,0,0,0,5.20293715336e-05,704181.086842
25.2916666667,-0.00102565239649,0.579487860203,2.40512919426,4.43056342192e-06,1.57861195476e-05,0,0,4.47087622888e-05,0.0166674368083,0,0,0,0,0,5.20294064886e-05,704181.086842
25.3027777778,-0.00102565239649,0.579487860203,2.40512919426,4.43056342192e-06,1.57861195476e-05,0,0,4.47087622888e-05,0.0166674368083,0,0,0,0,0,5.20292216273e-05,704181.086842
25.3138888889,-0.00102565239649,0.579487860203,2.40512919426,4.43056342192e-06,1.57861195476e-05,0,0,4.47087622888e-05,0.0166674368083,0,0,0,0,0,5.20282500509e-05,704181.086842
25.325,-0.00102565239649,0.579487860203,2.40512919426,4.43056342192e-06,1.57861195476e-05,0,0,4.47087622888e-05,0.0166674368083,0,0,0,0,0,5.20294809754e-05,704181.086842
25.3361111111,-0.00102565239649,0.579487860203,2.40512919426,4.43056342192e-06,1.57861195476e-05,0,0,4.47087622888e-05,0.0166674368083,0,0,0,0,0,5.20292195866e-05,704181.086842
25.3472222222,-0.00102565239649,0.579487860203,2.40512919426,4.43056342192e-06,1.57861195476e-05,0,0,4.47087622888e-05,0.0166674368083,0,0,0,0,0,5.20294958209e-05,704181.086842
25.3583333333,-0.00102565239649,0.579487860203,2.40512919426,4.43056342192e-06,1.57861195476e-05,0,0,4.47087622888e-05,0.0166674368083,0,0,0,0,0,5.20293728731e-05,704181.086842
25.3694444444,-0.00102565239649,0.579487860203,2.40512919426,4.43056342192e-06,1.57861195476e-05,0,0,4.47087622888e-05,0.0166674368083,0,0,0,0,0,5.20293606786e-05,704181.086842
25.3805555556,-0.00102565239649,0.579487860203,2.40512919426,4.43056342192e-06,1.57861195476e-05,0,0,4.47087622888e-05,0.0166674368083,0,0,0,0,0,5.20294506174e-05,704181.086842
25.3916666667,-0.00102565239649,0.579487860203,2.40512919426,4.43056342192e-06,1.57861195476e-05,0,0,4.47087622888e-05,0.0166674368083,0,0,0,0,0,5.2028737e-05,704181.086842
25.4027777778,-0.00102565239649,0.579487860203,2.40512919426,4.43056342192e-06,1.57861195476e-05,0,0,4.47087622888e-05,0.0166674368083,0,0,0,0,0,5.2029528018e-05,704181.086842
25.4138888889,-0.00102565239649,0.579487860203,2.40512919426,4.43056342192e-06,1.57861195476e-05,0,0,4.47087622888e-05,0.0166674368083,0,0,0,0,0,5.20291241599e-05,704181.086842
25.425,-0.00102565239649,0.579487860203,2.40512919426,4.43056342192e-06,1.57861195476e-05,0,0,4.47087622888e-05,0.0166674368083,0,0,0,0,0,5.20293082854e-05,704181.086842
25.4361111111,-0.00102565239649,0.579487860203,2.40512919426,4.43056342192e-06,1.57861195476e-05,0,0,4.47087622888e-05,0.0166674368083,0,0,0,0,0,5.20284924592e-05,704181.086842
25.4472222222,-0.00102565239649,0.579487860203,2.40512919426,4.43056342192e-06,1.57861195476e-05,0,0,4.47087622888e-05,0.0166674368083,0,0,0,0,0,5.20287408534e-05,704181.086842
25.4583333333,-0.00102565239649,0.579487860203,2.40512919426,4.43056342192e-06,1.57861195476e-05,0,0,4.47087622888e-05,0.0166674368083,0,0,0,0,0,5.20298191873e-05,704181.086842
25.4694444444,-0.00102565239649,0.579487860203,2.40512919426,4.43056342192e-06,1.57861195476e-05,0,0,4.47087622888e-05,0.0166674368083,0,0,0,0,0,5.20293177185e-05,704181.086842
25.4805555556,-0.00102565239649,0.579487860203,2.40512919426,4.43056342192e-06,1.57861195476e-05,0,0,4.47087622888e-05,0.0166674368083,0,0,0,0,0,5.20296560844e-05,704181.086842
25.4916666667,-0.00102565239649,0.579487860203,2.40512919426,4.43056342192e-06,1.57861195476e-05,0,0,4.47087622888e-05,0.0166674368083,0,0,0,0,0,5.20290885073e-05,704181.086842
25.5027777778,-0.00102565239649,0.579487860203,2.40512919426,4.43056342192e-06,1.57861195476e-05,0,0,4.47087622888e-05,0.0166674368083,0,0,0,0,0,5.20292909988e-05,704181.086842
25.5138888889,-0.00102565239649,0.579487860203,2.40512919426,4.43056342192e-06,1.57861195476e-05,0,0,4.47087622888e-05,0.0166674368083,0,0,0,0,0,5.20292496118e-05,704181.086842
25.525,-0.00102565239649,0.579487860203,2.40512919426,4.43056342192e-06,1.57861195476e-05,0,0,4.47087622888e-05,0.0166674368083,0,0,0,0,0,5.20289564784e-05,704181.086842
25.5361111111,-0.00102565239649,0.579487860203,2.40512919426,4.43056342192e-06,1.57861195476e-05,0,0,4.47087622888e-05,0.0166674368083,0,0,0,0,0,5.20297018092e-05,704181.086842
25.5472222222,-0.00102565239649,0.579487860203,2.40512919426,4.43056342192e-06,1.57861195476e-05,0,0,4.47087622888e-05,0.0166674368083,0,0,0,0,0,5.20293903653e-05,704181.086842
25.5583333333,-0.00102565239649,0.579487860203,2.40512919426,4.43056342192e-06,1.57861195476e-05,0,0,4.47087622888e-05,0.0166674368083,0,0,0,0,0,5.20293741375e-05,704181.086842
25.5694444444,-0.00102565239649,0.579487860203,2.40512919426,4.43056342192e-06,1.57861195476e-05,0,0,4.47087622888e-05,0.0166674368083,0,0,0,0,0,5.20290971845e-05,704181.086842
25.5805555556,-0.00102565239649,0.579487860203,2.40512919426,4.43056342192e-06,1.57861195476e-05,0,0,4.47087622888e-05,0.0166674368083,0,0,0,0,0,5.20287844139e-05,704181.086842
25.5916666667,-0.00102565239649,0.579487860203,2.40512919426,4.43056342192e-06,1.57861195476e-05,0,0,4.47087622888e-05,0.0166674368083,0,0,0,0,0,5.202924492e-05,704181.086842
25.6027777778,-0.00102565239649,0.579487860203,2.40512919426,4.43056342192e-06,1.57861195476e-05,0,0,4.47087622888e-05,0.0166674368083,0,0,0,0,0,5.20288828732e-05,704181.086842
25.6138888889,-0.00102565239649,0.579487860203,2.40512919426,4.43056342192e-06,1.57861195476e-05,0,0,4.47087622888e-05,0.0166674368083,0,0,0,0,0,5.20293740407e-05,704181.086842
25.625,-0.00102565239649,0.579487860203,2.40512919426,4.43056342192e-06,1.57861195476e-05,0,0,4.47087622888e-05,0.0166674368083,0,0,0,0,0,5.20293887029e-05,704181.086842
25.6361111111,-0.00102565239649,0.579487860203,2.40512919426,4.43056342192e-06,1.57861195476e-05,0,0,4.47087622888e-05,0.0166674368083,0,0,0,0,0,5.20294756332e-05,704181.086842
25.6472222222,-0.00102565239649,0.579487860203,2.40512919426,4.43056342192e-06,1.57861195476e-05,0,0,4.47087622888e-05,0.0166674368083,0,0,0,0,0,5.20295908529e-05,704181.086842
25.6583333333,-0.00102565239649,0.579487860203,2.40512919426,4.43056342192e-06,1.57861195476e-05,0,0,4.47087622888e-05,0.0166674368083,0,0,0,0,0,5.20294355633e-05,704181.086842
25.6694444444,-0.00102565239649,0.579487860203,2.40512919426,4.43056342192e-06,1.57861195476e-05,0,0,4.47087622888e-05,0.0166674368083,0,0,0,0,0,5.20293702814e-05,704181.086842
25.6805555556,-0.00102565239649,0.579487860203,2.40512919426,4.43056342192e-06,1.57861195476e-05,0,0,4.47087622888e-05,0.0166674368083,0,0,0,0,0,5.20293753535e-05,704181.086842
25.6916666667,-0.00102565239649,0.579487860203,2.40512919426,4.43056342192e-06,1.57861195476e-05,0,0,4.47087622888e-05,0.0166674368083,0,0,0,0,0,5.20293668886e-05,704181.086842
25.7027777778,-0.00102565239649,0.579487860203,2.40512919426,4.43056342192e-06,1.57861195476e-05,0,0,4.47087622888e-05,0.0166674368083,0,0,0,0,0,5.20293316075e-05,704181.086842
25.7138888889,-0.00102565239649,0.579487860203,2.40512919426,4.43056342192e-06,1.57861195476e-05,0,0,4.47087622888e-05,0.0166674368083,0,0,0,0,0,5.20290947221e-05,704181.086842
25.725,-0.00102565239649,0.579487860203,2.40512919426,4.43056342192e-06,1.57861195476e-05,0,0,4.47087622888e-05,0.0166674368083,0,0,0,0,0,5.20291144585e-05,704181.086842
25.7361111111,-0.00102565239649,0.579487860203,2.40512919426,4.43056342192e-06,1.57861195476e-05,0,0,4.47087622888e-05,0.0166674368083,0,0,0,0,0,5.20293761489e-05,704181.086842
25.7472222222,-0.00102565239649,0.579487860203,2.40512919426,4.43056342192e-06,1.57861195476e-05,0,0,4.47087622888e-05,0.0166674368083,0,0,0,0,0,5.20291325728e-05,704181.086842
25.7583333333,-0.00102565239649,0.579487860203,2.40512919426,4.43056342192e-06,1.57861195476e-05,0,0,4.47087622888e-05,0.0166674368083,0,0,0,0,0,5.20294240399e-05,704181.086842
25.7694444444,-0.00102565239649,0.579487860203,2.40512919426,4.43056342192e-06,1.57861195476e-05,0,0,4.47087622888e-05,0.0166674368083,0,0,0,0,0,5.20293423957e-05,704181.086842
25.7805555556,-0.00102565239649,0.579487860203,2.40512919426,4.43056342192e-06,1.57861195476e-05,0,0,4.47087622888e-05,0.0166674368083,0,0,0,0,0,5.20293137696e-05,704181.086842
25.7916666667,-0.00102565239649,0.579487860203,2.40512919426,4.43056342192e-06,1.57861195476e-05,0,0,4.47087622888e-05,0.0166674368083,0,0,0,0,0,5.20292707742e-05,704181.086842
25.8027777778,-0.00102565239649,0.579487860203,2.40512919426,4.43056342192e-06,1.57861195476e-05,0,0,4.47087622888e-05,0.0166674368083,0,0,0,0,0,5.20298121503e-05,704181.086842
25.8138888889,-0.00102565239649,0.579487860203,2.40512919426,4.43056342192e-06,1.57861195476e-05,0,0,4.47087622888e-05,0.0166674368083,0,0,0,0,0,5.20291704554e-05,704181.086842
25.825,-0.00102565239649,0.579487860203,2.40512919426,4.43056342192e-06,1.57861195476e-05,0,0,4.47087622888e-05,0.0166674368083,0,0,0,0,0,5.20289519406e-05,704181.086842
25.8361111111,-0.00102565239649,0.579487860203,2.40512919426,4.43056342192e-06,1.57861195476e-05,0,0,4.47087622888e-05,0.0166674368083,0,0,0,0,0,5.20289619812e-05,704181.086842
25.8472222222,-0.00102565239649,0.579487860203,2.40512919426,4.43056342192e-06,1.57861195476e-05,0,0,4.47087622888e-05,0.0166674368083,0,0,0,0,0,5.20285741711e-05,704181.086842
25.8583333333,-0.00102565239649,0.579487860203,2.40512919426,4.43056342192e-06,1.57861195476e-05,0,0,4.47087622888e-05,0.0166674368083,0,0,0,0,0,5.20289647538e-05,704181.086842
25.8694444444,-0.00102565239649,0.579487860203,2.40512919426,4.43056342192e-06,1.57861195476e-05,0,0,4.47087622888e-05,0.0166674368083,0,0,0,0,0,5.20289785852e-05,704181.086842
25.8805555556,-0.00102565239649,0.579487860203,2.40512919426,4.43056342192e-06,1.57861195476e-05,0,0,4.47087622888e-05,0.0166674368083,0,0,0,0,0,5.2029603004e-05,704181.086842
25.8916666667,-0.00102565239649,0.579487860203,2.40512919426,4.43056342192e-06,1.57861195476e-05,0,0,4.47087622888e-05,0.0166674368083,0,0,0,0,0,5.20289663803e-05,704181.086842
25.9027777778,-0.00102565239649,0.579487860203,2.40512919426,4.43056342192e-06,1.57861195476e-05,0,0,4.47087622888e-05,0.0166674368083,0,0,0,0,0,5.20280166728e-05,704181.086842
25.9138888889,-0.00102565239649,0.579487860203,2.40512919426,4.43056342192e-06,1.57861195476e-05,0,0,4.47087622888e-05,0.0166674368083,0,0,0,0,0,5.20299644499e-05,704181.086842
25.925,-0.00102565239649,0.579487860203,2.40512919426,4.43056342192e-06,1.57861195476e-05,0,0,4.47087622888e-05,0.0166674368083,0,0,0,0,0,5.20294105638e-05,704181.086842
25.9361111111,-0.00102565239649,0.579487860203,2.40512919426,4.43056342192e-06,1.57861195476e-05,0,0,4.47087622888e-05,0.0166674368083,0,0,0,0,0,5.20292107777e-05,704181.086842
25.9472222222,-0.00102565239649,0.579487860203,2.40512919426,4.43056342192e-06,1.57861195476e-05,0,0,4.47087622888e-05,0.0166674368083,0,0,0,0,0,5.20291301437e-05,704181.086842
25.9583333333,-0.00102565239649,0.579487860203,2.40512919426,4.43056342192e-06,1.57861195476e-05,0,0,4.47087622888e-05,0.0166674368083,0,0,0,0,0,5.2028488759e-05,704181.086842
25.9694444444,-0.00102565239649,0.579487860203,2.40512919426,4.43056342192e-06,1.57861195476e-05,0,0,4.47087622888e-05,0.0166674368083,0,0,0,0,0,5.2028347321e-05,704181.086842
25.9805555556,-0.00102565239649,0.579487860203,2.40512919426,4.43056342192e-06,1.57861195476e-05,0,0,4.47087622888e-05,0.0166674368083,0,0,0,0,0,5.20284742211e-05,704181.086842
25.9916666667,-0.00102565239649,0.579487860203,2.40512919426,4.43056342192e-06,1.57861195476e-05,0,0,4.47087622888e-05,0.0166674368083,0,0,0,0,0,5.20300486251e-05,704181.086842
26.0027777778,-0.00102565239649,0.579487860203,2.40512919426,4.43056342192e-06,1.57861195476e-05,0,0,4.47087622888e-05,0.0166674368083,0,0,0,0,0,5.20284869003e-05,704181.086842
26.0138888889,-0.00102565239649,0.579487860203,2.40512919426,4.43056342192e-06,1.57861195476e-05,0,0,4.47087622888e-05,0.0166674368083,0,0,0,0,0,5.20294385764e-05,704181.086842
26.025,-0.00102565239649,0.579487860203,2.40512919426,4.43056342192e-06,1.57861195476e-05,0,0,4.47087622888e-05,0.0166674368083,0,0,0,0,0,5.20295295869e-05,704181.086842
26.0361111111,-0.00102565239649,0.579487860203,2.40512919426,4.43056342192e-06,1.57861195476e-05,0,0,4.47087622888e-05,0.0166674368083,0,0,0,0,0,5.2028271261e-05,704181.086842
26.0472222222,-0.00102565239649,0.579487860203,2.40512919426,4.43056342192e-06,1.57861195476e-05,0,0,4.47087622888e-05,0.0166674368083,0,0,0,0,0,5.20288374811e-05,704181.086842
26.0583333333,-0.00102565239649,0.579487860203,2.40512919426,4.43056342192e-06,1.57861195476e-05,0,0,4.47087622888e-05,0.0166674368083,0,0,0,0,0,5.20291854172e-05,704181.086842
26.0694444444,-0.00102565239649,0.579487860203,2.40512919426,4.43056342192e-06,1.57861195476e-05,0,0,4.47087622888e-05,0.0166674368083,0,0,0,0,0,5.20291027169e-05,704181.086842
26.0805555556,-0.00102565239649,0.579487860203,2.40512919426,4.43056342192e-06,1.57861195476e-05,0,0,4.47087622888e-05,0.0166674368083,0,0,0,0,0,5.20296039729e-05,704181.086842
26.0916666667,-0.00102565239649,0.579487860203,2.40512919426,4.43056342192e-06,1.57861195476e-05,0,0,4.47087622888e-05,0.0166674368083,0,0,0,0,0,5.20292209487e-05,704181.086842
26.1027777778,-0.00102565239649,0.579487860203,2.40512919426,4.43056342192e-06,1.57861195476e-05,0,0,4.47087622888e-05,0.0166674368083,0,0,0,0,0,5.20291969006e-05,704181.086842
26.1138888889,-0.00102565239649,0.579487860203,2.40512919426,4.43056342192e-06,1.57861195476e-05,0,0,4.47087622888e-05,0.0166674368083,0,0,0,0,0,5.20295495263e-05,704181.086842
26.125,-0.00102565239649,0.579487860203,2.40512919426,4.43056342192e-06,1.57861195476e-05,0,0,4.47087622888e-05,0.0166674368083,0,0,0,0,0,5.20293058834e-05,704181.086842
26.1361111111,-0.00102565239649,0.579487860203,2.40512919426,4.43056342192e-06,1.57861195476e-05,0,0,4.47087622888e-05,0.0166674368083,0,0,0,0,0,5.20295346901e-05,704181.086842
26.1472222222,-0.00102565239649,0.579487860203,2.40512919426,4.43056342192e-06,1.57861195476e-05,0,0,4.47087622888e-05,0.0166674368083,0,0,0,0,0,5.20298542554e-05,704181.086842
26.1583333333,-0.00102565239649,0.579487860203,2.40512919426,4.43056342192e-06,1.57861195476e-05,0,0,4.47087622888e-05,0.0166674368083,0,0,0,0,0,5.20295115554e-05,704181.086842
26.1694444444,-0.00102565239649,0.579487860203,2.40512919426,4.43056342192e-06,1.57861195476e-05,0,0,4.47087622888e-05,0.0166674368083,0,0,0,0,0,5.20293165582e-05,704181.086842
26.1805555556,-0.00102565239649,0.579487860203,2.40512919426,4.43056342192e-06,1.57861195476e-05,0,0,4.47087622888e-05,0.0166674368083,0,0,0,0,0,5.20294144214e-05,704181.086842
26.1916666667,-0.00102565239649,0.579487860203,2.40512919426,4.43056342192e-06,1.57861195476e-05,0,0,4.47087622888e-05,0.0166674368083,0,0,0,0,0,5.20281377082e-05,704181.086842
26.2027777778,-0.00102565239649,0.579487860203,2.40512919426,4.43056342192e-06,1.57861195476e-05,0,0,4.47087622888e-05,0.0166674368083,0,0,0,0,0,5.20283745224e-05,704181.086842
26.2138888889,-0.00102565239649,0.579487860203,2.40512919426,4.43056342192e-06,1.57861195476e-05,0,0,4.47087622888e-05,0.0166674368083,0,0,0,0,0,5.20291601886e-05,704181.086842
26.225,-0.00102565239649,0.579487860203,2.40512919426,4.43056342192e-06,1.57861195476e-05,0,0,4.47087622888e-05,0.0166674368083,0,0,0,0,0,5.20293324055e-05,704181.086842
26.2361111111,-0.00102565239649,0.579487860203,2.40512919426,4.43056342192e-06,1.57861195476e-05,0,0,4.47087622888e-05,0.0166674368083,0,0,0,0,0,5.20283761043e-05,704181.086842
26.2472222222,-0.00102565239649,0.579487860203,2.40512919426,4.43056342192e-06,1.57861195476e-05,0,0,4.47087622888e-05,0.0166674368083,0,0,0,0,0,5.20298262754e-05,704181.086842
26.2583333333,-0.00102565239649,0.579487860203,2.40512919426,4.43056342192e-06,1.57861195476e-05,0,0,4.47087622888e-05,0.0166674368083,0,0,0,0,0,5.20291548052e-05,704181.086842
26.2694444444,-0.00102565239649,0.579487860203,2.40512919426,4.43056342192e-06,1.57861195476e-05,0,0,4.47087622888e-05,0.0166674368083,0,0,0,0,0,5.2029276922e-05,704181.086842
26.2805555556,-0.00102565239649,0.579487860203,2.40512919426,4.43056342192e-06,1.57861195476e-05,0,0,4.47087622888e-05,0.0166674368083,0,0,0,0,0,5.20295163246e-05,704181.086842
26.2916666667,-0.00102565239649,0.579487860203,2.40512919426,4.43056342192e-06,1.57861195476e-05,0,0,4.47087622888e-05,0.0166674368083,0,0,0,0,0,5.20299693204e-05,704181.086842
26.3027777778,-0.00102565239649,0.579487860203,2.40512919426,4.43056342192e-06,1.57861195476e-05,0,0,4.47087622888e-05,0.0166674368083,0,0,0,0,0,5.20289916709e-05,704181.086842
26.3138888889,-0.00102565239649,0.579487860203,2.40512919426,4.43056342192e-06,1.57861195476e-05,0,0,4.47087622888e-05,0.0166674368083,0,0,0,0,0,5.20281790484e-05,704181.086842
26.325,-0.00102565239649,0.579487860203,2.40512919426,4.43056342192e-06,1.57861195476e-05,0,0,4.47087622888e-05,0.0166674368083,0,0,0,0,0,5.20286800587e-05,704181.086842
26.3361111111,-0.00102565239649,0.579487860203,2.40512919426,4.43056342192e-06,1.57861195476e-05,0,0,4.47087622888e-05,0.0166674368083,0,0,0,0,0,5.20294863127e-05,704181.086842
26.3472222222,-0.00102565239649,0.579487860203,2.40512919426,4.43056342192e-06,1.57861195476e-05,0,0,4.47087622888e-05,0.0166674368083,0,0,0,0,0,5.20291053326e-05,704181.086842
26.3583333333,-0.00102565239649,0.579487860203,2.40512919426,4.43056342192e-06,1.57861195476e-05,0,0,4.47087622888e-05,0.0166674368083,0,0,0,0,0,5.20293215882e-05,704181.086842
26.3694444444,-0.00102565239649,0.579487860203,2.40512919426,4.43056342192e-06,1.57861195476e-05,0,0,4.47087622888e-05,0.0166674368083,0,0,0,0,0,5.20293167557e-05,704181.086842
26.3805555556,-0.00102565239649,0.579487860203,2.40512919426,4.43056342192e-06,1.57861195476e-05,0,0,4.47087622888e-05,0.0166674368083,0,0,0,0,0,5.20292484052e-05,704181.086842
26.3916666667,-0.00102565239649,0.579487860203,2.40512919426,4.43056342192e-06,1.57861195476e-05,0,0,4.47087622888e-05,0.0166674368083,0,0,0,0,0,5.20292963052e-05,704181.086842
26.4027777778,-0.00102565239649,0.579487860203,2.40512919426,4.43056342192e-06,1.57861195476e-05,0,0,4.47087622888e-05,0.0166674368083,0,0,0,0,0,5.20294676139e-05,704181.086842
26.4138888889,-0.00102565239649,0.579487860203,2.40512919426,4.43056342192e-06,1.57861195476e-05,0,0,4.47087622888e-05,0.0166674368083,0,0,0,0,0,5.20294008641e-05,704181.086842
26.425,-0.00102565239649,0.579487860203,2.40512919426,4.43056342192e-06,1.57861195476e-05,0,0,4.47087622888e-05,0.0166674368083,0,0,0,0,0,5.20292685172e-05,704181.086842
26.4361111111,-0.00102565239649,0.579487860203,2.40512919426,4.43056342192e-06,1.57861195476e-05,0,0,4.47087622888e-05,0.0166674368083,0,0,0,0,0,5.20292849864e-05,704181.086842
26.4472222222,-0.00102565239649,0.579487860203,2.40512919426,4.43056342192e-06,1.57861195476e-05,0,0,4.47087622888e-05,0.0166674368083,0,0,0,0,0,5.20293994011e-05,704181.086842
26.4583333333,-0.00102565239649,0.579487860203,2.40512919426,4.43056342192e-06,1.57861195476e-05,0,0,4.47087622888e-05,0.0166674368083,0,0,0,0,0,5.20292337182e-05,704181.086842
26.4694444444,-0.00102565239649,0.579487860203,2.40512919426,4.43056342192e-06,1.57861195476e-05,0,0,4.47087622888e-05,0.0166674368083,0,0,0,0,0,5.20297683613e-05,704181.086842
26.4805555556,-0.00102565239649,0.579487860203,2.40512919426,4.43056342192e-06,1.57861195476e-05,0,0,4.47087622888e-05,0.0166674368083,0,0,0,0,0,5.20292190084e-05,704181.086842
26.4916666667,-0.00102565239649,0.579487860203,2.40512919426,4.43056342192e-06,1.57861195476e-05,0,0,4.47087622888e-05,0.0166674368083,0,0,0,0,0,5.20295928435e-05,704181.086842
26.5027777778,-0.00102565239649,0.579487860203,2.40512919426,4.43056342192e-06,1.57861195476e-05,0,0,4.47087622888e-05,0.0166674368083,0,0,0,0,0,5.20294384969e-05,704181.086842
26.5138888889,-0.00102565239649,0.579487860203,2.40512919426,4.43056342192e-06,1.57861195476e-05,0,0,4.47087622888e-05,0.0166674368083,0,0,0,0,0,5.20290873312e-05,704181.086842
26.525,-0.00102565239649,0.579487860203,2.40512919426,4.43056342192e-06,1.57861195476e-05,0,0,4.47087622888e-05,0.0166674368083,0,0,0,0,0,5.20292031328e-05,704181.086842
26.5361111111,-0.00102565239649,0.579487860203,2.40512919426,4.43056342192e-06,1.57861195476e-05,0,0,4.47087622888e-05,0.0166674368083,0,0,0,0,0,5.20295071035e-05,704181.086842
26.5472222222,-0.00102565239649,0.579487860203,2.40512919426,4.43056342192e-06,1.57861195476e-05,0,0,4.47087622888e-05,0.0166674368083,0,0,0,0,0,5.20298967485e-05,704181.086842
26.5583333333,-0.00102565239649,0.579487860203,2.40512919426,4.43056342192e-06,1.57861195476e-05,0,0,4.47087622888e-05,0.0166674368083,0,0,0,0,0,5.20295076854e-05,704181.086842
26.5694444444,-0.00102565239649,0.579487860203,2.40512919426,4.43056342192e-06,1.57861195476e-05,0,0,4.47087622888e-05,0.0166674368083,0,0,0,0,0,5.20297322667e-05,704181.086842
26.5805555556,-0.00102565239649,0.579487860203,2.40512919426,4.43056342192e-06,1.57861195476e-05,0,0,4.47087622888e-05,0.0166674368083,0,0,0,0,0,5.20284941069e-05,704181.086842
26.5916666667,-0.00102565239649,0.579487860203,2.40512919426,4.43056342192e-06,1.57861195476e-05,0,0,4.47087622888e-05,0.0166674368083,0,0,0,0,0,5.20286019265e-05,704181.086842
26.6027777778,-0.00102565239649,0.579487860203,2.40512919426,4.43056342192e-06,1.57861195476e-05,0,0,4.47087622888e-05,0.0166674368083,0,0,0,0,0,5.20291007682e-05,704181.086842
26.6138888889,-0.00102565239649,0.579487860203,2.40512919426,4.43056342192e-06,1.57861195476e-05,0,0,4.47087622888e-05,0.0166674368083,0,0,0,0,0,5.2029232641e-05,704181.086842
26.625,-0.00102565239649,0.579487860203,2.40512919426,4.43056342192e-06,1.57861195476e-05,0,0,4.47087622888e-05,0.0166674368083,0,0,0,0,0,5.20292852655e-05,704181.086842
26.6361111111,-0.00102565239649,0.579487860203,2.40512919426,4.43056342192e-06,1.57861195476e-05,0,0,4.47087622888e-05,0.0166674368083,0,0,0,0,0,5.20299302116e-05,704181.086842
26.6472222222,-0.00102565239649,0.579487860203,2.40512919426,4.43056342192e-06,1.57861195476e-05,0,0,4.47087622888e-05,0.0166674368083,0,0,0,0,0,5.2029978475e-05,704181.086842
26.6583333333,-0.00102565239649,0.579487860203,2.40512919426,4.43056342192e-06,1.57861195476e-05,0,0,4.47087622888e-05,0.0166674368083,0,0,0,0,0,5.20293390667e-05,704181.086842
26.6694444444,-0.00102565239649,0.579487860203,2.40512919426,4.43056342192e-06,1.57861195476e-05,0,0,4.47087622888e-05,0.0166674368083,0,0,0,0,0,5.20289512926e-05,704181.086842
26.6805555556,-0.00102565239649,0.579487860203,2.40512919426,4.43056342192e-06,1.57861195476e-05,0,0,4.47087622888e-05,0.0166674368083,0,0,0,0,0,5.20289007009e-05,704181.086842
26.6916666667,-0.00102565239649,0.579487860203,2.40512919426,4.43056342192e-06,1.57861195476e-05,0,0,4.47087622888e-05,0.0166674368083,0,0,0,0,0,5.20299595005e-05,704181.086842
26.7027777778,-0.00102565239649,0.579487860203,2.40512919426,4.43056342192e-06,1.57861195476e-05,0,0,4.47087622888e-05,0.0166674368083,0,0,0,0,0,5.20298387423e-05,704181.086842
26.7138888889,-0.00102565239649,0.579487860203,2.40512919426,4.43056342192e-06,1.57861195476e-05,0,0,4.47087622888e-05,0.0166674368083,0,0,0,0,0,5.20285298703e-05,704181.086842
26.725,-0.00102565239649,0.579487860203,2.40512919426,4.43056342192e-06,1.57861195476e-05,0,0,4.47087622888e-05,0.0166674368083,0,0,0,0,0,5.20290095589e-05,704181.086842
26.7361111111,-0.00102565239649,0.579487860203,2.40512919426,4.43056342192e-06,1.57861195476e-05,0,0,4.47087622888e-05,0.0166674368083,0,0,0,0,0,5.20295120158e-05,704181.086842
26.7472222222,-0.00102565239649,0.579487860203,2.40512919426,4.43056342192e-06,1.57861195476e-05,0,0,4.47087622888e-05,0.0166674368083,0,0,0,0,0,5.20290304107e-05,704181.086842
26.7583333333,-0.00102565239649,0.579487860203,2.40512919426,4.43056342192e-06,1.57861195476e-05,0,0,4.47087622888e-05,0.0166674368083,0,0,0,0,0,5.20291305971e-05,704181.086842
26.7694444444,-0.00102565239649,0.579487860203,2.40512919426,4.43056342192e-06,1.57861195476e-05,0,0,4.47087622888e-05,0.0166674368083,0,0,0,0,0,5.20291023122e-05,704181.086842
26.7805555556,-0.00102565239649,0.579487860203,2.40512919426,4.43056342192e-06,1.57861195476e-05,0,0,4.47087622888e-05,0.0166674368083,0,0,0,0,0,5.20293700117e-05,704181.086842
26.7916666667,-0.00102565239649,0.579487860203,2.40512919426,4.43056342192e-06,1.57861195476e-05,0,0,4.47087622888e-05,0.0166674368083,0,0,0,0,0,5.20291576726e-05,704181.086842
26.8027777778,-0.00102565239649,0.579487860203,2.40512919426,4.43056342192e-06,1.57861195476e-05,0,0,4.47087622888e-05,0.0166674368083,0,0,0,0,0,5.20291608169e-05,704181.086842
26.8138888889,-0.00102565239649,0.579487860203,2.40512919426,4.43056342192e-06,1.57861195476e-05,0,0,4.47087622888e-05,0.0166674368083,0,0,0,0,0,5.2029459483e-05,704181.086842
26.825,-0.00102565239649,0.579487860203,2.40512919426,4.43056342192e-06,1.57861195476e-05,0,0,4.47087622888e-05,0.0166674368083,0,0,0,0,0,5.20299177594e-05,704181.086842
26.8361111111,-0.00102565239649,0.579487860203,2.40512919426,4.43056342192e-06,1.57861195476e-05,0,0,4.47087622888e-05,0.0166674368083,0,0,0,0,0,5.20299257863e-05,704181.086842
26.8472222222,-0.00102565239649,0.579487860203,2.40512919426,4.43056342192e-06,1.57861195476e-05,0,0,4.47087622888e-05,0.0166674368083,0,0,0,0,0,5.20284599477e-05,704181.086842
26.8583333333,-0.00102565239649,0.579487860203,2.40512919426,4.43056342192e-06,1.57861195476e-05,0,0,4.47087622888e-05,0.0166674368083,0,0,0,0,0,5.20295155228e-05,704181.086842
26.8694444444,-0.00102565239649,0.579487860203,2.40512919426,4.43056342192e-06,1.57861195476e-05,0,0,4.47087622888e-05,0.0166674368083,0,0,0,0,0,5.2029929559e-05,704181.086842
26.8805555556,-0.00102565239649,0.579487860203,2.40512919426,4.43056342192e-06,1.57861195476e-05,0,0,4.47087622888e-05,0.0166674368083,0,0,0,0,0,5.20297408562e-05,704181.086842
26.8916666667,-0.00102565239649,0.579487860203,2.40512919426,4.43056342192e-06,1.57861195476e-05,0,0,4.47087622888e-05,0.0166674368083,0,0,0,0,0,5.20296418559e-05,704181.086842
26.9027777778,-0.00102565239649,0.579487860203,2.40512919426,4.43056342192e-06,1.57861195476e-05,0,0,4.47087622888e-05,0.0166674368083,0,0,0,0,0,5.20290542799e-05,704181.086842
26.9138888889,-0.00102565239649,0.579487860203,2.40512919426,4.43056342192e-06,1.57861195476e-05,0,0,4.47087622888e-05,0.0166674368083,0,0,0,0,0,5.20284269026e-05,704181.086842
26.925,-0.00102565239649,0.579487860203,2.40512919426,4.43056342192e-06,1.57861195476e-05,0,0,4.47087622888e-05,0.0166674368083,0,0,0,0,0,5.20294850246e-05,704181.086842
26.9361111111,-0.00102565239649,0.579487860203,2.40512919426,4.43056342192e-06,1.57861195476e-05,0,0,4.47087622888e-05,0.0166674368083,0,0,0,0,0,5.20290615038e-05,704181.086842
26.9472222222,-0.00102565239649,0.579487860203,2.40512919426,4.43056342192e-06,1.57861195476e-05,0,0,4.47087622888e-05,0.0166674368083,0,0,0,0,0,5.2030053076e-05,704181.086842
26.9583333333,-0.00102565239649,0.579487860203,2.40512919426,4.43056342192e-06,1.57861195476e-05,0,0,4.47087622888e-05,0.0166674368083,0,0,0,0,0,5.20298127722e-05,704181.086842
26.9694444444,-0.00102565239649,0.579487860203,2.40512919426,4.43056342192e-06,1.57861195476e-05,0,0,4.47087622888e-05,0.0166674368083,0,0,0,0,0,5.20278889523e-05,704181.086842
26.9805555556,-0.00102565239649,0.579487860203,2.40512919426,4.43056342192e-06,1.57861195476e-05,0,0,4.47087622888e-05,0.0166674368083,0,0,0,0,0,5.20292013986e-05,704181.086842
26.9916666667,-0.00102565239649,0.579487860203,2.40512919426,4.43056342192e-06,1.57861195476e-05,0,0,4.47087622888e-05,0.0166674368083,0,0,0,0,0,5.20292036813e-05,704181.086842
27.0027777778,-0.00102565239649,0.579487860203,2.40512919426,4.43056342192e-06,1.57861195476e-05,0,0,4.47087622888e-05,0.0166674368083,0,0,0,0,0,5.20293465806e-05,704181.086842
27.0138888889,-0.00102565239649,0.579487860203,2.40512919426,4.43056342192e-06,1.57861195476e-05,0,0,4.47087622888e-05,0.0166674368083,0,0,0,0,0,5.2029307857e-05,704181.086842
27.025,-0.00102565239649,0.579487860203,2.40512919426,4.43056342192e-06,1.57861195476e-05,0,0,4.47087622888e-05,0.0166674368083,0,0,0,0,0,5.20280541013e-05,704181.086842
27.0361111111,-0.00102565239649,0.579487860203,2.40512919426,4.43056342192e-06,1.57861195476e-05,0,0,4.47087622888e-05,0.0166674368083,0,0,0,0,0,5.20280224683e-05,704181.086842
27.0472222222,-0.00102565239649,0.579487860203,2.40512919426,4.43056342192e-06,1.57861195476e-05,0,0,4.47087622888e-05,0.0166674368083,0,0,0,0,0,5.20293238684e-05,704181.086842
27.0583333333,-0.00102565239649,0.579487860203,2.40512919426,4.43056342192e-06,1.57861195476e-05,0,0,4.47087622888e-05,0.0166674368083,0,0,0,0,0,5.2029368661e-05,704181.086842
27.0694444444,-0.00102565239649,0.579487860203,2.40512919426,4.43056342192e-06,1.57861195476e-05,0,0,4.47087622888e-05,0.0166674368083,0,0,0,0,0,5.20292699125e-05,704181.086842
27.0805555556,-0.00102565239649,0.579487860203,2.40512919426,4.43056342192e-06,1.57861195476e-05,0,0,4.47087622888e-05,0.0166674368083,0,0,0,0,0,5.20288558336e-05,704181.086842
27.0916666667,-0.00102565239649,0.579487860203,2.40512919426,4.43056342192e-06,1.57861195476e-05,0,0,4.47087622888e-05,0.0166674368083,0,0,0,0,0,5.20296494079e-05,704181.086842
27.1027777778,-0.00102565239649,0.579487860203,2.40512919426,4.43056342192e-06,1.57861195476e-05,0,0,4.47087622888e-05,0.0166674368083,0,0,0,0,0,5.20294167978e-05,704181.086842
27.1138888889,-0.00102565239649,0.579487860203,2.40512919426,4.43056342192e-06,1.57861195476e-05,0,0,4.47087622888e-05,0.0166674368083,0,0,0,0,0,5.20292182064e-05,704181.086842
27.125,-0.00102565239649,0.579487860203,2.40512919426,4.43056342192e-06,1.57861195476e-05,0,0,4.47087622888e-05,0.0166674368083,0,0,0,0,0,5.20292332006e-05,704181.086842
27.1361111111,-0.00102565239649,0.579487860203,2.40512919426,4.43056342192e-06,1.57861195476e-05,0,0,4.47087622888e-05,0.0166674368083,0,0,0,0,0,5.20294232366e-05,704181.086842
27.1472222222,-0.00102565239649,0.579487860203,2.40512919426,4.43056342192e-06,1.57861195476e-05,0,0,4.47087622888e-05,0.0166674368083,0,0,0,0,0,5.20293397548e-05,704181.086842
27.1583333333,-0.00102565239649,0.579487860203,2.40512919426,4.43056342192e-06,1.57861195476e-05,0,0,4.47087622888e-05,0.0166674368083,0,0,0,0,0,5.20293054108e-05,704181.086842
27.1694444444,-0.00102565239649,0.579487860203,2.40512919426,4.43056342192e-06,1.57861195476e-05,0,0,4.47087622888e-05,0.0166674368083,0,0,0,0,0,5.20293227893e-05,704181.086842
27.1805555556,-0.00102565239649,0.579487860203,2.40512919426,4.43056342192e-06,1.57861195476e-05,0,0,4.47087622888e-05,0.0166674368083,0,0,0,0,0,5.20292129252e-05,704181.086842
27.1916666667,-0.00102565239649,0.579487860203,2.40512919426,4.43056342192e-06,1.57861195476e-05,0,0,4.47087622888e-05,0.0166674368083,0,0,0,0,0,5.20294227546e-05,704181.086842
27.2027777778,-0.00102565239649,0.579487860203,2.40512919426,4.43056342192e-06,1.57861195476e-05,0,0,4.47087622888e-05,0.0166674368083,0,0,0,0,0,5.20292192469e-05,704181.086842
27.2138888889,-0.00102565239649,0.579487860203,2.40512919426,4.43056342192e-06,1.57861195476e-05,0,0,4.47087622888e-05,0.0166674368083,0,0,0,0,0,5.20292143863e-05,704181.086842
27.225,-0.00102565239649,0.579487860203,2.40512919426,4.43056342192e-06,1.57861195476e-05,0,0,4.47087622888e-05,0.0166674368083,0,0,0,0,0,5.20286497973e-05,704181.086842
27.2361111111,-0.00102565239649,0.579487860203,2.40512919426,4.43056342192e-06,1.57861195476e-05,0,0,4.47087622888e-05,0.0166674368083,0,0,0,0,0,5.20287397747e-05,704181.086842
27.2472222222,-0.00102565239649,0.579487860203,2.40512919426,4.43056342192e-06,1.57861195476e-05,0,0,4.47087622888e-05,0.0166674368083,0,0,0,0,0,5.20300709923e-05,704181.086842
27.2583333333,-0.00102565239649,0.579487860203,2.40512919426,4.43056342192e-06,1.57861195476e-05,0,0,4.47087622888e-05,0.0166674368083,0,0,0,0,0,5.20284053705e-05,704181.086842
27.2694444444,-0.00102565239649,0.579487860203,2.40512919426,4.43056342192e-06,1.57861195476e-05,0,0,4.47087622888e-05,0.0166674368083,0,0,0,0,0,5.20289441251e-05,704181.086842
27.2805555556,-0.00102565239649,0.579487860203,2.40512919426,4.43056342192e-06,1.57861195476e-05,0,0,4.47087622888e-05,0.0166674368083,0,0,0,0,0,5.20288403838e-05,704181.086842
27.2916666667,-0.00102565239649,0.579487860203,2.40512919426,4.43056342192e-06,1.57861195476e-05,0,0,4.47087622888e-05,0.0166674368083,0,0,0,0,0,5.20286802486e-05,704181.086842
27.3027777778,-0.00102565239649,0.579487860203,2.40512919426,4.43056342192e-06,1.57861195476e-05,0,0,4.47087622888e-05,0.0166674368083,0,0,0,0,0,5.2028627208e-05,704181.086842
27.3138888889,-0.00102565239649,0.579487860203,2.40512919426,4.43056342192e-06,1.57861195476e-05,0,0,4.47087622888e-05,0.0166674368083,0,0,0,0,0,5.20290685892e-05,704181.086842
27.325,-0.00102565239649,0.579487860203,2.40512919426,4.43056342192e-06,1.57861195476e-05,0,0,4.47087622888e-05,0.0166674368083,0,0,0,0,0,5.20287826763e-05,704181.086842
27.3361111111,-0.00102565239649,0.579487860203,2.40512919426,4.43056342192e-06,1.57861195476e-05,0,0,4.47087622888e-05,0.0166674368083,0,0,0,0,0,5.20287886564e-05,704181.086842
27.3472222222,-0.00102565239649,0.579487860203,2.40512919426,4.43056342192e-06,1.57861195476e-05,0,0,4.47087622888e-05,0.0166674368083,0,0,0,0,0,5.20287772651e-05,704181.086842
27.3583333333,-0.00102565239649,0.579487860203,2.40512919426,4.43056342192e-06,1.57861195476e-05,0,0,4.47087622888e-05,0.0166674368083,0,0,0,0,0,5.20287711673e-05,704181.086842
27.3694444444,-0.00102565239649,0.579487860203,2.40512919426,4.43056342192e-06,1.57861195476e-05,0,0,4.47087622888e-05,0.0166674368083,0,0,0,0,0,5.20287826602e-05,704181.086842
27.3805555556,-0.00102565239649,0.579487860203,2.40512919426,4.43056342192e-06,1.57861195476e-05,0,0,4.47087622888e-05,0.0166674368083,0,0,0,0,0,5.20285841834e-05,704181.086842
27.3916666667,-0.00102565239649,0.579487860203,2.40512919426,4.43056342192e-06,1.57861195476e-05,0,0,4.47087622888e-05,0.0166674368083,0,0,0,0,0,5.2028768226e-05,704181.086842
27.4027777778,-0.00102565239649,0.579487860203,2.40512919426,4.43056342192e-06,1.57861195476e-05,0,0,4.47087622888e-05,0.0166674368083,0,0,0,0,0,5.20287949049e-05,704181.086842
27.4138888889,-0.00102565239649,0.579487860203,2.40512919426,4.43056342192e-06,1.57861195476e-05,0,0,4.47087622888e-05,0.0166674368083,0,0,0,0,0,5.20287597309e-05,704181.086842
27.425,-0.00102565239649,0.579487860203,2.40512919426,4.43056342192e-06,1.57861195476e-05,0,0,4.47087622888e-05,0.0166674368083,0,0,0,0,0,5.2028800611e-05,704181.086842
27.4361111111,-0.00102565239649,0.579487860203,2.40512919426,4.43056342192e-06,1.57861195476e-05,0,0,4.47087622888e-05,0.0166674368083,0,0,0,0,0,5.20287364286e-05,704181.086842
27.4472222222,-0.00102565239649,0.579487860203,2.40512919426,4.43056342192e-06,1.57861195476e-05,0,0,4.47087622888e-05,0.0166674368083,0,0,0,0,0,5.20287494398e-05,704181.086842
27.4583333333,-0.00102565239649,0.579487860203,2.40512919426,4.43056342192e-06,1.57861195476e-05,0,0,4.47087622888e-05,0.0166674368083,0,0,0,0,0,5.20287768604e-05,704181.086842
27.4694444444,-0.00102565239649,0.579487860203,2.40512919426,4.43056342192e-06,1.57861195476e-05,0,0,4.47087622888e-05,0.0166674368083,0,0,0,0,0,5.20287919283e-05,704181.086842
27.4805555556,-0.00102565239649,0.579487860203,2.40512919426,4.43056342192e-06,1.57861195476e-05,0,0,4.47087622888e-05,0.0166674368083,0,0,0,0,0,5.20287687896e-05,704181.086842
27.4916666667,-0.00102565239649,0.579487860203,2.40512919426,4.43056342192e-06,1.57861195476e-05,0,0,4.47087622888e-05,0.0166674368083,0,0,0,0,0,5.20287462715e-05,704181.086842
27.5027777778,-0.00102565239649,0.579487860203,2.40512919426,4.43056342192e-06,1.57861195476e-05,0,0,4.47087622888e-05,0.0166674368083,0,0,0,0,0,5.20286020155e-05,704181.086842
27.5138888889,-0.00102565239649,0.579487860203,2.40512919426,4.43056342192e-06,1.57861195476e-05,0,0,4.47087622888e-05,0.0166674368083,0,0,0,0,0,5.20287883602e-05,704181.086842
27.525,-0.00102565239649,0.579487860203,2.40512919426,4.43056342192e-06,1.57861195476e-05,0,0,4.47087622888e-05,0.0166674368083,0,0,0,0,0,5.20287555297e-05,704181.086842
27.5361111111,-0.00102565239649,0.579487860203,2.40512919426,4.43056342192e-06,1.57861195476e-05,0,0,4.47087622888e-05,0.0166674368083,0,0,0,0,0,5.2028622474e-05,704181.086842
27.5472222222,-0.00102565239649,0.579487860203,2.40512919426,4.43056342192e-06,1.57861195476e-05,0,0,4.47087622888e-05,0.0166674368083,0,0,0,0,0,5.20287376435e-05,704181.086842
27.5583333333,-0.00102565239649,0.579487860203,2.40512919426,4.43056342192e-06,1.57861195476e-05,0,0,4.47087622888e-05,0.0166674368083,0,0,0,0,0,5.20287710343e-05,704181.086842
27.5694444444,-0.00102565239649,0.579487860203,2.40512919426,4.43056342192e-06,1.57861195476e-05,0,0,4.47087622888e-05,0.0166674368083,0,0,0,0,0,5.20286450048e-05,704181.086842
27.5805555556,-0.00102565239649,0.579487860203,2.40512919426,4.43056342192e-06,1.57861195476e-05,0,0,4.47087622888e-05,0.0166674368083,0,0,0,0,0,5.20287649016e-05,704181.086842
27.5916666667,-0.00102565239649,0.579487860203,2.40512919426,4.43056342192e-06,1.57861195476e-05,0,0,4.47087622888e-05,0.0166674368083,0,0,0,0,0,5.20287697261e-05,704181.086842
27.6027777778,-0.00102565239649,0.579487860203,2.40512919426,4.43056342192e-06,1.57861195476e-05,0,0,4.47087622888e-05,0.0166674368083,0,0,0,0,0,5.2028804054e-05,704181.086842
27.6138888889,-0.00102565239649,0.579487860203,2.40512919426,4.43056342192e-06,1.57861195476e-05,0,0,4.47087622888e-05,0.0166674368083,0,0,0,0,0,5.20287490105e-05,704181.086842
27.625,-0.00102565239649,0.579487860203,2.40512919426,4.43056342192e-06,1.57861195476e-05,0,0,4.47087622888e-05,0.0166674368083,0,0,0,0,0,5.20286436201e-05,704181.086842
27.6361111111,-0.00102565239649,0.579487860203,2.40512919426,4.43056342192e-06,1.57861195476e-05,0,0,4.47087622888e-05,0.0166674368083,0,0,0,0,0,5.2028755954e-05,704181.086842
27.6472222222,-0.00102565239649,0.579487860203,2.40512919426,4.43056342192e-06,1.57861195476e-05,0,0,4.47087622888e-05,0.0166674368083,0,0,0,0,0,5.20290941153e-05,704181.086842
27.6583333333,-0.00102565239649,0.579487860203,2.40512919426,4.43056342192e-06,1.57861195476e-05,0,0,4.47087622888e-05,0.0166674368083,0,0,0,0,0,5.20286855983e-05,704181.086842
27.6694444444,-0.00102565239649,0.579487860203,2.40512919426,4.43056342192e-06,1.57861195476e-05,0,0,4.47087622888e-05,0.0166674368083,0,0,0,0,0,5.20286686792e-05,704181.086842
27.6805555556,-0.00102565239649,0.579487860203,2.40512919426,4.43056342192e-06,1.57861195476e-05,0,0,4.47087622888e-05,0.0166674368083,0,0,0,0,0,5.20285896979e-05,704181.086842
27.6916666667,-0.00102565239649,0.579487860203,2.40512919426,4.43056342192e-06,1.57861195476e-05,0,0,4.47087622888e-05,0.0166674368083,0,0,0,0,0,5.20286053742e-05,704181.086842
27.7027777778,-0.00102565239649,0.579487860203,2.40512919426,4.43056342192e-06,1.57861195476e-05,0,0,4.47087622888e-05,0.0166674368083,0,0,0,0,0,5.20286046421e-05,704181.086842
27.7138888889,-0.00102565239649,0.579487860203,2.40512919426,4.43056342192e-06,1.57861195476e-05,0,0,4.47087622888e-05,0.0166674368083,0,0,0,0,0,5.20286108144e-05,704181.086842
27.725,-0.00102565239649,0.579487860203,2.40512919426,4.43056342192e-06,1.57861195476e-05,0,0,4.47087622888e-05,0.0166674368083,0,0,0,0,0,5.2028622665e-05,704181.086842
27.7361111111,-0.00102565239649,0.579487860203,2.40512919426,4.43056342192e-06,1.57861195476e-05,0,0,4.47087622888e-05,0.0166674368083,0,0,0,0,0,5.20288880621e-05,704181.086842
27.7472222222,-0.00102565239649,0.579487860203,2.40512919426,4.43056342192e-06,1.57861195476e-05,0,0,4.47087622888e-05,0.0166674368083,0,0,0,0,0,5.20286180441e-05,704181.086842
27.7583333333,-0.00102565239649,0.579487860203,2.40512919426,4.43056342192e-06,1.57861195476e-05,0,0,4.47087622888e-05,0.0166674368083,0,0,0,0,0,5.20286512013e-05,704181.086842
27.7694444444,-0.00102565239649,0.579487860203,2.40512919426,4.43056342192e-06,1.57861195476e-05,0,0,4.47087622888e-05,0.0166674368083,0,0,0,0,0,5.2028677233e-05,704181.086842
27.7805555556,-0.00102565239649,0.579487860203,2.40512919426,4.43056342192e-06,1.57861195476e-05,0,0,4.47087622888e-05,0.0166674368083,0,0,0,0,0,5.2028633981e-05,704181.086842
27.7916666667,-0.00102565239649,0.579487860203,2.40512919426,4.43056342192e-06,1.57861195476e-05,0,0,4.47087622888e-05,0.0166674368083,0,0,0,0,0,5.20286463124e-05,704181.086842
27.8027777778,-0.00102565239649,0.579487860203,2.40512919426,4.43056342192e-06,1.57861195476e-05,0,0,4.47087622888e-05,0.0166674368083,0,0,0,0,0,5.20286509557e-05,704181.086842
27.8138888889,-0.00102565239649,0.579487860203,2.40512919426,4.43056342192e-06,1.57861195476e-05,0,0,4.47087622888e-05,0.0166674368083,0,0,0,0,0,5.20286488294e-05,704181.086842
27.825,-0.00102565239649,0.579487860203,2.40512919426,4.43056342192e-06,1.57861195476e-05,0,0,4.47087622888e-05,0.0166674368083,0,0,0,0,0,5.20286439693e-05,704181.086842
27.8361111111,-0.00102565239649,0.579487860203,2.40512919426,4.43056342192e-06,1.57861195476e-05,0,0,4.47087622888e-05,0.0166674368083,0,0,0,0,0,5.20286364853e-05,704181.086842
27.8472222222,-0.00102565239649,0.579487860203,2.40512919426,4.43056342192e-06,1.57861195476e-05,0,0,4.47087622888e-05,0.0166674368083,0,0,0,0,0,5.2028646699e-05,704181.086842
27.8583333333,-0.00102565239649,0.579487860203,2.40512919426,4.43056342192e-06,1.57861195476e-05,0,0,4.47087622888e-05,0.0166674368083,0,0,0,0,0,5.20286132559e-05,704181.086842
27.8694444444,-0.00102565239649,0.579487860203,2.40512919426,4.43056342192e-06,1.57861195476e-05,0,0,4.47087622888e-05,0.0166674368083,0,0,0,0,0,5.20286436551e-05,704181.086842
27.8805555556,-0.00102565239649,0.579487860203,2.40512919426,4.43056342192e-06,1.57861195476e-05,0,0,4.47087622888e-05,0.0166674368083,0,0,0,0,0,5.2028614107e-05,704181.086842
27.8916666667,-0.00102565239649,0.579487860203,2.40512919426,4.43056342192e-06,1.57861195476e-05,0,0,4.47087622888e-05,0.0166674368083,0,0,0,0,0,5.20286389231e-05,704181.086842
27.9027777778,-0.00102565239649,0.579487860203,2.40512919426,4.43056342192e-06,1.57861195476e-05,0,0,4.47087622888e-05,0.0166674368083,0,0,0,0,0,5.20286523473e-05,704181.086842
27.9138888889,-0.00102565239649,0.579487860203,2.40512919426,4.43056342192e-06,1.57861195476e-05,0,0,4.47087622888e-05,0.0166674368083,0,0,0,0,0,5.2028643593e-05,704181.086842
27.925,-0.00102565239649,0.579487860203,2.40512919426,4.43056342192e-06,1.57861195476e-05,0,0,4.47087622888e-05,0.0166674368083,0,0,0,0,0,5.20286283783e-05,704181.086842
27.9361111111,-0.00102565239649,0.579487860203,2.40512919426,4.43056342192e-06,1.57861195476e-05,0,0,4.47087622888e-05,0.0166674368083,0,0,0,0,0,5.20286368518e-05,704181.086842
27.9472222222,-0.00102565239649,0.579487860203,2.40512919426,4.43056342192e-06,1.57861195476e-05,0,0,4.47087622888e-05,0.0166674368083,0,0,0,0,0,5.20286523528e-05,704181.086842
27.9583333333,-0.00102565239649,0.579487860203,2.40512919426,4.43056342192e-06,1.57861195476e-05,0,0,4.47087622888e-05,0.0166674368083,0,0,0,0,0,5.20286402725e-05,704181.086842
27.9694444444,-0.00102565239649,0.579487860203,2.40512919426,4.43056342192e-06,1.57861195476e-05,0,0,4.47087622888e-05,0.0166674368083,0,0,0,0,0,5.20286248697e-05,704181.086842
27.9805555556,-0.00102565239649,0.579487860203,2.40512919426,4.43056342192e-06,1.57861195476e-05,0,0,4.47087622888e-05,0.0166674368083,0,0,0,0,0,5.20286230558e-05,704181.086842
27.9916666667,-0.00102565239649,0.579487860203,2.40512919426,4.43056342192e-06,1.57861195476e-05,0,0,4.47087622888e-05,0.0166674368083,0,0,0,0,0,5.20286306159e-05,704181.086842
28.0027777778,-0.00102565239649,0.579487860203,2.40512919426,4.43056342192e-06,1.57861195476e-05,0,0,4.47087622888e-05,0.0166674368083,0,0,0,0,0,5.20286559272e-05,704181.086842
28.0138888889,-0.00102565239649,0.579487860203,2.40512919426,4.43056342192e-06,1.57861195476e-05,0,0,4.47087622888e-05,0.0166674368083,0,0,0,0,0,5.20286209183e-05,704181.086842
28.025,-0.00102565239649,0.579487860203,2.40512919426,4.43056342192e-06,1.57861195476e-05,0,0,4.47087622888e-05,0.0166674368083,0,0,0,0,0,5.20286328317e-05,704181.086842
28.0361111111,-0.00102565239649,0.579487860203,2.40512919426,4.43056342192e-06,1.57861195476e-05,0,0,4.47087622888e-05,0.0166674368083,0,0,0,0,0,5.20286453225e-05,704181.086842
28.0472222222,-0.00102565239649,0.579487860203,2.40512919426,4.43056342192e-06,1.57861195476e-05,0,0,4.47087622888e-05,0.0166674368083,0,0,0,0,0,5.20286237938e-05,704181.086842
28.0583333333,-0.00102565239649,0.579487860203,2.40512919426,4.43056342192e-06,1.57861195476e-05,0,0,4.47087622888e-05,0.0166674368083,0,0,0,0,0,5.20286251628e-05,704181.086842
28.0694444444,-0.00102565239649,0.579487860203,2.40512919426,4.43056342192e-06,1.57861195476e-05,0,0,4.47087622888e-05,0.0166674368083,0,0,0,0,0,5.20286256863e-05,704181.086842
28.0805555556,-0.00102565239649,0.579487860203,2.40512919426,4.43056342192e-06,1.57861195476e-05,0,0,4.47087622888e-05,0.0166674368083,0,0,0,0,0,5.20286248487e-05,704181.086842
28.0916666667,-0.00102565239649,0.579487860203,2.40512919426,4.43056342192e-06,1.57861195476e-05,0,0,4.47087622888e-05,0.0166674368083,0,0,0,0,0,5.20286147509e-05,704181.086842
28.1027777778,-0.00102565239649,0.579487860203,2.40512919426,4.43056342192e-06,1.57861195476e-05,0,0,4.47087622888e-05,0.0166674368083,0,0,0,0,0,5.20286560598e-05,704181.086842
28.1138888889,-0.00102565239649,0.579487860203,2.40512919426,4.43056342192e-06,1.57861195476e-05,0,0,4.47087622888e-05,0.0166674368083,0,0,0,0,0,5.20286323904e-05,704181.086842
28.125,-0.00102565239649,0.579487860203,2.40512919426,4.43056342192e-06,1.57861195476e-05,0,0,4.47087622888e-05,0.0166674368083,0,0,0,0,0,5.2028634227e-05,704181.086842
28.1361111111,-0.00102565239649,0.579487860203,2.40512919426,4.43056342192e-06,1.57861195476e-05,0,0,4.47087622888e-05,0.0166674368083,0,0,0,0,0,5.2028643734e-05,704181.086842
28.1472222222,-0.00102565239649,0.579487860203,2.40512919426,4.43056342192e-06,1.57861195476e-05,0,0,4.47087622888e-05,0.0166674368083,0,0,0,0,0,5.20286408064e-05,704181.086842
28.1583333333,-0.00102565239649,0.579487860203,2.40512919426,4.43056342192e-06,1.57861195476e-05,0,0,4.47087622888e-05,0.0166674368083,0,0,0,0,0,5.20286229387e-05,704181.086842
28.1694444444,-0.00102565239649,0.579487860203,2.40512919426,4.43056342192e-06,1.57861195476e-05,0,0,4.47087622888e-05,0.0166674368083,0,0,0,0,0,5.20286412706e-05,704181.086842
28.1805555556,-0.00102565239649,0.579487860203,2.40512919426,4.43056342192e-06,1.57861195476e-05,0,0,4.47087622888e-05,0.0166674368083,0,0,0,0,0,5.20286569331e-05,704181.086842
28.1916666667,-0.00102565239649,0.579487860203,2.40512919426,4.43056342192e-06,1.57861195476e-05,0,0,4.47087622888e-05,0.0166674368083,0,0,0,0,0,5.20286629902e-05,704181.086842
28.2027777778,-0.00102565239649,0.579487860203,2.40512919426,4.43056342192e-06,1.57861195476e-05,0,0,4.47087622888e-05,0.0166674368083,0,0,0,0,0,5.2028653594e-05,704181.086842
28.2138888889,-0.00102565239649,0.579487860203,2.40512919426,4.43056342192e-06,1.57861195476e-05,0,0,4.47087622888e-05,0.0166674368083,0,0,0,0,0,5.20286604697e-05,704181.086842
28.225,-0.00102565239649,0.579487860203,2.40512919426,4.43056342192e-06,1.57861195476e-05,0,0,4.47087622888e-05,0.0166674368083,0,0,0,0,0,5.20286446663e-05,704181.086842
28.2361111111,-0.00102565239649,0.579487860203,2.40512919426,4.43056342192e-06,1.57861195476e-05,0,0,4.47087622888e-05,0.0166674368083,0,0,0,0,0,5.20286295852e-05,704181.086842
28.2472222222,-0.00102565239649,0.579487860203,2.40512919426,4.43056342192e-06,1.57861195476e-05,0,0,4.47087622888e-05,0.0166674368083,0,0,0,0,0,5.20286623809e-05,704181.086842
28.2583333333,-0.00102565239649,0.579487860203,2.40512919426,4.43056342192e-06,1.57861195476e-05,0,0,4.47087622888e-05,0.0166674368083,0,0,0,0,0,5.20286406321e-05,704181.086842
28.2694444444,-0.00102565239649,0.579487860203,2.40512919426,4.43056342192e-06,1.57861195476e-05,0,0,4.47087622888e-05,0.0166674368083,0,0,0,0,0,5.20286700529e-05,704181.086842
28.2805555556,-0.00102565239649,0.579487860203,2.40512919426,4.43056342192e-06,1.57861195476e-05,0,0,4.47087622888e-05,0.0166674368083,0,0,0,0,0,5.20286498637e-05,704181.086842
28.2916666667,-0.00102565239649,0.579487860203,2.40512919426,4.43056342192e-06,1.57861195476e-05,0,0,4.47087622888e-05,0.0166674368083,0,0,0,0,0,5.20286546159e-05,704181.086842
28.3027777778,-0.00102565239649,0.579487860203,2.40512919426,4.43056342192e-06,1.57861195476e-05,0,0,4.47087622888e-05,0.0166674368083,0,0,0,0,0,5.20286212769e-05,704181.086842
28.3138888889,-0.00102565239649,0.579487860203,2.40512919426,4.43056342192e-06,1.57861195476e-05,0,0,4.47087622888e-05,0.0166674368083,0,0,0,0,0,5.20286296729e-05,704181.086842
28.325,-0.00102565239649,0.579487860203,2.40512919426,4.43056342192e-06,1.57861195476e-05,0,0,4.47087622888e-05,0.0166674368083,0,0,0,0,0,5.20286445161e-05,704181.086842
28.3361111111,-0.00102565239649,0.579487860203,2.40512919426,4.43056342192e-06,1.57861195476e-05,0,0,4.47087622888e-05,0.0166674368083,0,0,0,0,0,5.20286227939e-05,704181.086842
28.3472222222,-0.00102565239649,0.579487860203,2.40512919426,4.43056342192e-06,1.57861195476e-05,0,0,4.47087622888e-05,0.0166674368083,0,0,0,0,0,5.20286492875e-05,704181.086842
28.3583333333,-0.00102565239649,0.579487860203,2.40512919426,4.43056342192e-06,1.57861195476e-05,0,0,4.47087622888e-05,0.0166674368083,0,0,0,0,0,5.20286094172e-05,704181.086842
28.3694444444,-0.00102565239649,0.579487860203,2.40512919426,4.43056342192e-06,1.57861195476e-05,0,0,4.47087622888e-05,0.0166674368083,0,0,0,0,0,5.2028640607e-05,704181.086842
28.3805555556,-0.00102565239649,0.579487860203,2.40512919426,4.43056342192e-06,1.57861195476e-05,0,0,4.47087622888e-05,0.0166674368083,0,0,0,0,0,5.20286320956e-05,704181.086842
28.3916666667,-0.00102565239649,0.579487860203,2.40512919426,4.43056342192e-06,1.57861195476e-05,0,0,4.47087622888e-05,0.0166674368083,0,0,0,0,0,5.20286584608e-05,704181.086842
28.4027777778,-0.00102565239649,0.579487860203,2.40512919426,4.43056342192e-06,1.57861195476e-05,0,0,4.47087622888e-05,0.0166674368083,0,0,0,0,0,5.20286197803e-05,704181.086842
28.4138888889,-0.00102565239649,0.579487860203,2.40512919426,4.43056342192e-06,1.57861195476e-05,0,0,4.47087622888e-05,0.0166674368083,0,0,0,0,0,5.20286205829e-05,704181.086842
28.425,-0.00102565239649,0.579487860203,2.40512919426,4.43056342192e-06,1.57861195476e-05,0,0,4.47087622888e-05,0.0166674368083,0,0,0,0,0,5.20286504809e-05,704181.086842
28.4361111111,-0.00102565239649,0.579487860203,2.40512919426,4.43056342192e-06,1.57861195476e-05,0,0,4.47087622888e-05,0.0166674368083,0,0,0,0,0,5.20286487193e-05,704181.086842
28.4472222222,-0.00102565239649,0.579487860203,2.40512919426,4.43056342192e-06,1.57861195476e-05,0,0,4.47087622888e-05,0.0166674368083,0,0,0,0,0,5.20286444643e-05,704181.086842
28.4583333333,-0.00102565239649,0.579487860203,2.40512919426,4.43056342192e-06,1.57861195476e-05,0,0,4.47087622888e-05,0.0166674368083,0,0,0,0,0,5.20286374176e-05,704181.086842
28.4694444444,-0.00102565239649,0.579487860203,2.40512919426,4.43056342192e-06,1.57861195476e-05,0,0,4.47087622888e-05,0.0166674368083,0,0,0,0,0,5.2028633326e-05,704181.086842
28.4805555556,-0.00102565239649,0.579487860203,2.40512919426,4.43056342192e-06,1.57861195476e-05,0,0,4.47087622888e-05,0.0166674368083,0,0,0,0,0,5.20286353917e-05,704181.086842
28.4916666667,-0.00102565239649,0.579487860203,2.40512919426,4.43056342192e-06,1.57861195476e-05,0,0,4.47087622888e-05,0.0166674368083,0,0,0,0,0,5.20286342243e-05,704181.086842
28.5027777778,-0.00102565239649,0.579487860203,2.40512919426,4.43056342192e-06,1.57861195476e-05,0,0,4.47087622888e-05,0.0166674368083,0,0,0,0,0,5.20286462314e-05,704181.086842
28.5138888889,-0.00102565239649,0.579487860203,2.40512919426,4.43056342192e-06,1.57861195476e-05,0,0,4.47087622888e-05,0.0166674368083,0,0,0,0,0,5.20286240194e-05,704181.086842
28.525,-0.00102565239649,0.579487860203,2.40512919426,4.43056342192e-06,1.57861195476e-05,0,0,4.47087622888e-05,0.0166674368083,0,0,0,0,0,5.20286542587e-05,704181.086842
28.5361111111,-0.00102565239649,0.579487860203,2.40512919426,4.43056342192e-06,1.57861195476e-05,0,0,4.47087622888e-05,0.0166674368083,0,0,0,0,0,5.2028625572e-05,704181.086842
28.5472222222,-0.00102565239649,0.579487860203,2.40512919426,4.43056342192e-06,1.57861195476e-05,0,0,4.47087622888e-05,0.0166674368083,0,0,0,0,0,5.20286366185e-05,704181.086842
28.5583333333,-0.00102565239649,0.579487860203,2.40512919426,4.43056342192e-06,1.57861195476e-05,0,0,4.47087622888e-05,0.0166674368083,0,0,0,0,0,5.202862589e-05,704181.086842
28.5694444444,-0.00102565239649,0.579487860203,2.40512919426,4.43056342192e-06,1.57861195476e-05,0,0,4.47087622888e-05,0.0166674368083,0,0,0,0,0,5.20286408372e-05,704181.086842
28.5805555556,-0.00102565239649,0.579487860203,2.40512919426,4.43056342192e-06,1.57861195476e-05,0,0,4.47087622888e-05,0.0166674368083,0,0,0,0,0,5.20286399295e-05,704181.086842
28.5916666667,-0.00102565239649,0.579487860203,2.40512919426,4.43056342192e-06,1.57861195476e-05,0,0,4.47087622888e-05,0.0166674368083,0,0,0,0,0,5.2028654771e-05,704181.086842
28.6027777778,-0.00102565239649,0.579487860203,2.40512919426,4.43056342192e-06,1.57861195476e-05,0,0,4.47087622888e-05,0.0166674368083,0,0,0,0,0,5.20286110712e-05,704181.086842
28.6138888889,-0.00102565239649,0.579487860203,2.40512919426,4.43056342192e-06,1.57861195476e-05,0,0,4.47087622888e-05,0.0166674368083,0,0,0,0,0,5.20286266756e-05,704181.086842
28.625,-0.00102565239649,0.579487860203,2.40512919426,4.43056342192e-06,1.57861195476e-05,0,0,4.47087622888e-05,0.0166674368083,0,0,0,0,0,5.2028630419e-05,704181.086842
28.6361111111,-0.00102565239649,0.579487860203,2.40512919426,4.43056342192e-06,1.57861195476e-05,0,0,4.47087622888e-05,0.0166674368083,0,0,0,0,0,5.20286564788e-05,704181.086842
28.6472222222,-0.00102565239649,0.579487860203,2.40512919426,4.43056342192e-06,1.57861195476e-05,0,0,4.47087622888e-05,0.0166674368083,0,0,0,0,0,5.20286467584e-05,704181.086842
28.6583333333,-0.00102565239649,0.579487860203,2.40512919426,4.43056342192e-06,1.57861195476e-05,0,0,4.47087622888e-05,0.0166674368083,0,0,0,0,0,5.20286518015e-05,704181.086842
28.6694444444,-0.00102565239649,0.579487860203,2.40512919426,4.43056342192e-06,1.57861195476e-05,0,0,4.47087622888e-05,0.0166674368083,0,0,0,0,0,5.20286391429e-05,704181.086842
28.6805555556,-0.00102565239649,0.579487860203,2.40512919426,4.43056342192e-06,1.57861195476e-05,0,0,4.47087622888e-05,0.0166674368083,0,0,0,0,0,5.20286477534e-05,704181.086842
28.6916666667,-0.00102565239649,0.579487860203,2.40512919426,4.43056342192e-06,1.57861195476e-05,0,0,4.47087622888e-05,0.0166674368083,0,0,0,0,0,5.20286394652e-05,704181.086842
28.7027777778,-0.00102565239649,0.579487860203,2.40512919426,4.43056342192e-06,1.57861195476e-05,0,0,4.47087622888e-05,0.0166674368083,0,0,0,0,0,5.2028644066e-05,704181.086842
28.7138888889,-0.00102565239649,0.579487860203,2.40512919426,4.43056342192e-06,1.57861195476e-05,0,0,4.47087622888e-05,0.0166674368083,0,0,0,0,0,5.2028656525e-05,704181.086842
28.725,-0.00102565239649,0.579487860203,2.40512919426,4.43056342192e-06,1.57861195476e-05,0,0,4.47087622888e-05,0.0166674368083,0,0,0,0,0,5.20286318059e-05,704181.086842
28.7361111111,-0.00102565239649,0.579487860203,2.40512919426,4.43056342192e-06,1.57861195476e-05,0,0,4.47087622888e-05,0.0166674368083,0,0,0,0,0,5.20286407221e-05,704181.086842
28.7472222222,-0.00102565239649,0.579487860203,2.40512919426,4.43056342192e-06,1.57861195476e-05,0,0,4.47087622888e-05,0.0166674368083,0,0,0,0,0,5.20286407114e-05,704181.086842
28.7583333333,-0.00102565239649,0.579487860203,2.40512919426,4.43056342192e-06,1.57861195476e-05,0,0,4.47087622888e-05,0.0166674368083,0,0,0,0,0,5.20286485052e-05,704181.086842
28.7694444444,-0.00102565239649,0.579487860203,2.40512919426,4.43056342192e-06,1.57861195476e-05,0,0,4.47087622888e-05,0.0166674368083,0,0,0,0,0,5.2028641132e-05,704181.086842
28.7805555556,-0.00102565239649,0.579487860203,2.40512919426,4.43056342192e-06,1.57861195476e-05,0,0,4.47087622888e-05,0.0166674368083,0,0,0,0,0,5.20286363456e-05,704181.086842
28.7916666667,-0.00102565239649,0.579487860203,2.40512919426,4.43056342192e-06,1.57861195476e-05,0,0,4.47087622888e-05,0.0166674368083,0,0,0,0,0,5.2028624639e-05,704181.086842
28.8027777778,-0.00102565239649,0.579487860203,2.40512919426,4.43056342192e-06,1.57861195476e-05,0,0,4.47087622888e-05,0.0166674368083,0,0,0,0,0,5.20286539505e-05,704181.086842
28.8138888889,-0.00102565239649,0.579487860203,2.40512919426,4.43056342192e-06,1.57861195476e-05,0,0,4.47087622888e-05,0.0166674368083,0,0,0,0,0,5.20286451807e-05,704181.086842
28.825,-0.00102565239649,0.579487860203,2.40512919426,4.43056342192e-06,1.57861195476e-05,0,0,4.47087622888e-05,0.0166674368083,0,0,0,0,0,5.20286399034e-05,704181.086842
28.8361111111,-0.00102565239649,0.579487860203,2.40512919426,4.43056342192e-06,1.57861195476e-05,0,0,4.47087622888e-05,0.0166674368083,0,0,0,0,0,5.2028644596e-05,704181.086842
28.8472222222,-0.00102565239649,0.579487860203,2.40512919426,4.43056342192e-06,1.57861195476e-05,0,0,4.47087622888e-05,0.0166674368083,0,0,0,0,0,5.20286437362e-05,704181.086842
28.8583333333,-0.00102565239649,0.579487860203,2.40512919426,4.43056342192e-06,1.57861195476e-05,0,0,4.47087622888e-05,0.0166674368083,0,0,0,0,0,5.20286377206e-05,704181.086842
28.8694444444,-0.00102565239649,0.579487860203,2.40512919426,4.43056342192e-06,1.57861195476e-05,0,0,4.47087622888e-05,0.0166674368083,0,0,0,0,0,5.20286396003e-05,704181.086842
28.8805555556,-0.00102565239649,0.579487860203,2.40512919426,4.43056342192e-06,1.57861195476e-05,0,0,4.47087622888e-05,0.0166674368083,0,0,0,0,0,5.20286348364e-05,704181.086842
28.8916666667,-0.00102565239649,0.579487860203,2.40512919426,4.43056342192e-06,1.57861195476e-05,0,0,4.47087622888e-05,0.0166674368083,0,0,0,0,0,5.20286389299e-05,704181.086842
28.9027777778,-0.00102565239649,0.579487860203,2.40512919426,4.43056342192e-06,1.57861195476e-05,0,0,4.47087622888e-05,0.0166674368083,0,0,0,0,0,5.20286442182e-05,704181.086842
28.9138888889,-0.00102565239649,0.579487860203,2.40512919426,4.43056342192e-06,1.57861195476e-05,0,0,4.47087622888e-05,0.0166674368083,0,0,0,0,0,5.2028674033e-05,704181.086842
28.925,-0.00102565239649,0.579487860203,2.40512919426,4.43056342192e-06,1.57861195476e-05,0,0,4.47087622888e-05,0.0166674368083,0,0,0,0,0,5.20286399566e-05,704181.086842
28.9361111111,-0.00102565239649,0.579487860203,2.40512919426,4.43056342192e-06,1.57861195476e-05,0,0,4.47087622888e-05,0.0166674368083,0,0,0,0,0,5.20286254907e-05,704181.086842
28.9472222222,-0.00102565239649,0.579487860203,2.40512919426,4.43056342192e-06,1.57861195476e-05,0,0,4.47087622888e-05,0.0166674368083,0,0,0,0,0,5.20286484906e-05,704181.086842
28.9583333333,-0.00102565239649,0.579487860203,2.40512919426,4.43056342192e-06,1.57861195476e-05,0,0,4.47087622888e-05,0.0166674368083,0,0,0,0,0,5.20286544536e-05,704181.086842
28.9694444444,-0.00102565239649,0.579487860203,2.40512919426,4.43056342192e-06,1.57861195476e-05,0,0,4.47087622888e-05,0.0166674368083,0,0,0,0,0,5.20286617271e-05,704181.086842
28.9805555556,-0.00102565239649,0.579487860203,2.40512919426,4.43056342192e-06,1.57861195476e-05,0,0,4.47087622888e-05,0.0166674368083,0,0,0,0,0,5.20286533096e-05,704181.086842
28.9916666667,-0.00102565239649,0.579487860203,2.40512919426,4.43056342192e-06,1.57861195476e-05,0,0,4.47087622888e-05,0.0166674368083,0,0,0,0,0,5.20286514159e-05,704181.086842
29.0027777778,-0.00102565239649,0.579487860203,2.40512919426,4.43056342192e-06,1.57861195476e-05,0,0,4.47087622888e-05,0.0166674368083,0,0,0,0,0,5.2028625353e-05,704181.086842
29.0138888889,-0.00102565239649,0.579487860203,2.40512919426,4.43056342192e-06,1.57861195476e-05,0,0,4.47087622888e-05,0.0166674368083,0,0,0,0,0,5.20286515818e-05,704181.086842
29.025,-0.00102565239649,0.579487860203,2.40512919426,4.43056342192e-06,1.57861195476e-05,0,0,4.47087622888e-05,0.0166674368083,0,0,0,0,0,5.20286453225e-05,704181.086842
29.0361111111,-0.00102565239649,0.579487860203,2.40512919426,4.43056342192e-06,1.57861195476e-05,0,0,4.47087622888e-05,0.0166674368083,0,0,0,0,0,5.20286400254e-05,704181.086842
29.0472222222,-0.00102565239649,0.579487860203,2.40512919426,4.43056342192e-06,1.57861195476e-05,0,0,4.47087622888e-05,0.0166674368083,0,0,0,0,0,5.20286441816e-05,704181.086842
29.0583333333,-0.00102565239649,0.579487860203,2.40512919426,4.43056342192e-06,1.57861195476e-05,0,0,4.47087622888e-05,0.0166674368083,0,0,0,0,0,5.20286452829e-05,704181.086842
29.0694444444,-0.00102565239649,0.579487860203,2.40512919426,4.43056342192e-06,1.57861195476e-05,0,0,4.47087622888e-05,0.0166674368083,0,0,0,0,0,5.20286055408e-05,704181.086842
29.0805555556,-0.00102565239649,0.579487860203,2.40512919426,4.43056342192e-06,1.57861195476e-05,0,0,4.47087622888e-05,0.0166674368083,0,0,0,0,0,5.20286414718e-05,704181.086842
29.0916666667,-0.00102565239649,0.579487860203,2.40512919426,4.43056342192e-06,1.57861195476e-05,0,0,4.47087622888e-05,0.0166674368083,0,0,0,0,0,5.20286213121e-05,704181.086842
29.1027777778,-0.00102565239649,0.579487860203,2.40512919426,4.43056342192e-06,1.57861195476e-05,0,0,4.47087622888e-05,0.0166674368083,0,0,0,0,0,5.20286387406e-05,704181.086842
29.1138888889,-0.00102565239649,0.579487860203,2.40512919426,4.43056342192e-06,1.57861195476e-05,0,0,4.47087622888e-05,0.0166674368083,0,0,0,0,0,5.20286436986e-05,704181.086842
29.125,-0.00102565239649,0.579487860203,2.40512919426,4.43056342192e-06,1.57861195476e-05,0,0,4.47087622888e-05,0.0166674368083,0,0,0,0,0,5.20286406787e-05,704181.086842
29.1361111111,-0.00102565239649,0.579487860203,2.40512919426,4.43056342192e-06,1.57861195476e-05,0,0,4.47087622888e-05,0.0166674368083,0,0,0,0,0,5.20286410811e-05,704181.086842
29.1472222222,-0.00102565239649,0.579487860203,2.40512919426,4.43056342192e-06,1.57861195476e-05,0,0,4.47087622888e-05,0.0166674368083,0,0,0,0,0,5.20286476985e-05,704181.086842
29.1583333333,-0.00102565239649,0.579487860203,2.40512919426,4.43056342192e-06,1.57861195476e-05,0,0,4.47087622888e-05,0.0166674368083,0,0,0,0,0,5.20286500748e-05,704181.086842
29.1694444444,-0.00102565239649,0.579487860203,2.40512919426,4.43056342192e-06,1.57861195476e-05,0,0,4.47087622888e-05,0.0166674368083,0,0,0,0,0,5.20286384718e-05,704181.086842
29.1805555556,-0.00102565239649,0.579487860203,2.40512919426,4.43056342192e-06,1.57861195476e-05,0,0,4.47087622888e-05,0.0166674368083,0,0,0,0,0,5.20286219213e-05,704181.086842
29.1916666667,-0.00102565239649,0.579487860203,2.40512919426,4.43056342192e-06,1.57861195476e-05,0,0,4.47087622888e-05,0.0166674368083,0,0,0,0,0,5.20286302616e-05,704181.086842
29.2027777778,-0.00102565239649,0.579487860203,2.40512919426,4.43056342192e-06,1.57861195476e-05,0,0,4.47087622888e-05,0.0166674368083,0,0,0,0,0,5.20286365882e-05,704181.086842
29.2138888889,-0.00102565239649,0.579487860203,2.40512919426,4.43056342192e-06,1.57861195476e-05,0,0,4.47087622888e-05,0.0166674368083,0,0,0,0,0,5.20286339739e-05,704181.086842
29.225,-0.00102565239649,0.579487860203,2.40512919426,4.43056342192e-06,1.57861195476e-05,0,0,4.47087622888e-05,0.0166674368083,0,0,0,0,0,5.20286346871e-05,704181.086842
29.2361111111,-0.00102565239649,0.579487860203,2.40512919426,4.43056342192e-06,1.57861195476e-05,0,0,4.47087622888e-05,0.0166674368083,0,0,0,0,0,5.20286304476e-05,704181.086842
29.2472222222,-0.00102565239649,0.579487860203,2.40512919426,4.43056342192e-06,1.57861195476e-05,0,0,4.47087622888e-05,0.0166674368083,0,0,0,0,0,5.20286448435e-05,704181.086842
29.2583333333,-0.00102565239649,0.579487860203,2.40512919426,4.43056342192e-06,1.57861195476e-05,0,0,4.47087622888e-05,0.0166674368083,0,0,0,0,0,5.20286233401e-05,704181.086842
29.2694444444,-0.00102565239649,0.579487860203,2.40512919426,4.43056342192e-06,1.57861195476e-05,0,0,4.47087622888e-05,0.0166674368083,0,0,0,0,0,5.20286250917e-05,704181.086842
29.2805555556,-0.00102565239649,0.579487860203,2.40512919426,4.43056342192e-06,1.57861195476e-05,0,0,4.47087622888e-05,0.0166674368083,0,0,0,0,0,5.20286481685e-05,704181.086842
29.2916666667,-0.00102565239649,0.579487860203,2.40512919426,4.43056342192e-06,1.57861195476e-05,0,0,4.47087622888e-05,0.0166674368083,0,0,0,0,0,5.20286419699e-05,704181.086842
29.3027777778,-0.00102565239649,0.579487860203,2.40512919426,4.43056342192e-06,1.57861195476e-05,0,0,4.47087622888e-05,0.0166674368083,0,0,0,0,0,5.20286357265e-05,704181.086842
29.3138888889,-0.00102565239649,0.579487860203,2.40512919426,4.43056342192e-06,1.57861195476e-05,0,0,4.47087622888e-05,0.0166674368083,0,0,0,0,0,5.20286402498e-05,704181.086842
29.325,-0.00102565239649,0.579487860203,2.40512919426,4.43056342192e-06,1.57861195476e-05,0,0,4.47087622888e-05,0.0166674368083,0,0,0,0,0,5.20286359532e-05,704181.086842
29.3361111111,-0.00102565239649,0.579487860203,2.40512919426,4.43056342192e-06,1.57861195476e-05,0,0,4.47087622888e-05,0.0166674368083,0,0,0,0,0,5.20286441727e-05,704181.086842
29.3472222222,-0.00102565239649,0.579487860203,2.40512919426,4.43056342192e-06,1.57861195476e-05,0,0,4.47087622888e-05,0.0166674368083,0,0,0,0,0,5.20286335309e-05,704181.086842
29.3583333333,-0.00102565239649,0.579487860203,2.40512919426,4.43056342192e-06,1.57861195476e-05,0,0,4.47087622888e-05,0.0166674368083,0,0,0,0,0,5.20286406146e-05,704181.086842
29.3694444444,-0.00102565239649,0.579487860203,2.40512919426,4.43056342192e-06,1.57861195476e-05,0,0,4.47087622888e-05,0.0166674368083,0,0,0,0,0,5.20286404191e-05,704181.086842
29.3805555556,-0.00102565239649,0.579487860203,2.40512919426,4.43056342192e-06,1.57861195476e-05,0,0,4.47087622888e-05,0.0166674368083,0,0,0,0,0,5.20286540765e-05,704181.086842
29.3916666667,-0.00102565239649,0.579487860203,2.40512919426,4.43056342192e-06,1.57861195476e-05,0,0,4.47087622888e-05,0.0166674368083,0,0,0,0,0,5.20286489594e-05,704181.086842
29.4027777778,-0.00102565239649,0.579487860203,2.40512919426,4.43056342192e-06,1.57861195476e-05,0,0,4.47087622888e-05,0.0166674368083,0,0,0,0,0,5.20285903189e-05,704181.086842
29.4138888889,-0.00102565239649,0.579487860203,2.40512919426,4.43056342192e-06,1.57861195476e-05,0,0,4.47087622888e-05,0.0166674368083,0,0,0,0,0,5.20286421538e-05,704181.086842
29.425,-0.00102565239649,0.579487860203,2.40512919426,4.43056342192e-06,1.57861195476e-05,0,0,4.47087622888e-05,0.0166674368083,0,0,0,0,0,5.20286597775e-05,704181.086842
29.4361111111,-0.00102565239649,0.579487860203,2.40512919426,4.43056342192e-06,1.57861195476e-05,0,0,4.47087622888e-05,0.0166674368083,0,0,0,0,0,5.20286340722e-05,704181.086842
29.4472222222,-0.00102565239649,0.579487860203,2.40512919426,4.43056342192e-06,1.57861195476e-05,0,0,4.47087622888e-05,0.0166674368083,0,0,0,0,0,5.20286178721e-05,704181.086842
29.4583333333,-0.00102565239649,0.579487860203,2.40512919426,4.43056342192e-06,1.57861195476e-05,0,0,4.47087622888e-05,0.0166674368083,0,0,0,0,0,5.20286394891e-05,704181.086842
29.4694444444,-0.00102565239649,0.579487860203,2.40512919426,4.43056342192e-06,1.57861195476e-05,0,0,4.47087622888e-05,0.0166674368083,0,0,0,0,0,5.20286442485e-05,704181.086842
29.4805555556,-0.00102565239649,0.579487860203,2.40512919426,4.43056342192e-06,1.57861195476e-05,0,0,4.47087622888e-05,0.0166674368083,0,0,0,0,0,5.20286562393e-05,704181.086842
29.4916666667,-0.00102565239649,0.579487860203,2.40512919426,4.43056342192e-06,1.57861195476e-05,0,0,4.47087622888e-05,0.0166674368083,0,0,0,0,0,5.20286333784e-05,704181.086842
29.5027777778,-0.00102565239649,0.579487860203,2.40512919426,4.43056342192e-06,1.57861195476e-05,0,0,4.47087622888e-05,0.0166674368083,0,0,0,0,0,5.20286300797e-05,704181.086842
29.5138888889,-0.00102565239649,0.579487860203,2.40512919426,4.43056342192e-06,1.57861195476e-05,0,0,4.47087622888e-05,0.0166674368083,0,0,0,0,0,5.20286432546e-05,704181.086842
29.525,-0.00102565239649,0.579487860203,2.40512919426,4.43056342192e-06,1.57861195476e-05,0,0,4.47087622888e-05,0.0166674368083,0,0,0,0,0,5.20286284676e-05,704181.086842
29.5361111111,-0.00102565239649,0.579487860203,2.40512919426,4.43056342192e-06,1.57861195476e-05,0,0,4.47087622888e-05,0.0166674368083,0,0,0,0,0,5.20286493755e-05,704181.086842
29.5472222222,-0.00102565239649,0.579487860203,2.40512919426,4.43056342192e-06,1.57861195476e-05,0,0,4.47087622888e-05,0.0166674368083,0,0,0,0,0,5.20286465059e-05,704181.086842
29.5583333333,-0.00102565239649,0.579487860203,2.40512919426,4.43056342192e-06,1.57861195476e-05,0,0,4.47087622888e-05,0.0166674368083,0,0,0,0,0,5.20286373686e-05,704181.086842
29.5694444444,-0.00102565239649,0.579487860203,2.40512919426,4.43056342192e-06,1.57861195476e-05,0,0,4.47087622888e-05,0.0166674368083,0,0,0,0,0,5.20286618498e-05,704181.086842
29.5805555556,-0.00102565239649,0.579487860203,2.40512919426,4.43056342192e-06,1.57861195476e-05,0,0,4.47087622888e-05,0.0166674368083,0,0,0,0,0,5.20286365533e-05,704181.086842
29.5916666667,-0.00102565239649,0.579487860203,2.40512919426,4.43056342192e-06,1.57861195476e-05,0,0,4.47087622888e-05,0.0166674368083,0,0,0,0,0,5.20286191122e-05,704181.086842
29.6027777778,-0.00102565239649,0.579487860203,2.40512919426,4.43056342192e-06,1.57861195476e-05,0,0,4.47087622888e-05,0.0166674368083,0,0,0,0,0,5.20286459105e-05,704181.086842
29.6138888889,-0.00102565239649,0.579487860203,2.40512919426,4.43056342192e-06,1.57861195476e-05,0,0,4.47087622888e-05,0.0166674368083,0,0,0,0,0,5.20286111133e-05,704181.086842
29.625,-0.00102565239649,0.579487860203,2.40512919426,4.43056342192e-06,1.57861195476e-05,0,0,4.47087622888e-05,0.0166674368083,0,0,0,0,0,5.2028637388e-05,704181.086842
29.6361111111,-0.00102565239649,0.579487860203,2.40512919426,4.43056342192e-06,1.57861195476e-05,0,0,4.47087622888e-05,0.0166674368083,0,0,0,0,0,5.20286486092e-05,704181.086842
29.6472222222,-0.00102565239649,0.579487860203,2.40512919426,4.43056342192e-06,1.57861195476e-05,0,0,4.47087622888e-05,0.0166674368083,0,0,0,0,0,5.20286258797e-05,704181.086842
29.6583333333,-0.00102565239649,0.579487860203,2.40512919426,4.43056342192e-06,1.57861195476e-05,0,0,4.47087622888e-05,0.0166674368083,0,0,0,0,0,5.20286453242e-05,704181.086842
29.6694444444,-0.00102565239649,0.579487860203,2.40512919426,4.43056342192e-06,1.57861195476e-05,0,0,4.47087622888e-05,0.0166674368083,0,0,0,0,0,5.20286273486e-05,704181.086842
29.6805555556,-0.00102565239649,0.579487860203,2.40512919426,4.43056342192e-06,1.57861195476e-05,0,0,4.47087622888e-05,0.0166674368083,0,0,0,0,0,5.20286402554e-05,704181.086842
29.6916666667,-0.00102565239649,0.579487860203,2.40512919426,4.43056342192e-06,1.57861195476e-05,0,0,4.47087622888e-05,0.0166674368083,0,0,0,0,0,5.20286404927e-05,704181.086842
29.7027777778,-0.00102565239649,0.579487860203,2.40512919426,4.43056342192e-06,1.57861195476e-05,0,0,4.47087622888e-05,0.0166674368083,0,0,0,0,0,5.20286480508e-05,704181.086842
29.7138888889,-0.00102565239649,0.579487860203,2.40512919426,4.43056342192e-06,1.57861195476e-05,0,0,4.47087622888e-05,0.0166674368083,0,0,0,0,0,5.20286503071e-05,704181.086842
29.725,-0.00102565239649,0.579487860203,2.40512919426,4.43056342192e-06,1.57861195476e-05,0,0,4.47087622888e-05,0.0166674368083,0,0,0,0,0,5.20286449979e-05,704181.086842
29.7361111111,-0.00102565239649,0.579487860203,2.40512919426,4.43056342192e-06,1.57861195476e-05,0,0,4.47087622888e-05,0.0166674368083,0,0,0,0,0,5.20286323186e-05,704181.086842
29.7472222222,-0.00102565239649,0.579487860203,2.40512919426,4.43056342192e-06,1.57861195476e-05,0,0,4.47087622888e-05,0.0166674368083,0,0,0,0,0,5.20286373929e-05,704181.086842
29.7583333333,-0.00102565239649,0.579487860203,2.40512919426,4.43056342192e-06,1.57861195476e-05,0,0,4.47087622888e-05,0.0166674368083,0,0,0,0,0,5.20286372985e-05,704181.086842
29.7694444444,-0.00102565239649,0.579487860203,2.40512919426,4.43056342192e-06,1.57861195476e-05,0,0,4.47087622888e-05,0.0166674368083,0,0,0,0,0,5.20286627153e-05,704181.086842
29.7805555556,-0.00102565239649,0.579487860203,2.40512919426,4.43056342192e-06,1.57861195476e-05,0,0,4.47087622888e-05,0.0166674368083,0,0,0,0,0,5.20286472412e-05,704181.086842
29.7916666667,-0.00102565239649,0.579487860203,2.40512919426,4.43056342192e-06,1.57861195476e-05,0,0,4.47087622888e-05,0.0166674368083,0,0,0,0,0,5.20286531404e-05,704181.086842
29.8027777778,-0.00102565239649,0.579487860203,2.40512919426,4.43056342192e-06,1.57861195476e-05,0,0,4.47087622888e-05,0.0166674368083,0,0,0,0,0,5.20286309091e-05,704181.086842
29.8138888889,-0.00102565239649,0.579487860203,2.40512919426,4.43056342192e-06,1.57861195476e-05,0,0,4.47087622888e-05,0.0166674368083,0,0,0,0,0,5.20286356014e-05,704181.086842
29.825,-0.00102565239649,0.579487860203,2.40512919426,4.43056342192e-06,1.57861195476e-05,0,0,4.47087622888e-05,0.0166674368083,0,0,0,0,0,5.20286500364e-05,704181.086842
29.8361111111,-0.00102565239649,0.579487860203,2.40512919426,4.43056342192e-06,1.57861195476e-05,0,0,4.47087622888e-05,0.0166674368083,0,0,0,0,0,5.20286391637e-05,704181.086842
29.8472222222,-0.00102565239649,0.579487860203,2.40512919426,4.43056342192e-06,1.57861195476e-05,0,0,4.47087622888e-05,0.0166674368083,0,0,0,0,0,5.20286363861e-05,704181.086842
29.8583333333,-0.00102565239649,0.579487860203,2.40512919426,4.43056342192e-06,1.57861195476e-05,0,0,4.47087622888e-05,0.0166674368083,0,0,0,0,0,5.20286398048e-05,704181.086842
29.8694444444,-0.00102565239649,0.579487860203,2.40512919426,4.43056342192e-06,1.57861195476e-05,0,0,4.47087622888e-05,0.0166674368083,0,0,0,0,0,5.20286272491e-05,704181.086842
29.8805555556,-0.00102565239649,0.579487860203,2.40512919426,4.43056342192e-06,1.57861195476e-05,0,0,4.47087622888e-05,0.0166674368083,0,0,0,0,0,5.20286220009e-05,704181.086842
29.8916666667,-0.00102565239649,0.579487860203,2.40512919426,4.43056342192e-06,1.57861195476e-05,0,0,4.47087622888e-05,0.0166674368083,0,0,0,0,0,5.20286359175e-05,704181.086842
29.9027777778,-0.00102565239649,0.579487860203,2.40512919426,4.43056342192e-06,1.57861195476e-05,0,0,4.47087622888e-05,0.0166674368083,0,0,0,0,0,5.20286624608e-05,704181.086842
29.9138888889,-0.00102565239649,0.579487860203,2.40512919426,4.43056342192e-06,1.57861195476e-05,0,0,4.47087622888e-05,0.0166674368083,0,0,0,0,0,5.20286306419e-05,704181.086842
29.925,-0.00102565239649,0.579487860203,2.40512919426,4.43056342192e-06,1.57861195476e-05,0,0,4.47087622888e-05,0.0166674368083,0,0,0,0,0,5.20286325671e-05,704181.086842
29.9361111111,-0.00102565239649,0.579487860203,2.40512919426,4.43056342192e-06,1.57861195476e-05,0,0,4.47087622888e-05,0.0166674368083,0,0,0,0,0,5.20286205324e-05,704181.086842
29.9472222222,-0.00102565239649,0.579487860203,2.40512919426,4.43056342192e-06,1.57861195476e-05,0,0,4.47087622888e-05,0.0166674368083,0,0,0,0,0,5.20286437079e-05,704181.086842
29.9583333333,-0.00102565239649,0.579487860203,2.40512919426,4.43056342192e-06,1.57861195476e-05,0,0,4.47087622888e-05,0.0166674368083,0,0,0,0,0,5.20286499329e-05,704181.086842
29.9694444444,-0.00102565239649,0.579487860203,2.40512919426,4.43056342192e-06,1.57861195476e-05,0,0,4.47087622888e-05,0.0166674368083,0,0,0,0,0,5.20286438095e-05,704181.086842
29.9805555556,-0.00102565239649,0.579487860203,2.40512919426,4.43056342192e-06,1.57861195476e-05,0,0,4.47087622888e-05,0.0166674368083,0,0,0,0,0,5.20286409754e-05,704181.086842
29.9916666667,-0.00102565239649,0.579487860203,2.40512919426,4.43056342192e-06,1.57861195476e-05,0,0,4.47087622888e-05,0.0166674368083,0,0,0,0,0,5.20286369272e-05,704181.086842
30.0027777778,-0.00102565239649,0.579487860203,2.40512919426,4.43056342192e-06,1.57861195476e-05,0,0,4.47087622888e-05,0.0166674368083,0,0,0,0,0,5.20286102703e-05,704181.086842
30.0138888889,-0.00102565239649,0.579487860203,2.40512919426,4.43056342192e-06,1.57861195476e-05,0,0,4.47087622888e-05,0.0166674368083,0,0,0,0,0,5.20286224033e-05,704181.086842
30.025,-0.00102565239649,0.579487860203,2.40512919426,4.43056342192e-06,1.57861195476e-05,0,0,4.47087622888e-05,0.0166674368083,0,0,0,0,0,5.20286243725e-05,704181.086842
30.0361111111,-0.00102565239649,0.579487860203,2.40512919426,4.43056342192e-06,1.57861195476e-05,0,0,4.47087622888e-05,0.0166674368083,0,0,0,0,0,5.20286479468e-05,704181.086842
30.0472222222,-0.00102565239649,0.579487860203,2.40512919426,4.43056342192e-06,1.57861195476e-05,0,0,4.47087622888e-05,0.0166674368083,0,0,0,0,0,5.20286494264e-05,704181.086842
30.0583333333,-0.00102565239649,0.579487860203,2.40512919426,4.43056342192e-06,1.57861195476e-05,0,0,4.47087622888e-05,0.0166674368083,0,0,0,0,0,5.20286352852e-05,704181.086842
30.0694444444,-0.00102565239649,0.579487860203,2.40512919426,4.43056342192e-06,1.57861195476e-05,0,0,4.47087622888e-05,0.0166674368083,0,0,0,0,0,5.20286355607e-05,704181.086842
30.0805555556,-0.00102565239649,0.579487860203,2.40512919426,4.43056342192e-06,1.57861195476e-05,0,0,4.47087622888e-05,0.0166674368083,0,0,0,0,0,5.20286463708e-05,704181.086842
30.0916666667,-0.00102565239649,0.579487860203,2.40512919426,4.43056342192e-06,1.57861195476e-05,0,0,4.47087622888e-05,0.0166674368083,0,0,0,0,0,5.20286319863e-05,704181.086842
30.1027777778,-0.00102565239649,0.579487860203,2.40512919426,4.43056342192e-06,1.57861195476e-05,0,0,4.47087622888e-05,0.0166674368083,0,0,0,0,0,5.20286478255e-05,704181.086842
30.1138888889,-0.00102565239649,0.579487860203,2.40512919426,4.43056342192e-06,1.57861195476e-05,0,0,4.47087622888e-05,0.0166674368083,0,0,0,0,0,5.20286372843e-05,704181.086842
30.125,-0.00102565239649,0.579487860203,2.40512919426,4.43056342192e-06,1.57861195476e-05,0,0,4.47087622888e-05,0.0166674368083,0,0,0,0,0,5.20286328514e-05,704181.086842
30.1361111111,-0.00102565239649,0.579487860203,2.40512919426,4.43056342192e-06,1.57861195476e-05,0,0,4.47087622888e-05,0.0166674368083,0,0,0,0,0,5.2028647526e-05,704181.086842
30.1472222222,-0.00102565239649,0.579487860203,2.40512919426,4.43056342192e-06,1.57861195476e-05,0,0,4.47087622888e-05,0.0166674368083,0,0,0,0,0,5.20286228591e-05,704181.086842
30.1583333333,-0.00102565239649,0.579487860203,2.40512919426,4.43056342192e-06,1.57861195476e-05,0,0,4.47087622888e-05,0.0166674368083,0,0,0,0,0,5.20286351638e-05,704181.086842
30.1694444444,-0.00102565239649,0.579487860203,2.40512919426,4.43056342192e-06,1.57861195476e-05,0,0,4.47087622888e-05,0.0166674368083,0,0,0,0,0,5.20286302798e-05,704181.086842
30.1805555556,-0.00102565239649,0.579487860203,2.40512919426,4.43056342192e-06,1.57861195476e-05,0,0,4.47087622888e-05,0.0166674368083,0,0,0,0,0,5.20286495495e-05,704181.086842
30.1916666667,-0.00102565239649,0.579487860203,2.40512919426,4.43056342192e-06,1.57861195476e-05,0,0,4.47087622888e-05,0.0166674368083,0,0,0,0,0,5.2028633349e-05,704181.086842
30.2027777778,-0.00102565239649,0.579487860203,2.40512919426,4.43056342192e-06,1.57861195476e-05,0,0,4.47087622888e-05,0.0166674368083,0,0,0,0,0,5.20286323934e-05,704181.086842
30.2138888889,-0.00102565239649,0.579487860203,2.40512919426,4.43056342192e-06,1.57861195476e-05,0,0,4.47087622888e-05,0.0166674368083,0,0,0,0,0,5.20286480157e-05,704181.086842
30.225,-0.00102565239649,0.579487860203,2.40512919426,4.43056342192e-06,1.57861195476e-05,0,0,4.47087622888e-05,0.0166674368083,0,0,0,0,0,5.20286389227e-05,704181.086842
30.2361111111,-0.00102565239649,0.579487860203,2.40512919426,4.43056342192e-06,1.57861195476e-05,0,0,4.47087622888e-05,0.0166674368083,0,0,0,0,0,5.20286192704e-05,704181.086842
30.2472222222,-0.00102565239649,0.579487860203,2.40512919426,4.43056342192e-06,1.57861195476e-05,0,0,4.47087622888e-05,0.0166674368083,0,0,0,0,0,5.20286385672e-05,704181.086842
30.2583333333,-0.00102565239649,0.579487860203,2.40512919426,4.43056342192e-06,1.57861195476e-05,0,0,4.47087622888e-05,0.0166674368083,0,0,0,0,0,5.20286234615e-05,704181.086842
30.2694444444,-0.00102565239649,0.579487860203,2.40512919426,4.43056342192e-06,1.57861195476e-05,0,0,4.47087622888e-05,0.0166674368083,0,0,0,0,0,5.20286510366e-05,704181.086842
30.2805555556,-0.00102565239649,0.579487860203,2.40512919426,4.43056342192e-06,1.57861195476e-05,0,0,4.47087622888e-05,0.0166674368083,0,0,0,0,0,5.20286282046e-05,704181.086842
30.2916666667,-0.00102565239649,0.579487860203,2.40512919426,4.43056342192e-06,1.57861195476e-05,0,0,4.47087622888e-05,0.0166674368083,0,0,0,0,0,5.20286355364e-05,704181.086842
30.3027777778,-0.00102565239649,0.579487860203,2.40512919426,4.43056342192e-06,1.57861195476e-05,0,0,4.47087622888e-05,0.0166674368083,0,0,0,0,0,5.20286399003e-05,704181.086842
30.3138888889,-0.00102565239649,0.579487860203,2.40512919426,4.43056342192e-06,1.57861195476e-05,0,0,4.47087622888e-05,0.0166674368083,0,0,0,0,0,5.20286398075e-05,704181.086842
30.325,-0.00102565239649,0.579487860203,2.40512919426,4.43056342192e-06,1.57861195476e-05,0,0,4.47087622888e-05,0.0166674368083,0,0,0,0,0,5.20286219668e-05,704181.086842
30.3361111111,-0.00102565239649,0.579487860203,2.40512919426,4.43056342192e-06,1.57861195476e-05,0,0,4.47087622888e-05,0.0166674368083,0,0,0,0,0,5.20286357029e-05,704181.086842
30.3472222222,-0.00102565239649,0.579487860203,2.40512919426,4.43056342192e-06,1.57861195476e-05,0,0,4.47087622888e-05,0.0166674368083,0,0,0,0,0,5.20286404774e-05,704181.086842
30.3583333333,-0.00102565239649,0.579487860203,2.40512919426,4.43056342192e-06,1.57861195476e-05,0,0,4.47087622888e-05,0.0166674368083,0,0,0,0,0,5.20286194485e-05,704181.086842
30.3694444444,-0.00102565239649,0.579487860203,2.40512919426,4.43056342192e-06,1.57861195476e-05,0,0,4.47087622888e-05,0.0166674368083,0,0,0,0,0,5.20286251067e-05,704181.086842
30.3805555556,-0.00102565239649,0.579487860203,2.40512919426,4.43056342192e-06,1.57861195476e-05,0,0,4.47087622888e-05,0.0166674368083,0,0,0,0,0,5.20286470391e-05,704181.086842
30.3916666667,-0.00102565239649,0.579487860203,2.40512919426,4.43056342192e-06,1.57861195476e-05,0,0,4.47087622888e-05,0.0166674368083,0,0,0,0,0,5.20286213478e-05,704181.086842
30.4027777778,-0.00102565239649,0.579487860203,2.40512919426,4.43056342192e-06,1.57861195476e-05,0,0,4.47087622888e-05,0.0166674368083,0,0,0,0,0,5.20286226311e-05,704181.086842
30.4138888889,-0.00102565239649,0.579487860203,2.40512919426,4.43056342192e-06,1.57861195476e-05,0,0,4.47087622888e-05,0.0166674368083,0,0,0,0,0,5.20286081205e-05,704181.086842
30.425,-0.00102565239649,0.579487860203,2.40512919426,4.43056342192e-06,1.57861195476e-05,0,0,4.47087622888e-05,0.0166674368083,0,0,0,0,0,5.20286439826e-05,704181.086842
30.4361111111,-0.00102565239649,0.579487860203,2.40512919426,4.43056342192e-06,1.57861195476e-05,0,0,4.47087622888e-05,0.0166674368083,0,0,0,0,0,5.20286415821e-05,704181.086842
30.4472222222,-0.00102565239649,0.579487860203,2.40512919426,4.43056342192e-06,1.57861195476e-05,0,0,4.47087622888e-05,0.0166674368083,0,0,0,0,0,5.20286345207e-05,704181.086842
30.4583333333,-0.00102565239649,0.579487860203,2.40512919426,4.43056342192e-06,1.57861195476e-05,0,0,4.47087622888e-05,0.0166674368083,0,0,0,0,0,5.20286314222e-05,704181.086842
30.4694444444,-0.00102565239649,0.579487860203,2.40512919426,4.43056342192e-06,1.57861195476e-05,0,0,4.47087622888e-05,0.0166674368083,0,0,0,0,0,5.20286350606e-05,704181.086842
30.4805555556,-0.00102565239649,0.579487860203,2.40512919426,4.43056342192e-06,1.57861195476e-05,0,0,4.47087622888e-05,0.0166674368083,0,0,0,0,0,5.20286424472e-05,704181.086842
30.4916666667,-0.00102565239649,0.579487860203,2.40512919426,4.43056342192e-06,1.57861195476e-05,0,0,4.47087622888e-05,0.0166674368083,0,0,0,0,0,5.20286422287e-05,704181.086842
30.5027777778,-0.00102565239649,0.579487860203,2.40512919426,4.43056342192e-06,1.57861195476e-05,0,0,4.47087622888e-05,0.0166674368083,0,0,0,0,0,5.20286553211e-05,704181.086842
30.5138888889,-0.00102565239649,0.579487860203,2.40512919426,4.43056342192e-06,1.57861195476e-05,0,0,4.47087622888e-05,0.0166674368083,0,0,0,0,0,5.20286411055e-05,704181.086842
30.525,-0.00102565239649,0.579487860203,2.40512919426,4.43056342192e-06,1.57861195476e-05,0,0,4.47087622888e-05,0.0166674368083,0,0,0,0,0,5.20286333852e-05,704181.086842
30.5361111111,-0.00102565239649,0.579487860203,2.40512919426,4.43056342192e-06,1.57861195476e-05,0,0,4.47087622888e-05,0.0166674368083,0,0,0,0,0,5.20286238088e-05,704181.086842
30.5472222222,-0.00102565239649,0.579487860203,2.40512919426,4.43056342192e-06,1.57861195476e-05,0,0,4.47087622888e-05,0.0166674368083,0,0,0,0,0,5.20286163065e-05,704181.086842
30.5583333333,-0.00102565239649,0.579487860203,2.40512919426,4.43056342192e-06,1.57861195476e-05,0,0,4.47087622888e-05,0.0166674368083,0,0,0,0,0,5.20286381695e-05,704181.086842
30.5694444444,-0.00102565239649,0.579487860203,2.40512919426,4.43056342192e-06,1.57861195476e-05,0,0,4.47087622888e-05,0.0166674368083,0,0,0,0,0,5.20286054507e-05,704181.086842
30.5805555556,-0.00102565239649,0.579487860203,2.40512919426,4.43056342192e-06,1.57861195476e-05,0,0,4.47087622888e-05,0.0166674368083,0,0,0,0,0,5.20286299017e-05,704181.086842
30.5916666667,-0.00102565239649,0.579487860203,2.40512919426,4.43056342192e-06,1.57861195476e-05,0,0,4.47087622888e-05,0.0166674368083,0,0,0,0,0,5.20286252605e-05,704181.086842
30.6027777778,-0.00102565239649,0.579487860203,2.40512919426,4.43056342192e-06,1.57861195476e-05,0,0,4.47087622888e-05,0.0166674368083,0,0,0,0,0,5.20286556551e-05,704181.086842
30.6138888889,-0.00102565239649,0.579487860203,2.40512919426,4.43056342192e-06,1.57861195476e-05,0,0,4.47087622888e-05,0.0166674368083,0,0,0,0,0,5.2028662074e-05,704181.086842
30.625,-0.00102565239649,0.579487860203,2.40512919426,4.43056342192e-06,1.57861195476e-05,0,0,4.47087622888e-05,0.0166674368083,0,0,0,0,0,5.20286273299e-05,704181.086842
30.6361111111,-0.00102565239649,0.579487860203,2.40512919426,4.43056342192e-06,1.57861195476e-05,0,0,4.47087622888e-05,0.0166674368083,0,0,0,0,0,5.20286448271e-05,704181.086842
30.6472222222,-0.00102565239649,0.579487860203,2.40512919426,4.43056342192e-06,1.57861195476e-05,0,0,4.47087622888e-05,0.0166674368083,0,0,0,0,0,5.20286270768e-05,704181.086842
30.6583333333,-0.00102565239649,0.579487860203,2.40512919426,4.43056342192e-06,1.57861195476e-05,0,0,4.47087622888e-05,0.0166674368083,0,0,0,0,0,5.20286482296e-05,704181.086842
30.6694444444,-0.00102565239649,0.579487860203,2.40512919426,4.43056342192e-06,1.57861195476e-05,0,0,4.47087622888e-05,0.0166674368083,0,0,0,0,0,5.2028649111e-05,704181.086842
30.6805555556,-0.00102565239649,0.579487860203,2.40512919426,4.43056342192e-06,1.57861195476e-05,0,0,4.47087622888e-05,0.0166674368083,0,0,0,0,0,5.20285890595e-05,704181.086842
30.6916666667,-0.00102565239649,0.579487860203,2.40512919426,4.43056342192e-06,1.57861195476e-05,0,0,4.47087622888e-05,0.0166674368083,0,0,0,0,0,5.20286569885e-05,704181.086842
30.7027777778,-0.00102565239649,0.579487860203,2.40512919426,4.43056342192e-06,1.57861195476e-05,0,0,4.47087622888e-05,0.0166674368083,0,0,0,0,0,5.20286246339e-05,704181.086842
30.7138888889,-0.00102565239649,0.579487860203,2.40512919426,4.43056342192e-06,1.57861195476e-05,0,0,4.47087622888e-05,0.0166674368083,0,0,0,0,0,5.20286283573e-05,704181.086842
30.725,-0.00102565239649,0.579487860203,2.40512919426,4.43056342192e-06,1.57861195476e-05,0,0,4.47087622888e-05,0.0166674368083,0,0,0,0,0,5.20286206417e-05,704181.086842
30.7361111111,-0.00102565239649,0.579487860203,2.40512919426,4.43056342192e-06,1.57861195476e-05,0,0,4.47087622888e-05,0.0166674368083,0,0,0,0,0,5.20286344981e-05,704181.086842
30.7472222222,-0.00102565239649,0.579487860203,2.40512919426,4.43056342192e-06,1.57861195476e-05,0,0,4.47087622888e-05,0.0166674368083,0,0,0,0,0,5.2028621232e-05,704181.086842
30.7583333333,-0.00102565239649,0.579487860203,2.40512919426,4.43056342192e-06,1.57861195476e-05,0,0,4.47087622888e-05,0.0166674368083,0,0,0,0,0,5.20286352419e-05,704181.086842
30.7694444444,-0.00102565239649,0.579487860203,2.40512919426,4.43056342192e-06,1.57861195476e-05,0,0,4.47087622888e-05,0.0166674368083,0,0,0,0,0,5.2028639447e-05,704181.086842
30.7805555556,-0.00102565239649,0.579487860203,2.40512919426,4.43056342192e-06,1.57861195476e-05,0,0,4.47087622888e-05,0.0166674368083,0,0,0,0,0,5.20286199936e-05,704181.086842
30.7916666667,-0.00102565239649,0.579487860203,2.40512919426,4.43056342192e-06,1.57861195476e-05,0,0,4.47087622888e-05,0.0166674368083,0,0,0,0,0,5.20286375851e-05,704181.086842
30.8027777778,-0.00102565239649,0.579487860203,2.40512919426,4.43056342192e-06,1.57861195476e-05,0,0,4.47087622888e-05,0.0166674368083,0,0,0,0,0,5.20286481609e-05,704181.086842
30.8138888889,-0.00102565239649,0.579487860203,2.40512919426,4.43056342192e-06,1.57861195476e-05,0,0,4.47087622888e-05,0.0166674368083,0,0,0,0,0,5.20286196576e-05,704181.086842
30.825,-0.00102565239649,0.579487860203,2.40512919426,4.43056342192e-06,1.57861195476e-05,0,0,4.47087622888e-05,0.0166674368083,0,0,0,0,0,5.20286289346e-05,704181.086842
30.8361111111,-0.00102565239649,0.579487860203,2.40512919426,4.43056342192e-06,1.57861195476e-05,0,0,4.47087622888e-05,0.0166674368083,0,0,0,0,0,5.20286381264e-05,704181.086842
30.8472222222,-0.00102565239649,0.579487860203,2.40512919426,4.43056342192e-06,1.57861195476e-05,0,0,4.47087622888e-05,0.0166674368083,0,0,0,0,0,5.2028649128e-05,704181.086842
30.8583333333,-0.00102565239649,0.579487860203,2.40512919426,4.43056342192e-06,1.57861195476e-05,0,0,4.47087622888e-05,0.0166674368083,0,0,0,0,0,5.20286280832e-05,704181.086842
30.8694444444,-0.00102565239649,0.579487860203,2.40512919426,4.43056342192e-06,1.57861195476e-05,0,0,4.47087622888e-05,0.0166674368083,0,0,0,0,0,5.20286576412e-05,704181.086842
30.8805555556,-0.00102565239649,0.579487860203,2.40512919426,4.43056342192e-06,1.57861195476e-05,0,0,4.47087622888e-05,0.0166674368083,0,0,0,0,0,5.20286384954e-05,704181.086842
30.8916666667,-0.00102565239649,0.579487860203,2.40512919426,4.43056342192e-06,1.57861195476e-05,0,0,4.47087622888e-05,0.0166674368083,0,0,0,0,0,5.20286293033e-05,704181.086842
30.9027777778,-0.00102565239649,0.579487860203,2.40512919426,4.43056342192e-06,1.57861195476e-05,0,0,4.47087622888e-05,0.0166674368083,0,0,0,0,0,5.20286384431e-05,704181.086842
30.9138888889,-0.00102565239649,0.579487860203,2.40512919426,4.43056342192e-06,1.57861195476e-05,0,0,4.47087622888e-05,0.0166674368083,0,0,0,0,0,5.20286387452e-05,704181.086842
30.925,-0.00102565239649,0.579487860203,2.40512919426,4.43056342192e-06,1.57861195476e-05,0,0,4.47087622888e-05,0.0166674368083,0,0,0,0,0,5.20286184423e-05,704181.086842
30.9361111111,-0.00102565239649,0.579487860203,2.40512919426,4.43056342192e-06,1.57861195476e-05,0,0,4.47087622888e-05,0.0166674368083,0,0,0,0,0,5.20286435952e-05,704181.086842
30.9472222222,-0.00102565239649,0.579487860203,2.40512919426,4.43056342192e-06,1.57861195476e-05,0,0,4.47087622888e-05,0.0166674368083,0,0,0,0,0,5.20286333812e-05,704181.086842
30.9583333333,-0.00102565239649,0.579487860203,2.40512919426,4.43056342192e-06,1.57861195476e-05,0,0,4.47087622888e-05,0.0166674368083,0,0,0,0,0,5.20286214917e-05,704181.086842
30.9694444444,-0.00102565239649,0.579487860203,2.40512919426,4.43056342192e-06,1.57861195476e-05,0,0,4.47087622888e-05,0.0166674368083,0,0,0,0,0,5.20286257898e-05,704181.086842
30.9805555556,-0.00102565239649,0.579487860203,2.40512919426,4.43056342192e-06,1.57861195476e-05,0,0,4.47087622888e-05,0.0166674368083,0,0,0,0,0,5.20286358446e-05,704181.086842
30.9916666667,-0.00102565239649,0.579487860203,2.40512919426,4.43056342192e-06,1.57861195476e-05,0,0,4.47087622888e-05,0.0166674368083,0,0,0,0,0,5.20286234457e-05,704181.086842
31.0027777778,-0.00102565239649,0.579487860203,2.40512919426,4.43056342192e-06,1.57861195476e-05,0,0,4.47087622888e-05,0.0166674368083,0,0,0,0,0,5.20286256381e-05,704181.086842
31.0138888889,-0.00102565239649,0.579487860203,2.40512919426,4.43056342192e-06,1.57861195476e-05,0,0,4.47087622888e-05,0.0166674368083,0,0,0,0,0,5.2028613007e-05,704181.086842
31.025,-0.00102565239649,0.579487860203,2.40512919426,4.43056342192e-06,1.57861195476e-05,0,0,4.47087622888e-05,0.0166674368083,0,0,0,0,0,5.20286292676e-05,704181.086842
31.0361111111,-0.00102565239649,0.579487860203,2.40512919426,4.43056342192e-06,1.57861195476e-05,0,0,4.47087622888e-05,0.0166674368083,0,0,0,0,0,5.20286372677e-05,704181.086842
31.0472222222,-0.00102565239649,0.579487860203,2.40512919426,4.43056342192e-06,1.57861195476e-05,0,0,4.47087622888e-05,0.0166674368083,0,0,0,0,0,5.20286364152e-05,704181.086842
31.0583333333,-0.00102565239649,0.579487860203,2.40512919426,4.43056342192e-06,1.57861195476e-05,0,0,4.47087622888e-05,0.0166674368083,0,0,0,0,0,5.20286570162e-05,704181.086842
31.0694444444,-0.00102565239649,0.579487860203,2.40512919426,4.43056342192e-06,1.57861195476e-05,0,0,4.47087622888e-05,0.0166674368083,0,0,0,0,0,5.20286513467e-05,704181.086842
31.0805555556,-0.00102565239649,0.579487860203,2.40512919426,4.43056342192e-06,1.57861195476e-05,0,0,4.47087622888e-05,0.0166674368083,0,0,0,0,0,5.20286252398e-05,704181.086842
31.0916666667,-0.00102565239649,0.579487860203,2.40512919426,4.43056342192e-06,1.57861195476e-05,0,0,4.47087622888e-05,0.0166674368083,0,0,0,0,0,5.20286433188e-05,704181.086842
31.1027777778,-0.00102565239649,0.579487860203,2.40512919426,4.43056342192e-06,1.57861195476e-05,0,0,4.47087622888e-05,0.0166674368083,0,0,0,0,0,5.20286393976e-05,704181.086842
31.1138888889,-0.00102565239649,0.579487860203,2.40512919426,4.43056342192e-06,1.57861195476e-05,0,0,4.47087622888e-05,0.0166674368083,0,0,0,0,0,5.20286369719e-05,704181.086842
31.125,-0.00102565239649,0.579487860203,2.40512919426,4.43056342192e-06,1.57861195476e-05,0,0,4.47087622888e-05,0.0166674368083,0,0,0,0,0,5.20286330555e-05,704181.086842
31.1361111111,-0.00102565239649,0.579487860203,2.40512919426,4.43056342192e-06,1.57861195476e-05,0,0,4.47087622888e-05,0.0166674368083,0,0,0,0,0,5.20286359885e-05,704181.086842
31.1472222222,-0.00102565239649,0.579487860203,2.40512919426,4.43056342192e-06,1.57861195476e-05,0,0,4.47087622888e-05,0.0166674368083,0,0,0,0,0,5.20286290137e-05,704181.086842
31.1583333333,-0.00102565239649,0.579487860203,2.40512919426,4.43056342192e-06,1.57861195476e-05,0,0,4.47087622888e-05,0.0166674368083,0,0,0,0,0,5.20286395274e-05,704181.086842
31.1694444444,-0.00102565239649,0.579487860203,2.40512919426,4.43056342192e-06,1.57861195476e-05,0,0,4.47087622888e-05,0.0166674368083,0,0,0,0,0,5.20286629669e-05,704181.086842
31.1805555556,-0.00102565239649,0.579487860203,2.40512919426,4.43056342192e-06,1.57861195476e-05,0,0,4.47087622888e-05,0.0166674368083,0,0,0,0,0,5.20286268897e-05,704181.086842
31.1916666667,-0.00102565239649,0.579487860203,2.40512919426,4.43056342192e-06,1.57861195476e-05,0,0,4.47087622888e-05,0.0166674368083,0,0,0,0,0,5.20286445631e-05,704181.086842
31.2027777778,-0.00102565239649,0.579487860203,2.40512919426,4.43056342192e-06,1.57861195476e-05,0,0,4.47087622888e-05,0.0166674368083,0,0,0,0,0,5.20286282589e-05,704181.086842
31.2138888889,-0.00102565239649,0.579487860203,2.40512919426,4.43056342192e-06,1.57861195476e-05,0,0,4.47087622888e-05,0.0166674368083,0,0,0,0,0,5.20286269558e-05,704181.086842
31.225,-0.00102565239649,0.579487860203,2.40512919426,4.43056342192e-06,1.57861195476e-05,0,0,4.47087622888e-05,0.0166674368083,0,0,0,0,0,5.20286492266e-05,704181.086842
31.2361111111,-0.00102565239649,0.579487860203,2.40512919426,4.43056342192e-06,1.57861195476e-05,0,0,4.47087622888e-05,0.0166674368083,0,0,0,0,0,5.20286174964e-05,704181.086842
31.2472222222,-0.00102565239649,0.579487860203,2.40512919426,4.43056342192e-06,1.57861195476e-05,0,0,4.47087622888e-05,0.0166674368083,0,0,0,0,0,5.20286475844e-05,704181.086842
31.2583333333,-0.00102565239649,0.579487860203,2.40512919426,4.43056342192e-06,1.57861195476e-05,0,0,4.47087622888e-05,0.0166674368083,0,0,0,0,0,5.20286335475e-05,704181.086842
31.2694444444,-0.00102565239649,0.579487860203,2.40512919426,4.43056342192e-06,1.57861195476e-05,0,0,4.47087622888e-05,0.0166674368083,0,0,0,0,0,5.20286312916e-05,704181.086842
31.2805555556,-0.00102565239649,0.579487860203,2.40512919426,4.43056342192e-06,1.57861195476e-05,0,0,4.47087622888e-05,0.0166674368083,0,0,0,0,0,5.20286447288e-05,704181.086842
31.2916666667,-0.00102565239649,0.579487860203,2.40512919426,4.43056342192e-06,1.57861195476e-05,0,0,4.47087622888e-05,0.0166674368083,0,0,0,0,0,5.20286215505e-05,704181.086842
31.3027777778,-0.00102565239649,0.579487860203,2.40512919426,4.43056342192e-06,1.57861195476e-05,0,0,4.47087622888e-05,0.0166674368083,0,0,0,0,0,5.20286204227e-05,704181.086842
31.3138888889,-0.00102565239649,0.579487860203,2.40512919426,4.43056342192e-06,1.57861195476e-05,0,0,4.47087622888e-05,0.0166674368083,0,0,0,0,0,5.20286234334e-05,704181.086842
31.325,-0.00102565239649,0.579487860203,2.40512919426,4.43056342192e-06,1.57861195476e-05,0,0,4.47087622888e-05,0.0166674368083,0,0,0,0,0,5.20286525088e-05,704181.086842
31.3361111111,-0.00102565239649,0.579487860203,2.40512919426,4.43056342192e-06,1.57861195476e-05,0,0,4.47087622888e-05,0.0166674368083,0,0,0,0,0,5.20286314646e-05,704181.086842
31.3472222222,-0.00102565239649,0.579487860203,2.40512919426,4.43056342192e-06,1.57861195476e-05,0,0,4.47087622888e-05,0.0166674368083,0,0,0,0,0,5.20286416184e-05,704181.086842
31.3583333333,-0.00102565239649,0.579487860203,2.40512919426,4.43056342192e-06,1.57861195476e-05,0,0,4.47087622888e-05,0.0166674368083,0,0,0,0,0,5.20286330933e-05,704181.086842
31.3694444444,-0.00102565239649,0.579487860203,2.40512919426,4.43056342192e-06,1.57861195476e-05,0,0,4.47087622888e-05,0.0166674368083,0,0,0,0,0,5.2028641389e-05,704181.086842
31.3805555556,-0.00102565239649,0.579487860203,2.40512919426,4.43056342192e-06,1.57861195476e-05,0,0,4.47087622888e-05,0.0166674368083,0,0,0,0,0,5.20286218005e-05,704181.086842
31.3916666667,-0.00102565239649,0.579487860203,2.40512919426,4.43056342192e-06,1.57861195476e-05,0,0,4.47087622888e-05,0.0166674368083,0,0,0,0,0,5.20286473093e-05,704181.086842
31.4027777778,-0.00102565239649,0.579487860203,2.40512919426,4.43056342192e-06,1.57861195476e-05,0,0,4.47087622888e-05,0.0166674368083,0,0,0,0,0,5.20286473264e-05,704181.086842
31.4138888889,-0.00102565239649,0.579487860203,2.40512919426,4.43056342192e-06,1.57861195476e-05,0,0,4.47087622888e-05,0.0166674368083,0,0,0,0,0,5.20286402165e-05,704181.086842
31.425,-0.00102565239649,0.579487860203,2.40512919426,4.43056342192e-06,1.57861195476e-05,0,0,4.47087622888e-05,0.0166674368083,0,0,0,0,0,5.20286278493e-05,704181.086842
31.4361111111,-0.00102565239649,0.579487860203,2.40512919426,4.43056342192e-06,1.57861195476e-05,0,0,4.47087622888e-05,0.0166674368083,0,0,0,0,0,5.20286330971e-05,704181.086842
31.4472222222,-0.00102565239649,0.579487860203,2.40512919426,4.43056342192e-06,1.57861195476e-05,0,0,4.47087622888e-05,0.0166674368083,0,0,0,0,0,5.20286451284e-05,704181.086842
31.4583333333,-0.00102565239649,0.579487860203,2.40512919426,4.43056342192e-06,1.57861195476e-05,0,0,4.47087622888e-05,0.0166674368083,0,0,0,0,0,5.20286400201e-05,704181.086842
31.4694444444,-0.00102565239649,0.579487860203,2.40512919426,4.43056342192e-06,1.57861195476e-05,0,0,4.47087622888e-05,0.0166674368083,0,0,0,0,0,5.20286341511e-05,704181.086842
31.4805555556,-0.00102565239649,0.579487860203,2.40512919426,4.43056342192e-06,1.57861195476e-05,0,0,4.47087622888e-05,0.0166674368083,0,0,0,0,0,5.20286110012e-05,704181.086842
31.4916666667,-0.00102565239649,0.579487860203,2.40512919426,4.43056342192e-06,1.57861195476e-05,0,0,4.47087622888e-05,0.0166674368083,0,0,0,0,0,5.20286346377e-05,704181.086842
31.5027777778,-0.00102565239649,0.579487860203,2.40512919426,4.43056342192e-06,1.57861195476e-05,0,0,4.47087622888e-05,0.0166674368083,0,0,0,0,0,5.2028643674e-05,704181.086842
31.5138888889,-0.00102565239649,0.579487860203,2.40512919426,4.43056342192e-06,1.57861195476e-05,0,0,4.47087622888e-05,0.0166674368083,0,0,0,0,0,5.2028635013e-05,704181.086842
31.525,-0.00102565239649,0.579487860203,2.40512919426,4.43056342192e-06,1.57861195476e-05,0,0,4.47087622888e-05,0.0166674368083,0,0,0,0,0,5.2028663109e-05,704181.086842
31.5361111111,-0.00102565239649,0.579487860203,2.40512919426,4.43056342192e-06,1.57861195476e-05,0,0,4.47087622888e-05,0.0166674368083,0,0,0,0,0,5.20286123162e-05,704181.086842
31.5472222222,-0.00102565239649,0.579487860203,2.40512919426,4.43056342192e-06,1.57861195476e-05,0,0,4.47087622888e-05,0.0166674368083,0,0,0,0,0,5.20286324271e-05,704181.086842
31.5583333333,-0.00102565239649,0.579487860203,2.40512919426,4.43056342192e-06,1.57861195476e-05,0,0,4.47087622888e-05,0.0166674368083,0,0,0,0,0,5.20286512934e-05,704181.086842
31.5694444444,-0.00102565239649,0.579487860203,2.40512919426,4.43056342192e-06,1.57861195476e-05,0,0,4.47087622888e-05,0.0166674368083,0,0,0,0,0,5.20286352592e-05,704181.086842
31.5805555556,-0.00102565239649,0.579487860203,2.40512919426,4.43056342192e-06,1.57861195476e-05,0,0,4.47087622888e-05,0.0166674368083,0,0,0,0,0,5.20286170719e-05,704181.086842
31.5916666667,-0.00102565239649,0.579487860203,2.40512919426,4.43056342192e-06,1.57861195476e-05,0,0,4.47087622888e-05,0.0166674368083,0,0,0,0,0,5.20286574546e-05,704181.086842
31.6027777778,-0.00102565239649,0.579487860203,2.40512919426,4.43056342192e-06,1.57861195476e-05,0,0,4.47087622888e-05,0.0166674368083,0,0,0,0,0,5.20286246948e-05,704181.086842
31.6138888889,-0.00102565239649,0.579487860203,2.40512919426,4.43056342192e-06,1.57861195476e-05,0,0,4.47087622888e-05,0.0166674368083,0,0,0,0,0,5.20286460884e-05,704181.086842
31.625,-0.00102565239649,0.579487860203,2.40512919426,4.43056342192e-06,1.57861195476e-05,0,0,4.47087622888e-05,0.0166674368083,0,0,0,0,0,5.20286284721e-05,704181.086842
31.6361111111,-0.00102565239649,0.579487860203,2.40512919426,4.43056342192e-06,1.57861195476e-05,0,0,4.47087622888e-05,0.0166674368083,0,0,0,0,0,5.20286388481e-05,704181.086842
31.6472222222,-0.00102565239649,0.579487860203,2.40512919426,4.43056342192e-06,1.57861195476e-05,0,0,4.47087622888e-05,0.0166674368083,0,0,0,0,0,5.20286312384e-05,704181.086842
31.6583333333,-0.00102565239649,0.579487860203,2.40512919426,4.43056342192e-06,1.57861195476e-05,0,0,4.47087622888e-05,0.0166674368083,0,0,0,0,0,5.20286077968e-05,704181.086842
31.6694444444,-0.00102565239649,0.579487860203,2.40512919426,4.43056342192e-06,1.57861195476e-05,0,0,4.47087622888e-05,0.0166674368083,0,0,0,0,0,5.20286303232e-05,704181.086842
31.6805555556,-0.00102565239649,0.579487860203,2.40512919426,4.43056342192e-06,1.57861195476e-05,0,0,4.47087622888e-05,0.0166674368083,0,0,0,0,0,5.20286431721e-05,704181.086842
31.6916666667,-0.00102565239649,0.579487860203,2.40512919426,4.43056342192e-06,1.57861195476e-05,0,0,4.47087622888e-05,0.0166674368083,0,0,0,0,0,5.20286422482e-05,704181.086842
31.7027777778,-0.00102565239649,0.579487860203,2.40512919426,4.43056342192e-06,1.57861195476e-05,0,0,4.47087622888e-05,0.0166674368083,0,0,0,0,0,5.20286567527e-05,704181.086842
31.7138888889,-0.00102565239649,0.579487860203,2.40512919426,4.43056342192e-06,1.57861195476e-05,0,0,4.47087622888e-05,0.0166674368083,0,0,0,0,0,5.20286407121e-05,704181.086842
31.725,-0.00102565239649,0.579487860203,2.40512919426,4.43056342192e-06,1.57861195476e-05,0,0,4.47087622888e-05,0.0166674368083,0,0,0,0,0,5.2028650434e-05,704181.086842
31.7361111111,-0.00102565239649,0.579487860203,2.40512919426,4.43056342192e-06,1.57861195476e-05,0,0,4.47087622888e-05,0.0166674368083,0,0,0,0,0,5.20286588069e-05,704181.086842
31.7472222222,-0.00102565239649,0.579487860203,2.40512919426,4.43056342192e-06,1.57861195476e-05,0,0,4.47087622888e-05,0.0166674368083,0,0,0,0,0,5.20286275898e-05,704181.086842
31.7583333333,-0.00102565239649,0.579487860203,2.40512919426,4.43056342192e-06,1.57861195476e-05,0,0,4.47087622888e-05,0.0166674368083,0,0,0,0,0,5.2028627576e-05,704181.086842
31.7694444444,-0.00102565239649,0.579487860203,2.40512919426,4.43056342192e-06,1.57861195476e-05,0,0,4.47087622888e-05,0.0166674368083,0,0,0,0,0,5.20286268376e-05,704181.086842
31.7805555556,-0.00102565239649,0.579487860203,2.40512919426,4.43056342192e-06,1.57861195476e-05,0,0,4.47087622888e-05,0.0166674368083,0,0,0,0,0,5.20286182772e-05,704181.086842
31.7916666667,-0.00102565239649,0.579487860203,2.40512919426,4.43056342192e-06,1.57861195476e-05,0,0,4.47087622888e-05,0.0166674368083,0,0,0,0,0,5.20286444638e-05,704181.086842
31.8027777778,-0.00102565239649,0.579487860203,2.40512919426,4.43056342192e-06,1.57861195476e-05,0,0,4.47087622888e-05,0.0166674368083,0,0,0,0,0,5.20286282311e-05,704181.086842
31.8138888889,-0.00102565239649,0.579487860203,2.40512919426,4.43056342192e-06,1.57861195476e-05,0,0,4.47087622888e-05,0.0166674368083,0,0,0,0,0,5.2028628888e-05,704181.086842
31.825,-0.00102565239649,0.579487860203,2.40512919426,4.43056342192e-06,1.57861195476e-05,0,0,4.47087622888e-05,0.0166674368083,0,0,0,0,0,5.20286575207e-05,704181.086842
31.8361111111,-0.00102565239649,0.579487860203,2.40512919426,4.43056342192e-06,1.57861195476e-05,0,0,4.47087622888e-05,0.0166674368083,0,0,0,0,0,5.20286342739e-05,704181.086842
31.8472222222,-0.00102565239649,0.579487860203,2.40512919426,4.43056342192e-06,1.57861195476e-05,0,0,4.47087622888e-05,0.0166674368083,0,0,0,0,0,5.20286412367e-05,704181.086842
31.8583333333,-0.00102565239649,0.579487860203,2.40512919426,4.43056342192e-06,1.57861195476e-05,0,0,4.47087622888e-05,0.0166674368083,0,0,0,0,0,5.20286346454e-05,704181.086842
31.8694444444,-0.00102565239649,0.579487860203,2.40512919426,4.43056342192e-06,1.57861195476e-05,0,0,4.47087622888e-05,0.0166674368083,0,0,0,0,0,5.20286317302e-05,704181.086842
31.8805555556,-0.00102565239649,0.579487860203,2.40512919426,4.43056342192e-06,1.57861195476e-05,0,0,4.47087622888e-05,0.0166674368083,0,0,0,0,0,5.20286498237e-05,704181.086842
31.8916666667,-0.00102565239649,0.579487860203,2.40512919426,4.43056342192e-06,1.57861195476e-05,0,0,4.47087622888e-05,0.0166674368083,0,0,0,0,0,5.2028646444e-05,704181.086842
31.9027777778,-0.00102565239649,0.579487860203,2.40512919426,4.43056342192e-06,1.57861195476e-05,0,0,4.47087622888e-05,0.0166674368083,0,0,0,0,0,5.20286311717e-05,704181.086842
31.9138888889,-0.00102565239649,0.579487860203,2.40512919426,4.43056342192e-06,1.57861195476e-05,0,0,4.47087622888e-05,0.0166674368083,0,0,0,0,0,5.20286571233e-05,704181.086842
31.925,-0.00102565239649,0.579487860203,2.40512919426,4.43056342192e-06,1.57861195476e-05,0,0,4.47087622888e-05,0.0166674368083,0,0,0,0,0,5.20286374779e-05,704181.086842
31.9361111111,-0.00102565239649,0.579487860203,2.40512919426,4.43056342192e-06,1.57861195476e-05,0,0,4.47087622888e-05,0.0166674368083,0,0,0,0,0,5.2028629909e-05,704181.086842
31.9472222222,-0.00102565239649,0.579487860203,2.40512919426,4.43056342192e-06,1.57861195476e-05,0,0,4.47087622888e-05,0.0166674368083,0,0,0,0,0,5.20286285936e-05,704181.086842
31.9583333333,-0.00102565239649,0.579487860203,2.40512919426,4.43056342192e-06,1.57861195476e-05,0,0,4.47087622888e-05,0.0166674368083,0,0,0,0,0,5.20286349679e-05,704181.086842
31.9694444444,-0.00102565239649,0.579487860203,2.40512919426,4.43056342192e-06,1.57861195476e-05,0,0,4.47087622888e-05,0.0166674368083,0,0,0,0,0,5.20286453369e-05,704181.086842
31.9805555556,-0.00102565239649,0.579487860203,2.40512919426,4.43056342192e-06,1.57861195476e-05,0,0,4.47087622888e-05,0.0166674368083,0,0,0,0,0,5.20286330092e-05,704181.086842
31.9916666667,-0.00102565239649,0.579487860203,2.40512919426,4.43056342192e-06,1.57861195476e-05,0,0,4.47087622888e-05,0.0166674368083,0,0,0,0,0,5.20286338451e-05,704181.086842
32.0027777778,-0.00102565239649,0.579487860203,2.40512919426,4.43056342192e-06,1.57861195476e-05,0,0,4.47087622888e-05,0.0166674368083,0,0,0,0,0,5.20286396764e-05,704181.086842
32.0138888889,-0.00102565239649,0.579487860203,2.40512919426,4.43056342192e-06,1.57861195476e-05,0,0,4.47087622888e-05,0.0166674368083,0,0,0,0,0,5.20286220423e-05,704181.086842
32.025,-0.00102565239649,0.579487860203,2.40512919426,4.43056342192e-06,1.57861195476e-05,0,0,4.47087622888e-05,0.0166674368083,0,0,0,0,0,5.20286397976e-05,704181.086842
32.0361111111,-0.00102565239649,0.579487860203,2.40512919426,4.43056342192e-06,1.57861195476e-05,0,0,4.47087622888e-05,0.0166674368083,0,0,0,0,0,5.20286411561e-05,704181.086842
32.0472222222,-0.00102565239649,0.579487860203,2.40512919426,4.43056342192e-06,1.57861195476e-05,0,0,4.47087622888e-05,0.0166674368083,0,0,0,0,0,5.20286266046e-05,704181.086842
32.0583333333,-0.00102565239649,0.579487860203,2.40512919426,4.43056342192e-06,1.57861195476e-05,0,0,4.47087622888e-05,0.0166674368083,0,0,0,0,0,5.2028645219e-05,704181.086842
32.0694444444,-0.00102565239649,0.579487860203,2.40512919426,4.43056342192e-06,1.57861195476e-05,0,0,4.47087622888e-05,0.0166674368083,0,0,0,0,0,5.20286457804e-05,704181.086842
32.0805555556,-0.00102565239649,0.579487860203,2.40512919426,4.43056342192e-06,1.57861195476e-05,0,0,4.47087622888e-05,0.0166674368083,0,0,0,0,0,5.20286280589e-05,704181.086842
32.0916666667,-0.00102565239649,0.579487860203,2.40512919426,4.43056342192e-06,1.57861195476e-05,0,0,4.47087622888e-05,0.0166674368083,0,0,0,0,0,5.20286294599e-05,704181.086842
32.1027777778,-0.00102565239649,0.579487860203,2.40512919426,4.43056342192e-06,1.57861195476e-05,0,0,4.47087622888e-05,0.0166674368083,0,0,0,0,0,5.20286538156e-05,704181.086842
32.1138888889,-0.00102565239649,0.579487860203,2.40512919426,4.43056342192e-06,1.57861195476e-05,0,0,4.47087622888e-05,0.0166674368083,0,0,0,0,0,5.20286239727e-05,704181.086842
32.125,-0.00102565239649,0.579487860203,2.40512919426,4.43056342192e-06,1.57861195476e-05,0,0,4.47087622888e-05,0.0166674368083,0,0,0,0,0,5.20286360578e-05,704181.086842
32.1361111111,-0.00102565239649,0.579487860203,2.40512919426,4.43056342192e-06,1.57861195476e-05,0,0,4.47087622888e-05,0.0166674368083,0,0,0,0,0,5.20286308892e-05,704181.086842
32.1472222222,-0.00102565239649,0.579487860203,2.40512919426,4.43056342192e-06,1.57861195476e-05,0,0,4.47087622888e-05,0.0166674368083,0,0,0,0,0,5.20286464009e-05,704181.086842
32.1583333333,-0.00102565239649,0.579487860203,2.40512919426,4.43056342192e-06,1.57861195476e-05,0,0,4.47087622888e-05,0.0166674368083,0,0,0,0,0,5.20286589487e-05,704181.086842
32.1694444444,-0.00102565239649,0.579487860203,2.40512919426,4.43056342192e-06,1.57861195476e-05,0,0,4.47087622888e-05,0.0166674368083,0,0,0,0,0,5.20286370501e-05,704181.086842
32.1805555556,-0.00102565239649,0.579487860203,2.40512919426,4.43056342192e-06,1.57861195476e-05,0,0,4.47087622888e-05,0.0166674368083,0,0,0,0,0,5.2028629542e-05,704181.086842
32.1916666667,-0.00102565239649,0.579487860203,2.40512919426,4.43056342192e-06,1.57861195476e-05,0,0,4.47087622888e-05,0.0166674368083,0,0,0,0,0,5.20286405194e-05,704181.086842
32.2027777778,-0.00102565239649,0.579487860203,2.40512919426,4.43056342192e-06,1.57861195476e-05,0,0,4.47087622888e-05,0.0166674368083,0,0,0,0,0,5.20286551977e-05,704181.086842
32.2138888889,-0.00102565239649,0.579487860203,2.40512919426,4.43056342192e-06,1.57861195476e-05,0,0,4.47087622888e-05,0.0166674368083,0,0,0,0,0,5.20286594296e-05,704181.086842
32.225,-0.00102565239649,0.579487860203,2.40512919426,4.43056342192e-06,1.57861195476e-05,0,0,4.47087622888e-05,0.0166674368083,0,0,0,0,0,5.20286254323e-05,704181.086842
32.2361111111,-0.00102565239649,0.579487860203,2.40512919426,4.43056342192e-06,1.57861195476e-05,0,0,4.47087622888e-05,0.0166674368083,0,0,0,0,0,5.2028649424e-05,704181.086842
32.2472222222,-0.00102565239649,0.579487860203,2.40512919426,4.43056342192e-06,1.57861195476e-05,0,0,4.47087622888e-05,0.0166674368083,0,0,0,0,0,5.20285924229e-05,704181.086842
32.2583333333,-0.00102565239649,0.579487860203,2.40512919426,4.43056342192e-06,1.57861195476e-05,0,0,4.47087622888e-05,0.0166674368083,0,0,0,0,0,5.20286379656e-05,704181.086842
32.2694444444,-0.00102565239649,0.579487860203,2.40512919426,4.43056342192e-06,1.57861195476e-05,0,0,4.47087622888e-05,0.0166674368083,0,0,0,0,0,5.20286254417e-05,704181.086842
32.2805555556,-0.00102565239649,0.579487860203,2.40512919426,4.43056342192e-06,1.57861195476e-05,0,0,4.47087622888e-05,0.0166674368083,0,0,0,0,0,5.20286343283e-05,704181.086842
32.2916666667,-0.00102565239649,0.579487860203,2.40512919426,4.43056342192e-06,1.57861195476e-05,0,0,4.47087622888e-05,0.0166674368083,0,0,0,0,0,5.20286343952e-05,704181.086842
32.3027777778,-0.00102565239649,0.579487860203,2.40512919426,4.43056342192e-06,1.57861195476e-05,0,0,4.47087622888e-05,0.0166674368083,0,0,0,0,0,5.20286299846e-05,704181.086842
32.3138888889,-0.00102565239649,0.579487860203,2.40512919426,4.43056342192e-06,1.57861195476e-05,0,0,4.47087622888e-05,0.0166674368083,0,0,0,0,0,5.20286074504e-05,704181.086842
32.325,-0.00102565239649,0.579487860203,2.40512919426,4.43056342192e-06,1.57861195476e-05,0,0,4.47087622888e-05,0.0166674368083,0,0,0,0,0,5.20286368182e-05,704181.086842
32.3361111111,-0.00102565239649,0.579487860203,2.40512919426,4.43056342192e-06,1.57861195476e-05,0,0,4.47087622888e-05,0.0166674368083,0,0,0,0,0,5.20286339006e-05,704181.086842
32.3472222222,-0.00102565239649,0.579487860203,2.40512919426,4.43056342192e-06,1.57861195476e-05,0,0,4.47087622888e-05,0.0166674368083,0,0,0,0,0,5.20286201688e-05,704181.086842
32.3583333333,-0.00102565239649,0.579487860203,2.40512919426,4.43056342192e-06,1.57861195476e-05,0,0,4.47087622888e-05,0.0166674368083,0,0,0,0,0,5.20286438105e-05,704181.086842
32.3694444444,-0.00102565239649,0.579487860203,2.40512919426,4.43056342192e-06,1.57861195476e-05,0,0,4.47087622888e-05,0.0166674368083,0,0,0,0,0,5.20286128958e-05,704181.086842
32.3805555556,-0.00102565239649,0.579487860203,2.40512919426,4.43056342192e-06,1.57861195476e-05,0,0,4.47087622888e-05,0.0166674368083,0,0,0,0,0,5.20286516983e-05,704181.086842
32.3916666667,-0.00102565239649,0.579487860203,2.40512919426,4.43056342192e-06,1.57861195476e-05,0,0,4.47087622888e-05,0.0166674368083,0,0,0,0,0,5.20286325398e-05,704181.086842
32.4027777778,-0.00102565239649,0.579487860203,2.40512919426,4.43056342192e-06,1.57861195476e-05,0,0,4.47087622888e-05,0.0166674368083,0,0,0,0,0,5.20286271338e-05,704181.086842
32.4138888889,-0.00102565239649,0.579487860203,2.40512919426,4.43056342192e-06,1.57861195476e-05,0,0,4.47087622888e-05,0.0166674368083,0,0,0,0,0,5.20286358196e-05,704181.086842
32.425,-0.00102565239649,0.579487860203,2.40512919426,4.43056342192e-06,1.57861195476e-05,0,0,4.47087622888e-05,0.0166674368083,0,0,0,0,0,5.20286301456e-05,704181.086842
32.4361111111,-0.00102565239649,0.579487860203,2.40512919426,4.43056342192e-06,1.57861195476e-05,0,0,4.47087622888e-05,0.0166674368083,0,0,0,0,0,5.2028631936e-05,704181.086842
32.4472222222,-0.00102565239649,0.579487860203,2.40512919426,4.43056342192e-06,1.57861195476e-05,0,0,4.47087622888e-05,0.0166674368083,0,0,0,0,0,5.20286293504e-05,704181.086842
32.4583333333,-0.00102565239649,0.579487860203,2.40512919426,4.43056342192e-06,1.57861195476e-05,0,0,4.47087622888e-05,0.0166674368083,0,0,0,0,0,5.2028639756e-05,704181.086842
32.4694444444,-0.00102565239649,0.579487860203,2.40512919426,4.43056342192e-06,1.57861195476e-05,0,0,4.47087622888e-05,0.0166674368083,0,0,0,0,0,5.20286332061e-05,704181.086842
32.4805555556,-0.00102565239649,0.579487860203,2.40512919426,4.43056342192e-06,1.57861195476e-05,0,0,4.47087622888e-05,0.0166674368083,0,0,0,0,0,5.20286270899e-05,704181.086842
32.4916666667,-0.00102565239649,0.579487860203,2.40512919426,4.43056342192e-06,1.57861195476e-05,0,0,4.47087622888e-05,0.0166674368083,0,0,0,0,0,5.20286283498e-05,704181.086842
32.5027777778,-0.00102565239649,0.579487860203,2.40512919426,4.43056342192e-06,1.57861195476e-05,0,0,4.47087622888e-05,0.0166674368083,0,0,0,0,0,5.20286132771e-05,704181.086842
32.5138888889,-0.00102565239649,0.579487860203,2.40512919426,4.43056342192e-06,1.57861195476e-05,0,0,4.47087622888e-05,0.0166674368083,0,0,0,0,0,5.20285916503e-05,704181.086842
32.525,-0.00102565239649,0.579487860203,2.40512919426,4.43056342192e-06,1.57861195476e-05,0,0,4.47087622888e-05,0.0166674368083,0,0,0,0,0,5.20286386316e-05,704181.086842
32.5361111111,-0.00102565239649,0.579487860203,2.40512919426,4.43056342192e-06,1.57861195476e-05,0,0,4.47087622888e-05,0.0166674368083,0,0,0,0,0,5.20286143293e-05,704181.086842
32.5472222222,-0.00102565239649,0.579487860203,2.40512919426,4.43056342192e-06,1.57861195476e-05,0,0,4.47087622888e-05,0.0166674368083,0,0,0,0,0,5.20286498633e-05,704181.086842
32.5583333333,-0.00102565239649,0.579487860203,2.40512919426,4.43056342192e-06,1.57861195476e-05,0,0,4.47087622888e-05,0.0166674368083,0,0,0,0,0,5.20286169169e-05,704181.086842
32.5694444444,-0.00102565239649,0.579487860203,2.40512919426,4.43056342192e-06,1.57861195476e-05,0,0,4.47087622888e-05,0.0166674368083,0,0,0,0,0,5.20286479364e-05,704181.086842
32.5805555556,-0.00102565239649,0.579487860203,2.40512919426,4.43056342192e-06,1.57861195476e-05,0,0,4.47087622888e-05,0.0166674368083,0,0,0,0,0,5.20286439662e-05,704181.086842
32.5916666667,-0.00102565239649,0.579487860203,2.40512919426,4.43056342192e-06,1.57861195476e-05,0,0,4.47087622888e-05,0.0166674368083,0,0,0,0,0,5.2028649123e-05,704181.086842
32.6027777778,-0.00102565239649,0.579487860203,2.40512919426,4.43056342192e-06,1.57861195476e-05,0,0,4.47087622888e-05,0.0166674368083,0,0,0,0,0,5.2028639165e-05,704181.086842
32.6138888889,-0.00102565239649,0.579487860203,2.40512919426,4.43056342192e-06,1.57861195476e-05,0,0,4.47087622888e-05,0.0166674368083,0,0,0,0,0,5.20286259435e-05,704181.086842
32.625,-0.00102565239649,0.579487860203,2.40512919426,4.43056342192e-06,1.57861195476e-05,0,0,4.47087622888e-05,0.0166674368083,0,0,0,0,0,5.20286489004e-05,704181.086842
32.6361111111,-0.00102565239649,0.579487860203,2.40512919426,4.43056342192e-06,1.57861195476e-05,0,0,4.47087622888e-05,0.0166674368083,0,0,0,0,0,5.20286399257e-05,704181.086842
32.6472222222,-0.00102565239649,0.579487860203,2.40512919426,4.43056342192e-06,1.57861195476e-05,0,0,4.47087622888e-05,0.0166674368083,0,0,0,0,0,5.20286281543e-05,704181.086842
32.6583333333,-0.00102565239649,0.579487860203,2.40512919426,4.43056342192e-06,1.57861195476e-05,0,0,4.47087622888e-05,0.0166674368083,0,0,0,0,0,5.20286360136e-05,704181.086842
32.6694444444,-0.00102565239649,0.579487860203,2.40512919426,4.43056342192e-06,1.57861195476e-05,0,0,4.47087622888e-05,0.0166674368083,0,0,0,0,0,5.20286443209e-05,704181.086842
32.6805555556,-0.00102565239649,0.579487860203,2.40512919426,4.43056342192e-06,1.57861195476e-05,0,0,4.47087622888e-05,0.0166674368083,0,0,0,0,0,5.20286445594e-05,704181.086842
32.6916666667,-0.00102565239649,0.579487860203,2.40512919426,4.43056342192e-06,1.57861195476e-05,0,0,4.47087622888e-05,0.0166674368083,0,0,0,0,0,5.20286199777e-05,704181.086842
32.7027777778,-0.00102565239649,0.579487860203,2.40512919426,4.43056342192e-06,1.57861195476e-05,0,0,4.47087622888e-05,0.0166674368083,0,0,0,0,0,5.20286357124e-05,704181.086842
32.7138888889,-0.00102565239649,0.579487860203,2.40512919426,4.43056342192e-06,1.57861195476e-05,0,0,4.47087622888e-05,0.0166674368083,0,0,0,0,0,5.20286655408e-05,704181.086842
32.725,-0.00102565239649,0.579487860203,2.40512919426,4.43056342192e-06,1.57861195476e-05,0,0,4.47087622888e-05,0.0166674368083,0,0,0,0,0,5.20286307507e-05,704181.086842
32.7361111111,-0.00102565239649,0.579487860203,2.40512919426,4.43056342192e-06,1.57861195476e-05,0,0,4.47087622888e-05,0.0166674368083,0,0,0,0,0,5.202862725e-05,704181.086842
32.7472222222,-0.00102565239649,0.579487860203,2.40512919426,4.43056342192e-06,1.57861195476e-05,0,0,4.47087622888e-05,0.0166674368083,0,0,0,0,0,5.20286310802e-05,704181.086842
32.7583333333,-0.00102565239649,0.579487860203,2.40512919426,4.43056342192e-06,1.57861195476e-05,0,0,4.47087622888e-05,0.0166674368083,0,0,0,0,0,5.20286388848e-05,704181.086842
32.7694444444,-0.00102565239649,0.579487860203,2.40512919426,4.43056342192e-06,1.57861195476e-05,0,0,4.47087622888e-05,0.0166674368083,0,0,0,0,0,5.20286567684e-05,704181.086842
32.7805555556,-0.00102565239649,0.579487860203,2.40512919426,4.43056342192e-06,1.57861195476e-05,0,0,4.47087622888e-05,0.0166674368083,0,0,0,0,0,5.20286485119e-05,704181.086842
32.7916666667,-0.00102565239649,0.579487860203,2.40512919426,4.43056342192e-06,1.57861195476e-05,0,0,4.47087622888e-05,0.0166674368083,0,0,0,0,0,5.20286265753e-05,704181.086842
32.8027777778,-0.00102565239649,0.579487860203,2.40512919426,4.43056342192e-06,1.57861195476e-05,0,0,4.47087622888e-05,0.0166674368083,0,0,0,0,0,5.20286191906e-05,704181.086842
32.8138888889,-0.00102565239649,0.579487860203,2.40512919426,4.43056342192e-06,1.57861195476e-05,0,0,4.47087622888e-05,0.0166674368083,0,0,0,0,0,5.20286231831e-05,704181.086842
32.825,-0.00102565239649,0.579487860203,2.40512919426,4.43056342192e-06,1.57861195476e-05,0,0,4.47087622888e-05,0.0166674368083,0,0,0,0,0,5.20286317058e-05,704181.086842
32.8361111111,-0.00102565239649,0.579487860203,2.40512919426,4.43056342192e-06,1.57861195476e-05,0,0,4.47087622888e-05,0.0166674368083,0,0,0,0,0,5.20286365379e-05,704181.086842
32.8472222222,-0.00102565239649,0.579487860203,2.40512919426,4.43056342192e-06,1.57861195476e-05,0,0,4.47087622888e-05,0.0166674368083,0,0,0,0,0,5.2028632063e-05,704181.086842
32.8583333333,-0.00102565239649,0.579487860203,2.40512919426,4.43056342192e-06,1.57861195476e-05,0,0,4.47087622888e-05,0.0166674368083,0,0,0,0,0,5.20286571174e-05,704181.086842
32.8694444444,-0.00102565239649,0.579487860203,2.40512919426,4.43056342192e-06,1.57861195476e-05,0,0,4.47087622888e-05,0.0166674368083,0,0,0,0,0,5.20286503376e-05,704181.086842
32.8805555556,-0.00102565239649,0.579487860203,2.40512919426,4.43056342192e-06,1.57861195476e-05,0,0,4.47087622888e-05,0.0166674368083,0,0,0,0,0,5.20286366951e-05,704181.086842
32.8916666667,-0.00102565239649,0.579487860203,2.40512919426,4.43056342192e-06,1.57861195476e-05,0,0,4.47087622888e-05,0.0166674368083,0,0,0,0,0,5.20286605787e-05,704181.086842
32.9027777778,-0.00102565239649,0.579487860203,2.40512919426,4.43056342192e-06,1.57861195476e-05,0,0,4.47087622888e-05,0.0166674368083,0,0,0,0,0,5.20286539999e-05,704181.086842
32.9138888889,-0.00102565239649,0.579487860203,2.40512919426,4.43056342192e-06,1.57861195476e-05,0,0,4.47087622888e-05,0.0166674368083,0,0,0,0,0,5.20286145926e-05,704181.086842
32.925,-0.00102565239649,0.579487860203,2.40512919426,4.43056342192e-06,1.57861195476e-05,0,0,4.47087622888e-05,0.0166674368083,0,0,0,0,0,5.2028623816e-05,704181.086842
32.9361111111,-0.00102565239649,0.579487860203,2.40512919426,4.43056342192e-06,1.57861195476e-05,0,0,4.47087622888e-05,0.0166674368083,0,0,0,0,0,5.20286328463e-05,704181.086842
32.9472222222,-0.00102565239649,0.579487860203,2.40512919426,4.43056342192e-06,1.57861195476e-05,0,0,4.47087622888e-05,0.0166674368083,0,0,0,0,0,5.20286392059e-05,704181.086842
32.9583333333,-0.00102565239649,0.579487860203,2.40512919426,4.43056342192e-06,1.57861195476e-05,0,0,4.47087622888e-05,0.0166674368083,0,0,0,0,0,5.2028641059e-05,704181.086842
32.9694444444,-0.00102565239649,0.579487860203,2.40512919426,4.43056342192e-06,1.57861195476e-05,0,0,4.47087622888e-05,0.0166674368083,0,0,0,0,0,5.20286574856e-05,704181.086842
32.9805555556,-0.00102565239649,0.579487860203,2.40512919426,4.43056342192e-06,1.57861195476e-05,0,0,4.47087622888e-05,0.0166674368083,0,0,0,0,0,5.20286429039e-05,704181.086842
32.9916666667,-0.00102565239649,0.579487860203,2.40512919426,4.43056342192e-06,1.57861195476e-05,0,0,4.47087622888e-05,0.0166674368083,0,0,0,0,0,5.20286414466e-05,704181.086842
33.0027777778,-0.00102565239649,0.579487860203,2.40512919426,4.43056342192e-06,1.57861195476e-05,0,0,4.47087622888e-05,0.0166674368083,0,0,0,0,0,5.20286505754e-05,704181.086842
33.0138888889,-0.00102565239649,0.579487860203,2.40512919426,4.43056342192e-06,1.57861195476e-05,0,0,4.47087622888e-05,0.0166674368083,0,0,0,0,0,5.20286553651e-05,704181.086842
33.025,-0.00102565239649,0.579487860203,2.40512919426,4.43056342192e-06,1.57861195476e-05,0,0,4.47087622888e-05,0.0166674368083,0,0,0,0,0,5.20286402596e-05,704181.086842
33.0361111111,-0.00102565239649,0.579487860203,2.40512919426,4.43056342192e-06,1.57861195476e-05,0,0,4.47087622888e-05,0.0166674368083,0,0,0,0,0,5.20286560976e-05,704181.086842
33.0472222222,-0.00102565239649,0.579487860203,2.40512919426,4.43056342192e-06,1.57861195476e-05,0,0,4.47087622888e-05,0.0166674368083,0,0,0,0,0,5.20286381035e-05,704181.086842
33.0583333333,-0.00102565239649,0.579487860203,2.40512919426,4.43056342192e-06,1.57861195476e-05,0,0,4.47087622888e-05,0.0166674368083,0,0,0,0,0,5.20286305811e-05,704181.086842
33.0694444444,-0.00102565239649,0.579487860203,2.40512919426,4.43056342192e-06,1.57861195476e-05,0,0,4.47087622888e-05,0.0166674368083,0,0,0,0,0,5.20286177673e-05,704181.086842
33.0805555556,-0.00102565239649,0.579487860203,2.40512919426,4.43056342192e-06,1.57861195476e-05,0,0,4.47087622888e-05,0.0166674368083,0,0,0,0,0,5.20286070854e-05,704181.086842
33.0916666667,-0.00102565239649,0.579487860203,2.40512919426,4.43056342192e-06,1.57861195476e-05,0,0,4.47087622888e-05,0.0166674368083,0,0,0,0,0,5.20286309842e-05,704181.086842
33.1027777778,-0.00102565239649,0.579487860203,2.40512919426,4.43056342192e-06,1.57861195476e-05,0,0,4.47087622888e-05,0.0166674368083,0,0,0,0,0,5.20286475676e-05,704181.086842
33.1138888889,-0.00102565239649,0.579487860203,2.40512919426,4.43056342192e-06,1.57861195476e-05,0,0,4.47087622888e-05,0.0166674368083,0,0,0,0,0,5.20286332563e-05,704181.086842
33.125,-0.00102565239649,0.579487860203,2.40512919426,4.43056342192e-06,1.57861195476e-05,0,0,4.47087622888e-05,0.0166674368083,0,0,0,0,0,5.20286472203e-05,704181.086842
33.1361111111,-0.00102565239649,0.579487860203,2.40512919426,4.43056342192e-06,1.57861195476e-05,0,0,4.47087622888e-05,0.0166674368083,0,0,0,0,0,5.20286458326e-05,704181.086842
33.1472222222,-0.00102565239649,0.579487860203,2.40512919426,4.43056342192e-06,1.57861195476e-05,0,0,4.47087622888e-05,0.0166674368083,0,0,0,0,0,5.20286352166e-05,704181.086842
33.1583333333,-0.00102565239649,0.579487860203,2.40512919426,4.43056342192e-06,1.57861195476e-05,0,0,4.47087622888e-05,0.0166674368083,0,0,0,0,0,5.20286427533e-05,704181.086842
33.1694444444,-0.00102565239649,0.579487860203,2.40512919426,4.43056342192e-06,1.57861195476e-05,0,0,4.47087622888e-05,0.0166674368083,0,0,0,0,0,5.20286282429e-05,704181.086842
33.1805555556,-0.00102565239649,0.579487860203,2.40512919426,4.43056342192e-06,1.57861195476e-05,0,0,4.47087622888e-05,0.0166674368083,0,0,0,0,0,5.20286407229e-05,704181.086842
33.1916666667,-0.00102565239649,0.579487860203,2.40512919426,4.43056342192e-06,1.57861195476e-05,0,0,4.47087622888e-05,0.0166674368083,0,0,0,0,0,5.20286492215e-05,704181.086842
33.2027777778,-0.00102565239649,0.579487860203,2.40512919426,4.43056342192e-06,1.57861195476e-05,0,0,4.47087622888e-05,0.0166674368083,0,0,0,0,0,5.20286332253e-05,704181.086842
33.2138888889,-0.00102565239649,0.579487860203,2.40512919426,4.43056342192e-06,1.57861195476e-05,0,0,4.47087622888e-05,0.0166674368083,0,0,0,0,0,5.20286519769e-05,704181.086842
33.225,-0.00102565239649,0.579487860203,2.40512919426,4.43056342192e-06,1.57861195476e-05,0,0,4.47087622888e-05,0.0166674368083,0,0,0,0,0,5.20286316552e-05,704181.086842
33.2361111111,-0.00102565239649,0.579487860203,2.40512919426,4.43056342192e-06,1.57861195476e-05,0,0,4.47087622888e-05,0.0166674368083,0,0,0,0,0,5.20286578754e-05,704181.086842
33.2472222222,-0.00102565239649,0.579487860203,2.40512919426,4.43056342192e-06,1.57861195476e-05,0,0,4.47087622888e-05,0.0166674368083,0,0,0,0,0,5.20286378653e-05,704181.086842
33.2583333333,-0.00102565239649,0.579487860203,2.40512919426,4.43056342192e-06,1.57861195476e-05,0,0,4.47087622888e-05,0.0166674368083,0,0,0,0,0,5.20286469847e-05,704181.086842
33.2694444444,-0.00102565239649,0.579487860203,2.40512919426,4.43056342192e-06,1.57861195476e-05,0,0,4.47087622888e-05,0.0166674368083,0,0,0,0,0,5.20286485957e-05,704181.086842
33.2805555556,-0.00102565239649,0.579487860203,2.40512919426,4.43056342192e-06,1.57861195476e-05,0,0,4.47087622888e-05,0.0166674368083,0,0,0,0,0,5.202862808e-05,704181.086842
33.2916666667,-0.00102565239649,0.579487860203,2.40512919426,4.43056342192e-06,1.57861195476e-05,0,0,4.47087622888e-05,0.0166674368083,0,0,0,0,0,5.20286471092e-05,704181.086842
33.3027777778,-0.00102565239649,0.579487860203,2.40512919426,4.43056342192e-06,1.57861195476e-05,0,0,4.47087622888e-05,0.0166674368083,0,0,0,0,0,5.20286675577e-05,704181.086842
33.3138888889,-0.00102565239649,0.579487860203,2.40512919426,4.43056342192e-06,1.57861195476e-05,0,0,4.47087622888e-05,0.0166674368083,0,0,0,0,0,5.20286490869e-05,704181.086842
33.325,-0.00102565239649,0.579487860203,2.40512919426,4.43056342192e-06,1.57861195476e-05,0,0,4.47087622888e-05,0.0166674368083,0,0,0,0,0,5.20286249286e-05,704181.086842
33.3361111111,-0.00102565239649,0.579487860203,2.40512919426,4.43056342192e-06,1.57861195476e-05,0,0,4.47087622888e-05,0.0166674368083,0,0,0,0,0,5.20286432837e-05,704181.086842
33.3472222222,-0.00102565239649,0.579487860203,2.40512919426,4.43056342192e-06,1.57861195476e-05,0,0,4.47087622888e-05,0.0166674368083,0,0,0,0,0,5.20286499473e-05,704181.086842
33.3583333333,-0.00102565239649,0.579487860203,2.40512919426,4.43056342192e-06,1.57861195476e-05,0,0,4.47087622888e-05,0.0166674368083,0,0,0,0,0,5.20286156477e-05,704181.086842
33.3694444444,-0.00102565239649,0.579487860203,2.40512919426,4.43056342192e-06,1.57861195476e-05,0,0,4.47087622888e-05,0.0166674368083,0,0,0,0,0,5.20286414214e-05,704181.086842
33.3805555556,-0.00102565239649,0.579487860203,2.40512919426,4.43056342192e-06,1.57861195476e-05,0,0,4.47087622888e-05,0.0166674368083,0,0,0,0,0,5.20286451828e-05,704181.086842
33.3916666667,-0.00102565239649,0.579487860203,2.40512919426,4.43056342192e-06,1.57861195476e-05,0,0,4.47087622888e-05,0.0166674368083,0,0,0,0,0,5.2028648761e-05,704181.086842
33.4027777778,-0.00102565239649,0.579487860203,2.40512919426,4.43056342192e-06,1.57861195476e-05,0,0,4.47087622888e-05,0.0166674368083,0,0,0,0,0,5.20286452897e-05,704181.086842
33.4138888889,-0.00102565239649,0.579487860203,2.40512919426,4.43056342192e-06,1.57861195476e-05,0,0,4.47087622888e-05,0.0166674368083,0,0,0,0,0,5.20286650582e-05,704181.086842
33.425,-0.00102565239649,0.579487860203,2.40512919426,4.43056342192e-06,1.57861195476e-05,0,0,4.47087622888e-05,0.0166674368083,0,0,0,0,0,5.20286523001e-05,704181.086842
33.4361111111,-0.00102565239649,0.579487860203,2.40512919426,4.43056342192e-06,1.57861195476e-05,0,0,4.47087622888e-05,0.0166674368083,0,0,0,0,0,5.2028660547e-05,704181.086842
33.4472222222,-0.00102565239649,0.579487860203,2.40512919426,4.43056342192e-06,1.57861195476e-05,0,0,4.47087622888e-05,0.0166674368083,0,0,0,0,0,5.20286268792e-05,704181.086842
33.4583333333,-0.00102565239649,0.579487860203,2.40512919426,4.43056342192e-06,1.57861195476e-05,0,0,4.47087622888e-05,0.0166674368083,0,0,0,0,0,5.2028640281e-05,704181.086842
33.4694444444,-0.00102565239649,0.579487860203,2.40512919426,4.43056342192e-06,1.57861195476e-05,0,0,4.47087622888e-05,0.0166674368083,0,0,0,0,0,5.20286350558e-05,704181.086842
33.4805555556,-0.00102565239649,0.579487860203,2.40512919426,4.43056342192e-06,1.57861195476e-05,0,0,4.47087622888e-05,0.0166674368083,0,0,0,0,0,5.20286528482e-05,704181.086842
33.4916666667,-0.00102565239649,0.579487860203,2.40512919426,4.43056342192e-06,1.57861195476e-05,0,0,4.47087622888e-05,0.0166674368083,0,0,0,0,0,5.20286303627e-05,704181.086842
33.5027777778,-0.00102565239649,0.579487860203,2.40512919426,4.43056342192e-06,1.57861195476e-05,0,0,4.47087622888e-05,0.0166674368083,0,0,0,0,0,5.20286497364e-05,704181.086842
33.5138888889,-0.00102565239649,0.579487860203,2.40512919426,4.43056342192e-06,1.57861195476e-05,0,0,4.47087622888e-05,0.0166674368083,0,0,0,0,0,5.202865864e-05,704181.086842
33.525,-0.00102565239649,0.579487860203,2.40512919426,4.43056342192e-06,1.57861195476e-05,0,0,4.47087622888e-05,0.0166674368083,0,0,0,0,0,5.20286463071e-05,704181.086842
33.5361111111,-0.00102565239649,0.579487860203,2.40512919426,4.43056342192e-06,1.57861195476e-05,0,0,4.47087622888e-05,0.0166674368083,0,0,0,0,0,5.20286431541e-05,704181.086842
33.5472222222,-0.00102565239649,0.579487860203,2.40512919426,4.43056342192e-06,1.57861195476e-05,0,0,4.47087622888e-05,0.0166674368083,0,0,0,0,0,5.20286462992e-05,704181.086842
33.5583333333,-0.00102565239649,0.579487860203,2.40512919426,4.43056342192e-06,1.57861195476e-05,0,0,4.47087622888e-05,0.0166674368083,0,0,0,0,0,5.20286421742e-05,704181.086842
33.5694444444,-0.00102565239649,0.579487860203,2.40512919426,4.43056342192e-06,1.57861195476e-05,0,0,4.47087622888e-05,0.0166674368083,0,0,0,0,0,5.20286334956e-05,704181.086842
33.5805555556,-0.00102565239649,0.579487860203,2.40512919426,4.43056342192e-06,1.57861195476e-05,0,0,4.47087622888e-05,0.0166674368083,0,0,0,0,0,5.20286238963e-05,704181.086842
33.5916666667,-0.00102565239649,0.579487860203,2.40512919426,4.43056342192e-06,1.57861195476e-05,0,0,4.47087622888e-05,0.0166674368083,0,0,0,0,0,5.20286343949e-05,704181.086842
33.6027777778,-0.00102565239649,0.579487860203,2.40512919426,4.43056342192e-06,1.57861195476e-05,0,0,4.47087622888e-05,0.0166674368083,0,0,0,0,0,5.20286540234e-05,704181.086842
33.6138888889,-0.00102565239649,0.579487860203,2.40512919426,4.43056342192e-06,1.57861195476e-05,0,0,4.47087622888e-05,0.0166674368083,0,0,0,0,0,5.20286547349e-05,704181.086842
33.625,-0.00102565239649,0.579487860203,2.40512919426,4.43056342192e-06,1.57861195476e-05,0,0,4.47087622888e-05,0.0166674368083,0,0,0,0,0,5.20286543153e-05,704181.086842
33.6361111111,-0.00102565239649,0.579487860203,2.40512919426,4.43056342192e-06,1.57861195476e-05,0,0,4.47087622888e-05,0.0166674368083,0,0,0,0,0,5.20286398901e-05,704181.086842
33.6472222222,-0.00102565239649,0.579487860203,2.40512919426,4.43056342192e-06,1.57861195476e-05,0,0,4.47087622888e-05,0.0166674368083,0,0,0,0,0,5.20286552875e-05,704181.086842
33.6583333333,-0.00102565239649,0.579487860203,2.40512919426,4.43056342192e-06,1.57861195476e-05,0,0,4.47087622888e-05,0.0166674368083,0,0,0,0,0,5.20286423791e-05,704181.086842
33.6694444444,-0.00102565239649,0.579487860203,2.40512919426,4.43056342192e-06,1.57861195476e-05,0,0,4.47087622888e-05,0.0166674368083,0,0,0,0,0,5.20286282796e-05,704181.086842
33.6805555556,-0.00102565239649,0.579487860203,2.40512919426,4.43056342192e-06,1.57861195476e-05,0,0,4.47087622888e-05,0.0166674368083,0,0,0,0,0,5.20286365358e-05,704181.086842
33.6916666667,-0.00102565239649,0.579487860203,2.40512919426,4.43056342192e-06,1.57861195476e-05,0,0,4.47087622888e-05,0.0166674368083,0,0,0,0,0,5.20286351858e-05,704181.086842
33.7027777778,-0.00102565239649,0.579487860203,2.40512919426,4.43056342192e-06,1.57861195476e-05,0,0,4.47087622888e-05,0.0166674368083,0,0,0,0,0,5.2028630821e-05,704181.086842
33.7138888889,-0.00102565239649,0.579487860203,2.40512919426,4.43056342192e-06,1.57861195476e-05,0,0,4.47087622888e-05,0.0166674368083,0,0,0,0,0,5.20286438363e-05,704181.086842
33.725,-0.00102565239649,0.579487860203,2.40512919426,4.43056342192e-06,1.57861195476e-05,0,0,4.47087622888e-05,0.0166674368083,0,0,0,0,0,5.20286483209e-05,704181.086842
33.7361111111,-0.00102565239649,0.579487860203,2.40512919426,4.43056342192e-06,1.57861195476e-05,0,0,4.47087622888e-05,0.0166674368083,0,0,0,0,0,5.20286382472e-05,704181.086842
33.7472222222,-0.00102565239649,0.579487860203,2.40512919426,4.43056342192e-06,1.57861195476e-05,0,0,4.47087622888e-05,0.0166674368083,0,0,0,0,0,5.20286153101e-05,704181.086842
33.7583333333,-0.00102565239649,0.579487860203,2.40512919426,4.43056342192e-06,1.57861195476e-05,0,0,4.47087622888e-05,0.0166674368083,0,0,0,0,0,5.20286349824e-05,704181.086842
33.7694444444,-0.00102565239649,0.579487860203,2.40512919426,4.43056342192e-06,1.57861195476e-05,0,0,4.47087622888e-05,0.0166674368083,0,0,0,0,0,5.20286397812e-05,704181.086842
33.7805555556,-0.00102565239649,0.579487860203,2.40512919426,4.43056342192e-06,1.57861195476e-05,0,0,4.47087622888e-05,0.0166674368083,0,0,0,0,0,5.20286306718e-05,704181.086842
33.7916666667,-0.00102565239649,0.579487860203,2.40512919426,4.43056342192e-06,1.57861195476e-05,0,0,4.47087622888e-05,0.0166674368083,0,0,0,0,0,5.20286287734e-05,704181.086842
33.8027777778,-0.00102565239649,0.579487860203,2.40512919426,4.43056342192e-06,1.57861195476e-05,0,0,4.47087622888e-05,0.0166674368083,0,0,0,0,0,5.2028646386e-05,704181.086842
33.8138888889,-0.00102565239649,0.579487860203,2.40512919426,4.43056342192e-06,1.57861195476e-05,0,0,4.47087622888e-05,0.0166674368083,0,0,0,0,0,5.20286423096e-05,704181.086842
33.825,-0.00102565239649,0.579487860203,2.40512919426,4.43056342192e-06,1.57861195476e-05,0,0,4.47087622888e-05,0.0166674368083,0,0,0,0,0,5.20286212236e-05,704181.086842
33.8361111111,-0.00102565239649,0.579487860203,2.40512919426,4.43056342192e-06,1.57861195476e-05,0,0,4.47087622888e-05,0.0166674368083,0,0,0,0,0,5.20286344049e-05,704181.086842
33.8472222222,-0.00102565239649,0.579487860203,2.40512919426,4.43056342192e-06,1.57861195476e-05,0,0,4.47087622888e-05,0.0166674368083,0,0,0,0,0,5.20286524242e-05,704181.086842
33.8583333333,-0.00102565239649,0.579487860203,2.40512919426,4.43056342192e-06,1.57861195476e-05,0,0,4.47087622888e-05,0.0166674368083,0,0,0,0,0,5.20286423222e-05,704181.086842
33.8694444444,-0.00102565239649,0.579487860203,2.40512919426,4.43056342192e-06,1.57861195476e-05,0,0,4.47087622888e-05,0.0166674368083,0,0,0,0,0,5.20286131588e-05,704181.086842
33.8805555556,-0.00102565239649,0.579487860203,2.40512919426,4.43056342192e-06,1.57861195476e-05,0,0,4.47087622888e-05,0.0166674368083,0,0,0,0,0,5.20286423823e-05,704181.086842
33.8916666667,-0.00102565239649,0.579487860203,2.40512919426,4.43056342192e-06,1.57861195476e-05,0,0,4.47087622888e-05,0.0166674368083,0,0,0,0,0,5.2028638324e-05,704181.086842
33.9027777778,-0.00102565239649,0.579487860203,2.40512919426,4.43056342192e-06,1.57861195476e-05,0,0,4.47087622888e-05,0.0166674368083,0,0,0,0,0,5.20286300136e-05,704181.086842
33.9138888889,-0.00102565239649,0.579487860203,2.40512919426,4.43056342192e-06,1.57861195476e-05,0,0,4.47087622888e-05,0.0166674368083,0,0,0,0,0,5.2028647891e-05,704181.086842
33.925,-0.00102565239649,0.579487860203,2.40512919426,4.43056342192e-06,1.57861195476e-05,0,0,4.47087622888e-05,0.0166674368083,0,0,0,0,0,5.20286363492e-05,704181.086842
33.9361111111,-0.00102565239649,0.579487860203,2.40512919426,4.43056342192e-06,1.57861195476e-05,0,0,4.47087622888e-05,0.0166674368083,0,0,0,0,0,5.20286412876e-05,704181.086842
33.9472222222,-0.00102565239649,0.579487860203,2.40512919426,4.43056342192e-06,1.57861195476e-05,0,0,4.47087622888e-05,0.0166674368083,0,0,0,0,0,5.20286486799e-05,704181.086842
33.9583333333,-0.00102565239649,0.579487860203,2.40512919426,4.43056342192e-06,1.57861195476e-05,0,0,4.47087622888e-05,0.0166674368083,0,0,0,0,0,5.2028650569e-05,704181.086842
33.9694444444,-0.00102565239649,0.579487860203,2.40512919426,4.43056342192e-06,1.57861195476e-05,0,0,4.47087622888e-05,0.0166674368083,0,0,0,0,0,5.2028636566e-05,704181.086842
33.9805555556,-0.00102565239649,0.579487860203,2.40512919426,4.43056342192e-06,1.57861195476e-05,0,0,4.47087622888e-05,0.0166674368083,0,0,0,0,0,5.20286411814e-05,704181.086842
33.9916666667,-0.00102565239649,0.579487860203,2.40512919426,4.43056342192e-06,1.57861195476e-05,0,0,4.47087622888e-05,0.0166674368083,0,0,0,0,0,5.20286321465e-05,704181.086842
34.0027777778,-0.00102565239649,0.579487860203,2.40512919426,4.43056342192e-06,1.57861195476e-05,0,0,4.47087622888e-05,0.0166674368083,0,0,0,0,0,5.20286383857e-05,704181.086842
34.0138888889,-0.00102565239649,0.579487860203,2.40512919426,4.43056342192e-06,1.57861195476e-05,0,0,4.47087622888e-05,0.0166674368083,0,0,0,0,0,5.20286589845e-05,704181.086842
34.025,-0.00102565239649,0.579487860203,2.40512919426,4.43056342192e-06,1.57861195476e-05,0,0,4.47087622888e-05,0.0166674368083,0,0,0,0,0,5.20286349763e-05,704181.086842
34.0361111111,-0.00102565239649,0.579487860203,2.40512919426,4.43056342192e-06,1.57861195476e-05,0,0,4.47087622888e-05,0.0166674368083,0,0,0,0,0,5.2028626142e-05,704181.086842
34.0472222222,-0.00102565239649,0.579487860203,2.40512919426,4.43056342192e-06,1.57861195476e-05,0,0,4.47087622888e-05,0.0166674368083,0,0,0,0,0,5.20286352485e-05,704181.086842
34.0583333333,-0.00102565239649,0.579487860203,2.40512919426,4.43056342192e-06,1.57861195476e-05,0,0,4.47087622888e-05,0.0166674368083,0,0,0,0,0,5.2028623327e-05,704181.086842
34.0694444444,-0.00102565239649,0.579487860203,2.40512919426,4.43056342192e-06,1.57861195476e-05,0,0,4.47087622888e-05,0.0166674368083,0,0,0,0,0,5.20286210589e-05,704181.086842
34.0805555556,-0.00102565239649,0.579487860203,2.40512919426,4.43056342192e-06,1.57861195476e-05,0,0,4.47087622888e-05,0.0166674368083,0,0,0,0,0,5.20286376057e-05,704181.086842
34.0916666667,-0.00102565239649,0.579487860203,2.40512919426,4.43056342192e-06,1.57861195476e-05,0,0,4.47087622888e-05,0.0166674368083,0,0,0,0,0,5.20286403901e-05,704181.086842
34.1027777778,-0.00102565239649,0.579487860203,2.40512919426,4.43056342192e-06,1.57861195476e-05,0,0,4.47087622888e-05,0.0166674368083,0,0,0,0,0,5.20286387168e-05,704181.086842
34.1138888889,-0.00102565239649,0.579487860203,2.40512919426,4.43056342192e-06,1.57861195476e-05,0,0,4.47087622888e-05,0.0166674368083,0,0,0,0,0,5.20286300616e-05,704181.086842
34.125,-0.00102565239649,0.579487860203,2.40512919426,4.43056342192e-06,1.57861195476e-05,0,0,4.47087622888e-05,0.0166674368083,0,0,0,0,0,5.20286328057e-05,704181.086842
34.1361111111,-0.00102565239649,0.579487860203,2.40512919426,4.43056342192e-06,1.57861195476e-05,0,0,4.47087622888e-05,0.0166674368083,0,0,0,0,0,5.20286465208e-05,704181.086842
34.1472222222,-0.00102565239649,0.579487860203,2.40512919426,4.43056342192e-06,1.57861195476e-05,0,0,4.47087622888e-05,0.0166674368083,0,0,0,0,0,5.20286412344e-05,704181.086842
34.1583333333,-0.00102565239649,0.579487860203,2.40512919426,4.43056342192e-06,1.57861195476e-05,0,0,4.47087622888e-05,0.0166674368083,0,0,0,0,0,5.20286347564e-05,704181.086842
34.1694444444,-0.00102565239649,0.579487860203,2.40512919426,4.43056342192e-06,1.57861195476e-05,0,0,4.47087622888e-05,0.0166674368083,0,0,0,0,0,5.20286405778e-05,704181.086842
34.1805555556,-0.00102565239649,0.579487860203,2.40512919426,4.43056342192e-06,1.57861195476e-05,0,0,4.47087622888e-05,0.0166674368083,0,0,0,0,0,5.20286295822e-05,704181.086842
34.1916666667,-0.00102565239649,0.579487860203,2.40512919426,4.43056342192e-06,1.57861195476e-05,0,0,4.47087622888e-05,0.0166674368083,0,0,0,0,0,5.2028632026e-05,704181.086842
34.2027777778,-0.00102565239649,0.579487860203,2.40512919426,4.43056342192e-06,1.57861195476e-05,0,0,4.47087622888e-05,0.0166674368083,0,0,0,0,0,5.20286213223e-05,704181.086842
34.2138888889,-0.00102565239649,0.579487860203,2.40512919426,4.43056342192e-06,1.57861195476e-05,0,0,4.47087622888e-05,0.0166674368083,0,0,0,0,0,5.20286458087e-05,704181.086842
34.225,-0.00102565239649,0.579487860203,2.40512919426,4.43056342192e-06,1.57861195476e-05,0,0,4.47087622888e-05,0.0166674368083,0,0,0,0,0,5.20286484989e-05,704181.086842
34.2361111111,-0.00102565239649,0.579487860203,2.40512919426,4.43056342192e-06,1.57861195476e-05,0,0,4.47087622888e-05,0.0166674368083,0,0,0,0,0,5.2028630162e-05,704181.086842
34.2472222222,-0.00102565239649,0.579487860203,2.40512919426,4.43056342192e-06,1.57861195476e-05,0,0,4.47087622888e-05,0.0166674368083,0,0,0,0,0,5.20286431462e-05,704181.086842
34.2583333333,-0.00102565239649,0.579487860203,2.40512919426,4.43056342192e-06,1.57861195476e-05,0,0,4.47087622888e-05,0.0166674368083,0,0,0,0,0,5.20286326214e-05,704181.086842
34.2694444444,-0.00102565239649,0.579487860203,2.40512919426,4.43056342192e-06,1.57861195476e-05,0,0,4.47087622888e-05,0.0166674368083,0,0,0,0,0,5.20286442864e-05,704181.086842
34.2805555556,-0.00102565239649,0.579487860203,2.40512919426,4.43056342192e-06,1.57861195476e-05,0,0,4.47087622888e-05,0.0166674368083,0,0,0,0,0,5.20286264362e-05,704181.086842
34.2916666667,-0.00102565239649,0.579487860203,2.40512919426,4.43056342192e-06,1.57861195476e-05,0,0,4.47087622888e-05,0.0166674368083,0,0,0,0,0,5.20286249268e-05,704181.086842
34.3027777778,-0.00102565239649,0.579487860203,2.40512919426,4.43056342192e-06,1.57861195476e-05,0,0,4.47087622888e-05,0.0166674368083,0,0,0,0,0,5.20286531703e-05,704181.086842
34.3138888889,-0.00102565239649,0.579487860203,2.40512919426,4.43056342192e-06,1.57861195476e-05,0,0,4.47087622888e-05,0.0166674368083,0,0,0,0,0,5.20286309482e-05,704181.086842
34.325,-0.00102565239649,0.579487860203,2.40512919426,4.43056342192e-06,1.57861195476e-05,0,0,4.47087622888e-05,0.0166674368083,0,0,0,0,0,5.20286268397e-05,704181.086842
34.3361111111,-0.00102565239649,0.579487860203,2.40512919426,4.43056342192e-06,1.57861195476e-05,0,0,4.47087622888e-05,0.0166674368083,0,0,0,0,0,5.20286338337e-05,704181.086842
34.3472222222,-0.00102565239649,0.579487860203,2.40512919426,4.43056342192e-06,1.57861195476e-05,0,0,4.47087622888e-05,0.0166674368083,0,0,0,0,0,5.2028622403e-05,704181.086842
34.3583333333,-0.00102565239649,0.579487860203,2.40512919426,4.43056342192e-06,1.57861195476e-05,0,0,4.47087622888e-05,0.0166674368083,0,0,0,0,0,5.20286326867e-05,704181.086842
34.3694444444,-0.00102565239649,0.579487860203,2.40512919426,4.43056342192e-06,1.57861195476e-05,0,0,4.47087622888e-05,0.0166674368083,0,0,0,0,0,5.20286413312e-05,704181.086842
34.3805555556,-0.00102565239649,0.579487860203,2.40512919426,4.43056342192e-06,1.57861195476e-05,0,0,4.47087622888e-05,0.0166674368083,0,0,0,0,0,5.20285967495e-05,704181.086842
34.3916666667,-0.00102565239649,0.579487860203,2.40512919426,4.43056342192e-06,1.57861195476e-05,0,0,4.47087622888e-05,0.0166674368083,0,0,0,0,0,5.20286433948e-05,704181.086842
34.4027777778,-0.00102565239649,0.579487860203,2.40512919426,4.43056342192e-06,1.57861195476e-05,0,0,4.47087622888e-05,0.0166674368083,0,0,0,0,0,5.20286496898e-05,704181.086842
34.4138888889,-0.00102565239649,0.579487860203,2.40512919426,4.43056342192e-06,1.57861195476e-05,0,0,4.47087622888e-05,0.0166674368083,0,0,0,0,0,5.20286384479e-05,704181.086842
34.425,-0.00102565239649,0.579487860203,2.40512919426,4.43056342192e-06,1.57861195476e-05,0,0,4.47087622888e-05,0.0166674368083,0,0,0,0,0,5.20286320636e-05,704181.086842
34.4361111111,-0.00102565239649,0.579487860203,2.40512919426,4.43056342192e-06,1.57861195476e-05,0,0,4.47087622888e-05,0.0166674368083,0,0,0,0,0,5.2028625654e-05,704181.086842
34.4472222222,-0.00102565239649,0.579487860203,2.40512919426,4.43056342192e-06,1.57861195476e-05,0,0,4.47087622888e-05,0.0166674368083,0,0,0,0,0,5.20286358033e-05,704181.086842
34.4583333333,-0.00102565239649,0.579487860203,2.40512919426,4.43056342192e-06,1.57861195476e-05,0,0,4.47087622888e-05,0.0166674368083,0,0,0,0,0,5.2028616117e-05,704181.086842
34.4694444444,-0.00102565239649,0.579487860203,2.40512919426,4.43056342192e-06,1.57861195476e-05,0,0,4.47087622888e-05,0.0166674368083,0,0,0,0,0,5.20286245335e-05,704181.086842
34.4805555556,-0.00102565239649,0.579487860203,2.40512919426,4.43056342192e-06,1.57861195476e-05,0,0,4.47087622888e-05,0.0166674368083,0,0,0,0,0,5.20286440443e-05,704181.086842
34.4916666667,-0.00102565239649,0.579487860203,2.40512919426,4.43056342192e-06,1.57861195476e-05,0,0,4.47087622888e-05,0.0166674368083,0,0,0,0,0,5.2028643128e-05,704181.086842
34.5027777778,-0.00102565239649,0.579487860203,2.40512919426,4.43056342192e-06,1.57861195476e-05,0,0,4.47087622888e-05,0.0166674368083,0,0,0,0,0,5.20286406318e-05,704181.086842
34.5138888889,-0.00102565239649,0.579487860203,2.40512919426,4.43056342192e-06,1.57861195476e-05,0,0,4.47087622888e-05,0.0166674368083,0,0,0,0,0,5.20286350271e-05,704181.086842
34.525,-0.00102565239649,0.579487860203,2.40512919426,4.43056342192e-06,1.57861195476e-05,0,0,4.47087622888e-05,0.0166674368083,0,0,0,0,0,5.20286279439e-05,704181.086842
34.5361111111,-0.00102565239649,0.579487860203,2.40512919426,4.43056342192e-06,1.57861195476e-05,0,0,4.47087622888e-05,0.0166674368083,0,0,0,0,0,5.20286384376e-05,704181.086842
34.5472222222,-0.00102565239649,0.579487860203,2.40512919426,4.43056342192e-06,1.57861195476e-05,0,0,4.47087622888e-05,0.0166674368083,0,0,0,0,0,5.20286321694e-05,704181.086842
34.5583333333,-0.00102565239649,0.579487860203,2.40512919426,4.43056342192e-06,1.57861195476e-05,0,0,4.47087622888e-05,0.0166674368083,0,0,0,0,0,5.20286464975e-05,704181.086842
34.5694444444,-0.00102565239649,0.579487860203,2.40512919426,4.43056342192e-06,1.57861195476e-05,0,0,4.47087622888e-05,0.0166674368083,0,0,0,0,0,5.20286608898e-05,704181.086842
34.5805555556,-0.00102565239649,0.579487860203,2.40512919426,4.43056342192e-06,1.57861195476e-05,0,0,4.47087622888e-05,0.0166674368083,0,0,0,0,0,5.20286458182e-05,704181.086842
34.5916666667,-0.00102565239649,0.579487860203,2.40512919426,4.43056342192e-06,1.57861195476e-05,0,0,4.47087622888e-05,0.0166674368083,0,0,0,0,0,5.20286351347e-05,704181.086842
34.6027777778,-0.00102565239649,0.579487860203,2.40512919426,4.43056342192e-06,1.57861195476e-05,0,0,4.47087622888e-05,0.0166674368083,0,0,0,0,0,5.20286301103e-05,704181.086842
34.6138888889,-0.00102565239649,0.579487860203,2.40512919426,4.43056342192e-06,1.57861195476e-05,0,0,4.47087622888e-05,0.0166674368083,0,0,0,0,0,5.20286529231e-05,704181.086842
34.625,-0.00102565239649,0.579487860203,2.40512919426,4.43056342192e-06,1.57861195476e-05,0,0,4.47087622888e-05,0.0166674368083,0,0,0,0,0,5.20286450383e-05,704181.086842
34.6361111111,-0.00102565239649,0.579487860203,2.40512919426,4.43056342192e-06,1.57861195476e-05,0,0,4.47087622888e-05,0.0166674368083,0,0,0,0,0,5.20286435185e-05,704181.086842
34.6472222222,-0.00102565239649,0.579487860203,2.40512919426,4.43056342192e-06,1.57861195476e-05,0,0,4.47087622888e-05,0.0166674368083,0,0,0,0,0,5.2028632825e-05,704181.086842
34.6583333333,-0.00102565239649,0.579487860203,2.40512919426,4.43056342192e-06,1.57861195476e-05,0,0,4.47087622888e-05,0.0166674368083,0,0,0,0,0,5.20286378942e-05,704181.086842
34.6694444444,-0.00102565239649,0.579487860203,2.40512919426,4.43056342192e-06,1.57861195476e-05,0,0,4.47087622888e-05,0.0166674368083,0,0,0,0,0,5.20286417116e-05,704181.086842
34.6805555556,-0.00102565239649,0.579487860203,2.40512919426,4.43056342192e-06,1.57861195476e-05,0,0,4.47087622888e-05,0.0166674368083,0,0,0,0,0,5.20286520325e-05,704181.086842
34.6916666667,-0.00102565239649,0.579487860203,2.40512919426,4.43056342192e-06,1.57861195476e-05,0,0,4.47087622888e-05,0.0166674368083,0,0,0,0,0,5.20286266256e-05,704181.086842
34.7027777778,-0.00102565239649,0.579487860203,2.40512919426,4.43056342192e-06,1.57861195476e-05,0,0,4.47087622888e-05,0.0166674368083,0,0,0,0,0,5.2028622327e-05,704181.086842
34.7138888889,-0.00102565239649,0.579487860203,2.40512919426,4.43056342192e-06,1.57861195476e-05,0,0,4.47087622888e-05,0.0166674368083,0,0,0,0,0,5.2028646321e-05,704181.086842
34.725,-0.00102565239649,0.579487860203,2.40512919426,4.43056342192e-06,1.57861195476e-05,0,0,4.47087622888e-05,0.0166674368083,0,0,0,0,0,5.20286257337e-05,704181.086842
34.7361111111,-0.00102565239649,0.579487860203,2.40512919426,4.43056342192e-06,1.57861195476e-05,0,0,4.47087622888e-05,0.0166674368083,0,0,0,0,0,5.20286427356e-05,704181.086842
34.7472222222,-0.00102565239649,0.579487860203,2.40512919426,4.43056342192e-06,1.57861195476e-05,0,0,4.47087622888e-05,0.0166674368083,0,0,0,0,0,5.20286229486e-05,704181.086842
34.7583333333,-0.00102565239649,0.579487860203,2.40512919426,4.43056342192e-06,1.57861195476e-05,0,0,4.47087622888e-05,0.0166674368083,0,0,0,0,0,5.20286467694e-05,704181.086842
34.7694444444,-0.00102565239649,0.579487860203,2.40512919426,4.43056342192e-06,1.57861195476e-05,0,0,4.47087622888e-05,0.0166674368083,0,0,0,0,0,5.20286456679e-05,704181.086842
34.7805555556,-0.00102565239649,0.579487860203,2.40512919426,4.43056342192e-06,1.57861195476e-05,0,0,4.47087622888e-05,0.0166674368083,0,0,0,0,0,5.20286539267e-05,704181.086842
34.7916666667,-0.00102565239649,0.579487860203,2.40512919426,4.43056342192e-06,1.57861195476e-05,0,0,4.47087622888e-05,0.0166674368083,0,0,0,0,0,5.20286481273e-05,704181.086842
34.8027777778,-0.00102565239649,0.579487860203,2.40512919426,4.43056342192e-06,1.57861195476e-05,0,0,4.47087622888e-05,0.0166674368083,0,0,0,0,0,5.2028652137e-05,704181.086842
34.8138888889,-0.00102565239649,0.579487860203,2.40512919426,4.43056342192e-06,1.57861195476e-05,0,0,4.47087622888e-05,0.0166674368083,0,0,0,0,0,5.20286090607e-05,704181.086842
34.825,-0.00102565239649,0.579487860203,2.40512919426,4.43056342192e-06,1.57861195476e-05,0,0,4.47087622888e-05,0.0166674368083,0,0,0,0,0,5.20286455635e-05,704181.086842
34.8361111111,-0.00102565239649,0.579487860203,2.40512919426,4.43056342192e-06,1.57861195476e-05,0,0,4.47087622888e-05,0.0166674368083,0,0,0,0,0,5.20286494839e-05,704181.086842
34.8472222222,-0.00102565239649,0.579487860203,2.40512919426,4.43056342192e-06,1.57861195476e-05,0,0,4.47087622888e-05,0.0166674368083,0,0,0,0,0,5.20286455079e-05,704181.086842
34.8583333333,-0.00102565239649,0.579487860203,2.40512919426,4.43056342192e-06,1.57861195476e-05,0,0,4.47087622888e-05,0.0166674368083,0,0,0,0,0,5.20286177386e-05,704181.086842
34.8694444444,-0.00102565239649,0.579487860203,2.40512919426,4.43056342192e-06,1.57861195476e-05,0,0,4.47087622888e-05,0.0166674368083,0,0,0,0,0,5.20286288002e-05,704181.086842
34.8805555556,-0.00102565239649,0.579487860203,2.40512919426,4.43056342192e-06,1.57861195476e-05,0,0,4.47087622888e-05,0.0166674368083,0,0,0,0,0,5.20286347692e-05,704181.086842
34.8916666667,-0.00102565239649,0.579487860203,2.40512919426,4.43056342192e-06,1.57861195476e-05,0,0,4.47087622888e-05,0.0166674368083,0,0,0,0,0,5.20286650898e-05,704181.086842
34.9027777778,-0.00102565239649,0.579487860203,2.40512919426,4.43056342192e-06,1.57861195476e-05,0,0,4.47087622888e-05,0.0166674368083,0,0,0,0,0,5.20286049264e-05,704181.086842
34.9138888889,-0.00102565239649,0.579487860203,2.40512919426,4.43056342192e-06,1.57861195476e-05,0,0,4.47087622888e-05,0.0166674368083,0,0,0,0,0,5.20286591018e-05,704181.086842
34.925,-0.00102565239649,0.579487860203,2.40512919426,4.43056342192e-06,1.57861195476e-05,0,0,4.47087622888e-05,0.0166674368083,0,0,0,0,0,5.20286424359e-05,704181.086842
34.9361111111,-0.00102565239649,0.579487860203,2.40512919426,4.43056342192e-06,1.57861195476e-05,0,0,4.47087622888e-05,0.0166674368083,0,0,0,0,0,5.2028632007e-05,704181.086842
34.9472222222,-0.00102565239649,0.579487860203,2.40512919426,4.43056342192e-06,1.57861195476e-05,0,0,4.47087622888e-05,0.0166674368083,0,0,0,0,0,5.20286312164e-05,704181.086842
34.9583333333,-0.00102565239649,0.579487860203,2.40512919426,4.43056342192e-06,1.57861195476e-05,0,0,4.47087622888e-05,0.0166674368083,0,0,0,0,0,5.20286494632e-05,704181.086842
34.9694444444,-0.00102565239649,0.579487860203,2.40512919426,4.43056342192e-06,1.57861195476e-05,0,0,4.47087622888e-05,0.0166674368083,0,0,0,0,0,5.20286324854e-05,704181.086842
34.9805555556,-0.00102565239649,0.579487860203,2.40512919426,4.43056342192e-06,1.57861195476e-05,0,0,4.47087622888e-05,0.0166674368083,0,0,0,0,0,5.20286400768e-05,704181.086842
34.9916666667,-0.00102565239649,0.579487860203,2.40512919426,4.43056342192e-06,1.57861195476e-05,0,0,4.47087622888e-05,0.0166674368083,0,0,0,0,0,5.20286369871e-05,704181.086842
35.0027777778,-0.00102565239649,0.579487860203,2.40512919426,4.43056342192e-06,1.57861195476e-05,0,0,4.47087622888e-05,0.0166674368083,0,0,0,0,0,5.20286387522e-05,704181.086842
35.0138888889,-0.00102565239649,0.579487860203,2.40512919426,4.43056342192e-06,1.57861195476e-05,0,0,4.47087622888e-05,0.0166674368083,0,0,0,0,0,5.20286353743e-05,704181.086842
35.025,-0.00102565239649,0.579487860203,2.40512919426,4.43056342192e-06,1.57861195476e-05,0,0,4.47087622888e-05,0.0166674368083,0,0,0,0,0,5.2028628102e-05,704181.086842
35.0361111111,-0.00102565239649,0.579487860203,2.40512919426,4.43056342192e-06,1.57861195476e-05,0,0,4.47087622888e-05,0.0166674368083,0,0,0,0,0,5.20286401905e-05,704181.086842
35.0472222222,-0.00102565239649,0.579487860203,2.40512919426,4.43056342192e-06,1.57861195476e-05,0,0,4.47087622888e-05,0.0166674368083,0,0,0,0,0,5.20286498617e-05,704181.086842
35.0583333333,-0.00102565239649,0.579487860203,2.40512919426,4.43056342192e-06,1.57861195476e-05,0,0,4.47087622888e-05,0.0166674368083,0,0,0,0,0,5.20286596268e-05,704181.086842
35.0694444444,-0.00102565239649,0.579487860203,2.40512919426,4.43056342192e-06,1.57861195476e-05,0,0,4.47087622888e-05,0.0166674368083,0,0,0,0,0,5.20286567381e-05,704181.086842
35.0805555556,-0.00102565239649,0.579487860203,2.40512919426,4.43056342192e-06,1.57861195476e-05,0,0,4.47087622888e-05,0.0166674368083,0,0,0,0,0,5.2028633394e-05,704181.086842
35.0916666667,-0.00102565239649,0.579487860203,2.40512919426,4.43056342192e-06,1.57861195476e-05,0,0,4.47087622888e-05,0.0166674368083,0,0,0,0,0,5.20286339743e-05,704181.086842
35.1027777778,-0.00102565239649,0.579487860203,2.40512919426,4.43056342192e-06,1.57861195476e-05,0,0,4.47087622888e-05,0.0166674368083,0,0,0,0,0,5.20286466188e-05,704181.086842
35.1138888889,-0.00102565239649,0.579487860203,2.40512919426,4.43056342192e-06,1.57861195476e-05,0,0,4.47087622888e-05,0.0166674368083,0,0,0,0,0,5.20286290977e-05,704181.086842
35.125,-0.00102565239649,0.579487860203,2.40512919426,4.43056342192e-06,1.57861195476e-05,0,0,4.47087622888e-05,0.0166674368083,0,0,0,0,0,5.20286467545e-05,704181.086842
35.1361111111,-0.00102565239649,0.579487860203,2.40512919426,4.43056342192e-06,1.57861195476e-05,0,0,4.47087622888e-05,0.0166674368083,0,0,0,0,0,5.20286101258e-05,704181.086842
35.1472222222,-0.00102565239649,0.579487860203,2.40512919426,4.43056342192e-06,1.57861195476e-05,0,0,4.47087622888e-05,0.0166674368083,0,0,0,0,0,5.20286094358e-05,704181.086842
35.1583333333,-0.00102565239649,0.579487860203,2.40512919426,4.43056342192e-06,1.57861195476e-05,0,0,4.47087622888e-05,0.0166674368083,0,0,0,0,0,5.20286265466e-05,704181.086842
35.1694444444,-0.00102565239649,0.579487860203,2.40512919426,4.43056342192e-06,1.57861195476e-05,0,0,4.47087622888e-05,0.0166674368083,0,0,0,0,0,5.20286313894e-05,704181.086842
35.1805555556,-0.00102565239649,0.579487860203,2.40512919426,4.43056342192e-06,1.57861195476e-05,0,0,4.47087622888e-05,0.0166674368083,0,0,0,0,0,5.20286479818e-05,704181.086842
35.1916666667,-0.00102565239649,0.579487860203,2.40512919426,4.43056342192e-06,1.57861195476e-05,0,0,4.47087622888e-05,0.0166674368083,0,0,0,0,0,5.20286396689e-05,704181.086842
35.2027777778,-0.00102565239649,0.579487860203,2.40512919426,4.43056342192e-06,1.57861195476e-05,0,0,4.47087622888e-05,0.0166674368083,0,0,0,0,0,5.20286413551e-05,704181.086842
35.2138888889,-0.00102565239649,0.579487860203,2.40512919426,4.43056342192e-06,1.57861195476e-05,0,0,4.47087622888e-05,0.0166674368083,0,0,0,0,0,5.20286611779e-05,704181.086842
35.225,-0.00102565239649,0.579487860203,2.40512919426,4.43056342192e-06,1.57861195476e-05,0,0,4.47087622888e-05,0.0166674368083,0,0,0,0,0,5.20286283962e-05,704181.086842
35.2361111111,-0.00102565239649,0.579487860203,2.40512919426,4.43056342192e-06,1.57861195476e-05,0,0,4.47087622888e-05,0.0166674368083,0,0,0,0,0,5.20286214732e-05,704181.086842
35.2472222222,-0.00102565239649,0.579487860203,2.40512919426,4.43056342192e-06,1.57861195476e-05,0,0,4.47087622888e-05,0.0166674368083,0,0,0,0,0,5.20286398369e-05,704181.086842
35.2583333333,-0.00102565239649,0.579487860203,2.40512919426,4.43056342192e-06,1.57861195476e-05,0,0,4.47087622888e-05,0.0166674368083,0,0,0,0,0,5.20286439975e-05,704181.086842
35.2694444444,-0.00102565239649,0.579487860203,2.40512919426,4.43056342192e-06,1.57861195476e-05,0,0,4.47087622888e-05,0.0166674368083,0,0,0,0,0,5.20286310979e-05,704181.086842
35.2805555556,-0.00102565239649,0.579487860203,2.40512919426,4.43056342192e-06,1.57861195476e-05,0,0,4.47087622888e-05,0.0166674368083,0,0,0,0,0,5.20286199144e-05,704181.086842
35.2916666667,-0.00102565239649,0.579487860203,2.40512919426,4.43056342192e-06,1.57861195476e-05,0,0,4.47087622888e-05,0.0166674368083,0,0,0,0,0,5.20286290278e-05,704181.086842
35.3027777778,-0.00102565239649,0.579487860203,2.40512919426,4.43056342192e-06,1.57861195476e-05,0,0,4.47087622888e-05,0.0166674368083,0,0,0,0,0,5.20286255328e-05,704181.086842
35.3138888889,-0.00102565239649,0.579487860203,2.40512919426,4.43056342192e-06,1.57861195476e-05,0,0,4.47087622888e-05,0.0166674368083,0,0,0,0,0,5.2028625378e-05,704181.086842
35.325,-0.00102565239649,0.579487860203,2.40512919426,4.43056342192e-06,1.57861195476e-05,0,0,4.47087622888e-05,0.0166674368083,0,0,0,0,0,5.20286654637e-05,704181.086842
35.3361111111,-0.00102565239649,0.579487860203,2.40512919426,4.43056342192e-06,1.57861195476e-05,0,0,4.47087622888e-05,0.0166674368083,0,0,0,0,0,5.20286594217e-05,704181.086842
35.3472222222,-0.00102565239649,0.579487860203,2.40512919426,4.43056342192e-06,1.57861195476e-05,0,0,4.47087622888e-05,0.0166674368083,0,0,0,0,0,5.20286421291e-05,704181.086842
35.3583333333,-0.00102565239649,0.579487860203,2.40512919426,4.43056342192e-06,1.57861195476e-05,0,0,4.47087622888e-05,0.0166674368083,0,0,0,0,0,5.2028629392e-05,704181.086842
35.3694444444,-0.00102565239649,0.579487860203,2.40512919426,4.43056342192e-06,1.57861195476e-05,0,0,4.47087622888e-05,0.0166674368083,0,0,0,0,0,5.20286499087e-05,704181.086842
35.3805555556,-0.00102565239649,0.579487860203,2.40512919426,4.43056342192e-06,1.57861195476e-05,0,0,4.47087622888e-05,0.0166674368083,0,0,0,0,0,5.20286333528e-05,704181.086842
35.3916666667,-0.00102565239649,0.579487860203,2.40512919426,4.43056342192e-06,1.57861195476e-05,0,0,4.47087622888e-05,0.0166674368083,0,0,0,0,0,5.20286443323e-05,704181.086842
35.4027777778,-0.00102565239649,0.579487860203,2.40512919426,4.43056342192e-06,1.57861195476e-05,0,0,4.47087622888e-05,0.0166674368083,0,0,0,0,0,5.2028644405e-05,704181.086842
35.4138888889,-0.00102565239649,0.579487860203,2.40512919426,4.43056342192e-06,1.57861195476e-05,0,0,4.47087622888e-05,0.0166674368083,0,0,0,0,0,5.20286515607e-05,704181.086842
35.425,-0.00102565239649,0.579487860203,2.40512919426,4.43056342192e-06,1.57861195476e-05,0,0,4.47087622888e-05,0.0166674368083,0,0,0,0,0,5.2028643833e-05,704181.086842
35.4361111111,-0.00102565239649,0.579487860203,2.40512919426,4.43056342192e-06,1.57861195476e-05,0,0,4.47087622888e-05,0.0166674368083,0,0,0,0,0,5.20286293724e-05,704181.086842
35.4472222222,-0.00102565239649,0.579487860203,2.40512919426,4.43056342192e-06,1.57861195476e-05,0,0,4.47087622888e-05,0.0166674368083,0,0,0,0,0,5.20286206134e-05,704181.086842
35.4583333333,-0.00102565239649,0.579487860203,2.40512919426,4.43056342192e-06,1.57861195476e-05,0,0,4.47087622888e-05,0.0166674368083,0,0,0,0,0,5.20286584556e-05,704181.086842
35.4694444444,-0.00102565239649,0.579487860203,2.40512919426,4.43056342192e-06,1.57861195476e-05,0,0,4.47087622888e-05,0.0166674368083,0,0,0,0,0,5.20286444448e-05,704181.086842
35.4805555556,-0.00102565239649,0.579487860203,2.40512919426,4.43056342192e-06,1.57861195476e-05,0,0,4.47087622888e-05,0.0166674368083,0,0,0,0,0,5.20286622094e-05,704181.086842
35.4916666667,-0.00102565239649,0.579487860203,2.40512919426,4.43056342192e-06,1.57861195476e-05,0,0,4.47087622888e-05,0.0166674368083,0,0,0,0,0,5.20286434985e-05,704181.086842
35.5027777778,-0.00102565239649,0.579487860203,2.40512919426,4.43056342192e-06,1.57861195476e-05,0,0,4.47087622888e-05,0.0166674368083,0,0,0,0,0,5.20286416174e-05,704181.086842
35.5138888889,-0.00102565239649,0.579487860203,2.40512919426,4.43056342192e-06,1.57861195476e-05,0,0,4.47087622888e-05,0.0166674368083,0,0,0,0,0,5.20286238039e-05,704181.086842
35.525,-0.00102565239649,0.579487860203,2.40512919426,4.43056342192e-06,1.57861195476e-05,0,0,4.47087622888e-05,0.0166674368083,0,0,0,0,0,5.20286303754e-05,704181.086842
35.5361111111,-0.00102565239649,0.579487860203,2.40512919426,4.43056342192e-06,1.57861195476e-05,0,0,4.47087622888e-05,0.0166674368083,0,0,0,0,0,5.20286269475e-05,704181.086842
35.5472222222,-0.00102565239649,0.579487860203,2.40512919426,4.43056342192e-06,1.57861195476e-05,0,0,4.47087622888e-05,0.0166674368083,0,0,0,0,0,5.2028647177e-05,704181.086842
35.5583333333,-0.00102565239649,0.579487860203,2.40512919426,4.43056342192e-06,1.57861195476e-05,0,0,4.47087622888e-05,0.0166674368083,0,0,0,0,0,5.20286355951e-05,704181.086842
35.5694444444,-0.00102565239649,0.579487860203,2.40512919426,4.43056342192e-06,1.57861195476e-05,0,0,4.47087622888e-05,0.0166674368083,0,0,0,0,0,5.20286244785e-05,704181.086842
35.5805555556,-0.00102565239649,0.579487860203,2.40512919426,4.43056342192e-06,1.57861195476e-05,0,0,4.47087622888e-05,0.0166674368083,0,0,0,0,0,5.202863593e-05,704181.086842
35.5916666667,-0.00102565239649,0.579487860203,2.40512919426,4.43056342192e-06,1.57861195476e-05,0,0,4.47087622888e-05,0.0166674368083,0,0,0,0,0,5.20286151813e-05,704181.086842
35.6027777778,-0.00102565239649,0.579487860203,2.40512919426,4.43056342192e-06,1.57861195476e-05,0,0,4.47087622888e-05,0.0166674368083,0,0,0,0,0,5.20286339793e-05,704181.086842
35.6138888889,-0.00102565239649,0.579487860203,2.40512919426,4.43056342192e-06,1.57861195476e-05,0,0,4.47087622888e-05,0.0166674368083,0,0,0,0,0,5.2028643168e-05,704181.086842
35.625,-0.00102565239649,0.579487860203,2.40512919426,4.43056342192e-06,1.57861195476e-05,0,0,4.47087622888e-05,0.0166674368083,0,0,0,0,0,5.2028643761e-05,704181.086842
35.6361111111,-0.00102565239649,0.579487860203,2.40512919426,4.43056342192e-06,1.57861195476e-05,0,0,4.47087622888e-05,0.0166674368083,0,0,0,0,0,5.20286367621e-05,704181.086842
35.6472222222,-0.00102565239649,0.579487860203,2.40512919426,4.43056342192e-06,1.57861195476e-05,0,0,4.47087622888e-05,0.0166674368083,0,0,0,0,0,5.20286409729e-05,704181.086842
35.6583333333,-0.00102565239649,0.579487860203,2.40512919426,4.43056342192e-06,1.57861195476e-05,0,0,4.47087622888e-05,0.0166674368083,0,0,0,0,0,5.20286343533e-05,704181.086842
35.6694444444,-0.00102565239649,0.579487860203,2.40512919426,4.43056342192e-06,1.57861195476e-05,0,0,4.47087622888e-05,0.0166674368083,0,0,0,0,0,5.20286437902e-05,704181.086842
35.6805555556,-0.00102565239649,0.579487860203,2.40512919426,4.43056342192e-06,1.57861195476e-05,0,0,4.47087622888e-05,0.0166674368083,0,0,0,0,0,5.20286285555e-05,704181.086842
35.6916666667,-0.00102565239649,0.579487860203,2.40512919426,4.43056342192e-06,1.57861195476e-05,0,0,4.47087622888e-05,0.0166674368083,0,0,0,0,0,5.20286245973e-05,704181.086842
35.7027777778,-0.00102565239649,0.579487860203,2.40512919426,4.43056342192e-06,1.57861195476e-05,0,0,4.47087622888e-05,0.0166674368083,0,0,0,0,0,5.20286247861e-05,704181.086842
35.7138888889,-0.00102565239649,0.579487860203,2.40512919426,4.43056342192e-06,1.57861195476e-05,0,0,4.47087622888e-05,0.0166674368083,0,0,0,0,0,5.20286507849e-05,704181.086842
35.725,-0.00102565239649,0.579487860203,2.40512919426,4.43056342192e-06,1.57861195476e-05,0,0,4.47087622888e-05,0.0166674368083,0,0,0,0,0,5.20286472572e-05,704181.086842
35.7361111111,-0.00102565239649,0.579487860203,2.40512919426,4.43056342192e-06,1.57861195476e-05,0,0,4.47087622888e-05,0.0166674368083,0,0,0,0,0,5.20286438982e-05,704181.086842
35.7472222222,-0.00102565239649,0.579487860203,2.40512919426,4.43056342192e-06,1.57861195476e-05,0,0,4.47087622888e-05,0.0166674368083,0,0,0,0,0,5.20286513285e-05,704181.086842
35.7583333333,-0.00102565239649,0.579487860203,2.40512919426,4.43056342192e-06,1.57861195476e-05,0,0,4.47087622888e-05,0.0166674368083,0,0,0,0,0,5.20286463964e-05,704181.086842
35.7694444444,-0.00102565239649,0.579487860203,2.40512919426,4.43056342192e-06,1.57861195476e-05,0,0,4.47087622888e-05,0.0166674368083,0,0,0,0,0,5.20286508114e-05,704181.086842
35.7805555556,-0.00102565239649,0.579487860203,2.40512919426,4.43056342192e-06,1.57861195476e-05,0,0,4.47087622888e-05,0.0166674368083,0,0,0,0,0,5.20286484634e-05,704181.086842
35.7916666667,-0.00102565239649,0.579487860203,2.40512919426,4.43056342192e-06,1.57861195476e-05,0,0,4.47087622888e-05,0.0166674368083,0,0,0,0,0,5.20286302857e-05,704181.086842
35.8027777778,-0.00102565239649,0.579487860203,2.40512919426,4.43056342192e-06,1.57861195476e-05,0,0,4.47087622888e-05,0.0166674368083,0,0,0,0,0,5.20286233744e-05,704181.086842
35.8138888889,-0.00102565239649,0.579487860203,2.40512919426,4.43056342192e-06,1.57861195476e-05,0,0,4.47087622888e-05,0.0166674368083,0,0,0,0,0,5.20286278583e-05,704181.086842
35.825,-0.00102565239649,0.579487860203,2.40512919426,4.43056342192e-06,1.57861195476e-05,0,0,4.47087622888e-05,0.0166674368083,0,0,0,0,0,5.20286424159e-05,704181.086842
35.8361111111,-0.00102565239649,0.579487860203,2.40512919426,4.43056342192e-06,1.57861195476e-05,0,0,4.47087622888e-05,0.0166674368083,0,0,0,0,0,5.2028629299e-05,704181.086842
35.8472222222,-0.00102565239649,0.579487860203,2.40512919426,4.43056342192e-06,1.57861195476e-05,0,0,4.47087622888e-05,0.0166674368083,0,0,0,0,0,5.20286342087e-05,704181.086842
35.8583333333,-0.00102565239649,0.579487860203,2.40512919426,4.43056342192e-06,1.57861195476e-05,0,0,4.47087622888e-05,0.0166674368083,0,0,0,0,0,5.20286389051e-05,704181.086842
35.8694444444,-0.00102565239649,0.579487860203,2.40512919426,4.43056342192e-06,1.57861195476e-05,0,0,4.47087622888e-05,0.0166674368083,0,0,0,0,0,5.20286519014e-05,704181.086842
35.8805555556,-0.00102565239649,0.579487860203,2.40512919426,4.43056342192e-06,1.57861195476e-05,0,0,4.47087622888e-05,0.0166674368083,0,0,0,0,0,5.20286406774e-05,704181.086842
35.8916666667,-0.00102565239649,0.579487860203,2.40512919426,4.43056342192e-06,1.57861195476e-05,0,0,4.47087622888e-05,0.0166674368083,0,0,0,0,0,5.202864268e-05,704181.086842
35.9027777778,-0.00102565239649,0.579487860203,2.40512919426,4.43056342192e-06,1.57861195476e-05,0,0,4.47087622888e-05,0.0166674368083,0,0,0,0,0,5.20286332146e-05,704181.086842
35.9138888889,-0.00102565239649,0.579487860203,2.40512919426,4.43056342192e-06,1.57861195476e-05,0,0,4.47087622888e-05,0.0166674368083,0,0,0,0,0,5.20286145806e-05,704181.086842
35.925,-0.00102565239649,0.579487860203,2.40512919426,4.43056342192e-06,1.57861195476e-05,0,0,4.47087622888e-05,0.0166674368083,0,0,0,0,0,5.20286246127e-05,704181.086842
35.9361111111,-0.00102565239649,0.579487860203,2.40512919426,4.43056342192e-06,1.57861195476e-05,0,0,4.47087622888e-05,0.0166674368083,0,0,0,0,0,5.20286452484e-05,704181.086842
35.9472222222,-0.00102565239649,0.579487860203,2.40512919426,4.43056342192e-06,1.57861195476e-05,0,0,4.47087622888e-05,0.0166674368083,0,0,0,0,0,5.20286376271e-05,704181.086842
35.9583333333,-0.00102565239649,0.579487860203,2.40512919426,4.43056342192e-06,1.57861195476e-05,0,0,4.47087622888e-05,0.0166674368083,0,0,0,0,0,5.20286359304e-05,704181.086842
35.9694444444,-0.00102565239649,0.579487860203,2.40512919426,4.43056342192e-06,1.57861195476e-05,0,0,4.47087622888e-05,0.0166674368083,0,0,0,0,0,5.20286573322e-05,704181.086842
35.9805555556,-0.00102565239649,0.579487860203,2.40512919426,4.43056342192e-06,1.57861195476e-05,0,0,4.47087622888e-05,0.0166674368083,0,0,0,0,0,5.20286552603e-05,704181.086842
35.9916666667,-0.00102565239649,0.579487860203,2.40512919426,4.43056342192e-06,1.57861195476e-05,0,0,4.47087622888e-05,0.0166674368083,0,0,0,0,0,5.20286442803e-05,704181.086842
36.0027777778,-0.00102565239649,0.579487860203,2.40512919426,4.43056342192e-06,1.57861195476e-05,0,0,4.47087622888e-05,0.0166674368083,0,0,0,0,0,5.20286507493e-05,704181.086842
36.0138888889,-0.00102565239649,0.579487860203,2.40512919426,4.43056342192e-06,1.57861195476e-05,0,0,4.47087622888e-05,0.0166674368083,0,0,0,0,0,5.20286249622e-05,704181.086842
36.025,-0.00102565239649,0.579487860203,2.40512919426,4.43056342192e-06,1.57861195476e-05,0,0,4.47087622888e-05,0.0166674368083,0,0,0,0,0,5.20286376616e-05,704181.086842
36.0361111111,-0.00102565239649,0.579487860203,2.40512919426,4.43056342192e-06,1.57861195476e-05,0,0,4.47087622888e-05,0.0166674368083,0,0,0,0,0,5.20286401147e-05,704181.086842
36.0472222222,-0.00102565239649,0.579487860203,2.40512919426,4.43056342192e-06,1.57861195476e-05,0,0,4.47087622888e-05,0.0166674368083,0,0,0,0,0,5.20286446421e-05,704181.086842
36.0583333333,-0.00102565239649,0.579487860203,2.40512919426,4.43056342192e-06,1.57861195476e-05,0,0,4.47087622888e-05,0.0166674368083,0,0,0,0,0,5.20286294179e-05,704181.086842
36.0694444444,-0.00102565239649,0.579487860203,2.40512919426,4.43056342192e-06,1.57861195476e-05,0,0,4.47087622888e-05,0.0166674368083,0,0,0,0,0,5.20286123907e-05,704181.086842
36.0805555556,-0.00102565239649,0.579487860203,2.40512919426,4.43056342192e-06,1.57861195476e-05,0,0,4.47087622888e-05,0.0166674368083,0,0,0,0,0,5.20286125059e-05,704181.086842
36.0916666667,-0.00102565239649,0.579487860203,2.40512919426,4.43056342192e-06,1.57861195476e-05,0,0,4.47087622888e-05,0.0166674368083,0,0,0,0,0,5.20286353874e-05,704181.086842
36.1027777778,-0.00102565239649,0.579487860203,2.40512919426,4.43056342192e-06,1.57861195476e-05,0,0,4.47087622888e-05,0.0166674368083,0,0,0,0,0,5.20286497998e-05,704181.086842
36.1138888889,-0.00102565239649,0.579487860203,2.40512919426,4.43056342192e-06,1.57861195476e-05,0,0,4.47087622888e-05,0.0166674368083,0,0,0,0,0,5.20286380555e-05,704181.086842
36.125,-0.00102565239649,0.579487860203,2.40512919426,4.43056342192e-06,1.57861195476e-05,0,0,4.47087622888e-05,0.0166674368083,0,0,0,0,0,5.20286522081e-05,704181.086842
36.1361111111,-0.00102565239649,0.579487860203,2.40512919426,4.43056342192e-06,1.57861195476e-05,0,0,4.47087622888e-05,0.0166674368083,0,0,0,0,0,5.20286293639e-05,704181.086842
36.1472222222,-0.00102565239649,0.579487860203,2.40512919426,4.43056342192e-06,1.57861195476e-05,0,0,4.47087622888e-05,0.0166674368083,0,0,0,0,0,5.20286286882e-05,704181.086842
36.1583333333,-0.00102565239649,0.579487860203,2.40512919426,4.43056342192e-06,1.57861195476e-05,0,0,4.47087622888e-05,0.0166674368083,0,0,0,0,0,5.20286513907e-05,704181.086842
36.1694444444,-0.00102565239649,0.579487860203,2.40512919426,4.43056342192e-06,1.57861195476e-05,0,0,4.47087622888e-05,0.0166674368083,0,0,0,0,0,5.20286324754e-05,704181.086842
36.1805555556,-0.00102565239649,0.579487860203,2.40512919426,4.43056342192e-06,1.57861195476e-05,0,0,4.47087622888e-05,0.0166674368083,0,0,0,0,0,5.20286310653e-05,704181.086842
36.1916666667,-0.00102565239649,0.579487860203,2.40512919426,4.43056342192e-06,1.57861195476e-05,0,0,4.47087622888e-05,0.0166674368083,0,0,0,0,0,5.20286576016e-05,704181.086842
36.2027777778,-0.00102565239649,0.579487860203,2.40512919426,4.43056342192e-06,1.57861195476e-05,0,0,4.47087622888e-05,0.0166674368083,0,0,0,0,0,5.20286181271e-05,704181.086842
36.2138888889,-0.00102565239649,0.579487860203,2.40512919426,4.43056342192e-06,1.57861195476e-05,0,0,4.47087622888e-05,0.0166674368083,0,0,0,0,0,5.20286449548e-05,704181.086842
36.225,-0.00102565239649,0.579487860203,2.40512919426,4.43056342192e-06,1.57861195476e-05,0,0,4.47087622888e-05,0.0166674368083,0,0,0,0,0,5.20286523498e-05,704181.086842
36.2361111111,-0.00102565239649,0.579487860203,2.40512919426,4.43056342192e-06,1.57861195476e-05,0,0,4.47087622888e-05,0.0166674368083,0,0,0,0,0,5.20286371499e-05,704181.086842
36.2472222222,-0.00102565239649,0.579487860203,2.40512919426,4.43056342192e-06,1.57861195476e-05,0,0,4.47087622888e-05,0.0166674368083,0,0,0,0,0,5.20286405236e-05,704181.086842
36.2583333333,-0.00102565239649,0.579487860203,2.40512919426,4.43056342192e-06,1.57861195476e-05,0,0,4.47087622888e-05,0.0166674368083,0,0,0,0,0,5.20286356334e-05,704181.086842
36.2694444444,-0.00102565239649,0.579487860203,2.40512919426,4.43056342192e-06,1.57861195476e-05,0,0,4.47087622888e-05,0.0166674368083,0,0,0,0,0,5.20286327999e-05,704181.086842
36.2805555556,-0.00102565239649,0.579487860203,2.40512919426,4.43056342192e-06,1.57861195476e-05,0,0,4.47087622888e-05,0.0166674368083,0,0,0,0,0,5.20286354728e-05,704181.086842
36.2916666667,-0.00102565239649,0.579487860203,2.40512919426,4.43056342192e-06,1.57861195476e-05,0,0,4.47087622888e-05,0.0166674368083,0,0,0,0,0,5.20286465716e-05,704181.086842
36.3027777778,-0.00102565239649,0.579487860203,2.40512919426,4.43056342192e-06,1.57861195476e-05,0,0,4.47087622888e-05,0.0166674368083,0,0,0,0,0,5.2028636386e-05,704181.086842
36.3138888889,-0.00102565239649,0.579487860203,2.40512919426,4.43056342192e-06,1.57861195476e-05,0,0,4.47087622888e-05,0.0166674368083,0,0,0,0,0,5.20286121672e-05,704181.086842
36.325,-0.00102565239649,0.579487860203,2.40512919426,4.43056342192e-06,1.57861195476e-05,0,0,4.47087622888e-05,0.0166674368083,0,0,0,0,0,5.20286491578e-05,704181.086842
36.3361111111,-0.00102565239649,0.579487860203,2.40512919426,4.43056342192e-06,1.57861195476e-05,0,0,4.47087622888e-05,0.0166674368083,0,0,0,0,0,5.20286219331e-05,704181.086842
36.3472222222,-0.00102565239649,0.579487860203,2.40512919426,4.43056342192e-06,1.57861195476e-05,0,0,4.47087622888e-05,0.0166674368083,0,0,0,0,0,5.20286494935e-05,704181.086842
36.3583333333,-0.00102565239649,0.579487860203,2.40512919426,4.43056342192e-06,1.57861195476e-05,0,0,4.47087622888e-05,0.0166674368083,0,0,0,0,0,5.20286425512e-05,704181.086842
36.3694444444,-0.00102565239649,0.579487860203,2.40512919426,4.43056342192e-06,1.57861195476e-05,0,0,4.47087622888e-05,0.0166674368083,0,0,0,0,0,5.20286553512e-05,704181.086842
36.3805555556,-0.00102565239649,0.579487860203,2.40512919426,4.43056342192e-06,1.57861195476e-05,0,0,4.47087622888e-05,0.0166674368083,0,0,0,0,0,5.2028644728e-05,704181.086842
36.3916666667,-0.00102565239649,0.579487860203,2.40512919426,4.43056342192e-06,1.57861195476e-05,0,0,4.47087622888e-05,0.0166674368083,0,0,0,0,0,5.20286372717e-05,704181.086842
36.4027777778,-0.00102565239649,0.579487860203,2.40512919426,4.43056342192e-06,1.57861195476e-05,0,0,4.47087622888e-05,0.0166674368083,0,0,0,0,0,5.20286338621e-05,704181.086842
36.4138888889,-0.00102565239649,0.579487860203,2.40512919426,4.43056342192e-06,1.57861195476e-05,0,0,4.47087622888e-05,0.0166674368083,0,0,0,0,0,5.20286511071e-05,704181.086842
36.425,-0.00102565239649,0.579487860203,2.40512919426,4.43056342192e-06,1.57861195476e-05,0,0,4.47087622888e-05,0.0166674368083,0,0,0,0,0,5.2028651758e-05,704181.086842
36.4361111111,-0.00102565239649,0.579487860203,2.40512919426,4.43056342192e-06,1.57861195476e-05,0,0,4.47087622888e-05,0.0166674368083,0,0,0,0,0,5.20286479973e-05,704181.086842
36.4472222222,-0.00102565239649,0.579487860203,2.40512919426,4.43056342192e-06,1.57861195476e-05,0,0,4.47087622888e-05,0.0166674368083,0,0,0,0,0,5.20286354428e-05,704181.086842
36.4583333333,-0.00102565239649,0.579487860203,2.40512919426,4.43056342192e-06,1.57861195476e-05,0,0,4.47087622888e-05,0.0166674368083,0,0,0,0,0,5.20286476254e-05,704181.086842
36.4694444444,-0.00102565239649,0.579487860203,2.40512919426,4.43056342192e-06,1.57861195476e-05,0,0,4.47087622888e-05,0.0166674368083,0,0,0,0,0,5.20286270412e-05,704181.086842
36.4805555556,-0.00102565239649,0.579487860203,2.40512919426,4.43056342192e-06,1.57861195476e-05,0,0,4.47087622888e-05,0.0166674368083,0,0,0,0,0,5.20286336489e-05,704181.086842
36.4916666667,-0.00102565239649,0.579487860203,2.40512919426,4.43056342192e-06,1.57861195476e-05,0,0,4.47087622888e-05,0.0166674368083,0,0,0,0,0,5.20286489304e-05,704181.086842
36.5027777778,-0.00102565239649,0.579487860203,2.40512919426,4.43056342192e-06,1.57861195476e-05,0,0,4.47087622888e-05,0.0166674368083,0,0,0,0,0,5.20286696092e-05,704181.086842
36.5138888889,-0.00102565239649,0.579487860203,2.40512919426,4.43056342192e-06,1.57861195476e-05,0,0,4.47087622888e-05,0.0166674368083,0,0,0,0,0,5.20286227185e-05,704181.086842
36.525,-0.00102565239649,0.579487860203,2.40512919426,4.43056342192e-06,1.57861195476e-05,0,0,4.47087622888e-05,0.0166674368083,0,0,0,0,0,5.20286292296e-05,704181.086842
36.5361111111,-0.00102565239649,0.579487860203,2.40512919426,4.43056342192e-06,1.57861195476e-05,0,0,4.47087622888e-05,0.0166674368083,0,0,0,0,0,5.20286319133e-05,704181.086842
36.5472222222,-0.00102565239649,0.579487860203,2.40512919426,4.43056342192e-06,1.57861195476e-05,0,0,4.47087622888e-05,0.0166674368083,0,0,0,0,0,5.20286447033e-05,704181.086842
36.5583333333,-0.00102565239649,0.579487860203,2.40512919426,4.43056342192e-06,1.57861195476e-05,0,0,4.47087622888e-05,0.0166674368083,0,0,0,0,0,5.20286527873e-05,704181.086842
36.5694444444,-0.00102565239649,0.579487860203,2.40512919426,4.43056342192e-06,1.57861195476e-05,0,0,4.47087622888e-05,0.0166674368083,0,0,0,0,0,5.20285987187e-05,704181.086842
36.5805555556,-0.00102565239649,0.579487860203,2.40512919426,4.43056342192e-06,1.57861195476e-05,0,0,4.47087622888e-05,0.0166674368083,0,0,0,0,0,5.20286482004e-05,704181.086842
36.5916666667,-0.00102565239649,0.579487860203,2.40512919426,4.43056342192e-06,1.57861195476e-05,0,0,4.47087622888e-05,0.0166674368083,0,0,0,0,0,5.20286541095e-05,704181.086842
36.6027777778,-0.00102565239649,0.579487860203,2.40512919426,4.43056342192e-06,1.57861195476e-05,0,0,4.47087622888e-05,0.0166674368083,0,0,0,0,0,5.20286374758e-05,704181.086842
36.6138888889,-0.00102565239649,0.579487860203,2.40512919426,4.43056342192e-06,1.57861195476e-05,0,0,4.47087622888e-05,0.0166674368083,0,0,0,0,0,5.20286566879e-05,704181.086842
36.625,-0.00102565239649,0.579487860203,2.40512919426,4.43056342192e-06,1.57861195476e-05,0,0,4.47087622888e-05,0.0166674368083,0,0,0,0,0,5.20286296192e-05,704181.086842
36.6361111111,-0.00102565239649,0.579487860203,2.40512919426,4.43056342192e-06,1.57861195476e-05,0,0,4.47087622888e-05,0.0166674368083,0,0,0,0,0,5.20286601105e-05,704181.086842
36.6472222222,-0.00102565239649,0.579487860203,2.40512919426,4.43056342192e-06,1.57861195476e-05,0,0,4.47087622888e-05,0.0166674368083,0,0,0,0,0,5.20286295955e-05,704181.086842
36.6583333333,-0.00102565239649,0.579487860203,2.40512919426,4.43056342192e-06,1.57861195476e-05,0,0,4.47087622888e-05,0.0166674368083,0,0,0,0,0,5.20286425079e-05,704181.086842
36.6694444444,-0.00102565239649,0.579487860203,2.40512919426,4.43056342192e-06,1.57861195476e-05,0,0,4.47087622888e-05,0.0166674368083,0,0,0,0,0,5.20286486479e-05,704181.086842
36.6805555556,-0.00102565239649,0.579487860203,2.40512919426,4.43056342192e-06,1.57861195476e-05,0,0,4.47087622888e-05,0.0166674368083,0,0,0,0,0,5.2028642546e-05,704181.086842
36.6916666667,-0.00102565239649,0.579487860203,2.40512919426,4.43056342192e-06,1.57861195476e-05,0,0,4.47087622888e-05,0.0166674368083,0,0,0,0,0,5.20286380424e-05,704181.086842
36.7027777778,-0.00102565239649,0.579487860203,2.40512919426,4.43056342192e-06,1.57861195476e-05,0,0,4.47087622888e-05,0.0166674368083,0,0,0,0,0,5.20286184859e-05,704181.086842
36.7138888889,-0.00102565239649,0.579487860203,2.40512919426,4.43056342192e-06,1.57861195476e-05,0,0,4.47087622888e-05,0.0166674368083,0,0,0,0,0,5.20286287928e-05,704181.086842
36.725,-0.00102565239649,0.579487860203,2.40512919426,4.43056342192e-06,1.57861195476e-05,0,0,4.47087622888e-05,0.0166674368083,0,0,0,0,0,5.202864654e-05,704181.086842
36.7361111111,-0.00102565239649,0.579487860203,2.40512919426,4.43056342192e-06,1.57861195476e-05,0,0,4.47087622888e-05,0.0166674368083,0,0,0,0,0,5.20286327383e-05,704181.086842
36.7472222222,-0.00102565239649,0.579487860203,2.40512919426,4.43056342192e-06,1.57861195476e-05,0,0,4.47087622888e-05,0.0166674368083,0,0,0,0,0,5.20286282912e-05,704181.086842
36.7583333333,-0.00102565239649,0.579487860203,2.40512919426,4.43056342192e-06,1.57861195476e-05,0,0,4.47087622888e-05,0.0166674368083,0,0,0,0,0,5.2028633335e-05,704181.086842
36.7694444444,-0.00102565239649,0.579487860203,2.40512919426,4.43056342192e-06,1.57861195476e-05,0,0,4.47087622888e-05,0.0166674368083,0,0,0,0,0,5.20286356075e-05,704181.086842
36.7805555556,-0.00102565239649,0.579487860203,2.40512919426,4.43056342192e-06,1.57861195476e-05,0,0,4.47087622888e-05,0.0166674368083,0,0,0,0,0,5.20285997651e-05,704181.086842
36.7916666667,-0.00102565239649,0.579487860203,2.40512919426,4.43056342192e-06,1.57861195476e-05,0,0,4.47087622888e-05,0.0166674368083,0,0,0,0,0,5.20286451838e-05,704181.086842
36.8027777778,-0.00102565239649,0.579487860203,2.40512919426,4.43056342192e-06,1.57861195476e-05,0,0,4.47087622888e-05,0.0166674368083,0,0,0,0,0,5.20286404616e-05,704181.086842
36.8138888889,-0.00102565239649,0.579487860203,2.40512919426,4.43056342192e-06,1.57861195476e-05,0,0,4.47087622888e-05,0.0166674368083,0,0,0,0,0,5.20286207097e-05,704181.086842
36.825,-0.00102565239649,0.579487860203,2.40512919426,4.43056342192e-06,1.57861195476e-05,0,0,4.47087622888e-05,0.0166674368083,0,0,0,0,0,5.20286276537e-05,704181.086842
36.8361111111,-0.00102565239649,0.579487860203,2.40512919426,4.43056342192e-06,1.57861195476e-05,0,0,4.47087622888e-05,0.0166674368083,0,0,0,0,0,5.20286318909e-05,704181.086842
36.8472222222,-0.00102565239649,0.579487860203,2.40512919426,4.43056342192e-06,1.57861195476e-05,0,0,4.47087622888e-05,0.0166674368083,0,0,0,0,0,5.20286440238e-05,704181.086842
36.8583333333,-0.00102565239649,0.579487860203,2.40512919426,4.43056342192e-06,1.57861195476e-05,0,0,4.47087622888e-05,0.0166674368083,0,0,0,0,0,5.20286395848e-05,704181.086842
36.8694444444,-0.00102565239649,0.579487860203,2.40512919426,4.43056342192e-06,1.57861195476e-05,0,0,4.47087622888e-05,0.0166674368083,0,0,0,0,0,5.20286429797e-05,704181.086842
36.8805555556,-0.00102565239649,0.579487860203,2.40512919426,4.43056342192e-06,1.57861195476e-05,0,0,4.47087622888e-05,0.0166674368083,0,0,0,0,0,5.20286158862e-05,704181.086842
36.8916666667,-0.00102565239649,0.579487860203,2.40512919426,4.43056342192e-06,1.57861195476e-05,0,0,4.47087622888e-05,0.0166674368083,0,0,0,0,0,5.20286299175e-05,704181.086842
36.9027777778,-0.00102565239649,0.579487860203,2.40512919426,4.43056342192e-06,1.57861195476e-05,0,0,4.47087622888e-05,0.0166674368083,0,0,0,0,0,5.20286315896e-05,704181.086842
36.9138888889,-0.00102565239649,0.579487860203,2.40512919426,4.43056342192e-06,1.57861195476e-05,0,0,4.47087622888e-05,0.0166674368083,0,0,0,0,0,5.20286315179e-05,704181.086842
36.925,-0.00102565239649,0.579487860203,2.40512919426,4.43056342192e-06,1.57861195476e-05,0,0,4.47087622888e-05,0.0166674368083,0,0,0,0,0,5.20286615887e-05,704181.086842
36.9361111111,-0.00102565239649,0.579487860203,2.40512919426,4.43056342192e-06,1.57861195476e-05,0,0,4.47087622888e-05,0.0166674368083,0,0,0,0,0,5.20286258233e-05,704181.086842
36.9472222222,-0.00102565239649,0.579487860203,2.40512919426,4.43056342192e-06,1.57861195476e-05,0,0,4.47087622888e-05,0.0166674368083,0,0,0,0,0,5.20286346949e-05,704181.086842
36.9583333333,-0.00102565239649,0.579487860203,2.40512919426,4.43056342192e-06,1.57861195476e-05,0,0,4.47087622888e-05,0.0166674368083,0,0,0,0,0,5.2028640424e-05,704181.086842
36.9694444444,-0.00102565239649,0.579487860203,2.40512919426,4.43056342192e-06,1.57861195476e-05,0,0,4.47087622888e-05,0.0166674368083,0,0,0,0,0,5.20286476232e-05,704181.086842
36.9805555556,-0.00102565239649,0.579487860203,2.40512919426,4.43056342192e-06,1.57861195476e-05,0,0,4.47087622888e-05,0.0166674368083,0,0,0,0,0,5.20286528272e-05,704181.086842
36.9916666667,-0.00102565239649,0.579487860203,2.40512919426,4.43056342192e-06,1.57861195476e-05,0,0,4.47087622888e-05,0.0166674368083,0,0,0,0,0,5.2028649253e-05,704181.086842
37.0027777778,-0.00102565239649,0.579487860203,2.40512919426,4.43056342192e-06,1.57861195476e-05,0,0,4.47087622888e-05,0.0166674368083,0,0,0,0,0,5.2028636631e-05,704181.086842
37.0138888889,-0.00102565239649,0.579487860203,2.40512919426,4.43056342192e-06,1.57861195476e-05,0,0,4.47087622888e-05,0.0166674368083,0,0,0,0,0,5.20286369799e-05,704181.086842
37.025,-0.00102565239649,0.579487860203,2.40512919426,4.43056342192e-06,1.57861195476e-05,0,0,4.47087622888e-05,0.0166674368083,0,0,0,0,0,5.20286369836e-05,704181.086842
37.0361111111,-0.00102565239649,0.579487860203,2.40512919426,4.43056342192e-06,1.57861195476e-05,0,0,4.47087622888e-05,0.0166674368083,0,0,0,0,0,5.20286277974e-05,704181.086842
37.0472222222,-0.00102565239649,0.579487860203,2.40512919426,4.43056342192e-06,1.57861195476e-05,0,0,4.47087622888e-05,0.0166674368083,0,0,0,0,0,5.20286392082e-05,704181.086842
37.0583333333,-0.00102565239649,0.579487860203,2.40512919426,4.43056342192e-06,1.57861195476e-05,0,0,4.47087622888e-05,0.0166674368083,0,0,0,0,0,5.20286299242e-05,704181.086842
37.0694444444,-0.00102565239649,0.579487860203,2.40512919426,4.43056342192e-06,1.57861195476e-05,0,0,4.47087622888e-05,0.0166674368083,0,0,0,0,0,5.20286325962e-05,704181.086842
37.0805555556,-0.00102565239649,0.579487860203,2.40512919426,4.43056342192e-06,1.57861195476e-05,0,0,4.47087622888e-05,0.0166674368083,0,0,0,0,0,5.2028650178e-05,704181.086842
37.0916666667,-0.00102565239649,0.579487860203,2.40512919426,4.43056342192e-06,1.57861195476e-05,0,0,4.47087622888e-05,0.0166674368083,0,0,0,0,0,5.20286514843e-05,704181.086842
37.1027777778,-0.00102565239649,0.579487860203,2.40512919426,4.43056342192e-06,1.57861195476e-05,0,0,4.47087622888e-05,0.0166674368083,0,0,0,0,0,5.20286332555e-05,704181.086842
37.1138888889,-0.00102565239649,0.579487860203,2.40512919426,4.43056342192e-06,1.57861195476e-05,0,0,4.47087622888e-05,0.0166674368083,0,0,0,0,0,5.20286220452e-05,704181.086842
37.125,-0.00102565239649,0.579487860203,2.40512919426,4.43056342192e-06,1.57861195476e-05,0,0,4.47087622888e-05,0.0166674368083,0,0,0,0,0,5.20286389697e-05,704181.086842
37.1361111111,-0.00102565239649,0.579487860203,2.40512919426,4.43056342192e-06,1.57861195476e-05,0,0,4.47087622888e-05,0.0166674368083,0,0,0,0,0,5.20286268075e-05,704181.086842
37.1472222222,-0.00102565239649,0.579487860203,2.40512919426,4.43056342192e-06,1.57861195476e-05,0,0,4.47087622888e-05,0.0166674368083,0,0,0,0,0,5.20286459465e-05,704181.086842
37.1583333333,-0.00102565239649,0.579487860203,2.40512919426,4.43056342192e-06,1.57861195476e-05,0,0,4.47087622888e-05,0.0166674368083,0,0,0,0,0,5.20286391258e-05,704181.086842
37.1694444444,-0.00102565239649,0.579487860203,2.40512919426,4.43056342192e-06,1.57861195476e-05,0,0,4.47087622888e-05,0.0166674368083,0,0,0,0,0,5.20286575633e-05,704181.086842
37.1805555556,-0.00102565239649,0.579487860203,2.40512919426,4.43056342192e-06,1.57861195476e-05,0,0,4.47087622888e-05,0.0166674368083,0,0,0,0,0,5.20286377581e-05,704181.086842
37.1916666667,-0.00102565239649,0.579487860203,2.40512919426,4.43056342192e-06,1.57861195476e-05,0,0,4.47087622888e-05,0.0166674368083,0,0,0,0,0,5.20286289509e-05,704181.086842
37.2027777778,-0.00102565239649,0.579487860203,2.40512919426,4.43056342192e-06,1.57861195476e-05,0,0,4.47087622888e-05,0.0166674368083,0,0,0,0,0,5.20286642786e-05,704181.086842
37.2138888889,-0.00102565239649,0.579487860203,2.40512919426,4.43056342192e-06,1.57861195476e-05,0,0,4.47087622888e-05,0.0166674368083,0,0,0,0,0,5.20286402523e-05,704181.086842
37.225,-0.00102565239649,0.579487860203,2.40512919426,4.43056342192e-06,1.57861195476e-05,0,0,4.47087622888e-05,0.0166674368083,0,0,0,0,0,5.2028630217e-05,704181.086842
37.2361111111,-0.00102565239649,0.579487860203,2.40512919426,4.43056342192e-06,1.57861195476e-05,0,0,4.47087622888e-05,0.0166674368083,0,0,0,0,0,5.20286283218e-05,704181.086842
37.2472222222,-0.00102565239649,0.579487860203,2.40512919426,4.43056342192e-06,1.57861195476e-05,0,0,4.47087622888e-05,0.0166674368083,0,0,0,0,0,5.20286340116e-05,704181.086842
37.2583333333,-0.00102565239649,0.579487860203,2.40512919426,4.43056342192e-06,1.57861195476e-05,0,0,4.47087622888e-05,0.0166674368083,0,0,0,0,0,5.20286417461e-05,704181.086842
37.2694444444,-0.00102565239649,0.579487860203,2.40512919426,4.43056342192e-06,1.57861195476e-05,0,0,4.47087622888e-05,0.0166674368083,0,0,0,0,0,5.2028632996e-05,704181.086842
37.2805555556,-0.00102565239649,0.579487860203,2.40512919426,4.43056342192e-06,1.57861195476e-05,0,0,4.47087622888e-05,0.0166674368083,0,0,0,0,0,5.20286241149e-05,704181.086842
37.2916666667,-0.00102565239649,0.579487860203,2.40512919426,4.43056342192e-06,1.57861195476e-05,0,0,4.47087622888e-05,0.0166674368083,0,0,0,0,0,5.20286102058e-05,704181.086842
37.3027777778,-0.00102565239649,0.579487860203,2.40512919426,4.43056342192e-06,1.57861195476e-05,0,0,4.47087622888e-05,0.0166674368083,0,0,0,0,0,5.20286191541e-05,704181.086842
37.3138888889,-0.00102565239649,0.579487860203,2.40512919426,4.43056342192e-06,1.57861195476e-05,0,0,4.47087622888e-05,0.0166674368083,0,0,0,0,0,5.20286296553e-05,704181.086842
37.325,-0.00102565239649,0.579487860203,2.40512919426,4.43056342192e-06,1.57861195476e-05,0,0,4.47087622888e-05,0.0166674368083,0,0,0,0,0,5.20286289295e-05,704181.086842
37.3361111111,-0.00102565239649,0.579487860203,2.40512919426,4.43056342192e-06,1.57861195476e-05,0,0,4.47087622888e-05,0.0166674368083,0,0,0,0,0,5.20286350533e-05,704181.086842
37.3472222222,-0.00102565239649,0.579487860203,2.40512919426,4.43056342192e-06,1.57861195476e-05,0,0,4.47087622888e-05,0.0166674368083,0,0,0,0,0,5.20286288265e-05,704181.086842
37.3583333333,-0.00102565239649,0.579487860203,2.40512919426,4.43056342192e-06,1.57861195476e-05,0,0,4.47087622888e-05,0.0166674368083,0,0,0,0,0,5.20286352798e-05,704181.086842
37.3694444444,-0.00102565239649,0.579487860203,2.40512919426,4.43056342192e-06,1.57861195476e-05,0,0,4.47087622888e-05,0.0166674368083,0,0,0,0,0,5.20286369455e-05,704181.086842
37.3805555556,-0.00102565239649,0.579487860203,2.40512919426,4.43056342192e-06,1.57861195476e-05,0,0,4.47087622888e-05,0.0166674368083,0,0,0,0,0,5.20286504209e-05,704181.086842
37.3916666667,-0.00102565239649,0.579487860203,2.40512919426,4.43056342192e-06,1.57861195476e-05,0,0,4.47087622888e-05,0.0166674368083,0,0,0,0,0,5.20286307443e-05,704181.086842
37.4027777778,-0.00102565239649,0.579487860203,2.40512919426,4.43056342192e-06,1.57861195476e-05,0,0,4.47087622888e-05,0.0166674368083,0,0,0,0,0,5.20286157674e-05,704181.086842
37.4138888889,-0.00102565239649,0.579487860203,2.40512919426,4.43056342192e-06,1.57861195476e-05,0,0,4.47087622888e-05,0.0166674368083,0,0,0,0,0,5.2028630632e-05,704181.086842
37.425,-0.00102565239649,0.579487860203,2.40512919426,4.43056342192e-06,1.57861195476e-05,0,0,4.47087622888e-05,0.0166674368083,0,0,0,0,0,5.20286451775e-05,704181.086842
37.4361111111,-0.00102565239649,0.579487860203,2.40512919426,4.43056342192e-06,1.57861195476e-05,0,0,4.47087622888e-05,0.0166674368083,0,0,0,0,0,5.20286149518e-05,704181.086842
37.4472222222,-0.00102565239649,0.579487860203,2.40512919426,4.43056342192e-06,1.57861195476e-05,0,0,4.47087622888e-05,0.0166674368083,0,0,0,0,0,5.20286190294e-05,704181.086842
37.4583333333,-0.00102565239649,0.579487860203,2.40512919426,4.43056342192e-06,1.57861195476e-05,0,0,4.47087622888e-05,0.0166674368083,0,0,0,0,0,5.20286382926e-05,704181.086842
37.4694444444,-0.00102565239649,0.579487860203,2.40512919426,4.43056342192e-06,1.57861195476e-05,0,0,4.47087622888e-05,0.0166674368083,0,0,0,0,0,5.20286197313e-05,704181.086842
37.4805555556,-0.00102565239649,0.579487860203,2.40512919426,4.43056342192e-06,1.57861195476e-05,0,0,4.47087622888e-05,0.0166674368083,0,0,0,0,0,5.20286346758e-05,704181.086842
37.4916666667,-0.00102565239649,0.579487860203,2.40512919426,4.43056342192e-06,1.57861195476e-05,0,0,4.47087622888e-05,0.0166674368083,0,0,0,0,0,5.20286542294e-05,704181.086842
37.5027777778,-0.00102565239649,0.579487860203,2.40512919426,4.43056342192e-06,1.57861195476e-05,0,0,4.47087622888e-05,0.0166674368083,0,0,0,0,0,5.20286506568e-05,704181.086842
37.5138888889,-0.00102565239649,0.579487860203,2.40512919426,4.43056342192e-06,1.57861195476e-05,0,0,4.47087622888e-05,0.0166674368083,0,0,0,0,0,5.20286273469e-05,704181.086842
37.525,-0.00102565239649,0.579487860203,2.40512919426,4.43056342192e-06,1.57861195476e-05,0,0,4.47087622888e-05,0.0166674368083,0,0,0,0,0,5.2028635801e-05,704181.086842
37.5361111111,-0.00102565239649,0.579487860203,2.40512919426,4.43056342192e-06,1.57861195476e-05,0,0,4.47087622888e-05,0.0166674368083,0,0,0,0,0,5.20286315642e-05,704181.086842
37.5472222222,-0.00102565239649,0.579487860203,2.40512919426,4.43056342192e-06,1.57861195476e-05,0,0,4.47087622888e-05,0.0166674368083,0,0,0,0,0,5.2028631109e-05,704181.086842
37.5583333333,-0.00102565239649,0.579487860203,2.40512919426,4.43056342192e-06,1.57861195476e-05,0,0,4.47087622888e-05,0.0166674368083,0,0,0,0,0,5.20286273532e-05,704181.086842
37.5694444444,-0.00102565239649,0.579487860203,2.40512919426,4.43056342192e-06,1.57861195476e-05,0,0,4.47087622888e-05,0.0166674368083,0,0,0,0,0,5.20286475287e-05,704181.086842
37.5805555556,-0.00102565239649,0.579487860203,2.40512919426,4.43056342192e-06,1.57861195476e-05,0,0,4.47087622888e-05,0.0166674368083,0,0,0,0,0,5.20286235293e-05,704181.086842
37.5916666667,-0.00102565239649,0.579487860203,2.40512919426,4.43056342192e-06,1.57861195476e-05,0,0,4.47087622888e-05,0.0166674368083,0,0,0,0,0,5.20286275074e-05,704181.086842
37.6027777778,-0.00102565239649,0.579487860203,2.40512919426,4.43056342192e-06,1.57861195476e-05,0,0,4.47087622888e-05,0.0166674368083,0,0,0,0,0,5.20286382921e-05,704181.086842
37.6138888889,-0.00102565239649,0.579487860203,2.40512919426,4.43056342192e-06,1.57861195476e-05,0,0,4.47087622888e-05,0.0166674368083,0,0,0,0,0,5.20286257801e-05,704181.086842
37.625,-0.00102565239649,0.579487860203,2.40512919426,4.43056342192e-06,1.57861195476e-05,0,0,4.47087622888e-05,0.0166674368083,0,0,0,0,0,5.20286479273e-05,704181.086842
37.6361111111,-0.00102565239649,0.579487860203,2.40512919426,4.43056342192e-06,1.57861195476e-05,0,0,4.47087622888e-05,0.0166674368083,0,0,0,0,0,5.20286492779e-05,704181.086842
37.6472222222,-0.00102565239649,0.579487860203,2.40512919426,4.43056342192e-06,1.57861195476e-05,0,0,4.47087622888e-05,0.0166674368083,0,0,0,0,0,5.20286257364e-05,704181.086842
37.6583333333,-0.00102565239649,0.579487860203,2.40512919426,4.43056342192e-06,1.57861195476e-05,0,0,4.47087622888e-05,0.0166674368083,0,0,0,0,0,5.20286384236e-05,704181.086842
37.6694444444,-0.00102565239649,0.579487860203,2.40512919426,4.43056342192e-06,1.57861195476e-05,0,0,4.47087622888e-05,0.0166674368083,0,0,0,0,0,5.20286502908e-05,704181.086842
37.6805555556,-0.00102565239649,0.579487860203,2.40512919426,4.43056342192e-06,1.57861195476e-05,0,0,4.47087622888e-05,0.0166674368083,0,0,0,0,0,5.20286568894e-05,704181.086842
37.6916666667,-0.00102565239649,0.579487860203,2.40512919426,4.43056342192e-06,1.57861195476e-05,0,0,4.47087622888e-05,0.0166674368083,0,0,0,0,0,5.20286427642e-05,704181.086842
37.7027777778,-0.00102565239649,0.579487860203,2.40512919426,4.43056342192e-06,1.57861195476e-05,0,0,4.47087622888e-05,0.0166674368083,0,0,0,0,0,5.20286526466e-05,704181.086842
37.7138888889,-0.00102565239649,0.579487860203,2.40512919426,4.43056342192e-06,1.57861195476e-05,0,0,4.47087622888e-05,0.0166674368083,0,0,0,0,0,5.2028619007e-05,704181.086842
37.725,-0.00102565239649,0.579487860203,2.40512919426,4.43056342192e-06,1.57861195476e-05,0,0,4.47087622888e-05,0.0166674368083,0,0,0,0,0,5.20286314244e-05,704181.086842
37.7361111111,-0.00102565239649,0.579487860203,2.40512919426,4.43056342192e-06,1.57861195476e-05,0,0,4.47087622888e-05,0.0166674368083,0,0,0,0,0,5.20286393424e-05,704181.086842
37.7472222222,-0.00102565239649,0.579487860203,2.40512919426,4.43056342192e-06,1.57861195476e-05,0,0,4.47087622888e-05,0.0166674368083,0,0,0,0,0,5.20286307514e-05,704181.086842
37.7583333333,-0.00102565239649,0.579487860203,2.40512919426,4.43056342192e-06,1.57861195476e-05,0,0,4.47087622888e-05,0.0166674368083,0,0,0,0,0,5.20286214234e-05,704181.086842
37.7694444444,-0.00102565239649,0.579487860203,2.40512919426,4.43056342192e-06,1.57861195476e-05,0,0,4.47087622888e-05,0.0166674368083,0,0,0,0,0,5.20286149347e-05,704181.086842
37.7805555556,-0.00102565239649,0.579487860203,2.40512919426,4.43056342192e-06,1.57861195476e-05,0,0,4.47087622888e-05,0.0166674368083,0,0,0,0,0,5.20286440945e-05,704181.086842
37.7916666667,-0.00102565239649,0.579487860203,2.40512919426,4.43056342192e-06,1.57861195476e-05,0,0,4.47087622888e-05,0.0166674368083,0,0,0,0,0,5.20286346042e-05,704181.086842
37.8027777778,-0.00102565239649,0.579487860203,2.40512919426,4.43056342192e-06,1.57861195476e-05,0,0,4.47087622888e-05,0.0166674368083,0,0,0,0,0,5.20286270819e-05,704181.086842
37.8138888889,-0.00102565239649,0.579487860203,2.40512919426,4.43056342192e-06,1.57861195476e-05,0,0,4.47087622888e-05,0.0166674368083,0,0,0,0,0,5.20286280541e-05,704181.086842
37.825,-0.00102565239649,0.579487860203,2.40512919426,4.43056342192e-06,1.57861195476e-05,0,0,4.47087622888e-05,0.0166674368083,0,0,0,0,0,5.20286546935e-05,704181.086842
37.8361111111,-0.00102565239649,0.579487860203,2.40512919426,4.43056342192e-06,1.57861195476e-05,0,0,4.47087622888e-05,0.0166674368083,0,0,0,0,0,5.20286348536e-05,704181.086842
37.8472222222,-0.00102565239649,0.579487860203,2.40512919426,4.43056342192e-06,1.57861195476e-05,0,0,4.47087622888e-05,0.0166674368083,0,0,0,0,0,5.20286172218e-05,704181.086842
37.8583333333,-0.00102565239649,0.579487860203,2.40512919426,4.43056342192e-06,1.57861195476e-05,0,0,4.47087622888e-05,0.0166674368083,0,0,0,0,0,5.20286401443e-05,704181.086842
37.8694444444,-0.00102565239649,0.579487860203,2.40512919426,4.43056342192e-06,1.57861195476e-05,0,0,4.47087622888e-05,0.0166674368083,0,0,0,0,0,5.20286531424e-05,704181.086842
37.8805555556,-0.00102565239649,0.579487860203,2.40512919426,4.43056342192e-06,1.57861195476e-05,0,0,4.47087622888e-05,0.0166674368083,0,0,0,0,0,5.20286434229e-05,704181.086842
37.8916666667,-0.00102565239649,0.579487860203,2.40512919426,4.43056342192e-06,1.57861195476e-05,0,0,4.47087622888e-05,0.0166674368083,0,0,0,0,0,5.20286241666e-05,704181.086842
37.9027777778,-0.00102565239649,0.579487860203,2.40512919426,4.43056342192e-06,1.57861195476e-05,0,0,4.47087622888e-05,0.0166674368083,0,0,0,0,0,5.20286278675e-05,704181.086842
37.9138888889,-0.00102565239649,0.579487860203,2.40512919426,4.43056342192e-06,1.57861195476e-05,0,0,4.47087622888e-05,0.0166674368083,0,0,0,0,0,5.20286384859e-05,704181.086842
37.925,-0.00102565239649,0.579487860203,2.40512919426,4.43056342192e-06,1.57861195476e-05,0,0,4.47087622888e-05,0.0166674368083,0,0,0,0,0,5.20286043949e-05,704181.086842
37.9361111111,-0.00102565239649,0.579487860203,2.40512919426,4.43056342192e-06,1.57861195476e-05,0,0,4.47087622888e-05,0.0166674368083,0,0,0,0,0,5.20286344945e-05,704181.086842
37.9472222222,-0.00102565239649,0.579487860203,2.40512919426,4.43056342192e-06,1.57861195476e-05,0,0,4.47087622888e-05,0.0166674368083,0,0,0,0,0,5.20286305105e-05,704181.086842
37.9583333333,-0.00102565239649,0.579487860203,2.40512919426,4.43056342192e-06,1.57861195476e-05,0,0,4.47087622888e-05,0.0166674368083,0,0,0,0,0,5.2028656631e-05,704181.086842
37.9694444444,-0.00102565239649,0.579487860203,2.40512919426,4.43056342192e-06,1.57861195476e-05,0,0,4.47087622888e-05,0.0166674368083,0,0,0,0,0,5.20286421897e-05,704181.086842
37.9805555556,-0.00102565239649,0.579487860203,2.40512919426,4.43056342192e-06,1.57861195476e-05,0,0,4.47087622888e-05,0.0166674368083,0,0,0,0,0,5.20286320534e-05,704181.086842
37.9916666667,-0.00102565239649,0.579487860203,2.40512919426,4.43056342192e-06,1.57861195476e-05,0,0,4.47087622888e-05,0.0166674368083,0,0,0,0,0,5.20286345106e-05,704181.086842
38.0027777778,-0.00102565239649,0.579487860203,2.40512919426,4.43056342192e-06,1.57861195476e-05,0,0,4.47087622888e-05,0.0166674368083,0,0,0,0,0,5.20286440872e-05,704181.086842
38.0138888889,-0.00102565239649,0.579487860203,2.40512919426,4.43056342192e-06,1.57861195476e-05,0,0,4.47087622888e-05,0.0166674368083,0,0,0,0,0,5.20286441947e-05,704181.086842
38.025,-0.00102565239649,0.579487860203,2.40512919426,4.43056342192e-06,1.57861195476e-05,0,0,4.47087622888e-05,0.0166674368083,0,0,0,0,0,5.20286421267e-05,704181.086842
38.0361111111,-0.00102565239649,0.579487860203,2.40512919426,4.43056342192e-06,1.57861195476e-05,0,0,4.47087622888e-05,0.0166674368083,0,0,0,0,0,5.20286465777e-05,704181.086842
38.0472222222,-0.00102565239649,0.579487860203,2.40512919426,4.43056342192e-06,1.57861195476e-05,0,0,4.47087622888e-05,0.0166674368083,0,0,0,0,0,5.20286293699e-05,704181.086842
38.0583333333,-0.00102565239649,0.579487860203,2.40512919426,4.43056342192e-06,1.57861195476e-05,0,0,4.47087622888e-05,0.0166674368083,0,0,0,0,0,5.20286383472e-05,704181.086842
38.0694444444,-0.00102565239649,0.579487860203,2.40512919426,4.43056342192e-06,1.57861195476e-05,0,0,4.47087622888e-05,0.0166674368083,0,0,0,0,0,5.20286381378e-05,704181.086842
38.0805555556,-0.00102565239649,0.579487860203,2.40512919426,4.43056342192e-06,1.57861195476e-05,0,0,4.47087622888e-05,0.0166674368083,0,0,0,0,0,5.20286318483e-05,704181.086842
38.0916666667,-0.00102565239649,0.579487860203,2.40512919426,4.43056342192e-06,1.57861195476e-05,0,0,4.47087622888e-05,0.0166674368083,0,0,0,0,0,5.20286188675e-05,704181.086842
38.1027777778,-0.00102565239649,0.579487860203,2.40512919426,4.43056342192e-06,1.57861195476e-05,0,0,4.47087622888e-05,0.0166674368083,0,0,0,0,0,5.20286284812e-05,704181.086842
38.1138888889,-0.00102565239649,0.579487860203,2.40512919426,4.43056342192e-06,1.57861195476e-05,0,0,4.47087622888e-05,0.0166674368083,0,0,0,0,0,5.20286349477e-05,704181.086842
38.125,-0.00102565239649,0.579487860203,2.40512919426,4.43056342192e-06,1.57861195476e-05,0,0,4.47087622888e-05,0.0166674368083,0,0,0,0,0,5.20286373852e-05,704181.086842
38.1361111111,-0.00102565239649,0.579487860203,2.40512919426,4.43056342192e-06,1.57861195476e-05,0,0,4.47087622888e-05,0.0166674368083,0,0,0,0,0,5.20286117065e-05,704181.086842
38.1472222222,-0.00102565239649,0.579487860203,2.40512919426,4.43056342192e-06,1.57861195476e-05,0,0,4.47087622888e-05,0.0166674368083,0,0,0,0,0,5.2028626579e-05,704181.086842
38.1583333333,-0.00102565239649,0.579487860203,2.40512919426,4.43056342192e-06,1.57861195476e-05,0,0,4.47087622888e-05,0.0166674368083,0,0,0,0,0,5.20286332637e-05,704181.086842
38.1694444444,-0.00102565239649,0.579487860203,2.40512919426,4.43056342192e-06,1.57861195476e-05,0,0,4.47087622888e-05,0.0166674368083,0,0,0,0,0,5.2028645555e-05,704181.086842
38.1805555556,-0.00102565239649,0.579487860203,2.40512919426,4.43056342192e-06,1.57861195476e-05,0,0,4.47087622888e-05,0.0166674368083,0,0,0,0,0,5.2028626222e-05,704181.086842
38.1916666667,-0.00102565239649,0.579487860203,2.40512919426,4.43056342192e-06,1.57861195476e-05,0,0,4.47087622888e-05,0.0166674368083,0,0,0,0,0,5.20286432787e-05,704181.086842
38.2027777778,-0.00102565239649,0.579487860203,2.40512919426,4.43056342192e-06,1.57861195476e-05,0,0,4.47087622888e-05,0.0166674368083,0,0,0,0,0,5.20286325496e-05,704181.086842
38.2138888889,-0.00102565239649,0.579487860203,2.40512919426,4.43056342192e-06,1.57861195476e-05,0,0,4.47087622888e-05,0.0166674368083,0,0,0,0,0,5.20286533827e-05,704181.086842
38.225,-0.00102565239649,0.579487860203,2.40512919426,4.43056342192e-06,1.57861195476e-05,0,0,4.47087622888e-05,0.0166674368083,0,0,0,0,0,5.20286304794e-05,704181.086842
38.2361111111,-0.00102565239649,0.579487860203,2.40512919426,4.43056342192e-06,1.57861195476e-05,0,0,4.47087622888e-05,0.0166674368083,0,0,0,0,0,5.20286409543e-05,704181.086842
38.2472222222,-0.00102565239649,0.579487860203,2.40512919426,4.43056342192e-06,1.57861195476e-05,0,0,4.47087622888e-05,0.0166674368083,0,0,0,0,0,5.20286491712e-05,704181.086842
38.2583333333,-0.00102565239649,0.579487860203,2.40512919426,4.43056342192e-06,1.57861195476e-05,0,0,4.47087622888e-05,0.0166674368083,0,0,0,0,0,5.20286504302e-05,704181.086842
38.2694444444,-0.00102565239649,0.579487860203,2.40512919426,4.43056342192e-06,1.57861195476e-05,0,0,4.47087622888e-05,0.0166674368083,0,0,0,0,0,5.20286594468e-05,704181.086842
38.2805555556,-0.00102565239649,0.579487860203,2.40512919426,4.43056342192e-06,1.57861195476e-05,0,0,4.47087622888e-05,0.0166674368083,0,0,0,0,0,5.20286403832e-05,704181.086842
38.2916666667,-0.00102565239649,0.579487860203,2.40512919426,4.43056342192e-06,1.57861195476e-05,0,0,4.47087622888e-05,0.0166674368083,0,0,0,0,0,5.20286428889e-05,704181.086842
38.3027777778,-0.00102565239649,0.579487860203,2.40512919426,4.43056342192e-06,1.57861195476e-05,0,0,4.47087622888e-05,0.0166674368083,0,0,0,0,0,5.20286256363e-05,704181.086842
38.3138888889,-0.00102565239649,0.579487860203,2.40512919426,4.43056342192e-06,1.57861195476e-05,0,0,4.47087622888e-05,0.0166674368083,0,0,0,0,0,5.20286378292e-05,704181.086842
38.325,-0.00102565239649,0.579487860203,2.40512919426,4.43056342192e-06,1.57861195476e-05,0,0,4.47087622888e-05,0.0166674368083,0,0,0,0,0,5.2028651773e-05,704181.086842
38.3361111111,-0.00102565239649,0.579487860203,2.40512919426,4.43056342192e-06,1.57861195476e-05,0,0,4.47087622888e-05,0.0166674368083,0,0,0,0,0,5.20286200255e-05,704181.086842
38.3472222222,-0.00102565239649,0.579487860203,2.40512919426,4.43056342192e-06,1.57861195476e-05,0,0,4.47087622888e-05,0.0166674368083,0,0,0,0,0,5.20286357194e-05,704181.086842
38.3583333333,-0.00102565239649,0.579487860203,2.40512919426,4.43056342192e-06,1.57861195476e-05,0,0,4.47087622888e-05,0.0166674368083,0,0,0,0,0,5.20286495423e-05,704181.086842
38.3694444444,-0.00102565239649,0.579487860203,2.40512919426,4.43056342192e-06,1.57861195476e-05,0,0,4.47087622888e-05,0.0166674368083,0,0,0,0,0,5.2028639686e-05,704181.086842
38.3805555556,-0.00102565239649,0.579487860203,2.40512919426,4.43056342192e-06,1.57861195476e-05,0,0,4.47087622888e-05,0.0166674368083,0,0,0,0,0,5.20286505397e-05,704181.086842
38.3916666667,-0.00102565239649,0.579487860203,2.40512919426,4.43056342192e-06,1.57861195476e-05,0,0,4.47087622888e-05,0.0166674368083,0,0,0,0,0,5.20286386922e-05,704181.086842
38.4027777778,-0.00102565239649,0.579487860203,2.40512919426,4.43056342192e-06,1.57861195476e-05,0,0,4.47087622888e-05,0.0166674368083,0,0,0,0,0,5.20286355917e-05,704181.086842
38.4138888889,-0.00102565239649,0.579487860203,2.40512919426,4.43056342192e-06,1.57861195476e-05,0,0,4.47087622888e-05,0.0166674368083,0,0,0,0,0,5.20286428509e-05,704181.086842
38.425,-0.00102565239649,0.579487860203,2.40512919426,4.43056342192e-06,1.57861195476e-05,0,0,4.47087622888e-05,0.0166674368083,0,0,0,0,0,5.20286261122e-05,704181.086842
38.4361111111,-0.00102565239649,0.579487860203,2.40512919426,4.43056342192e-06,1.57861195476e-05,0,0,4.47087622888e-05,0.0166674368083,0,0,0,0,0,5.20286435453e-05,704181.086842
38.4472222222,-0.00102565239649,0.579487860203,2.40512919426,4.43056342192e-06,1.57861195476e-05,0,0,4.47087622888e-05,0.0166674368083,0,0,0,0,0,5.20286483604e-05,704181.086842
38.4583333333,-0.00102565239649,0.579487860203,2.40512919426,4.43056342192e-06,1.57861195476e-05,0,0,4.47087622888e-05,0.0166674368083,0,0,0,0,0,5.20286455844e-05,704181.086842
38.4694444444,-0.00102565239649,0.579487860203,2.40512919426,4.43056342192e-06,1.57861195476e-05,0,0,4.47087622888e-05,0.0166674368083,0,0,0,0,0,5.20286497281e-05,704181.086842
38.4805555556,-0.00102565239649,0.579487860203,2.40512919426,4.43056342192e-06,1.57861195476e-05,0,0,4.47087622888e-05,0.0166674368083,0,0,0,0,0,5.20286542865e-05,704181.086842
38.4916666667,-0.00102565239649,0.579487860203,2.40512919426,4.43056342192e-06,1.57861195476e-05,0,0,4.47087622888e-05,0.0166674368083,0,0,0,0,0,5.20286516937e-05,704181.086842
38.5027777778,-0.00102565239649,0.579487860203,2.40512919426,4.43056342192e-06,1.57861195476e-05,0,0,4.47087622888e-05,0.0166674368083,0,0,0,0,0,5.20286521622e-05,704181.086842
38.5138888889,-0.00102565239649,0.579487860203,2.40512919426,4.43056342192e-06,1.57861195476e-05,0,0,4.47087622888e-05,0.0166674368083,0,0,0,0,0,5.20286422619e-05,704181.086842
38.525,-0.00102565239649,0.579487860203,2.40512919426,4.43056342192e-06,1.57861195476e-05,0,0,4.47087622888e-05,0.0166674368083,0,0,0,0,0,5.20286570092e-05,704181.086842
38.5361111111,-0.00102565239649,0.579487860203,2.40512919426,4.43056342192e-06,1.57861195476e-05,0,0,4.47087622888e-05,0.0166674368083,0,0,0,0,0,5.20286374797e-05,704181.086842
38.5472222222,-0.00102565239649,0.579487860203,2.40512919426,4.43056342192e-06,1.57861195476e-05,0,0,4.47087622888e-05,0.0166674368083,0,0,0,0,0,5.2028643173e-05,704181.086842
38.5583333333,-0.00102565239649,0.579487860203,2.40512919426,4.43056342192e-06,1.57861195476e-05,0,0,4.47087622888e-05,0.0166674368083,0,0,0,0,0,5.20286204983e-05,704181.086842
38.5694444444,-0.00102565239649,0.579487860203,2.40512919426,4.43056342192e-06,1.57861195476e-05,0,0,4.47087622888e-05,0.0166674368083,0,0,0,0,0,5.20286443931e-05,704181.086842
38.5805555556,-0.00102565239649,0.579487860203,2.40512919426,4.43056342192e-06,1.57861195476e-05,0,0,4.47087622888e-05,0.0166674368083,0,0,0,0,0,5.20286449136e-05,704181.086842
38.5916666667,-0.00102565239649,0.579487860203,2.40512919426,4.43056342192e-06,1.57861195476e-05,0,0,4.47087622888e-05,0.0166674368083,0,0,0,0,0,5.20286269443e-05,704181.086842
38.6027777778,-0.00102565239649,0.579487860203,2.40512919426,4.43056342192e-06,1.57861195476e-05,0,0,4.47087622888e-05,0.0166674368083,0,0,0,0,0,5.20286303092e-05,704181.086842
38.6138888889,-0.00102565239649,0.579487860203,2.40512919426,4.43056342192e-06,1.57861195476e-05,0,0,4.47087622888e-05,0.0166674368083,0,0,0,0,0,5.20286378208e-05,704181.086842
38.625,-0.00102565239649,0.579487860203,2.40512919426,4.43056342192e-06,1.57861195476e-05,0,0,4.47087622888e-05,0.0166674368083,0,0,0,0,0,5.20286510807e-05,704181.086842
38.6361111111,-0.00102565239649,0.579487860203,2.40512919426,4.43056342192e-06,1.57861195476e-05,0,0,4.47087622888e-05,0.0166674368083,0,0,0,0,0,5.20286389319e-05,704181.086842
38.6472222222,-0.00102565239649,0.579487860203,2.40512919426,4.43056342192e-06,1.57861195476e-05,0,0,4.47087622888e-05,0.0166674368083,0,0,0,0,0,5.20286407311e-05,704181.086842
38.6583333333,-0.00102565239649,0.579487860203,2.40512919426,4.43056342192e-06,1.57861195476e-05,0,0,4.47087622888e-05,0.0166674368083,0,0,0,0,0,5.20286158663e-05,704181.086842
38.6694444444,-0.00102565239649,0.579487860203,2.40512919426,4.43056342192e-06,1.57861195476e-05,0,0,4.47087622888e-05,0.0166674368083,0,0,0,0,0,5.20286387833e-05,704181.086842
38.6805555556,-0.00102565239649,0.579487860203,2.40512919426,4.43056342192e-06,1.57861195476e-05,0,0,4.47087622888e-05,0.0166674368083,0,0,0,0,0,5.20286298169e-05,704181.086842
38.6916666667,-0.00102565239649,0.579487860203,2.40512919426,4.43056342192e-06,1.57861195476e-05,0,0,4.47087622888e-05,0.0166674368083,0,0,0,0,0,5.20286414799e-05,704181.086842
38.7027777778,-0.00102565239649,0.579487860203,2.40512919426,4.43056342192e-06,1.57861195476e-05,0,0,4.47087622888e-05,0.0166674368083,0,0,0,0,0,5.20286474856e-05,704181.086842
38.7138888889,-0.00102565239649,0.579487860203,2.40512919426,4.43056342192e-06,1.57861195476e-05,0,0,4.47087622888e-05,0.0166674368083,0,0,0,0,0,5.20286257551e-05,704181.086842
38.725,-0.00102565239649,0.579487860203,2.40512919426,4.43056342192e-06,1.57861195476e-05,0,0,4.47087622888e-05,0.0166674368083,0,0,0,0,0,5.20286166922e-05,704181.086842
38.7361111111,-0.00102565239649,0.579487860203,2.40512919426,4.43056342192e-06,1.57861195476e-05,0,0,4.47087622888e-05,0.0166674368083,0,0,0,0,0,5.2028630213e-05,704181.086842
38.7472222222,-0.00102565239649,0.579487860203,2.40512919426,4.43056342192e-06,1.57861195476e-05,0,0,4.47087622888e-05,0.0166674368083,0,0,0,0,0,5.20286326241e-05,704181.086842
38.7583333333,-0.00102565239649,0.579487860203,2.40512919426,4.43056342192e-06,1.57861195476e-05,0,0,4.47087622888e-05,0.0166674368083,0,0,0,0,0,5.2028636588e-05,704181.086842
38.7694444444,-0.00102565239649,0.579487860203,2.40512919426,4.43056342192e-06,1.57861195476e-05,0,0,4.47087622888e-05,0.0166674368083,0,0,0,0,0,5.20286519645e-05,704181.086842
38.7805555556,-0.00102565239649,0.579487860203,2.40512919426,4.43056342192e-06,1.57861195476e-05,0,0,4.47087622888e-05,0.0166674368083,0,0,0,0,0,5.20286193278e-05,704181.086842
38.7916666667,-0.00102565239649,0.579487860203,2.40512919426,4.43056342192e-06,1.57861195476e-05,0,0,4.47087622888e-05,0.0166674368083,0,0,0,0,0,5.20286538109e-05,704181.086842
38.8027777778,-0.00102565239649,0.579487860203,2.40512919426,4.43056342192e-06,1.57861195476e-05,0,0,4.47087622888e-05,0.0166674368083,0,0,0,0,0,5.20286101528e-05,704181.086842
38.8138888889,-0.00102565239649,0.579487860203,2.40512919426,4.43056342192e-06,1.57861195476e-05,0,0,4.47087622888e-05,0.0166674368083,0,0,0,0,0,5.20286183482e-05,704181.086842
38.825,-0.00102565239649,0.579487860203,2.40512919426,4.43056342192e-06,1.57861195476e-05,0,0,4.47087622888e-05,0.0166674368083,0,0,0,0,0,5.20286439111e-05,704181.086842
38.8361111111,-0.00102565239649,0.579487860203,2.40512919426,4.43056342192e-06,1.57861195476e-05,0,0,4.47087622888e-05,0.0166674368083,0,0,0,0,0,5.20286270223e-05,704181.086842
38.8472222222,-0.00102565239649,0.579487860203,2.40512919426,4.43056342192e-06,1.57861195476e-05,0,0,4.47087622888e-05,0.0166674368083,0,0,0,0,0,5.20286314846e-05,704181.086842
38.8583333333,-0.00102565239649,0.579487860203,2.40512919426,4.43056342192e-06,1.57861195476e-05,0,0,4.47087622888e-05,0.0166674368083,0,0,0,0,0,5.20286316492e-05,704181.086842
38.8694444444,-0.00102565239649,0.579487860203,2.40512919426,4.43056342192e-06,1.57861195476e-05,0,0,4.47087622888e-05,0.0166674368083,0,0,0,0,0,5.20286460872e-05,704181.086842
38.8805555556,-0.00102565239649,0.579487860203,2.40512919426,4.43056342192e-06,1.57861195476e-05,0,0,4.47087622888e-05,0.0166674368083,0,0,0,0,0,5.20286379235e-05,704181.086842
38.8916666667,-0.00102565239649,0.579487860203,2.40512919426,4.43056342192e-06,1.57861195476e-05,0,0,4.47087622888e-05,0.0166674368083,0,0,0,0,0,5.20286486664e-05,704181.086842
38.9027777778,-0.00102565239649,0.579487860203,2.40512919426,4.43056342192e-06,1.57861195476e-05,0,0,4.47087622888e-05,0.0166674368083,0,0,0,0,0,5.20286309445e-05,704181.086842
38.9138888889,-0.00102565239649,0.579487860203,2.40512919426,4.43056342192e-06,1.57861195476e-05,0,0,4.47087622888e-05,0.0166674368083,0,0,0,0,0,5.2028629629e-05,704181.086842
38.925,-0.00102565239649,0.579487860203,2.40512919426,4.43056342192e-06,1.57861195476e-05,0,0,4.47087622888e-05,0.0166674368083,0,0,0,0,0,5.20286418343e-05,704181.086842
38.9361111111,-0.00102565239649,0.579487860203,2.40512919426,4.43056342192e-06,1.57861195476e-05,0,0,4.47087622888e-05,0.0166674368083,0,0,0,0,0,5.20286460802e-05,704181.086842
38.9472222222,-0.00102565239649,0.579487860203,2.40512919426,4.43056342192e-06,1.57861195476e-05,0,0,4.47087622888e-05,0.0166674368083,0,0,0,0,0,5.2028657021e-05,704181.086842
38.9583333333,-0.00102565239649,0.579487860203,2.40512919426,4.43056342192e-06,1.57861195476e-05,0,0,4.47087622888e-05,0.0166674368083,0,0,0,0,0,5.20286388063e-05,704181.086842
38.9694444444,-0.00102565239649,0.579487860203,2.40512919426,4.43056342192e-06,1.57861195476e-05,0,0,4.47087622888e-05,0.0166674368083,0,0,0,0,0,5.20286519022e-05,704181.086842
38.9805555556,-0.00102565239649,0.579487860203,2.40512919426,4.43056342192e-06,1.57861195476e-05,0,0,4.47087622888e-05,0.0166674368083,0,0,0,0,0,5.20286348466e-05,704181.086842
38.9916666667,-0.00102565239649,0.579487860203,2.40512919426,4.43056342192e-06,1.57861195476e-05,0,0,4.47087622888e-05,0.0166674368083,0,0,0,0,0,5.20286363184e-05,704181.086842
39.0027777778,-0.00102565239649,0.579487860203,2.40512919426,4.43056342192e-06,1.57861195476e-05,0,0,4.47087622888e-05,0.0166674368083,0,0,0,0,0,5.20286592615e-05,704181.086842
39.0138888889,-0.00102565239649,0.579487860203,2.40512919426,4.43056342192e-06,1.57861195476e-05,0,0,4.47087622888e-05,0.0166674368083,0,0,0,0,0,5.20286246752e-05,704181.086842
39.025,-0.00102565239649,0.579487860203,2.40512919426,4.43056342192e-06,1.57861195476e-05,0,0,4.47087622888e-05,0.0166674368083,0,0,0,0,0,5.20286545873e-05,704181.086842
39.0361111111,-0.00102565239649,0.579487860203,2.40512919426,4.43056342192e-06,1.57861195476e-05,0,0,4.47087622888e-05,0.0166674368083,0,0,0,0,0,5.20286399462e-05,704181.086842
39.0472222222,-0.00102565239649,0.579487860203,2.40512919426,4.43056342192e-06,1.57861195476e-05,0,0,4.47087622888e-05,0.0166674368083,0,0,0,0,0,5.20286374187e-05,704181.086842
39.0583333333,-0.00102565239649,0.579487860203,2.40512919426,4.43056342192e-06,1.57861195476e-05,0,0,4.47087622888e-05,0.0166674368083,0,0,0,0,0,5.20286307246e-05,704181.086842
39.0694444444,-0.00102565239649,0.579487860203,2.40512919426,4.43056342192e-06,1.57861195476e-05,0,0,4.47087622888e-05,0.0166674368083,0,0,0,0,0,5.20286500377e-05,704181.086842
39.0805555556,-0.00102565239649,0.579487860203,2.40512919426,4.43056342192e-06,1.57861195476e-05,0,0,4.47087622888e-05,0.0166674368083,0,0,0,0,0,5.20286317584e-05,704181.086842
39.0916666667,-0.00102565239649,0.579487860203,2.40512919426,4.43056342192e-06,1.57861195476e-05,0,0,4.47087622888e-05,0.0166674368083,0,0,0,0,0,5.20286281994e-05,704181.086842
39.1027777778,-0.00102565239649,0.579487860203,2.40512919426,4.43056342192e-06,1.57861195476e-05,0,0,4.47087622888e-05,0.0166674368083,0,0,0,0,0,5.20286356492e-05,704181.086842
39.1138888889,-0.00102565239649,0.579487860203,2.40512919426,4.43056342192e-06,1.57861195476e-05,0,0,4.47087622888e-05,0.0166674368083,0,0,0,0,0,5.20286531402e-05,704181.086842
39.125,-0.00102565239649,0.579487860203,2.40512919426,4.43056342192e-06,1.57861195476e-05,0,0,4.47087622888e-05,0.0166674368083,0,0,0,0,0,5.20286400433e-05,704181.086842
39.1361111111,-0.00102565239649,0.579487860203,2.40512919426,4.43056342192e-06,1.57861195476e-05,0,0,4.47087622888e-05,0.0166674368083,0,0,0,0,0,5.20286225724e-05,704181.086842
39.1472222222,-0.00102565239649,0.579487860203,2.40512919426,4.43056342192e-06,1.57861195476e-05,0,0,4.47087622888e-05,0.0166674368083,0,0,0,0,0,5.20286255375e-05,704181.086842
39.1583333333,-0.00102565239649,0.579487860203,2.40512919426,4.43056342192e-06,1.57861195476e-05,0,0,4.47087622888e-05,0.0166674368083,0,0,0,0,0,5.20286291768e-05,704181.086842
39.1694444444,-0.00102565239649,0.579487860203,2.40512919426,4.43056342192e-06,1.57861195476e-05,0,0,4.47087622888e-05,0.0166674368083,0,0,0,0,0,5.20286467352e-05,704181.086842
39.1805555556,-0.00102565239649,0.579487860203,2.40512919426,4.43056342192e-06,1.57861195476e-05,0,0,4.47087622888e-05,0.0166674368083,0,0,0,0,0,5.20286282593e-05,704181.086842
39.1916666667,-0.00102565239649,0.579487860203,2.40512919426,4.43056342192e-06,1.57861195476e-05,0,0,4.47087622888e-05,0.0166674368083,0,0,0,0,0,5.20286395358e-05,704181.086842
39.2027777778,-0.00102565239649,0.579487860203,2.40512919426,4.43056342192e-06,1.57861195476e-05,0,0,4.47087622888e-05,0.0166674368083,0,0,0,0,0,5.20286515587e-05,704181.086842
39.2138888889,-0.00102565239649,0.579487860203,2.40512919426,4.43056342192e-06,1.57861195476e-05,0,0,4.47087622888e-05,0.0166674368083,0,0,0,0,0,5.20286346348e-05,704181.086842
39.225,-0.00102565239649,0.579487860203,2.40512919426,4.43056342192e-06,1.57861195476e-05,0,0,4.47087622888e-05,0.0166674368083,0,0,0,0,0,5.20286349604e-05,704181.086842
39.2361111111,-0.00102565239649,0.579487860203,2.40512919426,4.43056342192e-06,1.57861195476e-05,0,0,4.47087622888e-05,0.0166674368083,0,0,0,0,0,5.20286419959e-05,704181.086842
39.2472222222,-0.00102565239649,0.579487860203,2.40512919426,4.43056342192e-06,1.57861195476e-05,0,0,4.47087622888e-05,0.0166674368083,0,0,0,0,0,5.20286513979e-05,704181.086842
39.2583333333,-0.00102565239649,0.579487860203,2.40512919426,4.43056342192e-06,1.57861195476e-05,0,0,4.47087622888e-05,0.0166674368083,0,0,0,0,0,5.20286632627e-05,704181.086842
39.2694444444,-0.00102565239649,0.579487860203,2.40512919426,4.43056342192e-06,1.57861195476e-05,0,0,4.47087622888e-05,0.0166674368083,0,0,0,0,0,5.20286366936e-05,704181.086842
39.2805555556,-0.00102565239649,0.579487860203,2.40512919426,4.43056342192e-06,1.57861195476e-05,0,0,4.47087622888e-05,0.0166674368083,0,0,0,0,0,5.20286317117e-05,704181.086842
39.2916666667,-0.00102565239649,0.579487860203,2.40512919426,4.43056342192e-06,1.57861195476e-05,0,0,4.47087622888e-05,0.0166674368083,0,0,0,0,0,5.20286387049e-05,704181.086842
39.3027777778,-0.00102565239649,0.579487860203,2.40512919426,4.43056342192e-06,1.57861195476e-05,0,0,4.47087622888e-05,0.0166674368083,0,0,0,0,0,5.20286655602e-05,704181.086842
39.3138888889,-0.00102565239649,0.579487860203,2.40512919426,4.43056342192e-06,1.57861195476e-05,0,0,4.47087622888e-05,0.0166674368083,0,0,0,0,0,5.2028634048e-05,704181.086842
39.325,-0.00102565239649,0.579487860203,2.40512919426,4.43056342192e-06,1.57861195476e-05,0,0,4.47087622888e-05,0.0166674368083,0,0,0,0,0,5.20286567626e-05,704181.086842
39.3361111111,-0.00102565239649,0.579487860203,2.40512919426,4.43056342192e-06,1.57861195476e-05,0,0,4.47087622888e-05,0.0166674368083,0,0,0,0,0,5.20286328363e-05,704181.086842
39.3472222222,-0.00102565239649,0.579487860203,2.40512919426,4.43056342192e-06,1.57861195476e-05,0,0,4.47087622888e-05,0.0166674368083,0,0,0,0,0,5.2028621972e-05,704181.086842
39.3583333333,-0.00102565239649,0.579487860203,2.40512919426,4.43056342192e-06,1.57861195476e-05,0,0,4.47087622888e-05,0.0166674368083,0,0,0,0,0,5.20286419587e-05,704181.086842
39.3694444444,-0.00102565239649,0.579487860203,2.40512919426,4.43056342192e-06,1.57861195476e-05,0,0,4.47087622888e-05,0.0166674368083,0,0,0,0,0,5.2028638365e-05,704181.086842
39.3805555556,-0.00102565239649,0.579487860203,2.40512919426,4.43056342192e-06,1.57861195476e-05,0,0,4.47087622888e-05,0.0166674368083,0,0,0,0,0,5.20286506273e-05,704181.086842
39.3916666667,-0.00102565239649,0.579487860203,2.40512919426,4.43056342192e-06,1.57861195476e-05,0,0,4.47087622888e-05,0.0166674368083,0,0,0,0,0,5.20286328236e-05,704181.086842
39.4027777778,-0.00102565239649,0.579487860203,2.40512919426,4.43056342192e-06,1.57861195476e-05,0,0,4.47087622888e-05,0.0166674368083,0,0,0,0,0,5.20286415175e-05,704181.086842
39.4138888889,-0.00102565239649,0.579487860203,2.40512919426,4.43056342192e-06,1.57861195476e-05,0,0,4.47087622888e-05,0.0166674368083,0,0,0,0,0,5.20286404707e-05,704181.086842
39.425,-0.00102565239649,0.579487860203,2.40512919426,4.43056342192e-06,1.57861195476e-05,0,0,4.47087622888e-05,0.0166674368083,0,0,0,0,0,5.20286237565e-05,704181.086842
39.4361111111,-0.00102565239649,0.579487860203,2.40512919426,4.43056342192e-06,1.57861195476e-05,0,0,4.47087622888e-05,0.0166674368083,0,0,0,0,0,5.20286545093e-05,704181.086842
39.4472222222,-0.00102565239649,0.579487860203,2.40512919426,4.43056342192e-06,1.57861195476e-05,0,0,4.47087622888e-05,0.0166674368083,0,0,0,0,0,5.20286444126e-05,704181.086842
39.4583333333,-0.00102565239649,0.579487860203,2.40512919426,4.43056342192e-06,1.57861195476e-05,0,0,4.47087622888e-05,0.0166674368083,0,0,0,0,0,5.20286360298e-05,704181.086842
39.4694444444,-0.00102565239649,0.579487860203,2.40512919426,4.43056342192e-06,1.57861195476e-05,0,0,4.47087622888e-05,0.0166674368083,0,0,0,0,0,5.20286233042e-05,704181.086842
39.4805555556,-0.00102565239649,0.579487860203,2.40512919426,4.43056342192e-06,1.57861195476e-05,0,0,4.47087622888e-05,0.0166674368083,0,0,0,0,0,5.20286419752e-05,704181.086842
39.4916666667,-0.00102565239649,0.579487860203,2.40512919426,4.43056342192e-06,1.57861195476e-05,0,0,4.47087622888e-05,0.0166674368083,0,0,0,0,0,5.20286464099e-05,704181.086842
39.5027777778,-0.00102565239649,0.579487860203,2.40512919426,4.43056342192e-06,1.57861195476e-05,0,0,4.47087622888e-05,0.0166674368083,0,0,0,0,0,5.20286424135e-05,704181.086842
39.5138888889,-0.00102565239649,0.579487860203,2.40512919426,4.43056342192e-06,1.57861195476e-05,0,0,4.47087622888e-05,0.0166674368083,0,0,0,0,0,5.20286520298e-05,704181.086842
39.525,-0.00102565239649,0.579487860203,2.40512919426,4.43056342192e-06,1.57861195476e-05,0,0,4.47087622888e-05,0.0166674368083,0,0,0,0,0,5.20286217258e-05,704181.086842
39.5361111111,-0.00102565239649,0.579487860203,2.40512919426,4.43056342192e-06,1.57861195476e-05,0,0,4.47087622888e-05,0.0166674368083,0,0,0,0,0,5.20286326336e-05,704181.086842
39.5472222222,-0.00102565239649,0.579487860203,2.40512919426,4.43056342192e-06,1.57861195476e-05,0,0,4.47087622888e-05,0.0166674368083,0,0,0,0,0,5.20286334135e-05,704181.086842
39.5583333333,-0.00102565239649,0.579487860203,2.40512919426,4.43056342192e-06,1.57861195476e-05,0,0,4.47087622888e-05,0.0166674368083,0,0,0,0,0,5.20286490629e-05,704181.086842
39.5694444444,-0.00102565239649,0.579487860203,2.40512919426,4.43056342192e-06,1.57861195476e-05,0,0,4.47087622888e-05,0.0166674368083,0,0,0,0,0,5.20286491906e-05,704181.086842
39.5805555556,-0.00102565239649,0.579487860203,2.40512919426,4.43056342192e-06,1.57861195476e-05,0,0,4.47087622888e-05,0.0166674368083,0,0,0,0,0,5.20286314071e-05,704181.086842
39.5916666667,-0.00102565239649,0.579487860203,2.40512919426,4.43056342192e-06,1.57861195476e-05,0,0,4.47087622888e-05,0.0166674368083,0,0,0,0,0,5.20286294721e-05,704181.086842
39.6027777778,-0.00102565239649,0.579487860203,2.40512919426,4.43056342192e-06,1.57861195476e-05,0,0,4.47087622888e-05,0.0166674368083,0,0,0,0,0,5.20286365727e-05,704181.086842
39.6138888889,-0.00102565239649,0.579487860203,2.40512919426,4.43056342192e-06,1.57861195476e-05,0,0,4.47087622888e-05,0.0166674368083,0,0,0,0,0,5.20286333417e-05,704181.086842
39.625,-0.00102565239649,0.579487860203,2.40512919426,4.43056342192e-06,1.57861195476e-05,0,0,4.47087622888e-05,0.0166674368083,0,0,0,0,0,5.20286492543e-05,704181.086842
39.6361111111,-0.00102565239649,0.579487860203,2.40512919426,4.43056342192e-06,1.57861195476e-05,0,0,4.47087622888e-05,0.0166674368083,0,0,0,0,0,5.20286514236e-05,704181.086842
39.6472222222,-0.00102565239649,0.579487860203,2.40512919426,4.43056342192e-06,1.57861195476e-05,0,0,4.47087622888e-05,0.0166674368083,0,0,0,0,0,5.20286497452e-05,704181.086842
39.6583333333,-0.00102565239649,0.579487860203,2.40512919426,4.43056342192e-06,1.57861195476e-05,0,0,4.47087622888e-05,0.0166674368083,0,0,0,0,0,5.20286308842e-05,704181.086842
39.6694444444,-0.00102565239649,0.579487860203,2.40512919426,4.43056342192e-06,1.57861195476e-05,0,0,4.47087622888e-05,0.0166674368083,0,0,0,0,0,5.20286337148e-05,704181.086842
39.6805555556,-0.00102565239649,0.579487860203,2.40512919426,4.43056342192e-06,1.57861195476e-05,0,0,4.47087622888e-05,0.0166674368083,0,0,0,0,0,5.20286616919e-05,704181.086842
39.6916666667,-0.00102565239649,0.579487860203,2.40512919426,4.43056342192e-06,1.57861195476e-05,0,0,4.47087622888e-05,0.0166674368083,0,0,0,0,0,5.20286286037e-05,704181.086842
39.7027777778,-0.00102565239649,0.579487860203,2.40512919426,4.43056342192e-06,1.57861195476e-05,0,0,4.47087622888e-05,0.0166674368083,0,0,0,0,0,5.20286471909e-05,704181.086842
39.7138888889,-0.00102565239649,0.579487860203,2.40512919426,4.43056342192e-06,1.57861195476e-05,0,0,4.47087622888e-05,0.0166674368083,0,0,0,0,0,5.20286300695e-05,704181.086842
39.725,-0.00102565239649,0.579487860203,2.40512919426,4.43056342192e-06,1.57861195476e-05,0,0,4.47087622888e-05,0.0166674368083,0,0,0,0,0,5.20286429883e-05,704181.086842
39.7361111111,-0.00102565239649,0.579487860203,2.40512919426,4.43056342192e-06,1.57861195476e-05,0,0,4.47087622888e-05,0.0166674368083,0,0,0,0,0,5.20286222156e-05,704181.086842
39.7472222222,-0.00102565239649,0.579487860203,2.40512919426,4.43056342192e-06,1.57861195476e-05,0,0,4.47087622888e-05,0.0166674368083,0,0,0,0,0,5.20286420576e-05,704181.086842
39.7583333333,-0.00102565239649,0.579487860203,2.40512919426,4.43056342192e-06,1.57861195476e-05,0,0,4.47087622888e-05,0.0166674368083,0,0,0,0,0,5.20286472622e-05,704181.086842
39.7694444444,-0.00102565239649,0.579487860203,2.40512919426,4.43056342192e-06,1.57861195476e-05,0,0,4.47087622888e-05,0.0166674368083,0,0,0,0,0,5.20286419121e-05,704181.086842
39.7805555556,-0.00102565239649,0.579487860203,2.40512919426,4.43056342192e-06,1.57861195476e-05,0,0,4.47087622888e-05,0.0166674368083,0,0,0,0,0,5.20286453348e-05,704181.086842
39.7916666667,-0.00102565239649,0.579487860203,2.40512919426,4.43056342192e-06,1.57861195476e-05,0,0,4.47087622888e-05,0.0166674368083,0,0,0,0,0,5.20286269851e-05,704181.086842
39.8027777778,-0.00102565239649,0.579487860203,2.40512919426,4.43056342192e-06,1.57861195476e-05,0,0,4.47087622888e-05,0.0166674368083,0,0,0,0,0,5.20286377865e-05,704181.086842
39.8138888889,-0.00102565239649,0.579487860203,2.40512919426,4.43056342192e-06,1.57861195476e-05,0,0,4.47087622888e-05,0.0166674368083,0,0,0,0,0,5.20286443153e-05,704181.086842
39.825,-0.00102565239649,0.579487860203,2.40512919426,4.43056342192e-06,1.57861195476e-05,0,0,4.47087622888e-05,0.0166674368083,0,0,0,0,0,5.20286394461e-05,704181.086842
39.8361111111,-0.00102565239649,0.579487860203,2.40512919426,4.43056342192e-06,1.57861195476e-05,0,0,4.47087622888e-05,0.0166674368083,0,0,0,0,0,5.20286535807e-05,704181.086842
39.8472222222,-0.00102565239649,0.579487860203,2.40512919426,4.43056342192e-06,1.57861195476e-05,0,0,4.47087622888e-05,0.0166674368083,0,0,0,0,0,5.20286438801e-05,704181.086842
39.8583333333,-0.00102565239649,0.579487860203,2.40512919426,4.43056342192e-06,1.57861195476e-05,0,0,4.47087622888e-05,0.0166674368083,0,0,0,0,0,5.20286072159e-05,704181.086842
39.8694444444,-0.00102565239649,0.579487860203,2.40512919426,4.43056342192e-06,1.57861195476e-05,0,0,4.47087622888e-05,0.0166674368083,0,0,0,0,0,5.20286217926e-05,704181.086842
39.8805555556,-0.00102565239649,0.579487860203,2.40512919426,4.43056342192e-06,1.57861195476e-05,0,0,4.47087622888e-05,0.0166674368083,0,0,0,0,0,5.20286211991e-05,704181.086842
39.8916666667,-0.00102565239649,0.579487860203,2.40512919426,4.43056342192e-06,1.57861195476e-05,0,0,4.47087622888e-05,0.0166674368083,0,0,0,0,0,5.20286317093e-05,704181.086842
39.9027777778,-0.00102565239649,0.579487860203,2.40512919426,4.43056342192e-06,1.57861195476e-05,0,0,4.47087622888e-05,0.0166674368083,0,0,0,0,0,5.20286278194e-05,704181.086842
39.9138888889,-0.00102565239649,0.579487860203,2.40512919426,4.43056342192e-06,1.57861195476e-05,0,0,4.47087622888e-05,0.0166674368083,0,0,0,0,0,5.20286241462e-05,704181.086842
39.925,-0.00102565239649,0.579487860203,2.40512919426,4.43056342192e-06,1.57861195476e-05,0,0,4.47087622888e-05,0.0166674368083,0,0,0,0,0,5.20286444565e-05,704181.086842
39.9361111111,-0.00102565239649,0.579487860203,2.40512919426,4.43056342192e-06,1.57861195476e-05,0,0,4.47087622888e-05,0.0166674368083,0,0,0,0,0,5.20286301054e-05,704181.086842
39.9472222222,-0.00102565239649,0.579487860203,2.40512919426,4.43056342192e-06,1.57861195476e-05,0,0,4.47087622888e-05,0.0166674368083,0,0,0,0,0,5.20286379612e-05,704181.086842
39.9583333333,-0.00102565239649,0.579487860203,2.40512919426,4.43056342192e-06,1.57861195476e-05,0,0,4.47087622888e-05,0.0166674368083,0,0,0,0,0,5.20286354587e-05,704181.086842
39.9694444444,-0.00102565239649,0.579487860203,2.40512919426,4.43056342192e-06,1.57861195476e-05,0,0,4.47087622888e-05,0.0166674368083,0,0,0,0,0,5.20286313428e-05,704181.086842
39.9805555556,-0.00102565239649,0.579487860203,2.40512919426,4.43056342192e-06,1.57861195476e-05,0,0,4.47087622888e-05,0.0166674368083,0,0,0,0,0,5.20286221735e-05,704181.086842
39.9916666667,-0.00102565239649,0.579487860203,2.40512919426,4.43056342192e-06,1.57861195476e-05,0,0,4.47087622888e-05,0.0166674368083,0,0,0,0,0,5.20286455429e-05,704181.086842
40.0027777778,-0.00102565239649,0.579487860203,2.40512919426,4.43056342192e-06,1.57861195476e-05,0,0,4.47087622888e-05,0.0166674368083,0,0,0,0,0,5.20286096559e-05,704181.086842
40.0138888889,-0.00102565239649,0.579487860203,2.40512919426,4.43056342192e-06,1.57861195476e-05,0,0,4.47087622888e-05,0.0166674368083,0,0,0,0,0,5.2028652586e-05,704181.086842
40.025,-0.00102565239649,0.579487860203,2.40512919426,4.43056342192e-06,1.57861195476e-05,0,0,4.47087622888e-05,0.0166674368083,0,0,0,0,0,5.2028634601e-05,704181.086842
40.0361111111,-0.00102565239649,0.579487860203,2.40512919426,4.43056342192e-06,1.57861195476e-05,0,0,4.47087622888e-05,0.0166674368083,0,0,0,0,0,5.20286324014e-05,704181.086842
40.0472222222,-0.00102565239649,0.579487860203,2.40512919426,4.43056342192e-06,1.57861195476e-05,0,0,4.47087622888e-05,0.0166674368083,0,0,0,0,0,5.20286370101e-05,704181.086842
40.0583333333,-0.00102565239649,0.579487860203,2.40512919426,4.43056342192e-06,1.57861195476e-05,0,0,4.47087622888e-05,0.0166674368083,0,0,0,0,0,5.20286414779e-05,704181.086842
40.0694444444,-0.00102565239649,0.579487860203,2.40512919426,4.43056342192e-06,1.57861195476e-05,0,0,4.47087622888e-05,0.0166674368083,0,0,0,0,0,5.20286372576e-05,704181.086842
40.0805555556,-0.00102565239649,0.579487860203,2.40512919426,4.43056342192e-06,1.57861195476e-05,0,0,4.47087622888e-05,0.0166674368083,0,0,0,0,0,5.20286514649e-05,704181.086842
40.0916666667,-0.00102565239649,0.579487860203,2.40512919426,4.43056342192e-06,1.57861195476e-05,0,0,4.47087622888e-05,0.0166674368083,0,0,0,0,0,5.20286312608e-05,704181.086842
40.1027777778,-0.00102565239649,0.579487860203,2.40512919426,4.43056342192e-06,1.57861195476e-05,0,0,4.47087622888e-05,0.0166674368083,0,0,0,0,0,5.20286475167e-05,704181.086842
40.1138888889,-0.00102565239649,0.579487860203,2.40512919426,4.43056342192e-06,1.57861195476e-05,0,0,4.47087622888e-05,0.0166674368083,0,0,0,0,0,5.20286422506e-05,704181.086842
40.125,-0.00102565239649,0.579487860203,2.40512919426,4.43056342192e-06,1.57861195476e-05,0,0,4.47087622888e-05,0.0166674368083,0,0,0,0,0,5.20286446422e-05,704181.086842
40.1361111111,-0.00102565239649,0.579487860203,2.40512919426,4.43056342192e-06,1.57861195476e-05,0,0,4.47087622888e-05,0.0166674368083,0,0,0,0,0,5.20286484849e-05,704181.086842
40.1472222222,-0.00102565239649,0.579487860203,2.40512919426,4.43056342192e-06,1.57861195476e-05,0,0,4.47087622888e-05,0.0166674368083,0,0,0,0,0,5.20286314989e-05,704181.086842
40.1583333333,-0.00102565239649,0.579487860203,2.40512919426,4.43056342192e-06,1.57861195476e-05,0,0,4.47087622888e-05,0.0166674368083,0,0,0,0,0,5.20286329346e-05,704181.086842
40.1694444444,-0.00102565239649,0.579487860203,2.40512919426,4.43056342192e-06,1.57861195476e-05,0,0,4.47087622888e-05,0.0166674368083,0,0,0,0,0,5.20286361468e-05,704181.086842
40.1805555556,-0.00102565239649,0.579487860203,2.40512919426,4.43056342192e-06,1.57861195476e-05,0,0,4.47087622888e-05,0.0166674368083,0,0,0,0,0,5.20286473289e-05,704181.086842
40.1916666667,-0.00102565239649,0.579487860203,2.40512919426,4.43056342192e-06,1.57861195476e-05,0,0,4.47087622888e-05,0.0166674368083,0,0,0,0,0,5.20286253351e-05,704181.086842
40.2027777778,-0.00102565239649,0.579487860203,2.40512919426,4.43056342192e-06,1.57861195476e-05,0,0,4.47087622888e-05,0.0166674368083,0,0,0,0,0,5.20286182447e-05,704181.086842
40.2138888889,-0.00102565239649,0.579487860203,2.40512919426,4.43056342192e-06,1.57861195476e-05,0,0,4.47087622888e-05,0.0166674368083,0,0,0,0,0,5.20286401358e-05,704181.086842
40.225,-0.00102565239649,0.579487860203,2.40512919426,4.43056342192e-06,1.57861195476e-05,0,0,4.47087622888e-05,0.0166674368083,0,0,0,0,0,5.20286245301e-05,704181.086842
40.2361111111,-0.00102565239649,0.579487860203,2.40512919426,4.43056342192e-06,1.57861195476e-05,0,0,4.47087622888e-05,0.0166674368083,0,0,0,0,0,5.20286524933e-05,704181.086842
40.2472222222,-0.00102565239649,0.579487860203,2.40512919426,4.43056342192e-06,1.57861195476e-05,0,0,4.47087622888e-05,0.0166674368083,0,0,0,0,0,5.20286376769e-05,704181.086842
40.2583333333,-0.00102565239649,0.579487860203,2.40512919426,4.43056342192e-06,1.57861195476e-05,0,0,4.47087622888e-05,0.0166674368083,0,0,0,0,0,5.20286213682e-05,704181.086842
40.2694444444,-0.00102565239649,0.579487860203,2.40512919426,4.43056342192e-06,1.57861195476e-05,0,0,4.47087622888e-05,0.0166674368083,0,0,0,0,0,5.20286419869e-05,704181.086842
40.2805555556,-0.00102565239649,0.579487860203,2.40512919426,4.43056342192e-06,1.57861195476e-05,0,0,4.47087622888e-05,0.0166674368083,0,0,0,0,0,5.20286401154e-05,704181.086842
40.2916666667,-0.00102565239649,0.579487860203,2.40512919426,4.43056342192e-06,1.57861195476e-05,0,0,4.47087622888e-05,0.0166674368083,0,0,0,0,0,5.20286401064e-05,704181.086842
40.3027777778,-0.00102565239649,0.579487860203,2.40512919426,4.43056342192e-06,1.57861195476e-05,0,0,4.47087622888e-05,0.0166674368083,0,0,0,0,0,5.2028651697e-05,704181.086842
40.3138888889,-0.00102565239649,0.579487860203,2.40512919426,4.43056342192e-06,1.57861195476e-05,0,0,4.47087622888e-05,0.0166674368083,0,0,0,0,0,5.20286326634e-05,704181.086842
40.325,-0.00102565239649,0.579487860203,2.40512919426,4.43056342192e-06,1.57861195476e-05,0,0,4.47087622888e-05,0.0166674368083,0,0,0,0,0,5.20286360963e-05,704181.086842
40.3361111111,-0.00102565239649,0.579487860203,2.40512919426,4.43056342192e-06,1.57861195476e-05,0,0,4.47087622888e-05,0.0166674368083,0,0,0,0,0,5.20286180687e-05,704181.086842
40.3472222222,-0.00102565239649,0.579487860203,2.40512919426,4.43056342192e-06,1.57861195476e-05,0,0,4.47087622888e-05,0.0166674368083,0,0,0,0,0,5.20286396925e-05,704181.086842
40.3583333333,-0.00102565239649,0.579487860203,2.40512919426,4.43056342192e-06,1.57861195476e-05,0,0,4.47087622888e-05,0.0166674368083,0,0,0,0,0,5.2028649189e-05,704181.086842
40.3694444444,-0.00102565239649,0.579487860203,2.40512919426,4.43056342192e-06,1.57861195476e-05,0,0,4.47087622888e-05,0.0166674368083,0,0,0,0,0,5.20286279081e-05,704181.086842
40.3805555556,-0.00102565239649,0.579487860203,2.40512919426,4.43056342192e-06,1.57861195476e-05,0,0,4.47087622888e-05,0.0166674368083,0,0,0,0,0,5.20286159365e-05,704181.086842
40.3916666667,-0.00102565239649,0.579487860203,2.40512919426,4.43056342192e-06,1.57861195476e-05,0,0,4.47087622888e-05,0.0166674368083,0,0,0,0,0,5.20286350746e-05,704181.086842
40.4027777778,-0.00102565239649,0.579487860203,2.40512919426,4.43056342192e-06,1.57861195476e-05,0,0,4.47087622888e-05,0.0166674368083,0,0,0,0,0,5.20286244767e-05,704181.086842
40.4138888889,-0.00102565239649,0.579487860203,2.40512919426,4.43056342192e-06,1.57861195476e-05,0,0,4.47087622888e-05,0.0166674368083,0,0,0,0,0,5.20286181075e-05,704181.086842
40.425,-0.00102565239649,0.579487860203,2.40512919426,4.43056342192e-06,1.57861195476e-05,0,0,4.47087622888e-05,0.0166674368083,0,0,0,0,0,5.20286489813e-05,704181.086842
40.4361111111,-0.00102565239649,0.579487860203,2.40512919426,4.43056342192e-06,1.57861195476e-05,0,0,4.47087622888e-05,0.0166674368083,0,0,0,0,0,5.20286253532e-05,704181.086842
40.4472222222,-0.00102565239649,0.579487860203,2.40512919426,4.43056342192e-06,1.57861195476e-05,0,0,4.47087622888e-05,0.0166674368083,0,0,0,0,0,5.20286639044e-05,704181.086842
40.4583333333,-0.00102565239649,0.579487860203,2.40512919426,4.43056342192e-06,1.57861195476e-05,0,0,4.47087622888e-05,0.0166674368083,0,0,0,0,0,5.20286300434e-05,704181.086842
40.4694444444,-0.00102565239649,0.579487860203,2.40512919426,4.43056342192e-06,1.57861195476e-05,0,0,4.47087622888e-05,0.0166674368083,0,0,0,0,0,5.2028628305e-05,704181.086842
40.4805555556,-0.00102565239649,0.579487860203,2.40512919426,4.43056342192e-06,1.57861195476e-05,0,0,4.47087622888e-05,0.0166674368083,0,0,0,0,0,5.20286138848e-05,704181.086842
40.4916666667,-0.00102565239649,0.579487860203,2.40512919426,4.43056342192e-06,1.57861195476e-05,0,0,4.47087622888e-05,0.0166674368083,0,0,0,0,0,5.20286524104e-05,704181.086842
40.5027777778,-0.00102565239649,0.579487860203,2.40512919426,4.43056342192e-06,1.57861195476e-05,0,0,4.47087622888e-05,0.0166674368083,0,0,0,0,0,5.20286303241e-05,704181.086842
40.5138888889,-0.00102565239649,0.579487860203,2.40512919426,4.43056342192e-06,1.57861195476e-05,0,0,4.47087622888e-05,0.0166674368083,0,0,0,0,0,5.20286409532e-05,704181.086842
40.525,-0.00102565239649,0.579487860203,2.40512919426,4.43056342192e-06,1.57861195476e-05,0,0,4.47087622888e-05,0.0166674368083,0,0,0,0,0,5.20286440265e-05,704181.086842
40.5361111111,-0.00102565239649,0.579487860203,2.40512919426,4.43056342192e-06,1.57861195476e-05,0,0,4.47087622888e-05,0.0166674368083,0,0,0,0,0,5.2028643951e-05,704181.086842
40.5472222222,-0.00102565239649,0.579487860203,2.40512919426,4.43056342192e-06,1.57861195476e-05,0,0,4.47087622888e-05,0.0166674368083,0,0,0,0,0,5.20286204816e-05,704181.086842
40.5583333333,-0.00102565239649,0.579487860203,2.40512919426,4.43056342192e-06,1.57861195476e-05,0,0,4.47087622888e-05,0.0166674368083,0,0,0,0,0,5.20286378418e-05,704181.086842
40.5694444444,-0.00102565239649,0.579487860203,2.40512919426,4.43056342192e-06,1.57861195476e-05,0,0,4.47087622888e-05,0.0166674368083,0,0,0,0,0,5.20286398812e-05,704181.086842
40.5805555556,-0.00102565239649,0.579487860203,2.40512919426,4.43056342192e-06,1.57861195476e-05,0,0,4.47087622888e-05,0.0166674368083,0,0,0,0,0,5.20286199393e-05,704181.086842
40.5916666667,-0.00102565239649,0.579487860203,2.40512919426,4.43056342192e-06,1.57861195476e-05,0,0,4.47087622888e-05,0.0166674368083,0,0,0,0,0,5.20286229098e-05,704181.086842
40.6027777778,-0.00102565239649,0.579487860203,2.40512919426,4.43056342192e-06,1.57861195476e-05,0,0,4.47087622888e-05,0.0166674368083,0,0,0,0,0,5.20286293945e-05,704181.086842
40.6138888889,-0.00102565239649,0.579487860203,2.40512919426,4.43056342192e-06,1.57861195476e-05,0,0,4.47087622888e-05,0.0166674368083,0,0,0,0,0,5.20286602971e-05,704181.086842
40.625,-0.00102565239649,0.579487860203,2.40512919426,4.43056342192e-06,1.57861195476e-05,0,0,4.47087622888e-05,0.0166674368083,0,0,0,0,0,5.20286299981e-05,704181.086842
40.6361111111,-0.00102565239649,0.579487860203,2.40512919426,4.43056342192e-06,1.57861195476e-05,0,0,4.47087622888e-05,0.0166674368083,0,0,0,0,0,5.20286479002e-05,704181.086842
40.6472222222,-0.00102565239649,0.579487860203,2.40512919426,4.43056342192e-06,1.57861195476e-05,0,0,4.47087622888e-05,0.0166674368083,0,0,0,0,0,5.20286286196e-05,704181.086842
40.6583333333,-0.00102565239649,0.579487860203,2.40512919426,4.43056342192e-06,1.57861195476e-05,0,0,4.47087622888e-05,0.0166674368083,0,0,0,0,0,5.20286189485e-05,704181.086842
40.6694444444,-0.00102565239649,0.579487860203,2.40512919426,4.43056342192e-06,1.57861195476e-05,0,0,4.47087622888e-05,0.0166674368083,0,0,0,0,0,5.20286243658e-05,704181.086842
40.6805555556,-0.00102565239649,0.579487860203,2.40512919426,4.43056342192e-06,1.57861195476e-05,0,0,4.47087622888e-05,0.0166674368083,0,0,0,0,0,5.20286525247e-05,704181.086842
40.6916666667,-0.00102565239649,0.579487860203,2.40512919426,4.43056342192e-06,1.57861195476e-05,0,0,4.47087622888e-05,0.0166674368083,0,0,0,0,0,5.20286360237e-05,704181.086842
40.7027777778,-0.00102565239649,0.579487860203,2.40512919426,4.43056342192e-06,1.57861195476e-05,0,0,4.47087622888e-05,0.0166674368083,0,0,0,0,0,5.20286290091e-05,704181.086842
40.7138888889,-0.00102565239649,0.579487860203,2.40512919426,4.43056342192e-06,1.57861195476e-05,0,0,4.47087622888e-05,0.0166674368083,0,0,0,0,0,5.20286077753e-05,704181.086842
40.725,-0.00102565239649,0.579487860203,2.40512919426,4.43056342192e-06,1.57861195476e-05,0,0,4.47087622888e-05,0.0166674368083,0,0,0,0,0,5.20286397956e-05,704181.086842
40.7361111111,-0.00102565239649,0.579487860203,2.40512919426,4.43056342192e-06,1.57861195476e-05,0,0,4.47087622888e-05,0.0166674368083,0,0,0,0,0,5.20286356097e-05,704181.086842
40.7472222222,-0.00102565239649,0.579487860203,2.40512919426,4.43056342192e-06,1.57861195476e-05,0,0,4.47087622888e-05,0.0166674368083,0,0,0,0,0,5.20286303485e-05,704181.086842
40.7583333333,-0.00102565239649,0.579487860203,2.40512919426,4.43056342192e-06,1.57861195476e-05,0,0,4.47087622888e-05,0.0166674368083,0,0,0,0,0,5.20286359109e-05,704181.086842
40.7694444444,-0.00102565239649,0.579487860203,2.40512919426,4.43056342192e-06,1.57861195476e-05,0,0,4.47087622888e-05,0.0166674368083,0,0,0,0,0,5.20286157397e-05,704181.086842
40.7805555556,-0.00102565239649,0.579487860203,2.40512919426,4.43056342192e-06,1.57861195476e-05,0,0,4.47087622888e-05,0.0166674368083,0,0,0,0,0,5.20286549492e-05,704181.086842
40.7916666667,-0.00102565239649,0.579487860203,2.40512919426,4.43056342192e-06,1.57861195476e-05,0,0,4.47087622888e-05,0.0166674368083,0,0,0,0,0,5.2028645387e-05,704181.086842
40.8027777778,-0.00102565239649,0.579487860203,2.40512919426,4.43056342192e-06,1.57861195476e-05,0,0,4.47087622888e-05,0.0166674368083,0,0,0,0,0,5.20286446751e-05,704181.086842
40.8138888889,-0.00102565239649,0.579487860203,2.40512919426,4.43056342192e-06,1.57861195476e-05,0,0,4.47087622888e-05,0.0166674368083,0,0,0,0,0,5.20286172103e-05,704181.086842
40.825,-0.00102565239649,0.579487860203,2.40512919426,4.43056342192e-06,1.57861195476e-05,0,0,4.47087622888e-05,0.0166674368083,0,0,0,0,0,5.20286508314e-05,704181.086842
40.8361111111,-0.00102565239649,0.579487860203,2.40512919426,4.43056342192e-06,1.57861195476e-05,0,0,4.47087622888e-05,0.0166674368083,0,0,0,0,0,5.20286511285e-05,704181.086842
40.8472222222,-0.00102565239649,0.579487860203,2.40512919426,4.43056342192e-06,1.57861195476e-05,0,0,4.47087622888e-05,0.0166674368083,0,0,0,0,0,5.20286378147e-05,704181.086842
40.8583333333,-0.00102565239649,0.579487860203,2.40512919426,4.43056342192e-06,1.57861195476e-05,0,0,4.47087622888e-05,0.0166674368083,0,0,0,0,0,5.20286493525e-05,704181.086842
40.8694444444,-0.00102565239649,0.579487860203,2.40512919426,4.43056342192e-06,1.57861195476e-05,0,0,4.47087622888e-05,0.0166674368083,0,0,0,0,0,5.20286248509e-05,704181.086842
40.8805555556,-0.00102565239649,0.579487860203,2.40512919426,4.43056342192e-06,1.57861195476e-05,0,0,4.47087622888e-05,0.0166674368083,0,0,0,0,0,5.20286377947e-05,704181.086842
40.8916666667,-0.00102565239649,0.579487860203,2.40512919426,4.43056342192e-06,1.57861195476e-05,0,0,4.47087622888e-05,0.0166674368083,0,0,0,0,0,5.20286403099e-05,704181.086842
40.9027777778,-0.00102565239649,0.579487860203,2.40512919426,4.43056342192e-06,1.57861195476e-05,0,0,4.47087622888e-05,0.0166674368083,0,0,0,0,0,5.20286519255e-05,704181.086842
40.9138888889,-0.00102565239649,0.579487860203,2.40512919426,4.43056342192e-06,1.57861195476e-05,0,0,4.47087622888e-05,0.0166674368083,0,0,0,0,0,5.20286192463e-05,704181.086842
40.925,-0.00102565239649,0.579487860203,2.40512919426,4.43056342192e-06,1.57861195476e-05,0,0,4.47087622888e-05,0.0166674368083,0,0,0,0,0,5.20286352683e-05,704181.086842
40.9361111111,-0.00102565239649,0.579487860203,2.40512919426,4.43056342192e-06,1.57861195476e-05,0,0,4.47087622888e-05,0.0166674368083,0,0,0,0,0,5.20286455251e-05,704181.086842
40.9472222222,-0.00102565239649,0.579487860203,2.40512919426,4.43056342192e-06,1.57861195476e-05,0,0,4.47087622888e-05,0.0166674368083,0,0,0,0,0,5.20286416062e-05,704181.086842
40.9583333333,-0.00102565239649,0.579487860203,2.40512919426,4.43056342192e-06,1.57861195476e-05,0,0,4.47087622888e-05,0.0166674368083,0,0,0,0,0,5.20286151969e-05,704181.086842
40.9694444444,-0.00102565239649,0.579487860203,2.40512919426,4.43056342192e-06,1.57861195476e-05,0,0,4.47087622888e-05,0.0166674368083,0,0,0,0,0,5.20286406903e-05,704181.086842
40.9805555556,-0.00102565239649,0.579487860203,2.40512919426,4.43056342192e-06,1.57861195476e-05,0,0,4.47087622888e-05,0.0166674368083,0,0,0,0,0,5.20286461491e-05,704181.086842
40.9916666667,-0.00102565239649,0.579487860203,2.40512919426,4.43056342192e-06,1.57861195476e-05,0,0,4.47087622888e-05,0.0166674368083,0,0,0,0,0,5.20286295109e-05,704181.086842
41.0027777778,-0.00102565239649,0.579487860203,2.40512919426,4.43056342192e-06,1.57861195476e-05,0,0,4.47087622888e-05,0.0166674368083,0,0,0,0,0,5.20286366024e-05,704181.086842
41.0138888889,-0.00102565239649,0.579487860203,2.40512919426,4.43056342192e-06,1.57861195476e-05,0,0,4.47087622888e-05,0.0166674368083,0,0,0,0,0,5.20286504047e-05,704181.086842
41.025,-0.00102565239649,0.579487860203,2.40512919426,4.43056342192e-06,1.57861195476e-05,0,0,4.47087622888e-05,0.0166674368083,0,0,0,0,0,5.20286531153e-05,704181.086842
41.0361111111,-0.00102565239649,0.579487860203,2.40512919426,4.43056342192e-06,1.57861195476e-05,0,0,4.47087622888e-05,0.0166674368083,0,0,0,0,0,5.202860131e-05,704181.086842
41.0472222222,-0.00102565239649,0.579487860203,2.40512919426,4.43056342192e-06,1.57861195476e-05,0,0,4.47087622888e-05,0.0166674368083,0,0,0,0,0,5.20286497071e-05,704181.086842
41.0583333333,-0.00102565239649,0.579487860203,2.40512919426,4.43056342192e-06,1.57861195476e-05,0,0,4.47087622888e-05,0.0166674368083,0,0,0,0,0,5.20286420833e-05,704181.086842
41.0694444444,-0.00102565239649,0.579487860203,2.40512919426,4.43056342192e-06,1.57861195476e-05,0,0,4.47087622888e-05,0.0166674368083,0,0,0,0,0,5.20286486977e-05,704181.086842
41.0805555556,-0.00102565239649,0.579487860203,2.40512919426,4.43056342192e-06,1.57861195476e-05,0,0,4.47087622888e-05,0.0166674368083,0,0,0,0,0,5.20286223061e-05,704181.086842
41.0916666667,-0.00102565239649,0.579487860203,2.40512919426,4.43056342192e-06,1.57861195476e-05,0,0,4.47087622888e-05,0.0166674368083,0,0,0,0,0,5.2028635283e-05,704181.086842
41.1027777778,-0.00102565239649,0.579487860203,2.40512919426,4.43056342192e-06,1.57861195476e-05,0,0,4.47087622888e-05,0.0166674368083,0,0,0,0,0,5.2028628905e-05,704181.086842
41.1138888889,-0.00102565239649,0.579487860203,2.40512919426,4.43056342192e-06,1.57861195476e-05,0,0,4.47087622888e-05,0.0166674368083,0,0,0,0,0,5.202864725e-05,704181.086842
41.125,-0.00102565239649,0.579487860203,2.40512919426,4.43056342192e-06,1.57861195476e-05,0,0,4.47087622888e-05,0.0166674368083,0,0,0,0,0,5.20286358529e-05,704181.086842
41.1361111111,-0.00102565239649,0.579487860203,2.40512919426,4.43056342192e-06,1.57861195476e-05,0,0,4.47087622888e-05,0.0166674368083,0,0,0,0,0,5.20286544141e-05,704181.086842
41.1472222222,-0.00102565239649,0.579487860203,2.40512919426,4.43056342192e-06,1.57861195476e-05,0,0,4.47087622888e-05,0.0166674368083,0,0,0,0,0,5.20286126222e-05,704181.086842
41.1583333333,-0.00102565239649,0.579487860203,2.40512919426,4.43056342192e-06,1.57861195476e-05,0,0,4.47087622888e-05,0.0166674368083,0,0,0,0,0,5.20286565283e-05,704181.086842
41.1694444444,-0.00102565239649,0.579487860203,2.40512919426,4.43056342192e-06,1.57861195476e-05,0,0,4.47087622888e-05,0.0166674368083,0,0,0,0,0,5.20286535765e-05,704181.086842
41.1805555556,-0.00102565239649,0.579487860203,2.40512919426,4.43056342192e-06,1.57861195476e-05,0,0,4.47087622888e-05,0.0166674368083,0,0,0,0,0,5.20286087931e-05,704181.086842
41.1916666667,-0.00102565239649,0.579487860203,2.40512919426,4.43056342192e-06,1.57861195476e-05,0,0,4.47087622888e-05,0.0166674368083,0,0,0,0,0,5.20286403294e-05,704181.086842
41.2027777778,-0.00102565239649,0.579487860203,2.40512919426,4.43056342192e-06,1.57861195476e-05,0,0,4.47087622888e-05,0.0166674368083,0,0,0,0,0,5.20286419532e-05,704181.086842
41.2138888889,-0.00102565239649,0.579487860203,2.40512919426,4.43056342192e-06,1.57861195476e-05,0,0,4.47087622888e-05,0.0166674368083,0,0,0,0,0,5.20286097153e-05,704181.086842
41.225,-0.00102565239649,0.579487860203,2.40512919426,4.43056342192e-06,1.57861195476e-05,0,0,4.47087622888e-05,0.0166674368083,0,0,0,0,0,5.2028618655e-05,704181.086842
41.2361111111,-0.00102565239649,0.579487860203,2.40512919426,4.43056342192e-06,1.57861195476e-05,0,0,4.47087622888e-05,0.0166674368083,0,0,0,0,0,5.20286417679e-05,704181.086842
41.2472222222,-0.00102565239649,0.579487860203,2.40512919426,4.43056342192e-06,1.57861195476e-05,0,0,4.47087622888e-05,0.0166674368083,0,0,0,0,0,5.20286143866e-05,704181.086842
41.2583333333,-0.00102565239649,0.579487860203,2.40512919426,4.43056342192e-06,1.57861195476e-05,0,0,4.47087622888e-05,0.0166674368083,0,0,0,0,0,5.20286443944e-05,704181.086842
41.2694444444,-0.00102565239649,0.579487860203,2.40512919426,4.43056342192e-06,1.57861195476e-05,0,0,4.47087622888e-05,0.0166674368083,0,0,0,0,0,5.20286384408e-05,704181.086842
41.2805555556,-0.00102565239649,0.579487860203,2.40512919426,4.43056342192e-06,1.57861195476e-05,0,0,4.47087622888e-05,0.0166674368083,0,0,0,0,0,5.20286140157e-05,704181.086842
41.2916666667,-0.00102565239649,0.579487860203,2.40512919426,4.43056342192e-06,1.57861195476e-05,0,0,4.47087622888e-05,0.0166674368083,0,0,0,0,0,5.20286231385e-05,704181.086842
41.3027777778,-0.00102565239649,0.579487860203,2.40512919426,4.43056342192e-06,1.57861195476e-05,0,0,4.47087622888e-05,0.0166674368083,0,0,0,0,0,5.20286310479e-05,704181.086842
41.3138888889,-0.00102565239649,0.579487860203,2.40512919426,4.43056342192e-06,1.57861195476e-05,0,0,4.47087622888e-05,0.0166674368083,0,0,0,0,0,5.20286398919e-05,704181.086842
41.325,-0.00102565239649,0.579487860203,2.40512919426,4.43056342192e-06,1.57861195476e-05,0,0,4.47087622888e-05,0.0166674368083,0,0,0,0,0,5.20285861357e-05,704181.086842
41.3361111111,-0.00102565239649,0.579487860203,2.40512919426,4.43056342192e-06,1.57861195476e-05,0,0,4.47087622888e-05,0.0166674368083,0,0,0,0,0,5.20286586637e-05,704181.086842
41.3472222222,-0.00102565239649,0.579487860203,2.40512919426,4.43056342192e-06,1.57861195476e-05,0,0,4.47087622888e-05,0.0166674368083,0,0,0,0,0,5.20286137305e-05,704181.086842
41.3583333333,-0.00102565239649,0.579487860203,2.40512919426,4.43056342192e-06,1.57861195476e-05,0,0,4.47087622888e-05,0.0166674368083,0,0,0,0,0,5.20286596435e-05,704181.086842
41.3694444444,-0.00102565239649,0.579487860203,2.40512919426,4.43056342192e-06,1.57861195476e-05,0,0,4.47087622888e-05,0.0166674368083,0,0,0,0,0,5.20286500229e-05,704181.086842
41.3805555556,-0.00102565239649,0.579487860203,2.40512919426,4.43056342192e-06,1.57861195476e-05,0,0,4.47087622888e-05,0.0166674368083,0,0,0,0,0,5.20286525647e-05,704181.086842
41.3916666667,-0.00102565239649,0.579487860203,2.40512919426,4.43056342192e-06,1.57861195476e-05,0,0,4.47087622888e-05,0.0166674368083,0,0,0,0,0,5.2028641284e-05,704181.086842
41.4027777778,-0.00102565239649,0.579487860203,2.40512919426,4.43056342192e-06,1.57861195476e-05,0,0,4.47087622888e-05,0.0166674368083,0,0,0,0,0,5.20286341767e-05,704181.086842
41.4138888889,-0.00102565239649,0.579487860203,2.40512919426,4.43056342192e-06,1.57861195476e-05,0,0,4.47087622888e-05,0.0166674368083,0,0,0,0,0,5.20286383555e-05,704181.086842
41.425,-0.00102565239649,0.579487860203,2.40512919426,4.43056342192e-06,1.57861195476e-05,0,0,4.47087622888e-05,0.0166674368083,0,0,0,0,0,5.20286292663e-05,704181.086842
41.4361111111,-0.00102565239649,0.579487860203,2.40512919426,4.43056342192e-06,1.57861195476e-05,0,0,4.47087622888e-05,0.0166674368083,0,0,0,0,0,5.20286245794e-05,704181.086842
41.4472222222,-0.00102565239649,0.579487860203,2.40512919426,4.43056342192e-06,1.57861195476e-05,0,0,4.47087622888e-05,0.0166674368083,0,0,0,0,0,5.20286386846e-05,704181.086842
41.4583333333,-0.00102565239649,0.579487860203,2.40512919426,4.43056342192e-06,1.57861195476e-05,0,0,4.47087622888e-05,0.0166674368083,0,0,0,0,0,5.20286538434e-05,704181.086842
41.4694444444,-0.00102565239649,0.579487860203,2.40512919426,4.43056342192e-06,1.57861195476e-05,0,0,4.47087622888e-05,0.0166674368083,0,0,0,0,0,5.20286339507e-05,704181.086842
41.4805555556,-0.00102565239649,0.579487860203,2.40512919426,4.43056342192e-06,1.57861195476e-05,0,0,4.47087622888e-05,0.0166674368083,0,0,0,0,0,5.20286304827e-05,704181.086842
41.4916666667,-0.00102565239649,0.579487860203,2.40512919426,4.43056342192e-06,1.57861195476e-05,0,0,4.47087622888e-05,0.0166674368083,0,0,0,0,0,5.20286359909e-05,704181.086842
41.5027777778,-0.00102565239649,0.579487860203,2.40512919426,4.43056342192e-06,1.57861195476e-05,0,0,4.47087622888e-05,0.0166674368083,0,0,0,0,0,5.20286323757e-05,704181.086842
41.5138888889,-0.00102565239649,0.579487860203,2.40512919426,4.43056342192e-06,1.57861195476e-05,0,0,4.47087622888e-05,0.0166674368083,0,0,0,0,0,5.20286179749e-05,704181.086842
41.525,-0.00102565239649,0.579487860203,2.40512919426,4.43056342192e-06,1.57861195476e-05,0,0,4.47087622888e-05,0.0166674368083,0,0,0,0,0,5.20286408472e-05,704181.086842
41.5361111111,-0.00102565239649,0.579487860203,2.40512919426,4.43056342192e-06,1.57861195476e-05,0,0,4.47087622888e-05,0.0166674368083,0,0,0,0,0,5.2028662767e-05,704181.086842
41.5472222222,-0.00102565239649,0.579487860203,2.40512919426,4.43056342192e-06,1.57861195476e-05,0,0,4.47087622888e-05,0.0166674368083,0,0,0,0,0,5.20286519825e-05,704181.086842
41.5583333333,-0.00102565239649,0.579487860203,2.40512919426,4.43056342192e-06,1.57861195476e-05,0,0,4.47087622888e-05,0.0166674368083,0,0,0,0,0,5.20286535922e-05,704181.086842
41.5694444444,-0.00102565239649,0.579487860203,2.40512919426,4.43056342192e-06,1.57861195476e-05,0,0,4.47087622888e-05,0.0166674368083,0,0,0,0,0,5.20286108625e-05,704181.086842
41.5805555556,-0.00102565239649,0.579487860203,2.40512919426,4.43056342192e-06,1.57861195476e-05,0,0,4.47087622888e-05,0.0166674368083,0,0,0,0,0,5.20286222886e-05,704181.086842
41.5916666667,-0.00102565239649,0.579487860203,2.40512919426,4.43056342192e-06,1.57861195476e-05,0,0,4.47087622888e-05,0.0166674368083,0,0,0,0,0,5.20286275709e-05,704181.086842
41.6027777778,-0.00102565239649,0.579487860203,2.40512919426,4.43056342192e-06,1.57861195476e-05,0,0,4.47087622888e-05,0.0166674368083,0,0,0,0,0,5.20286470986e-05,704181.086842
41.6138888889,-0.00102565239649,0.579487860203,2.40512919426,4.43056342192e-06,1.57861195476e-05,0,0,4.47087622888e-05,0.0166674368083,0,0,0,0,0,5.2028641498e-05,704181.086842
41.625,-0.00102565239649,0.579487860203,2.40512919426,4.43056342192e-06,1.57861195476e-05,0,0,4.47087622888e-05,0.0166674368083,0,0,0,0,0,5.20286375446e-05,704181.086842
41.6361111111,-0.00102565239649,0.579487860203,2.40512919426,4.43056342192e-06,1.57861195476e-05,0,0,4.47087622888e-05,0.0166674368083,0,0,0,0,0,5.20286274025e-05,704181.086842
41.6472222222,-0.00102565239649,0.579487860203,2.40512919426,4.43056342192e-06,1.57861195476e-05,0,0,4.47087622888e-05,0.0166674368083,0,0,0,0,0,5.20286391973e-05,704181.086842
41.6583333333,-0.00102565239649,0.579487860203,2.40512919426,4.43056342192e-06,1.57861195476e-05,0,0,4.47087622888e-05,0.0166674368083,0,0,0,0,0,5.20286413302e-05,704181.086842
41.6694444444,-0.00102565239649,0.579487860203,2.40512919426,4.43056342192e-06,1.57861195476e-05,0,0,4.47087622888e-05,0.0166674368083,0,0,0,0,0,5.20286487769e-05,704181.086842
41.6805555556,-0.00102565239649,0.579487860203,2.40512919426,4.43056342192e-06,1.57861195476e-05,0,0,4.47087622888e-05,0.0166674368083,0,0,0,0,0,5.20286208521e-05,704181.086842
41.6916666667,-0.00102565239649,0.579487860203,2.40512919426,4.43056342192e-06,1.57861195476e-05,0,0,4.47087622888e-05,0.0166674368083,0,0,0,0,0,5.20286453489e-05,704181.086842
41.7027777778,-0.00102565239649,0.579487860203,2.40512919426,4.43056342192e-06,1.57861195476e-05,0,0,4.47087622888e-05,0.0166674368083,0,0,0,0,0,5.20286312051e-05,704181.086842
41.7138888889,-0.00102565239649,0.579487860203,2.40512919426,4.43056342192e-06,1.57861195476e-05,0,0,4.47087622888e-05,0.0166674368083,0,0,0,0,0,5.20286591568e-05,704181.086842
41.725,-0.00102565239649,0.579487860203,2.40512919426,4.43056342192e-06,1.57861195476e-05,0,0,4.47087622888e-05,0.0166674368083,0,0,0,0,0,5.20286369371e-05,704181.086842
41.7361111111,-0.00102565239649,0.579487860203,2.40512919426,4.43056342192e-06,1.57861195476e-05,0,0,4.47087622888e-05,0.0166674368083,0,0,0,0,0,5.20286118077e-05,704181.086842
41.7472222222,-0.00102565239649,0.579487860203,2.40512919426,4.43056342192e-06,1.57861195476e-05,0,0,4.47087622888e-05,0.0166674368083,0,0,0,0,0,5.20286473079e-05,704181.086842
41.7583333333,-0.00102565239649,0.579487860203,2.40512919426,4.43056342192e-06,1.57861195476e-05,0,0,4.47087622888e-05,0.0166674368083,0,0,0,0,0,5.20286333271e-05,704181.086842
41.7694444444,-0.00102565239649,0.579487860203,2.40512919426,4.43056342192e-06,1.57861195476e-05,0,0,4.47087622888e-05,0.0166674368083,0,0,0,0,0,5.20286529352e-05,704181.086842
41.7805555556,-0.00102565239649,0.579487860203,2.40512919426,4.43056342192e-06,1.57861195476e-05,0,0,4.47087622888e-05,0.0166674368083,0,0,0,0,0,5.20286608196e-05,704181.086842
41.7916666667,-0.00102565239649,0.579487860203,2.40512919426,4.43056342192e-06,1.57861195476e-05,0,0,4.47087622888e-05,0.0166674368083,0,0,0,0,0,5.20286368359e-05,704181.086842
41.8027777778,-0.00102565239649,0.579487860203,2.40512919426,4.43056342192e-06,1.57861195476e-05,0,0,4.47087622888e-05,0.0166674368083,0,0,0,0,0,5.20286302626e-05,704181.086842
41.8138888889,-0.00102565239649,0.579487860203,2.40512919426,4.43056342192e-06,1.57861195476e-05,0,0,4.47087622888e-05,0.0166674368083,0,0,0,0,0,5.20286142362e-05,704181.086842
41.825,-0.00102565239649,0.579487860203,2.40512919426,4.43056342192e-06,1.57861195476e-05,0,0,4.47087622888e-05,0.0166674368083,0,0,0,0,0,5.20286183593e-05,704181.086842
41.8361111111,-0.00102565239649,0.579487860203,2.40512919426,4.43056342192e-06,1.57861195476e-05,0,0,4.47087622888e-05,0.0166674368083,0,0,0,0,0,5.20286428073e-05,704181.086842
41.8472222222,-0.00102565239649,0.579487860203,2.40512919426,4.43056342192e-06,1.57861195476e-05,0,0,4.47087622888e-05,0.0166674368083,0,0,0,0,0,5.20286390308e-05,704181.086842
41.8583333333,-0.00102565239649,0.579487860203,2.40512919426,4.43056342192e-06,1.57861195476e-05,0,0,4.47087622888e-05,0.0166674368083,0,0,0,0,0,5.20286162628e-05,704181.086842
41.8694444444,-0.00102565239649,0.579487860203,2.40512919426,4.43056342192e-06,1.57861195476e-05,0,0,4.47087622888e-05,0.0166674368083,0,0,0,0,0,5.20286434134e-05,704181.086842
41.8805555556,-0.00102565239649,0.579487860203,2.40512919426,4.43056342192e-06,1.57861195476e-05,0,0,4.47087622888e-05,0.0166674368083,0,0,0,0,0,5.20286196071e-05,704181.086842
41.8916666667,-0.00102565239649,0.579487860203,2.40512919426,4.43056342192e-06,1.57861195476e-05,0,0,4.47087622888e-05,0.0166674368083,0,0,0,0,0,5.20286511738e-05,704181.086842
41.9027777778,-0.00102565239649,0.579487860203,2.40512919426,4.43056342192e-06,1.57861195476e-05,0,0,4.47087622888e-05,0.0166674368083,0,0,0,0,0,5.20286359058e-05,704181.086842
41.9138888889,-0.00102565239649,0.579487860203,2.40512919426,4.43056342192e-06,1.57861195476e-05,0,0,4.47087622888e-05,0.0166674368083,0,0,0,0,0,5.20286499283e-05,704181.086842
41.925,-0.00102565239649,0.579487860203,2.40512919426,4.43056342192e-06,1.57861195476e-05,0,0,4.47087622888e-05,0.0166674368083,0,0,0,0,0,5.2028637879e-05,704181.086842
41.9361111111,-0.00102565239649,0.579487860203,2.40512919426,4.43056342192e-06,1.57861195476e-05,0,0,4.47087622888e-05,0.0166674368083,0,0,0,0,0,5.20286212695e-05,704181.086842
41.9472222222,-0.00102565239649,0.579487860203,2.40512919426,4.43056342192e-06,1.57861195476e-05,0,0,4.47087622888e-05,0.0166674368083,0,0,0,0,0,5.20286107006e-05,704181.086842
41.9583333333,-0.00102565239649,0.579487860203,2.40512919426,4.43056342192e-06,1.57861195476e-05,0,0,4.47087622888e-05,0.0166674368083,0,0,0,0,0,5.20286382352e-05,704181.086842
41.9694444444,-0.00102565239649,0.579487860203,2.40512919426,4.43056342192e-06,1.57861195476e-05,0,0,4.47087622888e-05,0.0166674368083,0,0,0,0,0,5.2028634321e-05,704181.086842
41.9805555556,-0.00102565239649,0.579487860203,2.40512919426,4.43056342192e-06,1.57861195476e-05,0,0,4.47087622888e-05,0.0166674368083,0,0,0,0,0,5.20286404666e-05,704181.086842
41.9916666667,-0.00102565239649,0.579487860203,2.40512919426,4.43056342192e-06,1.57861195476e-05,0,0,4.47087622888e-05,0.0166674368083,0,0,0,0,0,5.2028617227e-05,704181.086842
42.0027777778,-0.00102565239649,0.579487860203,2.40512919426,4.43056342192e-06,1.57861195476e-05,0,0,4.47087622888e-05,0.0166674368083,0,0,0,0,0,5.20286158031e-05,704181.086842
42.0138888889,-0.00102565239649,0.579487860203,2.40512919426,4.43056342192e-06,1.57861195476e-05,0,0,4.47087622888e-05,0.0166674368083,0,0,0,0,0,5.20286344795e-05,704181.086842
42.025,-0.00102565239649,0.579487860203,2.40512919426,4.43056342192e-06,1.57861195476e-05,0,0,4.47087622888e-05,0.0166674368083,0,0,0,0,0,5.2028608114e-05,704181.086842
42.0361111111,-0.00102565239649,0.579487860203,2.40512919426,4.43056342192e-06,1.57861195476e-05,0,0,4.47087622888e-05,0.0166674368083,0,0,0,0,0,5.2028622806e-05,704181.086842
42.0472222222,-0.00102565239649,0.579487860203,2.40512919426,4.43056342192e-06,1.57861195476e-05,0,0,4.47087622888e-05,0.0166674368083,0,0,0,0,0,5.20286458208e-05,704181.086842
42.0583333333,-0.00102565239649,0.579487860203,2.40512919426,4.43056342192e-06,1.57861195476e-05,0,0,4.47087622888e-05,0.0166674368083,0,0,0,0,0,5.20286205869e-05,704181.086842
42.0694444444,-0.00102565239649,0.579487860203,2.40512919426,4.43056342192e-06,1.57861195476e-05,0,0,4.47087622888e-05,0.0166674368083,0,0,0,0,0,5.20286336051e-05,704181.086842
42.0805555556,-0.00102565239649,0.579487860203,2.40512919426,4.43056342192e-06,1.57861195476e-05,0,0,4.47087622888e-05,0.0166674368083,0,0,0,0,0,5.20286331696e-05,704181.086842
42.0916666667,-0.00102565239649,0.579487860203,2.40512919426,4.43056342192e-06,1.57861195476e-05,0,0,4.47087622888e-05,0.0166674368083,0,0,0,0,0,5.20286221922e-05,704181.086842
42.1027777778,-0.00102565239649,0.579487860203,2.40512919426,4.43056342192e-06,1.57861195476e-05,0,0,4.47087622888e-05,0.0166674368083,0,0,0,0,0,5.20286359826e-05,704181.086842
42.1138888889,-0.00102565239649,0.579487860203,2.40512919426,4.43056342192e-06,1.57861195476e-05,0,0,4.47087622888e-05,0.0166674368083,0,0,0,0,0,5.20286262284e-05,704181.086842
42.125,-0.00102565239649,0.579487860203,2.40512919426,4.43056342192e-06,1.57861195476e-05,0,0,4.47087622888e-05,0.0166674368083,0,0,0,0,0,5.20286418623e-05,704181.086842
42.1361111111,-0.00102565239649,0.579487860203,2.40512919426,4.43056342192e-06,1.57861195476e-05,0,0,4.47087622888e-05,0.0166674368083,0,0,0,0,0,5.20286523508e-05,704181.086842
42.1472222222,-0.00102565239649,0.579487860203,2.40512919426,4.43056342192e-06,1.57861195476e-05,0,0,4.47087622888e-05,0.0166674368083,0,0,0,0,0,5.20286206795e-05,704181.086842
42.1583333333,-0.00102565239649,0.579487860203,2.40512919426,4.43056342192e-06,1.57861195476e-05,0,0,4.47087622888e-05,0.0166674368083,0,0,0,0,0,5.20286390519e-05,704181.086842
42.1694444444,-0.00102565239649,0.579487860203,2.40512919426,4.43056342192e-06,1.57861195476e-05,0,0,4.47087622888e-05,0.0166674368083,0,0,0,0,0,5.2028643422e-05,704181.086842
42.1805555556,-0.00102565239649,0.579487860203,2.40512919426,4.43056342192e-06,1.57861195476e-05,0,0,4.47087622888e-05,0.0166674368083,0,0,0,0,0,5.20286415974e-05,704181.086842
42.1916666667,-0.00102565239649,0.579487860203,2.40512919426,4.43056342192e-06,1.57861195476e-05,0,0,4.47087622888e-05,0.0166674368083,0,0,0,0,0,5.20286367019e-05,704181.086842
42.2027777778,-0.00102565239649,0.579487860203,2.40512919426,4.43056342192e-06,1.57861195476e-05,0,0,4.47087622888e-05,0.0166674368083,0,0,0,0,0,5.20286180613e-05,704181.086842
42.2138888889,-0.00102565239649,0.579487860203,2.40512919426,4.43056342192e-06,1.57861195476e-05,0,0,4.47087622888e-05,0.0166674368083,0,0,0,0,0,5.20286097751e-05,704181.086842
42.225,-0.00102565239649,0.579487860203,2.40512919426,4.43056342192e-06,1.57861195476e-05,0,0,4.47087622888e-05,0.0166674368083,0,0,0,0,0,5.20286261912e-05,704181.086842
42.2361111111,-0.00102565239649,0.579487860203,2.40512919426,4.43056342192e-06,1.57861195476e-05,0,0,4.47087622888e-05,0.0166674368083,0,0,0,0,0,5.20286503609e-05,704181.086842
42.2472222222,-0.00102565239649,0.579487860203,2.40512919426,4.43056342192e-06,1.57861195476e-05,0,0,4.47087622888e-05,0.0166674368083,0,0,0,0,0,5.20286362101e-05,704181.086842
42.2583333333,-0.00102565239649,0.579487860203,2.40512919426,4.43056342192e-06,1.57861195476e-05,0,0,4.47087622888e-05,0.0166674368083,0,0,0,0,0,5.20286386373e-05,704181.086842
42.2694444444,-0.00102565239649,0.579487860203,2.40512919426,4.43056342192e-06,1.57861195476e-05,0,0,4.47087622888e-05,0.0166674368083,0,0,0,0,0,5.2028634995e-05,704181.086842
42.2805555556,-0.00102565239649,0.579487860203,2.40512919426,4.43056342192e-06,1.57861195476e-05,0,0,4.47087622888e-05,0.0166674368083,0,0,0,0,0,5.20286167424e-05,704181.086842
42.2916666667,-0.00102565239649,0.579487860203,2.40512919426,4.43056342192e-06,1.57861195476e-05,0,0,4.47087622888e-05,0.0166674368083,0,0,0,0,0,5.20286263174e-05,704181.086842
42.3027777778,-0.00102565239649,0.579487860203,2.40512919426,4.43056342192e-06,1.57861195476e-05,0,0,4.47087622888e-05,0.0166674368083,0,0,0,0,0,5.20286318297e-05,704181.086842
42.3138888889,-0.00102565239649,0.579487860203,2.40512919426,4.43056342192e-06,1.57861195476e-05,0,0,4.47087622888e-05,0.0166674368083,0,0,0,0,0,5.20286297939e-05,704181.086842
42.325,-0.00102565239649,0.579487860203,2.40512919426,4.43056342192e-06,1.57861195476e-05,0,0,4.47087622888e-05,0.0166674368083,0,0,0,0,0,5.20286337477e-05,704181.086842
42.3361111111,-0.00102565239649,0.579487860203,2.40512919426,4.43056342192e-06,1.57861195476e-05,0,0,4.47087622888e-05,0.0166674368083,0,0,0,0,0,5.20286211019e-05,704181.086842
42.3472222222,-0.00102565239649,0.579487860203,2.40512919426,4.43056342192e-06,1.57861195476e-05,0,0,4.47087622888e-05,0.0166674368083,0,0,0,0,0,5.20286399466e-05,704181.086842
42.3583333333,-0.00102565239649,0.579487860203,2.40512919426,4.43056342192e-06,1.57861195476e-05,0,0,4.47087622888e-05,0.0166674368083,0,0,0,0,0,5.20286172285e-05,704181.086842
42.3694444444,-0.00102565239649,0.579487860203,2.40512919426,4.43056342192e-06,1.57861195476e-05,0,0,4.47087622888e-05,0.0166674368083,0,0,0,0,0,5.20286438293e-05,704181.086842
42.3805555556,-0.00102565239649,0.579487860203,2.40512919426,4.43056342192e-06,1.57861195476e-05,0,0,4.47087622888e-05,0.0166674368083,0,0,0,0,0,5.20286505886e-05,704181.086842
42.3916666667,-0.00102565239649,0.579487860203,2.40512919426,4.43056342192e-06,1.57861195476e-05,0,0,4.47087622888e-05,0.0166674368083,0,0,0,0,0,5.20286532887e-05,704181.086842
42.4027777778,-0.00102565239649,0.579487860203,2.40512919426,4.43056342192e-06,1.57861195476e-05,0,0,4.47087622888e-05,0.0166674368083,0,0,0,0,0,5.20286395294e-05,704181.086842
42.4138888889,-0.00102565239649,0.579487860203,2.40512919426,4.43056342192e-06,1.57861195476e-05,0,0,4.47087622888e-05,0.0166674368083,0,0,0,0,0,5.20286297854e-05,704181.086842
42.425,-0.00102565239649,0.579487860203,2.40512919426,4.43056342192e-06,1.57861195476e-05,0,0,4.47087622888e-05,0.0166674368083,0,0,0,0,0,5.20286115661e-05,704181.086842
42.4361111111,-0.00102565239649,0.579487860203,2.40512919426,4.43056342192e-06,1.57861195476e-05,0,0,4.47087622888e-05,0.0166674368083,0,0,0,0,0,5.20286490496e-05,704181.086842
42.4472222222,-0.00102565239649,0.579487860203,2.40512919426,4.43056342192e-06,1.57861195476e-05,0,0,4.47087622888e-05,0.0166674368083,0,0,0,0,0,5.20286407264e-05,704181.086842
42.4583333333,-0.00102565239649,0.579487860203,2.40512919426,4.43056342192e-06,1.57861195476e-05,0,0,4.47087622888e-05,0.0166674368083,0,0,0,0,0,5.2028625993e-05,704181.086842
42.4694444444,-0.00102565239649,0.579487860203,2.40512919426,4.43056342192e-06,1.57861195476e-05,0,0,4.47087622888e-05,0.0166674368083,0,0,0,0,0,5.20286127605e-05,704181.086842
42.4805555556,-0.00102565239649,0.579487860203,2.40512919426,4.43056342192e-06,1.57861195476e-05,0,0,4.47087622888e-05,0.0166674368083,0,0,0,0,0,5.2028623167e-05,704181.086842
42.4916666667,-0.00102565239649,0.579487860203,2.40512919426,4.43056342192e-06,1.57861195476e-05,0,0,4.47087622888e-05,0.0166674368083,0,0,0,0,0,5.20286141029e-05,704181.086842
42.5027777778,-0.00102565239649,0.579487860203,2.40512919426,4.43056342192e-06,1.57861195476e-05,0,0,4.47087622888e-05,0.0166674368083,0,0,0,0,0,5.20286397713e-05,704181.086842
42.5138888889,-0.00102565239649,0.579487860203,2.40512919426,4.43056342192e-06,1.57861195476e-05,0,0,4.47087622888e-05,0.0166674368083,0,0,0,0,0,5.20286185649e-05,704181.086842
42.525,-0.00102565239649,0.579487860203,2.40512919426,4.43056342192e-06,1.57861195476e-05,0,0,4.47087622888e-05,0.0166674368083,0,0,0,0,0,5.20285951495e-05,704181.086842
42.5361111111,-0.00102565239649,0.579487860203,2.40512919426,4.43056342192e-06,1.57861195476e-05,0,0,4.47087622888e-05,0.0166674368083,0,0,0,0,0,5.20286403392e-05,704181.086842
42.5472222222,-0.00102565239649,0.579487860203,2.40512919426,4.43056342192e-06,1.57861195476e-05,0,0,4.47087622888e-05,0.0166674368083,0,0,0,0,0,5.20286484003e-05,704181.086842
42.5583333333,-0.00102565239649,0.579487860203,2.40512919426,4.43056342192e-06,1.57861195476e-05,0,0,4.47087622888e-05,0.0166674368083,0,0,0,0,0,5.20286462981e-05,704181.086842
42.5694444444,-0.00102565239649,0.579487860203,2.40512919426,4.43056342192e-06,1.57861195476e-05,0,0,4.47087622888e-05,0.0166674368083,0,0,0,0,0,5.20286306058e-05,704181.086842
42.5805555556,-0.00102565239649,0.579487860203,2.40512919426,4.43056342192e-06,1.57861195476e-05,0,0,4.47087622888e-05,0.0166674368083,0,0,0,0,0,5.20286494626e-05,704181.086842
42.5916666667,-0.00102565239649,0.579487860203,2.40512919426,4.43056342192e-06,1.57861195476e-05,0,0,4.47087622888e-05,0.0166674368083,0,0,0,0,0,5.20286163151e-05,704181.086842
42.6027777778,-0.00102565239649,0.579487860203,2.40512919426,4.43056342192e-06,1.57861195476e-05,0,0,4.47087622888e-05,0.0166674368083,0,0,0,0,0,5.20286584129e-05,704181.086842
42.6138888889,-0.00102565239649,0.579487860203,2.40512919426,4.43056342192e-06,1.57861195476e-05,0,0,4.47087622888e-05,0.0166674368083,0,0,0,0,0,5.20286468591e-05,704181.086842
42.625,-0.00102565239649,0.579487860203,2.40512919426,4.43056342192e-06,1.57861195476e-05,0,0,4.47087622888e-05,0.0166674368083,0,0,0,0,0,5.20286605966e-05,704181.086842
42.6361111111,-0.00102565239649,0.579487860203,2.40512919426,4.43056342192e-06,1.57861195476e-05,0,0,4.47087622888e-05,0.0166674368083,0,0,0,0,0,5.20286363782e-05,704181.086842
42.6472222222,-0.00102565239649,0.579487860203,2.40512919426,4.43056342192e-06,1.57861195476e-05,0,0,4.47087622888e-05,0.0166674368083,0,0,0,0,0,5.20286313317e-05,704181.086842
42.6583333333,-0.00102565239649,0.579487860203,2.40512919426,4.43056342192e-06,1.57861195476e-05,0,0,4.47087622888e-05,0.0166674368083,0,0,0,0,0,5.20286539732e-05,704181.086842
42.6694444444,-0.00102565239649,0.579487860203,2.40512919426,4.43056342192e-06,1.57861195476e-05,0,0,4.47087622888e-05,0.0166674368083,0,0,0,0,0,5.20286427889e-05,704181.086842
42.6805555556,-0.00102565239649,0.579487860203,2.40512919426,4.43056342192e-06,1.57861195476e-05,0,0,4.47087622888e-05,0.0166674368083,0,0,0,0,0,5.20286432894e-05,704181.086842
42.6916666667,-0.00102565239649,0.579487860203,2.40512919426,4.43056342192e-06,1.57861195476e-05,0,0,4.47087622888e-05,0.0166674368083,0,0,0,0,0,5.20286247642e-05,704181.086842
42.7027777778,-0.00102565239649,0.579487860203,2.40512919426,4.43056342192e-06,1.57861195476e-05,0,0,4.47087622888e-05,0.0166674368083,0,0,0,0,0,5.2028630123e-05,704181.086842
42.7138888889,-0.00102565239649,0.579487860203,2.40512919426,4.43056342192e-06,1.57861195476e-05,0,0,4.47087622888e-05,0.0166674368083,0,0,0,0,0,5.20286311834e-05,704181.086842
42.725,-0.00102565239649,0.579487860203,2.40512919426,4.43056342192e-06,1.57861195476e-05,0,0,4.47087622888e-05,0.0166674368083,0,0,0,0,0,5.20286386365e-05,704181.086842
42.7361111111,-0.00102565239649,0.579487860203,2.40512919426,4.43056342192e-06,1.57861195476e-05,0,0,4.47087622888e-05,0.0166674368083,0,0,0,0,0,5.20286352471e-05,704181.086842
42.7472222222,-0.00102565239649,0.579487860203,2.40512919426,4.43056342192e-06,1.57861195476e-05,0,0,4.47087622888e-05,0.0166674368083,0,0,0,0,0,5.20286192335e-05,704181.086842
42.7583333333,-0.00102565239649,0.579487860203,2.40512919426,4.43056342192e-06,1.57861195476e-05,0,0,4.47087622888e-05,0.0166674368083,0,0,0,0,0,5.20286485335e-05,704181.086842
42.7694444444,-0.00102565239649,0.579487860203,2.40512919426,4.43056342192e-06,1.57861195476e-05,0,0,4.47087622888e-05,0.0166674368083,0,0,0,0,0,5.20286196503e-05,704181.086842
42.7805555556,-0.00102565239649,0.579487860203,2.40512919426,4.43056342192e-06,1.57861195476e-05,0,0,4.47087622888e-05,0.0166674368083,0,0,0,0,0,5.20286194566e-05,704181.086842
42.7916666667,-0.00102565239649,0.579487860203,2.40512919426,4.43056342192e-06,1.57861195476e-05,0,0,4.47087622888e-05,0.0166674368083,0,0,0,0,0,5.20286297468e-05,704181.086842
42.8027777778,-0.00102565239649,0.579487860203,2.40512919426,4.43056342192e-06,1.57861195476e-05,0,0,4.47087622888e-05,0.0166674368083,0,0,0,0,0,5.20286211679e-05,704181.086842
42.8138888889,-0.00102565239649,0.579487860203,2.40512919426,4.43056342192e-06,1.57861195476e-05,0,0,4.47087622888e-05,0.0166674368083,0,0,0,0,0,5.20286318413e-05,704181.086842
42.825,-0.00102565239649,0.579487860203,2.40512919426,4.43056342192e-06,1.57861195476e-05,0,0,4.47087622888e-05,0.0166674368083,0,0,0,0,0,5.20286126638e-05,704181.086842
42.8361111111,-0.00102565239649,0.579487860203,2.40512919426,4.43056342192e-06,1.57861195476e-05,0,0,4.47087622888e-05,0.0166674368083,0,0,0,0,0,5.20286416544e-05,704181.086842
42.8472222222,-0.00102565239649,0.579487860203,2.40512919426,4.43056342192e-06,1.57861195476e-05,0,0,4.47087622888e-05,0.0166674368083,0,0,0,0,0,5.20286390202e-05,704181.086842
42.8583333333,-0.00102565239649,0.579487860203,2.40512919426,4.43056342192e-06,1.57861195476e-05,0,0,4.47087622888e-05,0.0166674368083,0,0,0,0,0,5.20286236592e-05,704181.086842
42.8694444444,-0.00102565239649,0.579487860203,2.40512919426,4.43056342192e-06,1.57861195476e-05,0,0,4.47087622888e-05,0.0166674368083,0,0,0,0,0,5.20286445373e-05,704181.086842
42.8805555556,-0.00102565239649,0.579487860203,2.40512919426,4.43056342192e-06,1.57861195476e-05,0,0,4.47087622888e-05,0.0166674368083,0,0,0,0,0,5.2028653989e-05,704181.086842
42.8916666667,-0.00102565239649,0.579487860203,2.40512919426,4.43056342192e-06,1.57861195476e-05,0,0,4.47087622888e-05,0.0166674368083,0,0,0,0,0,5.20286175921e-05,704181.086842
42.9027777778,-0.00102565239649,0.579487860203,2.40512919426,4.43056342192e-06,1.57861195476e-05,0,0,4.47087622888e-05,0.0166674368083,0,0,0,0,0,5.20286453961e-05,704181.086842
42.9138888889,-0.00102565239649,0.579487860203,2.40512919426,4.43056342192e-06,1.57861195476e-05,0,0,4.47087622888e-05,0.0166674368083,0,0,0,0,0,5.20286230482e-05,704181.086842
42.925,-0.00102565239649,0.579487860203,2.40512919426,4.43056342192e-06,1.57861195476e-05,0,0,4.47087622888e-05,0.0166674368083,0,0,0,0,0,5.2028635285e-05,704181.086842
42.9361111111,-0.00102565239649,0.579487860203,2.40512919426,4.43056342192e-06,1.57861195476e-05,0,0,4.47087622888e-05,0.0166674368083,0,0,0,0,0,5.20286406099e-05,704181.086842
42.9472222222,-0.00102565239649,0.579487860203,2.40512919426,4.43056342192e-06,1.57861195476e-05,0,0,4.47087622888e-05,0.0166674368083,0,0,0,0,0,5.20286324255e-05,704181.086842
42.9583333333,-0.00102565239649,0.579487860203,2.40512919426,4.43056342192e-06,1.57861195476e-05,0,0,4.47087622888e-05,0.0166674368083,0,0,0,0,0,5.20286579702e-05,704181.086842
42.9694444444,-0.00102565239649,0.579487860203,2.40512919426,4.43056342192e-06,1.57861195476e-05,0,0,4.47087622888e-05,0.0166674368083,0,0,0,0,0,5.2028629432e-05,704181.086842
42.9805555556,-0.00102565239649,0.579487860203,2.40512919426,4.43056342192e-06,1.57861195476e-05,0,0,4.47087622888e-05,0.0166674368083,0,0,0,0,0,5.20286468426e-05,704181.086842
42.9916666667,-0.00102565239649,0.579487860203,2.40512919426,4.43056342192e-06,1.57861195476e-05,0,0,4.47087622888e-05,0.0166674368083,0,0,0,0,0,5.20286206685e-05,704181.086842
43.0027777778,-0.00102565239649,0.579487860203,2.40512919426,4.43056342192e-06,1.57861195476e-05,0,0,4.47087622888e-05,0.0166674368083,0,0,0,0,0,5.202861663e-05,704181.086842
43.0138888889,-0.00102565239649,0.579487860203,2.40512919426,4.43056342192e-06,1.57861195476e-05,0,0,4.47087622888e-05,0.0166674368083,0,0,0,0,0,5.20286516593e-05,704181.086842
43.025,-0.00102565239649,0.579487860203,2.40512919426,4.43056342192e-06,1.57861195476e-05,0,0,4.47087622888e-05,0.0166674368083,0,0,0,0,0,5.20286348096e-05,704181.086842
43.0361111111,-0.00102565239649,0.579487860203,2.40512919426,4.43056342192e-06,1.57861195476e-05,0,0,4.47087622888e-05,0.0166674368083,0,0,0,0,0,5.20286473172e-05,704181.086842
43.0472222222,-0.00102565239649,0.579487860203,2.40512919426,4.43056342192e-06,1.57861195476e-05,0,0,4.47087622888e-05,0.0166674368083,0,0,0,0,0,5.20286365281e-05,704181.086842
43.0583333333,-0.00102565239649,0.579487860203,2.40512919426,4.43056342192e-06,1.57861195476e-05,0,0,4.47087622888e-05,0.0166674368083,0,0,0,0,0,5.20286434201e-05,704181.086842
43.0694444444,-0.00102565239649,0.579487860203,2.40512919426,4.43056342192e-06,1.57861195476e-05,0,0,4.47087622888e-05,0.0166674368083,0,0,0,0,0,5.20286480157e-05,704181.086842
43.0805555556,-0.00102565239649,0.579487860203,2.40512919426,4.43056342192e-06,1.57861195476e-05,0,0,4.47087622888e-05,0.0166674368083,0,0,0,0,0,5.20286510767e-05,704181.086842
43.0916666667,-0.00102565239649,0.579487860203,2.40512919426,4.43056342192e-06,1.57861195476e-05,0,0,4.47087622888e-05,0.0166674368083,0,0,0,0,0,5.20286470068e-05,704181.086842
43.1027777778,-0.00102565239649,0.579487860203,2.40512919426,4.43056342192e-06,1.57861195476e-05,0,0,4.47087622888e-05,0.0166674368083,0,0,0,0,0,5.20286130537e-05,704181.086842
43.1138888889,-0.00102565239649,0.579487860203,2.40512919426,4.43056342192e-06,1.57861195476e-05,0,0,4.47087622888e-05,0.0166674368083,0,0,0,0,0,5.20286262311e-05,704181.086842
43.125,-0.00102565239649,0.579487860203,2.40512919426,4.43056342192e-06,1.57861195476e-05,0,0,4.47087622888e-05,0.0166674368083,0,0,0,0,0,5.20286484858e-05,704181.086842
43.1361111111,-0.00102565239649,0.579487860203,2.40512919426,4.43056342192e-06,1.57861195476e-05,0,0,4.47087622888e-05,0.0166674368083,0,0,0,0,0,5.20286163709e-05,704181.086842
43.1472222222,-0.00102565239649,0.579487860203,2.40512919426,4.43056342192e-06,1.57861195476e-05,0,0,4.47087622888e-05,0.0166674368083,0,0,0,0,0,5.2028638714e-05,704181.086842
43.1583333333,-0.00102565239649,0.579487860203,2.40512919426,4.43056342192e-06,1.57861195476e-05,0,0,4.47087622888e-05,0.0166674368083,0,0,0,0,0,5.20286394635e-05,704181.086842
43.1694444444,-0.00102565239649,0.579487860203,2.40512919426,4.43056342192e-06,1.57861195476e-05,0,0,4.47087622888e-05,0.0166674368083,0,0,0,0,0,5.20286086881e-05,704181.086842
43.1805555556,-0.00102565239649,0.579487860203,2.40512919426,4.43056342192e-06,1.57861195476e-05,0,0,4.47087622888e-05,0.0166674368083,0,0,0,0,0,5.20286186295e-05,704181.086842
43.1916666667,-0.00102565239649,0.579487860203,2.40512919426,4.43056342192e-06,1.57861195476e-05,0,0,4.47087622888e-05,0.0166674368083,0,0,0,0,0,5.20286221049e-05,704181.086842
43.2027777778,-0.00102565239649,0.579487860203,2.40512919426,4.43056342192e-06,1.57861195476e-05,0,0,4.47087622888e-05,0.0166674368083,0,0,0,0,0,5.20286272082e-05,704181.086842
43.2138888889,-0.00102565239649,0.579487860203,2.40512919426,4.43056342192e-06,1.57861195476e-05,0,0,4.47087622888e-05,0.0166674368083,0,0,0,0,0,5.20286367815e-05,704181.086842
43.225,-0.00102565239649,0.579487860203,2.40512919426,4.43056342192e-06,1.57861195476e-05,0,0,4.47087622888e-05,0.0166674368083,0,0,0,0,0,5.20286281627e-05,704181.086842
43.2361111111,-0.00102565239649,0.579487860203,2.40512919426,4.43056342192e-06,1.57861195476e-05,0,0,4.47087622888e-05,0.0166674368083,0,0,0,0,0,5.202863923e-05,704181.086842
43.2472222222,-0.00102565239649,0.579487860203,2.40512919426,4.43056342192e-06,1.57861195476e-05,0,0,4.47087622888e-05,0.0166674368083,0,0,0,0,0,5.20286265108e-05,704181.086842
43.2583333333,-0.00102565239649,0.579487860203,2.40512919426,4.43056342192e-06,1.57861195476e-05,0,0,4.47087622888e-05,0.0166674368083,0,0,0,0,0,5.20286281946e-05,704181.086842
43.2694444444,-0.00102565239649,0.579487860203,2.40512919426,4.43056342192e-06,1.57861195476e-05,0,0,4.47087622888e-05,0.0166674368083,0,0,0,0,0,5.20286355274e-05,704181.086842
43.2805555556,-0.00102565239649,0.579487860203,2.40512919426,4.43056342192e-06,1.57861195476e-05,0,0,4.47087622888e-05,0.0166674368083,0,0,0,0,0,5.2028655888e-05,704181.086842
43.2916666667,-0.00102565239649,0.579487860203,2.40512919426,4.43056342192e-06,1.57861195476e-05,0,0,4.47087622888e-05,0.0166674368083,0,0,0,0,0,5.20286322031e-05,704181.086842
43.3027777778,-0.00102565239649,0.579487860203,2.40512919426,4.43056342192e-06,1.57861195476e-05,0,0,4.47087622888e-05,0.0166674368083,0,0,0,0,0,5.20286581389e-05,704181.086842
43.3138888889,-0.00102565239649,0.579487860203,2.40512919426,4.43056342192e-06,1.57861195476e-05,0,0,4.47087622888e-05,0.0166674368083,0,0,0,0,0,5.20286426123e-05,704181.086842
43.325,-0.00102565239649,0.579487860203,2.40512919426,4.43056342192e-06,1.57861195476e-05,0,0,4.47087622888e-05,0.0166674368083,0,0,0,0,0,5.20286372737e-05,704181.086842
43.3361111111,-0.00102565239649,0.579487860203,2.40512919426,4.43056342192e-06,1.57861195476e-05,0,0,4.47087622888e-05,0.0166674368083,0,0,0,0,0,5.20286512996e-05,704181.086842
43.3472222222,-0.00102565239649,0.579487860203,2.40512919426,4.43056342192e-06,1.57861195476e-05,0,0,4.47087622888e-05,0.0166674368083,0,0,0,0,0,5.2028620236e-05,704181.086842
43.3583333333,-0.00102565239649,0.579487860203,2.40512919426,4.43056342192e-06,1.57861195476e-05,0,0,4.47087622888e-05,0.0166674368083,0,0,0,0,0,5.20286248224e-05,704181.086842
43.3694444444,-0.00102565239649,0.579487860203,2.40512919426,4.43056342192e-06,1.57861195476e-05,0,0,4.47087622888e-05,0.0166674368083,0,0,0,0,0,5.20286266219e-05,704181.086842
43.3805555556,-0.00102565239649,0.579487860203,2.40512919426,4.43056342192e-06,1.57861195476e-05,0,0,4.47087622888e-05,0.0166674368083,0,0,0,0,0,5.20286086961e-05,704181.086842
43.3916666667,-0.00102565239649,0.579487860203,2.40512919426,4.43056342192e-06,1.57861195476e-05,0,0,4.47087622888e-05,0.0166674368083,0,0,0,0,0,5.20286079255e-05,704181.086842
43.4027777778,-0.00102565239649,0.579487860203,2.40512919426,4.43056342192e-06,1.57861195476e-05,0,0,4.47087622888e-05,0.0166674368083,0,0,0,0,0,5.2028634688e-05,704181.086842
43.4138888889,-0.00102565239649,0.579487860203,2.40512919426,4.43056342192e-06,1.57861195476e-05,0,0,4.47087622888e-05,0.0166674368083,0,0,0,0,0,5.20286663781e-05,704181.086842
43.425,-0.00102565239649,0.579487860203,2.40512919426,4.43056342192e-06,1.57861195476e-05,0,0,4.47087622888e-05,0.0166674368083,0,0,0,0,0,5.20286364826e-05,704181.086842
43.4361111111,-0.00102565239649,0.579487860203,2.40512919426,4.43056342192e-06,1.57861195476e-05,0,0,4.47087622888e-05,0.0166674368083,0,0,0,0,0,5.20286151574e-05,704181.086842
43.4472222222,-0.00102565239649,0.579487860203,2.40512919426,4.43056342192e-06,1.57861195476e-05,0,0,4.47087622888e-05,0.0166674368083,0,0,0,0,0,5.20286397516e-05,704181.086842
43.4583333333,-0.00102565239649,0.579487860203,2.40512919426,4.43056342192e-06,1.57861195476e-05,0,0,4.47087622888e-05,0.0166674368083,0,0,0,0,0,5.20286729945e-05,704181.086842
43.4694444444,-0.00102565239649,0.579487860203,2.40512919426,4.43056342192e-06,1.57861195476e-05,0,0,4.47087622888e-05,0.0166674368083,0,0,0,0,0,5.20286565828e-05,704181.086842
43.4805555556,-0.00102565239649,0.579487860203,2.40512919426,4.43056342192e-06,1.57861195476e-05,0,0,4.47087622888e-05,0.0166674368083,0,0,0,0,0,5.20286398561e-05,704181.086842
43.4916666667,-0.00102565239649,0.579487860203,2.40512919426,4.43056342192e-06,1.57861195476e-05,0,0,4.47087622888e-05,0.0166674368083,0,0,0,0,0,5.20286086701e-05,704181.086842
43.5027777778,-0.00102565239649,0.579487860203,2.40512919426,4.43056342192e-06,1.57861195476e-05,0,0,4.47087622888e-05,0.0166674368083,0,0,0,0,0,5.20286481889e-05,704181.086842
43.5138888889,-0.00102565239649,0.579487860203,2.40512919426,4.43056342192e-06,1.57861195476e-05,0,0,4.47087622888e-05,0.0166674368083,0,0,0,0,0,5.20286397152e-05,704181.086842
43.525,-0.00102565239649,0.579487860203,2.40512919426,4.43056342192e-06,1.57861195476e-05,0,0,4.47087622888e-05,0.0166674368083,0,0,0,0,0,5.20286404651e-05,704181.086842
43.5361111111,-0.00102565239649,0.579487860203,2.40512919426,4.43056342192e-06,1.57861195476e-05,0,0,4.47087622888e-05,0.0166674368083,0,0,0,0,0,5.20286147985e-05,704181.086842
43.5472222222,-0.00102565239649,0.579487860203,2.40512919426,4.43056342192e-06,1.57861195476e-05,0,0,4.47087622888e-05,0.0166674368083,0,0,0,0,0,5.20286298353e-05,704181.086842
43.5583333333,-0.00102565239649,0.579487860203,2.40512919426,4.43056342192e-06,1.57861195476e-05,0,0,4.47087622888e-05,0.0166674368083,0,0,0,0,0,5.20286257109e-05,704181.086842
43.5694444444,-0.00102565239649,0.579487860203,2.40512919426,4.43056342192e-06,1.57861195476e-05,0,0,4.47087622888e-05,0.0166674368083,0,0,0,0,0,5.20286233146e-05,704181.086842
43.5805555556,-0.00102565239649,0.579487860203,2.40512919426,4.43056342192e-06,1.57861195476e-05,0,0,4.47087622888e-05,0.0166674368083,0,0,0,0,0,5.20286329148e-05,704181.086842
43.5916666667,-0.00102565239649,0.579487860203,2.40512919426,4.43056342192e-06,1.57861195476e-05,0,0,4.47087622888e-05,0.0166674368083,0,0,0,0,0,5.20286205907e-05,704181.086842
43.6027777778,-0.00102565239649,0.579487860203,2.40512919426,4.43056342192e-06,1.57861195476e-05,0,0,4.47087622888e-05,0.0166674368083,0,0,0,0,0,5.20286359432e-05,704181.086842
43.6138888889,-0.00102565239649,0.579487860203,2.40512919426,4.43056342192e-06,1.57861195476e-05,0,0,4.47087622888e-05,0.0166674368083,0,0,0,0,0,5.20286469137e-05,704181.086842
43.625,-0.00102565239649,0.579487860203,2.40512919426,4.43056342192e-06,1.57861195476e-05,0,0,4.47087622888e-05,0.0166674368083,0,0,0,0,0,5.20286228024e-05,704181.086842
43.6361111111,-0.00102565239649,0.579487860203,2.40512919426,4.43056342192e-06,1.57861195476e-05,0,0,4.47087622888e-05,0.0166674368083,0,0,0,0,0,5.20286183573e-05,704181.086842
43.6472222222,-0.00102565239649,0.579487860203,2.40512919426,4.43056342192e-06,1.57861195476e-05,0,0,4.47087622888e-05,0.0166674368083,0,0,0,0,0,5.20286133537e-05,704181.086842
43.6583333333,-0.00102565239649,0.579487860203,2.40512919426,4.43056342192e-06,1.57861195476e-05,0,0,4.47087622888e-05,0.0166674368083,0,0,0,0,0,5.20286467996e-05,704181.086842
43.6694444444,-0.00102565239649,0.579487860203,2.40512919426,4.43056342192e-06,1.57861195476e-05,0,0,4.47087622888e-05,0.0166674368083,0,0,0,0,0,5.20286441466e-05,704181.086842
43.6805555556,-0.00102565239649,0.579487860203,2.40512919426,4.43056342192e-06,1.57861195476e-05,0,0,4.47087622888e-05,0.0166674368083,0,0,0,0,0,5.20286241818e-05,704181.086842
43.6916666667,-0.00102565239649,0.579487860203,2.40512919426,4.43056342192e-06,1.57861195476e-05,0,0,4.47087622888e-05,0.0166674368083,0,0,0,0,0,5.20286202212e-05,704181.086842
43.7027777778,-0.00102565239649,0.579487860203,2.40512919426,4.43056342192e-06,1.57861195476e-05,0,0,4.47087622888e-05,0.0166674368083,0,0,0,0,0,5.20286487889e-05,704181.086842
43.7138888889,-0.00102565239649,0.579487860203,2.40512919426,4.43056342192e-06,1.57861195476e-05,0,0,4.47087622888e-05,0.0166674368083,0,0,0,0,0,5.20286299703e-05,704181.086842
43.725,-0.00102565239649,0.579487860203,2.40512919426,4.43056342192e-06,1.57861195476e-05,0,0,4.47087622888e-05,0.0166674368083,0,0,0,0,0,5.20286230393e-05,704181.086842
43.7361111111,-0.00102565239649,0.579487860203,2.40512919426,4.43056342192e-06,1.57861195476e-05,0,0,4.47087622888e-05,0.0166674368083,0,0,0,0,0,5.20286288024e-05,704181.086842
43.7472222222,-0.00102565239649,0.579487860203,2.40512919426,4.43056342192e-06,1.57861195476e-05,0,0,4.47087622888e-05,0.0166674368083,0,0,0,0,0,5.20286243809e-05,704181.086842
43.7583333333,-0.00102565239649,0.579487860203,2.40512919426,4.43056342192e-06,1.57861195476e-05,0,0,4.47087622888e-05,0.0166674368083,0,0,0,0,0,5.20286496282e-05,704181.086842
43.7694444444,-0.00102565239649,0.579487860203,2.40512919426,4.43056342192e-06,1.57861195476e-05,0,0,4.47087622888e-05,0.0166674368083,0,0,0,0,0,5.20286223497e-05,704181.086842
43.7805555556,-0.00102565239649,0.579487860203,2.40512919426,4.43056342192e-06,1.57861195476e-05,0,0,4.47087622888e-05,0.0166674368083,0,0,0,0,0,5.20286326025e-05,704181.086842
43.7916666667,-0.00102565239649,0.579487860203,2.40512919426,4.43056342192e-06,1.57861195476e-05,0,0,4.47087622888e-05,0.0166674368083,0,0,0,0,0,5.20286176685e-05,704181.086842
43.8027777778,-0.00102565239649,0.579487860203,2.40512919426,4.43056342192e-06,1.57861195476e-05,0,0,4.47087622888e-05,0.0166674368083,0,0,0,0,0,5.20286538998e-05,704181.086842
43.8138888889,-0.00102565239649,0.579487860203,2.40512919426,4.43056342192e-06,1.57861195476e-05,0,0,4.47087622888e-05,0.0166674368083,0,0,0,0,0,5.20286495861e-05,704181.086842
43.825,-0.00102565239649,0.579487860203,2.40512919426,4.43056342192e-06,1.57861195476e-05,0,0,4.47087622888e-05,0.0166674368083,0,0,0,0,0,5.20286005674e-05,704181.086842
43.8361111111,-0.00102565239649,0.579487860203,2.40512919426,4.43056342192e-06,1.57861195476e-05,0,0,4.47087622888e-05,0.0166674368083,0,0,0,0,0,5.20286334248e-05,704181.086842
43.8472222222,-0.00102565239649,0.579487860203,2.40512919426,4.43056342192e-06,1.57861195476e-05,0,0,4.47087622888e-05,0.0166674368083,0,0,0,0,0,5.20286402708e-05,704181.086842
43.8583333333,-0.00102565239649,0.579487860203,2.40512919426,4.43056342192e-06,1.57861195476e-05,0,0,4.47087622888e-05,0.0166674368083,0,0,0,0,0,5.20286516271e-05,704181.086842
43.8694444444,-0.00102565239649,0.579487860203,2.40512919426,4.43056342192e-06,1.57861195476e-05,0,0,4.47087622888e-05,0.0166674368083,0,0,0,0,0,5.20286236198e-05,704181.086842
43.8805555556,-0.00102565239649,0.579487860203,2.40512919426,4.43056342192e-06,1.57861195476e-05,0,0,4.47087622888e-05,0.0166674368083,0,0,0,0,0,5.20286159593e-05,704181.086842
43.8916666667,-0.00102565239649,0.579487860203,2.40512919426,4.43056342192e-06,1.57861195476e-05,0,0,4.47087622888e-05,0.0166674368083,0,0,0,0,0,5.2028620337e-05,704181.086842
43.9027777778,-0.00102565239649,0.579487860203,2.40512919426,4.43056342192e-06,1.57861195476e-05,0,0,4.47087622888e-05,0.0166674368083,0,0,0,0,0,5.20286419117e-05,704181.086842
43.9138888889,-0.00102565239649,0.579487860203,2.40512919426,4.43056342192e-06,1.57861195476e-05,0,0,4.47087622888e-05,0.0166674368083,0,0,0,0,0,5.20286290322e-05,704181.086842
43.925,-0.00102565239649,0.579487860203,2.40512919426,4.43056342192e-06,1.57861195476e-05,0,0,4.47087622888e-05,0.0166674368083,0,0,0,0,0,5.202862019e-05,704181.086842
43.9361111111,-0.00102565239649,0.579487860203,2.40512919426,4.43056342192e-06,1.57861195476e-05,0,0,4.47087622888e-05,0.0166674368083,0,0,0,0,0,5.20286187694e-05,704181.086842
43.9472222222,-0.00102565239649,0.579487860203,2.40512919426,4.43056342192e-06,1.57861195476e-05,0,0,4.47087622888e-05,0.0166674368083,0,0,0,0,0,5.20286287833e-05,704181.086842
43.9583333333,-0.00102565239649,0.579487860203,2.40512919426,4.43056342192e-06,1.57861195476e-05,0,0,4.47087622888e-05,0.0166674368083,0,0,0,0,0,5.20286142316e-05,704181.086842
43.9694444444,-0.00102565239649,0.579487860203,2.40512919426,4.43056342192e-06,1.57861195476e-05,0,0,4.47087622888e-05,0.0166674368083,0,0,0,0,0,5.2028640881e-05,704181.086842
43.9805555556,-0.00102565239649,0.579487860203,2.40512919426,4.43056342192e-06,1.57861195476e-05,0,0,4.47087622888e-05,0.0166674368083,0,0,0,0,0,5.20286100927e-05,704181.086842
43.9916666667,-0.00102565239649,0.579487860203,2.40512919426,4.43056342192e-06,1.57861195476e-05,0,0,4.47087622888e-05,0.0166674368083,0,0,0,0,0,5.20286369981e-05,704181.086842
44.0027777778,-0.00102565239649,0.579487860203,2.40512919426,4.43056342192e-06,1.57861195476e-05,0,0,4.47087622888e-05,0.0166674368083,0,0,0,0,0,5.20286455964e-05,704181.086842
44.0138888889,-0.00102565239649,0.579487860203,2.40512919426,4.43056342192e-06,1.57861195476e-05,0,0,4.47087622888e-05,0.0166674368083,0,0,0,0,0,5.20286190162e-05,704181.086842
44.025,-0.00102565239649,0.579487860203,2.40512919426,4.43056342192e-06,1.57861195476e-05,0,0,4.47087622888e-05,0.0166674368083,0,0,0,0,0,5.20286078077e-05,704181.086842
44.0361111111,-0.00102565239649,0.579487860203,2.40512919426,4.43056342192e-06,1.57861195476e-05,0,0,4.47087622888e-05,0.0166674368083,0,0,0,0,0,5.20286481293e-05,704181.086842
44.0472222222,-0.00102565239649,0.579487860203,2.40512919426,4.43056342192e-06,1.57861195476e-05,0,0,4.47087622888e-05,0.0166674368083,0,0,0,0,0,5.2028641201e-05,704181.086842
44.0583333333,-0.00102565239649,0.579487860203,2.40512919426,4.43056342192e-06,1.57861195476e-05,0,0,4.47087622888e-05,0.0166674368083,0,0,0,0,0,5.20286352004e-05,704181.086842
44.0694444444,-0.00102565239649,0.579487860203,2.40512919426,4.43056342192e-06,1.57861195476e-05,0,0,4.47087622888e-05,0.0166674368083,0,0,0,0,0,5.20286541399e-05,704181.086842
44.0805555556,-0.00102565239649,0.579487860203,2.40512919426,4.43056342192e-06,1.57861195476e-05,0,0,4.47087622888e-05,0.0166674368083,0,0,0,0,0,5.20286568345e-05,704181.086842
44.0916666667,-0.00102565239649,0.579487860203,2.40512919426,4.43056342192e-06,1.57861195476e-05,0,0,4.47087622888e-05,0.0166674368083,0,0,0,0,0,5.20286357616e-05,704181.086842
44.1027777778,-0.00102565239649,0.579487860203,2.40512919426,4.43056342192e-06,1.57861195476e-05,0,0,4.47087622888e-05,0.0166674368083,0,0,0,0,0,5.20286299866e-05,704181.086842
44.1138888889,-0.00102565239649,0.579487860203,2.40512919426,4.43056342192e-06,1.57861195476e-05,0,0,4.47087622888e-05,0.0166674368083,0,0,0,0,0,5.2028664125e-05,704181.086842
44.125,-0.00102565239649,0.579487860203,2.40512919426,4.43056342192e-06,1.57861195476e-05,0,0,4.47087622888e-05,0.0166674368083,0,0,0,0,0,5.20286162655e-05,704181.086842
44.1361111111,-0.00102565239649,0.579487860203,2.40512919426,4.43056342192e-06,1.57861195476e-05,0,0,4.47087622888e-05,0.0166674368083,0,0,0,0,0,5.20286496333e-05,704181.086842
44.1472222222,-0.00102565239649,0.579487860203,2.40512919426,4.43056342192e-06,1.57861195476e-05,0,0,4.47087622888e-05,0.0166674368083,0,0,0,0,0,5.20286487879e-05,704181.086842
44.1583333333,-0.00102565239649,0.579487860203,2.40512919426,4.43056342192e-06,1.57861195476e-05,0,0,4.47087622888e-05,0.0166674368083,0,0,0,0,0,5.20286411622e-05,704181.086842
44.1694444444,-0.00102565239649,0.579487860203,2.40512919426,4.43056342192e-06,1.57861195476e-05,0,0,4.47087622888e-05,0.0166674368083,0,0,0,0,0,5.20286483471e-05,704181.086842
44.1805555556,-0.00102565239649,0.579487860203,2.40512919426,4.43056342192e-06,1.57861195476e-05,0,0,4.47087622888e-05,0.0166674368083,0,0,0,0,0,5.20286183815e-05,704181.086842
44.1916666667,-0.00102565239649,0.579487860203,2.40512919426,4.43056342192e-06,1.57861195476e-05,0,0,4.47087622888e-05,0.0166674368083,0,0,0,0,0,5.20286351441e-05,704181.086842
44.2027777778,-0.00102565239649,0.579487860203,2.40512919426,4.43056342192e-06,1.57861195476e-05,0,0,4.47087622888e-05,0.0166674368083,0,0,0,0,0,5.20286387416e-05,704181.086842
44.2138888889,-0.00102565239649,0.579487860203,2.40512919426,4.43056342192e-06,1.57861195476e-05,0,0,4.47087622888e-05,0.0166674368083,0,0,0,0,0,5.20286364817e-05,704181.086842
44.225,-0.00102565239649,0.579487860203,2.40512919426,4.43056342192e-06,1.57861195476e-05,0,0,4.47087622888e-05,0.0166674368083,0,0,0,0,0,5.20286363251e-05,704181.086842
44.2361111111,-0.00102565239649,0.579487860203,2.40512919426,4.43056342192e-06,1.57861195476e-05,0,0,4.47087622888e-05,0.0166674368083,0,0,0,0,0,5.20286382162e-05,704181.086842
44.2472222222,-0.00102565239649,0.579487860203,2.40512919426,4.43056342192e-06,1.57861195476e-05,0,0,4.47087622888e-05,0.0166674368083,0,0,0,0,0,5.20286222506e-05,704181.086842
44.2583333333,-0.00102565239649,0.579487860203,2.40512919426,4.43056342192e-06,1.57861195476e-05,0,0,4.47087622888e-05,0.0166674368083,0,0,0,0,0,5.20286507669e-05,704181.086842
44.2694444444,-0.00102565239649,0.579487860203,2.40512919426,4.43056342192e-06,1.57861195476e-05,0,0,4.47087622888e-05,0.0166674368083,0,0,0,0,0,5.20286062588e-05,704181.086842
44.2805555556,-0.00102565239649,0.579487860203,2.40512919426,4.43056342192e-06,1.57861195476e-05,0,0,4.47087622888e-05,0.0166674368083,0,0,0,0,0,5.20286318479e-05,704181.086842
44.2916666667,-0.00102565239649,0.579487860203,2.40512919426,4.43056342192e-06,1.57861195476e-05,0,0,4.47087622888e-05,0.0166674368083,0,0,0,0,0,5.20286432761e-05,704181.086842
44.3027777778,-0.00102565239649,0.579487860203,2.40512919426,4.43056342192e-06,1.57861195476e-05,0,0,4.47087622888e-05,0.0166674368083,0,0,0,0,0,5.20286260099e-05,704181.086842
44.3138888889,-0.00102565239649,0.579487860203,2.40512919426,4.43056342192e-06,1.57861195476e-05,0,0,4.47087622888e-05,0.0166674368083,0,0,0,0,0,5.2028634666e-05,704181.086842
44.325,-0.00102565239649,0.579487860203,2.40512919426,4.43056342192e-06,1.57861195476e-05,0,0,4.47087622888e-05,0.0166674368083,0,0,0,0,0,5.2028638224e-05,704181.086842
44.3361111111,-0.00102565239649,0.579487860203,2.40512919426,4.43056342192e-06,1.57861195476e-05,0,0,4.47087622888e-05,0.0166674368083,0,0,0,0,0,5.20286280916e-05,704181.086842
44.3472222222,-0.00102565239649,0.579487860203,2.40512919426,4.43056342192e-06,1.57861195476e-05,0,0,4.47087622888e-05,0.0166674368083,0,0,0,0,0,5.20286425479e-05,704181.086842
44.3583333333,-0.00102565239649,0.579487860203,2.40512919426,4.43056342192e-06,1.57861195476e-05,0,0,4.47087622888e-05,0.0166674368083,0,0,0,0,0,5.202864884e-05,704181.086842
44.3694444444,-0.00102565239649,0.579487860203,2.40512919426,4.43056342192e-06,1.57861195476e-05,0,0,4.47087622888e-05,0.0166674368083,0,0,0,0,0,5.20286194183e-05,704181.086842
44.3805555556,-0.00102565239649,0.579487860203,2.40512919426,4.43056342192e-06,1.57861195476e-05,0,0,4.47087622888e-05,0.0166674368083,0,0,0,0,0,5.2028616885e-05,704181.086842
44.3916666667,-0.00102565239649,0.579487860203,2.40512919426,4.43056342192e-06,1.57861195476e-05,0,0,4.47087622888e-05,0.0166674368083,0,0,0,0,0,5.20286140604e-05,704181.086842
44.4027777778,-0.00102565239649,0.579487860203,2.40512919426,4.43056342192e-06,1.57861195476e-05,0,0,4.47087622888e-05,0.0166674368083,0,0,0,0,0,5.20286279644e-05,704181.086842
44.4138888889,-0.00102565239649,0.579487860203,2.40512919426,4.43056342192e-06,1.57861195476e-05,0,0,4.47087622888e-05,0.0166674368083,0,0,0,0,0,5.20286252061e-05,704181.086842
44.425,-0.00102565239649,0.579487860203,2.40512919426,4.43056342192e-06,1.57861195476e-05,0,0,4.47087622888e-05,0.0166674368083,0,0,0,0,0,5.20286390383e-05,704181.086842
44.4361111111,-0.00102565239649,0.579487860203,2.40512919426,4.43056342192e-06,1.57861195476e-05,0,0,4.47087622888e-05,0.0166674368083,0,0,0,0,0,5.20286757574e-05,704181.086842
44.4472222222,-0.00102565239649,0.579487860203,2.40512919426,4.43056342192e-06,1.57861195476e-05,0,0,4.47087622888e-05,0.0166674368083,0,0,0,0,0,5.20286374309e-05,704181.086842
44.4583333333,-0.00102565239649,0.579487860203,2.40512919426,4.43056342192e-06,1.57861195476e-05,0,0,4.47087622888e-05,0.0166674368083,0,0,0,0,0,5.2028636378e-05,704181.086842
44.4694444444,-0.00102565239649,0.579487860203,2.40512919426,4.43056342192e-06,1.57861195476e-05,0,0,4.47087622888e-05,0.0166674368083,0,0,0,0,0,5.20286570342e-05,704181.086842
44.4805555556,-0.00102565239649,0.579487860203,2.40512919426,4.43056342192e-06,1.57861195476e-05,0,0,4.47087622888e-05,0.0166674368083,0,0,0,0,0,5.20286284836e-05,704181.086842
44.4916666667,-0.00102565239649,0.579487860203,2.40512919426,4.43056342192e-06,1.57861195476e-05,0,0,4.47087622888e-05,0.0166674368083,0,0,0,0,0,5.20286395059e-05,704181.086842
44.5027777778,-0.00102565239649,0.579487860203,2.40512919426,4.43056342192e-06,1.57861195476e-05,0,0,4.47087622888e-05,0.0166674368083,0,0,0,0,0,5.20286074773e-05,704181.086842
44.5138888889,-0.00102565239649,0.579487860203,2.40512919426,4.43056342192e-06,1.57861195476e-05,0,0,4.47087622888e-05,0.0166674368083,0,0,0,0,0,5.2028630525e-05,704181.086842
44.525,-0.00102565239649,0.579487860203,2.40512919426,4.43056342192e-06,1.57861195476e-05,0,0,4.47087622888e-05,0.0166674368083,0,0,0,0,0,5.20286496885e-05,704181.086842
44.5361111111,-0.00102565239649,0.579487860203,2.40512919426,4.43056342192e-06,1.57861195476e-05,0,0,4.47087622888e-05,0.0166674368083,0,0,0,0,0,5.20286238304e-05,704181.086842
44.5472222222,-0.00102565239649,0.579487860203,2.40512919426,4.43056342192e-06,1.57861195476e-05,0,0,4.47087622888e-05,0.0166674368083,0,0,0,0,0,5.20286311076e-05,704181.086842
44.5583333333,-0.00102565239649,0.579487860203,2.40512919426,4.43056342192e-06,1.57861195476e-05,0,0,4.47087622888e-05,0.0166674368083,0,0,0,0,0,5.20286405829e-05,704181.086842
44.5694444444,-0.00102565239649,0.579487860203,2.40512919426,4.43056342192e-06,1.57861195476e-05,0,0,4.47087622888e-05,0.0166674368083,0,0,0,0,0,5.20286613482e-05,704181.086842
44.5805555556,-0.00102565239649,0.579487860203,2.40512919426,4.43056342192e-06,1.57861195476e-05,0,0,4.47087622888e-05,0.0166674368083,0,0,0,0,0,5.20286296156e-05,704181.086842
44.5916666667,-0.00102565239649,0.579487860203,2.40512919426,4.43056342192e-06,1.57861195476e-05,0,0,4.47087622888e-05,0.0166674368083,0,0,0,0,0,5.20286228342e-05,704181.086842
44.6027777778,-0.00102565239649,0.579487860203,2.40512919426,4.43056342192e-06,1.57861195476e-05,0,0,4.47087622888e-05,0.0166674368083,0,0,0,0,0,5.20286510078e-05,704181.086842
44.6138888889,-0.00102565239649,0.579487860203,2.40512919426,4.43056342192e-06,1.57861195476e-05,0,0,4.47087622888e-05,0.0166674368083,0,0,0,0,0,5.20286396308e-05,704181.086842
44.625,-0.00102565239649,0.579487860203,2.40512919426,4.43056342192e-06,1.57861195476e-05,0,0,4.47087622888e-05,0.0166674368083,0,0,0,0,0,5.20286339036e-05,704181.086842
44.6361111111,-0.00102565239649,0.579487860203,2.40512919426,4.43056342192e-06,1.57861195476e-05,0,0,4.47087622888e-05,0.0166674368083,0,0,0,0,0,5.20286378987e-05,704181.086842
44.6472222222,-0.00102565239649,0.579487860203,2.40512919426,4.43056342192e-06,1.57861195476e-05,0,0,4.47087622888e-05,0.0166674368083,0,0,0,0,0,5.20286252138e-05,704181.086842
44.6583333333,-0.00102565239649,0.579487860203,2.40512919426,4.43056342192e-06,1.57861195476e-05,0,0,4.47087622888e-05,0.0166674368083,0,0,0,0,0,5.20286328063e-05,704181.086842
44.6694444444,-0.00102565239649,0.579487860203,2.40512919426,4.43056342192e-06,1.57861195476e-05,0,0,4.47087622888e-05,0.0166674368083,0,0,0,0,0,5.20286415259e-05,704181.086842
44.6805555556,-0.00102565239649,0.579487860203,2.40512919426,4.43056342192e-06,1.57861195476e-05,0,0,4.47087622888e-05,0.0166674368083,0,0,0,0,0,5.20286376474e-05,704181.086842
44.6916666667,-0.00102565239649,0.579487860203,2.40512919426,4.43056342192e-06,1.57861195476e-05,0,0,4.47087622888e-05,0.0166674368083,0,0,0,0,0,5.20286190526e-05,704181.086842
44.7027777778,-0.00102565239649,0.579487860203,2.40512919426,4.43056342192e-06,1.57861195476e-05,0,0,4.47087622888e-05,0.0166674368083,0,0,0,0,0,5.20286324335e-05,704181.086842
44.7138888889,-0.00102565239649,0.579487860203,2.40512919426,4.43056342192e-06,1.57861195476e-05,0,0,4.47087622888e-05,0.0166674368083,0,0,0,0,0,5.20286574623e-05,704181.086842
44.725,-0.00102565239649,0.579487860203,2.40512919426,4.43056342192e-06,1.57861195476e-05,0,0,4.47087622888e-05,0.0166674368083,0,0,0,0,0,5.20286315709e-05,704181.086842
44.7361111111,-0.00102565239649,0.579487860203,2.40512919426,4.43056342192e-06,1.57861195476e-05,0,0,4.47087622888e-05,0.0166674368083,0,0,0,0,0,5.20286360611e-05,704181.086842
44.7472222222,-0.00102565239649,0.579487860203,2.40512919426,4.43056342192e-06,1.57861195476e-05,0,0,4.47087622888e-05,0.0166674368083,0,0,0,0,0,5.20286314713e-05,704181.086842
44.7583333333,-0.00102565239649,0.579487860203,2.40512919426,4.43056342192e-06,1.57861195476e-05,0,0,4.47087622888e-05,0.0166674368083,0,0,0,0,0,5.20286108226e-05,704181.086842
44.7694444444,-0.00102565239649,0.579487860203,2.40512919426,4.43056342192e-06,1.57861195476e-05,0,0,4.47087622888e-05,0.0166674368083,0,0,0,0,0,5.20286489841e-05,704181.086842
44.7805555556,-0.00102565239649,0.579487860203,2.40512919426,4.43056342192e-06,1.57861195476e-05,0,0,4.47087622888e-05,0.0166674368083,0,0,0,0,0,5.20286322844e-05,704181.086842
44.7916666667,-0.00102565239649,0.579487860203,2.40512919426,4.43056342192e-06,1.57861195476e-05,0,0,4.47087622888e-05,0.0166674368083,0,0,0,0,0,5.20286277953e-05,704181.086842
44.8027777778,-0.00102565239649,0.579487860203,2.40512919426,4.43056342192e-06,1.57861195476e-05,0,0,4.47087622888e-05,0.0166674368083,0,0,0,0,0,5.20286672221e-05,704181.086842
44.8138888889,-0.00102565239649,0.579487860203,2.40512919426,4.43056342192e-06,1.57861195476e-05,0,0,4.47087622888e-05,0.0166674368083,0,0,0,0,0,5.20286617783e-05,704181.086842
44.825,-0.00102565239649,0.579487860203,2.40512919426,4.43056342192e-06,1.57861195476e-05,0,0,4.47087622888e-05,0.0166674368083,0,0,0,0,0,5.20286220408e-05,704181.086842
44.8361111111,-0.00102565239649,0.579487860203,2.40512919426,4.43056342192e-06,1.57861195476e-05,0,0,4.47087622888e-05,0.0166674368083,0,0,0,0,0,5.20286231286e-05,704181.086842
44.8472222222,-0.00102565239649,0.579487860203,2.40512919426,4.43056342192e-06,1.57861195476e-05,0,0,4.47087622888e-05,0.0166674368083,0,0,0,0,0,5.20286449796e-05,704181.086842
44.8583333333,-0.00102565239649,0.579487860203,2.40512919426,4.43056342192e-06,1.57861195476e-05,0,0,4.47087622888e-05,0.0166674368083,0,0,0,0,0,5.20286475633e-05,704181.086842
44.8694444444,-0.00102565239649,0.579487860203,2.40512919426,4.43056342192e-06,1.57861195476e-05,0,0,4.47087622888e-05,0.0166674368083,0,0,0,0,0,5.20286149742e-05,704181.086842
44.8805555556,-0.00102565239649,0.579487860203,2.40512919426,4.43056342192e-06,1.57861195476e-05,0,0,4.47087622888e-05,0.0166674368083,0,0,0,0,0,5.20286266957e-05,704181.086842
44.8916666667,-0.00102565239649,0.579487860203,2.40512919426,4.43056342192e-06,1.57861195476e-05,0,0,4.47087622888e-05,0.0166674368083,0,0,0,0,0,5.2028636476e-05,704181.086842
44.9027777778,-0.00102565239649,0.579487860203,2.40512919426,4.43056342192e-06,1.57861195476e-05,0,0,4.47087622888e-05,0.0166674368083,0,0,0,0,0,5.20286626021e-05,704181.086842
44.9138888889,-0.00102565239649,0.579487860203,2.40512919426,4.43056342192e-06,1.57861195476e-05,0,0,4.47087622888e-05,0.0166674368083,0,0,0,0,0,5.20286023029e-05,704181.086842
44.925,-0.00102565239649,0.579487860203,2.40512919426,4.43056342192e-06,1.57861195476e-05,0,0,4.47087622888e-05,0.0166674368083,0,0,0,0,0,5.2028654285e-05,704181.086842
44.9361111111,-0.00102565239649,0.579487860203,2.40512919426,4.43056342192e-06,1.57861195476e-05,0,0,4.47087622888e-05,0.0166674368083,0,0,0,0,0,5.20286155134e-05,704181.086842
44.9472222222,-0.00102565239649,0.579487860203,2.40512919426,4.43056342192e-06,1.57861195476e-05,0,0,4.47087622888e-05,0.0166674368083,0,0,0,0,0,5.20286386334e-05,704181.086842
44.9583333333,-0.00102565239649,0.579487860203,2.40512919426,4.43056342192e-06,1.57861195476e-05,0,0,4.47087622888e-05,0.0166674368083,0,0,0,0,0,5.20286633603e-05,704181.086842
44.9694444444,-0.00102565239649,0.579487860203,2.40512919426,4.43056342192e-06,1.57861195476e-05,0,0,4.47087622888e-05,0.0166674368083,0,0,0,0,0,5.2028629241e-05,704181.086842
44.9805555556,-0.00102565239649,0.579487860203,2.40512919426,4.43056342192e-06,1.57861195476e-05,0,0,4.47087622888e-05,0.0166674368083,0,0,0,0,0,5.20286247989e-05,704181.086842
44.9916666667,-0.00102565239649,0.579487860203,2.40512919426,4.43056342192e-06,1.57861195476e-05,0,0,4.47087622888e-05,0.0166674368083,0,0,0,0,0,5.20286255418e-05,704181.086842
