t,bridge_q,tip_y,pan_y,pan_pitch,hinge_drift,pipes_inside,pipes_crossed,gate_q,bridge_prop_angle,rack_hand_work,bridge_hand_work,plastic_work,penetration,plastic_front,ke,pe
0.00277777777778,-4.93714014738e-06,0.599900901318,2.40002346039,2.65409926214e-06,7.64428114053e-06,0,0,0,0.0166674368083,0,0,0,0,0,1.90380870576,705562.058412
0.0138888888889,-7.43695782148e-05,0.598512709141,2.400370121,3.85711064155e-06,1.692981823e-05,0,0,0,0.0166674368083,0,0,0,0,0,47.5442228123,705508.579661
0.025,-0.000223165130592,0.595537006855,2.40111446381,3.85711064155e-06,7.62939453125e-06,0,0,0,0.0166674368083,0,0,0,0,0,154.047345255,705394.028029
0.0361111111111,-0.000451319559943,0.59097391367,2.40225505829,3.85711064155e-06,7.62939453125e-06,0,0,0,0.0166674368083,0,0,0,0,0,321.420842052,705218.342412
0.0472222222222,-0.00075883284444,0.584823668003,2.40379238129,3.85711064155e-06,8.74788293004e-06,0,0,0,0.0166674368083,0,0,0,0,0,549.678875458,704981.565553
0.0583333333333,-0.00102565239649,0.579487681389,2.40512537956,5.61235810892e-06,1.57474751177e-05,0,0,0,0.0166674368083,0,0,0,0,0,10.6321444602,704774.929337
0.0694444444444,-0.00102565239649,0.579487860203,2.40512633324,4.43056342192e-06,1.57572849275e-05,0,0,0,0.0166674368083,0,0,0,0,0,15.1231439277,704770.333308
0.0805555555556,-0.00102565239649,0.579487860203,2.40512728691,4.43056342192e-06,1.57572849275e-05,0,0,0,0.0166674368083,0,0,0,0,0,20.3343906493,704765.028714
0.0916666666667,-0.00102565239649,0.579487860203,2.40512824059,4.43056342192e-06,1.57572849275e-05,0,0,0,0.0166674368083,0,0,0,0,0,26.3895138285,704758.900831
0.102777777778,-0.00102565239649,0.579487860203,2.40512919426,4.43056342192e-06,1.57861195476e-05,0,0,0,0.0166674368083,0,0,0,0,0,33.1694423852,704752.024505
0.113888888889,-0.00102565239649,0.579487860203,2.40512919426,4.43056342192e-06,1.57861195476e-05,0,0,0,0.0166674368083,0,0,0,0,0,40.7820988668,704744.315535
0.125,-0.00102565239649,0.579487860203,2.40512919426,4.43056342192e-06,1.57861195476e-05,0,0,0,0.0166674368083,0,0,0,0,0,49.123231178,704735.895544
0.136111111111,-0.00102565239649,0.579487860203,2.40512919426,4.43056342192e-06,1.57861195476e-05,0,0,0,0.0166674368083,0,0,0,0,0,58.3383128603,704726.577421
0.147222222222,-0.00102565239649,0.579487860203,2.40512919426,4.43056342192e-06,1.57861195476e-05,0,0,0,0.0166674368083,0,0,0,0,0,68.2148949092,704716.62312
0.158333333333,-0.00102565239649,0.579487860203,2.40512919426,4.43056342192e-06,1.57861195476e-05,0,0,0,0.0166674368083,0,0,0,0,0,78.9231210382,704705.808109
0.169444444444,-0.00102565239649,0.579487860203,2.40512919426,4.43056342192e-06,1.57861195476e-05,0,0,0,0.0166674368083,0,0,0,0,0,90.4099653412,704694.244655
0.180555555556,-0.00102565239649,0.579487860203,2.40512919426,4.43056342192e-06,1.57861195476e-05,0,0,0,0.0166674368083,0,0,0,0,0,102.709301303,704681.82049
0.191666666667,-0.00102565239649,0.579487860203,2.40512919426,4.43056342192e-06,1.57861195476e-05,0,0,0,0.0166674368083,0,0,0,0,0,115.720247698,704668.722726
0.202777777778,-0.00102565239649,0.579487860203,2.40512919426,4.43056342192e-06,1.57861195476e-05,0,0,0,0.0166674368083,0,0,0,0,0,129.537185076,704654.839096
0.213888888889,-0.00102565239649,0.579487860203,2.40512919426,4.43056342192e-06,1.57861195476e-05,0,0,0,0.0166674368083,0,0,0,0,0,144.116948033,704640.207022
0.225,-0.00102565239649,0.579487860203,2.40512919426,4.43056342192e-06,1.57861195476e-05,0,0,0,0.0166674368083,0,0,0,0,0,159.483795297,704624.729207
0.236111111111,-0.00102565239649,0.579487860203,2.40512919426,4.43056342192e-06,1.57861195476e-05,0,0,0,0.0166674368083,0,0,0,0,0,175.639837571,704608.450558
0.247222222222,-0.00102565239649,0.579487860203,2.40512919426,4.43056342192e-06,1.57861195476e-05,0,0,0,0.0166674368083,0,0,0,0,0,192.584196075,704591.423464
0.258333333333,-0.00102565239649,0.579487860203,2.40512919426,4.43056342192e-06,1.57861195476e-05,0,0,0,0.0166674368083,0,0,0,0,0,210.319166554,704573.573083
0.269444444444,-0.00102565239649,0.579487860203,2.40512919426,4.43056342192e-06,1.57861195476e-05,0,0,0,0.0166674368083,0,0,0,0,0,228.847262867,704554.936836
0.280555555556,-0.00102565239649,0.579487860203,2.40512919426,4.43056342192e-06,1.57861195476e-05,0,0,0,0.0166674368083,0,0,0,0,0,248.026030489,704535.664412
0.291666666667,-0.00102565239649,0.579487860203,2.40512919426,4.43056342192e-06,1.57861195476e-05,0,0,0,0.0166674368083,0,0,0,0,0,268.034095711,704515.568699
0.302777777778,-0.00102565239649,0.579487860203,2.40512919426,4.43056342192e-06,1.57861195476e-05,0,0,8.9550143457e-05,0.0166674368083,0,0,0,0,0,232.049817594,704499.867427
0.313888888889,-0.00102565239649,0.579487860203,2.40512919426,4.43056342192e-06,2.29130055232e-05,0,0,-7.69877951825e-05,0.0166674368083,0,0,0,0,0,249.114616159,704481.062617
0.325,-0.00102565239649,0.579487860203,2.40512919426,4.43056342192e-06,2.29130055232e-05,0,0,-0.000164458222571,0.0166674368083,0,0,0,0,0,266.576883361,704463.470448
0.336111111111,-0.00102565239649,0.579487860203,2.40512919426,4.43056342192e-06,2.29130055232e-05,0,0,-0.000216384039959,0.0166674368083,0,0,0,0,0,284.889375577,704445.040023
0.347222222222,-0.00102565239649,0.579487860203,2.40512919426,4.43056342192e-06,2.29130055232e-05,0,0,-0.000231889280258,0.0166674368083,0,0,0,0,0,303.884991747,704425.919159
0.358333333333,-0.00102565239649,0.579487860203,2.40512919426,4.43056342192e-06,2.29130055232e-05,0,0,-0.000216646585613,0.0166674368083,0,0,0,0,0,323.709406237,704405.99746
0.369444444444,-0.00102565239649,0.579487860203,2.40512919426,4.43056342192e-06,2.29130055232e-05,0,0,-0.00014518496755,0.0166674368083,0,0,0,0,0,305.778578141,704388.351029
0.380555555556,-0.00102565239649,0.579487860203,2.40512919426,4.43056342192e-06,1.57861195476e-05,0,0,2.62536400442e-06,0.0166674368083,0,0,0,0,0,280.378349613,704382.788643
0.391666666667,-0.00102565239649,0.579487860203,2.40512919426,4.43056342192e-06,1.57861195476e-05,0,0,1.57377071446e-05,0.0166674368083,0,0,0,0,0,298.315246317,704353.872779
0.402777777778,-0.00102565239649,0.579487860203,2.40512919426,4.43056342192e-06,1.57861195476e-05,0,0,1.57377071446e-05,0.0166674368083,0,0,0,0,0,306.77251842,704334.667715
0.413888888889,-0.00102565239649,0.579487860203,2.40512919426,4.43056342192e-06,1.57861195476e-05,0,0,1.57377071446e-05,0.0166674368083,0,0,0,0,0,323.856820662,704317.535839
0.425,-0.00102565239649,0.579487860203,2.40512919426,4.43056342192e-06,1.57861195476e-05,0,0,1.57377071446e-05,0.0166674368083,0,0,0,0,0,341.407589913,704299.90812
0.436111111111,-0.00102565239649,0.579487860203,2.40512919426,4.43056342192e-06,1.57861195476e-05,0,0,1.57377071446e-05,0.0166674368083,0,0,0,0,0,294.130600364,704286.958174
0.447222222222,-0.00102565239649,0.579487860203,2.40512919426,4.43056342192e-06,1.57861195476e-05,0,0,3.42426246789e-05,0.0166674368083,0,0,0,0,0,258.178855789,704283.876925
0.458333333333,-0.00102565239649,0.579487860203,2.40512919426,4.43056342192e-06,1.57861195476e-05,0,0,3.42426246789e-05,0.0166674368083,0,0,0,0,0,264.664932252,704257.956543
0.469444444444,-0.00102565239649,0.579487860203,2.40512919426,4.43056342192e-06,1.57861195476e-05,0,0,3.42426246789e-05,0.0166674368083,0,0,0,0,0,277.517441184,704243.973745
0.480555555556,-0.00102565239649,0.579487860203,2.40512919426,4.43056342192e-06,1.57861195476e-05,0,0,3.42426246789e-05,0.0166674368083,0,0,0,0,0,290.774973673,704230.664545
0.491666666667,-0.00102565239649,0.579487860203,2.40512919426,4.43056342192e-06,1.57861195476e-05,0,0,3.42426246789e-05,0.0166674368083,0,0,0,0,0,242.01210983,704220.985297
0.502777777778,-0.00102565239649,0.579487860203,2.40512919426,4.43056342192e-06,1.57861195476e-05,0,0,4.1961302486e-05,0.0166674368083,0,0,0,0,0,176.701587936,704225.833341
0.513888888889,-0.00102565239649,0.579487860203,2.40512919426,4.43056342192e-06,1.57861195476e-05,0,0,4.1961302486e-05,0.0166674368083,0,0,0,0,0,174.159797406,704215.678715
0.525,-0.00102565239649,0.579487860203,2.40512919426,4.43056342192e-06,1.57861195476e-05,0,0,4.1961302486e-05,0.0166674368083,0,0,0,0,0,177.318272497,704196.838517
0.536111111111,-0.00102565239649,0.579487860203,2.40512919426,4.43056342192e-06,1.57861195476e-05,0,0,4.1961302486e-05,0.0166674368083,0,0,0,0,0,180.870974559,704187.529749
0.547222222222,-0.00102565239649,0.579487860203,2.40512919426,4.43056342192e-06,1.57861195476e-05,0,0,4.47087622888e-05,0.0166674368083,0,0,0,0,0,57.6613817601,704195.193601
0.558333333333,-0.00102565239649,0.579487860203,2.40512919426,4.43056342192e-06,1.57861195476e-05,0,0,4.47087622888e-05,0.0166674368083,0,0,0,0,0,19.5010594744,704203.839646
0.569444444444,-0.00102565239649,0.579487860203,2.40512919426,4.43056342192e-06,1.57861195476e-05,0,0,4.47087622888e-05,0.0166674368083,0,0,0,0,0,11.6701557568,704195.047187
0.580555555556,-0.00102565239649,0.579487860203,2.40512919426,4.43056342192e-06,1.57861195476e-05,0,0,4.47087622888e-05,0.0166674368083,0,0,0,0,0,0.458743603325,704181.086842
0.591666666667,-0.00102565239649,0.579487860203,2.40512919426,4.43056342192e-06,1.57861195476e-05,0,0,4.47087622888e-05,0.0166674368083,0,0,0,0,0,5.19367701017e-05,704181.086842
0.602777777778,-0.00102565239649,0.579487860203,2.40512919426,4.43056342192e-06,1.57861195476e-05,0,0,4.47087622888e-05,0.0166674368083,0,0,0,0,0,5.19360212704e-05,704181.086842
0.613888888889,-0.00102565239649,0.579487860203,2.40512919426,4.43056342192e-06,1.57861195476e-05,0,0,4.47087622888e-05,0.0166674368083,0,0,0,0,0,5.19359072445e-05,704181.086842
0.625,-0.00102565239649,0.579487860203,2.40512919426,4.43056342192e-06,1.57861195476e-05,0,0,4.47087622888e-05,0.0166674368083,0,0,0,0,0,5.19362658845e-05,704181.086842
0.636111111111,-0.00102565239649,0.579487860203,2.40512919426,4.43056342192e-06,1.57861195476e-05,0,0,4.47087622888e-05,0.0166674368083,0,0,0,0,0,5.19359320784e-05,704181.086842
0.647222222222,-0.00102565239649,0.579487860203,2.40512919426,4.43056342192e-06,1.57861195476e-05,0,0,4.47087622888e-05,0.0166674368083,0,0,0,0,0,5.19526710724e-05,704181.086842
0.658333333333,-0.00102565239649,0.579487860203,2.40512919426,4.43056342192e-06,1.57861195476e-05,0,0,4.47087622888e-05,0.0166674368083,0,0,0,0,0,5.19537674536e-05,704181.086842
0.669444444444,-0.00102565239649,0.579487860203,2.40512919426,4.43056342192e-06,1.57861195476e-05,0,0,4.47087622888e-05,0.0166674368083,0,0,0,0,0,5.19532694872e-05,704181.086842
0.680555555556,-0.00102565239649,0.579487860203,2.40512919426,4.43056342192e-06,1.57861195476e-05,0,0,4.47087622888e-05,0.0166674368083,0,0,0,0,0,5.19525472693e-05,704181.086842
0.691666666667,-0.00102565239649,0.579487860203,2.40512919426,4.43056342192e-06,1.57861195476e-05,0,0,4.47087622888e-05,0.0166674368083,0,0,0,0,0,5.19537634267e-05,704181.086842
0.702777777778,-0.00102565239649,0.579487860203,2.40512919426,4.43056342192e-06,1.57861195476e-05,0,0,4.47087622888e-05,0.0166674368083,0,0,0,0,0,5.19548275467e-05,704181.086842
0.713888888889,-0.00102565239649,0.579487860203,2.40512919426,4.43056342192e-06,1.57861195476e-05,0,0,4.47087622888e-05,0.0166674368083,0,0,0,0,0,5.19538517528e-05,704181.086842
0.725,-0.00102565239649,0.579487860203,2.40512919426,4.43056342192e-06,1.57861195476e-05,0,0,4.47087622888e-05,0.0166674368083,0,0,0,0,0,5.19537384328e-05,704181.086842
0.736111111111,-0.00102565239649,0.579487860203,2.40512919426,4.43056342192e-06,1.57861195476e-05,0,0,4.47087622888e-05,0.0166674368083,0,0,0,0,0,5.19549976781e-05,704181.086842
0.747222222222,-0.00102565239649,0.579487860203,2.40512919426,4.43056342192e-06,1.57861195476e-05,0,0,4.47087622888e-05,0.0166674368083,0,0,0,0,0,5.19673669608e-05,704181.086842
0.758333333333,-0.00102565239649,0.579487860203,2.40512919426,4.43056342192e-06,1.57861195476e-05,0,0,4.47087622888e-05,0.0166674368083,0,0,0,0,0,5.18147864831e-05,704181.086842
0.769444444444,-0.00102565239649,0.579487860203,2.40512919426,4.43056342192e-06,1.57861195476e-05,0,0,4.47087622888e-05,0.0166674368083,0,0,0,0,0,5.18148451519e-05,704181.086842
0.780555555556,-0.00102565239649,0.579487860203,2.40512919426,4.43056342192e-06,1.57861195476e-05,0,0,4.47087622888e-05,0.0166674368083,0,0,0,0,0,5.18147664018e-05,704181.086842
0.791666666667,-0.00102565239649,0.579487860203,2.40512919426,4.43056342192e-06,1.57861195476e-05,0,0,4.47087622888e-05,0.0166674368083,0,0,0,0,0,5.18145286209e-05,704181.086842
0.802777777778,-0.00102565239649,0.579487860203,2.40512919426,4.43056342192e-06,1.57861195476e-05,0,0,4.47087622888e-05,0.0166674368083,0,0,0,0,0,5.18149175565e-05,704181.086842
0.813888888889,-0.00102565239649,0.579487860203,2.40512919426,4.43056342192e-06,1.57861195476e-05,0,0,4.47087622888e-05,0.0166674368083,0,0,0,0,0,5.18136390337e-05,704181.086842
0.825,-0.00102565239649,0.579487860203,2.40512919426,4.43056342192e-06,1.57861195476e-05,0,0,4.47087622888e-05,0.0166674368083,0,0,0,0,0,5.18147919713e-05,704181.086842
0.836111111111,-0.00102565239649,0.579487860203,2.40512919426,4.43056342192e-06,1.57861195476e-05,0,0,4.47087622888e-05,0.0166674368083,0,0,0,0,0,5.18144940099e-05,704181.086842
0.847222222222,-0.00102565239649,0.579487860203,2.40512919426,4.43056342192e-06,1.57861195476e-05,0,0,4.47087622888e-05,0.0166674368083,0,0,0,0,0,5.181335343e-05,704181.086842
0.858333333333,-0.00102565239649,0.579487860203,2.40512919426,4.43056342192e-06,1.57861195476e-05,0,0,4.47087622888e-05,0.0166674368083,0,0,0,0,0,5.18435089055e-05,704181.086842
0.869444444444,-0.00102565239649,0.579487860203,2.40512919426,4.43056342192e-06,1.57861195476e-05,0,0,4.47087622888e-05,0.0166674368083,0,0,0,0,0,5.18477067734e-05,704181.086842
0.880555555556,-0.00102565239649,0.579487860203,2.40512919426,4.43056342192e-06,1.57861195476e-05,0,0,4.47087622888e-05,0.0166674368083,0,0,0,0,0,5.18476463174e-05,704181.086842
0.891666666667,-0.00102565239649,0.579487860203,2.40512919426,4.43056342192e-06,1.57861195476e-05,0,0,4.47087622888e-05,0.0166674368083,0,0,0,0,0,5.18485314065e-05,704181.086842
0.902777777778,-0.00102565239649,0.579487860203,2.40512919426,4.43056342192e-06,1.57861195476e-05,0,0,4.47087622888e-05,0.0166674368083,0,0,0,0,0,5.18496354191e-05,704181.086842
0.913888888889,-0.00102565239649,0.579487860203,2.40512919426,4.43056342192e-06,1.57861195476e-05,0,0,4.47087622888e-05,0.0166674368083,0,0,0,0,0,5.18497744308e-05,704181.086842
0.925,-0.00102565239649,0.579487860203,2.40512919426,4.43056342192e-06,1.57861195476e-05,0,0,4.47087622888e-05,0.0166674368083,0,0,0,0,0,5.18507250379e-05,704181.086842
0.936111111111,-0.00102565239649,0.579487860203,2.40512919426,4.43056342192e-06,1.57861195476e-05,0,0,4.47087622888e-05,0.0166674368083,0,0,0,0,0,5.18507728592e-05,704181.086842
0.947222222222,-0.00102565239649,0.579487860203,2.40512919426,4.43056342192e-06,1.57861195476e-05,0,0,4.47087622888e-05,0.0166674368083,0,0,0,0,0,5.18506760484e-05,704181.086842
0.958333333333,-0.00102565239649,0.579487860203,2.40512919426,4.43056342192e-06,1.57861195476e-05,0,0,4.47087622888e-05,0.0166674368083,0,0,0,0,0,5.185244513e-05,704181.086842
0.969444444444,-0.00102565239649,0.579487860203,2.40512919426,4.43056342192e-06,1.57861195476e-05,0,0,4.47087622888e-05,0.0166674368083,0,0,0,0,0,5.18520077634e-05,704181.086842
0.980555555556,-0.00102565239649,0.579487860203,2.40512919426,4.43056342192e-06,1.57861195476e-05,0,0,4.47087622888e-05,0.0166674368083,0,0,0,0,0,5.18527036982e-05,704181.086842
0.991666666667,-0.00102565239649,0.579487860203,2.40512919426,4.43056342192e-06,1.57861195476e-05,0,0,4.47087622888e-05,0.0166674368083,0,0,0,0,0,5.18529482502e-05,704181.086842
1.00277777778,-0.00102565239649,0.579487860203,2.40512919426,4.43056342192e-06,1.57861195476e-05,0,0,4.47087622888e-05,0.0166674368083,0,0,0,0,0,5.18542778946e-05,704181.086842
1.01388888889,-0.00102565239649,0.579487860203,2.40512919426,4.43056342192e-06,1.57861195476e-05,0,0,4.47087622888e-05,0.0166674368083,0,0,0,0,0,5.18546516993e-05,704181.086842
1.025,-0.00102565239649,0.579487860203,2.40512919426,4.43056342192e-06,1.57861195476e-05,0,0,4.47087622888e-05,0.0166674368083,0,0,0,0,0,5.18550756874e-05,704181.086842
1.03611111111,-0.00102565239649,0.579487860203,2.40512919426,4.43056342192e-06,1.57861195476e-05,0,0,4.47087622888e-05,0.0166674368083,0,0,0,0,0,5.1856658683e-05,704181.086842
1.04722222222,-0.00102565239649,0.579487860203,2.40512919426,4.43056342192e-06,1.57861195476e-05,0,0,4.47087622888e-05,0.0166674368083,0,0,0,0,0,5.18569284407e-05,704181.086842
1.05833333333,-0.00102565239649,0.579487860203,2.40512919426,4.43056342192e-06,1.57861195476e-05,0,0,4.47087622888e-05,0.0166674368083,0,0,0,0,0,5.18763754453e-05,704181.086842
1.06944444444,-0.00102565239649,0.579487860203,2.40512919426,4.43056342192e-06,1.57861195476e-05,0,0,4.47087622888e-05,0.0166674368083,0,0,0,0,0,5.1936290817e-05,704181.086842
1.08055555556,-0.00102565239649,0.579487860203,2.40512919426,4.43056342192e-06,1.57861195476e-05,0,0,4.47087622888e-05,0.0166674368083,0,0,0,0,0,5.19326702045e-05,704181.086842
1.09166666667,-0.00102565239649,0.579487860203,2.40512919426,4.43056342192e-06,1.57861195476e-05,0,0,4.47087622888e-05,0.0166674368083,0,0,0,0,0,5.21112222438e-05,704181.086842
1.10277777778,-0.00102565239649,0.579487860203,2.40512919426,4.43056342192e-06,1.57861195476e-05,0,0,4.47087622888e-05,0.0166674368083,0,0,0,0,0,5.22514440222e-05,704181.086842
1.11388888889,-0.00102565239649,0.579487860203,2.40512919426,4.43056342192e-06,1.57861195476e-05,0,0,4.47087622888e-05,0.0166674368083,0,0,0,0,0,5.22172088685e-05,704181.086842
1.125,-0.00102565239649,0.579487860203,2.40512919426,4.43056342192e-06,1.57861195476e-05,0,0,4.47087622888e-05,0.0166674368083,0,0,0,0,0,5.2195284566e-05,704181.086842
1.13611111111,-0.00102565239649,0.579487860203,2.40512919426,4.43056342192e-06,1.57861195476e-05,0,0,4.47087622888e-05,0.0166674368083,0,0,0,0,0,5.21700736494e-05,704181.086842
1.14722222222,-0.00102565239649,0.579487860203,2.40512919426,4.43056342192e-06,1.57861195476e-05,0,0,4.47087622888e-05,0.0166674368083,0,0,0,0,0,5.21436028494e-05,704181.086842
1.15833333333,-0.00102565239649,0.579487860203,2.40512919426,4.43056342192e-06,1.57861195476e-05,0,0,4.47087622888e-05,0.0166674368083,0,0,0,0,0,5.21194230784e-05,704181.086842
1.16944444444,-0.00102565239649,0.579487860203,2.40512919426,4.43056342192e-06,1.57861195476e-05,0,0,4.47087622888e-05,0.0166674368083,0,0,0,0,0,5.20991615178e-05,704181.086842
1.18055555556,-0.00102565239649,0.579487860203,2.40512919426,4.43056342192e-06,1.57861195476e-05,0,0,4.47087622888e-05,0.0166674368083,0,0,0,0,0,5.20835889786e-05,704181.086842
1.19166666667,-0.00102565239649,0.579487860203,2.40512919426,4.43056342192e-06,1.57861195476e-05,0,0,4.47087622888e-05,0.0166674368083,0,0,0,0,0,5.20711549443e-05,704181.086842
1.20277777778,-0.00102565239649,0.579487860203,2.40512919426,4.43056342192e-06,1.57861195476e-05,0,0,4.47087622888e-05,0.0166674368083,0,0,0,0,0,5.2060726096e-05,704181.086842
1.21388888889,-0.00102565239649,0.579487860203,2.40512919426,4.43056342192e-06,1.57861195476e-05,0,0,4.47087622888e-05,0.0166674368083,0,0,0,0,0,5.20532681351e-05,704181.086842
1.225,-0.00102565239649,0.579487860203,2.40512919426,4.43056342192e-06,1.57861195476e-05,0,0,4.47087622888e-05,0.0166674368083,0,0,0,0,0,5.20486742543e-05,704181.086842
1.23611111111,-0.00102565239649,0.579487860203,2.40512919426,4.43056342192e-06,1.57861195476e-05,0,0,4.47087622888e-05,0.0166674368083,0,0,0,0,0,5.20449153267e-05,704181.086842
1.24722222222,-0.00102565239649,0.579487860203,2.40512919426,4.43056342192e-06,1.57861195476e-05,0,0,4.47087622888e-05,0.0166674368083,0,0,0,0,0,5.20421003624e-05,704181.086842
1.25833333333,-0.00102565239649,0.579487860203,2.40512919426,4.43056342192e-06,1.57861195476e-05,0,0,4.47087622888e-05,0.0166674368083,0,0,0,0,0,5.20398451712e-05,704181.086842
1.26944444444,-0.00102565239649,0.579487860203,2.40512919426,4.43056342192e-06,1.57861195476e-05,0,0,4.47087622888e-05,0.0166674368083,0,0,0,0,0,5.20379718109e-05,704181.086842
1.28055555556,-0.00102565239649,0.579487860203,2.40512919426,4.43056342192e-06,1.57861195476e-05,0,0,4.47087622888e-05,0.0166674368083,0,0,0,0,0,5.20367696831e-05,704181.086842
1.29166666667,-0.00102565239649,0.579487860203,2.40512919426,4.43056342192e-06,1.57861195476e-05,0,0,4.47087622888e-05,0.0166674368083,0,0,0,0,0,5.20380156089e-05,704181.086842
1.30277777778,-0.00102565239649,0.579487860203,2.40512919426,4.43056342192e-06,1.57861195476e-05,0,0,4.47087622888e-05,0.0166674368083,0,0,0,0,0,5.20376847832e-05,704181.086842
1.31388888889,-0.00102565239649,0.579487860203,2.40512919426,4.43056342192e-06,1.57861195476e-05,0,0,4.47087622888e-05,0.0166674368083,0,0,0,0,0,5.20379162615e-05,704181.086842
1.325,-0.00102565239649,0.579487860203,2.40512919426,4.43056342192e-06,1.57861195476e-05,0,0,4.47087622888e-05,0.0166674368083,0,0,0,0,0,5.2038439929e-05,704181.086842
1.33611111111,-0.00102565239649,0.579487860203,2.40512919426,4.43056342192e-06,1.57861195476e-05,0,0,4.47087622888e-05,0.0166674368083,0,0,0,0,0,5.20394074766e-05,704181.086842
1.34722222222,-0.00102565239649,0.579487860203,2.40512919426,4.43056342192e-06,1.57861195476e-05,0,0,4.47087622888e-05,0.0166674368083,0,0,0,0,0,5.20407334602e-05,704181.086842
1.35833333333,-0.00102565239649,0.579487860203,2.40512919426,4.43056342192e-06,1.57861195476e-05,0,0,4.47087622888e-05,0.0166674368083,0,0,0,0,0,5.20419053179e-05,704181.086842
1.36944444444,-0.00102565239649,0.579487860203,2.40512919426,4.43056342192e-06,1.57861195476e-05,0,0,4.47087622888e-05,0.0166674368083,0,0,0,0,0,5.20426231148e-05,704181.086842
1.38055555556,-0.00102565239649,0.579487860203,2.40512919426,4.43056342192e-06,1.57861195476e-05,0,0,4.47087622888e-05,0.0166674368083,0,0,0,0,0,5.2044333496e-05,704181.086842
1.39166666667,-0.00102565239649,0.579487860203,2.40512919426,4.43056342192e-06,1.57861195476e-05,0,0,4.47087622888e-05,0.0166674368083,0,0,0,0,0,5.2045781607e-05,704181.086842
1.40277777778,-0.00102565239649,0.579487860203,2.40512919426,4.43056342192e-06,1.57861195476e-05,0,0,4.47087622888e-05,0.0166674368083,0,0,0,0,0,5.20464407162e-05,704181.086842
1.41388888889,-0.00102565239649,0.579487860203,2.40512919426,4.43056342192e-06,1.57861195476e-05,0,0,4.47087622888e-05,0.0166674368083,0,0,0,0,0,5.20476969613e-05,704181.086842
1.425,-0.00102565239649,0.579487860203,2.40512919426,4.43056342192e-06,1.57861195476e-05,0,0,4.47087622888e-05,0.0166674368083,0,0,0,0,0,5.20479386343e-05,704181.086842
1.43611111111,-0.00102565239649,0.579487860203,2.40512919426,4.43056342192e-06,1.57861195476e-05,0,0,4.47087622888e-05,0.0166674368083,0,0,0,0,0,5.2047783799e-05,704181.086842
1.44722222222,-0.00102565239649,0.579487860203,2.40512919426,4.43056342192e-06,1.57861195476e-05,0,0,4.47087622888e-05,0.0166674368083,0,0,0,0,0,5.20480814665e-05,704181.086842
1.45833333333,-0.00102565239649,0.579487860203,2.40512919426,4.43056342192e-06,1.57861195476e-05,0,0,4.47087622888e-05,0.0166674368083,0,0,0,0,0,5.20478060268e-05,704181.086842
1.46944444444,-0.00102565239649,0.579487860203,2.40512919426,4.43056342192e-06,1.57861195476e-05,0,0,4.47087622888e-05,0.0166674368083,0,0,0,0,0,5.20486032259e-05,704181.086842
1.48055555556,-0.00102565239649,0.579487860203,2.40512919426,4.43056342192e-06,1.57861195476e-05,0,0,4.47087622888e-05,0.0166674368083,0,0,0,0,0,5.20475752355e-05,704181.086842
1.49166666667,-0.00102565239649,0.579487860203,2.40512919426,4.43056342192e-06,1.57861195476e-05,0,0,4.47087622888e-05,0.0166674368083,0,0,0,0,0,5.20471561428e-05,704181.086842
1.50277777778,-0.00102565239649,0.579487860203,2.40512919426,4.43056342192e-06,1.57861195476e-05,0,0,4.47087622888e-05,0.0166674368083,0,0,0,0,0,5.20460143337e-05,704181.086842
1.51388888889,-0.00102565239649,0.579487860203,2.40512919426,4.43056342192e-06,1.57861195476e-05,0,0,4.47087622888e-05,0.0166674368083,0,0,0,0,0,5.20460315774e-05,704181.086842
1.525,-0.00102565239649,0.579487860203,2.40512919426,4.43056342192e-06,1.57861195476e-05,0,0,4.47087622888e-05,0.0166674368083,0,0,0,0,0,5.20462458665e-05,704181.086842
1.53611111111,-0.00102565239649,0.579487860203,2.40512919426,4.43056342192e-06,1.57861195476e-05,0,0,4.47087622888e-05,0.0166674368083,0,0,0,0,0,5.20450176932e-05,704181.086842
1.54722222222,-0.00102565239649,0.579487860203,2.40512919426,4.43056342192e-06,1.57861195476e-05,0,0,4.47087622888e-05,0.0166674368083,0,0,0,0,0,5.20443127874e-05,704181.086842
1.55833333333,-0.00102565239649,0.579487860203,2.40512919426,4.43056342192e-06,1.57861195476e-05,0,0,4.47087622888e-05,0.0166674368083,0,0,0,0,0,5.20449964647e-05,704181.086842
1.56944444444,-0.00102565239649,0.579487860203,2.40512919426,4.43056342192e-06,1.57861195476e-05,0,0,4.47087622888e-05,0.0166674368083,0,0,0,0,0,5.20446040291e-05,704181.086842
1.58055555556,-0.00102565239649,0.579487860203,2.40512919426,4.43056342192e-06,1.57861195476e-05,0,0,4.47087622888e-05,0.0166674368083,0,0,0,0,0,5.20440423855e-05,704181.086842
1.59166666667,-0.00102565239649,0.579487860203,2.40512919426,4.43056342192e-06,1.57861195476e-05,0,0,4.47087622888e-05,0.0166674368083,0,0,0,0,0,5.20445072623e-05,704181.086842
1.60277777778,-0.00102565239649,0.579487860203,2.40512919426,4.43056342192e-06,1.57861195476e-05,0,0,4.47087622888e-05,0.0166674368083,0,0,0,0,0,5.20441621698e-05,704181.086842
1.61388888889,-0.00102565239649,0.579487860203,2.40512919426,4.43056342192e-06,1.57861195476e-05,0,0,4.47087622888e-05,0.0166674368083,0,0,0,0,0,5.2043083265e-05,704181.086842
1.625,-0.00102565239649,0.579487860203,2.40512919426,4.43056342192e-06,1.57861195476e-05,0,0,4.47087622888e-05,0.0166674368083,0,0,0,0,0,5.20430216686e-05,704181.086842
1.63611111111,-0.00102565239649,0.579487860203,2.40512919426,4.43056342192e-06,1.57861195476e-05,0,0,4.47087622888e-05,0.0166674368083,0,0,0,0,0,5.20435607924e-05,704181.086842
1.64722222222,-0.00102565239649,0.579487860203,2.40512919426,4.43056342192e-06,1.57861195476e-05,0,0,4.47087622888e-05,0.0166674368083,0,0,0,0,0,5.20434104039e-05,704181.086842
1.65833333333,-0.00102565239649,0.579487860203,2.40512919426,4.43056342192e-06,1.57861195476e-05,0,0,4.47087622888e-05,0.0166674368083,0,0,0,0,0,5.20429741329e-05,704181.086842
1.66944444444,-0.00102565239649,0.579487860203,2.40512919426,4.43056342192e-06,1.57861195476e-05,0,0,4.47087622888e-05,0.0166674368083,0,0,0,0,0,5.20439431159e-05,704181.086842
1.68055555556,-0.00102565239649,0.579487860203,2.40512919426,4.43056342192e-06,1.57861195476e-05,0,0,4.47087622888e-05,0.0166674368083,0,0,0,0,0,5.20433584266e-05,704181.086842
1.69166666667,-0.00102565239649,0.579487860203,2.40512919426,4.43056342192e-06,1.57861195476e-05,0,0,4.47087622888e-05,0.0166674368083,0,0,0,0,0,5.2044243029e-05,704181.086842
1.70277777778,-0.00102565239649,0.579487860203,2.40512919426,4.43056342192e-06,1.57861195476e-05,0,0,4.47087622888e-05,0.0166674368083,0,0,0,0,0,5.20437842375e-05,704181.086842
1.71388888889,-0.00102565239649,0.579487860203,2.40512919426,4.43056342192e-06,1.57861195476e-05,0,0,4.47087622888e-05,0.0166674368083,0,0,0,0,0,5.2043117e-05,704181.086842
1.725,-0.00102565239649,0.579487860203,2.40512919426,4.43056342192e-06,1.57861195476e-05,0,0,4.47087622888e-05,0.0166674368083,0,0,0,0,0,5.20430723184e-05,704181.086842
1.73611111111,-0.00102565239649,0.579487860203,2.40512919426,4.43056342192e-06,1.57861195476e-05,0,0,4.47087622888e-05,0.0166674368083,0,0,0,0,0,5.20435848665e-05,704181.086842
1.74722222222,-0.00102565239649,0.579487860203,2.40512919426,4.43056342192e-06,1.57861195476e-05,0,0,4.47087622888e-05,0.0166674368083,0,0,0,0,0,5.20443307232e-05,704181.086842
1.75833333333,-0.00102565239649,0.579487860203,2.40512919426,4.43056342192e-06,1.57861195476e-05,0,0,4.47087622888e-05,0.0166674368083,0,0,0,0,0,5.2044019579e-05,704181.086842
1.76944444444,-0.00102565239649,0.579487860203,2.40512919426,4.43056342192e-06,1.57861195476e-05,0,0,4.47087622888e-05,0.0166674368083,0,0,0,0,0,5.20431201694e-05,704181.086842
1.78055555556,-0.00102565239649,0.579487860203,2.40512919426,4.43056342192e-06,1.57861195476e-05,0,0,4.47087622888e-05,0.0166674368083,0,0,0,0,0,5.20442156347e-05,704181.086842
1.79166666667,-0.00102565239649,0.579487860203,2.40512919426,4.43056342192e-06,1.57861195476e-05,0,0,4.47087622888e-05,0.0166674368083,0,0,0,0,0,5.20444191899e-05,704181.086842
1.80277777778,-0.00102565239649,0.579487860203,2.40512919426,4.43056342192e-06,1.57861195476e-05,0,0,4.47087622888e-05,0.0166674368083,0,0,0,0,0,5.20433490167e-05,704181.086842
1.81388888889,-0.00102565239649,0.579487860203,2.40512919426,4.43056342192e-06,1.57861195476e-05,0,0,4.47087622888e-05,0.0166674368083,0,0,0,0,0,5.20437268724e-05,704181.086842
1.825,-0.00102565239649,0.579487860203,2.40512919426,4.43056342192e-06,1.57861195476e-05,0,0,4.47087622888e-05,0.0166674368083,0,0,0,0,0,5.20434398623e-05,704181.086842
1.83611111111,-0.00102565239649,0.579487860203,2.40512919426,4.43056342192e-06,1.57861195476e-05,0,0,4.47087622888e-05,0.0166674368083,0,0,0,0,0,5.20435256118e-05,704181.086842
1.84722222222,-0.00102565239649,0.579487860203,2.40512919426,4.43056342192e-06,1.57861195476e-05,0,0,4.47087622888e-05,0.0166674368083,0,0,0,0,0,5.20439675689e-05,704181.086842
1.85833333333,-0.00102565239649,0.579487860203,2.40512919426,4.43056342192e-06,1.57861195476e-05,0,0,4.47087622888e-05,0.0166674368083,0,0,0,0,0,5.2043460949e-05,704181.086842
1.86944444444,-0.00102565239649,0.579487860203,2.40512919426,4.43056342192e-06,1.57861195476e-05,0,0,4.47087622888e-05,0.0166674368083,0,0,0,0,0,5.20437365462e-05,704181.086842
1.88055555556,-0.00102565239649,0.579487860203,2.40512919426,4.43056342192e-06,1.57861195476e-05,0,0,4.47087622888e-05,0.0166674368083,0,0,0,0,0,5.20441770141e-05,704181.086842
1.89166666667,-0.00102565239649,0.579487860203,2.40512919426,4.43056342192e-06,1.57861195476e-05,0,0,4.47087622888e-05,0.0166674368083,0,0,0,0,0,5.20435412097e-05,704181.086842
1.90277777778,-0.00102565239649,0.579487860203,2.40512919426,4.43056342192e-06,1.57861195476e-05,0,0,4.47087622888e-05,0.0166674368083,0,0,0,0,0,5.20438980317e-05,704181.086842
1.91388888889,-0.00102565239649,0.579487860203,2.40512919426,4.43056342192e-06,1.57861195476e-05,0,0,4.47087622888e-05,0.0166674368083,0,0,0,0,0,5.20439576567e-05,704181.086842
1.925,-0.00102565239649,0.579487860203,2.40512919426,4.43056342192e-06,1.57861195476e-05,0,0,4.47087622888e-05,0.0166674368083,0,0,0,0,0,5.20440428046e-05,704181.086842
1.93611111111,-0.00102565239649,0.579487860203,2.40512919426,4.43056342192e-06,1.57861195476e-05,0,0,4.47087622888e-05,0.0166674368083,0,0,0,0,0,5.20448293858e-05,704181.086842
1.94722222222,-0.00102565239649,0.579487860203,2.40512919426,4.43056342192e-06,1.57861195476e-05,0,0,4.47087622888e-05,0.0166674368083,0,0,0,0,0,5.20444450274e-05,704181.086842
1.95833333333,-0.00102565239649,0.579487860203,2.40512919426,4.43056342192e-06,1.57861195476e-05,0,0,4.47087622888e-05,0.0166674368083,0,0,0,0,0,5.20439949871e-05,704181.086842
1.96944444444,-0.00102565239649,0.579487860203,2.40512919426,4.43056342192e-06,1.57861195476e-05,0,0,4.47087622888e-05,0.0166674368083,0,0,0,0,0,5.20439001839e-05,704181.086842
1.98055555556,-0.00102565239649,0.579487860203,2.40512919426,4.43056342192e-06,1.57861195476e-05,0,0,4.47087622888e-05,0.0166674368083,0,0,0,0,0,5.204427077e-05,704181.086842
1.99166666667,-0.00102565239649,0.579487860203,2.40512919426,4.43056342192e-06,1.57861195476e-05,0,0,4.47087622888e-05,0.0166674368083,0,0,0,0,0,5.20437023003e-05,704181.086842
2.00277777778,-0.00102565239649,0.579487860203,2.40512919426,4.43056342192e-06,1.57861195476e-05,0,0,4.47087622888e-05,0.0166674368083,0,0,0,0,0,5.20439885321e-05,704181.086842
2.01388888889,-0.00102565239649,0.579487860203,2.40512919426,4.43056342192e-06,1.57861195476e-05,0,0,4.47087622888e-05,0.0166674368083,0,0,0,0,0,5.2044792683e-05,704181.086842
2.025,-0.00102565239649,0.579487860203,2.40512919426,4.43056342192e-06,1.57861195476e-05,0,0,4.47087622888e-05,0.0166674368083,0,0,0,0,0,5.20440834764e-05,704181.086842
2.03611111111,-0.00102565239649,0.579487860203,2.40512919426,4.43056342192e-06,1.57861195476e-05,0,0,4.47087622888e-05,0.0166674368083,0,0,0,0,0,5.20439659007e-05,704181.086842
2.04722222222,-0.00102565239649,0.579487860203,2.40512919426,4.43056342192e-06,1.57861195476e-05,0,0,4.47087622888e-05,0.0166674368083,0,0,0,0,0,5.20451039693e-05,704181.086842
2.05833333333,-0.00102565239649,0.579487860203,2.40512919426,4.43056342192e-06,1.57861195476e-05,0,0,4.47087622888e-05,0.0166674368083,0,0,0,0,0,5.20447611057e-05,704181.086842
2.06944444444,-0.00102565239649,0.579487860203,2.40512919426,4.43056342192e-06,1.57861195476e-05,0,0,4.47087622888e-05,0.0166674368083,0,0,0,0,0,5.20458178799e-05,704181.086842
2.08055555556,-0.00102565239649,0.579487860203,2.40512919426,4.43056342192e-06,1.57861195476e-05,0,0,4.47087622888e-05,0.0166674368083,0,0,0,0,0,5.20438772695e-05,704181.086842
2.09166666667,-0.00102565239649,0.579487860203,2.40512919426,4.43056342192e-06,1.57861195476e-05,0,0,4.47087622888e-05,0.0166674368083,0,0,0,0,0,5.20440672342e-05,704181.086842
2.10277777778,-0.00102565239649,0.579487860203,2.40512919426,4.43056342192e-06,1.57861195476e-05,0,0,4.47087622888e-05,0.0166674368083,0,0,0,0,0,5.20446175488e-05,704181.086842
2.11388888889,-0.00102565239649,0.579487860203,2.40512919426,4.43056342192e-06,1.57861195476e-05,0,0,4.47087622888e-05,0.0166674368083,0,0,0,0,0,5.20448941131e-05,704181.086842
2.125,-0.00102565239649,0.579487860203,2.40512919426,4.43056342192e-06,1.57861195476e-05,0,0,4.47087622888e-05,0.0166674368083,0,0,0,0,0,5.20447647667e-05,704181.086842
2.13611111111,-0.00102565239649,0.579487860203,2.40512919426,4.43056342192e-06,1.57861195476e-05,0,0,4.47087622888e-05,0.0166674368083,0,0,0,0,0,5.20256566307e-05,704181.086842
2.14722222222,-0.00102565239649,0.579487860203,2.40512919426,4.43056342192e-06,1.57861195476e-05,0,0,4.47087622888e-05,0.0166674368083,0,0,0,0,0,5.20254871106e-05,704181.086842
2.15833333333,-0.00102565239649,0.579487860203,2.40512919426,4.43056342192e-06,1.57861195476e-05,0,0,4.47087622888e-05,0.0166674368083,0,0,0,0,0,5.20256691633e-05,704181.086842
2.16944444444,-0.00102565239649,0.579487860203,2.40512919426,4.43056342192e-06,1.57861195476e-05,0,0,4.47087622888e-05,0.0166674368083,0,0,0,0,0,5.20253941226e-05,704181.086842
2.18055555556,-0.00102565239649,0.579487860203,2.40512919426,4.43056342192e-06,1.57861195476e-05,0,0,4.47087622888e-05,0.0166674368083,0,0,0,0,0,5.2025916844e-05,704181.086842
2.19166666667,-0.00102565239649,0.579487860203,2.40512919426,4.43056342192e-06,1.57861195476e-05,0,0,4.47087622888e-05,0.0166674368083,0,0,0,0,0,5.20254762827e-05,704181.086842
2.20277777778,-0.00102565239649,0.579487860203,2.40512919426,4.43056342192e-06,1.57861195476e-05,0,0,4.47087622888e-05,0.0166674368083,0,0,0,0,0,5.20259441462e-05,704181.086842
2.21388888889,-0.00102565239649,0.579487860203,2.40512919426,4.43056342192e-06,1.57861195476e-05,0,0,4.47087622888e-05,0.0166674368083,0,0,0,0,0,5.2025617674e-05,704181.086842
2.225,-0.00102565239649,0.579487860203,2.40512919426,4.43056342192e-06,1.57861195476e-05,0,0,4.47087622888e-05,0.0166674368083,0,0,0,0,0,5.20256236765e-05,704181.086842
2.23611111111,-0.00102565239649,0.579487860203,2.40512919426,4.43056342192e-06,1.57861195476e-05,0,0,4.47087622888e-05,0.0166674368083,0,0,0,0,0,5.2025631794e-05,704181.086842
2.24722222222,-0.00102565239649,0.579487860203,2.40512919426,4.43056342192e-06,1.57861195476e-05,0,0,4.47087622888e-05,0.0166674368083,0,0,0,0,0,5.20257533309e-05,704181.086842
2.25833333333,-0.00102565239649,0.579487860203,2.40512919426,4.43056342192e-06,1.57861195476e-05,0,0,4.47087622888e-05,0.0166674368083,0,0,0,0,0,5.20258279385e-05,704181.086842
2.26944444444,-0.00102565239649,0.579487860203,2.40512919426,4.43056342192e-06,1.57861195476e-05,0,0,4.47087622888e-05,0.0166674368083,0,0,0,0,0,5.20260475654e-05,704181.086842
2.28055555556,-0.00102565239649,0.579487860203,2.40512919426,4.43056342192e-06,1.57861195476e-05,0,0,4.47087622888e-05,0.0166674368083,0,0,0,0,0,5.20257721715e-05,704181.086842
2.29166666667,-0.00102565239649,0.579487860203,2.40512919426,4.43056342192e-06,1.57861195476e-05,0,0,4.47087622888e-05,0.0166674368083,0,0,0,0,0,5.20257107733e-05,704181.086842
2.30277777778,-0.00102565239649,0.579487860203,2.40512919426,4.43056342192e-06,1.57861195476e-05,0,0,4.47087622888e-05,0.0166674368083,0,0,0,0,0,5.20264981353e-05,704181.086842
2.31388888889,-0.00102565239649,0.579487860203,2.40512919426,4.43056342192e-06,1.57861195476e-05,0,0,4.47087622888e-05,0.0166674368083,0,0,0,0,0,5.20262282221e-05,704181.086842
2.325,-0.00102565239649,0.579487860203,2.40512919426,4.43056342192e-06,1.57861195476e-05,0,0,4.47087622888e-05,0.0166674368083,0,0,0,0,0,5.20272314308e-05,704181.086842
2.33611111111,-0.00102565239649,0.579487860203,2.40512919426,4.43056342192e-06,1.57861195476e-05,0,0,4.47087622888e-05,0.0166674368083,0,0,0,0,0,5.20260491146e-05,704181.086842
2.34722222222,-0.00102565239649,0.579487860203,2.40512919426,4.43056342192e-06,1.57861195476e-05,0,0,4.47087622888e-05,0.0166674368083,0,0,0,0,0,5.20266667527e-05,704181.086842
2.35833333333,-0.00102565239649,0.579487860203,2.40512919426,4.43056342192e-06,1.57861195476e-05,0,0,4.47087622888e-05,0.0166674368083,0,0,0,0,0,5.20276340772e-05,704181.086842
2.36944444444,-0.00102565239649,0.579487860203,2.40512919426,4.43056342192e-06,1.57861195476e-05,0,0,4.47087622888e-05,0.0166674368083,0,0,0,0,0,5.20268534143e-05,704181.086842
2.38055555556,-0.00102565239649,0.579487860203,2.40512919426,4.43056342192e-06,1.57861195476e-05,0,0,4.47087622888e-05,0.0166674368083,0,0,0,0,0,5.20268697843e-05,704181.086842
2.39166666667,-0.00102565239649,0.579487860203,2.40512919426,4.43056342192e-06,1.57861195476e-05,0,0,4.47087622888e-05,0.0166674368083,0,0,0,0,0,5.20266198747e-05,704181.086842
2.40277777778,-0.00102565239649,0.579487860203,2.40512919426,4.43056342192e-06,1.57861195476e-05,0,0,4.47087622888e-05,0.0166674368083,0,0,0,0,0,5.2026847734e-05,704181.086842
2.41388888889,-0.00102565239649,0.579487860203,2.40512919426,4.43056342192e-06,1.57861195476e-05,0,0,4.47087622888e-05,0.0166674368083,0,0,0,0,0,5.20269815823e-05,704181.086842
2.425,-0.00102565239649,0.579487860203,2.40512919426,4.43056342192e-06,1.57861195476e-05,0,0,4.47087622888e-05,0.0166674368083,0,0,0,0,0,5.202632452e-05,704181.086842
2.43611111111,-0.00102565239649,0.579487860203,2.40512919426,4.43056342192e-06,1.57861195476e-05,0,0,4.47087622888e-05,0.0166674368083,0,0,0,0,0,5.20276196984e-05,704181.086842
2.44722222222,-0.00102565239649,0.579487860203,2.40512919426,4.43056342192e-06,1.57861195476e-05,0,0,4.47087622888e-05,0.0166674368083,0,0,0,0,0,5.20260737611e-05,704181.086842
2.45833333333,-0.00102565239649,0.579487860203,2.40512919426,4.43056342192e-06,1.57861195476e-05,0,0,4.47087622888e-05,0.0166674368083,0,0,0,0,0,5.20263719582e-05,704181.086842
2.46944444444,-0.00102565239649,0.579487860203,2.40512919426,4.43056342192e-06,1.57861195476e-05,0,0,4.47087622888e-05,0.0166674368083,0,0,0,0,0,5.20266942374e-05,704181.086842
2.48055555556,-0.00102565239649,0.579487860203,2.40512919426,4.43056342192e-06,1.57861195476e-05,0,0,4.47087622888e-05,0.0166674368083,0,0,0,0,0,5.20264789826e-05,704181.086842
2.49166666667,-0.00102565239649,0.579487860203,2.40512919426,4.43056342192e-06,1.57861195476e-05,0,0,4.47087622888e-05,0.0166674368083,0,0,0,0,0,5.20271338645e-05,704181.086842
2.50277777778,-0.00102565239649,0.579487860203,2.40512919426,4.43056342192e-06,1.57861195476e-05,0,0,4.47087622888e-05,0.0166674368083,0,0,0,0,0,5.20266239108e-05,704181.086842
2.51388888889,-0.00102565239649,0.579487860203,2.40512919426,4.43056342192e-06,1.57861195476e-05,0,0,4.47087622888e-05,0.0166674368083,0,0,0,0,0,5.20272421089e-05,704181.086842
2.525,-0.00102565239649,0.579487860203,2.40512919426,4.43056342192e-06,1.57861195476e-05,0,0,4.47087622888e-05,0.0166674368083,0,0,0,0,0,5.2026348005e-05,704181.086842
2.53611111111,-0.00102565239649,0.579487860203,2.40512919426,4.43056342192e-06,1.57861195476e-05,0,0,4.47087622888e-05,0.0166674368083,0,0,0,0,0,5.20264227186e-05,704181.086842
2.54722222222,-0.00102565239649,0.579487860203,2.40512919426,4.43056342192e-06,1.57861195476e-05,0,0,4.47087622888e-05,0.0166674368083,0,0,0,0,0,5.20277539008e-05,704181.086842
2.55833333333,-0.00102565239649,0.579487860203,2.40512919426,4.43056342192e-06,1.57861195476e-05,0,0,4.47087622888e-05,0.0166674368083,0,0,0,0,0,5.20273406315e-05,704181.086842
2.56944444444,-0.00102565239649,0.579487860203,2.40512919426,4.43056342192e-06,1.57861195476e-05,0,0,4.47087622888e-05,0.0166674368083,0,0,0,0,0,5.20270948398e-05,704181.086842
2.58055555556,-0.00102565239649,0.579487860203,2.40512919426,4.43056342192e-06,1.57861195476e-05,0,0,4.47087622888e-05,0.0166674368083,0,0,0,0,0,5.20263857604e-05,704181.086842
2.59166666667,-0.00102565239649,0.579487860203,2.40512919426,4.43056342192e-06,1.57861195476e-05,0,0,4.47087622888e-05,0.0166674368083,0,0,0,0,0,5.20269774266e-05,704181.086842
2.60277777778,-0.00102565239649,0.579487860203,2.40512919426,4.43056342192e-06,1.57861195476e-05,0,0,4.47087622888e-05,0.0166674368083,0,0,0,0,0,5.20269116631e-05,704181.086842
2.61388888889,-0.00102565239649,0.579487860203,2.40512919426,4.43056342192e-06,1.57861195476e-05,0,0,4.47087622888e-05,0.0166674368083,0,0,0,0,0,5.20263535129e-05,704181.086842
2.625,-0.00102565239649,0.579487860203,2.40512919426,4.43056342192e-06,1.57861195476e-05,0,0,4.47087622888e-05,0.0166674368083,0,0,0,0,0,5.2027370652e-05,704181.086842
2.63611111111,-0.00102565239649,0.579487860203,2.40512919426,4.43056342192e-06,1.57861195476e-05,0,0,4.47087622888e-05,0.0166674368083,0,0,0,0,0,5.20275536496e-05,704181.086842
2.64722222222,-0.00102565239649,0.579487860203,2.40512919426,4.43056342192e-06,1.57861195476e-05,0,0,4.47087622888e-05,0.0166674368083,0,0,0,0,0,5.20275127736e-05,704181.086842
2.65833333333,-0.00102565239649,0.579487860203,2.40512919426,4.43056342192e-06,1.57861195476e-05,0,0,4.47087622888e-05,0.0166674368083,0,0,0,0,0,5.20270458034e-05,704181.086842
2.66944444444,-0.00102565239649,0.579487860203,2.40512919426,4.43056342192e-06,1.57861195476e-05,0,0,4.47087622888e-05,0.0166674368083,0,0,0,0,0,5.20271006647e-05,704181.086842
2.68055555556,-0.00102565239649,0.579487860203,2.40512919426,4.43056342192e-06,1.57861195476e-05,0,0,4.47087622888e-05,0.0166674368083,0,0,0,0,0,5.20270575895e-05,704181.086842
2.69166666667,-0.00102565239649,0.579487860203,2.40512919426,4.43056342192e-06,1.57861195476e-05,0,0,4.47087622888e-05,0.0166674368083,0,0,0,0,0,5.20271464489e-05,704181.086842
2.70277777778,-0.00102565239649,0.579487860203,2.40512919426,4.43056342192e-06,1.57861195476e-05,0,0,4.47087622888e-05,0.0166674368083,0,0,0,0,0,5.20267534111e-05,704181.086842
2.71388888889,-0.00102565239649,0.579487860203,2.40512919426,4.43056342192e-06,1.57861195476e-05,0,0,4.47087622888e-05,0.0166674368083,0,0,0,0,0,5.20274625601e-05,704181.086842
2.725,-0.00102565239649,0.579487860203,2.40512919426,4.43056342192e-06,1.57861195476e-05,0,0,4.47087622888e-05,0.0166674368083,0,0,0,0,0,5.20268951053e-05,704181.086842
2.73611111111,-0.00102565239649,0.579487860203,2.40512919426,4.43056342192e-06,1.57861195476e-05,0,0,4.47087622888e-05,0.0166674368083,0,0,0,0,0,5.20274399826e-05,704181.086842
2.74722222222,-0.00102565239649,0.579487860203,2.40512919426,4.43056342192e-06,1.57861195476e-05,0,0,4.47087622888e-05,0.0166674368083,0,0,0,0,0,5.20281227737e-05,704181.086842
2.75833333333,-0.00102565239649,0.579487860203,2.40512919426,4.43056342192e-06,1.57861195476e-05,0,0,4.47087622888e-05,0.0166674368083,0,0,0,0,0,5.20277683938e-05,704181.086842
2.76944444444,-0.00102565239649,0.579487860203,2.40512919426,4.43056342192e-06,1.57861195476e-05,0,0,4.47087622888e-05,0.0166674368083,0,0,0,0,0,5.20266931197e-05,704181.086842
2.78055555556,-0.00102565239649,0.579487860203,2.40512919426,4.43056342192e-06,1.57861195476e-05,0,0,4.47087622888e-05,0.0166674368083,0,0,0,0,0,5.2027741513e-05,704181.086842
2.79166666667,-0.00102565239649,0.579487860203,2.40512919426,4.43056342192e-06,1.57861195476e-05,0,0,4.47087622888e-05,0.0166674368083,0,0,0,0,0,5.20271137256e-05,704181.086842
2.80277777778,-0.00102565239649,0.579487860203,2.40512919426,4.43056342192e-06,1.57861195476e-05,0,0,4.47087622888e-05,0.0166674368083,0,0,0,0,0,5.20284682894e-05,704181.086842
2.81388888889,-0.00102565239649,0.579487860203,2.40512919426,4.43056342192e-06,1.57861195476e-05,0,0,4.47087622888e-05,0.0166674368083,0,0,0,0,0,5.20273621406e-05,704181.086842
2.825,-0.00102565239649,0.579487860203,2.40512919426,4.43056342192e-06,1.57861195476e-05,0,0,4.47087622888e-05,0.0166674368083,0,0,0,0,0,5.20283946279e-05,704181.086842
2.83611111111,-0.00102565239649,0.579487860203,2.40512919426,4.43056342192e-06,1.57861195476e-05,0,0,4.47087622888e-05,0.0166674368083,0,0,0,0,0,5.20273817859e-05,704181.086842
2.84722222222,-0.00102565239649,0.579487860203,2.40512919426,4.43056342192e-06,1.57861195476e-05,0,0,4.47087622888e-05,0.0166674368083,0,0,0,0,0,5.20271447655e-05,704181.086842
2.85833333333,-0.00102565239649,0.579487860203,2.40512919426,4.43056342192e-06,1.57861195476e-05,0,0,4.47087622888e-05,0.0166674368083,0,0,0,0,0,5.20276472717e-05,704181.086842
2.86944444444,-0.00102565239649,0.579487860203,2.40512919426,4.43056342192e-06,1.57861195476e-05,0,0,4.47087622888e-05,0.0166674368083,0,0,0,0,0,5.20280140029e-05,704181.086842
2.88055555556,-0.00102565239649,0.579487860203,2.40512919426,4.43056342192e-06,1.57861195476e-05,0,0,4.47087622888e-05,0.0166674368083,0,0,0,0,0,5.20272924841e-05,704181.086842
2.89166666667,-0.00102565239649,0.579487860203,2.40512919426,4.43056342192e-06,1.57861195476e-05,0,0,4.47087622888e-05,0.0166674368083,0,0,0,0,0,5.20276373923e-05,704181.086842
2.90277777778,-0.00102565239649,0.579487860203,2.40512919426,4.43056342192e-06,1.57861195476e-05,0,0,4.47087622888e-05,0.0166674368083,0,0,0,0,0,5.20280582522e-05,704181.086842
2.91388888889,-0.00102565239649,0.579487860203,2.40512919426,4.43056342192e-06,1.57861195476e-05,0,0,4.47087622888e-05,0.0166674368083,0,0,0,0,0,5.20275285117e-05,704181.086842
2.925,-0.00102565239649,0.579487860203,2.40512919426,4.43056342192e-06,1.57861195476e-05,0,0,4.47087622888e-05,0.0166674368083,0,0,0,0,0,5.20271153093e-05,704181.086842
2.93611111111,-0.00102565239649,0.579487860203,2.40512919426,4.43056342192e-06,1.57861195476e-05,0,0,4.47087622888e-05,0.0166674368083,0,0,0,0,0,5.20281398059e-05,704181.086842
2.94722222222,-0.00102565239649,0.579487860203,2.40512919426,4.43056342192e-06,1.57861195476e-05,0,0,4.47087622888e-05,0.0166674368083,0,0,0,0,0,5.20284755669e-05,704181.086842
2.95833333333,-0.00102565239649,0.579487860203,2.40512919426,4.43056342192e-06,1.57861195476e-05,0,0,4.47087622888e-05,0.0166674368083,0,0,0,0,0,5.20283139907e-05,704181.086842
2.96944444444,-0.00102565239649,0.579487860203,2.40512919426,4.43056342192e-06,1.57861195476e-05,0,0,4.47087622888e-05,0.0166674368083,0,0,0,0,0,5.20274061106e-05,704181.086842
2.98055555556,-0.00102565239649,0.579487860203,2.40512919426,4.43056342192e-06,1.57861195476e-05,0,0,4.47087622888e-05,0.0166674368083,0,0,0,0,0,5.20281231836e-05,704181.086842
2.99166666667,-0.00102565239649,0.579487860203,2.40512919426,4.43056342192e-06,1.57861195476e-05,0,0,4.47087622888e-05,0.0166674368083,0,0,0,0,0,5.20278404376e-05,704181.086842
3.00277777778,-0.00102565239649,0.579487860203,2.40512919426,4.43056342192e-06,1.57861195476e-05,0,0,4.47087622888e-05,0.0166674368083,0.00343322753906,0,0,0,0,0.00172975245504,704181.086842
3.01388888889,-0.00102565239649,0.579487860203,2.40512919426,4.43056342192e-06,1.57861195476e-05,0,0,4.47087622888e-05,0.0166674368083,0.025749206543,0,0,0,0,0.01097405789,704181.086842
3.025,-0.00102565239649,0.579487860203,2.40512919426,4.43056342192e-06,1.57861195476e-05,0,0,4.47087622888e-05,0.0166674368083,0.0682353973389,0,0,0,0,0.0311032991334,704181.086842
3.03611111111,-0.00102565239649,0.579487860203,2.40512919426,4.43056342192e-06,1.57861195476e-05,0,0,4.47087622888e-05,0.0166674368083,0.131464004517,0,0,0,0,0.0628798412259,704181.086842
3.04722222222,-0.00102565239649,0.579487860203,2.40512919426,4.43056342192e-06,2.2919206458e-05,0,0,4.47087622888e-05,0.0166674368083,0.216579437256,0,0,0,0,0.108361297097,704181.086842
3.05833333333,-0.00102565239649,0.579487860203,2.40512919426,4.43056342192e-06,2.2919206458e-05,0,0,4.47087622888e-05,0.0166674368083,0.325012207031,0,0,0,0,0.170615573988,704181.086842
3.06944444444,-0.00102565239649,0.579487860203,2.40512919426,4.43056342192e-06,1.57861195476e-05,0,0,4.47087622888e-05,0.0166674368083,0.458478927612,0,0,0,0,0.253997651555,704181.086842
3.08055555556,-0.00102565239649,0.579487860203,2.40512919426,4.43056342192e-06,2.28931494348e-05,0,0,4.47087622888e-05,0.0166674368083,0.614404678345,0,0,0,0,0.331643823279,704181.086842
3.09166666667,-0.00102565239649,0.579487860203,2.40512919426,4.43056342192e-06,2.28931494348e-05,0,0,4.47087622888e-05,0.0166674368083,0.792503356934,0,0,0,0,0.432472188612,704181.086842
3.10277777778,-0.00102565239649,0.579487860203,2.40512919426,4.43056342192e-06,1.57861195476e-05,0,0,4.47087622888e-05,0.0166674368083,0.995492935181,0,0,0,0,0.552778456878,704181.086842
3.11388888889,-0.00102565239649,0.579487860203,2.40512919426,4.43056342192e-06,2.2919206458e-05,0,0,4.47087622888e-05,0.0166674368083,1.22008323669,0,0,0,0,0.671854109277,704181.086842
3.125,-0.00102565239649,0.579487860203,2.40512919426,4.43056342192e-06,1.57861195476e-05,0,0,4.47087622888e-05,0.0166674368083,1.46884918213,0,0,0,0,0.816182701052,704181.086842
3.13611111111,-0.00102565239649,0.579487860203,2.40512919426,4.43056342192e-06,1.57861195476e-05,0,0,4.47087622888e-05,0.0166674368083,1.73950195312,0,0,0,0,0.962973851111,704181.086842
3.14722222222,-0.00102565239649,0.579487860203,2.40512919426,4.43056342192e-06,2.29786528507e-05,0,0,4.47087622888e-05,0.0166674368083,2.0339012146,0,0,0,0,1.12765644209,704181.087403
3.15833333333,-0.00102565239649,0.579487860203,2.40512919426,4.43056342192e-06,2.28931494348e-05,0,0,4.47087622888e-05,0.0166674368083,2.35047340393,0,0,0,0,1.31583730241,704181.087403
3.16944444444,-0.00102565239649,0.579487860203,2.40512919426,4.43056342192e-06,2.29130055232e-05,0,0,4.47087622888e-05,0.0166674368083,2.68979072571,0,0,0,0,1.49487495266,704181.087684
3.18055555556,-0.00102565239649,0.579487860203,2.40512919426,4.43056342192e-06,2.29130055232e-05,0,0,4.47087622888e-05,0.0166674368083,3.05299758911,0,0,0,0,1.70280294501,704181.087964
3.19166666667,-0.00102565239649,0.579487860203,2.40512919426,4.43056342192e-06,2.29724682868e-05,0,0,4.47087622888e-05,0.0166674368083,3.4393787384,0,0,0,0,1.92477900892,704181.088245
3.20277777778,-0.00102565239649,0.579487860203,2.40512919426,4.43056342192e-06,2.29390388995e-05,0,0,4.47087622888e-05,0.0166674368083,3.84879112244,0,0,0,0,2.17172882283,704181.088245
3.21388888889,-0.00102565239649,0.579487860203,2.40512919426,4.43056342192e-06,1.57861195476e-05,0,0,4.47087622888e-05,0.0166674368083,4.28137779236,0,0,0,0,2.41479359676,704181.088245
3.225,-0.00102565239649,0.579487860203,2.40512919426,4.43056342192e-06,2.29130055232e-05,0,0,4.47087622888e-05,0.0166674368083,4.73713874817,0,0,0,0,2.67612320749,704181.088245
3.23611111111,-0.00102565239649,0.579487860203,2.40512919426,4.43056342192e-06,2.29724682868e-05,0,0,4.47087622888e-05,0.0166674368083,5.21650314331,0,0,0,0,2.95722720713,704181.088245
3.24722222222,-0.00102565239649,0.579487860203,2.40512919426,4.43056342192e-06,2.30675359489e-05,0,0,4.47087622888e-05,0.0166674368083,5.72004318237,0,0,0,0,3.26019648361,704181.087122
3.25833333333,-0.00102565239649,0.579487860203,2.40512919426,4.43056342192e-06,2.29687557294e-05,0,0,4.47087622888e-05,0.0166674368083,6.24847412109,0,0,0,0,3.58725513358,704181.08628
3.26944444444,-0.00102565239649,0.579487860203,2.40512919426,4.43056342192e-06,2.29092838708e-05,0,0,4.47087622888e-05,0.0166674368083,6.80251121521,0,0,0,0,3.94108166433,704181.086
3.28055555556,-0.00102565239649,0.579487860203,2.40512919426,4.43056342192e-06,2.29130055232e-05,0,0,4.47087622888e-05,0.0166674368083,7.38229751587,0,0,0,0,4.28443132206,704181.086
3.29166666667,-0.00102565239649,0.579487860203,2.40512919426,4.43056342192e-06,2.29092838708e-05,0,0,4.47087622888e-05,0.0166674368083,7.98726081848,0,0,0,0,4.66798828708,704181.085719
3.30277777778,-0.00102565239649,0.579487860203,2.40512919426,4.43056342192e-06,2.29092838708e-05,0,0,4.47087622888e-05,0.0166674368083,8.61897468567,0,0,0,0,5.09914565548,704181.085719
3.31388888889,-0.00102565239649,0.579487860203,2.40512919426,4.43056342192e-06,1.57861195476e-05,0,0,4.47087622888e-05,0.0166674368083,9.27772521973,0,0,0,0,5.53170236492,704181.085719
3.325,-0.00102565239649,0.579487860203,2.40512919426,4.43056342192e-06,1.57861195476e-05,0,0,4.47087622888e-05,0.0166674368083,9.96494293213,0,0,0,0,6.01968738987,704181.087403
3.33611111111,-0.00102565239649,0.579487860203,2.40512919426,4.43056342192e-06,2.30675359489e-05,0,0,4.47087622888e-05,0.0166674368083,10.6822013855,0,0,0,0,6.57247302506,704181.087403
3.34722222222,-0.00102565239649,0.579487860203,2.40512919426,4.43056342192e-06,2.29675188166e-05,0,0,4.47087622888e-05,0.0166674368083,11.4297866821,0,0,0,0,7.12816200034,704181.087122
3.35833333333,-0.00102565239649,0.579487860203,2.40512919426,4.43056342192e-06,2.29080433201e-05,0,0,4.47087622888e-05,0.0166674368083,12.2098445892,0,0,0,0,7.75925693684,704181.087122
3.36944444444,-0.00102565239649,0.579487860203,2.40512919426,4.43056342192e-06,2.29080433201e-05,0,0,4.47087622888e-05,0.0166674368083,13.0242347717,0,0,0,0,8.4778162132,704181.087122
3.38055555556,-0.00102565239649,0.579487860203,2.40512919426,4.43056342192e-06,1.57861195476e-05,0,0,4.47087622888e-05,0.0166674368083,13.8735294342,0,0,0,0,9.20148557233,704181.087403
3.39166666667,-0.00102565239649,0.579487860203,2.40512919426,4.43056342192e-06,3.0517578125e-05,0,0,4.47087622888e-05,0.0166674368083,14.758014679,0,0,0,0,9.95675100473,704181.087403
3.40277777778,-0.00102565239649,0.579487860203,2.40512919426,4.43056342192e-06,2.29675188166e-05,0,0,4.47087622888e-05,0.0166674368083,15.6782627106,0,0,0,0,10.7796390413,704181.087403
3.41388888889,-0.00102565239649,0.579487860203,2.40512919426,4.43056342192e-06,2.30663044931e-05,0,0,4.47087622888e-05,0.0166674368083,16.6358470917,0,0,0,0,11.6763316635,704181.087403
3.425,-0.00102565239649,0.579487860203,2.40512919426,4.43056342192e-06,2.30663044931e-05,0,0,4.47087622888e-05,0.0166674368083,17.632484436,0,0,0,0,12.6530711806,704181.087403
3.43611111111,-0.00102565239649,0.579487860203,2.40512919426,4.43056342192e-06,1.57861195476e-05,0,0,4.47087622888e-05,0.0166674368083,18.6698913574,0,0,0,0,13.7159139799,704181.087403
3.44722222222,-0.00102565239649,0.579487860203,2.40512919426,4.43056342192e-06,1.57861195476e-05,0,0,4.47087622888e-05,0.0166674368083,19.7499275208,0,0,0,0,14.8699076954,704181.087403
3.45833333333,-0.00102565239649,0.579487860203,2.40512919426,4.43056342192e-06,2.28881835938e-05,0,0,4.47087622888e-05,0.0166674368083,20.8744525909,0,0,0,0,16.119842833,704181.087403
3.46944444444,-0.00102565239649,0.579487860203,2.40512919426,4.43056342192e-06,1.57861195476e-05,0,0,4.47087622888e-05,0.0166674368083,22.0450401306,0,0,0,0,17.469112272,704181.087403
3.48055555556,-0.00102565239649,0.579487860203,2.40512919426,4.43056342192e-06,1.57861195476e-05,0,0,4.47087622888e-05,0.0166674368083,23.2629776001,0,0,0,0,18.918744508,704181.087403
3.49166666667,-0.00102565239649,0.579487860203,2.40512919426,4.43056342192e-06,1.57861195476e-05,0,0,4.47087622888e-05,0.0166674368083,24.5301246643,0,0,0,0,20.4679521117,704181.087403
3.50277777778,-0.00102565239649,0.579487860203,2.40512919426,4.43056342192e-06,1.57861195476e-05,0,0,4.47087622888e-05,0.0166674368083,25.847196579,0,0,0,0,22.111290344,704181.087403
3.51388888889,-0.00102565239649,0.579487860203,2.40512919426,4.43056342192e-06,1.57861195476e-05,0,0,4.47087622888e-05,0.0166674368083,27.2151947021,0,0,0,0,23.8396180247,704181.08752
3.525,-0.00102565239649,0.579487860203,2.40512919426,4.43056342192e-06,1.57861195476e-05,0,0,4.47087622888e-05,0.0166674368083,28.634262085,0,0,0,0,25.6369352103,704181.08752
3.53611111111,-0.00102565239649,0.579487860203,2.40512919426,4.43056342192e-06,2.29724682868e-05,0,0,4.47087622888e-05,0.0166674368083,30.103969574,0,0,0,0,27.4808989989,704181.087637
3.54722222222,-0.00102565239649,0.579487860203,2.40512919426,4.43056342192e-06,1.57861195476e-05,0,0,4.47087622888e-05,0.0166674368083,31.6234588623,0,0,0,0,29.3400492123,704181.087754
3.55833333333,-0.00102565239649,0.579487860203,2.40512919426,4.43056342192e-06,1.57861195476e-05,0,0,4.5654913265e-05,0.0166674368083,33.190870285,0,0,0,0,31.1871751139,704181.058378
3.56944444444,-0.00102565239649,0.579487860203,2.40512919426,4.43056342192e-06,1.57861195476e-05,0,0,4.77819485241e-05,0.0166674368083,34.8033428192,0,0,0,0,32.9501538537,704180.993637
3.58055555556,-0.00102565239649,0.579487860203,2.40512919426,4.43056342192e-06,1.57861195476e-05,0,0,5.1799146604e-05,0.0166674368083,36.4573001862,0,0,0,0,34.6346300872,704180.878868
3.59166666667,-0.00102565239649,0.579487860203,2.40512919426,4.43056342192e-06,2.30970890698e-05,0,0,6.67051499477e-05,0.0166674368083,38.1488800049,0,0,0,0,36.2913633646,704180.567586
3.60277777778,-0.00102565239649,0.579487860203,2.40512919426,4.43056342192e-06,1.57861195476e-05,0,0,8.98945145309e-05,0.0166674368083,39.8776531219,0,0,0,0,37.9498023896,704180.116017
3.61388888889,-0.00102565239649,0.579487860203,2.40512919426,4.43056342192e-06,2.29278848565e-05,0,0,0.000109761676867,0.0166674368083,41.5200233459,0,0,0,0,26.1227825529,704179.658437
3.625,-0.00102565239649,0.579487860203,2.40512919426,4.43056342192e-06,2.36226969719e-05,0,0,0.00013097396004,0.0166674368083,41.5200233459,0,0,0,0,11.6169279698,704179.211523
3.63611111111,-0.00102565239649,0.579487860203,2.40512919426,4.43056342192e-06,2.29278848565e-05,0,0,0.00015452876687,0.0166674368083,41.5200233459,0,0,0,0,11.6407856648,704178.670375
3.64722222222,-0.00102565239649,0.579487860203,2.40512919426,4.43056342192e-06,2.29278848565e-05,0,0,0.000179381691851,0.0166674368083,41.5200233459,0,0,0,0,11.6333971968,704178.056253
3.65833333333,-0.00102565239649,0.579487860203,2.40512919426,4.43056342192e-06,2.29278848565e-05,0,0,0.000206345095648,0.0166674368083,41.5200233459,0,0,0,0,11.6215356253,704177.428917
3.66944444444,-0.00102565239649,0.579487860203,2.40512919426,4.43056342192e-06,2.29278848565e-05,0,0,0.000232853068155,0.0166674368083,41.5200233459,0,0,0,0,11.614438453,704176.806797
3.68055555556,-0.00102565239649,0.579487860203,2.40512919426,4.43056342192e-06,2.29278848565e-05,0,0,0.000261773820966,0.0166674368083,41.5200233459,0,0,0,0,11.6394314289,704176.164211
3.69166666667,-0.00102565239649,0.579487860203,2.40512919426,4.43056342192e-06,2.29278848565e-05,0,0,0.000293183256872,0.0166674368083,41.5200233459,0,0,0,0,11.5787526286,704175.515334
3.70277777778,-0.00102565239649,0.579487860203,2.40512919426,4.43056342192e-06,2.29278848565e-05,0,0,0.000324748078128,0.0166674368083,41.5200233459,0,0,0,0,11.6047320297,704174.839185
3.71388888889,-0.00102565239649,0.579487860203,2.40512919426,4.43056342192e-06,2.30970890698e-05,0,0,0.000359075434972,0.0166674368083,41.5200233459,0,0,0,0,11.6351088922,704174.034491
3.725,-0.00102565239649,0.579487860203,2.40512919426,4.43056342192e-06,2.29278848565e-05,0,0,0.000394853996113,0.0166674368083,41.5200233459,0,0,0,0,11.6546187457,704173.206104
3.73611111111,-0.00102565239649,0.579487860203,2.40512919426,4.43056342192e-06,2.29278848565e-05,0,0,0.000432188186096,0.0166674368083,41.5200233459,0,0,0,0,11.6834551937,704172.354633
3.74722222222,-0.00102565239649,0.579487860203,2.40512919426,4.43056342192e-06,2.29278848565e-05,0,0,0.000471038016258,0.0166674368083,41.5200233459,0,0,0,0,11.7166345268,704171.462114
3.75833333333,-0.00102565239649,0.579487860203,2.40512919426,4.43056342192e-06,2.30860114243e-05,0,0,0.000511444290169,0.0166674368083,41.5200233459,0,0,0,0,11.7580176996,704170.56211
3.76944444444,-0.00102565239649,0.579487860203,2.40512919426,4.43056342192e-06,2.29786528507e-05,0,0,0.000553334888536,0.0166674368083,41.5200233459,0,0,0,0,11.7986453563,704169.663183
3.78055555556,-0.00102565239649,0.579487860203,2.40512919426,4.43056342192e-06,2.30773912335e-05,0,0,0.000596844241954,0.0166674368083,41.5200233459,0,0,0,0,11.8481680307,704168.76505
3.79166666667,-0.00102565239649,0.579487860203,2.40512919426,4.43056342192e-06,2.29786528507e-05,0,0,0.000641896214802,0.0166674368083,41.5200233459,0,0,0,0,11.9011800962,704167.856206
3.80277777778,-0.00102565239649,0.579487860203,2.40512919426,4.43056342192e-06,2.29786528507e-05,0,0,0.000688519328833,0.0166674368083,41.5200233459,0,0,0,0,11.9585045378,704166.851935
3.81388888889,-0.00102565239649,0.579487860203,2.40512919426,4.43056342192e-06,2.29278848565e-05,0,0,0.00073672295548,0.0166674368083,41.5200233459,0,0,0,0,12.0215947014,704165.802196
3.825,-0.00102565239649,0.579487860203,2.40512919426,4.43056342192e-06,2.29278848565e-05,0,0,0.00078643206507,0.0166674368083,41.5200233459,0,0,0,0,12.1054824706,704164.743545
3.83611111111,-0.00102565239649,0.579487860203,2.40512919426,4.43056342192e-06,2.30860114243e-05,0,0,0.000838161155116,0.0166674368083,41.5200233459,0,0,0,0,12.1679774079,704163.676218
3.84722222222,-0.00102565239649,0.579487860203,2.40512919426,4.43056342192e-06,2.29278848565e-05,0,0,0.000890689028893,0.0166674368083,41.5200233459,0,0,0,0,12.2325082992,704162.615697
3.85833333333,-0.00102565239649,0.579487860203,2.40512919426,4.43056342192e-06,2.29278848565e-05,0,0,0.000944118655752,0.0166674368083,41.5200233459,0,0,0,0,12.3083417982,704161.485944
3.86944444444,-0.00102565239649,0.579487860203,2.40512919426,4.43056342192e-06,2.29278848565e-05,0,0,0.00100017210934,0.0166674368083,41.5200233459,0,0,0,0,12.4440891994,704160.28944
3.88055555556,-0.00102565239649,0.579487860203,2.40512919426,4.43056342192e-06,2.29278848565e-05,0,0,0.0010582517134,0.0166674368083,41.5200233459,0,0,0,0,12.5311937051,704159.090738
3.89166666667,-0.00102565239649,0.579487860203,2.40512919426,4.43056342192e-06,2.29278848565e-05,0,0,0.00111799000297,0.0166674368083,41.5200233459,0,0,0,0,12.6397084533,704157.855805
3.90277777778,-0.00102565239649,0.579487860203,2.40512919426,4.43056342192e-06,2.29278848565e-05,0,0,0.0011794770835,0.0166674368083,41.5200233459,0,0,0,0,12.7548482042,704156.516091
3.91388888889,-0.00102565239649,0.579487860203,2.40512919426,4.43056342192e-06,2.29278848565e-05,0,0,0.00124268315267,0.0166674368083,41.5200233459,0,0,0,0,12.8716853056,704155.166624
3.925,-0.00102565239649,0.579487860203,2.40512919426,4.43056342192e-06,2.29278848565e-05,0,0,0.00130992743652,0.0166674368083,41.5200233459,0,0,0,0,13.0898133099,704153.726268
3.93611111111,-0.00102565239649,0.579487860203,2.40512919426,4.43056342192e-06,2.29278848565e-05,0,0,0.0013744966127,0.0166674368083,41.5200233459,0,0,0,0,13.0204887746,704152.379069
3.94722222222,-0.00102565239649,0.579487860203,2.40512919426,4.43056342192e-06,2.29278848565e-05,0,0,0.00144195347093,0.0166674368083,41.5200233459,0,0,0,0,13.2797917868,704150.980275
3.95833333333,-0.00102565239649,0.579487860203,2.40512919426,4.43056342192e-06,2.29278848565e-05,0,0,0.00151246716268,0.0166674368083,41.5200233459,0,0,0,0,13.4043982758,704149.482826
3.96944444444,-0.00102565239649,0.579487860203,2.40512919426,4.43056342192e-06,2.29873094213e-05,0,0,0.00158456165809,0.0166674368083,41.5200233459,0,0,0,0,13.561858292,704147.984582
3.98055555556,-0.00102565239649,0.579487860203,2.40512919426,4.43056342192e-06,2.29687557294e-05,0,0,0.00165871554054,0.0166674368083,41.5200233459,0,0,0,0,13.7302206373,704146.456354
3.99166666667,-0.00102565239649,0.579487860203,2.40512919426,4.43056342192e-06,2.29278848565e-05,0,0,0.00175017735455,0.0166674368083,41.5200233459,0,0,0,0,15.0985324296,704144.547401
4.00277777778,-0.00102565239649,0.579487860203,2.40512919426,4.43056342192e-06,2.29278848565e-05,0,0,0.00187297351658,0.0166674368083,41.5200233459,0,0,0,0,17.1652627837,704141.940946
4.01388888889,-0.00102565239649,0.579487860203,2.40512919426,4.43056342192e-06,2.29278848565e-05,0,0,0.00202531390823,0.0166674368083,41.5200233459,0,0,0,0,19.482778922,704138.730521
4.025,-0.00102565239649,0.579487860203,2.40512919426,4.43056342192e-06,2.29278848565e-05,0,0,0.00220423191786,0.0166674368083,41.5200233459,0,0,0,0,22.1665678178,704135.007107
4.03611111111,-0.00102565239649,0.579487860203,2.40512919426,4.43056342192e-06,2.29278848565e-05,0,0,0.00241037691012,0.0166674368083,41.5200233459,0,0,0,0,25.3495990869,704130.690856
4.04722222222,-0.00102565239649,0.579487860203,2.40512919426,4.43056342192e-06,2.29278848565e-05,0,0,0.00264491792768,0.0166674368083,41.5200233459,0,0,0,0,29.2737914536,704125.718804
4.05833333333,-0.00102565239649,0.579487860203,2.40512919426,4.43056342192e-06,2.29278848565e-05,0,0,0.00290706707165,0.0166674368083,41.5200233459,0,0,0,0,33.0394310483,704120.223988
4.06944444444,-0.00102565239649,0.579487860203,2.40512919426,4.43056342192e-06,2.29278848565e-05,0,0,0.00319546926767,0.0166674368083,41.5200233459,0,0,0,0,37.6436075409,704114.163512
4.08055555556,-0.00102565239649,0.579487860203,2.40512919426,4.43056342192e-06,2.29278848565e-05,0,0,0.00351157411933,0.0166674368083,41.5200233459,0,0,0,0,42.6525726746,704107.522034
4.09166666667,-0.00102565239649,0.579487860203,2.40512919426,4.43056342192e-06,2.29278848565e-05,0,0,0.00385595718399,0.0166674368083,41.5200233459,0,0,0,0,48.2092769417,704100.296722
4.10277777778,-0.00102565239649,0.579487860203,2.40512919426,4.43056342192e-06,2.29278848565e-05,0,0,0.00422816211358,0.0166674368083,41.5200233459,0,0,0,0,54.038739884,704092.483181
4.11388888889,-0.00102565239649,0.579487860203,2.40512919426,4.43056342192e-06,2.29278848565e-05,0,0,0.00462862383574,0.0166674368083,41.5200233459,0,0,0,0,60.4939340648,704084.084965
4.125,-0.00102565239649,0.579487860203,2.40512919426,4.43056342192e-06,2.29278848565e-05,0,0,0.00505694095045,0.0166674368083,41.5200233459,0,0,0,0,67.5366450161,704075.125299
4.13611111111,-0.00102565239649,0.579487860203,2.40512919426,4.43056342192e-06,2.29278848565e-05,0,0,0.00551335560158,0.0166674368083,41.5200233459,0,0,0,0,74.8911273643,704065.505062
4.14722222222,-0.00102565239649,0.579487860203,2.40512919426,4.43056342192e-06,2.29687557294e-05,0,0,0.00599862774834,0.0166674368083,41.5200233459,0,0,0,0,82.5929063176,704055.341758
4.15833333333,-0.00102565239649,0.579487860203,2.40512919426,4.43056342192e-06,2.29687557294e-05,0,0,0.00651255249977,0.0166674368083,41.5200233459,0,0,0,0,91.4073522817,704044.550767
4.16944444444,-0.00102565239649,0.579487860203,2.40512919426,4.43056342192e-06,2.29278848565e-05,0,0,0.00705569796264,0.0166674368083,41.5200233459,0,0,0,0,100.243493212,704033.144673
4.18055555556,-0.00102565239649,0.579487860203,2.40512919426,4.43056342192e-06,2.32234870055e-05,0,0,0.00762813864276,0.0166674368083,41.5200233459,0,0,0,0,109.613874091,704021.122773
4.19166666667,-0.00102565239649,0.579487860203,2.40512919426,4.43056342192e-06,2.30773912335e-05,0,0,0.0082294465974,0.0166674368083,41.5200233459,0,0,0,0,120.050602143,704008.520105
4.20277777778,-0.00102565239649,0.579487860203,2.40512919426,4.43056342192e-06,2.29278848565e-05,0,0,0.00886027980596,0.0166674368083,41.5200233459,0,0,0,0,130.630104088,703995.278757
4.21388888889,-0.00102565239649,0.579487860203,2.40512919426,4.43056342192e-06,2.29278848565e-05,0,0,0.00952068716288,0.0166674368083,41.5200233459,0,0,0,0,141.536049749,703981.425158
4.225,-0.00102565239649,0.579487860203,2.40512919426,4.43056342192e-06,2.29278848565e-05,0,0,0.0102108540013,0.0166674368083,41.5200233459,0,0,0,0,153.834978264,703966.966115
4.23611111111,-0.00102565239649,0.579487860203,2.40512919426,4.43056342192e-06,2.29278848565e-05,0,0,0.0109305428341,0.0166674368083,41.5200233459,0,0,0,0,166.200641518,703951.86851
4.24722222222,-0.00102565239649,0.579487860203,2.40512919426,4.43056342192e-06,2.29278848565e-05,0,0,0.0116801625118,0.0166674368083,41.5200233459,0,0,0,0,178.393872632,703936.150421
4.25833333333,-0.00102565239649,0.579487860203,2.40512919426,4.43056342192e-06,2.29278848565e-05,0,0,0.0124603491277,0.0166674368083,41.5200233459,0,0,0,0,192.145424286,703919.81358
4.26944444444,-0.00102565239649,0.579487860203,2.40512919426,4.43056342192e-06,2.29278848565e-05,0,0,0.0132696954533,0.0166674368083,41.5200233459,0,0,0,0,206.375413308,703902.81191
4.28055555556,-0.00102565239649,0.579487860203,2.40512919426,4.43056342192e-06,2.29278848565e-05,0,0,0.0141091616824,0.0166674368083,41.5200233459,0,0,0,0,220.89383384,703885.152289
4.29166666667,-0.00102565239649,0.579487860203,2.40512919426,4.43056342192e-06,2.29278848565e-05,0,0,0.014979923144,0.0166674368083,41.5200233459,0,0,0,0,236.556948196,703866.832072
4.30277777778,-0.00102565239649,0.579487860203,2.40512919426,4.43056342192e-06,2.29278848565e-05,0,0,0.0158775672317,0.0166674368083,41.5200233459,0,0,0,0,253.104732677,703847.877549
4.31388888889,-0.00102565239649,0.579487860203,2.40512919426,4.43056342192e-06,2.29278848565e-05,0,0,0.0168099161237,0.0166674368083,41.5200233459,0,0,0,0,268.957093463,703828.368289
4.325,-0.00102565239649,0.579487860203,2.40512919426,4.43056342192e-06,2.29278848565e-05,0,0,0.0177770536393,0.0166674368083,41.5200233459,0,0,0,0,286.169910192,703808.174203
4.33611111111,-0.00102565239649,0.579487860203,2.40512919426,4.43056342192e-06,2.29278848565e-05,0,0,0.0187737625092,0.0166674368083,41.5200233459,0,0,0,0,303.75851629,703787.267225
4.34722222222,-0.00102565239649,0.579487860203,2.40512919426,4.43056342192e-06,2.29278848565e-05,0,0,0.0198028497398,0.0166674368083,41.5200233459,0,0,0,0,322.051301781,703765.786705
4.35833333333,-0.00102565239649,0.579487860203,2.40512919426,4.43056342192e-06,2.29278848565e-05,0,0,0.0208636038005,0.0166674368083,41.5200233459,0,0,0,0,340.872369204,703743.631579
4.36944444444,-0.00102565239649,0.579487860203,2.40512919426,4.43056342192e-06,2.29278848565e-05,0,0,0.0219546109438,0.0166674368083,41.5200233459,0,0,0,0,360.030623349,703720.747166
4.38055555556,-0.00102565239649,0.579487860203,2.40512919426,4.43056342192e-06,2.29278848565e-05,0,0,0.023078257218,0.0166674368083,41.5200233459,0,0,0,0,379.914731024,703697.298122
4.39166666667,-0.00102565239649,0.579487860203,2.40512919426,4.43056342192e-06,2.29278848565e-05,0,0,0.0242321249098,0.0166674368083,41.5200233459,0,0,0,0,400.452257247,703673.160627
4.40277777778,-0.00102565239649,0.579487860203,2.40512919426,4.43056342192e-06,2.29873094213e-05,0,0,0.025418177247,0.0166674368083,41.5200233459,0,0,0,0,421.653207599,703648.293399
4.41388888889,-0.00102565239649,0.579487860203,2.40512919426,4.43056342192e-06,2.29278848565e-05,0,0,0.0266344565898,0.0166674368083,41.5200233459,0,0,0,0,443.268196675,703622.877937
4.425,-0.00102565239649,0.579487860203,2.40512919426,4.43056342192e-06,2.29278848565e-05,0,0,0.0278784707189,0.0166674368083,41.5200233459,0,0,0,0,465.631878894,703596.757954
4.43611111111,-0.00102565239649,0.579487860203,2.40512919426,4.43056342192e-06,2.29278848565e-05,0,0,0.0291585642844,0.0166674368083,41.5200233459,0,0,0,0,488.048249078,703569.871613
4.44722222222,-0.00102565239649,0.579487860203,2.40512919426,4.43056342192e-06,2.29278848565e-05,0,0,0.0304652545601,0.0166674368083,41.5200233459,0,0,0,0,511.80591618,703542.457618
4.45833333333,-0.00102565239649,0.579487860203,2.40512919426,4.43056342192e-06,2.29278848565e-05,0,0,0.0318098887801,0.0166674368083,41.5200233459,0,0,0,0,537.006435895,703514.435514
4.46944444444,-0.00102565239649,0.579487860203,2.40512919426,4.43056342192e-06,2.29278848565e-05,0,0,0.0331836603582,0.0166674368083,41.5200233459,0,0,0,0,562.307446387,703485.807169
4.48055555556,-0.00102565239649,0.579487860203,2.40512919426,4.43056342192e-06,2.29278848565e-05,0,0,0.0345909297466,0.0166674368083,41.5200233459,0,0,0,0,587.917797918,703456.482772
4.49166666667,-0.00102565239649,0.579487860203,2.40512919426,4.43056342192e-06,2.29278848565e-05,0,0,0.0360274203122,0.0166674368083,41.5200233459,0,0,0,0,613.070065379,703426.50723
4.50277777778,-0.00102565239649,0.579487860203,2.40512919426,4.43056342192e-06,2.29278848565e-05,0,0,0.0374974086881,0.0166674368083,41.5200233459,0,0,0,0,639.480603811,703395.897381
4.51388888889,-0.00102565239649,0.579487860203,2.40512919426,4.43056342192e-06,2.29278848565e-05,0,0,0.0389968305826,0.0166674368083,41.5200233459,0,0,0,0,666.193159634,703364.595222
4.525,-0.00102565239649,0.579487860203,2.40512919426,4.43056342192e-06,2.29278848565e-05,0,0,0.0405305884778,0.0166674368083,41.5200233459,0,0,0,0,692.863603791,703332.654827
4.53611111111,-0.00102565239649,0.579487860203,2.40512919426,4.43056342192e-06,2.29278848565e-05,0,0,0.0420906171203,0.0166674368083,41.5200233459,0,0,0,0,721.538008992,703300.059544
4.54722222222,-0.00102565239649,0.579487860203,2.40512919426,4.43056342192e-06,2.29278848565e-05,0,0,0.0436867363751,0.0166674368083,41.5200233459,0,0,0,0,749.183717653,703266.794404
4.55833333333,-0.00102565239649,0.579487860203,2.40512919426,4.43056342192e-06,2.29278848565e-05,0,0,0.0452998392284,0.0166674368083,41.5200233459,0,0,0,0,780.377632336,703232.844439
4.56944444444,-0.00102565239649,0.579487860203,2.40512919426,4.43056342192e-06,2.29278848565e-05,0,0,0.0469572916627,0.0166674368083,41.5200233459,0,0,0,0,808.354826573,703198.28262
4.58055555556,-0.00102565239649,0.579487860203,2.40512919426,4.43056342192e-06,2.29278848565e-05,0,0,0.0486372485757,0.0166674368083,41.5200233459,0,0,0,0,839.387957365,703163.019136
4.59166666667,-0.00102565239649,0.579487860203,2.40512919426,4.43056342192e-06,2.29278848565e-05,0,0,0.0503598377109,0.0166674368083,41.5200233459,0,0,0,0,869.74471795,703127.104318
4.60277777778,-0.00102565239649,0.579487860203,2.40512919426,4.43056342192e-06,2.29278848565e-05,0,0,0.0521131195128,0.0166674368083,41.5200233459,0,0,0,0,901.379215216,703090.521515
4.61388888889,-0.00102565239649,0.579487860203,2.40512919426,4.43056342192e-06,2.29278848565e-05,0,0,0.0538985915482,0.0166674368083,41.5200233459,0,0,0,0,933.546009682,703053.296921
4.625,-0.00102565239649,0.579487860203,2.40512919426,4.43056342192e-06,2.29278848565e-05,0,0,0.0557162947953,0.0166674368083,41.5200233459,0,0,0,0,965.942582808,703015.365048
4.63611111111,-0.00102565239649,0.579487860203,2.40512919426,4.43056342192e-06,2.29278848565e-05,0,0,0.0575645677745,0.0166674368083,41.5200233459,0,0,0,0,999.107269008,702976.82034
4.64722222222,-0.00102565239649,0.579487860203,2.40512919426,4.43056342192e-06,2.29278848565e-05,0,0,0.0594470538199,0.0166674368083,41.5200233459,0,0,0,0,1032.91431868,702937.585987
4.65833333333,-0.00102565239649,0.579487860203,2.40512919426,4.43056342192e-06,2.29278848565e-05,0,0,0.0613577775657,0.0166674368083,41.5200233459,0,0,0,0,1068.00565544,702897.663067
4.66944444444,-0.00102565239649,0.579487860203,2.40512919426,4.43056342192e-06,2.29278848565e-05,0,0,0.0633030161262,0.0166674368083,41.5200233459,0,0,0,0,1103.33302725,702857.090872
4.68055555556,-0.00102565239649,0.579487860203,2.40512919426,4.43056342192e-06,2.29278848565e-05,0,0,0.065272398293,0.0166674368083,41.5200233459,0,0,0,0,1137.19900445,702815.854433
4.69166666667,-0.00102565239649,0.579487860203,2.40512919426,4.43056342192e-06,2.29278848565e-05,0,0,0.0672783628106,0.0166674368083,41.5200233459,0,0,0,0,1174.73079782,702773.938594
4.70277777778,-0.00102565239649,0.579487860203,2.40512919426,4.43056342192e-06,2.29278848565e-05,0,0,0.0693013891578,0.0166674368083,41.5200233459,0,0,0,0,1210.22969814,702731.315476
4.71388888889,-0.00102565239649,0.579487860203,2.40512919426,4.43056342192e-06,2.29278848565e-05,0,0,0.0713688880205,0.0166674368083,41.5200233459,0,0,0,0,1248.90475,702688.076763
4.725,-0.00102565239649,0.579487860203,2.40512919426,4.43056342192e-06,2.29278848565e-05,0,0,0.073475189507,0.0166674368083,41.5200233459,0,0,0,0,1283.40166474,702644.192424
4.73611111111,-0.00102565239649,0.579487860203,2.40512919426,4.43056342192e-06,2.29278848565e-05,0,0,0.0756062492728,0.0166674368083,41.5200233459,0,0,0,0,1323.4447612,702599.600712
4.74722222222,-0.00102565239649,0.579487860203,2.40512919426,4.43056342192e-06,2.29278848565e-05,0,0,0.0777764394879,0.0166674368083,41.5200233459,0,0,0,0,1362.65539174,702554.357854
4.75833333333,-0.00102565239649,0.579487860203,2.40512919426,4.43056342192e-06,2.29278848565e-05,0,0,0.079975232482,0.0166674368083,41.5200233459,0,0,0,0,1400.69745643,702508.452623
4.76944444444,-0.00102565239649,0.579487860203,2.40512919426,4.43056342192e-06,2.29278848565e-05,0,0,0.0822075977921,0.0166674368083,41.5200233459,0,0,0,0,1442.73173773,702461.867993
4.78055555556,-0.00102565239649,0.579487860203,2.40512919426,4.43056342192e-06,2.29724682868e-05,0,0,0.0844709575176,0.0166674368083,41.5200233459,0,0,0,0,1481.7771649,702414.617248
4.79166666667,-0.00102565239649,0.579487860203,2.40512919426,4.43056342192e-06,2.29278848565e-05,0,0,0.0867616534233,0.0166674368083,41.5200233459,0,0,0,0,1526.36642503,702366.672321
4.80277777778,-0.00102565239649,0.579487860203,2.40512919426,4.43056342192e-06,2.29278848565e-05,0,0,0.0890873223543,0.0166674368083,41.5200233459,0,0,0,0,1566.43836465,702318.030266
4.81388888889,-0.00102565239649,0.579487860203,2.40512919426,4.43056342192e-06,2.29278848565e-05,0,0,0.091436304152,0.0166674368083,41.5200233459,0,0,0,0,1613.34411213,702268.68182
4.825,-0.00102565239649,0.579487860203,2.40512919426,4.43056342192e-06,2.29278848565e-05,0,0,0.0938300043344,0.0166674368083,41.5200233459,0,0,0,0,1652.09415974,702218.714926
4.83611111111,-0.00102565239649,0.579487860203,2.40512919426,4.43056342192e-06,2.29278848565e-05,0,0,0.0962356328964,0.0166674368083,41.5200233459,0,0,0,0,1699.82953896,702168.024708
4.84722222222,-0.00102565239649,0.579487860203,2.40512919426,4.43056342192e-06,2.29278848565e-05,0,0,0.0986907929182,0.0166674368083,41.5200233459,0,0,0,0,1741.55025783,702116.690829
4.85833333333,-0.00102565239649,0.579487860203,2.40512919426,4.43056342192e-06,2.29278848565e-05,0,0,0.101176552474,0.0166674368083,41.5200233459,0,0,0,0,1786.02560993,702064.670159
4.86944444444,-0.00102565239649,0.579487860203,2.40512919426,4.43056342192e-06,2.29873094213e-05,0,0,0.103694930673,0.0166674368083,41.5200233459,0,0,0,0,1834.33903793,702011.957085
4.88055555556,-0.00102565239649,0.579487860203,2.40512919426,4.43056342192e-06,2.29278848565e-05,0,0,0.106247790158,0.0166674368083,41.5200233459,0,0,0,0,1877.22845158,701958.560962
4.89166666667,-0.00102565239649,0.579487860203,2.40512919426,4.43056342192e-06,2.29873094213e-05,0,0,0.108822964132,0.0166674368083,41.5200233459,0,0,0,0,1928.34948177,701904.46308
4.90277777778,-0.00102565239649,0.579487860203,2.40512919426,4.43056342192e-06,2.29278848565e-05,0,0,0.111442618072,0.0166674368083,41.5200233459,0,0,0,0,1972.77418767,701849.732763
4.91388888889,-0.00102565239649,0.579487860203,2.40512919426,4.43056342192e-06,2.29278848565e-05,0,0,0.11407738179,0.0166674368083,41.5200233459,0,0,0,0,2025.9366942,701794.252927
4.925,-0.00102565239649,0.579487860203,2.40512919426,4.43056342192e-06,2.29278848565e-05,0,0,0.11675401032,0.0166674368083,41.5200233459,0,0,0,0,2071.47847059,701738.861921
4.93611111111,-0.00102565239649,0.579487860203,2.40512919426,4.43056342192e-06,2.29278848565e-05,0,0,0.119455061853,0.0166674368083,41.5200233459,0,0,0,0,2118.65971455,701682.858969
4.94722222222,-0.00102565239649,0.579487860203,2.40512919426,4.43056342192e-06,2.29278848565e-05,0,0,0.12219529599,0.0166674368083,41.5200233459,0,0,0,0,2170.41275145,701626.197294
4.95833333333,-0.00102565239649,0.579487860203,2.40512919426,4.43056342192e-06,2.29278848565e-05,0,0,0.124961189926,0.0166674368083,41.5200233459,0,0,0,0,2216.86782476,701568.843214
4.96944444444,-0.00102565239649,0.579487860203,2.40512919426,4.43056342192e-06,2.29278848565e-05,0,0,0.127765774727,0.0166674368083,41.5200233459,0,0,0,0,2271.12989904,701510.858477
4.98055555556,-0.00102565239649,0.579487860203,2.40512919426,4.43056342192e-06,2.29278848565e-05,0,0,0.130594685674,0.0166674368083,41.5200233459,0,0,0,0,2320.96617331,701452.179465
4.99166666667,-0.00102565239649,0.579487860203,2.40512919426,4.43056342192e-06,2.29278848565e-05,0,0,0.133450970054,0.0166674368083,41.5200233459,0,0,0,0,2374.53715,701392.804307
5.00277777778,-0.00102565239649,0.579487860203,2.40512919426,4.43056342192e-06,2.29278848565e-05,0,0,0.136355951428,0.0166674368083,41.5200233459,0,0,0,0,2423.76858087,701332.838673
5.01388888889,-0.00102565239649,0.579487860203,2.40512919426,4.43056342192e-06,2.29278848565e-05,0,0,0.139277592301,0.0166674368083,41.5200233459,0,0,0,0,2476.64220195,701272.183489
5.025,-0.00102565239649,0.579487860203,2.40512919426,4.43056342192e-06,2.29278848565e-05,0,0,0.142243057489,0.0166674368083,41.5200233459,0,0,0,0,2532.78465375,701210.880714
5.03611111111,-0.00102565239649,0.579487860203,2.40512919426,4.43056342192e-06,2.29278848565e-05,0,0,0.145233184099,0.0166674368083,41.5200233459,0,0,0,0,2583.55070516,701148.906211
5.04722222222,-0.00102565239649,0.579487860203,2.40512919426,4.43056342192e-06,2.29278848565e-05,0,0,0.148251667619,0.0166674368083,41.5200233459,0,0,0,0,2642.36458779,701086.256051
5.05833333333,-0.00102565239649,0.579487860203,2.40512919426,4.43056342192e-06,3.05213034153e-05,0,0,0.151301234961,0.0166674368083,41.5200233459,0,0,0,0,2696.32024025,701022.907873
5.06944444444,-0.00102565239649,0.579487860203,2.40512919426,4.43056342192e-06,2.29278848565e-05,0,0,0.154381915927,0.0166674368083,41.5200233459,0,0,0,0,2757.62042723,700958.884131
5.08055555556,-0.00102565239649,0.579487860203,2.40512919426,4.43056342192e-06,2.29278848565e-05,0,0,0.157495245337,0.0166674368083,41.5200233459,0,0,0,0,2809.48667597,700894.221265
5.09166666667,-0.00102565239649,0.579487860203,2.40512919426,4.43056342192e-06,2.29278848565e-05,0,0,0.160624235868,0.0166674368083,41.5200233459,0,0,0,0,2872.88879584,700828.844524
5.10277777778,-0.00102565239649,0.579487860203,2.40512919426,4.43056342192e-06,2.29278848565e-05,0,0,0.163818389177,0.0166674368083,41.5200233459,0,0,0,0,2920.27452211,700762.913748
5.11388888889,-0.00102565239649,0.579487860203,2.40512919426,4.43056342192e-06,2.29278848565e-05,0,0,0.16702362895,0.0166674368083,41.5200233459,0,0,0,0,2982.55421926,700696.272839
5.125,-0.00102565239649,0.579487860203,2.40512919426,4.43056342192e-06,2.29278848565e-05,0,0,0.170236647129,0.0166674368083,41.5200233459,0,0,0,0,3049.54635758,700628.886153
5.13611111111,-0.00102565239649,0.579487860203,2.40512919426,4.43056342192e-06,2.29278848565e-05,0,0,0.173482432961,0.0166674368083,41.5200233459,0,0,0,0,3101.3913447,700560.788351
5.14722222222,-0.00102565239649,0.579487860203,2.40512919426,4.43056342192e-06,2.29278848565e-05,0,0,0.17681081593,0.0166674368083,41.5200233459,0,0,0,0,3158.04319488,700492.16547
5.15833333333,-0.00102565239649,0.579487860203,2.40512919426,4.43056342192e-06,2.29278848565e-05,0,0,0.180151209235,0.0166674368083,41.5200233459,0,0,0,0,3223.93746536,700422.851167
5.16944444444,-0.00102565239649,0.579487860203,2.40512919426,4.43056342192e-06,2.29278848565e-05,0,0,0.183512359858,0.0166674368083,41.5200233459,0,0,0,0,3287.62576226,700352.821913
5.18055555556,-0.00102565239649,0.579487860203,2.40512919426,4.43056342192e-06,2.29278848565e-05,0,0,0.186886355281,0.0166674368083,41.5200233459,0,0,0,0,3355.55807319,700282.050718
5.19166666667,-0.00102565239649,0.579487860203,2.40512919426,4.43056342192e-06,2.29278848565e-05,0,0,0.190338358283,0.0166674368083,41.5200233459,0,0,0,0,3409.22953536,700210.713278
5.20277777778,-0.00102565239649,0.579487860203,2.40512919426,4.43056342192e-06,2.29724682868e-05,0,0,0.193813070655,0.0166674368083,41.5200233459,0,0,0,0,3477.75923241,700138.66187
5.21388888889,-0.00102565239649,0.579487860203,2.40512919426,4.43056342192e-06,2.30712321354e-05,0,0,0.197297126055,0.0166674368083,41.5200233459,0,0,0,0,3548.91656681,700065.844103
5.225,-0.00102565239649,0.579487860203,2.40512919426,4.43056342192e-06,2.29278848565e-05,0,0,0.200790837407,0.0166674368083,41.5200233459,0,0,0,0,3618.60294348,699992.306847
5.23611111111,-0.00102565239649,0.579487860203,2.40512919426,4.43056342192e-06,2.29278848565e-05,0,0,0.20429430902,0.0166674368083,41.5200233459,0,0,0,0,3691.51838198,699918.008844
5.24722222222,-0.00102565239649,0.579487860203,2.40512919426,4.43056342192e-06,2.29278848565e-05,0,0,0.207875192165,0.0166674368083,41.5200233459,0,0,0,0,3743.35175682,699843.194229
5.25833333333,-0.00102565239649,0.579487860203,2.40512919426,4.43056342192e-06,2.29278848565e-05,0,0,0.211466267705,0.0166674368083,41.5200233459,0,0,0,0,3817.90146151,699767.616014
5.26944444444,-0.00102565239649,0.579487860203,2.40512919426,4.43056342192e-06,2.29278848565e-05,0,0,0.21510605514,0.0166674368083,41.5200233459,0,0,0,0,3883.24945337,699691.378093
5.28055555556,-0.00102565239649,0.579487860203,2.40512919426,4.43056342192e-06,2.29278848565e-05,0,0,0.218757167459,0.0166674368083,41.5200233459,0,0,0,0,3957.52519067,699614.383167
5.29166666667,-0.00102565239649,0.579487860203,2.40512919426,4.43056342192e-06,2.29278848565e-05,0,0,0.222434163094,0.0166674368083,41.5200233459,0,0,0,0,4026.94071814,699536.696727
5.30277777778,-0.00102565239649,0.579487860203,2.40512919426,4.43056342192e-06,2.29278848565e-05,0,0,0.226141914725,0.0166674368083,41.5200233459,0,0,0,0,4088.64860547,699458.306562
5.31388888889,-0.00102565239649,0.579487860203,2.40512919426,4.43056342192e-06,2.29278848565e-05,0,0,0.229923173785,0.0166674368083,41.5200233459,0,0,0,0,4155.97611623,699379.37546
5.325,-0.00102565239649,0.579487860203,2.40512919426,4.43056342192e-06,2.29278848565e-05,0,0,0.233718767762,0.0166674368083,41.5200233459,0,0,0,0,4234.27004059,699299.692967
5.33611111111,-0.00102565239649,0.579487860203,2.40512919426,4.43056342192e-06,2.29278848565e-05,0,0,0.237526133657,0.0166674368083,41.5200233459,0,0,0,0,4313.72571214,699219.246874
5.34722222222,-0.00102565239649,0.579487860203,2.40512919426,4.43056342192e-06,2.29278848565e-05,0,0,0.241345450282,0.0166674368083,41.5200233459,0,0,0,0,4394.27132261,699138.033534
5.35833333333,-0.00102565239649,0.579487860203,2.40512919426,4.43056342192e-06,2.29278848565e-05,0,0,0.245214343071,0.0166674368083,41.5200233459,0,0,0,0,4458.79956746,699056.179104
5.36944444444,-0.00102565239649,0.579487860203,2.40512919426,4.43056342192e-06,2.29278848565e-05,0,0,0.249105855823,0.0166674368083,41.5200233459,0,0,0,0,4537.99988775,698973.612577
5.38055555556,-0.00102565239649,0.579487860203,2.40512919426,4.43056342192e-06,2.29278848565e-05,0,0,0.253060758114,0.0166674368083,41.5200233459,0,0,0,0,4603.36971897,698890.45361
5.39166666667,-0.00102565239649,0.579487860203,2.40512919426,4.43056342192e-06,2.29278848565e-05,0,0,0.257028460503,0.0166674368083,41.5200233459,0,0,0,0,4686.04720478,698806.523559
5.40277777778,-0.00102565239649,0.579487860203,2.40512919426,4.43056342192e-06,2.29278848565e-05,0,0,0.261009395123,0.0166674368083,41.5200233459,0,0,0,0,4770.18856808,698721.830002
5.41388888889,-0.00102565239649,0.579487860203,2.40512919426,4.43056342192e-06,2.29278848565e-05,0,0,0.265003591776,0.0166674368083,41.5200233459,0,0,0,0,4852.9180279,698636.374716
5.425,-0.00102565239649,0.579487860203,2.40512919426,4.43056342192e-06,2.29278848565e-05,0,0,0.269011378288,0.0166674368083,41.5200233459,0,0,0,0,4938.32821154,698550.158684
5.43611111111,-0.00102565239649,0.579487860203,2.40512919426,4.43056342192e-06,2.29278848565e-05,0,0,0.273032963276,0.0166674368083,41.5200233459,0,0,0,0,5024.02242222,698463.172551
5.44722222222,-0.00102565239649,0.579487860203,2.40512919426,4.43056342192e-06,2.29278848565e-05,0,0,0.277068585157,0.0166674368083,41.5200233459,0,0,0,0,5110.92828026,698375.420946
5.45833333333,-0.00102565239649,0.579487860203,2.40512919426,4.43056342192e-06,2.29278848565e-05,0,0,0.281118512154,0.0166674368083,41.5200233459,0,0,0,0,5198.33207606,698286.893627
5.46944444444,-0.00102565239649,0.579487860203,2.40512919426,4.43056342192e-06,2.29278848565e-05,0,0,0.285182952881,0.0166674368083,41.5200233459,0,0,0,0,5287.11849121,698197.594335
5.48055555556,-0.00102565239649,0.579487860203,2.40512919426,4.43056342192e-06,2.29278848565e-05,0,0,0.289339125156,0.0166674368083,41.5200233459,0,0,0,0,5318.81926525,698107.785726
5.49166666667,-0.00102565239649,0.579487860203,2.40512919426,4.43056342192e-06,2.29278848565e-05,0,0,0.293574810028,0.0166674368083,41.5200233459,0,0,0,0,5403.74261924,698017.490349
5.50277777778,-0.00102565239649,0.579487860203,2.40512919426,4.43056342192e-06,2.29278848565e-05,0,0,0.29782563448,0.0166674368083,41.5200233459,0,0,0,0,5493.17340193,697926.440728
5.51388888889,-0.00102565239649,0.579487860203,2.40512919426,4.43056342192e-06,2.29278848565e-05,0,0,0.302091956139,0.0166674368083,41.5200233459,0,0,0,0,5583.39775462,697834.628489
5.525,-0.00102565239649,0.579487860203,2.40512919426,4.43056342192e-06,2.30712321354e-05,0,0,0.306374013424,0.0166674368083,41.5200233459,0,0,0,0,5675.39732183,697742.042313
5.53611111111,-0.00102565239649,0.579487860203,2.40512919426,4.43056342192e-06,2.29724682868e-05,0,0,0.310672074556,0.0166674368083,41.5200233459,0,0,0,0,5768.39772927,697648.682293
5.54722222222,-0.00102565239649,0.579487860203,2.40512919426,4.43056342192e-06,2.30860114243e-05,0,0,0.31498631835,0.0166674368083,41.5200233459,0,0,0,0,5862.1085602,697554.545575
5.55833333333,-0.00102565239649,0.579487860203,2.40512919426,4.43056342192e-06,2.29278848565e-05,0,0,0.319337636232,0.0166674368083,41.5200233459,0,0,0,0,5924.70649532,697459.704151
5.56944444444,-0.00102565239649,0.579487860203,2.40512919426,4.43056342192e-06,2.29278848565e-05,0,0,0.323767244816,0.0166674368083,41.5200233459,0,0,0,0,6017.14802792,697364.307616
5.58055555556,-0.00102565239649,0.579487860203,2.40512919426,4.43056342192e-06,2.29278848565e-05,0,0,0.328213870525,0.0166674368083,41.5200233459,0,0,0,0,6112.78224998,697268.129658
5.59166666667,-0.00102565239649,0.579487860203,2.40512919426,4.43056342192e-06,2.29278848565e-05,0,0,0.332677721977,0.0166674368083,41.5200233459,0,0,0,0,6207.90478291,697171.183471
5.60277777778,-0.00102565239649,0.579487860203,2.40512919426,4.43056342192e-06,2.29278848565e-05,0,0,0.33715903759,0.0166674368083,41.5200233459,0,0,0,0,6304.86827855,697073.459603
5.61388888889,-0.00102565239649,0.579487860203,2.40512919426,4.43056342192e-06,2.29278848565e-05,0,0,0.341658145189,0.0166674368083,41.5200233459,0,0,0,0,6402.64076412,696974.966522
5.625,-0.00102565239649,0.579487860203,2.40512919426,4.43056342192e-06,2.29278848565e-05,0,0,0.346175253391,0.0166674368083,41.5200233459,0,0,0,0,6501.48214077,696875.693002
5.63611111111,-0.00102565239649,0.579487860203,2.40512919426,4.43056342192e-06,2.29724682868e-05,0,0,0.350710630417,0.0166674368083,41.5200233459,0,0,0,0,6601.23805545,696775.63806
5.64722222222,-0.00102565239649,0.579487860203,2.40512919426,4.43056342192e-06,2.29724682868e-05,0,0,0.355264574289,0.0166674368083,41.5200233459,0,0,0,0,6701.76119434,696674.804549
5.65833333333,-0.00102565239649,0.579487860203,2.40512919426,4.43056342192e-06,2.29278848565e-05,0,0,0.35983723402,0.0166674368083,41.5200233459,0,0,0,0,6802.35021391,696573.184003
5.66944444444,-0.00102565239649,0.579487860203,2.40512919426,4.43056342192e-06,2.29278848565e-05,0,0,0.364428848028,0.0166674368083,41.5200233459,0,0,0,0,6904.02217624,696470.794244
5.68055555556,-0.00102565239649,0.579487860203,2.40512919426,4.43056342192e-06,2.29278848565e-05,0,0,0.369039773941,0.0166674368083,41.5200233459,0,0,0,0,7006.78475235,696367.625916
5.69166666667,-0.00102565239649,0.579487860203,2.40512919426,4.43056342192e-06,2.29278848565e-05,0,0,0.37367027998,0.0166674368083,41.5200233459,0,0,0,0,7110.32587346,696263.678038
5.70277777778,-0.00102565239649,0.579487860203,2.40512919426,4.43056342192e-06,2.29278848565e-05,0,0,0.37832057476,0.0166674368083,41.5200233459,0,0,0,0,7214.35845353,696158.948738
5.71388888889,-0.00102565239649,0.579487860203,2.40512919426,4.43056342192e-06,2.29278848565e-05,0,0,0.382990896702,0.0166674368083,41.5200233459,0,0,0,0,7319.20704052,696053.444611
5.725,-0.00102565239649,0.579487860203,2.40512919426,4.43056342192e-06,2.29278848565e-05,0,0,0.387681633234,0.0166674368083,41.5200233459,0,0,0,0,7424.51632739,695947.153449
5.73611111111,-0.00102565239649,0.579487860203,2.40512919426,4.43056342192e-06,2.29278848565e-05,0,0,0.392392992973,0.0166674368083,41.5200233459,0,0,0,0,7530.95743492,695840.079883
5.74722222222,-0.00102565239649,0.579487860203,2.40512919426,4.43056342192e-06,2.29278848565e-05,0,0,0.397125124931,0.0166674368083,41.5200233459,0,0,0,0,7634.00677759,695732.244588
5.75833333333,-0.00102565239649,0.579487860203,2.40512919426,4.43056342192e-06,2.29278848565e-05,0,0,0.401878386736,0.0166674368083,41.5200233459,0,0,0,0,7740.98038551,695623.655049
5.76944444444,-0.00102565239649,0.579487860203,2.40512919426,4.43056342192e-06,2.29724682868e-05,0,0,0.406652897596,0.0166674368083,41.5200233459,0,0,0,0,7849.93859994,695514.275622
5.78055555556,-0.00102565239649,0.579487860203,2.40512919426,4.43056342192e-06,2.29278848565e-05,0,0,0.411449313164,0.0166674368083,41.5200233459,0,0,0,0,7959.3443256,695404.116643
5.79166666667,-0.00102565239649,0.579487860203,2.40512919426,4.43056342192e-06,2.29278848565e-05,0,0,0.416267573833,0.0166674368083,41.5200233459,0,0,0,0,8068.70338295,695293.18747
5.80277777778,-0.00102565239649,0.579487860203,2.40512919426,4.43056342192e-06,2.29278848565e-05,0,0,0.421107947826,0.0166674368083,41.5200233459,0,0,0,0,8179.89328296,695181.473132
5.81388888889,-0.00102565239649,0.579487860203,2.40512919426,4.43056342192e-06,2.29278848565e-05,0,0,0.425970703363,0.0166674368083,41.5200233459,0,0,0,0,8291.997728,695068.975501
5.825,-0.00102565239649,0.579487860203,2.40512919426,4.43056342192e-06,2.29278848565e-05,0,0,0.430856138468,0.0166674368083,41.5200233459,0,0,0,0,8404.88674155,694955.693595
5.83611111111,-0.00102565239649,0.579487860203,2.40512919426,4.43056342192e-06,2.29278848565e-05,0,0,0.43576464057,0.0166674368083,41.5200233459,0,0,0,0,8518.61741615,694841.629377
5.84722222222,-0.00102565239649,0.579487860203,2.40512919426,4.43056342192e-06,2.29278848565e-05,0,0,0.440696388483,0.0166674368083,41.5200233459,0,0,0,0,8632.87977942,694726.774289
5.85833333333,-0.00102565239649,0.579487860203,2.40512919426,4.43056342192e-06,2.29278848565e-05,0,0,0.445651590824,0.0166674368083,41.5200233459,0,0,0,0,8748.1305665,694611.138762
5.86944444444,-0.00102565239649,0.579487860203,2.40512919426,4.43056342192e-06,2.29278848565e-05,0,0,0.450630575418,0.0166674368083,41.5200233459,0,0,0,0,8863.81420157,694494.712363
5.88055555556,-0.00102565239649,0.579487860203,2.40512919426,4.43056342192e-06,2.29724682868e-05,0,0,0.455633699894,0.0166674368083,41.5200233459,0,0,0,0,8977.00316547,694377.526995
5.89166666667,-0.00102565239649,0.579487860203,2.40512919426,4.43056342192e-06,2.29724682868e-05,0,0,0.460661232471,0.0166674368083,41.5200233459,0,0,0,0,9094.64432522,694259.562077
5.90277777778,-0.00102565239649,0.579487860203,2.40512919426,4.43056342192e-06,2.29278848565e-05,0,0,0.46571329236,0.0166674368083,41.5200233459,0,0,0,0,9212.64131454,694140.802545
5.91388888889,-0.00102565239649,0.579487860203,2.40512919426,4.43056342192e-06,2.29278848565e-05,0,0,0.470790207386,0.0166674368083,41.5200233459,0,0,0,0,9331.82291814,694021.261592
5.925,-0.00102565239649,0.579487860203,2.40512919426,4.43056342192e-06,2.29278848565e-05,0,0,0.47589224577,0.0166674368083,41.5200233459,0,0,0,0,9451.78861373,693900.934492
5.93611111111,-0.00102565239649,0.579487860203,2.40512919426,4.43056342192e-06,2.29278848565e-05,0,0,0.481019794941,0.0166674368083,41.5200233459,0,0,0,0,9572.15852437,693779.819374
5.94722222222,-0.00102565239649,0.579487860203,2.40512919426,4.43056342192e-06,2.29278848565e-05,0,0,0.486173093319,0.0166674368083,41.5200233459,0,0,0,0,9692.3366138,693657.927465
5.95833333333,-0.00102565239649,0.579487860203,2.40512919426,4.43056342192e-06,2.32234870055e-05,0,0,0.491352319717,0.0166674368083,41.5200233459,0,0,0,0,9814.72264196,693535.247539
5.96944444444,-0.00102565239649,0.579487860203,2.40512919426,4.43056342192e-06,2.29278848565e-05,0,0,0.496557891369,0.0166674368083,41.5200233459,0,0,0,0,9937.87800881,693411.773982
5.98055555556,-0.00102565239649,0.579487860203,2.40512919426,4.43056342192e-06,2.29278848565e-05,0,0,0.501789987087,0.0166674368083,41.5200233459,0,0,0,0,10061.6576869,693287.514278
5.99166666667,-0.00102565239649,0.579487860203,2.40512919426,4.43056342192e-06,2.30712321354e-05,0,0,0.507048845291,0.0166674368083,41.5200233459,0,0,0,0,10186.4198754,693162.466557
6.00277777778,-0.00102565239649,0.579487860203,2.40512919426,4.43056342192e-06,2.33990558627e-05,0,0,0.512335002422,0.0166674368083,41.5200233459,0,0,0,0,10311.8509054,693036.626093
6.01388888889,-0.00102565239649,0.579487860203,2.40512919426,4.43056342192e-06,2.29724682868e-05,0,0,0.517648339272,0.0166674368083,41.5200233459,0,0,0,0,10438.1282319,692909.989146
6.025,-0.00102565239649,0.579487860203,2.40512919426,4.43056342192e-06,2.29278848565e-05,0,0,0.522989392281,0.0166674368083,41.5200233459,0,0,0,0,10565.1095093,692782.571664
6.03611111111,-0.00102565239649,0.579487860203,2.40512919426,4.43056342192e-06,2.29278848565e-05,0,0,0.528358280659,0.0166674368083,41.5200233459,0,0,0,0,10692.8947312,692654.355828
6.04722222222,-0.00102565239649,0.579487860203,2.40512919426,4.43056342192e-06,2.29278848565e-05,0,0,0.533755421638,0.0166674368083,41.5200233459,0,0,0,0,10821.5799583,692525.351974
6.05833333333,-0.00102565239649,0.579487860203,2.40512919426,4.43056342192e-06,2.29278848565e-05,0,0,0.539181172848,0.0166674368083,41.5200233459,0,0,0,0,10950.7692252,692395.557249
6.06944444444,-0.00102565239649,0.579487860203,2.40512919426,4.43056342192e-06,2.29278848565e-05,0,0,0.544635474682,0.0166674368083,41.5200233459,0,0,0,0,11081.0589864,692264.96791
6.08055555556,-0.00102565239649,0.579487860203,2.40512919426,4.43056342192e-06,2.29278848565e-05,0,0,0.550119042397,0.0166674368083,41.5200233459,0,0,0,0,11211.5334605,692133.585829
6.09166666667,-0.00102565239649,0.579487860203,2.40512919426,4.43056342192e-06,2.29278848565e-05,0,0,0.555631816387,0.0166674368083,41.5200233459,0,0,0,0,11343.4081351,692001.420362
6.10277777778,-0.00102565239649,0.579487860203,2.40512919426,4.43056342192e-06,2.29278848565e-05,0,0,0.561174333096,0.0166674368083,41.5200233459,0,0,0,0,11475.8056693,691868.457428
6.11388888889,-0.00102565239649,0.579487860203,2.40512919426,4.43056342192e-06,2.29278848565e-05,0,0,0.566746652126,0.0166674368083,41.5200233459,0,0,0,0,11609.2448842,691734.700863
6.125,-0.00102565239649,0.579487860203,2.40512919426,4.43056342192e-06,2.29278848565e-05,0,0,0.572349309921,0.0166674368083,41.5200233459,0,0,0,0,11743.5075349,691600.150574
6.13611111111,-0.00102565239649,0.579487860203,2.40512919426,4.43056342192e-06,2.29278848565e-05,0,0,0.577982187271,0.0166674368083,41.5200233459,0,0,0,0,11878.5653595,691464.800058
6.14722222222,-0.00102565239649,0.579487860203,2.40512919426,4.43056342192e-06,2.29278848565e-05,0,0,0.583646118641,0.0166674368083,41.5200233459,0,0,0,0,12009.9980442,691328.679253
6.15833333333,-0.00102565239649,0.579487860203,2.40512919426,4.43056342192e-06,2.29278848565e-05,0,0,0.589341044426,0.0166674368083,41.5200233459,0,0,0,0,12146.2769401,691191.768465
6.16944444444,-0.00102565239649,0.579487860203,2.40512919426,4.43056342192e-06,3.05361973005e-05,0,0,0.595067203045,0.0166674368083,41.5200233459,0,0,0,0,12282.6930552,691054.070549
6.18055555556,-0.00102565239649,0.579487860203,2.40512919426,4.43056342192e-06,3.05213034153e-05,0,4,0.600825190544,0.0166674368083,41.5200233459,0,0,0,0,12420.76396,690915.573296
6.19166666667,-0.00102565239649,0.579487860203,2.40512919426,4.43056342192e-06,2.29278848565e-05,0,4,0.606614947319,0.0166674368083,41.5200233459,0,0,0,0,12559.8640926,690776.172904
6.20277777778,-0.00102565239649,0.579487860203,2.40512919426,4.43056342192e-06,2.29278848565e-05,0,4,0.612436950207,0.0166674368083,41.5200233459,0,0,0,0,12702.4199104,690632.76324
6.21388888889,-0.00102565239649,0.579487860203,2.40512919426,4.43056342192e-06,2.29278848565e-05,0,4,0.618291378021,0.0166674368083,41.5200233459,0,0,0,0,12853.3688614,690480.846251
6.225,-0.00102565239649,0.579487860203,2.40512919426,4.43056342192e-06,2.29278848565e-05,0,4,0.624178528786,0.0166674368083,41.5200233459,0,0,0,0,13013.4932152,690320.054217
6.23611111111,-0.00102565239649,0.579487860203,2.40512919426,4.43056342192e-06,2.29278848565e-05,4,4,0.630098700523,0.0166674368083,41.5200233459,0,0,0,0,13182.3753783,690150.086779
6.24722222222,-0.00102565239649,0.579487860203,2.40512919426,4.43056342192e-06,2.29278848565e-05,4,4,0.636052370071,0.0166674368083,41.5200233459,0,0,0,0,13360.8169712,689970.723144
6.25833333333,-0.00102565239649,0.579487860203,2.40512919426,4.43056342192e-06,2.29278848565e-05,4,4,0.642039656639,0.0166674368083,41.5200233459,0,0,0,0,13549.3938565,689781.49376
6.26944444444,-0.00102565239649,0.579487860203,2.40512919426,4.43056342192e-06,2.29278848565e-05,4,4,0.64806073904,0.0166674368083,41.5200233459,0,0,0,0,13747.8894217,689582.055229
6.28055555556,-0.00102565239649,0.579487860203,2.40512919426,4.43056342192e-06,2.29278848565e-05,4,4,0.654116153717,0.0166674368083,41.5200233459,0,0,0,0,13956.4489166,689371.965971
6.29166666667,-0.00102565239649,0.579487860203,2.40512919426,4.43056342192e-06,2.29278848565e-05,4,4,0.660206079483,0.0166674368083,41.5200233459,0,0,0,0,14176.8507386,689150.751613
6.30277777778,-0.00102565239649,0.579487860203,2.40512919426,4.43056342192e-06,2.29278848565e-05,4,4,0.666330873966,0.0166674368083,41.5200233459,0,0,0,0,14408.8833321,688917.873274
6.31388888889,-0.00102565239649,0.579487860203,2.40512919426,4.43056342192e-06,2.29278848565e-05,4,4,0.672490775585,0.0166674368083,41.5200233459,0,0,0,0,14652.352429,688672.685423
6.325,-0.00102565239649,0.579487860203,2.40512919426,4.43056342192e-06,2.29724682868e-05,4,4,0.678685963154,0.0166674368083,41.5200233459,0,0,0,0,14909.1306994,688414.121528
6.33611111111,-0.00102565239649,0.579487860203,2.40512919426,4.43056342192e-06,2.29278848565e-05,4,4,0.684916853905,0.0166674368083,41.5200233459,0,0,0,0,15179.6487659,688142.468849
6.34722222222,-0.00102565239649,0.579487860203,2.40512919426,4.43056342192e-06,2.29278848565e-05,4,4,0.691183805466,0.0166674368083,41.5200233459,0,0,0,0,15464.3383897,687856.438101
6.35833333333,-0.00102565239649,0.579487860203,2.40512919426,4.43056342192e-06,2.29278848565e-05,4,4,0.697487056255,0.0166674368083,41.5200233459,0,0,0,0,15764.1482704,687555.252864
6.36944444444,-0.00102565239649,0.579487860203,2.40512919426,4.43056342192e-06,2.29278848565e-05,4,4,0.703826785088,0.0166674368083,41.5200233459,0,0,0,0,16079.8588361,687238.094391
6.38055555556,-0.00102565239649,0.579487860203,2.40512919426,4.43056342192e-06,2.29278848565e-05,4,4,0.710203409195,0.0166674368083,41.5200233459,0,0,0,0,16412.3088161,686904.137707
6.39166666667,-0.00102565239649,0.579487860203,2.40512919426,4.43056342192e-06,2.29278848565e-05,4,4,0.716617166996,0.0166674368083,41.5200233459,0,0,0,0,16762.2074351,686552.548111
6.40277777778,-0.00102565239649,0.579487860203,2.40512919426,4.43056342192e-06,2.29278848565e-05,4,4,0.723068058491,0.0166674368083,41.5200233459,0,0,0,0,17130.7524845,686182.129077
6.41388888889,-0.00102565239649,0.579487860203,2.40512919426,4.43056342192e-06,2.29278848565e-05,4,4,0.729556977749,0.0166674368083,41.5200233459,0,0,0,0,17518.908155,685792.023729
6.425,-0.00102565239649,0.579487860203,2.40512919426,4.43056342192e-06,2.29278848565e-05,4,4,0.73608404398,0.0166674368083,41.5200233459,0,0,0,0,17927.5698785,685381.093357
6.43611111111,-0.00102565239649,0.579487860203,2.40512919426,4.43056342192e-06,2.29278848565e-05,4,4,0.742649257183,0.0166674368083,41.5200233459,0,0,0,0,18357.7236963,684947.266736
6.44722222222,-0.00102565239649,0.579487860203,2.40512919426,4.43056342192e-06,2.29278848565e-05,4,4,0.749253153801,0.0166674368083,41.5200233459,0,0,0,0,18812.0388445,684487.93456
6.45833333333,-0.00102565239649,0.579487860203,2.40512919426,4.43056342192e-06,2.29278848565e-05,4,4,0.755895972252,0.0166674368083,41.5200233459,0,0,0,0,19293.2514121,684000.043176
6.46944444444,-0.00102565239649,0.579487860203,2.40512919426,4.43056342192e-06,2.29278848565e-05,4,4,0.762578070164,0.0166674368083,41.5200233459,0,0,0,0,19805.8657194,683480.015025
6.48055555556,-0.00102565239649,0.579487860203,2.40512919426,4.43056342192e-06,2.29278848565e-05,4,4,0.769299507141,0.0166674368083,41.5200233459,0,0,0,0,20352.0614798,682925.198745
6.49166666667,-0.00102565239649,0.579487860203,2.40512919426,4.43056342192e-06,2.29724682868e-05,4,4,0.776060819626,0.0166674368083,41.5200233459,0,0,0,0,20933.8796186,682335.653229
6.50277777778,-0.00102497125044,0.579489648342,2.40506529808,0.000149349652929,3.90490022255e-05,4,4,0.782862007618,0.0166674368083,41.5200233459,0,0,0,0,21395.716068,681733.265355
6.51388888889,-0.00102474784944,0.579492986202,2.40505599976,0.000168832644704,4.48936552857e-05,4,4,0.789703607559,0.0166674368083,41.5200233459,0,0,0,0,21757.1491498,681195.067004
6.525,-0.00102627766319,0.579482376575,2.40515041351,-4.55760964542e-05,3.17804006045e-05,4,4,0.796585917473,0.0166674368083,41.5200233459,0,0,0,0,22290.8815647,680663.831926
6.53611111111,-0.00102627766319,0.579478859901,2.40514135361,-3.62351638614e-05,2.3611866709e-05,4,4,0.803508996964,0.0166674368083,41.5200233459,0,0,0,0,22857.5303412,680091.645578
6.54722222222,-0.00102627766319,0.579477727413,2.40514135361,-3.62351638614e-05,2.35938041442e-05,4,4,0.810473442078,0.0166674368083,41.5200233459,0,0,0,0,23462.6260143,679481.115082
6.55833333333,-0.00102627766319,0.579477488995,2.40514135361,-3.62351638614e-05,2.35552251979e-05,4,4,0.817479491234,0.0166674368083,41.5200233459,0,0,0,0,24105.7746642,678831.987229
6.56944444444,-0.00102627766319,0.579477488995,2.40514135361,-3.62351638614e-05,2.38430493482e-05,4,4,0.824527263641,0.0166674368083,41.5200233459,0,0,0,0,24788.4928043,678144.208763
6.58055555556,-0.00102627766319,0.579477488995,2.40514135361,-3.62351638614e-05,2.35938041442e-05,4,4,0.831616818905,0.0166674368083,41.5200233459,0,0,0,0,25509.590795,677417.754892
6.59166666667,-0.00102627766319,0.579477488995,2.40514135361,-3.62351638614e-05,2.35552251979e-05,4,4,0.838749110699,0.0166674368083,41.5200233459,0,0,0,0,26269.6625144,676652.613407
6.60277777778,-0.00102627766319,0.579477488995,2.40514135361,-3.62351638614e-05,2.35552251979e-05,4,4,0.845924079418,0.0166674368083,41.5200233459,0,0,0,0,27068.4129297,675848.794646
6.61388888889,-0.00102627766319,0.579477488995,2.40514135361,-3.62351638614e-05,2.35552251979e-05,4,4,0.853141963482,0.0166674368083,41.5200233459,0,0,0,0,27905.8449847,675006.298608
6.625,-0.00102627766319,0.579477488995,2.40514135361,-3.62351638614e-05,2.35552251979e-05,4,4,0.860403120518,0.0166674368083,41.5200233459,0,0,0,0,28781.5498034,674125.115939
6.63611111111,-0.000999503186904,0.579972326756,2.40482473373,0.000411135028116,0.000111616820504,4,4,0.867707788944,0.0166674368083,41.5200233459,0,0,0,0,27604.0337621,673333.563209
6.64722222222,-0.000813870865386,0.583607971668,2.40354394913,0.00119218265172,0.000314494624035,4,4,0.875056445599,0.0166674368083,41.5200233459,0,0,0,0,22238.8728474,673126.187389
6.65833333333,-0.000593162258156,0.588195621967,2.40320920944,-0.000422779499786,0.000129106250824,4,4,0.882449030876,0.0166674368083,41.5200233459,0,0,0,0,22529.1131419,673265.441387
6.66944444444,-0.000436609087046,0.591303348541,2.40233850479,-0.000307234266074,7.86943855928e-05,4,4,0.889886438847,0.0166674368083,41.5200233459,0,0,0,0,22480.8840601,673298.310053
6.68055555556,-0.000355613970896,0.592912316322,2.40189290047,-0.000256556231761,6.84007900418e-05,4,4,0.897368073463,0.0166674368083,41.5200233459,0,0,0,0,22506.196581,673246.169686
6.69166666667,-0.000347035616869,0.593079686165,2.40183877945,-0.000257893552771,6.13268930465e-05,4,4,0.904894948006,0.0166674368083,41.5200233459,0,0,0,0,22622.883806,673117.519589
6.70277777778,-0.000412355060689,0.59177094698,2.40215182304,-0.000234758525039,6.05038512731e-05,4,4,0.912467122078,0.0166674368083,41.5200233459,0,0,0,0,22822.5904687,672906.203787
6.71388888889,-0.000551402161364,0.588989198208,2.40284132957,-0.000215738342376,5.76815291424e-05,4,4,0.920084893703,0.0166674368083,41.5200233459,0,0,0,0,23104.3897028,672612.931281
6.725,-0.000764118216466,0.584734201431,2.40389633179,-0.000203262257855,6.06432076893e-05,4,4,0.927748382092,0.0166674368083,41.5200233459,0,0,0,0,23468.2649479,672237.429871
6.73611111111,-0.0010257930262,0.579488575459,2.40518045425,-0.000173246240593,4.95916392538e-05,4,4,0.935458064079,0.0166674368083,41.5200233459,0,0,0,0,23617.1377246,671800.516228
6.74722222222,-0.0010257930262,0.579483270645,2.4051296711,-7.44922072045e-05,3.26067383867e-05,4,4,0.943214118481,0.0166674368083,41.5200233459,0,0,0,0,23412.4270667,671590.618268
6.75833333333,-0.0010257930262,0.579491615295,2.40518546104,-0.000171220381162,4.50415536761e-05,4,4,0.951016902924,0.0166674368083,41.5200233459,0,0,0,0,23560.5809966,671420.514987
6.76944444444,-0.0010257930262,0.579489052296,2.40518760681,-0.000187873389223,5.16626168974e-05,4,4,0.958866417408,0.0166674368083,41.5200233459,0,0,0,0,23732.9428877,671247.683126
6.78055555556,-0.0010257930262,0.579487204552,2.40516901016,-0.000152340377099,4.36299487774e-05,4,4,0.96676337719,0.0166674368083,41.5200233459,0,0,0,0,23906.9716597,671070.367584
6.79166666667,-0.0010257930262,0.579488694668,2.40517568588,-0.000162242766237,4.24157296948e-05,4,4,0.974707782269,0.0166674368083,41.5200233459,0,0,0,0,24081.7327008,670896.137864
6.80277777778,-0.0010257930262,0.579488694668,2.40517616272,-0.000165793317137,4.92898325319e-05,4,4,0.982699871063,0.0166674368083,41.5200233459,0,0,0,0,24257.1957385,670720.508192
6.81388888889,-0.0010257930262,0.57948833704,2.40517139435,-0.000160926239914,4.84641095682e-05,4,4,0.990739822388,0.0166674368083,41.5200233459,0,0,0,0,24433.4027944,670543.283458
6.825,-0.0010257930262,0.579488694668,2.40517377853,-0.000163880904438,4.89472804475e-05,4,4,0.998828113079,0.0166674368083,41.5200233459,0,0,0,0,24610.3496552,670366.302787
6.83611111111,-0.0010257930262,0.579488694668,2.40517520905,-0.000163482545759,4.93152001582e-05,4,4,1.00696492195,0.0166674368083,41.5200233459,0,0,0,0,24788.0115325,670188.417423
6.84722222222,-0.0010257930262,0.579488694668,2.40517473221,-0.000163144155522,4.92280960316e-05,4,4,1.01515078545,0.0166674368083,41.5200233459,0,0,0,0,24966.2558084,670009.616876
6.85833333333,-0.0010257930262,0.579488694668,2.40517520905,-0.000163128774147,4.93152001582e-05,4,4,1.02338552475,0.0166674368083,41.5200233459,0,0,0,0,25145.4009487,669830.236916
6.86944444444,-0.0010257930262,0.579488694668,2.40517520905,-0.000163133678143,4.93152001582e-05,4,4,1.03166985512,0.0166674368083,41.5200233459,0,0,0,0,25325.2299922,669649.997556
6.88055555556,-0.0010257930262,0.579488694668,2.40517520905,-0.000163113276358,4.93152001582e-05,4,4,1.04000365734,0.0166674368083,41.5200233459,0,0,0,0,25505.807539,669469.094701
6.89166666667,-0.0010257930262,0.579488694668,2.40517520905,-0.000163127915584,4.93152001582e-05,4,4,1.04838752747,0.0166674368083,41.5200233459,0,0,0,0,25687.1099648,669287.449577
6.90277777778,-0.0010257930262,0.579488694668,2.40517520905,-0.000163124641404,4.93152001582e-05,4,4,1.05682110786,0.0166674368083,41.5200233459,0,0,0,0,25869.1195207,669105.057319
6.91388888889,-0.0010257930262,0.579488694668,2.40517520905,-0.000163125383551,4.93152001582e-05,4,4,1.065305233,0.0166674368083,41.5200233459,0,0,0,0,26051.8758765,668921.98234
6.925,-0.0010257930262,0.579488694668,2.40517520905,-0.000163117641932,4.93152001582e-05,4,5,1.0738401413,0.0166674368083,41.5200233459,0,0,0,0,26235.3424852,668738.10138
6.93611111111,-0.0010257930262,0.579488694668,2.40517520905,-0.000163119504577,4.93152001582e-05,4,8,1.08242619038,0.0166674368083,41.5200233459,0,0,0,0,26419.6949896,668553.426042
6.94722222222,-0.0010257930262,0.579488694668,2.40517520905,-0.00016313654487,4.93152001582e-05,4,8,1.09106302261,0.0166674368083,41.5200233459,0,0,0,0,26608.1003063,668364.215696
6.95833333333,-0.0010257930262,0.579488694668,2.40517520905,-0.000163140095538,4.93152001582e-05,4,8,1.09975135326,0.0166674368083,41.5200233459,0,0,0,0,26810.0335746,668161.2483
6.96944444444,-0.0010257930262,0.579488694668,2.40517520905,-0.000163142351084,4.93152001582e-05,6,8,1.10849130154,0.0166674368083,41.5200233459,0,0,0,0,27027.4563958,667942.690169
6.98055555556,-0.0010257930262,0.579488694668,2.40517520905,-0.000163147400599,4.93152001582e-05,8,8,1.11728310585,0.0166674368083,41.5200233459,0,0,0,0,27260.8219946,667708.157723
6.99166666667,-0.0010257930262,0.579488694668,2.40517520905,-0.000163149932632,4.93152001582e-05,8,8,1.12612652779,0.0166674368083,41.5200233459,0,0,0,0,27510.7236255,667456.736974
7.00277777778,-0.0010257930262,0.579488694668,2.40517520905,-0.000163155229529,4.93152001582e-05,8,8,1.13502240181,0.0166674368083,41.5200233459,0,0,0,0,27777.3023367,667188.864779
7.01388888889,-0.0010257930262,0.579488694668,2.40517520905,-0.000163144301041,4.93152001582e-05,8,8,1.14397096634,0.0166674368083,41.5200233459,0,0,0,0,28061.1910379,666903.577515
7.025,-0.0010257930262,0.579488694668,2.40517520905,-0.000163149597938,4.93152001582e-05,8,8,1.15297222137,0.0166674368083,41.5200233459,0,0,0,0,28363.0700167,666600.191247
7.03611111111,-0.0010257930262,0.579488694668,2.40517520905,-0.000163153556059,4.93152001582e-05,8,8,1.16202628613,0.0166674368083,41.5200233459,0,0,0,0,28683.6373941,666278.000542
7.04722222222,-0.0010257930262,0.579488694668,2.40517520905,-0.000163145232364,4.93152001582e-05,8,8,1.17113363743,0.0166674368083,41.5200233459,0,0,0,0,29023.6431258,665936.256209
7.05833333333,-0.0010257930262,0.579488694668,2.40517520905,-0.000163150529261,4.93152001582e-05,8,8,1.18029439449,0.0166674368083,41.5200233459,0,0,0,0,29383.8484428,665574.165645
7.06944444444,-0.0010257930262,0.579488694668,2.40517520905,-0.000163155826158,4.93152001582e-05,8,8,1.18950867653,0.0166674368083,41.5200233459,0,0,0,0,29765.1237088,665190.825245
7.08055555556,-0.0010257930262,0.579488694668,2.40517520905,-0.000163147502462,4.93152001582e-05,8,8,1.19877696037,0.0166674368083,41.5200233459,0,0,0,0,30168.4394111,664785.299432
7.09166666667,-0.0010257930262,0.579488694668,2.40517520905,-0.00016315279936,4.93152001582e-05,8,8,1.20809936523,0.0166674368083,41.5200233459,0,0,0,0,30594.7114791,664356.472042
7.10277777778,-0.0010257930262,0.579488694668,2.40517520905,-0.000163158096257,4.93152001582e-05,8,8,1.21747612953,0.0166674368083,41.5200233459,0,0,0,0,31045.1957993,663902.606568
7.11388888889,-0.0010257930262,0.579488694668,2.40517520905,-0.000163149772561,4.93152001582e-05,8,8,1.22690713406,0.0166674368083,41.5200233459,0,0,0,0,31521.7637786,663421.25298
7.125,-0.0010257930262,0.579488694668,2.40517520905,-0.000163155069458,4.93152001582e-05,8,8,1.23639261723,0.0166674368083,41.5200233459,0,0,0,0,32027.6065168,662909.322054
7.13611111111,-0.0010257930262,0.579488694668,2.40517520905,-0.000163160089869,4.93152001582e-05,8,8,1.24593317509,0.0166674368083,41.5200233459,0,0,0,0,32567.3458943,662363.338158
7.14722222222,-0.0010257930262,0.579488694668,2.40517520905,-0.000163151766174,4.93152001582e-05,8,8,1.25552892685,0.0166674368083,41.5200233459,0,0,0,0,33145.4969749,661779.919309
7.15833333333,-0.0010257930262,0.579488694668,2.40517520905,-0.000163157063071,4.93152001582e-05,8,8,1.26517963409,0.0166674368083,41.5200233459,0,0,0,0,33762.3942296,661157.916551
7.16944444444,-0.0010257930262,0.579488694668,2.40517520905,-0.000163162359968,4.93152001582e-05,8,8,1.27488589287,0.0166674368083,41.5200233459,0,0,0,0,34417.8878999,660497.318753
7.18055555556,-0.0010257930262,0.579485058784,2.40515017509,-0.000113183312351,3.37343335559e-05,8,8,1.28464746475,0.0166674368083,41.5200233459,0,0,0,0,35047.637277,659798.858008
7.19166666667,-0.00102500605863,0.579485118389,2.40506196022,6.37496486888e-05,3.26067383867e-05,8,8,1.29446470737,0.0166674368083,41.5200233459,0,0,0,0,35542.64237,659099.615175
7.20277777778,-0.00102496321779,0.579491734505,2.40508985519,4.86938733957e-05,2.79061787296e-05,8,8,1.30433773994,0.0166674368083,41.5200233459,0,0,0,0,36040.9243023,658471.028148
7.21388888889,-0.00102671748027,0.579485177994,2.40521407127,-0.000200201568077,5.55776168767e-05,8,8,1.31426692009,0.0166674368083,41.5200233459,0,0,0,0,36674.1674934,657843.106113
7.225,-0.00102671748027,0.57947653532,2.40516901016,-0.000131237567984,3.66141393897e-05,8,8,1.32425224781,0.0166674368083,41.5200233459,0,0,0,0,37351.8376761,657151.500048
7.23611111111,-0.00102671748027,0.579476118088,2.40517377853,-0.000138040762977,4.0833663661e-05,8,8,1.33429408073,0.0166674368083,41.5200233459,0,0,0,0,38069.6637501,656428.830098
7.24722222222,-0.00102671748027,0.579475522041,2.40516638756,-0.000140648815432,3.97594703827e-05,8,8,1.34439253807,0.0166674368083,41.5200233459,0,0,0,0,38826.2728805,655666.626407
7.25833333333,-0.00102671748027,0.57947486639,2.40516638756,-0.000141095515573,3.96090690629e-05,8,8,1.3545473814,0.0166674368083,41.5200233459,0,0,0,0,39621.4872599,654866.064767
7.26944444444,-0.00102671748027,0.57947486639,2.40516638756,-0.000141157666803,4.35464862676e-05,8,8,1.36475896835,0.0166674368083,41.5200233459,0,0,0,0,40455.3035103,654027.216598
7.28055555556,-0.00102671748027,0.57947486639,2.40516638756,-0.000140964257298,3.98166157538e-05,8,8,1.37502753735,0.0166674368083,41.5200233459,0,0,0,0,41327.7148191,653149.628376
7.29166666667,-0.00102671748027,0.57947486639,2.40516662598,-0.000140814910992,3.97873409383e-05,8,8,1.38535344601,0.0166674368083,41.5200233459,0,0,0,0,42238.7786495,652233.504474
7.30277777778,-0.00100841140375,0.579777896404,2.40481162071,0.000459233764559,0.000139560230309,8,8,1.39573633671,0.0166674368083,41.5200233459,0,0,0,0,41047.6007657,651335.948722
7.31388888889,-0.00095040013548,0.580926716328,2.40448617935,0.000485447235405,0.000141147829709,8,8,1.40617632866,0.0166674368083,41.5200233459,0,0,0,0,38860.4502521,650666.478051
7.325,-0.000736853573471,0.585247695446,2.40357732773,0.000308534421492,0.000104257364001,8,8,1.41667377949,0.0166674368083,41.5200233459,0,0,0,0,36071.4572344,650572.943912
7.33611111111,-0.000517165055498,0.589716017246,2.40284252167,-0.000471622479381,0.000143385332194,8,8,1.42722845078,0.0166674368083,41.5200233459,0,0,0,0,36023.1244946,650639.289313
7.34722222222,-0.000370146823116,0.592637300491,2.40204191208,-0.000387709471397,0.00011461959366,8,8,1.43784070015,0.0166674368083,41.5200233459,0,0,0,0,36080.120939,650562.27216
7.35833333333,-0.000287702278001,0.594274818897,2.40157914162,-0.000296515820082,7.75296721258e-05,8,8,1.44851064682,0.0166674368083,41.5200233459,0,0,0,0,36180.4385499,650391.05015
7.36944444444,-0.000241461981204,0.595196127892,2.4013299942,-0.000265859940555,6.6485874413e-05,8,8,1.45923829079,0.0166674368083,41.5200233459,0,0,0,0,36322.8462396,650201.514615
7.38055555556,-0.000247526186286,0.595071971416,2.40134525299,-0.000258289132034,6.67955100653e-05,8,8,1.47002387047,0.0166674368083,41.5200233459,0,0,0,0,36557.7842629,649957.108479
7.39166666667,-0.000306689675199,0.593884825706,2.40162467957,-0.000237935746554,6.02326690569e-05,8,8,1.48086738586,0.0166674368083,41.5200233459,0,0,0,0,36851.5775911,649653.227587
7.40277777778,-0.000386963802157,0.592248260975,2.40190172195,1.10645405584e-05,2.29278848565e-05,8,8,1.49176859856,0.0166674368083,41.5200233459,0,0,0,0,36896.2177391,649359.315451
7.41388888889,-0.00048405941925,0.590335071087,2.40248680115,-0.000164695855347,4.7313325922e-05,8,8,1.50272798538,0.0166674368083,41.5200233459,0,0,0,0,37144.8390575,649136.960341
7.425,-0.000622976047453,0.587566435337,2.40322160721,-0.000258342857705,6.56348638586e-05,8,8,1.51374554634,0.0166674368083,41.5200233459,0,0,0,0,37398.5289124,648884.857359
7.43611111111,-0.000807183561847,0.583863198757,2.40407466888,-0.000126207916765,3.90074928873e-05,8,8,1.52482116222,0.0166674368083,41.5200233459,0,0,0,0,37680.3391427,648583.441485
7.44722222222,-0.00102583703119,0.579491555691,2.40517091751,-0.00012299962691,4.00656717829e-05,8,8,1.53595495224,0.0166674368083,41.5200233459,0,0,0,0,37957.8766759,648282.44342
7.45833333333,-0.0010264175944,0.579485058784,2.40522241592,-0.000244555616518,5.81819513172e-05,8,8,1.54714655876,0.0166674368083,41.5200233459,0,0,0,0,37878.5260774,648109.67934
7.46944444444,-0.00102550559677,0.579485654831,2.40514397621,-0.00011298442405,4.33187597082e-05,8,8,1.55839645863,0.0166674368083,41.5200233459,0,0,0,0,38094.3352717,647867.813924
7.48055555556,-0.00102491059806,0.579491019249,2.40510630608,-9.80534969131e-06,3.29397516907e-05,8,8,1.5697042942,0.0166674368083,41.5200233459,0,0,0,0,38285.4006215,647650.711937
7.49166666667,-0.00102552759927,0.579491913319,2.40518403053,-0.000160033538123,4.11719265685e-05,8,8,1.58107066154,0.0166674368083,41.5200233459,0,0,0,0,38492.3875188,647461.665255
7.50277777778,-0.00102552759927,0.579488098621,2.40516519547,-0.000144332880154,4.01252182201e-05,8,8,1.59249508381,0.0166674368083,41.5200233459,0,0,0,0,38698.1310378,647252.247211
7.51388888889,-0.00102552759927,0.579486310482,2.40513753891,-9.28812369239e-05,3.31358933181e-05,8,10,1.60397815704,0.0166674368083,41.5200233459,0,0,0,0,38904.74635,647038.255054
7.525,-0.00102552759927,0.57948923111,2.40515756607,-0.000122762387036,3.45122716681e-05,8,12,1.61551904678,0.0166674368083,41.5200233459,0,0,0,0,39113.6266187,646832.399473
7.53611111111,-0.00102552759927,0.579488754272,2.40515899658,-0.000127474602778,3.68123219232e-05,8,12,1.62711775303,0.0166674368083,41.5200233459,0,0,0,0,39332.2256466,646613.333195
7.54722222222,-0.00102552759927,0.57948833704,2.40515112877,-0.000123429359519,4.03829290008e-05,9,12,1.6387745142,0.0166674368083,41.5200233459,0,0,0,0,39571.9354565,646370.035048
7.55833333333,-0.00102552759927,0.579488813877,2.4051554203,-0.000128024636069,3.85501552955e-05,12,12,1.65048968792,0.0166674368083,41.5200233459,0,0,0,0,39834.125084,646106.208717
7.56944444444,-0.00102552759927,0.579488813877,2.40515756607,-0.000127769395476,3.36719276675e-05,12,12,1.66226255894,0.0166674368083,41.5200233459,0,0,0,0,40119.5059639,645818.834921
7.58055555556,-0.00102552759927,0.579488635063,2.40515565872,-0.000127394872834,3.47797067661e-05,12,12,1.6740937233,0.0166674368083,41.5200233459,0,0,0,0,40427.9636538,645507.732924
7.59166666667,-0.00102552759927,0.579488754272,2.40515589714,-0.00012710991723,3.32848030666e-05,12,12,1.68598246574,0.0166674368083,41.5200233459,0,0,0,0,40760.6272472,645172.453694
7.60277777778,-0.00102552759927,0.579488754272,2.40515589714,-0.000127380379126,3.37983037753e-05,12,12,1.69792950153,0.0166674368083,41.5200233459,0,0,0,0,41117.2889469,644813.430709
7.61388888889,-0.00102552759927,0.579488694668,2.40515565872,-0.000127101360704,3.34755313816e-05,12,12,1.7099339962,0.0166674368083,41.5200233459,0,0,0,0,41499.3829577,644428.471063
7.625,-0.00102552759927,0.579488694668,2.40515589714,-0.000127372259158,3.37983037753e-05,12,12,1.72199559212,0.0166674368083,41.5200233459,0,0,0,0,41907.6081341,644017.301342
7.63611111111,-0.00102552759927,0.579488694668,2.40515565872,-0.000127065635752,3.33794523613e-05,12,12,1.73411476612,0.0166674368083,41.5200233459,0,0,0,0,42343.035248,643578.117737
7.64722222222,-0.00102552759927,0.579488694668,2.40515565872,-0.000127346458612,3.37983037753e-05,12,12,1.74629127979,0.0166674368083,41.5200233459,0,0,0,0,42807.5718366,643108.659293
7.65833333333,-0.00102552759927,0.579488754272,2.40515589714,-0.000127609833726,3.99548553105e-05,12,12,1.75852560997,0.0166674368083,41.5200233459,0,0,0,0,43304.4300869,642606.167248
7.66944444444,-0.00102552759927,0.579488694668,2.40515589714,-0.000127328225062,3.37983037753e-05,12,12,1.7708170414,0.0166674368083,41.5200233459,0,0,0,0,43837.524539,642067.459651
7.68055555556,-0.00102552759927,0.579488754272,2.40515589714,-0.0001275971008,4.0212951717e-05,12,12,1.78316509724,0.0166674368083,41.5200233459,0,0,0,0,44409.1842332,641490.694676
7.69166666667,-0.00102552759927,0.579488694668,2.40515589714,-0.000127313425764,3.37983037753e-05,12,12,1.79557013512,0.0166674368083,41.5200233459,0,0,0,0,45019.2790126,640875.363674
7.70277777778,-0.00102552759927,0.579488694668,2.40515589714,-0.000127588864416,4.0212951717e-05,12,12,1.80803155899,0.0166674368083,41.5200233459,0,0,0,0,45667.8531124,640221.672748
7.71388888889,-0.00102552759927,0.579488754272,2.40515589714,-0.000127275969135,3.37983037753e-05,12,12,1.82054936886,0.0166674368083,41.5200233459,0,0,0,0,46354.8491702,639529.474079
7.725,-0.00102552759927,0.579488694668,2.40515589714,-0.000127561943373,4.0212951717e-05,12,12,1.83312368393,0.0166674368083,41.5200233459,0,0,0,0,47080.2900249,638798.85333
7.73611111111,-0.00102552759927,0.579488694668,2.40515589714,-0.000127269289806,3.37983037753e-05,12,12,1.84575426579,0.0166674368083,41.5200233459,0,0,0,0,47844.1862234,638029.793369
7.74722222222,-0.00102552759927,0.579488098621,2.405148983,-0.000114581569505,3.24704742525e-05,12,12,1.85844063759,0.0166674368083,41.5200233459,0,0,0,0,48625.0353477,637222.783934
7.75833333333,-0.00102552759927,0.579485058784,2.40512275696,-5.81491294724e-05,2.29278848565e-05,12,12,1.87118256092,0.0166674368083,41.5200233459,0,0,0,0,49356.8153472,636386.55796
7.76944444444,-0.00102552759927,0.579489409924,2.40515613556,-0.000113374982902,3.68401051674e-05,12,12,1.8839802742,0.0166674368083,41.5200233459,0,0,0,0,50163.8057209,635538.048354
7.78055555556,-0.00102552759927,0.579489290714,2.40517044067,-0.000150232124724,4.27162012784e-05,12,12,1.89662861824,0.0166674368083,41.5200233459,0,0,0,0,50912.6324777,634650.789725
7.79166666667,-0.00102552759927,0.579488217831,2.40515375137,-0.00012177053577,3.73914517695e-05,12,12,1.89662206173,0.0166674368083,41.5200233459,0,0,0,0,50859.6935994,633728.914829
7.80277777778,-0.00102552759927,0.5794891119,2.40516066551,-0.000132164743263,3.88673470297e-05,12,12,1.89662480354,0.0166674368083,41.5200233459,0,0,0,0,51812.5883666,632772.271976
7.81388888889,-0.00102552759927,0.579488635063,2.40515804291,-0.000130262458697,3.60918784281e-05,12,12,1.89662480354,0.0166674368083,41.5200233459,0,0,0,0,52803.9032903,631776.001837
7.825,-0.00102552759927,0.579488635063,2.40515637398,-0.000129923952045,3.73549482902e-05,12,12,1.89662480354,0.0166674368083,41.5200233459,0,0,0,0,53833.6665329,630741.126449
7.83611111111,-0.00098494742997,0.580272316933,2.40479588509,0.000277312967228,7.92181381257e-05,12,12,1.89662480354,0.0166674368083,41.5200233459,0,0,0,0,52170.6915411,629819.636706
7.84722222222,-0.000792492646724,0.584017157555,2.40336608887,0.00128838187084,0.000359045807272,12,12,1.89662480354,0.0166674368083,41.5200233459,0,0,0,0,45024.3950134,629397.659951
7.85833333333,-0.000497744826134,0.590143680573,2.40288162231,-0.000608438451309,0.000227699609241,12,12,1.89662480354,0.0166674368083,41.5200233459,0,0,0,0,45571.8460819,629505.038149
7.86944444444,-0.000234565712162,0.595367610455,2.40144348145,-0.000574127421714,0.000171451974893,12,12,1.89662480354,0.0166674368083,41.5200233459,0,0,0,0,45453.7570849,629516.583813
7.88055555556,-2.48140477197e-05,0.59954637289,2.4003329277,-0.000532994512469,0.000159643634106,12,12,1.89662480354,0.0166674368083,41.5200233459,0,0,0,0,45503.3180825,629421.210269
7.89166666667,0.000116442388389,0.602359414101,2.39955449104,-0.00042551549268,0.000114984017273,12,12,1.89662480354,0.0167130716145,41.5200233459,0,0,0,0,45598.5455742,629222.975494
7.90277777778,0.000169185906998,0.603402972221,2.39925646782,-0.000397462776164,0.000103880483948,12,12,1.89662480354,0.0167297068983,41.5200233459,0,0,0,0,45631.9440077,628975.547696
7.91388888889,0.000126113882288,0.602544128895,2.39949536324,-0.00033651231206,9.7229189123e-05,12,12,1.89662480354,0.0167316701263,41.5200233459,0,0,0,0,45919.7138523,628698.904314
7.925,1.39420671985e-05,0.600271940231,2.39995145798,-0.000128596890136,5.4194490076e-05,12,12,1.89662480354,0.0166643038392,41.5200233459,0,0,0,0,46020.5675474,628387.8298
7.93611111111,-0.000103059763205,0.597956240177,2.40058660507,-0.000145327256178,3.8761903852e-05,12,12,1.89662480354,0.0164962578565,41.5200233459,0,0,0,0,46239.7557971,628159.285094
7.94722222222,-0.000239190732827,0.595252692699,2.40135574341,-0.000333903968567,8.04206065368e-05,12,12,1.89662480354,0.0163262058049,41.5200233459,0,0,0,0,46474.6555143,627945.116077
7.95833333333,-0.000405680970289,0.591908574104,2.40213704109,-0.00024927733466,6.69765286148e-05,12,12,1.89662480354,0.0161709785461,41.5200233459,0,0,0,0,46722.1547951,627684.591034
7.96944444444,-0.000595885503571,0.588092923164,2.40303754807,-0.000138725459692,4.324258407e-05,12,12,1.89662480354,0.0160303041339,41.5200233459,0,0,0,0,46972.4197898,627415.720671
7.98055555556,-0.000806494499557,0.583887696266,2.40410876274,-0.000182537070941,4.33371278632e-05,12,12,1.89662480354,0.0159044079483,41.5200233459,0,0,0,0,47232.8911038,627159.724873
7.99166666667,-0.00102647754829,0.579486608505,2.4052324295,-0.000216412416194,5.6497658079e-05,12,12,1.89662480354,0.0157929994166,41.5200233459,0,0,0,0,47359.9775451,626900.12574
8.00277777778,-0.00102660572156,0.579485833645,2.40523099899,-0.000249858334428,6.55820113025e-05,12,12,1.89662480354,0.0156961996108,41.5200233459,0,0,0,0,47356.6200599,626723.757389
8.01388888889,-0.00102482782677,0.579491555691,2.40510749817,-7.58824826335e-05,3.72574322682e-05,12,15,1.89662480354,0.0156137533486,41.5200233459,0,0,0,0,47565.6248136,626468.335319
8.025,-0.00102482782677,0.579495072365,2.40511703491,-3.47348941432e-05,3.28706519213e-05,12,16,1.89662480354,0.015545883216,41.5200233459,0,0,0,0,47761.3849088,626259.609293
8.03611111111,-0.00102553586476,0.579494535923,2.40519022942,-0.000183005526196,5.40095716133e-05,13,16,1.89662480354,0.0154924644157,41.5200233459,0,0,0,0,47982.8414044,626053.791847
8.04722222222,-0.00102553586476,0.579489707947,2.40516781807,-0.000156391979544,4.25321632065e-05,15,16,1.89662480354,0.0154532184824,41.5200233459,0,0,0,0,48232.3089527,625797.32295
8.05833333333,-0.00102553586476,0.579488933086,2.4051399231,-0.000104054124677,3.129192919e-05,16,16,1.89662480354,0.0154277617112,41.5200233459,0,0,0,0,48511.2080293,625507.372192
8.06944444444,-0.00102553586476,0.579491913319,2.40516233444,-0.000133500696393,3.50142654497e-05,16,16,1.89662480354,0.0154161565006,41.5200233459,0,0,0,0,48821.3527358,625197.975348
8.08055555556,-0.00102553586476,0.579491376877,2.40517044067,-0.000148681880091,4.24492209277e-05,16,16,1.89662480354,0.0154153052717,41.5200233459,0,0,0,0,49159.9261529,624858.189352
8.09166666667,-0.00102553586476,0.579490602016,2.40516257286,-0.000134203219204,3.66017156921e-05,16,16,1.89662480354,0.0154152959585,41.5200233459,0,0,0,0,49529.9777209,624482.535129
8.10277777778,-0.00102553586476,0.579491198063,2.40516424179,-0.00013684266014,3.49207948602e-05,16,16,1.89662480354,0.0154152959585,41.5200233459,0,0,0,0,49932.1845573,624076.128701
8.11388888889,-0.00102553586476,0.579491376877,2.40516710281,-0.000138410250656,3.60509075108e-05,16,16,1.89662480354,0.0154152959585,41.5200233459,0,0,0,0,50369.7633303,623634.545245
8.125,-0.00102553586476,0.579490840435,2.40516328812,-0.000134261674248,3.49338151864e-05,16,16,1.89662480354,0.0154152959585,41.5200233459,0,0,0,0,50845.0808415,623153.544303
8.13611111111,-0.00102553586476,0.579491078854,2.40516376495,-0.000136210946948,3.52762835973e-05,16,16,1.89662480354,0.0154152959585,41.5200233459,0,0,0,0,51358.7362275,622635.209587
8.14722222222,-0.00102553586476,0.579491078854,2.40516519547,-0.000136698872666,3.44190884789e-05,16,16,1.89662480354,0.0154152959585,41.5200233459,0,0,0,0,51910.7108389,622078.930532
8.15833333333,-0.00102553586476,0.579490840435,2.40516424179,-0.000135169699206,3.48841494997e-05,16,16,1.89662480354,0.0154152959585,41.5200233459,0,0,0,0,52501.0286756,621483.377188
8.16944444444,-0.00102553586476,0.579491078854,2.40516519547,-0.000135695867357,3.49175388692e-05,16,16,1.89662480354,0.0154152959585,41.5200233459,0,0,0,0,53129.711604,620850.112809
8.18055555556,-0.00102553586476,0.579490959644,2.40516471863,-0.000136595816002,3.51082999259e-05,16,16,1.89662480354,0.0154152959585,41.5200233459,0,0,0,0,53796.7175273,620178.418538
8.19166666667,-0.00102553586476,0.579491019249,2.40516471863,-0.000135358364787,3.52214519808e-05,16,16,1.89662480354,0.0154152959585,41.5200233459,0,0,0,0,54502.0691643,619468.082646
8.20277777778,-0.00102553586476,0.579491257668,2.40516519547,-0.000136001661303,3.45575390384e-05,16,16,1.89662480354,0.0154152959585,41.5200233459,0,0,0,0,55245.7854077,618719.851824
8.21388888889,-0.00102553586476,0.579491078854,2.40516471863,-0.00013570219744,3.52214519808e-05,16,16,1.89662480354,0.0154152959585,41.5200233459,0,0,0,0,56027.7973017,617932.900854
8.225,-0.00102553586476,0.579491138458,2.40516519547,-0.000135701455292,3.56959681085e-05,16,16,1.89662480354,0.0154152959585,41.5200233459,0,0,0,0,56848.1249149,617107.746045
8.23611111111,-0.00102553586476,0.579491317272,2.4051656723,-0.000136078946525,3.54538933607e-05,16,16,1.89662480354,0.0154152959585,41.5200233459,0,0,0,0,57706.8107826,616244.385
8.24722222222,-0.00102553586476,0.579491078854,2.40516519547,-0.000135364811285,3.50288755726e-05,16,16,1.89662480354,0.0154152959585,41.5200233459,0,0,0,0,58603.8409177,615342.427417
8.25833333333,-0.00102521118242,0.579488754272,2.4051194191,-4.28145031037e-05,2.29278848565e-05,16,16,1.89662480354,0.0154152959585,41.5200233459,0,0,0,0,58556.26193,614408.397445
8.26944444444,-0.00102521118242,0.579487323761,2.40509080887,4.97103792441e-05,2.29278848565e-05,16,16,1.89662480354,0.0154152959585,41.5200233459,0,0,0,0,57175.2347894,613480.340988
8.28055555556,-0.00102521118242,0.579495549202,2.40516877174,-0.00011506521696,3.57381431968e-05,16,16,1.89662480354,0.0154152959585,41.5200233459,0,0,0,0,57271.3167237,612563.722522
8.29166666667,-0.00102521118242,0.579492926598,2.40518379211,-0.000175313660293,4.74979824503e-05,16,16,1.89662480354,0.0154152959585,41.5200233459,0,0,0,0,58222.6493144,611606.23122
8.30277777778,-0.00101065344643,0.579751193523,2.40490698814,0.000280795415165,8.20399000077e-05,16,16,1.89662480354,0.0154152959585,41.5200233459,0,0,0,0,57245.6482491,610637.550469
8.31388888889,-0.000946431071497,0.581080317497,2.40473842621,2.32105321629e-05,3.28152673319e-05,16,16,1.89662480354,0.0154152959585,41.5200233459,0,0,0,0,56852.2833617,609865.127488
8.325,-0.000736246758606,0.585174322128,2.40320682526,0.0011081622215,0.000301915890304,16,16,1.89662480354,0.0154152959585,41.5200233459,0,0,0,0,51036.9440652,609518.581807
8.33611111111,-0.000460026727524,0.590875923634,2.40260386467,-0.000481146096718,0.00016207167937,16,16,1.89662480354,0.0154152959585,41.5200233459,0,0,0,0,51499.4027695,609526.417585
8.34722222222,-0.000215617343201,0.595732271671,2.4012901783,-0.000461052695755,0.000127493098262,16,16,1.89662480354,0.0154152959585,41.5200233459,0,0,0,0,51501.884278,609413.850358
8.35833333333,1.83820320672e-05,0.600401818752,2.40006756783,-0.000356967007974,9.09209775273e-05,16,16,1.89662480354,0.0154228685424,41.5200233459,0,0,0,0,51551.0178657,609297.37608
8.36944444444,0.000197760949959,0.603981256485,2.399122715,-0.000285589223495,9.58555392572e-05,16,16,1.89662480354,0.0155041534454,41.5200233459,0,0,0,0,51537.1596899,609148.128514
8.38055555556,0.000257097417489,0.605169594288,2.39884114265,-0.000311870797304,7.83233190305e-05,16,16,1.89662480354,0.0155260805041,41.5200233459,0,0,0,0,51624.407678,608950.413022
8.39166666667,0.000184934528079,0.603722035885,2.39920258522,-0.00029160871054,7.31039763195e-05,16,16,1.89662480354,0.0155868660659,41.5200233459,0,0,0,0,51943.7737208,608690.215528
8.40277777778,2.10957841773e-05,0.60044080019,2.40001487732,-0.000247580581345,9.56248768489e-05,16,16,1.89662480354,0.0154486717656,41.5200233459,0,0,0,0,52335.4785127,608378.678905
8.41388888889,-0.000142994977068,0.597131431103,2.40070271492,1.77846159204e-05,3.10951218125e-05,16,16,1.89662480354,0.0153124099597,41.5200233459,0,0,0,0,52266.9297296,608100.611688
8.425,-0.000297258899081,0.594070494175,2.40154409409,-0.000100995916,4.16352850152e-05,16,16,1.89662480354,0.015189233236,41.5200233459,0,0,0,0,52479.5660278,607906.512306
8.43611111111,-0.000461746822111,0.590797364712,2.40244841576,-0.000307821959723,7.61627015891e-05,16,16,1.89662480354,0.0150799546391,41.5200233459,0,0,0,0,52683.3679701,607713.881862
8.44722222222,-0.000639248115476,0.587232410908,2.40328288078,-0.000214973304537,6.35482792859e-05,16,17,1.89662480354,0.0149850063026,41.5200233459,0,0,0,0,52899.7506968,607486.306117
8.45833333333,-0.000825797207654,0.583487093449,2.40415620804,-8.17370528239e-05,3.28152673319e-05,16,19,1.89662480354,0.0149037363008,41.5200233459,0,0,0,0,53112.2207855,607255.028032
8.46944444444,-0.0010199949611,0.579609155655,2.40514874458,-0.000126127517433,3.66017156921e-05,16,20,1.89662480354,0.0148366792127,41.5200233459,0,0,0,0,53336.3277784,607034.05204
8.48055555556,-0.0010262314463,0.57948243618,2.4051823616,-0.000157835631398,5.03193114127e-05,17,20,1.89662480354,0.014783510007,41.5200233459,0,0,0,0,53023.046013,606841.587064
8.49166666667,-0.00102258997504,0.57953029871,2.40507411957,-2.72005690931e-05,3.05222347379e-05,20,20,1.89662480354,0.0147439250723,41.5200233459,0,0,0,0,52619.3450533,606566.974723
8.50277777778,-0.00100839592051,0.579814314842,2.40499329567,5.72388635192e-05,2.48870619544e-05,20,20,1.89662480354,0.0147185279056,41.5200233459,0,0,0,0,51718.6021125,606335.149444
8.51388888889,-0.000993045978248,0.58013510704,2.40496587753,-4.00986318709e-05,3.20298313454e-05,20,20,1.89662480354,0.0147069049999,41.5200233459,0,0,0,0,51502.9930441,606126.979019
8.525,-0.000973965623416,0.580515146255,2.40486264229,-3.02983480651e-05,2.37391159317e-05,20,20,1.89662480354,0.0147062959149,41.5200233459,0,0,0,0,50202.8199044,605932.785896
8.53611111111,-0.000957090640441,0.580857157707,2.40479898453,-9.34754716582e-05,3.97015246563e-05,20,20,1.89662480354,0.0147061944008,41.5200233459,0,0,0,0,49968.4074447,605738.4111
8.54722222222,-0.00094521936262,0.5810983181,2.40475845337,-0.000147335347719,4.05655046052e-05,20,20,1.89662480354,0.0147062735632,41.5200233459,0,0,0,0,49873.6070577,605526.28556
8.55833333333,-0.000933564500883,0.58131814003,2.40464544296,-1.93853447854e-05,3.08326016238e-05,20,20,1.89662480354,0.0147063853219,41.5200233459,0,0,0,0,48248.2847863,605304.998719
8.56944444444,-0.000918389065191,0.581617116928,2.40455174446,3.19398277497e-05,3.05222347379e-05,20,20,1.89662480354,0.0147062437609,41.5200233459,0,0,0,0,47651.7521586,605111.418326
8.58055555556,-0.00090408383403,0.581920146942,2.40454530716,-0.000127023406094,4.10114625993e-05,20,20,1.89662480354,0.0147063434124,41.5200233459,0,0,0,0,47273.5537113,604934.89549
8.59166666667,-0.000894172873814,0.582123279572,2.40452098846,-0.000193757252418,4.95824679092e-05,20,20,1.89662480354,0.0147062176839,41.5200233459,0,0,0,0,47164.9994378,604737.514231
8.60277777778,-0.000891331525054,0.582182109356,2.40447950363,-0.000131792025059,3.59118857887e-05,20,20,1.89662480354,0.0147063061595,41.5200233459,0,0,0,0,47099.4070087,604509.60957
8.61388888889,-0.000891331525054,0.582170188427,2.40446281433,-8.71176016517e-05,3.97036747017e-05,20,20,1.89662480354,0.0147061944008,41.5200233459,0,0,0,0,46928.0906116,604265.73429
8.625,-0.000893768796232,0.582118928432,2.40448069572,-0.000103583159216,3.19231694448e-05,20,20,1.89662480354,0.0147062735632,41.5200233459,0,0,0,0,46731.0937962,604015.440639
8.63611111111,-0.000901612802409,0.581969439983,2.40453600883,-0.0001378479501,3.31358933181e-05,20,20,1.89662480354,0.0147063853219,41.5200233459,0,0,0,0,46609.041267,603752.244403
8.64722222222,-0.000913692405447,0.581729054451,2.40459656715,-0.000144347373862,4.01025426982e-05,20,20,1.89662480354,0.0147062437609,41.5200233459,0,0,0,0,46532.7962329,603470.404319
8.65833333333,-0.000930277863517,0.581396698952,2.40467739105,-0.000134313871968,3.9320999349e-05,20,20,1.89662480354,0.0147063434124,41.5200233459,0,0,0,0,46482.5386775,603170.424827
8.66944444444,-0.000951483903918,0.580973267555,2.40478515625,-0.000135111913551,3.95659917558e-05,20,20,1.89662480354,0.0147062176839,41.5200233459,0,0,0,0,46442.5423357,602854.164755
8.68055555556,-0.000977283343673,0.580458283424,2.40491700172,-0.00014192974777,3.97937692469e-05,20,20,1.89662480354,0.0147063061595,41.5200233459,0,0,0,0,46439.1998079,602521.319114
8.69166666667,-0.00100815284532,0.579842090607,2.40507531166,-0.000150477149873,4.74500884593e-05,20,20,1.89662480354,0.0147061944008,41.5200233459,0,0,0,0,46486.2345696,602169.364654
8.70277777778,-0.00102604855783,0.579486191273,2.40517497063,-0.000148690029164,4.96122665936e-05,20,20,1.89662480354,0.0147062735632,41.5200233459,0,0,0,0,46572.1305929,601801.407649
8.71388888889,-0.00102604855783,0.579481899738,2.40515756607,-0.000153072032845,4.64482000098e-05,20,20,1.89662480354,0.0147063853219,41.5200233459,0,0,0,0,46685.0343828,601407.183428
8.725,-0.00102604029234,0.579499602318,2.40520381927,-0.000203754636459,5.29745484528e-05,20,20,1.89662480354,0.0147062437609,41.5200233459,0,0,0,0,44180.5414906,601069.286258
8.73611111111,-0.00102604029234,0.579485654831,2.40515494347,-0.00016176851932,4.79594855278e-05,20,20,1.89662480354,0.0147063434124,41.5200233459,0,0,0,0,41769.7799966,600730.31665
8.74722222222,-0.00102660362609,0.579486012459,2.40520882607,-3.53660798282e-05,4.60240480606e-05,20,20,1.89662480354,0.0147062176839,41.5200233459,0,0,0,0,36615.8264735,600591.365746
8.75833333333,-0.00102660362609,0.579474687576,2.40515208244,-9.78104708338e-06,3.93932132283e-05,20,20,1.89662480354,0.0147063061595,41.5200233459,0,0,0,0,36526.8410378,600383.061011
8.76944444444,-0.00102660362609,0.579477965832,2.40517902374,-6.28824200248e-05,2.88988503598e-05,20,20,1.89662480354,0.0147061944008,41.5200233459,0,0,0,0,36558.4621829,600130.232123
8.78055555556,-0.00102660362609,0.57947742939,2.40517902374,-7.8483208199e-05,3.47666282323e-05,20,20,1.89662480354,0.0147062735632,41.5200233459,0,0,0,0,36749.594944,599807.071575
8.79166666667,-0.00102660362609,0.579475224018,2.40516614914,-5.49120522919e-05,2.93980847346e-05,20,20,1.89662480354,0.0147063853219,41.5200233459,0,0,0,0,36965.3756609,599414.925806
8.80277777778,-0.00102660362609,0.579475283623,2.40516972542,-6.19101338089e-05,3.09650567942e-05,20,20,1.89662480354,0.0147062437609,41.5200233459,0,0,0,0,37253.2616937,598959.164196
8.81388888889,-0.00102660362609,0.579475283623,2.40517187119,-7.81439593993e-05,2.91495362035e-05,20,20,1.89662480354,0.0147063434124,41.5200233459,0,0,0,0,37649.8675435,598435.903435
8.825,-0.00102660362609,0.579475283623,2.40517163277,-7.98430919531e-05,3.49915317202e-05,20,20,1.89662480354,0.0147062176839,41.5200233459,0,0,0,0,38150.2761982,597841.491058
8.83611111111,-0.000998739153147,0.579992115498,2.40484833717,0.000398665200919,9.6085939731e-05,20,20,1.89662480354,0.0147063061595,41.5200233459,0,0,0,0,36456.508105,597270.499354
8.84722222222,-0.000954407965764,0.58093982935,2.40486073494,-0.000130747619551,6.30998983979e-05,20,20,1.89662480354,0.0147061944008,41.5200233459,0,0,0,0,36579.0417332,596799.229871
8.85833333333,-0.000930415524635,0.581425487995,2.4048037529,-0.000323110609315,8.4253224486e-05,20,20,1.89662480354,0.0147062735632,41.5200233459,0,0,0,0,37049.1472552,596248.975377
8.86944444444,-0.000929776520934,0.581418931484,2.40471220016,-0.000158003545948,5.39669272257e-05,20,20,1.89662480354,0.0147063853219,41.5200233459,0,0,0,0,31529.0684537,595645.19921
8.88055555556,-0.000991443521343,0.580159962177,2.40491986275,0.000150814870722,4.81876923004e-05,20,20,1.89662480354,0.0147062437609,41.5200233459,0,0,0,0,27808.6412932,595088.524536
8.89166666667,-0.00102560361847,0.579492866993,2.40518426895,-8.35280152387e-05,4.44572324341e-05,20,20,1.89662480354,0.0147063434124,41.5200233459,0,0,0,0,28290.6603233,594494.1597
8.90277777778,-0.00102621130645,0.579487323761,2.4052131176,-0.000189915343071,5.68876930629e-05,20,20,1.89662480354,0.0147062176839,41.5200233459,0,0,0,0,28949.4467433,593800.820437
8.91388888889,-0.00102203618735,0.579570353031,2.40520095825,-0.00020756869344,5.52308374608e-05,20,20,1.89662480354,0.0147063061595,41.5200233459,0,0,0,0,29257.7542242,593074.160405
8.925,-0.00102553493343,0.579499423504,2.4052093029,-0.000199392045033,5.87420036027e-05,20,20,1.89662480354,0.0147061944008,41.5200233459,0,0,0,0,29521.6779666,592329.978663
8.93611111111,-0.000976823386736,0.5804438591,2.40480661392,0.000138781731948,4.27561026299e-05,20,20,1.89662480354,0.0147062735632,41.5200233459,0,0,0,0,26788.9116458,591727.228271
8.94722222222,-0.000876550388057,0.582512199879,2.40456366539,-0.000272425677394,9.20493330341e-05,20,20,1.89662480354,0.0147063853219,41.5200233459,0,0,0,0,26973.4775711,591341.019875
8.95833333333,-0.000804096926004,0.583943009377,2.40413284302,-0.000220324713155,5.98254882789e-05,20,20,1.89662480354,0.0147062437609,41.5200233459,0,0,0,0,27326.7730281,590831.12836
8.96944444444,-0.000724389159586,0.585485577583,2.40354251862,0.000121106073493,5.50906879653e-05,20,20,1.89662480354,0.0147063434124,41.5200233459,0,0,0,0,23866.0845808,590341.145271
8.98055555556,-0.000615528551862,0.587715089321,2.40318202972,-0.000205824369914,4.72814754175e-05,20,20,1.89662480354,0.0147062176839,41.5200233459,0,0,0,0,18152.2194601,590002.765173
8.99166666667,-0.000461360730696,0.59080529213,2.40244817734,-0.000211209073314,7.22833065083e-05,20,20,1.89662480354,0.0147063061595,41.5200233459,0,0,0,0,14874.310382,589870.372087
9.00277777778,-0.000280723674223,0.594409525394,2.40150237083,-0.000111177112558,5.1264429203e-05,20,20,1.89662480354,0.0147061944008,41.5200233459,0,0,0,0,12863.0766292,589868.571251
9.01388888889,-7.81397466199e-05,0.598466873169,2.40051794052,-0.00013984402176,6.43116145511e-05,20,20,1.89662480354,0.0147062735632,41.5200233459,0,0,0,0,11011.4472917,590017.707234
9.025,0.000100880977698,0.602060496807,2.3996925354,-0.000408999592764,0.000104409919004,20,20,1.89662480354,0.014749892056,41.5200233459,0,0,0,0,10634.4024337,590197.629981
9.03611111111,0.000208440935239,0.604208350182,2.39914107323,-0.000478140398627,0.000132209068397,20,20,1.89662480354,0.0147930970415,41.5200233459,0,0,0,0,10331.2510166,590327.199781
9.04722222222,0.000213300241739,0.604290366173,2.39905810356,-0.000329041940859,8.57047634781e-05,20,20,1.89662480354,0.0148082496598,41.5200233459,0,0,0,0,10220.6359458,590396.782179
9.05833333333,0.000124373545987,0.602499246597,2.39945721626,-0.000186668126844,5.41267945664e-05,20,20,1.89662480354,0.0148287508637,41.5200233459,0,0,0,0,10222.4202408,590422.281718
9.06944444444,-1.63111672009e-05,0.599687874317,2.4001660347,-0.00017964062863,6.2696832174e-05,20,20,1.89662480354,0.0147084752098,41.5200233459,0,0,0,0,8694.72187773,590427.679876
9.08055555556,-0.000174999644514,0.596520602703,2.40096926689,-0.000228263495956,6.10608767602e-05,20,20,1.89662480354,0.014623307623,41.5200233459,0,0,0,0,8338.09854763,590418.133428
9.09166666667,-0.000356618635124,0.592880487442,2.40185523033,-0.000196255699848,6.10427232459e-05,20,20,1.89662480354,0.014549872838,41.5200233459,0,0,0,0,8307.97268657,590366.162212
9.10277777778,-0.000551488366909,0.588984489441,2.40283417702,-0.000220677524339,6.28919078736e-05,20,20,1.89662480354,0.0144900307059,41.5200233459,0,0,0,0,8386.00015073,590271.134086
9.11388888889,-0.000755663961172,0.584895849228,2.40384411812,-0.000240985013079,6.10398128629e-05,20,20,1.89662480354,0.0144437998533,41.5200233459,0,0,0,0,8350.51181818,590136.041655
9.125,-0.000960945908446,0.580796122551,2.40488147736,-0.000209684556467,6.10430724919e-05,20,20,1.89662480354,0.0144112566486,41.5200233459,0,0,0,0,8428.68840679,589986.096358
9.13611111111,-0.00102597789373,0.579485952854,2.40518188477,-0.000144525183714,6.10430724919e-05,20,20,1.89662480354,0.0143923666328,41.5200233459,0,0,0,0,8174.82958276,589853.846426
9.14722222222,-0.00102429173421,0.579499602318,2.40509772301,-0.000102659061668,6.10394636169e-05,20,20,1.89662480354,0.0143871782348,41.5200233459,0,0,0,0,8185.62122918,589664.451822
9.15833333333,-0.00101467291825,0.579702138901,2.40507864952,-8.76976264408e-05,6.10394636169e-05,20,20,1.89662480354,0.0143872257322,41.5200233459,0,0,0,0,6983.87955826,589507.115282
9.16944444444,-0.00101290759631,0.579746186733,2.40508890152,-0.000148461418576,6.10394636169e-05,20,20,1.89662480354,0.0143872313201,41.5200233459,0,0,0,0,6620.36288383,589353.276137
9.18055555556,-0.00101138057653,0.57976680994,2.4050579071,-0.000157227987074,6.10394636169e-05,20,20,1.89662480354,0.0143872350454,41.5200233459,0,0,0,0,6381.74742809,589198.608325
9.19166666667,-0.000989976106212,0.580195724964,2.40496516228,-0.000104617152829,6.10394636169e-05,20,20,1.89662480354,0.0143872406334,41.5200233459,0,0,0,0,5371.62157744,589120.932092
9.20277777778,-0.000967205967754,0.580648779869,2.40482926369,-4.14572132286e-05,6.10371353105e-05,20,20,1.89662480354,0.0143872434273,41.5200233459,0,0,0,0,3948.89326503,589078.822604
9.21388888889,-0.000955596507993,0.580891430378,2.40480852127,-0.00011778256885,6.10371353105e-05,20,20,1.89662480354,0.0143872480839,41.5200233459,0,0,0,0,3696.72894306,589048.560687
9.225,-0.000962785677984,0.58074837923,2.40485739708,-0.000167009056895,6.10394636169e-05,20,20,1.89662480354,0.0143872210756,41.5200233459,0,0,0,0,3609.3300071,588983.866036
9.23611111111,-0.000969027227256,0.580617547035,2.40487360954,-4.87802863063e-05,6.10394636169e-05,20,20,1.89662480354,0.0143872257322,41.5200233459,0,0,0,0,2432.86505561,588948.95839
9.24722222222,-0.000982108758762,0.580362737179,2.40495491028,-7.14071793482e-05,6.10394636169e-05,20,20,1.89662480354,0.0143872313201,41.5200233459,0,0,0,0,2006.96687394,588944.435102
9.25833333333,-0.00100450962782,0.579922795296,2.40510725975,-0.000222377551836,6.10394636169e-05,20,20,1.89662480354,0.0143872350454,41.5200233459,0,0,0,0,1965.59639984,588932.162732
9.26944444444,-0.00102628686,0.579486310482,2.40522670746,-0.000241677000304,6.10394636169e-05,20,20,1.89662480354,0.0143872406334,41.5200233459,0,0,0,0,1876.12525599,588892.027617
9.28055555556,-0.00102628686,0.579478442669,2.40516328812,-0.000123997335322,6.10371353105e-05,20,20,1.89662480354,0.0143872434273,41.5200233459,0,0,0,0,1674.11070795,588838.337368
9.29166666667,-0.00102227460593,0.579560756683,2.40513849258,-0.000100809455034,6.10371353105e-05,20,20,1.89662480354,0.0143872480839,41.5200233459,0,0,0,0,1441.2794718,588792.854856
9.30277777778,-0.0010180149693,0.579654455185,2.40513896942,-0.000151070853462,6.10394636169e-05,20,20,1.89662480354,0.0143872210756,41.5200233459,0,0,0,0,1407.17960895,588748.175751
9.31388888889,-0.00101044087205,0.57979786396,2.40509271622,-0.000163017961313,6.10394636169e-05,20,20,1.89662480354,0.0143872257322,41.5200233459,0,0,0,0,1297.36721719,588695.220672
9.325,-0.000997855677269,0.580048978329,2.40503168106,-0.000130996631924,6.10394636169e-05,20,20,1.89662480354,0.0143872313201,41.5200233459,0,0,0,0,1297.68368582,588649.174195
9.33611111111,-0.000989166437648,0.580219686031,2.40497708321,-0.000124799815239,6.10394636169e-05,20,20,1.89662480354,0.0143872350454,41.5200233459,0,0,0,0,1310.63686994,588584.029542
9.34722222222,-0.000970143941231,0.580596506596,2.40486741066,-7.29912062525e-05,6.10394636169e-05,20,20,1.89662480354,0.0143872406334,41.5200233459,0,0,0,0,1227.82109095,588535.162075
9.35833333333,-0.000952473550569,0.580952882767,2.40479063988,-0.000103477483208,6.10371353105e-05,20,20,1.89662480354,0.0143872434273,41.5200233459,0,0,0,0,1251.9721145,588482.751781
9.36944444444,-0.000925831205677,0.58148676157,2.40466165543,-0.000115573377116,6.10371353105e-05,20,20,1.89662480354,0.0143872480839,41.5200233459,0,0,0,0,1154.07805623,588449.153734
9.38055555556,-0.000896957586519,0.58206319809,2.40451431274,-0.000114595932246,6.10394636169e-05,20,20,1.89662480354,0.0143872210756,41.5200233459,0,0,0,0,1176.70503915,588415.319869
9.39166666667,-0.000862731307279,0.58274024725,2.40431642532,-4.02734076488e-05,6.10394636169e-05,20,20,1.89662480354,0.0143872257322,41.5200233459,0,0,0,0,794.452098516,588397.888088
9.40277777778,-0.000832579506095,0.583349466324,2.40418672562,-7.9030804045e-05,6.10394636169e-05,20,20,1.89662480354,0.0143872313201,41.5200233459,0,0,0,0,774.636638824,588386.489581
9.41388888889,-0.000801438232884,0.583968698978,2.40402388573,-0.000112664216431,6.10394636169e-05,20,20,1.89662480354,0.0143872350454,41.5200233459,0,0,0,0,640.349603493,588376.366938
9.425,-0.000762262323406,0.584761321545,2.4038567543,-0.000113371504995,6.10394636169e-05,20,20,1.89662480354,0.0143872406334,41.5200233459,0,0,0,0,633.388532285,588388.4857
9.43611111111,-0.000726543483324,0.585473060608,2.40366506577,-0.000119311487651,6.10371353105e-05,20,20,1.89662480354,0.0143872434273,41.5200233459,0,0,0,0,634.069241383,588382.036745
9.44722222222,-0.000692044268362,0.586162090302,2.4034819603,-0.000106428473373,6.10371353105e-05,20,20,1.89662480354,0.0143872480839,41.5200233459,0,0,0,0,629.155033395,588369.292618
9.45833333333,-0.000659730110783,0.586806833744,2.40330982208,-9.47375228861e-05,6.10394636169e-05,20,20,1.89662480354,0.0143872210756,41.5200233459,0,0,0,0,644.647795258,588347.75691
9.46944444444,-0.000628729292657,0.587426781654,2.40315723419,-0.000104119106254,6.10394636169e-05,20,20,1.89662480354,0.0143872257322,41.5200233459,0,0,0,0,670.641907939,588319.098357
9.48055555556,-0.000598591053858,0.588029384613,2.40300607681,-0.000113640540803,6.10394636169e-05,20,20,1.89662480354,0.0143872313201,41.5200233459,0,0,0,0,694.410213506,588282.432393
9.49166666667,-0.000561061082408,0.588771879673,2.40278983116,-5.52781275474e-05,6.10394636169e-05,20,20,1.89662480354,0.0143872350454,41.5200233459,0,0,0,0,629.942712918,588255.744937
9.50277777778,-0.000517378910445,0.589646577835,2.40257453918,-3.80723686249e-05,6.10394636169e-05,20,20,1.89662480354,0.0143872406334,41.5200233459,0,0,0,0,533.238246656,588251.649602
9.51388888889,-0.000471989595098,0.590558588505,2.40235567093,-3.68299079128e-05,6.10371353105e-05,20,20,1.89662480354,0.0143872434273,41.5200233459,0,0,0,0,330.561440745,588268.279842
9.525,-0.000430977961514,0.591383099556,2.40217471123,-0.000100624936749,6.10371353105e-05,20,20,1.89662480354,0.0143872480839,41.5200233459,0,0,0,0,307.417005731,588285.753836
9.53611111111,-0.000390685221646,0.592192173004,2.40198969841,-0.000148119870573,6.10394636169e-05,20,20,1.89662480354,0.0143872210756,41.5200233459,0,0,0,0,297.113497256,588294.778661
9.54722222222,-0.000349577225279,0.593011200428,2.40177130699,-0.000124363607028,6.10394636169e-05,20,20,1.89662480354,0.0143872257322,41.5200233459,0,0,0,0,297.938647373,588292.06672
9.55833333333,-0.000309567229124,0.593809306622,2.40156149864,-9.93213470792e-05,6.10394636169e-05,20,20,1.89662480354,0.0143872313201,41.5200233459,0,0,0,0,306.423741546,588280.282706
9.56944444444,-0.000271955039352,0.594562411308,2.40137887001,-0.000107448438939,6.10394636169e-05,20,20,1.89662480354,0.0143872350454,41.5200233459,0,0,0,0,320.557397867,588260.864099
9.58055555556,-0.000232909369515,0.595342218876,2.40118002892,-0.000104710197775,6.10394636169e-05,20,20,1.89662480354,0.0143872406334,41.5200233459,0,0,0,0,307.322173434,588239.30506
9.59166666667,-0.000190975959413,0.596176922321,2.40095901489,-8.82048261701e-05,6.10371353105e-05,20,20,1.89662480354,0.0143872434273,41.5200233459,0,0,0,0,290.524808782,588219.484399
9.60277777778,-0.00014219066361,0.597155332565,2.40072011948,-6.0861089878e-05,6.10371353105e-05,20,20,1.89662480354,0.0143872480839,41.5200233459,0,0,0,0,289.891440355,588216.746904
9.61388888889,-9.401794523e-05,0.598120510578,2.40048718452,-9.54228962655e-05,6.10394636169e-05,20,20,1.89662480354,0.0143872210756,41.5200233459,0,0,0,0,294.04024435,588213.565081
9.625,-4.37784656242e-05,0.59912699461,2.40024280548,-0.000120532014989,6.10394636169e-05,20,20,1.89662480354,0.0143872257322,41.5200233459,0,0,0,0,297.556698518,588210.580191
9.63611111111,9.32517104957e-06,0.600183188915,2.39995288849,-5.65934387851e-05,5.50003278477e-05,20,20,1.89662480354,0.0143972532824,41.5200233459,0,0,0,0,153.856903738,588214.423271
9.64722222222,4.69065998914e-05,0.600932300091,2.39976930618,-7.34572531655e-05,3.93910486309e-05,20,20,1.89662480354,0.0144128706306,41.5200233459,0,0,0,0,108.85566318,588224.011066
9.65833333333,5.75000049139e-05,0.601145923138,2.3997323513,-0.000126213650219,3.85501552955e-05,20,20,1.89662480354,0.0144163491204,41.5200233459,0,0,0,0,75.1013727319,588236.09077
9.66944444444,4.01065371989e-05,0.600796341896,2.39981603622,-0.000106445717392,3.86738174711e-05,20,20,1.89662480354,0.0144323017448,41.5200233459,0,0,0,0,21.8105840302,588250.331724
9.68055555556,7.29010992018e-07,0.600010514259,2.40001630783,-0.00012053194223,5.47387462575e-05,20,20,1.89662480354,0.0144046945497,41.5200233459,0,0,0,0,23.1968175005,588255.258883
9.69166666667,-4.51344167232e-05,0.599097371101,2.40024805069,-0.000124415222672,5.34594837518e-05,20,20,1.89662480354,0.0143780708313,41.5200233459,0,0,0,0,27.964977074,588251.290322
9.70277777778,-8.85084227775e-05,0.598226010799,2.40044474602,-9.35227290029e-05,5.34062928637e-05,20,20,1.89662480354,0.0143660530448,41.5200233459,0,0,0,0,14.9150728907,588242.909042
9.71388888889,-0.000129789797938,0.597403585911,2.40065789223,-9.26734574023e-05,5.34062928637e-05,20,20,1.89662480354,0.014365199022,41.5200233459,0,0,0,0,17.7837350795,588240.181786
9.725,-0.000171866980963,0.596564471722,2.40087652206,-0.000118183954328,5.37817577424e-05,20,20,1.89662480354,0.014365199022,41.5200233459,0,0,0,0,24.9943906507,588232.571344
9.73611111111,-0.000212587852729,0.595751345158,2.40108346939,-0.000122608835227,5.34062928637e-05,20,20,1.89662480354,0.014365199022,41.5200233459,0,0,0,0,36.0508883542,588220.776634
9.74722222222,-0.000250158831477,0.594993233681,2.40124464035,-8.24894741527e-05,5.34062928637e-05,20,20,1.89662480354,0.014365199022,41.5200233459,0,0,0,0,10.563085272,588206.241042
9.75833333333,-0.00028101800126,0.594379603863,2.40140986443,-6.33762829239e-05,5.34062928637e-05,20,20,1.89662480354,0.014365199022,41.5200233459,0,0,0,0,8.21867194222,588209.510047
9.76944444444,-0.000312596792355,0.593750596046,2.40157985687,-0.000104348124296,5.34062928637e-05,20,20,1.89662480354,0.014365199022,41.5200233459,0,0,0,0,7.76568625201,588211.159724
9.78055555556,-0.000341528124409,0.593173623085,2.40173482895,-0.000123632256873,5.34062928637e-05,20,20,1.89662480354,0.014365199022,41.5200233459,0,0,0,0,6.56202793809,588212.929678
9.79166666667,-0.000367441243725,0.592653572559,2.40185546875,-0.000103611178929,5.34062928637e-05,20,20,1.89662480354,0.014365199022,41.5200233459,0,0,0,0,5.95620704222,588212.720758
9.80277777778,-0.000391384819523,0.592173278332,2.40197038651,-8.79984800122e-05,5.34062928637e-05,20,20,1.89662480354,0.014365199022,41.5200233459,0,0,0,0,5.16716289394,588212.617323
9.81388888889,-0.000413983798353,0.591722071171,2.40208721161,-9.14767733775e-05,5.34062928637e-05,20,20,1.89662480354,0.014365199022,41.5200233459,0,0,0,0,4.54466131518,588213.493588
9.825,-0.000434686313383,0.591308832169,2.40219426155,-9.72989291768e-05,5.34062928637e-05,20,20,1.89662480354,0.014365199022,41.5200233459,0,0,0,0,3.94313674101,588214.394528
9.83611111111,-0.000452938693343,0.590943753719,2.40228414536,-9.02697283891e-05,5.34062928637e-05,20,20,1.89662480354,0.014365199022,41.5200233459,0,0,0,0,3.45363368186,588214.596316
9.84722222222,-0.000469224876724,0.590617656708,2.40236377716,-8.22189686005e-05,5.34062928637e-05,20,20,1.89662480354,0.014365199022,41.5200233459,0,0,0,0,2.95541903715,588214.711975
9.85833333333,-0.000483750831336,0.590327382088,2.4024374485,-8.39363565319e-05,5.34062928637e-05,20,20,1.89662480354,0.014365199022,41.5200233459,0,0,0,0,2.53932155985,588215.125491
9.86944444444,-0.000496417167597,0.590074300766,2.40250301361,-8.85333865881e-05,5.34062928637e-05,20,20,1.89662480354,0.014365199022,41.5200233459,0,0,0,0,2.18225196348,588215.630341
9.88055555556,-0.000506993907038,0.589862763882,2.40255618095,-8.71440424817e-05,5.34062928637e-05,20,20,1.89662480354,0.014365199022,41.5200233459,0,0,0,0,1.8755829148,588215.90709
9.89166666667,-0.000515526684467,0.589692056179,2.40259766579,-7.67227465985e-05,5.34062928637e-05,20,20,1.89662480354,0.014365199022,41.5200233459,0,0,0,0,1.6277220283,588215.94691
9.90277777778,-0.000522275804542,0.589556992054,2.40262889862,-6.43293315079e-05,5.34062928637e-05,20,20,1.89662480354,0.014365199022,41.5200233459,0,0,0,0,1.43539267621,588215.598592
9.91388888889,-0.00052599265473,0.589475810528,2.40264558792,-6.89089647494e-05,5.34062928637e-05,20,20,1.89662480354,0.014365199022,41.5200233459,0,0,0,0,1.28855219274,588215.587892
9.925,-0.00052599265473,0.589465856552,2.40264034271,-6.85455088387e-05,5.34062928637e-05,20,20,1.89662480354,0.014365199022,41.5200233459,0,0,0,0,1.21467318832,588216.155422
9.93611111111,-0.00052599265473,0.589470922947,2.40263557434,-6.63606915623e-05,5.34062928637e-05,20,20,1.89662480354,0.014365199022,41.5200233459,0,0,0,0,1.17647976576,588215.736937
9.94722222222,-0.00052599265473,0.589484095573,2.4026389122,-6.70283770887e-05,5.34062928637e-05,20,20,1.89662480354,0.014365199022,41.5200233459,0,0,0,0,1.17674894114,588216.0652
9.95833333333,-0.000525905517861,0.589497566223,2.40264248848,-6.72361857141e-05,5.34062928637e-05,20,20,1.89662480354,0.014365199022,41.5200233459,0,0,0,0,1.22082309444,588215.255711
9.96944444444,-0.000523399387021,0.589551329613,2.40263724327,-6.63867322146e-05,5.34062928637e-05,20,20,1.89662480354,0.014365199022,41.5200233459,0,0,0,0,1.29405537644,588214.435639
9.98055555556,-0.000517719017807,0.589661359787,2.4026093483,-6.23561791144e-05,5.34062928637e-05,20,20,1.89662480354,0.014365199022,41.5200233459,0,0,0,0,1.40232384836,588213.988619
9.99166666667,-0.000510481128003,0.589804768562,2.40257239342,-6.79359654896e-05,5.34062928637e-05,20,20,1.89662480354,0.014365199022,41.5200233459,0,0,0,0,1.5427119674,588213.673454
10.0027777778,-0.0005017449148,0.589978575706,2.40252995491,-7.94907027739e-05,5.34062928637e-05,20,20,1.89662480354,0.014365199022,41.5200233459,0,0,0,0,1.71636468676,588213.416702
10.0138888889,-0.000491482031066,0.590183854103,2.4024810791,-8.59271240188e-05,5.34062928637e-05,20,20,1.89662480354,0.014365199022,41.5200233459,0,0,0,0,1.92292909389,588213.231052
10.025,-0.00047965318663,0.590420424938,2.40242314339,-8.13257793197e-05,5.34062928637e-05,20,20,1.89662480354,0.014365199022,41.5200233459,0,0,0,0,2.16241767226,588212.934656
10.0361111111,-0.000466266908916,0.590688169003,2.40235543251,-7.25071367924e-05,5.34062928637e-05,20,20,1.89662480354,0.014365199022,41.5200233459,0,0,0,0,2.43497181685,588212.56096
10.0472222222,-0.00045134726679,0.59098649025,2.40228033066,-6.23450832791e-05,5.34062928637e-05,20,20,1.89662480354,0.014365199022,41.5200233459,0,0,0,0,2.74048864679,588212.172938
10.0583333333,-0.000434885121649,0.591314971447,2.40219497681,-5.73151592107e-05,5.34062928637e-05,20,20,1.89662480354,0.014365199022,41.5200233459,0,0,0,0,3.0791242995,588211.630432
10.0694444444,-0.000416879396653,0.591674745083,2.40210127831,-5.73151592107e-05,5.34062928637e-05,20,20,1.89662480354,0.014365199022,41.5200233459,0,0,0,0,3.4508390949,588211.160782
10.0805555556,-0.000397323135985,0.592065095901,2.40200018883,-6.4026848122e-05,5.34062928637e-05,20,20,1.89662480354,0.014365199022,41.5200233459,0,0,0,0,3.85574796656,588210.545947
10.0916666667,-0.000376221432816,0.592487156391,2.40189433098,-6.4026848122e-05,5.34062928637e-05,20,20,1.89662480354,0.014365199022,41.5200233459,0,0,0,0,4.29386400091,588209.989407
10.1027777778,-0.00035357681918,0.592939198017,2.40178060532,-6.4026848122e-05,5.34062928637e-05,20,20,1.89662480354,0.014365199022,41.5200233459,0,0,0,0,4.76527043788,588209.310544
10.1138888889,-0.000329384027282,0.593423068523,2.40165948868,-6.24431340839e-05,5.34062928637e-05,20,20,1.89662480354,0.014365199022,41.5200233459,0,0,0,0,5.27001985632,588208.704186
10.125,-0.000303639884805,0.593937456608,2.40153074265,-6.00498133281e-05,5.34062928637e-05,20,20,1.89662480354,0.014365199022,41.5200233459,0,0,0,0,5.80817179622,588208.025323
10.1361111111,-0.00027634575963,0.594482958317,2.40139555931,-5.76457423449e-05,5.34062928637e-05,20,20,1.89662480354,0.014365199022,41.5200233459,0,0,0,0,6.37979655624,588207.377742
10.1472222222,-0.000247502495768,0.595059812069,2.40125107765,-5.76457423449e-05,5.34062928637e-05,20,20,1.89662480354,0.014365199022,41.5200233459,0,0,0,0,6.98500191195,588206.743318
10.1583333333,-0.000217108070501,0.595667719841,2.40109944344,-5.76457423449e-05,5.34062928637e-05,20,20,1.89662480354,0.014365199022,41.5200233459,0,0,0,0,7.62385521381,588206.089013
10.1694444444,-0.000185160359251,0.596306562424,2.40093970299,-5.76457423449e-05,5.34062928637e-05,20,20,1.89662480354,0.014365199022,41.5200233459,0,0,0,0,8.29641825798,588205.349864
10.1805555556,-0.000151658634422,0.596976697445,2.40077185631,-5.76457423449e-05,5.34062928637e-05,20,20,1.89662480354,0.014365199022,41.5200233459,0,0,0,0,9.00280027822,588204.440328
10.1916666667,-0.000116602546768,0.597677767277,2.40059638023,-5.76457423449e-05,5.34062928637e-05,20,20,1.89662480354,0.014365199022,41.5200233459,0,0,0,0,9.74310359139,588203.504771
10.2027777778,-7.99908011686e-05,0.598409891129,2.40041351318,-5.76457423449e-05,5.34062928637e-05,20,20,1.89662480354,0.014365199022,41.5200233459,0,0,0,0,10.517427704,588202.546118
10.2138888889,-4.18080890086e-05,0.599173545837,2.40022277832,-5.35480539838e-05,5.34062928637e-05,20,20,1.89662480354,0.014365199022,41.5200233459,0,0,0,0,11.3278541382,588201.579337
10.225,-2.96140115097e-06,0.599950134754,2.4000248909,-5.35480539838e-05,4.6536228183e-05,20,20,1.89662480354,0.0143694309518,41.5200233459,0,0,0,0,11.0403425137,588200.110046
10.2361111111,2.77274466498e-05,0.600560665131,2.39987134933,-5.88993389101e-05,3.16459700116e-05,20,20,1.89662480354,0.0143806673586,41.5200233459,0,0,0,0,5.53280638854,588197.950843
10.2472222222,4.06517756346e-05,0.600817084312,2.39980840683,-6.64811595925e-05,3.28602727677e-05,20,20,1.89662480354,0.0143849775195,41.5200233459,0,0,0,0,1.14160184355,588197.285955
10.2583333333,3.32685231115e-05,0.600668609142,2.39984488487,-6.8981651566e-05,3.31770388584e-05,20,20,1.89662480354,0.0143932066858,41.5200233459,0,0,0,0,2.44735840149,588197.6486
10.2694444444,9.78464140644e-06,0.600199878216,2.39996147156,-6.17307450739e-05,3.88680782635e-05,20,20,1.89662480354,0.0143858063966,41.5200233459,0,0,0,0,6.51858508134,588198.905461
10.2805555556,-2.10613779927e-05,0.599585652351,2.40011191368,-5.40947039553e-05,5.37833439012e-05,20,20,1.89662480354,0.0143632311374,41.5200233459,0,0,0,0,7.95602062011,588200.624193
10.2916666667,-5.16222826263e-05,0.598976194859,2.40026330948,-5.0566453865e-05,5.34110840817e-05,20,20,1.89662480354,0.0143566736951,41.5200233459,0,0,0,0,7.11127048581,588201.566064
10.3027777778,-8.04080846137e-05,0.598401546478,2.40040850639,-4.65449011244e-05,5.34110840817e-05,20,20,1.89662480354,0.0143567472696,41.5200233459,0,0,0,0,6.31788329828,588202.368246
10.3138888889,-0.000107114508864,0.59786772728,2.40054225922,-5.04672025272e-05,5.34110840817e-05,20,20,1.89662480354,0.0143567528576,41.5200233459,0,0,0,0,5.55764881675,588203.065703
10.325,-0.000131820197566,0.597374081612,2.40066623688,-6.12091389485e-05,5.34110840817e-05,20,20,1.89662480354,0.0143567528576,41.5200233459,0,0,0,0,4.8645229417,588203.659372
10.3361111111,-0.000154544904944,0.596919715405,2.40078020096,-6.28847556072e-05,5.34110840817e-05,20,20,1.89662480354,0.0143567528576,41.5200233459,0,0,0,0,4.22433560515,588204.20796
10.3472222222,-0.00017533582286,0.596503973007,2.4008846283,-6.28874331596e-05,5.34110840817e-05,20,20,1.89662480354,0.0143567528576,41.5200233459,0,0,0,0,3.6403255898,588204.743449
10.3583333333,-0.000194139487576,0.596128821373,2.40097999573,-5.88864022575e-05,5.34110840817e-05,20,20,1.89662480354,0.0143567528576,41.5200233459,0,0,0,0,3.11056605394,588205.341445
10.3694444444,-0.000210923375562,0.595793187618,2.40106511116,-5.8002086007e-05,5.34110840817e-05,20,20,1.89662480354,0.0143567528576,41.5200233459,0,0,0,0,2.63585637686,588205.766889
10.3805555556,-0.000225712748943,0.595497429371,2.40114355087,-7.1053065767e-05,5.34110840817e-05,20,20,1.89662480354,0.0143567528576,41.5200233459,0,0,0,0,2.21571576958,588206.198648
10.3916666667,-0.000238532142248,0.595241189003,2.40120863914,-8.15548264654e-05,5.34110840817e-05,20,20,1.89662480354,0.0143567528576,41.5200233459,0,0,0,0,1.85023080859,588206.556323
10.4027777778,-0.000249372038525,0.595024883747,2.40126490593,-8.10756901046e-05,5.34110840817e-05,20,20,1.89662480354,0.0143567528576,41.5200233459,0,0,0,0,1.53931906868,588206.905578
10.4138888889,-0.000258216954535,0.594848394394,2.40130901337,-7.19476447557e-05,5.34110840817e-05,20,20,1.89662480354,0.0143567528576,41.5200233459,0,0,0,0,1.28291837952,588207.142917
10.425,-0.000265070120804,0.594711244106,2.40134382248,-6.08697300777e-05,5.34110840817e-05,20,20,1.89662480354,0.0143567528576,41.5200233459,0,0,0,0,1.08102517379,588207.280853
10.4361111111,-0.000269941490842,0.594613850117,2.40136599541,-5.95394012635e-05,5.34110840817e-05,20,20,1.89662480354,0.0143567528576,41.5200233459,0,0,0,0,0.933585316078,588207.368913
10.4472222222,-0.000269941490842,0.594600319862,2.40136146545,-5.99418162892e-05,5.34110840817e-05,20,20,1.89662480354,0.0143567528576,41.5200233459,0,0,0,0,0.840595753799,588208.387849
10.4583333333,-0.000269941490842,0.59460490942,2.40135836601,-5.86654969084e-05,5.34110840817e-05,20,20,1.89662480354,0.0143567528576,41.5200233459,0,0,0,0,0.80210534657,588209.462918
10.4694444444,-0.000269941490842,0.594614684582,2.40136003494,-5.92095057073e-05,5.34110840817e-05,20,20,1.89662480354,0.0143567528576,41.5200233459,0,0,0,0,0.808248326179,588209.715518
10.4805555556,-0.000269820680842,0.594627559185,2.40136194229,-5.87812428421e-05,5.34110840817e-05,20,20,1.89662480354,0.0143567528576,41.5200233459,0,0,0,0,0.847673503468,588208.951579
10.4916666667,-0.00026699990849,0.594680905342,2.40135145187,-5.63316425541e-05,5.34110840817e-05,20,20,1.89662480354,0.0143567528576,41.5200233459,0,0,0,0,0.92031858621,588207.774651
10.5027777778,-0.000261533452431,0.594785571098,2.40132379532,-5.3921554354e-05,5.34110840817e-05,20,20,1.89662480354,0.0143567528576,41.5200233459,0,0,0,0,1.02619176476,588207.198174
10.5138888889,-0.000254517304711,0.594924092293,2.40128898621,-6.5868756792e-05,5.34110840817e-05,20,20,1.89662480354,0.0143567528576,41.5200233459,0,0,0,0,1.16530954026,588206.86839
10.525,-0.000245950475801,0.595095336437,2.4012465477,-7.8222459706e-05,5.34110840817e-05,20,20,1.89662480354,0.0143567528576,41.5200233459,0,0,0,0,1.33769064665,588206.664614
10.5361111111,-0.000235831408645,0.595297038555,2.40120172501,-8.66251502885e-05,5.34110840817e-05,20,20,1.89662480354,0.0143567528576,41.5200233459,0,0,0,0,1.54336091964,588206.453237
10.5472222222,-0.000224159914069,0.595530450344,2.40114450455,-7.8486984421e-05,5.34110840817e-05,20,20,1.89662480354,0.0143567528576,41.5200233459,0,0,0,0,1.78234376734,588206.189234
10.5583333333,-0.000210936457734,0.595794916153,2.40107774734,-6.95139315212e-05,5.34110840817e-05,20,20,1.89662480354,0.0143567528576,41.5200233459,0,0,0,0,2.05467737035,588205.870268
10.5694444444,-0.000196160617634,0.596090495586,2.40100264549,-5.77793834964e-05,5.34110840817e-05,20,20,1.89662480354,0.0143567528576,41.5200233459,0,0,0,0,2.36039311748,588205.516978
10.5805555556,-0.000179831375135,0.596416294575,2.40091466904,-5.10783320351e-05,5.34110840817e-05,20,20,1.89662480354,0.0143567528576,41.5200233459,0,0,0,0,2.69954163284,588204.889863
10.5916666667,-0.000161948046298,0.596772909164,2.40082406998,-5.10783320351e-05,5.34110840817e-05,20,20,1.89662480354,0.0143567528576,41.5200233459,0,0,0,0,3.07216832811,588204.326951
10.6027777778,-0.000142510296428,0.597161650658,2.40072631836,-5.89236769883e-05,5.34110840817e-05,20,20,1.89662480354,0.0143567528576,41.5200233459,0,0,0,0,3.47832720103,588203.816195
10.6138888889,-0.000121517579828,0.597581505775,2.40062141418,-6.0281559854e-05,5.34110840817e-05,20,20,1.89662480354,0.0143567528576,41.5200233459,0,0,0,0,3.9180636995,588203.307194
10.625,-9.89691179711e-05,0.598032057285,2.40050840378,-6.0281559854e-05,5.34110840817e-05,20,20,1.89662480354,0.0143567528576,41.5200233459,0,0,0,0,4.39143923116,588202.742644
10.6361111111,-7.48640741222e-05,0.598513662815,2.40038776398,-6.0281559854e-05,5.34110840817e-05,20,20,1.89662480354,0.0143567528576,41.5200233459,0,0,0,0,4.89851863273,588202.163183
10.6472222222,-4.92016697535e-05,0.599026679993,2.40025877953,-5.63391695323e-05,5.34110840817e-05,20,20,1.89662480354,0.0143567528576,41.5200233459,0,0,0,0,5.43936996855,588201.489875
10.6583333333,-2.1981091777e-05,0.599570393562,2.40012311935,-5.39439533895e-05,5.34110840817e-05,20,20,1.89662480354,0.0143567528576,41.5200233459,0,0,0,0,6.01407728975,588200.752539
10.6694444444,3.98517522626e-06,0.600088477135,2.39999294281,-5.39439533895e-05,3.88300359191e-05,20,20,1.89662480354,0.0143650202081,41.5200233459,0,0,0,0,4.72135457955,588199.244716
10.6805555556,2.09878198802e-05,0.600426852703,2.39991021156,-6.00951825618e-05,3.19729879266e-05,20,20,1.89662480354,0.014371288009,41.5200233459,0,0,0,0,1.71967731845,588198.218412
10.6916666667,2.42444002652e-05,0.600487112999,2.39989423752,-6.00951825618e-05,3.05334069708e-05,20,20,1.89662480354,0.0143720507622,41.5200233459,0,0,0,0,0.711239355847,588198.055041
10.7027777778,1.35614582177e-05,0.600275456905,2.39994645119,-5.9011963458e-05,3.20617582474e-05,20,20,1.89662480354,0.0143803628162,41.5200233459,0,0,0,0,2.27258699148,588198.786119
10.7138888889,-6.02496538704e-06,0.599885582924,2.40004611015,-5.39995344297e-05,4.61629424535e-05,20,20,1.89662480354,0.0143651524559,41.5200233459,0,0,0,0,3.96951476045,588199.975268
10.725,-2.77967938018e-05,0.59945243597,2.40015530586,-5.18310407642e-05,6.86852436047e-05,20,20,1.89662480354,0.0143544897437,41.5200233459,0,0,0,0,3.84993612898,588201.181959
10.7361111111,-4.81218812638e-05,0.599046826363,2.40025639534,-5.18310407642e-05,6.86649655108e-05,20,20,1.89662480354,0.0143538545817,41.5200233459,0,0,0,0,3.2763620889,588201.668624
10.7472222222,-6.64926919853e-05,0.598680436611,2.40034914017,-5.18310407642e-05,6.86649655108e-05,20,20,1.89662480354,0.0143538545817,41.5200233459,0,0,0,0,2.75997421102,588202.310299
10.7583333333,-8.28324627946e-05,0.598353683949,2.40043067932,-5.18310407642e-05,6.86649655108e-05,20,20,1.89662480354,0.0143538545817,41.5200233459,0,0,0,0,2.29733005664,588202.747145
10.7694444444,-9.71344634308e-05,0.598067581654,2.40050148964,-5.18310407642e-05,6.86649655108e-05,20,20,1.89662480354,0.0143538545817,41.5200233459,0,0,0,0,1.8906420402,588203.083712
10.7805555556,-0.000109463231638,0.597820937634,2.4005651474,-5.18310407642e-05,6.86649655108e-05,20,20,1.89662480354,0.0143538545817,41.5200233459,0,0,0,0,1.5381998202,588203.399345
10.7916666667,-0.000119830139738,0.597614407539,2.40061759949,-5.18310407642e-05,6.86649655108e-05,20,20,1.89662480354,0.0143538545817,41.5200233459,0,0,0,0,1.24098734122,588203.739186
10.8027777778,-0.00012820136908,0.597446978092,2.40065956116,-5.18310407642e-05,6.86649655108e-05,20,20,1.89662480354,0.0143538545817,41.5200233459,0,0,0,0,0.998311416225,588203.91051
10.8138888889,-0.000134564266773,0.597319722176,2.40069127083,-5.18310407642e-05,6.86649655108e-05,20,20,1.89662480354,0.0143538545817,41.5200233459,0,0,0,0,0.810498360362,588204.01272
10.825,-0.000138029208756,0.597244262695,2.40070819855,-5.18310407642e-05,6.86649655108e-05,20,20,1.89662480354,0.0143538545817,41.5200233459,0,0,0,0,0.677320359683,588204.238072
10.8361111111,-0.000138029208756,0.59723764658,2.4006998539,-5.18310407642e-05,6.86649655108e-05,20,20,1.89662480354,0.0143538545817,41.5200233459,0,0,0,0,0.599080277149,588205.425115
10.8472222222,-0.000138029208756,0.597243607044,2.40069818497,-5.18310407642e-05,6.86649655108e-05,20,20,1.89662480354,0.0143538545817,41.5200233459,0,0,0,0,0.575058662811,588206.004223
10.8583333333,-0.000138029208756,0.597254276276,2.40070390701,-5.18310407642e-05,6.86649655108e-05,20,20,1.89662480354,0.0143538545817,41.5200233459,0,0,0,0,0.590503090627,588206.038079
10.8694444444,-0.000137889030157,0.597267568111,2.40070915222,-5.18310407642e-05,6.86649655108e-05,20,20,1.89662480354,0.0143538545817,41.5200233459,0,0,0,0,0.639771115878,588204.984176
10.8805555556,-0.000134218542371,0.597334384918,2.40069389343,-5.18310407642e-05,6.86649655108e-05,20,20,1.89662480354,0.0143538545817,41.5200233459,0,0,0,0,0.722388448122,588203.87455
10.8916666667,-0.000128341955133,0.597447931767,2.40066337585,-5.18310407642e-05,6.86649655108e-05,20,20,1.89662480354,0.0143538545817,41.5200233459,0,0,0,0,0.838451343969,588203.37777
10.9027777778,-0.000120902448543,0.597595214844,2.40062427521,-5.18310407642e-05,6.86649655108e-05,20,20,1.89662480354,0.0143538545817,41.5200233459,0,0,0,0,0.987966938737,588203.071434
10.9138888889,-0.000111914851004,0.597774386406,2.40057849884,-5.18310407642e-05,6.86649655108e-05,20,20,1.89662480354,0.0143538545817,41.5200233459,0,0,0,0,1.17092843244,588202.8431
10.925,-0.000101376717794,0.597984671593,2.40052509308,-5.18310407642e-05,6.86649655108e-05,20,20,1.89662480354,0.0143538545817,41.5200233459,0,0,0,0,1.38738939976,588202.538225
10.9361111111,-8.92786993063e-05,0.598226368427,2.40046429634,-5.18310407642e-05,6.86649655108e-05,20,20,1.89662480354,0.0143538545817,41.5200233459,0,0,0,0,1.63735349661,588202.20505
10.9472222222,-7.56199369789e-05,0.598499536514,2.40039563179,-5.18310407642e-05,6.86649655108e-05,20,20,1.89662480354,0.0143538545817,41.5200233459,0,0,0,0,1.9208752945,588201.797616
10.9583333333,-6.04051456321e-05,0.598803758621,2.40031909943,-4.8503796279e-05,6.86649655108e-05,20,20,1.89662480354,0.0143538545817,41.5200233459,0,0,0,0,2.23798045868,588201.358489
10.9694444444,-4.36350383097e-05,0.599138379097,2.40023231506,-4.5949149353e-05,6.86649655108e-05,20,20,1.89662480354,0.0143538545817,41.5200233459,0,0,0,0,2.58872394353,588200.804932
10.9805555556,-2.53062153206e-05,0.599503993988,2.40013933182,-4.5949149353e-05,6.86649655108e-05,20,20,1.89662480354,0.0143538545817,41.5200233459,0,0,0,0,2.9731498592,588200.273711
10.9916666667,-6.47505612505e-06,0.599879741669,2.40004062653,-4.5949149353e-05,5.36533189006e-05,20,20,1.89662480354,0.0143571980298,41.5200233459,0,0,0,0,2.808835853,588199.29015
11.0027777778,7.59739896239e-06,0.600159227848,2.39996767044,-4.80833659822e-05,6.11636569374e-05,20,20,1.89662480354,0.0143621256575,41.5200233459,0,0,0,0,1.39920560107,588198.269517
11.0138888889,1.13689447971e-05,0.600240290165,2.3999505043,-4.9188714911e-05,6.10483111814e-05,20,20,1.89662480354,0.014363146387,41.5200233459,0,0,0,0,0.498795135333,588197.696081
11.025,7.87798853707e-06,0.600160777569,2.3999671936,-4.9188714911e-05,6.10635543126e-05,20,20,1.89662480354,0.0143689680845,41.5200233459,0,0,0,0,0.949981424804,588198.048844
11.0361111111,-4.13930365539e-06,0.59992235899,2.40002584457,-4.61581876152e-05,5.35301478521e-05,20,20,1.89662480354,0.0143637591973,41.5200233459,0,0,0,0,1.86759512992,588198.785418
11.0472222222,-1.90208302229e-05,0.599626421928,2.40010118484,-4.61581876152e-05,4.59673537989e-05,20,20,1.89662480354,0.0143531663343,41.5200233459,0,0,0,0,2.04957349174,588199.746
11.0583333333,-3.28922978952e-05,0.599350094795,2.40017175674,-4.61581876152e-05,4.57825772173e-05,20,20,1.89662480354,0.0143515979871,41.5200233459,0,0,0,0,1.66523602346,588200.297685
11.0694444444,-4.48635801149e-05,0.599111735821,2.40023231506,-4.61581876152e-05,4.57825772173e-05,20,20,1.89662480354,0.0143515979871,41.5200233459,0,0,0,0,1.32513729609,588200.748155
11.0805555556,-5.48249372514e-05,0.598913013935,2.40028476715,-4.61581876152e-05,5.34110840817e-05,20,20,1.89662480354,0.0143515979871,41.5200233459,0,0,0,0,1.03910388874,588201.09051
11.0916666667,-6.27590125077e-05,0.598754346371,2.40032529831,-4.61581876152e-05,5.34110840817e-05,20,20,1.89662480354,0.0143515979871,41.5200233459,0,0,0,0,0.808512906087,588201.249438
11.1027777778,-6.87007413944e-05,0.598635494709,2.40035533905,-4.61581876152e-05,4.57825772173e-05,20,20,1.89662480354,0.0143515979871,41.5200233459,0,0,0,0,0.632512865043,588201.350479
11.1138888889,-7.09327505319e-05,0.598580658436,2.40036487579,-4.61581876152e-05,4.57825772173e-05,20,20,1.89662480354,0.0143515979871,41.5200233459,0,0,0,0,0.511480782357,588201.858836
11.125,-7.10153326509e-05,0.598575651646,2.40035867691,-4.61581876152e-05,4.57825772173e-05,20,20,1.89662480354,0.0143515979871,41.5200233459,0,0,0,0,0.446846987569,588202.946593
11.1361111111,-7.10153326509e-05,0.598582267761,2.40035915375,-4.61581876152e-05,4.57825772173e-05,20,20,1.89662480354,0.0143515979871,41.5200233459,0,0,0,0,0.432426466673,588203.207671
11.1472222222,-7.10153326509e-05,0.598593056202,2.40036296844,-4.61581876152e-05,4.57825772173e-05,20,20,1.89662480354,0.0143515979871,41.5200233459,0,0,0,0,0.455212006661,588203.001499
11.1583333333,-7.09109881427e-05,0.598606348038,2.40036678314,-4.63443429908e-05,4.57825772173e-05,20,20,1.89662480354,0.0143515979871,41.5200233459,0,0,0,0,0.512287741124,588201.708854
11.1694444444,-6.62889506202e-05,0.59868991375,2.40034723282,-4.63443429908e-05,4.57825772173e-05,20,20,1.89662480354,0.0143515979871,41.5200233459,0,0,0,0,0.602584090852,588200.885566
11.1805555556,-6.00869752816e-05,0.598810791969,2.40031337738,-4.63443429908e-05,4.57825772173e-05,20,20,1.89662480354,0.0143515979871,41.5200233459,0,0,0,0,0.72656216163,588200.447726
11.1916666667,-5.23208982486e-05,0.598964869976,2.40027284622,-4.63443429908e-05,4.57825772173e-05,20,20,1.89662480354,0.0143515979871,41.5200233459,0,0,0,0,0.884038176695,588200.16168
11.2027777778,-4.30093714385e-05,0.599150598049,2.40022563934,-4.63443429908e-05,4.57825772173e-05,20,20,1.89662480354,0.0143515979871,41.5200233459,0,0,0,0,1.07509213822,588199.888498
11.2138888889,-3.21451589116e-05,0.599367320538,2.40017032623,-4.63443429908e-05,4.57825772173e-05,20,20,1.89662480354,0.0143515979871,41.5200233459,0,0,0,0,1.29974817501,588199.568011
11.225,-1.97157842194e-05,0.599615693092,2.40010786057,-4.63443429908e-05,5.34110840817e-05,20,20,1.89662480354,0.0143515979871,41.5200233459,0,0,0,0,1.55801507749,588199.23928
11.2361111111,-7.19609306543e-06,0.599865376949,2.40004301071,-4.63443429908e-05,6.11334471614e-05,20,20,1.89662480354,0.0143554247916,41.5200233459,0,0,0,0,1.36723286879,588198.39307
11.2472222222,1.51341703258e-06,0.600038647652,2.39999866486,-4.63443429908e-05,5.34594837518e-05,20,20,1.89662480354,0.0143576040864,41.5200233459,0,0,0,0,0.693833710339,588197.859745
11.2583333333,2.73361024483e-06,0.600066781044,2.39999628067,-4.63443429908e-05,5.34062928637e-05,20,20,1.89662480354,0.0143577903509,41.5200233459,0,0,0,0,0.375339503049,588197.348113
11.2694444444,-2.62386867789e-09,0.600003898144,2.40000629425,-4.63443429908e-05,6.10497081652e-05,20,20,1.89662480354,0.0143620250747,41.5200233459,0,0,0,0,0.642529639998,588197.795075
11.2805555556,-8.51474305819e-06,0.599835693836,2.40004968643,-4.63443429908e-05,6.10883362242e-05,20,20,1.89662480354,0.0143580306321,41.5200233459,0,0,0,0,1.02515904492,588198.378335
11.2916666667,-1.84183627425e-05,0.599639236927,2.40010070801,-4.63443429908e-05,4.58602662547e-05,20,20,1.89662480354,0.0143514182419,41.5200233459,0,0,0,0,1.03003195014,588199.032347
11.3027777778,-2.70300042757e-05,0.599467992783,2.40014362335,-4.63443429908e-05,4.5786920964e-05,20,20,1.89662480354,0.0143503006548,41.5200233459,0,0,0,0,0.786829000005,588199.372889
11.3138888889,-3.36715456797e-05,0.599335432053,2.40017700195,-4.55181179859e-05,4.5786920964e-05,20,20,1.89662480354,0.0143503108993,41.5200233459,0,0,0,0,0.602251817562,588199.538775
11.325,-3.73517759726e-05,0.599255144596,2.4001955986,-4.3129461119e-05,4.5786920964e-05,20,20,1.89662480354,0.0143503108993,41.5200233459,0,0,0,0,0.452314285417,588199.813594
11.3361111111,-3.75143245037e-05,0.599242806435,2.40019035339,-4.3129461119e-05,4.5786920964e-05,20,20,1.89662480354,0.0143503108993,41.5200233459,0,0,0,0,0.367420654902,588200.919245
11.3472222222,-3.75143245037e-05,0.599247097969,2.40018844604,-4.3129461119e-05,4.5786920964e-05,20,20,1.89662480354,0.0143503108993,41.5200233459,0,0,0,0,0.33771157219,588201.702304
11.3583333333,-3.75143245037e-05,0.599256873131,2.40019130707,-4.3129461119e-05,4.5786920964e-05,20,20,1.89662480354,0.0143503108993,41.5200233459,0,0,0,0,0.351032965159,588201.74838
11.3694444444,-3.75143245037e-05,0.599267840385,2.40019655228,-4.3129461119e-05,4.5786920964e-05,20,20,1.89662480354,0.0143503108993,41.5200233459,0,0,0,0,0.398307568163,588200.765697
11.3805555556,-3.50366062776e-05,0.599318087101,2.40018987656,-4.3129461119e-05,4.5786920964e-05,20,20,1.89662480354,0.0143503108993,41.5200233459,0,0,0,0,0.479120474876,588199.46855
11.3916666667,-2.93134125968e-05,0.599427103996,2.40016031265,-4.3129461119e-05,4.5786920964e-05,20,20,1.89662480354,0.0143503108993,41.5200233459,0,0,0,0,0.593517147248,588198.861901
11.4027777778,-2.20314086619e-05,0.599570453167,2.40012121201,-4.3129461119e-05,4.5786920964e-05,20,20,1.89662480354,0.0143503108993,41.5200233459,0,0,0,0,0.7414900507,588198.515453
11.4138888889,-1.35572236104e-05,0.599739193916,2.40007781982,-4.3129461119e-05,4.58236863778e-05,20,20,1.89662480354,0.0143517432734,41.5200233459,0,0,0,0,0.826098572474,588198.131232
11.425,-6.22612742518e-06,0.599884927273,2.40003967285,-4.48066784884e-05,4.58218237327e-05,20,20,1.89662480354,0.0143543984741,41.5200233459,0,0,0,0,0.595459290824,588197.639539
11.4361111111,-3.78005961466e-06,0.599941313267,2.40002822876,-4.82719551655e-05,5.34144091944e-05,20,20,1.89662480354,0.014355737716,41.5200233459,0,0,0,0,0.340880004588,588197.066512
11.4472222222,-3.78005961466e-06,0.599931716919,2.40002965927,-4.82719551655e-05,5.34084210813e-05,20,20,1.89662480354,0.0143564622849,41.5200233459,0,0,0,0,0.330457858868,588196.725502
11.4583333333,-6.24558242635e-06,0.599876463413,2.40004110336,-5.09258788952e-05,4.58050744783e-05,20,20,1.89662480354,0.0143593214452,41.5200233459,0,0,0,0,0.492672931484,588197.673044
11.4694444444,-1.2421415704e-05,0.599757254124,2.40007543564,-5.09258788952e-05,4.58167050965e-05,20,20,1.89662480354,0.0143547998741,41.5200233459,0,0,0,0,0.587235932384,588198.390381
11.4805555556,-1.8427375835e-05,0.599639415741,2.40010786057,-5.09258788952e-05,5.34367536602e-05,20,20,1.89662480354,0.014351204969,41.5200233459,0,0,0,0,0.498611778014,588198.924641
11.4916666667,-2.18357945414e-05,0.599566102028,2.40012454987,-5.09258788952e-05,5.3414809372e-05,20,20,1.89662480354,0.0143503202125,41.5200233459,0,0,0,0,0.368448263014,588199.225948
11.5027777778,-2.19157900574e-05,0.599557697773,2.40011739731,-5.09258788952e-05,5.3414809372e-05,20,20,1.89662480354,0.0143503183499,41.5200233459,0,0,0,0,0.293492282188,588200.320021
11.5138888889,-2.19157900574e-05,0.599563241005,2.40011644363,-5.09258788952e-05,4.5786920964e-05,20,20,1.89662480354,0.0143503183499,41.5200233459,0,0,0,0,0.272893442201,588201.075832
11.525,-2.19157900574e-05,0.599572956562,2.40012121201,-5.09258788952e-05,5.3414809372e-05,20,20,1.89662480354,0.0143503183499,41.5200233459,0,0,0,0,0.29220526554,588200.963039
11.5361111111,-2.19157900574e-05,0.599584281445,2.40012693405,-5.09258788952e-05,5.3414809372e-05,20,20,1.89662480354,0.0143503183499,41.5200233459,0,0,0,0,0.345115660407,588199.77927
11.5472222222,-1.83543670573e-05,0.599650204182,2.40011405945,-5.09258788952e-05,5.3414809372e-05,20,20,1.89662480354,0.0143503183499,41.5200233459,0,0,0,0,0.43159798915,588198.641051
11.5583333333,-1.29125573949e-05,0.599754333496,2.40008354187,-5.09258788952e-05,5.34330283699e-05,20,20,1.89662480354,0.014351320453,41.5200233459,0,0,0,0,0.471518345493,588197.931316
11.5694444444,-8.17517047835e-06,0.599846959114,2.40005779266,-5.09258788952e-05,4.57957648905e-05,20,20,1.89662480354,0.0143531216308,41.5200233459,0,0,0,0,0.373446968257,588197.484647
11.5805555556,-8.17517047835e-06,0.599856972694,2.40006113052,-5.09258788952e-05,5.34122809768e-05,20,20,1.89662480354,0.014353970997,41.5200233459,0,0,0,0,0.262629596699,588196.41712
11.5916666667,-8.17517047835e-06,0.599847376347,2.40006113052,-5.09258788952e-05,5.34062928637e-05,20,20,1.89662480354,0.0143544422463,41.5200233459,0,0,0,0,0.255738878725,588195.836609
11.6027777778,-8.17517047835e-06,0.599833488464,2.40005636215,-5.09258788952e-05,5.34170685569e-05,20,20,1.89662480354,0.0143565051258,41.5200233459,0,0,0,0,0.313167980268,588196.589496
11.6138888889,-8.63281184138e-06,0.599809527397,2.4000544548,-5.09146593686e-05,4.57895584987e-05,20,20,1.89662480354,0.0143545521423,41.5200233459,0,0,0,0,0.346701857099,588198.007329
11.625,-9.50372759689e-06,0.599784553051,2.40005135536,-5.11741855007e-05,4.5786920964e-05,20,20,1.89662480354,0.0143522145227,41.5200233459,0,0,0,0,0.312367317858,588199.595667
11.6361111111,-1.02625954241e-05,0.59977042675,2.40005230904,-5.11741855007e-05,5.34144091944e-05,20,20,1.89662480354,0.0143507625908,41.5200233459,0,0,0,0,0.25196351083,588200.910355
11.6472222222,-1.02625954241e-05,0.599775314331,2.40005254745,-5.11741855007e-05,5.34084210813e-05,20,20,1.89662480354,0.0143500128761,41.5200233459,0,0,0,0,0.22623083802,588201.227684
11.6583333333,-1.02625954241e-05,0.599785327911,2.40005493164,-5.11741855007e-05,5.34090868314e-05,20,20,1.89662480354,0.0143500138074,41.5200233459,0,0,0,0,0.236112758791,588201.368368
11.6694444444,-1.02625954241e-05,0.599792897701,2.40006113052,-5.11741855007e-05,5.34144091944e-05,20,20,1.89662480354,0.0143502941355,41.5200233459,0,0,0,0,0.250381570708,588200.569404
11.6805555556,-1.02625954241e-05,0.599796712399,2.40006613731,-5.11741855007e-05,4.57864553027e-05,20,20,1.89662480354,0.0143511360511,41.5200233459,0,0,0,0,0.243109882995,588199.28939
11.6916666667,-1.02625954241e-05,0.599795401096,2.40006732941,-5.11741855007e-05,5.34084210813e-05,20,20,1.89662480354,0.0143516324461,41.5200233459,0,0,0,0,0.220822241874,588197.919855
11.7027777778,-1.02625954241e-05,0.59978967905,2.40006613731,-5.11741855007e-05,5.34068276465e-05,20,20,1.89662480354,0.0143518075347,41.5200233459,0,0,0,0,0.206917700259,588196.996287
11.7138888889,-1.02625954241e-05,0.599783420563,2.40006089211,-5.11741855007e-05,5.34064274689e-05,20,20,1.89662480354,0.014352270402,41.5200233459,0,0,0,0,0.20653294945,588196.748716
11.725,-1.02625954241e-05,0.599778413773,2.40005683899,-5.11741855007e-05,5.34068276465e-05,20,20,1.89662480354,0.0143534298986,41.5200233459,0,0,0,0,0.208332769874,588197.033066
11.7361111111,-1.02625954241e-05,0.599775671959,2.40005517006,-5.11741855007e-05,4.57776077383e-05,20,20,1.89662480354,0.0143534298986,41.5200233459,0,0,0,0,0.205355440964,588197.690352
11.7472222222,-1.02625954241e-05,0.599775850773,2.40005517006,-5.11741855007e-05,5.34062928637e-05,20,20,1.89662480354,0.0143533218652,41.5200233459,0,0,0,0,0.197322562802,588198.46581
11.7583333333,-1.02625954241e-05,0.599778473377,2.40005517006,-5.11741855007e-05,5.34062928637e-05,20,20,1.89662480354,0.0143529595807,41.5200233459,0,0,0,0,0.189778701563,588199.054215
11.7694444444,-1.02625954241e-05,0.599781274796,2.40005517006,-5.11741855007e-05,4.57776077383e-05,20,20,1.89662480354,0.0143529418856,41.5200233459,0,0,0,0,0.18607365258,588199.263019
11.7805555556,-1.02625954241e-05,0.599783241749,2.4000556469,-5.11741855007e-05,5.34084210813e-05,20,20,1.89662480354,0.0143527183682,41.5200233459,0,0,0,0,0.183006239304,588199.312487
11.7916666667,-1.02625954241e-05,0.599784135818,2.40005660057,-5.11741855007e-05,5.34110840817e-05,20,20,1.89662480354,0.0143524054438,41.5200233459,0,0,0,0,0.179824037285,588199.157652
11.8027777778,-1.02625954241e-05,0.599784374237,2.40005707741,-5.11741855007e-05,5.3414809372e-05,20,20,1.89662480354,0.0143522592261,41.5200233459,0,0,0,0,0.176324000744,588198.979897
11.8138888889,-1.02625954241e-05,0.599784076214,2.40005660057,-5.11741855007e-05,5.3414809372e-05,20,20,1.89662480354,0.014352267608,41.5200233459,0,0,0,0,0.172742499519,588198.810445
11.825,-1.02625954241e-05,0.599783360958,2.40005660057,-5.11741855007e-05,4.5786920964e-05,20,20,1.89662480354,0.014352267608,41.5200233459,0,0,0,0,0.169406409355,588198.73981
11.8361111111,-1.02625954241e-05,0.599783360958,2.40005660057,-5.11741855007e-05,5.3414809372e-05,20,20,1.89662480354,0.014352267608,41.5200233459,0,0,0,0,0.166184827063,588198.737179
11.8472222222,-1.02625954241e-05,0.599783360958,2.40005660057,-5.11741855007e-05,5.3414809372e-05,20,20,1.89662480354,0.014352267608,41.5200233459,0,0,0,0,0.162990735923,588198.737179
11.8583333333,-1.02625954241e-05,0.599783360958,2.40005660057,-5.11741855007e-05,5.3414809372e-05,20,20,1.89662480354,0.014352267608,41.5200233459,0,0,0,0,0.159830008954,588198.737179
11.8694444444,-1.02625954241e-05,0.599783360958,2.40005660057,-5.11741855007e-05,5.3414809372e-05,20,20,1.89662480354,0.014352267608,41.5200233459,0,0,0,0,0.156699661512,588198.737179
11.8805555556,-1.02625954241e-05,0.599783360958,2.40005660057,-5.11741855007e-05,4.5786920964e-05,20,20,1.89662480354,0.014352267608,41.5200233459,0,0,0,0,0.153600434763,588198.737179
11.8916666667,-1.02625954241e-05,0.599783360958,2.40005660057,-5.11741855007e-05,5.3414809372e-05,20,20,1.89662480354,0.014352267608,41.5200233459,0,0,0,0,0.150532348965,588198.736945
11.9027777778,-1.02625954241e-05,0.599783360958,2.40005660057,-5.11741855007e-05,5.3414809372e-05,20,20,1.89662480354,0.014352267608,41.5200233459,0,0,0,0,0.147494973409,588198.736945
11.9138888889,-1.02625954241e-05,0.599783360958,2.40005660057,-5.11741855007e-05,4.5786920964e-05,20,20,1.89662480354,0.014352267608,41.5200233459,0,0,0,0,0.144488781739,588198.736945
11.925,-1.02625954241e-05,0.599783360958,2.40005660057,-5.11741855007e-05,5.3414809372e-05,20,20,1.89662480354,0.014352267608,41.5200233459,0,0,0,0,0.141513353744,588198.736945
11.9361111111,-1.02625954241e-05,0.599783360958,2.40005660057,-5.11741855007e-05,5.3414809372e-05,20,20,1.89662480354,0.014352267608,41.5200233459,0,0,0,0,0.138569057958,588198.736945
11.9472222222,-1.02625954241e-05,0.599783360958,2.40005660057,-5.11741855007e-05,5.3414809372e-05,20,20,1.89662480354,0.014352267608,41.5200233459,0,0,0,0,0.135655770059,588198.736945
11.9583333333,-1.02625954241e-05,0.599783360958,2.40005660057,-5.11741855007e-05,5.3414809372e-05,20,20,1.89662480354,0.014352267608,41.5200233459,0,0,0,0,0.132773418416,588198.736828
11.9694444444,-1.02625954241e-05,0.599783360958,2.40005660057,-5.11741855007e-05,4.5786920964e-05,20,20,1.89662480354,0.014352267608,41.5200233459,0,0,0,0,0.129922020331,588198.736828
11.9805555556,-1.02625954241e-05,0.599783360958,2.40005660057,-5.11741855007e-05,5.3414809372e-05,20,20,1.89662480354,0.014352267608,41.5200233459,0,0,0,0,0.127101599268,588198.736828
11.9916666667,-1.02625954241e-05,0.599783360958,2.40005660057,-5.11741855007e-05,5.3414809372e-05,20,20,1.89662480354,0.014352267608,41.5200233459,0,0,0,0,0.124312106951,588198.736828
12.0027777778,-1.02625954241e-05,0.599783360958,2.40005660057,-5.11741855007e-05,5.3414809372e-05,20,20,1.89662480354,0.014352267608,41.5200233459,0,0,0,0,0.121553539787,588198.736828
12.0138888889,-1.02625954241e-05,0.599783360958,2.40005660057,-5.11741855007e-05,5.3414809372e-05,20,20,1.89662480354,0.014352267608,41.5200233459,0,0,0,0,0.118825876086,588198.736828
12.025,-1.02625954241e-05,0.599783360958,2.40005660057,-5.11741855007e-05,4.5786920964e-05,20,20,1.89662480354,0.014352267608,41.5200233459,0,0,0,0,0.116129190169,588198.736828
12.0361111111,-1.02625954241e-05,0.599783360958,2.40005660057,-5.11741855007e-05,5.3414809372e-05,20,20,1.89662480354,0.014352267608,41.5200233459,0,0,0,0,0.113463464914,588198.736828
12.0472222222,-1.02625954241e-05,0.599783360958,2.40005660057,-5.11741855007e-05,5.3414809372e-05,20,20,1.89662480354,0.014352267608,41.5200233459,0,0,0,0,0.110828727385,588198.736828
12.0583333333,-1.02625954241e-05,0.599783360958,2.40005660057,-5.11741855007e-05,4.5786920964e-05,20,20,1.89662480354,0.014352267608,41.5200233459,0,0,0,0,0.108224929061,588198.736828
12.0694444444,-1.02625954241e-05,0.599783360958,2.40005660057,-5.11741855007e-05,5.3414809372e-05,20,20,1.89662480354,0.014352267608,41.5200233459,0,0,0,0,0.105652073803,588198.736828
12.0805555556,-1.02625954241e-05,0.599783360958,2.40005660057,-5.11741855007e-05,5.3414809372e-05,20,20,1.89662480354,0.014352267608,41.5200233459,0,0,0,0,0.103110204105,588198.736828
12.0916666667,-1.02625954241e-05,0.599783360958,2.40005660057,-5.11741855007e-05,5.3414809372e-05,20,20,1.89662480354,0.014352267608,41.5200233459,0,0,0,0,0.10059927327,588198.737062
12.1027777778,-1.02625954241e-05,0.599783360958,2.40005660057,-5.11741855007e-05,5.3414809372e-05,20,20,1.89662480354,0.014352267608,41.5200233459,0,0,0,0,0.0981192765039,588198.737062
12.1138888889,-1.02625954241e-05,0.599783360958,2.40005660057,-5.11741855007e-05,4.5786920964e-05,20,20,1.89662480354,0.014352267608,41.5200233459,0,0,0,0,0.0956702438247,588198.737062
12.125,-1.02625954241e-05,0.599783360958,2.40005660057,-5.11741855007e-05,5.3414809372e-05,20,20,1.89662480354,0.014352267608,41.5200233459,0,0,0,0,0.0932521641896,588198.737062
12.1361111111,-1.02625954241e-05,0.599783360958,2.40005660057,-5.11741855007e-05,5.3414809372e-05,20,20,1.89662480354,0.014352267608,41.5200233459,0,0,0,0,0.090864990089,588198.737062
12.1472222222,-1.02625954241e-05,0.599783360958,2.40005660057,-5.11741855007e-05,5.3414809372e-05,20,20,1.89662480354,0.014352267608,41.5200233459,0,0,0,0,0.0885087724154,588198.737062
12.1583333333,-1.02625954241e-05,0.599783360958,2.40005660057,-5.11741855007e-05,5.3414809372e-05,20,20,1.89662480354,0.014352267608,41.5200233459,0,0,0,0,0.0861835667297,588198.737179
12.1694444444,-1.02625954241e-05,0.599783360958,2.40005660057,-5.11741855007e-05,4.5786920964e-05,20,20,1.89662480354,0.014352267608,41.5200233459,0,0,0,0,0.0838892771632,588198.737179
12.1805555556,-1.02625954241e-05,0.599783360958,2.40005660057,-5.11741855007e-05,5.3414809372e-05,20,20,1.89662480354,0.014352267608,41.5200233459,0,0,0,0,0.0816259180422,588198.737179
12.1916666667,-1.02625954241e-05,0.599783360958,2.40005660057,-5.11741855007e-05,5.3414809372e-05,20,20,1.89662480354,0.014352267608,41.5200233459,0,0,0,0,0.0793935144178,588198.737179
12.2027777778,-1.02625954241e-05,0.599783360958,2.40005660057,-5.11741855007e-05,4.5786920964e-05,20,20,1.89662480354,0.014352267608,41.5200233459,0,0,0,0,0.0771921099604,588198.737179
12.2138888889,-1.02625954241e-05,0.599783360958,2.40005660057,-5.11741855007e-05,5.3414809372e-05,20,20,1.89662480354,0.014352267608,41.5200233459,0,0,0,0,0.0750216003216,588198.737179
12.225,-1.02625954241e-05,0.599783360958,2.40005660057,-5.11741855007e-05,5.3414809372e-05,20,20,1.89662480354,0.014352267608,41.5200233459,0,0,0,0,0.0728820543214,588198.737179
12.2361111111,-1.02625954241e-05,0.599783360958,2.40005660057,-5.11741855007e-05,5.3414809372e-05,20,20,1.89662480354,0.014352267608,41.5200233459,0,0,0,0,0.0707734598561,588198.737062
12.2472222222,-1.02625954241e-05,0.599783360958,2.40005660057,-5.11741855007e-05,5.3414809372e-05,20,20,1.89662480354,0.014352267608,41.5200233459,0,0,0,0,0.0686958241433,588198.736945
12.2583333333,-1.02625954241e-05,0.599783360958,2.40005660057,-5.11741855007e-05,4.5786920964e-05,20,20,1.89662480354,0.014352267608,41.5200233459,0,0,0,0,0.0666491676832,588198.736945
12.2694444444,-1.02625954241e-05,0.599783360958,2.40005660057,-5.11741855007e-05,5.3414809372e-05,20,20,1.89662480354,0.014352267608,41.5200233459,0,0,0,0,0.0646334300343,588198.736945
12.2805555556,-1.02625954241e-05,0.599783360958,2.40005660057,-5.11741855007e-05,5.3414809372e-05,20,20,1.89662480354,0.014352267608,41.5200233459,0,0,0,0,0.0626486623757,588198.736945
12.2916666667,-1.02625954241e-05,0.599783360958,2.40005660057,-5.11741855007e-05,5.3414809372e-05,20,20,1.89662480354,0.014352267608,41.5200233459,0,0,0,0,0.0606948265597,588198.736945
12.3027777778,-1.02625954241e-05,0.599783360958,2.40005660057,-5.11741855007e-05,5.3414809372e-05,20,20,1.89662480354,0.014352267608,41.5200233459,0,0,0,0,0.0587719632517,588198.736828
12.3138888889,-1.02625954241e-05,0.599783360958,2.40005660057,-5.11741855007e-05,4.5786920964e-05,20,20,1.89662480354,0.014352267608,41.5200233459,0,0,0,0,0.0568800379521,588198.736828
12.325,-1.02625954241e-05,0.599783360958,2.40005660057,-5.11741855007e-05,5.3414809372e-05,20,20,1.89662480354,0.014352267608,41.5200233459,0,0,0,0,0.0550190704849,588198.736828
12.3361111111,-1.02625954241e-05,0.599783360958,2.40005660057,-5.11741855007e-05,5.3414809372e-05,20,20,1.89662480354,0.014352267608,41.5200233459,0,0,0,0,0.053189053443,588198.736828
12.3472222222,-1.02625954241e-05,0.599783360958,2.40005660057,-5.11741855007e-05,4.5786920964e-05,20,20,1.89662480354,0.014352267608,41.5200233459,0,0,0,0,0.0513900070426,588198.736828
12.3583333333,-1.02625954241e-05,0.599783360958,2.40005660057,-5.11741855007e-05,5.3414809372e-05,20,20,1.89662480354,0.014352267608,41.5200233459,0,0,0,0,0.0496218976034,588198.736828
12.3694444444,-1.02625954241e-05,0.599783360958,2.40005660057,-5.11741855007e-05,5.3414809372e-05,20,20,1.89662480354,0.014352267608,41.5200233459,0,0,0,0,0.0478847479699,588198.736828
12.3805555556,-1.02625954241e-05,0.599783360958,2.40005660057,-5.11741855007e-05,5.3414809372e-05,20,20,1.89662480354,0.014352267608,41.5200233459,0,0,0,0,0.0461785607108,588198.736828
12.3916666667,-1.02625954241e-05,0.599783360958,2.40005660057,-5.11741855007e-05,5.3414809372e-05,20,20,1.89662480354,0.014352267608,41.5200233459,0,0,0,0,0.0445032838574,588198.736828
12.4027777778,-1.02625954241e-05,0.599783360958,2.40005660057,-5.11741855007e-05,4.5786920964e-05,20,20,1.89662480354,0.014352267608,41.5200233459,0,0,0,0,0.0428589615709,588198.736828
12.4138888889,-1.02625954241e-05,0.599783360958,2.40005660057,-5.11741855007e-05,5.3414809372e-05,20,20,1.89662480354,0.014352267608,41.5200233459,0,0,0,0,0.0412456079271,588198.737179
12.425,-1.02625954241e-05,0.599783360958,2.40005660057,-5.11741855007e-05,5.3414809372e-05,20,20,1.89662480354,0.014352267608,41.5200233459,0,0,0,0,0.0396631743189,588198.737179
12.4361111111,-1.02625954241e-05,0.599783360958,2.40005660057,-5.11741855007e-05,5.3414809372e-05,20,20,1.89662480354,0.014352267608,41.5200233459,0,0,0,0,0.0381117469277,588198.737179
12.4472222222,-1.02625954241e-05,0.599783360958,2.40005660057,-5.11741855007e-05,5.3414809372e-05,20,20,1.89662480354,0.014352267608,41.5200233459,0,0,0,0,0.0365912410197,588198.737179
12.4583333333,-1.02625954241e-05,0.599783360958,2.40005660057,-5.11741855007e-05,4.5786920964e-05,20,20,1.89662480354,0.014352267608,41.5200233459,0,0,0,0,0.0351016824485,588198.737179
12.4694444444,-1.02625954241e-05,0.599783360958,2.40005660057,-5.11741855007e-05,5.3414809372e-05,20,20,1.89662480354,0.014352267608,41.5200233459,0,0,0,0,0.0336430971652,588198.737179
12.4805555556,-1.02625954241e-05,0.599783360958,2.40005660057,-5.11741855007e-05,5.3414809372e-05,20,20,1.89662480354,0.014352267608,41.5200233459,0,0,0,0,0.032215452234,588198.737179
12.4916666667,-1.02625954241e-05,0.599783360958,2.40005660057,-5.11741855007e-05,4.5786920964e-05,20,20,1.89662480354,0.014352267608,41.5200233459,0,0,0,0,0.0308187758396,588198.737179
12.5027777778,-1.02625954241e-05,0.599783360958,2.40005660057,-5.11741855007e-05,5.3414809372e-05,20,20,1.89662480354,0.014352267608,41.5200233459,0,0,0,0,0.0294530455596,588198.737179
12.5138888889,-1.02625954241e-05,0.599783360958,2.40005660057,-5.11741855007e-05,5.3414809372e-05,20,20,1.89662480354,0.014352267608,41.5200233459,0,0,0,0,0.0281182604679,588198.737179
12.525,-1.02625954241e-05,0.599783360958,2.40005660057,-5.11741855007e-05,5.3414809372e-05,20,20,1.89662480354,0.014352267608,41.5200233459,0,0,0,0,0.0268144250994,588198.737062
12.5361111111,-1.02625954241e-05,0.599783360958,2.40005660057,-5.11741855007e-05,5.3414809372e-05,20,20,1.89662480354,0.014352267608,41.5200233459,0,0,0,0,0.0255415338697,588198.736945
12.5472222222,-1.02625954241e-05,0.599783360958,2.40005660057,-5.11741855007e-05,4.5786920964e-05,20,20,1.89662480354,0.014352267608,41.5200233459,0,0,0,0,0.0242995892738,588198.736945
12.5583333333,-1.02625954241e-05,0.599783360958,2.40005660057,-5.11741855007e-05,5.3414809372e-05,20,20,1.89662480354,0.014352267608,41.5200233459,0,0,0,0,0.0230886032375,588198.736945
12.5694444444,-1.02625954241e-05,0.599783360958,2.40005660057,-5.11741855007e-05,5.3414809372e-05,20,20,1.89662480354,0.014352267608,41.5200233459,0,0,0,0,0.0219085658459,588198.736945
12.5805555556,-1.02625954241e-05,0.599783360958,2.40005660057,-5.11741855007e-05,5.3414809372e-05,20,20,1.89662480354,0.014352267608,41.5200233459,0,0,0,0,0.0207594921617,588198.736945
12.5916666667,-1.02625954241e-05,0.599783360958,2.40005660057,-5.11741855007e-05,5.3414809372e-05,20,20,1.89662480354,0.014352267608,41.5200233459,0,0,0,0,0.019641363894,588198.736945
12.6027777778,-1.02625954241e-05,0.599783360958,2.40005660057,-5.11741855007e-05,4.5786920964e-05,20,20,1.89662480354,0.014352267608,41.5200233459,0,0,0,0,0.018554187135,588198.736945
12.6138888889,-1.02625954241e-05,0.599783360958,2.40005660057,-5.11741855007e-05,5.3414809372e-05,20,20,1.89662480354,0.014352267608,41.5200233459,0,0,0,0,0.0174979754715,588198.736945
12.625,-1.02625954241e-05,0.599783360958,2.40005660057,-5.11741855007e-05,5.3414809372e-05,20,20,1.89662480354,0.014352267608,41.5200233459,0,0,0,0,0.0164727044506,588198.736945
12.6361111111,-1.02625954241e-05,0.599783360958,2.40005660057,-5.11741855007e-05,4.5786920964e-05,20,20,1.89662480354,0.014352267608,41.5200233459,0,0,0,0,0.0154783649568,588198.736945
12.6472222222,-1.02625954241e-05,0.599783360958,2.40005660057,-5.11741855007e-05,5.3414809372e-05,20,20,1.89662480354,0.014352267608,41.5200233459,0,0,0,0,0.0145149774178,588198.736828
12.6583333333,-1.02625954241e-05,0.599783360958,2.40005660057,-5.11741855007e-05,5.3414809372e-05,20,20,1.89662480354,0.014352267608,41.5200233459,0,0,0,0,0.0135825542832,588198.736828
12.6694444444,-1.02625954241e-05,0.599783360958,2.40005660057,-5.11741855007e-05,5.3414809372e-05,20,20,1.89662480354,0.014352267608,41.5200233459,0,0,0,0,0.0126810828726,588198.736828
12.6805555556,-1.02625954241e-05,0.599783360958,2.40005660057,-5.11741855007e-05,5.3414809372e-05,20,20,1.89662480354,0.014352267608,41.5200233459,0,0,0,0,0.0118105620468,588198.736828
12.6916666667,-1.02625954241e-05,0.599783360958,2.40005660057,-5.11741855007e-05,4.5786920964e-05,20,20,1.89662480354,0.014352267608,41.5200233459,0,0,0,0,0.0109710085379,588198.736828
12.7027777778,-1.02625954241e-05,0.599783360958,2.40005660057,-5.11741855007e-05,5.3414809372e-05,20,20,1.89662480354,0.014352267608,41.5200233459,0,0,0,0,0.0101623926397,588198.736828
12.7138888889,-1.02625954241e-05,0.599783360958,2.40005660057,-5.11741855007e-05,5.3414809372e-05,20,20,1.89662480354,0.014352267608,41.5200233459,0,0,0,0,0.00938471809803,588198.736828
12.725,-1.02625954241e-05,0.599783360958,2.40005660057,-5.11741855007e-05,5.3414809372e-05,20,20,1.89662480354,0.014352267608,41.5200233459,0,0,0,0,0.00863800473419,588198.736828
12.7361111111,-1.02625954241e-05,0.599783360958,2.40005660057,-5.11741855007e-05,5.3414809372e-05,20,20,1.89662480354,0.014352267608,41.5200233459,0,0,0,0,0.00792225109564,588198.736828
12.7472222222,-1.02625954241e-05,0.599783360958,2.40005660057,-5.11741855007e-05,4.5786920964e-05,20,20,1.89662480354,0.014352267608,41.5200233459,0,0,0,0,0.00723744946807,588198.737296
12.7583333333,-1.02625954241e-05,0.599783360958,2.40005660057,-5.11741855007e-05,5.3414809372e-05,20,20,1.89662480354,0.014352267608,41.5200233459,0,0,0,0,0.0065835929389,588198.737296
12.7694444444,-1.02625954241e-05,0.599783360958,2.40005660057,-5.11741855007e-05,5.3414809372e-05,20,20,1.89662480354,0.014352267608,41.5200233459,0,0,0,0,0.00596067230333,588198.737296
12.7805555556,-1.02625954241e-05,0.599783360958,2.40005660057,-5.11741855007e-05,4.5786920964e-05,20,20,1.89662480354,0.014352267608,41.5200233459,0,0,0,0,0.00536871878024,588198.737296
12.7916666667,-1.02625954241e-05,0.599783360958,2.40005660057,-5.11741855007e-05,5.3414809372e-05,20,20,1.89662480354,0.014352267608,41.5200233459,0,0,0,0,0.00480770839717,588198.737296
12.8027777778,-1.02625954241e-05,0.599783360958,2.40005660057,-5.11741855007e-05,5.3414809372e-05,20,20,1.89662480354,0.014352267608,41.5200233459,0,0,0,0,0.00427764944254,588198.737296
12.8138888889,-1.02625954241e-05,0.599783360958,2.40005660057,-5.11741855007e-05,5.3414809372e-05,20,20,1.89662480354,0.014352267608,41.5200233459,0,0,0,0,0.00377854119513,588198.737296
12.825,-1.02625954241e-05,0.599783360958,2.40005660057,-5.11741855007e-05,5.3414809372e-05,20,20,1.89662480354,0.014352267608,41.5200233459,0,0,0,0,0.00331038291809,588198.737296
12.8361111111,-1.02625954241e-05,0.599783360958,2.40005660057,-5.11741855007e-05,4.5786920964e-05,20,20,1.89662480354,0.014352267608,41.5200233459,0,0,0,0,0.00287318112188,588198.737296
12.8472222222,-1.02625954241e-05,0.599783360958,2.40005660057,-5.11741855007e-05,5.3414809372e-05,20,20,1.89662480354,0.014352267608,41.5200233459,0,0,0,0,0.00246692562683,588198.737296
12.8583333333,-1.02625954241e-05,0.599783360958,2.40005660057,-5.11741855007e-05,5.3414809372e-05,20,20,1.89662480354,0.014352267608,41.5200233459,0,0,0,0,0.00209161820266,588198.737062
12.8694444444,-1.02625954241e-05,0.599783360958,2.40005660057,-5.11741855007e-05,5.3414809372e-05,20,20,1.89662480354,0.014352267608,41.5200233459,0,0,0,0,0.00174726447295,588198.736945
12.8805555556,-1.02625954241e-05,0.599783360958,2.40005660057,-5.11741855007e-05,5.3414809372e-05,20,20,1.89662480354,0.014352267608,41.5200233459,0,0,0,0,0.00143386708396,588198.736945
12.8916666667,-1.02625954241e-05,0.599783360958,2.40005660057,-5.11741855007e-05,4.5786920964e-05,20,20,1.89662480354,0.014352267608,41.5200233459,0,0,0,0,0.00115141409176,588198.736828
12.9027777778,-1.02625954241e-05,0.599783360958,2.40005660057,-5.11741855007e-05,5.3414809372e-05,20,20,1.89662480354,0.014352267608,41.5200233459,0,0,0,0,0.000899910812565,588198.736828
12.9138888889,-1.02625954241e-05,0.599783360958,2.40005660057,-5.11741855007e-05,5.3414809372e-05,20,20,1.89662480354,0.014352267608,41.5200233459,0,0,0,0,0.000679361904443,588198.736828
12.925,-1.02625954241e-05,0.599783360958,2.40005660057,-5.11741855007e-05,4.5786920964e-05,20,20,1.89662480354,0.014352267608,41.5200233459,0,0,0,0,0.000489769292594,588198.736828
12.9361111111,-1.02625954241e-05,0.599783360958,2.40005660057,-5.11741855007e-05,5.3414809372e-05,20,20,1.89662480354,0.014352267608,41.5200233459,0,0,0,0,0.000331125869352,588198.736828
12.9472222222,-1.02625954241e-05,0.599783360958,2.40005660057,-5.11741855007e-05,5.3414809372e-05,20,20,1.89662480354,0.014352267608,41.5200233459,0,0,0,0,0.000203432815521,588198.736828
12.9583333333,-1.02625954241e-05,0.599783360958,2.40005660057,-5.11741855007e-05,5.3414809372e-05,20,20,1.89662480354,0.014352267608,41.5200233459,0,0,0,0,0.00010669072647,588198.736828
12.9694444444,-1.02625954241e-05,0.599783360958,2.40005660057,-5.11741855007e-05,5.3414809372e-05,20,20,1.89662480354,0.014352267608,41.5200233459,0,0,0,0,4.08990026264e-05,588198.736828
12.9805555556,-1.02625954241e-05,0.599783360958,2.40005660057,-5.11741855007e-05,4.5786920964e-05,20,20,1.89662480354,0.014352267608,41.5200233459,0,0,0,0,6.05830652092e-06,588198.736828
12.9916666667,-1.02625954241e-05,0.599783360958,2.40005660057,-5.11741855007e-05,5.3414809372e-05,20,20,1.89662480354,0.014352267608,41.5200233459,0,0,0,0,5.64004820862e-13,588198.736828
13.0027777778,-1.02625954241e-05,0.599783360958,2.40005660057,-5.11741855007e-05,5.3414809372e-05,20,20,1.89662480354,0.014352267608,41.5200233459,0,0,0,0,5.09597614225e-14,588198.736828
13.0138888889,-1.02625954241e-05,0.599783360958,2.40005660057,-5.11741855007e-05,5.3414809372e-05,20,20,1.89662480354,0.014352267608,41.5200233459,0,0,0,0,4.63243441015e-14,588198.736828
13.025,-1.02625954241e-05,0.599783360958,2.40005660057,-5.11741855007e-05,5.3414809372e-05,20,20,1.89662480354,0.014352267608,41.5200233459,0,0,0,0,7.05914622615e-15,588198.736828
13.0361111111,-1.02625954241e-05,0.599783360958,2.40005660057,-5.11741855007e-05,4.5786920964e-05,20,20,1.89662480354,0.014352267608,41.5200233459,0,0,0,0,1.02618571996e-13,588198.736828
13.0472222222,-1.02625954241e-05,0.599783360958,2.40005660057,-5.11741855007e-05,5.3414809372e-05,20,20,1.89662480354,0.014352267608,41.5200233459,0,0,0,0,1.29252547885e-13,588198.736828
13.0583333333,-1.02625954241e-05,0.599783360958,2.40005660057,-5.11741855007e-05,5.3414809372e-05,20,20,1.89662480354,0.014352267608,41.5200233459,0,0,0,0,7.49388086213e-14,588198.736828
13.0694444444,-1.02625954241e-05,0.599783360958,2.40005660057,-5.11741855007e-05,4.5786920964e-05,20,20,1.89662480354,0.014352267608,41.5200233459,0,0,0,0,7.6112130156e-14,588198.736828
13.0805555556,-1.02625954241e-05,0.599783360958,2.40005660057,-5.11741855007e-05,5.3414809372e-05,20,20,1.89662480354,0.014352267608,41.5200233459,0,0,0,0,6.24184077561e-14,588198.736828
13.0916666667,-1.02625954241e-05,0.599783360958,2.40005660057,-5.11741855007e-05,5.3414809372e-05,20,20,1.89662480354,0.014352267608,41.5200233459,0,0,0,0,2.15254523465e-14,588198.736828
13.1027777778,-1.02625954241e-05,0.599783360958,2.40005660057,-5.11741855007e-05,5.3414809372e-05,20,20,1.89662480354,0.014352267608,41.5200233459,0,0,0,0,1.35006806907e-13,588198.736828
13.1138888889,-1.02625954241e-05,0.599783360958,2.40005660057,-5.11741855007e-05,5.3414809372e-05,20,20,1.89662480354,0.014352267608,41.5200233459,0,0,0,0,6.28937453805e-14,588198.736828
13.125,-1.02625954241e-05,0.599783360958,2.40005660057,-5.11741855007e-05,4.5786920964e-05,20,20,1.89662480354,0.014352267608,41.5200233459,0,0,0,0,1.19502196432e-13,588198.736828
13.1361111111,-1.02625954241e-05,0.599783360958,2.40005660057,-5.11741855007e-05,5.3414809372e-05,20,20,1.89662480354,0.014352267608,41.5200233459,0,0,0,0,4.30510620546e-13,588198.736828
13.1472222222,-1.02625954241e-05,0.599783360958,2.40005660057,-5.11741855007e-05,5.3414809372e-05,20,20,1.89662480354,0.014352267608,41.5200233459,0,0,0,0,1.15694659275e-13,588198.736828
13.1583333333,-1.02625954241e-05,0.599783360958,2.40005660057,-5.11741855007e-05,5.3414809372e-05,20,20,1.89662480354,0.014352267608,41.5200233459,0,0,0,0,4.8293674714e-14,588198.736828
13.1694444444,-1.02625954241e-05,0.599783360958,2.40005660057,-5.11741855007e-05,5.3414809372e-05,20,20,1.89662480354,0.014352267608,41.5200233459,0,0,0,0,2.04306033036e-14,588198.736828
13.1805555556,-1.02625954241e-05,0.599783360958,2.40005660057,-5.11741855007e-05,4.5786920964e-05,20,20,1.89662480354,0.014352267608,41.5200233459,0,0,0,0,9.47832787396e-14,588198.736828
13.1916666667,-1.02625954241e-05,0.599783360958,2.40005660057,-5.11741855007e-05,5.3414809372e-05,20,20,1.89662480354,0.014352267608,41.5200233459,0,0,0,0,1.81617159972e-13,588198.736828
13.2027777778,-1.02625954241e-05,0.599783360958,2.40005660057,-5.11741855007e-05,5.3414809372e-05,20,20,1.89662480354,0.014352267608,41.5200233459,0,0,0,0,4.78998430565e-13,588198.736828
13.2138888889,-1.02625954241e-05,0.599783360958,2.40005660057,-5.11741855007e-05,4.5786920964e-05,20,20,1.89662480354,0.014352267608,41.5200233459,0,0,0,0,6.53458207732e-13,588198.736828
13.225,-1.02625954241e-05,0.599783360958,2.40005660057,-5.11741855007e-05,5.3414809372e-05,20,20,1.89662480354,0.014352267608,41.5200233459,0,0,0,0,1.51528526866e-13,588198.736828
13.2361111111,-1.02625954241e-05,0.599783360958,2.40005660057,-5.11741855007e-05,5.3414809372e-05,20,20,1.89662480354,0.014352267608,41.5200233459,0,0,0,0,7.7013375748e-15,588198.736828
13.2472222222,-1.02625954241e-05,0.599783360958,2.40005660057,-5.11741855007e-05,5.3414809372e-05,20,20,1.89662480354,0.014352267608,41.5200233459,0,0,0,0,1.92135178394e-14,588198.736828
13.2583333333,-1.02625954241e-05,0.599783360958,2.40005660057,-5.11741855007e-05,5.3414809372e-05,20,20,1.89662480354,0.014352267608,41.5200233459,0,0,0,0,3.99593116862e-14,588198.736828
13.2694444444,-1.02625954241e-05,0.599783360958,2.40005660057,-5.11741855007e-05,4.5786920964e-05,20,20,1.89662480354,0.014352267608,41.5200233459,0,0,0,0,3.03762022409e-14,588198.736828
13.2805555556,-1.02625954241e-05,0.599783360958,2.40005660057,-5.11741855007e-05,5.3414809372e-05,20,20,1.89662480354,0.014352267608,41.5200233459,0,0,0,0,1.22485985624e-14,588198.736828
13.2916666667,-1.02625954241e-05,0.599783360958,2.40005660057,-5.11741855007e-05,5.3414809372e-05,20,20,1.89662480354,0.014352267608,41.5200233459,0,0,0,0,5.42981792437e-14,588198.736828
13.3027777778,-1.02625954241e-05,0.599783360958,2.40005660057,-5.11741855007e-05,5.3414809372e-05,20,20,1.89662480354,0.014352267608,41.5200233459,0,0,0,0,1.16350465151e-13,588198.736828
13.3138888889,-1.02625954241e-05,0.599783360958,2.40005660057,-5.11741855007e-05,5.3414809372e-05,20,20,1.89662480354,0.014352267608,41.5200233459,0,0,0,0,3.05881709242e-14,588198.736828
13.325,-1.02625954241e-05,0.599783360958,2.40005660057,-5.11741855007e-05,4.5786920964e-05,20,20,1.89662480354,0.014352267608,41.5200233459,0,0,0,0,2.1173972784e-14,588198.736828
13.3361111111,-1.02625954241e-05,0.599783360958,2.40005660057,-5.11741855007e-05,5.3414809372e-05,20,20,1.89662480354,0.014352267608,41.5200233459,0,0,0,0,1.60313234905e-14,588198.736828
13.3472222222,-1.02625954241e-05,0.599783360958,2.40005660057,-5.11741855007e-05,5.3414809372e-05,20,20,1.89662480354,0.014352267608,41.5200233459,0,0,0,0,1.58303230507e-14,588198.736828
13.3583333333,-1.02625954241e-05,0.599783360958,2.40005660057,-5.11741855007e-05,4.5786920964e-05,20,20,1.89662480354,0.014352267608,41.5200233459,0,0,0,0,3.68350067231e-14,588198.736828
13.3694444444,-1.02625954241e-05,0.599783360958,2.40005660057,-5.11741855007e-05,5.3414809372e-05,20,20,1.89662480354,0.014352267608,41.5200233459,0,0,0,0,3.88810595727e-14,588198.736828
13.3805555556,-1.02625954241e-05,0.599783360958,2.40005660057,-5.11741855007e-05,5.3414809372e-05,20,20,1.89662480354,0.014352267608,41.5200233459,0,0,0,0,2.17633929682e-14,588198.736828
13.3916666667,-1.02625954241e-05,0.599783360958,2.40005660057,-5.11741855007e-05,5.3414809372e-05,20,20,1.89662480354,0.014352267608,41.5200233459,0,0,0,0,3.42805560386e-14,588198.736828
13.4027777778,-1.02625954241e-05,0.599783360958,2.40005660057,-5.11741855007e-05,5.3414809372e-05,20,20,1.89662480354,0.014352267608,41.5200233459,0,0,0,0,1.58305725878e-13,588198.736828
13.4138888889,-1.02625954241e-05,0.599783360958,2.40005660057,-5.11741855007e-05,4.5786920964e-05,20,20,1.89662480354,0.014352267608,41.5200233459,0,0,0,0,1.15366760591e-14,588198.736828
13.425,-1.02625954241e-05,0.599783360958,2.40005660057,-5.11741855007e-05,5.3414809372e-05,20,20,1.89662480354,0.014352267608,41.5200233459,0,0,0,0,2.92856131189e-14,588198.736828
13.4361111111,-1.02625954241e-05,0.599783360958,2.40005660057,-5.11741855007e-05,5.3414809372e-05,20,20,1.89662480354,0.014352267608,41.5200233459,0,0,0,0,2.21814969624e-14,588198.736828
13.4472222222,-1.02625954241e-05,0.599783360958,2.40005660057,-5.11741855007e-05,5.3414809372e-05,20,20,1.89662480354,0.014352267608,41.5200233459,0,0,0,0,6.28270965764e-15,588198.736828
13.4583333333,-1.02625954241e-05,0.599783360958,2.40005660057,-5.11741855007e-05,5.3414809372e-05,20,20,1.89662480354,0.014352267608,41.5200233459,0,0,0,0,7.61347412832e-14,588198.736828
13.4694444444,-1.02625954241e-05,0.599783360958,2.40005660057,-5.11741855007e-05,4.5786920964e-05,20,20,1.89662480354,0.014352267608,41.5200233459,0,0,0,0,5.03106730288e-14,588198.736828
13.4805555556,-1.02625954241e-05,0.599783360958,2.40005660057,-5.11741855007e-05,5.3414809372e-05,20,20,1.89662480354,0.014352267608,41.5200233459,0,0,0,0,1.74376296421e-14,588198.736828
13.4916666667,-1.02625954241e-05,0.599783360958,2.40005660057,-5.11741855007e-05,5.3414809372e-05,20,20,1.89662480354,0.014352267608,41.5200233459,0,0,0,0,3.57513660613e-14,588198.736828
13.5027777778,-1.02625954241e-05,0.599783360958,2.40005660057,-5.11741855007e-05,4.5786920964e-05,20,20,1.89662480354,0.014352267608,41.5200233459,0,0,0,0,8.61966253846e-15,588198.736828
13.5138888889,-1.02625954241e-05,0.599783360958,2.40005660057,-5.11741855007e-05,5.3414809372e-05,20,20,1.89662480354,0.014352267608,41.5200233459,0,0,0,0,1.51468977084e-14,588198.736828
13.525,-1.02625954241e-05,0.599783360958,2.40005660057,-5.11741855007e-05,5.3414809372e-05,20,20,1.89662480354,0.014352267608,41.5200233459,0,0,0,0,5.15786651411e-14,588198.736828
13.5361111111,-1.02625954241e-05,0.599783360958,2.40005660057,-5.11741855007e-05,5.3414809372e-05,20,20,1.89662480354,0.014352267608,41.5200233459,0,0,0,0,1.13339336351e-13,588198.736828
13.5472222222,-1.02625954241e-05,0.599783360958,2.40005660057,-5.11741855007e-05,5.3414809372e-05,20,20,1.89662480354,0.014352267608,41.5200233459,0,0,0,0,9.93959595345e-14,588198.736828
13.5583333333,-1.02625954241e-05,0.599783360958,2.40005660057,-5.11741855007e-05,4.5786920964e-05,20,20,1.89662480354,0.014352267608,41.5200233459,0,0,0,0,1.81288194818e-13,588198.736828
13.5694444444,-1.02625954241e-05,0.599783360958,2.40005660057,-5.11741855007e-05,5.3414809372e-05,20,20,1.89662480354,0.014352267608,41.5200233459,0,0,0,0,4.07019456208e-13,588198.736828
13.5805555556,-1.02625954241e-05,0.599783360958,2.40005660057,-5.11741855007e-05,5.3414809372e-05,20,20,1.89662480354,0.014352267608,41.5200233459,0,0,0,0,5.9076675678e-13,588198.736828
13.5916666667,-1.02625954241e-05,0.599783360958,2.40005660057,-5.11741855007e-05,5.3414809372e-05,20,20,1.89662480354,0.014352267608,41.5200233459,0,0,0,0,1.3687553455e-13,588198.736828
13.6027777778,-1.02625954241e-05,0.599783360958,2.40005660057,-5.11741855007e-05,5.3414809372e-05,20,20,1.89662480354,0.014352267608,41.5200233459,0,0,0,0,4.88333140024e-14,588198.736828
13.6138888889,-1.02625954241e-05,0.599783360958,2.40005660057,-5.11741855007e-05,4.5786920964e-05,20,20,1.89662480354,0.014352267608,41.5200233459,0,0,0,0,4.12780206963e-14,588198.736828
13.625,-1.02625954241e-05,0.599783360958,2.40005660057,-5.11741855007e-05,5.3414809372e-05,20,20,1.89662480354,0.014352267608,41.5200233459,0,0,0,0,4.48321278418e-14,588198.736828
13.6361111111,-1.02625954241e-05,0.599783360958,2.40005660057,-5.11741855007e-05,5.3414809372e-05,20,20,1.89662480354,0.014352267608,41.5200233459,0,0,0,0,1.65131339215e-14,588198.736828
13.6472222222,-1.02625954241e-05,0.599783360958,2.40005660057,-5.11741855007e-05,4.5786920964e-05,20,20,1.89662480354,0.014352267608,41.5200233459,0,0,0,0,2.15708062172e-14,588198.736828
13.6583333333,-1.02625954241e-05,0.599783360958,2.40005660057,-5.11741855007e-05,5.3414809372e-05,20,20,1.89662480354,0.014352267608,41.5200233459,0,0,0,0,1.34877886946e-13,588198.736828
13.6694444444,-1.02625954241e-05,0.599783360958,2.40005660057,-5.11741855007e-05,5.3414809372e-05,20,20,1.89662480354,0.014352267608,41.5200233459,0,0,0,0,6.13823760384e-14,588198.736828
13.6805555556,-1.02625954241e-05,0.599783360958,2.40005660057,-5.11741855007e-05,5.3414809372e-05,20,20,1.89662480354,0.014352267608,41.5200233459,0,0,0,0,1.71354549045e-14,588198.736828
13.6916666667,-1.02625954241e-05,0.599783360958,2.40005660057,-5.11741855007e-05,5.3414809372e-05,20,20,1.89662480354,0.014352267608,41.5200233459,0,0,0,0,2.27344830838e-14,588198.736828
13.7027777778,-1.02625954241e-05,0.599783360958,2.40005660057,-5.11741855007e-05,4.5786920964e-05,20,20,1.89662480354,0.014352267608,41.5200233459,0,0,0,0,2.63303034849e-14,588198.736828
13.7138888889,-1.02625954241e-05,0.599783360958,2.40005660057,-5.11741855007e-05,5.3414809372e-05,20,20,1.89662480354,0.014352267608,41.5200233459,0,0,0,0,4.56515873171e-14,588198.736828
13.725,-1.02625954241e-05,0.599783360958,2.40005660057,-5.11741855007e-05,5.3414809372e-05,20,20,1.89662480354,0.014352267608,41.5200233459,0,0,0,0,1.14995894519e-13,588198.736828
13.7361111111,-1.02625954241e-05,0.599783360958,2.40005660057,-5.11741855007e-05,5.3414809372e-05,20,20,1.89662480354,0.014352267608,41.5200233459,0,0,0,0,7.35702136997e-14,588198.736828
13.7472222222,-1.02625954241e-05,0.599783360958,2.40005660057,-5.11741855007e-05,5.3414809372e-05,20,20,1.89662480354,0.014352267608,41.5200233459,0,0,0,0,1.01337166571e-13,588198.736828
13.7583333333,-1.02625954241e-05,0.599783360958,2.40005660057,-5.11741855007e-05,4.5786920964e-05,20,20,1.89662480354,0.014352267608,41.5200233459,0,0,0,0,7.80741646969e-14,588198.736828
13.7694444444,-1.02625954241e-05,0.599783360958,2.40005660057,-5.11741855007e-05,5.3414809372e-05,20,20,1.89662480354,0.014352267608,41.5200233459,0,0,0,0,2.27048566613e-14,588198.736828
13.7805555556,-1.02625954241e-05,0.599783360958,2.40005660057,-5.11741855007e-05,5.3414809372e-05,20,20,1.89662480354,0.014352267608,41.5200233459,0,0,0,0,2.86263148724e-14,588198.736828
13.7916666667,-1.02625954241e-05,0.599783360958,2.40005660057,-5.11741855007e-05,4.5786920964e-05,20,20,1.89662480354,0.014352267608,41.5200233459,0,0,0,0,1.5931881242e-13,588198.736828
13.8027777778,-1.02625954241e-05,0.599783360958,2.40005660057,-5.11741855007e-05,5.3414809372e-05,20,20,1.89662480354,0.014352267608,41.5200233459,0,0,0,0,1.01272586875e-13,588198.736828
13.8138888889,-1.02625954241e-05,0.599783360958,2.40005660057,-5.11741855007e-05,5.3414809372e-05,20,20,1.89662480354,0.014352267608,41.5200233459,0,0,0,0,6.58239643831e-14,588198.736828
13.825,-1.02625954241e-05,0.599783360958,2.40005660057,-5.11741855007e-05,5.3414809372e-05,20,20,1.89662480354,0.014352267608,41.5200233459,0,0,0,0,7.82085037651e-14,588198.736828
13.8361111111,-1.02625954241e-05,0.599783360958,2.40005660057,-5.11741855007e-05,5.3414809372e-05,20,20,1.89662480354,0.014352267608,41.5200233459,0,0,0,0,4.96060763175e-14,588198.736828
13.8472222222,-1.02625954241e-05,0.599783360958,2.40005660057,-5.11741855007e-05,4.5786920964e-05,20,20,1.89662480354,0.014352267608,41.5200233459,0,0,0,0,1.85903736155e-14,588198.736828
13.8583333333,-1.02625954241e-05,0.599783360958,2.40005660057,-5.11741855007e-05,5.3414809372e-05,20,20,1.89662480354,0.014352267608,41.5200233459,0,0,0,0,4.61878043118e-14,588198.736828
13.8694444444,-1.02625954241e-05,0.599783360958,2.40005660057,-5.11741855007e-05,5.3414809372e-05,20,20,1.89662480354,0.014352267608,41.5200233459,0,0,0,0,2.83582295215e-14,588198.736828
13.8805555556,-1.02625954241e-05,0.599783360958,2.40005660057,-5.11741855007e-05,5.3414809372e-05,20,20,1.89662480354,0.014352267608,41.5200233459,0,0,0,0,1.51763685266e-14,588198.736828
13.8916666667,-1.02625954241e-05,0.599783360958,2.40005660057,-5.11741855007e-05,5.3414809372e-05,20,20,1.89662480354,0.014352267608,41.5200233459,0,0,0,0,2.32456795013e-14,588198.736828
13.9027777778,-1.02625954241e-05,0.599783360958,2.40005660057,-5.11741855007e-05,4.5786920964e-05,20,20,1.89662480354,0.014352267608,41.5200233459,0,0,0,0,1.54029017664e-14,588198.736828
13.9138888889,-1.02625954241e-05,0.599783360958,2.40005660057,-5.11741855007e-05,5.3414809372e-05,20,20,1.89662480354,0.014352267608,41.5200233459,0,0,0,0,3.03946782687e-14,588198.736828
13.925,-1.02625954241e-05,0.599783360958,2.40005660057,-5.11741855007e-05,5.3414809372e-05,20,20,1.89662480354,0.014352267608,41.5200233459,0,0,0,0,2.38949032198e-14,588198.736828
13.9361111111,-1.02625954241e-05,0.599783360958,2.40005660057,-5.11741855007e-05,4.5786920964e-05,20,20,1.89662480354,0.014352267608,41.5200233459,0,0,0,0,6.34377403759e-14,588198.736828
13.9472222222,-1.02625954241e-05,0.599783360958,2.40005660057,-5.11741855007e-05,5.3414809372e-05,20,20,1.89662480354,0.014352267608,41.5200233459,0,0,0,0,6.04789342952e-14,588198.736828
13.9583333333,-1.02625954241e-05,0.599783360958,2.40005660057,-5.11741855007e-05,5.3414809372e-05,20,20,1.89662480354,0.014352267608,41.5200233459,0,0,0,0,2.70190691365e-14,588198.736828
13.9694444444,-1.02625954241e-05,0.599783360958,2.40005660057,-5.11741855007e-05,5.3414809372e-05,20,20,1.89662480354,0.014352267608,41.5200233459,0,0,0,0,3.92461319988e-14,588198.736828
13.9805555556,-1.02625954241e-05,0.599783360958,2.40005660057,-5.11741855007e-05,5.3414809372e-05,20,20,1.89662480354,0.014352267608,41.5200233459,0,0,0,0,3.77050263073e-14,588198.736828
13.9916666667,-1.02625954241e-05,0.599783360958,2.40005660057,-5.11741855007e-05,4.5786920964e-05,20,20,1.89662480354,0.014352267608,41.5200233459,0,0,0,0,3.58451767368e-14,588198.736828
14.0027777778,-1.02625954241e-05,0.599783360958,2.40005660057,-5.11741855007e-05,5.3414809372e-05,20,20,1.89662480354,0.014352267608,41.5200233459,0.0578641891479,0,0,0,0.0289299842662,588198.736828
14.0138888889,-1.02625954241e-05,0.599783360958,2.40005660057,-5.11741855007e-05,5.3414809372e-05,20,20,1.89662480354,0.014352267608,41.5200233459,0.867976248264,0,0,0,0.723249816202,588198.736828
14.025,-1.02625954241e-05,0.599783360958,2.40005660057,-5.11741855007e-05,5.34195969522e-05,20,20,1.89662480354,0.0142550170422,41.5200233459,0.826987624168,0,0,0,0.0262626886495,588198.73963
14.0361111111,-1.02625954241e-05,0.599783062935,2.40005660057,-5.11741855007e-05,5.34110840817e-05,20,20,1.89662480354,0.0141451302916,41.5200233459,0.863917171955,0,0,0,0.0367202934371,588198.717539
14.0472222222,-1.02625954241e-05,0.599781513214,2.40005779266,-5.11741855007e-05,4.57825772173e-05,20,20,1.89662480354,0.0140188876539,41.5200233459,0.90714097023,0,0,0,0.0471837188798,588198.767942
14.0583333333,-1.02625954241e-05,0.599779367447,2.4000556469,-5.11741855007e-05,5.34275750397e-05,20,20,1.89662480354,0.0138773117214,41.5200233459,0.969122350216,0,0,0,0.0595386420605,588199.012068
14.0694444444,-1.02625954241e-05,0.599776625633,2.40005517006,-5.11741855007e-05,4.5786920964e-05,20,20,1.89662480354,0.0137259261683,41.5200233459,1.00771039724,0,0,0,0.0780121821891,588199.529801
14.0805555556,-1.02625954241e-05,0.599774241447,2.40005469322,-5.11741855007e-05,4.5786920964e-05,20,20,1.89662480354,0.0135545572266,41.5200233459,1.06622725725,0,0,0,0.0984059613379,588200.346808
14.0916666667,-1.02625954241e-05,0.599772512913,2.40005373955,-5.11741855007e-05,4.5786920964e-05,20,20,1.89662480354,0.0133708138019,41.5200233459,1.18796825409,0,0,0,0.148933217482,588201.381648
14.1027777778,-1.02625954241e-05,0.599770605564,2.40005302429,-5.11741855007e-05,4.57920432382e-05,20,20,1.89662480354,0.0131557034329,41.5200233459,1.20352506638,0,0,0,0.149183488372,588201.889264
14.1138888889,-1.02625954241e-05,0.599770843983,2.40005159378,-5.11741855007e-05,4.5786920964e-05,20,20,1.89662480354,0.0129217132926,41.5200233459,1.28314197063,0,0,0,0.173631757088,588202.150206
14.125,-1.02625954241e-05,0.599773228168,2.40005302429,-5.11741855007e-05,4.58073991467e-05,20,20,1.89662480354,0.0126609001309,41.5200233459,1.37443989515,0,0,0,0.204335322977,588202.934794
14.1361111111,-1.02625954241e-05,0.599774479866,2.40005493164,-5.11741855007e-05,4.5786920964e-05,20,20,1.89662480354,0.0123754525557,41.5200233459,1.47052109241,0,0,0,0.239953141254,588203.556169
14.1472222222,-1.02625954241e-05,0.599774539471,2.40005493164,-5.11741855007e-05,4.5786920964e-05,20,20,1.89662480354,0.0120672378689,41.5200233459,1.57624483109,0,0,0,0.277561287804,588203.802922
14.1583333333,-1.02625954241e-05,0.599774301052,2.40005469322,-5.11741855007e-05,4.5786920964e-05,20,20,1.89662480354,0.01173681207,41.5200233459,1.68956816196,0,0,0,0.320338067396,588204.204625
14.1694444444,-1.02625954241e-05,0.599772155285,2.40005421638,-5.11741855007e-05,4.57864553027e-05,20,20,1.89662480354,0.0113860275596,41.5200233459,1.80991888046,0,0,0,0.368065456795,588204.565633
14.1805555556,-1.05009285107e-05,0.599765837193,2.40005373955,-5.11741855007e-05,4.5782111556e-05,20,20,1.89662480354,0.0110141318291,41.5200233459,1.93745791912,0,0,0,0.419007479635,588204.684448
14.1916666667,-1.09820593934e-05,0.599756002426,2.4000544548,-5.11741855007e-05,4.58291106042e-05,20,20,1.89662480354,0.0106176007539,41.5200233459,2.07862257957,0,0,0,0.474221208487,588204.85737
14.2027777778,-1.14690010378e-05,0.599745988846,2.40005493164,-5.11741855007e-05,4.57862988696e-05,20,20,1.89662480354,0.0101926643401,41.5200233459,2.21949219704,0,0,0,0.538210293922,588204.998561
14.2138888889,-1.19565947898e-05,0.599736332893,2.40005517006,-5.11741855007e-05,4.5786920964e-05,20,20,1.89662480354,0.0097393328324,41.5200233459,2.3750692606,0,0,0,0.606911041725,588204.972073
14.225,-1.21915745694e-05,0.59973192215,2.40005636215,-5.11741855007e-05,4.57864553027e-05,20,20,1.89662480354,0.00925884675235,41.5200233459,2.59868949652,0,0,0,0.711877863927,588205.326531
14.2361111111,-1.23071522466e-05,0.599729776382,2.40005660057,-5.11741855007e-05,4.57925088995e-05,20,20,1.89662480354,0.00873693451285,41.5200233459,2.71998792887,0,0,0,0.771392009411,588205.517403
14.2472222222,-1.23071522466e-05,0.599729895592,2.40005683899,-5.11741855007e-05,4.5786920964e-05,20,20,1.89662480354,0.00818647909909,41.5200233459,2.90858745575,0,0,0,0.869918018548,588205.795829
14.2583333333,-1.23071522466e-05,0.599729716778,2.40005683899,-5.11741855007e-05,4.5786920964e-05,20,20,1.89662480354,0.00760325463489,41.5200233459,3.10903340578,0,0,0,0.977742576587,588206.032816
14.2694444444,-1.24233520182e-05,0.599727332592,2.40005731583,-5.11741855007e-05,4.57825772173e-05,20,20,1.89662480354,0.0069862883538,41.5200233459,3.32111120224,0,0,0,1.0917937416,588206.282843
14.2805555556,-1.27701869133e-05,0.5997210145,2.40005922318,-5.11741855007e-05,4.5782111556e-05,20,20,1.89662480354,0.00633345125243,41.5200233459,3.54554057121,0,0,0,1.22483849842,588206.600698
14.2916666667,-1.3118534298e-05,0.599713861942,2.40006089211,-5.11741855007e-05,4.58272515971e-05,20,20,1.89662480354,0.00564121967182,41.5200233459,3.78869622946,0,0,0,1.379183353,588206.853847
14.3027777778,-1.33497705974e-05,0.599709033966,2.4000620842,-5.11741855007e-05,4.5786920964e-05,20,20,1.89662480354,0.00490609183908,41.5200233459,4.03672009706,0,0,0,1.54356663852,588207.146711
14.3138888889,-1.34647407322e-05,0.599707305431,2.40006279945,-5.11741855007e-05,4.58422873635e-05,20,20,1.89662480354,0.00412613386288,41.5200233459,4.31018471718,0,0,0,1.7340386739,588207.348511
14.325,-1.34647407322e-05,0.599709451199,2.40006399155,-5.11741855007e-05,4.5786920964e-05,20,20,1.89662480354,0.0032961606048,41.5200233459,4.59103882313,0,0,0,1.95494568672,588207.725585
14.3361111111,-1.34647407322e-05,0.599713265896,2.40006613731,-5.11741855007e-05,5.34105529368e-05,20,20,1.89662480354,0.00241676787846,41.5200233459,4.89398539066,0,0,0,2.19079576524,588208.332175
14.3472222222,-1.34647407322e-05,0.599716067314,2.40006780624,-5.11741855007e-05,5.34080245416e-05,20,20,1.89662480354,0.001485330984,41.5200233459,5.2150413394,0,0,0,2.45764237062,588208.690902
14.3583333333,-1.34647407322e-05,0.599717438221,2.40006804466,-5.11741855007e-05,5.34106839041e-05,20,20,1.89662480354,0.00049854000099,41.5200233459,5.55526614189,0,0,0,2.75808280695,588208.81726
14.3694444444,-1.34647407322e-05,0.599717974663,2.40006804466,-5.11741855007e-05,5.34282407898e-05,20,20,1.89662480354,-0.000549703778233,41.5200233459,5.93016296625,0,0,0,3.09553720427,588208.862959
14.3805555556,-1.34647407322e-05,0.599718868732,2.40006804466,-5.11741855007e-05,5.34175997018e-05,20,20,1.89662480354,-0.00165975478012,41.5200233459,6.30020052195,0,0,0,3.50959960024,588208.901946
14.3916666667,-1.34647407322e-05,0.599721908569,2.40006899834,-5.11741855007e-05,5.34117498319e-05,20,20,1.89662480354,-0.00283298501745,41.5200233459,6.76306933165,0,0,0,3.94906899157,588208.707801
14.4027777778,-1.34647407322e-05,0.599727153778,2.40007138252,-5.11741855007e-05,5.34084210813e-05,20,20,1.89662480354,-0.00408039800823,41.5200233459,7.13675916195,0,0,0,4.37232070905,588208.070466
14.4138888889,-1.34647407322e-05,0.599734425545,2.40007615089,-5.11741855007e-05,5.34078899364e-05,20,20,1.89662480354,-0.00538369081914,41.5200233459,7.64467567205,0,0,0,4.8950183811,588206.79886
14.425,-1.20715912999e-05,0.599767327309,2.40007328987,-5.11741855007e-05,6.10426068306e-05,20,20,1.89662480354,-0.00676016043872,41.5200233459,8.06382894516,0,0,0,5.40860423761,588205.332857
14.4361111111,-6.97203586242e-06,0.599862098694,2.40004611015,-5.11741855007e-05,6.10398128629e-05,20,20,1.89662480354,-0.00819656718522,41.5200233459,8.56055170298,0,0,0,6.00226009301,588204.528502
14.4472222222,-5.5241781638e-07,0.599988102913,2.40001368523,-5.11741855007e-05,6.10360875726e-05,20,20,1.89662480354,-0.00969823542982,41.5200233459,9.08071249723,0,0,0,6.64541362476,588204.152468
14.4583333333,7.21983587937e-06,0.600142657757,2.39997506142,-5.18472916156e-05,5.34064274689e-05,20,20,1.89662480354,-0.0112687079236,41.5200233459,9.62689071894,0,0,0,7.33935293981,588203.867939
14.4694444444,1.65158271557e-05,0.600328564644,2.39992809296,-5.31492187292e-05,5.3405896324e-05,20,20,1.89662480354,-0.0129159428179,41.5200233459,10.1967528462,0,0,0,8.10168858725,588203.555992
14.4805555556,2.73490422842e-05,0.600545227528,2.39987277985,-5.31492187292e-05,6.10356219113e-05,20,20,1.89662480354,-0.0146292103454,41.5200233459,10.7916355133,0,0,0,8.91858993934,588203.168906
14.4916666667,3.96853101847e-05,0.600791931152,2.39980840683,-5.31492187292e-05,5.34084210813e-05,20,20,1.89662480354,-0.0163942370564,41.5200233459,11.4096879959,0,0,0,9.80090849003,588202.678388
14.5027777778,5.35281760676e-05,0.601067841053,2.39973831177,-5.31492187292e-05,5.34062928637e-05,20,20,1.89662480354,-0.0182241462171,41.5200233459,12.0415225625,0,0,0,10.7505707964,588202.08676
14.5138888889,6.89216903993e-05,0.601375579834,2.39966154099,-5.2344170399e-05,5.34062928637e-05,20,20,1.89662480354,-0.0201324261725,41.5200233459,12.7633094788,0,0,0,11.8043508738,588201.527356
14.525,8.58757848619e-05,0.601714670658,2.39957523346,-4.98083718412e-05,5.3405896324e-05,20,20,1.89662480354,-0.022141430527,41.5200233459,13.4062618017,0,0,0,12.8823072043,588200.953297
14.5361111111,0.000104390644992,0.602084994316,2.39947772026,-4.98083718412e-05,5.34062928637e-05,20,20,1.89662480354,-0.024232218042,41.5200233459,14.1923099756,0,0,0,14.097743121,588200.319027
14.5472222222,0.000124469166622,0.602486491203,2.39937758446,-4.98083718412e-05,5.3405896324e-05,20,20,1.89662480354,-0.026426544413,41.5200233459,14.9013206363,0,0,0,15.3418856559,588199.714738
14.5583333333,0.000146113161463,0.60291904211,2.39926838875,-4.98083718412e-05,5.34062928637e-05,20,20,1.89662480354,-0.0287104845047,41.5200233459,15.6986922026,0,0,0,16.7003317704,588198.991882
14.5694444444,0.000169322171132,0.603382825851,2.39915204048,-4.98083718412e-05,5.34062928637e-05,20,20,1.89662480354,-0.031090868637,41.5200233459,16.5329888463,0,0,0,18.1479635012,588198.139529
14.5805555556,0.00019409613742,0.60387814045,2.39902901649,-4.98083718412e-05,5.34062928637e-05,20,20,1.89662480354,-0.033569201827,41.5200233459,17.3990651965,0,0,0,19.6873860492,588197.295309
14.5916666667,0.000220436399104,0.604404866695,2.39889764786,-4.98083718412e-05,5.34110840817e-05,20,20,1.89662480354,-0.0361475497484,41.5200233459,18.3074221015,0,0,0,21.3215257452,588196.424597
14.6027777778,0.000248344440479,0.604963064194,2.39875841141,-4.98083718412e-05,5.34062928637e-05,20,20,1.89662480354,-0.0388263612986,41.5200233459,19.2428916693,0,0,0,23.0533177975,588195.55342
14.6138888889,0.000277820974588,0.605552554131,2.39861083031,-4.98083718412e-05,6.10561110079e-05,20,20,1.89662480354,-0.0416103936732,41.5200233459,20.2341467142,0,0,0,24.8860577408,588194.529874
14.625,0.000308866670821,0.606173455715,2.39845633507,-4.98083718412e-05,5.34062928637e-05,20,20,1.89662480354,-0.0444962829351,41.5200233459,21.2362915277,0,0,0,26.8230170464,588193.446452
14.6361111111,0.000341482576914,0.606825828552,2.39829468727,-4.98083718412e-05,5.34062928637e-05,20,20,1.89662480354,-0.0474853888154,41.5200233459,22.3459392786,0,0,0,28.8951714201,588192.268624
14.6472222222,0.000375670002541,0.607509553432,2.39812374115,-4.98083718412e-05,5.34062928637e-05,20,20,1.89662480354,-0.050593663007,41.5200233459,23.3854696155,0,0,0,31.024187696,588191.01874
14.6583333333,0.000411430111853,0.60822480917,2.39794492722,-4.98083718412e-05,5.34062928637e-05,20,20,1.89662480354,-0.0538077577949,41.5200233459,24.5197802782,0,0,0,33.2960359996,588189.626263
14.6694444444,0.000448764039902,0.60897141695,2.39775800705,-4.82319228468e-05,5.34084210813e-05,20,20,1.89662480354,-0.0571356229484,41.5200233459,25.7010117173,0,0,0,35.6876854941,588188.133514
14.6805555556,0.000487672892632,0.609749615192,2.39756274223,-4.82319228468e-05,5.34062928637e-05,20,20,1.89662480354,-0.0605777911842,41.5200233459,26.9152164459,0,0,0,38.2033766542,588186.627573
14.6916666667,0.000528158096131,0.610559284687,2.39735627174,-4.82319228468e-05,5.34106839041e-05,20,20,1.89662480354,-0.0641387254,41.5200233459,28.18223387,0,0,0,40.8479092066,588185.014422
14.7027777778,0.000570221163798,0.611400425434,2.39714503288,-4.82319228468e-05,5.34062928637e-05,20,20,1.89662480354,-0.0678186267614,41.5200233459,29.4843122363,0,0,0,43.6259922379,588183.266997
14.7138888889,0.000613863288891,0.612273275852,2.39692664146,-4.82319228468e-05,5.34105529368e-05,20,20,1.89662480354,-0.0716216489673,41.5200233459,30.8410763741,0,0,0,46.542966154,588181.441479
14.725,0.000659085984807,0.613177716732,2.39670062065,-4.82319228468e-05,5.34062928637e-05,20,20,1.89662480354,-0.0755485370755,41.5200233459,32.2349756956,0,0,0,49.6040202252,588179.559623
14.7361111111,0.000705890823156,0.614113807678,2.39646673203,-4.82319228468e-05,5.34106839041e-05,20,20,1.89662480354,-0.0796042457223,41.5200233459,33.6858987808,0,0,0,52.8150469156,588177.543365
14.7472222222,0.000754279259127,0.6150816679,2.39622616768,-4.82319228468e-05,5.34062928637e-05,20,20,1.89662480354,-0.0837892070413,41.5200233459,35.1762771606,0,0,0,56.1818610211,588175.410141
14.7583333333,0.00080425303895,0.616081178188,2.39597630501,-4.82319228468e-05,5.34062928637e-05,20,20,1.89662480354,-0.0881077572703,41.5200233459,36.7228657007,0,0,0,59.7110371097,588173.216542
14.7694444444,0.000855813617818,0.617112278938,2.39571857452,-4.82319228468e-05,5.34062928637e-05,20,20,1.89662480354,-0.0925621315837,41.5200233459,38.317322731,0,0,0,63.4089319164,588170.899183
14.7805555556,0.000908963149413,0.618175268173,2.39545369148,-4.82319228468e-05,5.34068276465e-05,20,20,1.89662480354,-0.0971551910043,41.5200233459,39.9674803019,0,0,0,67.2827989459,588168.414685
14.7916666667,0.000963703147136,0.619270145893,2.39518141747,-4.82319228468e-05,5.34069586138e-05,20,20,1.89662480354,-0.101890236139,41.5200233459,41.6679739952,0,0,0,71.3397284352,588165.803445
14.8027777778,0.00102003547363,0.620396792889,2.3948996067,-4.82319228468e-05,5.34090868314e-05,20,20,1.89662480354,-0.106718920171,41.5200233459,42.0001387596,0,0,0,72.2245832082,588162.989001
14.8138888889,0.00107796199154,0.621555328369,2.39460968971,-4.82319228468e-05,5.34078899364e-05,20,20,1.89662480354,-0.111613839865,41.5200233459,42.0000314713,0,0,0,74.8294507103,588160.031768
14.825,0.00113748467993,0.622745752335,2.39431214333,-4.82319228468e-05,5.34090868314e-05,20,20,1.89662480354,-0.116577982903,41.5200233459,42.0000314713,0,0,0,77.556385571,588157.011152
14.8361111111,0.00119860551786,0.623968183994,2.39400219917,-4.82319228468e-05,5.34096216143e-05,20,20,1.89662480354,-0.121614933014,41.5200233459,42.0000314713,0,0,0,80.4093205698,588153.740449
14.8472222222,0.00126132671721,0.625222563744,2.3936882019,-4.82319228468e-05,5.34128121217e-05,20,20,1.89662480354,-0.126727923751,41.5200233459,42.0000314713,0,0,0,83.392457486,588150.454369
14.8583333333,0.00132565025706,0.626509010792,2.39336490631,-5.16589352628e-05,5.34110840817e-05,20,20,1.89662480354,-0.131919875741,41.5200233459,42.0000314713,0,0,0,86.5101940509,588146.996672
14.8694444444,0.0013915784657,0.627827584743,2.39303255081,-5.16589352628e-05,5.34110840817e-05,20,20,1.89662480354,-0.137194633484,41.5200233459,42.0000314713,0,0,0,89.767140708,588143.358706
14.8805555556,0.00145911367144,0.629178225994,2.39269542694,-5.16589352628e-05,5.34128121217e-05,20,20,1.89662480354,-0.142555311322,41.5200233459,42.0000314713,0,0,0,93.1681328657,588139.648059
14.8916666667,0.00152825750411,0.630561113358,2.39234972,-5.16589352628e-05,5.34128121217e-05,20,20,1.89662480354,-0.148005530238,41.5200233459,42.0000314713,0,0,0,96.718367133,588135.74188
14.9027777778,0.0015990131069,0.631976246834,2.3919968605,-5.16589352628e-05,5.34128121217e-05,20,20,1.89662480354,-0.153549104929,41.5200233459,42.0000314713,0,0,0,100.423373732,588131.753023
14.9138888889,0.00167138234247,0.633423686028,2.39163446426,-5.16589352628e-05,5.34128121217e-05,20,20,1.89662480354,-0.159189358354,41.5200233459,42.0000314713,0,0,0,104.288871709,588127.540508
14.925,0.00174536812119,0.634903371334,2.39126443863,-5.16589352628e-05,5.34128121217e-05,20,20,1.89662480354,-0.164930120111,41.5200233459,42.0000314713,0,0,0,108.320885827,588123.222043
14.9361111111,0.00182097195648,0.636415421963,2.39088869095,-5.16589352628e-05,5.34128121217e-05,20,20,1.89662480354,-0.170774936676,41.5200233459,42.0000314713,0,0,0,112.52579145,588118.677699
14.9472222222,0.00189819687512,0.637959897518,2.39050245285,-5.16589352628e-05,5.34128121217e-05,20,20,1.89662480354,-0.176728084683,41.5200233459,42.0000314713,0,0,0,116.9104538,588113.896601
14.9583333333,0.00197704648599,0.639536857605,2.39010763168,-5.16589352628e-05,5.34128121217e-05,20,20,1.89662480354,-0.182792618871,41.5200233459,42.0000314713,0,0,0,121.481916645,588108.871324
14.9694444444,0.002057521604,0.641146361828,2.38970518112,-5.16589352628e-05,5.34128121217e-05,20,20,1.89662480354,-0.188973531127,41.5200233459,42.0000314713,0,0,0,126.247673257,588103.69893
14.9805555556,0.00213962607086,0.642788529396,2.38929462433,-4.82158320665e-05,5.34144091944e-05,20,20,1.89662480354,-0.195274233818,41.5200233459,42.0000314713,0,0,0,131.215675676,588098.321183
14.9916666667,0.00222336244769,0.644463181496,2.38887405396,-4.82158320665e-05,5.34144091944e-05,20,20,1.89662480354,-0.201698496938,41.5200233459,42.0000314713,0,0,0,136.394078357,588092.731356
15.0027777778,0.00230873376131,0.646170556545,2.38844275475,-4.82158320665e-05,5.34164028068e-05,20,20,1.89662480354,-0.208250701427,41.5200233459,42.0000314713,0,0,0,141.791611166,588086.888462
15.0138888889,0.00239574210718,0.647910714149,2.38800692558,-4.82158320665e-05,5.34164028068e-05,20,20,1.89662480354,-0.214935198426,41.5200233459,42.0000314713,0,0,0,147.417413594,588080.799225
15.025,0.00248439097777,0.649683654308,2.38756299019,-4.82158320665e-05,5.34164028068e-05,20,20,1.89662480354,-0.221756026149,41.5200233459,42.0000314713,0,0,0,153.281085071,588074.524689
15.0361111111,0.00257468316704,0.651489436626,2.38711166382,-4.82158320665e-05,5.34170685569e-05,20,20,1.89662480354,-0.22871735692,41.5200233459,42.0000314713,0,0,0,159.392665506,588067.986502
15.0472222222,0.00266662216745,0.653328239918,2.38665175438,-4.82158320665e-05,5.34211940248e-05,20,20,1.89662480354,-0.235824078321,41.5200233459,42.0000314713,0,0,0,165.762642077,588061.181624
15.0583333333,0.00276021030731,0.655200004578,2.38618326187,-4.82158320665e-05,5.34170685569e-05,20,20,1.89662480354,-0.243080705404,41.5200233459,42.0000314713,0,0,0,172.402199483,588054.11058
15.0694444444,0.00285545154475,0.657104790211,2.38570642471,-4.82158320665e-05,5.34186656296e-05,20,20,1.89662480354,-0.25049161911,41.5200233459,42.0000314713,0,0,0,179.322919893,588046.775943
15.0805555556,0.00295234844089,0.659042716026,2.38522219658,-4.82158320665e-05,5.34211940248e-05,20,20,1.89662480354,-0.258061736822,41.5200233459,42.0000314713,0,0,0,186.536994538,588039.113453
15.0916666667,0.00305090425536,0.661013841629,2.38473105431,-4.82158320665e-05,5.34195969522e-05,20,20,1.89662480354,-0.265795826912,41.5200233459,42.0000314713,0,0,0,194.057403831,588031.149306
15.1027777778,0.00315112341195,0.663018226624,2.3842291832,-4.82158320665e-05,5.34195969522e-05,20,20,1.89662480354,-0.27369877696,41.5200233459,42.0000314713,0,0,0,201.897409807,588022.799592
15.1138888889,0.00325300754048,0.66505587101,2.38371872902,-4.82158320665e-05,5.34239843546e-05,20,20,1.89662480354,-0.281775712967,41.5200233459,42.0000314713,0,0,0,210.071182921,588014.094894
15.125,0.00335656059906,0.667126893997,2.38320040703,-4.82158320665e-05,5.34239843546e-05,20,20,1.89662480354,-0.290031552315,41.5200233459,42.0000314713,0,0,0,218.593469012,588005.017085
15.1361111111,0.00346178770997,0.6692314744,2.38267254829,-4.82158320665e-05,5.34239843546e-05,20,20,1.89662480354,-0.298471987247,41.5200233459,42.0000314713,0,0,0,227.479621067,587995.595285
15.1472222222,0.00356868980452,0.671369433403,2.38213205338,-4.82158320665e-05,5.34254504601e-05,20,20,1.89662480354,-0.307101905346,41.5200233459,42.0000314713,0,0,0,236.746074135,587985.734358
15.1583333333,0.00367727200501,0.673541128635,2.38158798218,-4.82158320665e-05,5.34239843546e-05,20,20,1.89662480354,-0.315926879644,41.5200233459,42.0000314713,0,0,0,246.409603206,587975.514529
15.1694444444,0.00378753780387,0.675746440887,2.38103437424,-5.05468524352e-05,5.34270766366e-05,20,20,1.89662480354,-0.324952751398,41.5200233459,42.0000314713,0,0,0,256.488072171,587964.871771
15.1805555556,0.00389949069358,0.677985429764,2.38047409058,-5.05468524352e-05,5.34342580067e-05,20,20,1.89662480354,-0.334185183048,41.5200233459,42.0000314713,0,0,0,266.999989743,587953.795967
15.1916666667,0.00401313509792,0.680258274078,2.37990522385,-5.05468524352e-05,5.34323626198e-05,20,20,1.89662480354,-0.343629598618,41.5200233459,42.0000314713,0,0,0,277.964770011,587942.279869
15.2027777778,0.00412847381085,0.68256509304,2.3793296814,-5.05468524352e-05,5.34403407073e-05,20,20,1.89662480354,-0.353292435408,41.5200233459,42.0000314713,0,0,0,289.402698795,587930.315347
15.2138888889,0.00424551265314,0.68490588665,2.37874317169,-5.05468524352e-05,5.34447317477e-05,20,20,1.89662480354,-0.363179057837,41.5200233459,42.0000314713,0,0,0,301.335030184,587917.828377
15.225,0.00436425535008,0.687280654907,2.37814807892,-5.05468524352e-05,5.34463251824e-05,20,20,1.89662480354,-0.373295992613,41.5200233459,42.0000314713,0,0,0,313.78407392,587904.814981
15.2361111111,0.00448470376432,0.689689576626,2.37754535675,-5.05468524352e-05,5.3448984545e-05,20,20,1.89662480354,-0.383649408817,41.5200233459,42.0000314713,0,0,0,326.772803321,587891.246158
15.2472222222,0.00460686301813,0.692132711411,2.37693357468,-5.05468524352e-05,5.34536375199e-05,20,20,1.89662480354,-0.394245386124,41.5200233459,42.0000314713,0,0,0,340.325385809,587877.033616
15.2583333333,0.00473073637113,0.694610238075,2.37631225586,-5.05468524352e-05,5.34648352186e-05,20,20,1.89662480354,-0.405090421438,41.5200233459,42.0000314713,0,0,0,354.467181962,587862.196298
15.2694444444,0.00485632941127,0.697122037411,2.37568378448,-5.05468524352e-05,5.3459785704e-05,20,20,1.89662480354,-0.416191488504,41.5200233459,42.0000314713,0,0,0,369.22449349,587846.738181
15.2805555556,0.00498364446685,0.699668347836,2.37504434586,-5.05468524352e-05,5.34722421435e-05,20,20,1.89662480354,-0.427555173635,41.5200233459,42.0000314713,0,0,0,384.624794429,587830.653593
15.2916666667,0.00511268805712,0.70224916935,2.37439537048,-5.05468524352e-05,5.34749342478e-05,20,20,1.89662480354,-0.439187824726,41.5200233459,42.0000314713,0,0,0,400.696605164,587813.845529
15.3027777778,0.00524346437305,0.704864740372,2.37373685837,-5.05468524352e-05,5.34952268936e-05,20,20,1.89662480354,-0.451096594334,41.5200233459,42.0000314713,0,0,0,417.469577061,587796.353633
15.3138888889,0.00537597527727,0.707514941692,2.37307214737,-5.05468524352e-05,5.35052204214e-05,20,20,1.89662480354,-0.463288873434,41.5200233459,42.0000314713,0,0,0,434.974333179,587778.136975
15.325,0.00551022868603,0.710200071335,2.37239933014,-5.05468524352e-05,5.35052204214e-05,20,20,1.89662480354,-0.475771158934,41.5200233459,42.0000314713,0,0,0,453.243517068,587759.154214
15.3361111111,0.00564622599632,0.71292001009,2.37171840668,-5.05468524352e-05,5.35148828931e-05,20,20,1.89662480354,-0.488550961018,41.5200233459,42.0000314713,0,0,0,472.310369126,587739.347229
15.3472222222,0.0057839746587,0.715674877167,2.37102746964,-5.05468524352e-05,5.35286890226e-05,20,20,1.89662480354,-0.501635491848,41.5200233459,42.0000314713,0,0,0,492.209185948,587718.699883
15.3583333333,0.00592347700149,0.718464970589,2.37032747269,-5.05468524352e-05,5.35251383553e-05,20,20,1.89662480354,-0.51503264904,41.5200233459,42.0000314713,0,0,0,512.976815496,587697.198901
15.3694444444,0.00606473861262,0.721290111542,2.36961889267,-5.05468524352e-05,5.35605358891e-05,20,20,1.89662480354,-0.528750658035,41.5200233459,42.0000314713,0,0,0,534.649618785,587674.730264
15.3805555556,0.00620776321739,0.72415047884,2.36890459061,-5.05468524352e-05,5.35605358891e-05,20,20,1.89662480354,-0.542796611786,41.5200233459,42.0000314713,0,0,0,557.266533786,587651.344198
15.3916666667,0.00635255826637,0.727046370506,2.36817836761,-5.05468524352e-05,5.35644176125e-05,20,20,1.89662480354,-0.557178974152,41.5200233459,42.0000314713,0,0,0,580.86800575,587626.870784
15.4027777778,0.00649912562221,0.729977726936,2.36744356155,-5.05468524352e-05,5.35890831088e-05,20,20,1.89662480354,-0.571905732155,41.5200233459,42.0000314713,0,0,0,605.494290723,587601.356273
15.4138888889,0.00664747226983,0.73294454813,2.36669874191,-5.05468524352e-05,5.36190418643e-05,20,20,1.89662480354,-0.586984395981,41.5200233459,42.0000314713,0,0,0,631.189230554,587574.770259
15.425,0.00679760193452,0.735947072506,2.36594486237,-5.05468524352e-05,5.36023071618e-05,20,20,1.89662480354,-0.602424263954,41.5200233459,42.0000314713,0,0,0,657.995847866,587547.040354
15.4361111111,0.00694952020422,0.738985359669,2.36517763138,-5.05468524352e-05,5.36590450793e-05,20,20,1.89662480354,-0.618233263493,41.5200233459,42.0000314713,0,0,0,685.95974058,587518.116039
15.4472222222,0.0071032308042,0.742059528828,2.36440563202,-5.05468524352e-05,5.37013693247e-05,20,20,1.89662480354,-0.634419679642,41.5200233459,42.0000314713,0,0,0,715.127635321,587488.013802
15.4583333333,0.00725874118507,0.745169639587,2.36362504959,-5.05468524352e-05,5.37013693247e-05,20,20,1.89662480354,-0.650992631912,41.5200233459,42.0000314713,0,0,0,745.547067149,587456.654413
15.4694444444,0.00741605367512,0.748315811157,2.36283588409,-5.05468524352e-05,5.3771185776e-05,20,20,1.89662480354,-0.667960584164,41.5200233459,42.0000314713,0,0,0,777.267398344,587423.952211
15.4805555556,0.00757517712191,0.751498222351,2.36203813553,-5.05468524352e-05,5.37698979315e-05,20,20,1.89662480354,-0.68533205986,41.5200233459,42.0000314713,0,0,0,810.338736016,587389.909534
15.4916666667,0.00773611338809,0.754716813564,2.36122989655,-5.05468524352e-05,5.38113417861e-05,20,20,1.89662480354,-0.703116357327,41.5200233459,42.0000314713,0,0,0,844.812345476,587354.417508
15.5027777778,0.00789886992425,0.75797188282,2.36041259766,-5.05468524352e-05,5.38478088856e-05,20,20,1.89662480354,-0.721322417259,41.5200233459,42.0000314713,0,0,0,880.74031062,587317.498761
15.5138888889,0.00806345418096,0.761263430119,2.35958576202,-5.05468524352e-05,5.39256034244e-05,20,20,1.89662480354,-0.739959001541,41.5200233459,42.0000314713,0,0,0,918.175852639,587279.040209
15.525,0.00822986848652,0.764591574669,2.35875320435,-5.05468524352e-05,5.39301836397e-05,20,20,1.89662480354,-0.759035348892,41.5200233459,42.0000314713,0,0,0,957.173291983,587238.973671
15.5361111111,0.00839811749756,0.767956495285,2.35790777206,-5.05468524352e-05,5.39781176485e-05,20,20,1.89662480354,-0.778560936451,41.5200233459,42.0000314713,0,0,0,997.786567739,587197.186357
15.5472222222,0.0085682105273,0.771358191967,2.35705327988,-5.05468524352e-05,5.40668988833e-05,20,20,1.89662480354,-0.798544585705,41.5200233459,42.0000314713,0,0,0,1040.07097883,587153.714225
15.5583333333,0.00874015316367,0.774796903133,2.35618925095,-5.05468524352e-05,5.40735018149e-05,20,20,1.89662480354,-0.818995535374,41.5200233459,42.0000314713,0,0,0,1084.08216453,587108.531958
15.5694444444,0.00891394820064,0.778272747993,2.35531187057,-5.05468524352e-05,5.42002890143e-05,20,20,1.89662480354,-0.839922785759,41.5200233459,42.0000314713,0,0,0,1129.87592763,587061.507526
15.5805555556,0.0090896030888,0.781785786152,2.35442852974,-5.33045385964e-05,5.42380003026e-05,20,20,1.89662480354,-0.861336350441,41.5200233459,42.0000314713,0,0,0,1177.5071148,587012.642389
15.5916666667,0.00926712341607,0.785335958004,2.353536129,-5.4311061831e-05,5.43306705367e-05,20,20,1.89662480354,-0.883245110512,41.5200233459,42.0000314713,0,0,0,1227.03124833,586961.847964
15.6027777778,0.00944651570171,0.788923621178,2.35263466835,-5.4311061831e-05,5.44211288798e-05,20,20,1.89662480354,-0.905658066273,41.5200233459,42.0000314713,0,0,0,1278.50284971,586909.078349
15.6138888889,0.00962778460234,0.792548894882,2.35172486305,-5.4311061831e-05,5.45395196241e-05,20,20,1.89662480354,-0.928583920002,41.5200233459,42.0000314713,0,0,0,1331.9752318,586854.302321
15.625,0.0098109357059,0.796211779118,2.35080480576,-5.27306619915e-05,5.46333722014e-05,20,20,1.89662480354,-0.952032804489,41.5200233459,42.0000314713,0,0,0,1387.50003831,586797.435444
15.6361111111,0.00999597832561,0.799912452698,2.34987449646,-5.27306619915e-05,5.47239797015e-05,20,20,1.89662480354,-0.97601300478,41.5200233459,42.0000314713,0,0,0,1445.12889535,586738.45629
15.6472222222,0.0101829161867,0.803650975227,2.34893465042,-5.27306619915e-05,5.48111638636e-05,20,20,1.89662480354,-1.00053393841,41.5200233459,42.0000314713,0,0,0,1504.90939416,586677.319543
15.6583333333,0.0103717539459,0.80742764473,2.3479886055,-5.27306619915e-05,5.50049808226e-05,20,20,1.89662480354,-1.02560389042,41.5200233459,42.0000314713,0,0,0,1566.88844152,586613.939452
15.6694444444,0.0105625018477,0.811242341995,2.34702968597,-5.27306619915e-05,5.51153898414e-05,20,20,1.89662480354,-1.05123198032,41.5200233459,42.0000314713,0,0,0,1631.1084624,586548.169545
15.6805555556,0.0107551626861,0.815095424652,2.34606122971,-5.27306619915e-05,5.52676501684e-05,20,20,1.89662480354,-1.07742643356,41.5200233459,42.0000314713,0,0,0,1697.60946902,586480.123932
15.6916666667,0.0109497476369,0.818986833096,2.34508275986,-5.19516943314e-05,5.54362377443e-05,20,20,1.89662480354,-1.10419547558,41.5200233459,42.0000314713,0,0,0,1766.4273507,586409.727795
15.7027777778,0.0111462576315,0.822916865349,2.34409141541,-5.19516943314e-05,5.56620652787e-05,20,20,1.89662480354,-1.1315472126,41.5200233459,42.0000314713,0,0,0,1837.59279947,586336.925383
15.7138888889,0.011344704777,0.826885461807,2.34309005737,-5.19516943314e-05,5.36072111572e-05,20,20,1.89662480354,-1.15117752552,41.5200233459,42.0000314713,0,0,0,290.524209613,586282.366344
15.725,0.0115450890735,0.830892980099,2.34208154678,-5.19516943314e-05,5.34062928637e-05,20,20,1.89662480354,-1.15128719807,41.5200233459,42.0000314713,0,0,0,279.06149533,586276.118026
15.7361111111,0.0117474226281,0.834939360619,2.34106445312,-5.19516943314e-05,5.34062928637e-05,20,20,1.89662480354,-1.15128719807,41.5200233459,42.0000314713,0,0,0,284.500267216,586270.063222
15.7472222222,0.0119517138228,0.83902490139,2.34003686905,-5.19516943314e-05,5.34062928637e-05,20,20,1.89662480354,-1.15128719807,41.5200233459,42.0000314713,0,0,0,290.010886968,586263.966318
15.7583333333,0.0121579663828,0.843149662018,2.33899879456,-5.19516943314e-05,5.34062928637e-05,20,20,1.89662480354,-1.15128719807,41.5200233459,42.0000314713,0,0,0,295.593999249,586257.762644
15.7694444444,0.0123661886901,0.84731388092,2.33795070648,-5.19516943314e-05,5.34062928637e-05,20,20,1.89662480354,-1.15128719807,41.5200233459,42.0000314713,0,0,0,301.250106164,586251.524237
15.7805555556,0.0125763835385,0.851517438889,2.3368935585,-5.19516943314e-05,5.34062928637e-05,20,20,1.89662480354,-1.15128719807,41.5200233459,42.0000314713,0,0,0,306.980351928,586245.199291
15.7916666667,0.0127885593101,0.85576069355,2.33582782745,-5.19516943314e-05,5.34062928637e-05,20,20,1.89662480354,-1.15128719807,41.5200233459,42.0000314713,0,0,0,312.785582068,586238.77085
15.8027777778,0.0130027271807,0.860043883324,2.33474969864,-5.19516943314e-05,5.34062928637e-05,20,20,1.89662480354,-1.15128719807,41.5200233459,42.0000314713,0,0,0,318.666044099,586232.197397
15.8138888889,0.0132188918069,0.864366769791,2.33366107941,-5.19516943314e-05,5.34062928637e-05,20,20,1.89662480354,-1.15128719807,41.5200233459,42.0000314713,0,0,0,324.623084931,586225.515887
15.825,0.0134370606393,0.868729710579,2.33256244659,-5.03622177348e-05,5.34062928637e-05,20,20,1.89662480354,-1.15128719807,41.5200233459,42.0000314713,0,0,0,330.657197784,586218.806194
15.8361111111,0.0136572392657,0.873133301735,2.33145284653,-5.59368309041e-05,5.34062928637e-05,20,20,1.89662480354,-1.15128719807,41.5200233459,42.0000314713,0,0,0,336.769338144,586212.049139
15.8472222222,0.0138794360682,0.877576828003,2.33033323288,-6.23046216788e-05,5.34062928637e-05,20,20,1.89662480354,-1.15128719807,41.5200233459,42.0000314713,0,0,0,342.960446011,586205.190341
15.8583333333,0.014103657566,0.882061123848,2.32920336723,-6.2392646214e-05,5.34062928637e-05,20,20,1.89662480354,-1.15128719807,41.5200233459,42.0000314713,0,0,0,349.231447356,586198.261377
15.8694444444,0.0143299130723,0.886585772038,2.32806324959,-6.04221349931e-05,5.34062928637e-05,20,20,1.89662480354,-1.15128719807,41.5200233459,42.0000314713,0,0,0,355.582682584,586191.23418
15.8805555556,0.0145582119003,0.891151726246,2.32691431046,-5.52059937036e-05,5.34062928637e-05,20,20,1.89662480354,-1.15128719807,41.5200233459,42.0000314713,0,0,0,362.014998814,586184.173653
15.8916666667,0.0147885615006,0.895758211613,2.32575559616,-6.81695091771e-05,5.34062928637e-05,20,20,1.89662480354,-1.15128719807,41.5200233459,42.0000314713,0,0,0,368.529352629,586177.002029
15.9027777778,0.01502095256,0.900405526161,2.32458496094,-7.97365501057e-05,5.34062928637e-05,20,20,1.89662480354,-1.15128719807,41.5200233459,42.0000314713,0,0,0,375.131160733,586169.580027
15.9138888889,0.0152553617954,0.905093312263,2.32340693474,-8.87327623786e-05,5.34062928637e-05,20,20,1.89662480354,-1.15128719807,41.5200233459,42.0000314713,0,0,0,381.812958536,586161.960272
15.925,0.015491890721,0.909824728966,2.32221794128,-8.23240843602e-05,5.34062928637e-05,20,20,1.89662480354,-1.15128719807,41.5200233459,42.0000314713,0,0,0,388.577494903,586154.636854
15.9361111111,0.0157305207103,0.914597153664,2.32101416588,-7.1201910032e-05,5.34062928637e-05,20,20,1.89662480354,-1.15128719807,41.5200233459,42.0000314713,0,0,0,395.430614929,586147.043763
15.9472222222,0.0159712433815,0.919411122799,2.31979990005,-6.10555507592e-05,5.34062928637e-05,20,20,1.89662480354,-1.15128719807,41.5200233459,42.0000314713,0,0,0,402.371177057,586139.344369
15.9583333333,0.0162140782923,0.924267172813,2.31857252121,-6.55811381876e-05,5.34062928637e-05,20,20,1.89662480354,-1.15128719807,41.5200233459,42.0000314713,0,0,0,409.398677232,586131.596091
15.9694444444,0.0164589844644,0.929164648056,2.31733417511,-6.82835234329e-05,5.34062928637e-05,20,20,1.89662480354,-1.15128719807,41.5200233459,42.0000314713,0,0,0,416.514851012,586123.684677
15.9805555556,0.0167060066015,0.934104382992,2.3160867691,-6.90289380145e-05,5.34062928637e-05,20,20,1.89662480354,-1.15128719807,41.5200233459,42.0000314713,0,0,0,423.720662018,586115.730812
15.9916666667,0.0169551540166,0.939086675644,2.31482934952,-6.68050270178e-05,5.34062928637e-05,20,20,1.89662480354,-1.15128719807,41.5200233459,42.0000314713,0,0,0,431.016678019,586107.6593
16.0027777778,0.0172064341605,0.944111406803,2.31356167793,-6.21066355961e-05,5.34062928637e-05,20,20,1.89662480354,-1.15128719807,41.5200233459,42.0000314713,0,0,0,438.404813184,586099.530369
16.0138888889,0.017459852621,0.949178993702,2.31228280067,-6.93789916113e-05,5.34062928637e-05,20,20,1.89662480354,-1.15128719807,41.5200233459,42.0000314713,0,0,0,445.885187341,586091.28461
16.025,0.0177154168487,0.95428943634,2.31099414825,-8.06415264378e-05,5.34062928637e-05,20,20,1.89662480354,-1.15128719807,41.5200233459,42.0000314713,0,0,0,453.458989117,586083.002949
16.0361111111,0.0179731380194,0.959443211555,2.3096973896,-9.0395922598e-05,5.34062928637e-05,20,20,1.89662480354,-1.15128719807,41.5200233459,42.0000314713,0,0,0,461.126568446,586074.646093
16.0472222222,0.0182330161333,0.964639902115,2.30838632584,-8.2918573753e-05,5.34062928637e-05,20,20,1.89662480354,-1.15128719807,41.5200233459,42.0000314713,0,0,0,468.890296042,586066.060376
16.0583333333,0.0184950679541,0.969880104065,2.30706143379,-7.04368503648e-05,5.34062928637e-05,20,20,1.89662480354,-1.15128719807,41.5200233459,42.0000314713,0,0,0,476.750835996,586057.399465
16.0694444444,0.0187593065202,0.975163459778,2.30572247505,-6.12399599049e-05,5.34062928637e-05,20,20,1.89662480354,-1.15128719807,41.5200233459,42.0000314713,0,0,0,484.708226348,586048.539748
16.0805555556,0.0190257281065,0.980490684509,2.30437421799,-6.12399599049e-05,5.34062928637e-05,20,20,1.89662480354,-1.15128719807,41.5200233459,42.0000314713,0,0,0,492.764991038,586039.597585
16.0916666667,0.0192943550646,0.985862255096,2.30301332474,-6.12399599049e-05,5.34062928637e-05,20,20,1.89662480354,-1.15128719807,41.5200233459,42.0000314713,0,0,0,500.921213528,586030.52269
16.1027777778,0.0195651873946,0.991277813911,2.30164313316,-6.12399599049e-05,5.34062928637e-05,20,20,1.89662480354,-1.15128719807,41.5200233459,42.0000314713,0,0,0,509.178144592,586021.358917
16.1138888889,0.0198382418603,0.996737837791,2.30026364326,-6.12399599049e-05,5.34062928637e-05,20,20,1.89662480354,-1.15128719807,41.5200233459,42.0000314713,0,0,0,517.536483876,586012.122054
16.125,0.0201135240495,1.00224220753,2.29887247086,-6.12399599049e-05,5.34062928637e-05,20,20,1.89662480354,-1.15128719807,41.5200233459,42.0000314713,0,0,0,525.999748809,586002.76123
16.1361111111,0.0203910395503,1.00779139996,2.29747104645,-6.12399599049e-05,5.34062928637e-05,20,20,1.89662480354,-1.15128719807,41.5200233459,42.0000314713,0,0,0,534.566795336,585993.347196
16.1472222222,0.0206707976758,1.01338541508,2.2960562706,-6.12399599049e-05,5.34062928637e-05,20,20,1.89662480354,-1.15128719807,41.5200233459,42.0000314713,0,0,0,543.240142309,585983.832589
16.1583333333,0.0209528133273,1.0190243721,2.29463171959,-6.12399599049e-05,5.34062928637e-05,20,20,1.89662480354,-1.15128719807,41.5200233459,42.0000314713,0,0,0,552.018767375,585974.246062
16.1694444444,0.0212370883673,1.02470874786,2.29319524765,-6.12399599049e-05,5.34062928637e-05,20,20,1.89662480354,-1.15128719807,41.5200233459,42.0000314713,0,0,0,560.905461174,585964.520956
16.1805555556,0.0215236395597,1.03043842316,2.29174590111,-6.12399599049e-05,5.34062928637e-05,20,20,1.89662480354,-1.15128719807,41.5200233459,42.0000314713,0,0,0,569.900908671,585954.619731
16.1916666667,0.0218124762177,1.03621375561,2.29028487206,-6.12399599049e-05,5.34062928637e-05,20,20,1.89662480354,-1.15128719807,41.5200233459,42.0000314713,0,0,0,579.006658352,585944.576536
16.2027777778,0.0221036113799,1.04203498363,2.28881072998,-6.12399599049e-05,5.34062928637e-05,20,20,1.89662480354,-1.15128719807,41.5200233459,42.0000314713,0,0,0,588.224638638,585934.495919
16.2138888889,0.0223970413208,1.04790210724,2.28732132912,-6.12399599049e-05,5.34062928637e-05,20,20,1.89662480354,-1.15128719807,41.5200233459,42.0000314713,0,0,0,597.55446864,585924.183518
16.225,0.0226927865297,1.05381548405,2.2858247757,-6.12399599049e-05,5.34062928637e-05,20,20,1.89662480354,-1.15128719807,41.5200233459,42.0000314713,0,0,0,606.998351257,585913.877197
16.2361111111,0.0229908507317,1.05977523327,2.28431582451,-6.12399599049e-05,5.34062928637e-05,20,20,1.89662480354,-1.15128719807,41.5200233459,42.0000314713,0,0,0,616.557752904,585903.383181
16.2472222222,0.0232912469655,1.06578159332,2.28279685974,-6.12399599049e-05,5.34062928637e-05,20,20,1.89662480354,-1.15128719807,41.5200233459,42.0000314713,0,0,0,626.231027519,585892.836306
16.2583333333,0.0235939938575,1.07183492184,2.28126382828,-6.12399599049e-05,5.34062928637e-05,20,20,1.89662480354,-1.15128719807,41.5200233459,42.0000314713,0,0,0,636.022328328,585882.182661
16.2694444444,0.0238990858197,1.07793498039,2.27971863747,-6.12399599049e-05,5.34062928637e-05,20,20,1.89662480354,-1.15128719807,41.5200233459,42.0000314713,0,0,0,645.93236621,585871.345413
16.2805555556,0.0242065433413,1.08408224583,2.2781624794,-6.99336669641e-05,5.34062928637e-05,20,20,1.89662480354,-1.15128719807,41.5200233459,42.0000314713,0,0,0,655.963231673,585860.384204
16.2916666667,0.024516377598,1.09027707577,2.27659273148,-6.99336669641e-05,5.34062928637e-05,20,20,1.89662480354,-1.15128719807,41.5200233459,42.0000314713,0,0,0,666.114926995,585849.266874
16.3027777778,0.0248285904527,1.09651935101,2.27501177788,-6.14303498878e-05,5.34062928637e-05,20,20,1.89662480354,-1.15128719807,41.5200233459,42.0000314713,0,0,0,676.389973124,585838.016812
16.3138888889,0.0251431893557,1.10280942917,2.27341723442,-6.22379375272e-05,5.34062928637e-05,20,20,1.89662480354,-1.15128719807,41.5200233459,42.0000314713,0,0,0,686.789098698,585826.650391
16.325,0.0254602041095,1.10914754868,2.27180743217,-6.60384903313e-05,5.34062928637e-05,20,20,1.89662480354,-1.15128719807,41.5200233459,42.0000314713,0,0,0,697.314530681,585815.107383
16.3361111111,0.0257796328515,1.11553394794,2.27018761635,-6.71975576552e-05,5.34062928637e-05,20,20,1.89662480354,-1.15128719807,41.5200233459,42.0000314713,0,0,0,707.967004392,585803.46965
16.3472222222,0.0261014848948,1.12196886539,2.26855540276,-6.44389001536e-05,5.34062928637e-05,20,20,1.89662480354,-1.15128719807,41.5200233459,42.0000314713,0,0,0,718.748502557,585791.727837
16.3583333333,0.0264257770032,1.12845253944,2.2669107914,-5.82897300774e-05,5.34062928637e-05,20,20,1.89662480354,-1.15128719807,41.5200233459,42.0000314713,0,0,0,729.66003712,585779.816454
16.3694444444,0.0267525147647,1.13498485088,2.26525425911,-6.73087270116e-05,5.34062928637e-05,20,20,1.89662480354,-1.15128719807,41.5200233459,42.0000314713,0,0,0,740.702416673,585767.794559
16.3805555556,0.0270817037672,1.14156627655,2.2635846138,-7.75482913014e-05,5.34062928637e-05,20,20,1.89662480354,-1.15128719807,41.5200233459,42.0000314713,0,0,0,751.87830801,585755.656889
16.3916666667,0.027413373813,1.14819717407,2.26190328598,-7.96026943135e-05,5.34062928637e-05,20,20,1.89662480354,-1.15128719807,41.5200233459,42.0000314713,0,0,0,763.188484778,585743.385317
16.4027777778,0.0277475193143,1.15487790108,2.26020789146,-7.17096845619e-05,5.34062928637e-05,20,20,1.89662480354,-1.15128719807,41.5200233459,42.0000314713,0,0,0,774.635018183,585730.931312
16.4138888889,0.0280841570348,1.16160821915,2.25849890709,-6.16741599515e-05,5.34062928637e-05,20,20,1.89662480354,-1.15128719807,41.5200233459,42.0000314713,0,0,0,786.218972301,585718.278385
16.425,0.0284232962877,1.16838812828,2.25677490234,-5.75159720029e-05,5.34062928637e-05,20,20,1.89662480354,-1.15128719807,41.5200233459,42.0000314713,0,0,0,797.94212783,585705.495181
16.4361111111,0.0287649519742,1.17521858215,2.25503587723,-5.75159720029e-05,5.34062928637e-05,20,20,1.89662480354,-1.15128719807,41.5200233459,42.0000314713,0,0,0,809.805698588,585692.549425
16.4472222222,0.0291091296822,1.18209934235,2.25328731537,-5.75159720029e-05,5.34062928637e-05,20,20,1.89662480354,-1.15128719807,41.5200233459,42.0000314713,0,0,0,821.811994684,585679.48497
16.4583333333,0.0294558517635,1.18903064728,2.25152587891,-5.75159720029e-05,5.34062928637e-05,20,20,1.89662480354,-1.15128719807,41.5200233459,42.0000314713,0,0,0,833.961794497,585666.248022
16.4694444444,0.0298051182181,1.19601297379,2.24975252151,-5.75159720029e-05,5.34062928637e-05,20,20,1.89662480354,-1.15128719807,41.5200233459,42.0000314713,0,0,0,846.257673042,585652.937516
16.4805555556,0.0301569476724,1.20304632187,2.24796485901,-5.75159720029e-05,5.34062928637e-05,20,20,1.89662480354,-1.15128719807,41.5200233459,42.0000314713,0,0,0,858.700723972,585639.479543
16.4916666667,0.0305113513023,1.21013116837,2.24616384506,-5.75159720029e-05,5.34062928637e-05,20,20,1.89662480354,-1.15128719807,41.5200233459,42.0000314713,0,0,0,871.293021452,585625.851182
16.5027777778,0.0308683309704,1.21726751328,2.24434900284,-5.75159720029e-05,5.34062928637e-05,20,20,1.89662480354,-1.15128719807,41.5200233459,42.0000314713,0,0,0,884.03610034,585612.031266
16.5138888889,0.0312279202044,1.22445559502,2.24252176285,-5.75159720029e-05,5.34062928637e-05,20,20,1.89662480354,-1.15128719807,41.5200233459,42.0000314713,0,0,0,896.930170021,585598.035349
16.525,0.0315901190042,1.23169589043,2.24067974091,-5.75159720029e-05,5.34062928637e-05,20,20,1.89662480354,-1.15128719807,41.5200233459,42.0000314713,0,0,0,909.97918554,585583.823085
16.5361111111,0.0319549292326,1.23898851871,2.23882436752,-5.75159720029e-05,5.34062928637e-05,20,20,1.89662480354,-1.15128719807,41.5200233459,42.0000314713,0,0,0,923.183743452,585569.51399
16.5472222222,0.0323223695159,1.24633336067,2.23695468903,-6.46031840006e-05,5.34062928637e-05,20,20,1.89662480354,-1.15128719807,41.5200233459,42.0000314713,0,0,0,936.545402217,585554.978725
16.5583333333,0.0326924622059,1.25373077393,2.23507165909,-6.72379610478e-05,5.34062928637e-05,20,20,1.89662480354,-1.15128719807,41.5200233459,42.0000314713,0,0,0,950.065923364,585540.298683
16.5694444444,0.0330652110279,1.26118159294,2.23317456245,-6.58295321045e-05,5.34062928637e-05,20,20,1.89662480354,-1.15128719807,41.5200233459,42.0000314713,0,0,0,963.748071969,585525.455504
16.5805555556,0.0334406346083,1.26868581772,2.23126363754,-6.04181805102e-05,5.34062928637e-05,20,20,1.89662480354,-1.15128719807,41.5200233459,42.0000314713,0,0,0,977.592768648,585510.478422
16.5916666667,0.0338187329471,1.27624344826,2.22934007645,-7.26633224986e-05,5.34062928637e-05,20,20,1.89662480354,-1.15128719807,41.5200233459,42.0000314713,0,0,0,991.602194671,585495.352237
16.6027777778,0.0341995321214,1.2838550806,2.2274017334,-7.98873152235e-05,5.34062928637e-05,20,20,1.89662480354,-1.15128719807,41.5200233459,42.0000314713,0,0,0,1005.77851837,585480.074024
16.6138888889,0.0345830433071,1.29152131081,2.22544813156,-7.98873152235e-05,5.34062928637e-05,20,20,1.89662480354,-1.15128719807,41.5200233459,42.0000314713,0,0,0,1020.12350713,585464.611039
16.625,0.034969266504,1.2992413044,2.22348213196,-7.08314400981e-05,5.34062928637e-05,20,20,1.89662480354,-1.15128719807,41.5200233459,42.0000314713,0,0,0,1034.63850323,585448.916153
16.6361111111,0.0353582277894,1.30701565742,2.2214987278,-6.16681936663e-05,5.34062928637e-05,20,20,1.89662480354,-1.15128719807,41.5200233459,42.0000314713,0,0,0,1049.32646236,585433.02293
16.6472222222,0.0357499420643,1.31484508514,2.2195019722,-6.16681936663e-05,5.34062928637e-05,20,20,1.89662480354,-1.15128719807,41.5200233459,42.0000314713,0,0,0,1064.18837261,585416.956511
16.6583333333,0.0361444205046,1.32272934914,2.21748685837,-6.16681936663e-05,5.34062928637e-05,20,20,1.89662480354,-1.15128719807,41.5200233459,42.0000314713,0,0,0,1079.22736223,585400.664624
16.6694444444,0.0365416631103,1.33066892624,2.21546149254,-6.16681936663e-05,5.34062928637e-05,20,20,1.89662480354,-1.15128719807,41.5200233459,42.0000314713,0,0,0,1094.44411612,585384.222229
16.6805555556,0.0369416885078,1.33866405487,2.21342277527,-6.16681936663e-05,5.34062928637e-05,20,20,1.89662480354,-1.15128719807,41.5200233459,42.0000314713,0,0,0,1109.84174154,585367.623129
16.6916666667,0.0373445078731,1.34671497345,2.21136832237,-6.16681936663e-05,5.34062928637e-05,20,20,1.89662480354,-1.15128719807,41.5200233459,42.0000314713,0,0,0,1125.42151137,585350.856915
16.7027777778,0.0377501584589,1.35482227802,2.2093000412,-6.71653469908e-05,5.34062928637e-05,20,20,1.89662480354,-1.15128719807,41.5200233459,42.0000314713,0,0,0,1141.1860105,585333.887101
16.7138888889,0.0381586253643,1.36298573017,2.20721673965,-7.93812796474e-05,5.34062928637e-05,20,20,1.89662480354,-1.15128719807,41.5200233459,42.0000314713,0,0,0,1157.13653818,585316.732983
16.725,0.0385699346662,1.37120556831,2.20512104034,-8.23278314783e-05,5.34062928637e-05,20,20,1.89662480354,-1.15128719807,41.5200233459,42.0000314713,0,0,0,1173.27606563,585299.333866
16.7361111111,0.0389841012657,1.37948226929,2.20300722122,-7.25554855308e-05,5.34062928637e-05,20,20,1.89662480354,-1.15128719807,41.5200233459,42.0000314713,0,0,0,1189.60717257,585281.669987
16.7472222222,0.0394011363387,1.38781642914,2.20087504387,-7.20639145584e-05,5.34062928637e-05,20,20,1.89662480354,-1.15128719807,41.5200233459,42.0000314713,0,0,0,1206.1304107,585263.768126
16.7583333333,0.0398210547864,1.39620804787,2.19872975349,-7.37313021091e-05,5.34062928637e-05,20,20,1.89662480354,-1.15128719807,41.5200233459,42.0000314713,0,0,0,1222.84935307,585245.690848
16.7694444444,0.04024387151,1.40465784073,2.19656872749,-7.2168179031e-05,5.34062928637e-05,20,20,1.89662480354,-1.15128719807,41.5200233459,42.0000314713,0,0,0,1239.76615691,585227.428798
16.7805555556,0.0406696014106,1.41316640377,2.19439268112,-6.82830650476e-05,5.34062928637e-05,20,20,1.89662480354,-1.15128719807,41.5200233459,42.0000314713,0,0,0,1256.88244432,585209.05916
16.7916666667,0.0410982519388,1.42173266411,2.19220352173,-6.50999136269e-05,5.34062928637e-05,20,20,1.89662480354,-1.15128719807,41.5200233459,42.0000314713,0,0,0,1274.20050357,585190.472004
16.8027777778,0.0415298454463,1.43035697937,2.18999743462,-6.50999136269e-05,5.34062928637e-05,20,20,1.89662480354,-1.15128719807,41.5200233459,42.0000314713,0,0,0,1291.72420051,585171.684874
16.8138888889,0.0419643931091,1.43904042244,2.18777632713,-6.50999136269e-05,5.34062928637e-05,20,20,1.89662480354,-1.15128719807,41.5200233459,42.0000314713,0,0,0,1309.45384019,585152.690401
16.825,0.0424019061029,1.44778287411,2.18553900719,-6.50999136269e-05,5.34062928637e-05,20,20,1.89662480354,-1.15128719807,41.5200233459,42.0000314713,0,0,0,1327.39297545,585133.372928
16.8361111111,0.0428423956037,1.456584692,2.18328619003,-6.50999136269e-05,5.34062928637e-05,20,20,1.89662480354,-1.15128719807,41.5200233459,42.0000314713,0,0,0,1345.54418811,585113.865654
16.8472222222,0.0432858876884,1.46544647217,2.18101644516,-6.81263918523e-05,5.34062928637e-05,20,20,1.89662480354,-1.15128719807,41.5200233459,42.0000314713,0,0,0,1363.90922586,585094.121334
16.8583333333,0.043732393533,1.47436785698,2.1787314415,-7.43196578696e-05,5.34062928637e-05,20,20,1.89662480354,-1.15128719807,41.5200233459,42.0000314713,0,0,0,1382.48948256,585074.12839
16.8694444444,0.0441819354892,1.48334884644,2.17643070221,-7.7667660662e-05,5.34062928637e-05,20,20,1.89662480354,-1.15128719807,41.5200233459,42.0000314713,0,0,0,1401.28970435,585053.868345
16.8805555556,0.044634513557,1.49239110947,2.17411375046,-7.61407209211e-05,5.34062928637e-05,20,20,1.89662480354,-1.15128719807,41.5200233459,42.0000314713,0,0,0,1420.31119614,585033.434988
16.8916666667,0.0450901500881,1.50149464607,2.17178058624,-7.28770319256e-05,5.34062928637e-05,20,20,1.89662480354,-1.15128719807,41.5200233459,42.0000314713,0,0,0,1439.55682422,585012.810895
16.9027777778,0.045548863709,1.51066029072,2.1694316864,-8.32778459881e-05,5.34062928637e-05,20,20,1.89662480354,-1.15128719807,41.5200233459,42.0000314713,0,0,0,1459.02792369,584992.038633
16.9138888889,0.0460105724633,1.51988601685,2.16706752777,-9.09775117179e-05,5.34062928637e-05,20,20,1.89662480354,-1.15128719807,41.5200233459,42.0000314713,0,0,0,1478.73929431,584970.639082
16.925,0.0464754328132,1.52917337418,2.16468763351,-8.68955103215e-05,5.34062928637e-05,20,20,1.89662480354,-1.15128719807,41.5200233459,42.0000314713,0,0,0,1498.67055732,584949.252628
16.9361111111,0.0469434484839,1.5385235548,2.16228914261,-7.68492609495e-05,5.34062928637e-05,20,20,1.89662480354,-1.15128719807,41.5200233459,42.0000314713,0,0,0,1518.84169742,584927.654973
16.9472222222,0.0474146269262,1.54793667793,2.15987324715,-7.01263925293e-05,5.34062928637e-05,20,20,1.89662480354,-1.15128719807,41.5200233459,42.0000314713,0,0,0,1539.24939495,584905.801677
16.9583333333,0.0478889420629,1.55741214752,2.15743899345,-7.40903342376e-05,5.34062928637e-05,20,20,1.89662480354,-1.15128719807,41.5200233459,42.0000314713,0,0,0,1559.89650122,584883.655553
16.9694444444,0.0483664125204,1.56695055962,2.15499019623,-7.60518014431e-05,5.34062928637e-05,20,20,1.89662480354,-1.15128719807,41.5200233459,42.0000314713,0,0,0,1580.78709523,584861.328164
16.9805555556,0.0488470643759,1.57655107975,2.1525247097,-7.51445622882e-05,5.34062928637e-05,20,20,1.89662480354,-1.15128719807,41.5200233459,42.0000314713,0,0,0,1601.9243596,584838.641523
16.9916666667,0.0493309311569,1.58621525764,2.15004253387,-7.47598533053e-05,5.34062928637e-05,20,20,1.89662480354,-1.15128719807,41.5200233459,42.0000314713,0,0,0,1623.30909009,584815.662169
17.0027777778,0.0498179979622,1.59594535828,2.14754271507,-8.43531524879e-05,5.34062928637e-05,20,20,1.89662480354,-1.15128719807,41.5200233459,42.0000314713,0,0,0,1644.94500821,584792.616158
17.0138888889,0.0503083094954,1.60574030876,2.14502596855,-8.78117280081e-05,5.34062928637e-05,20,20,1.89662480354,-1.15128719807,41.5200233459,42.0000314713,0,0,0,1666.83850462,584769.362219
17.025,0.0508018657565,1.61559987068,2.14249372482,-8.29439013614e-05,5.34062928637e-05,20,20,1.89662480354,-1.15128719807,41.5200233459,42.0000314713,0,0,0,1688.98644017,584745.803756
17.0361111111,0.0512986890972,1.6255235672,2.13994216919,-7.03888508724e-05,5.34062928637e-05,20,20,1.89662480354,-1.15128719807,41.5200233459,42.0000314713,0,0,0,1711.39615667,584721.865927
17.0472222222,0.0517987981439,1.63551235199,2.13737154007,-7.03888508724e-05,5.34062928637e-05,20,20,1.89662480354,-1.15128719807,41.5200233459,42.0000314713,0,0,0,1734.06696514,584697.654447
17.0583333333,0.0523021928966,1.64556670189,2.13478326797,-7.61047267588e-05,5.34062928637e-05,20,20,1.89662480354,-1.15128719807,41.5200233459,42.0000314713,0,0,0,1757.00432699,584673.167446
17.0694444444,0.0528089106083,1.65568709373,2.13217830658,-7.75666412665e-05,5.34062928637e-05,20,20,1.89662480354,-1.15128719807,41.5200233459,42.0000314713,0,0,0,1780.20888061,584648.427846
17.0805555556,0.0533189624548,1.66587233543,2.1295568943,-7.55031505832e-05,5.34062928637e-05,20,20,1.89662480354,-1.15128719807,41.5200233459,42.0000314713,0,0,0,1803.68875624,584623.283617
17.0916666667,0.0538323633373,1.67612457275,2.12691664696,-8.38279665913e-05,5.34062928637e-05,20,20,1.89662480354,-1.15128719807,41.5200233459,42.0000314713,0,0,0,1827.44381012,584597.897665
17.1027777778,0.0543491318822,1.68644571304,2.12425851822,-9.19730882742e-05,5.34062928637e-05,20,20,1.89662480354,-1.15128719807,41.5200233459,42.0000314713,0,0,0,1851.47469653,584572.397926
17.1138888889,0.0548692569137,1.69683432579,2.12158417702,-9.10136877792e-05,5.34062928637e-05,20,20,1.89662480354,-1.15128719807,41.5200233459,42.0000314713,0,0,0,1875.79031549,584546.544313
17.125,0.0553928129375,1.70728969574,2.11889076233,-8.13406441011e-05,5.34062928637e-05,20,20,1.89662480354,-1.15128719807,41.5200233459,42.0000314713,0,0,0,1900.38986102,584520.395766
17.1361111111,0.0559197813272,1.71781277657,2.11617684364,-7.54747306928e-05,5.34062928637e-05,20,20,1.89662480354,-1.15128719807,41.5200233459,42.0000314713,0,0,0,1925.2766908,584493.882821
17.1472222222,0.0564501807094,1.7284040451,2.11344265938,-8.12845973996e-05,5.34062928637e-05,20,20,1.89662480354,-1.15128719807,41.5200233459,42.0000314713,0,0,0,1950.45456178,584467.040092
17.1583333333,0.0569840483367,1.73906385899,2.11069297791,-8.38731939439e-05,5.34062928637e-05,20,20,1.89662480354,-1.15128719807,41.5200233459,42.0000314713,0,0,0,1975.92689167,584439.886525
17.1694444444,0.0575213804841,1.74979162216,2.10792541504,-8.41865621624e-05,5.34062928637e-05,20,20,1.89662480354,-1.15128719807,41.5200233459,42.0000314713,0,0,0,2001.69828208,584412.420249
17.1805555556,0.0580621995032,1.76058888435,2.10513877869,-8.19582855911e-05,5.34062928637e-05,20,20,1.89662480354,-1.15128719807,41.5200233459,42.0000314713,0,0,0,2027.77460778,584384.595655
17.1916666667,0.0586065202951,1.77145767212,2.10233259201,-9.21835089684e-05,5.34062928637e-05,20,20,1.89662480354,-1.15128719807,41.5200233459,42.0000314713,0,0,0,2054.15795173,584356.608041
17.2027777778,0.0591543316841,1.78239583969,2.09950947762,-9.8998330941e-05,5.34062928637e-05,20,20,1.89662480354,-1.15128719807,41.5200233459,42.0000314713,0,0,0,2080.84883863,584328.111952
17.2138888889,0.0597057044506,1.79340386391,2.0966668129,-9.07141220523e-05,5.34062928637e-05,20,20,1.89662480354,-1.15128719807,41.5200233459,42.0000314713,0,0,0,2107.84849869,584299.372853
17.225,0.0602606832981,1.80448353291,2.09380340576,-7.82578863436e-05,5.34062928637e-05,20,20,1.89662480354,-1.15128719807,41.5200233459,42.0000314713,0,0,0,2135.16487691,584270.356128
17.2361111111,0.0608192235231,1.81563389301,2.0909204483,-8.53704841575e-05,5.34062928637e-05,20,20,1.89662480354,-1.15128719807,41.5200233459,42.0000314713,0,0,0,2162.80006174,584240.988804
17.2472222222,0.061381381005,1.82685494423,2.08801698685,-9.01219755178e-05,5.34062928637e-05,20,20,1.89662480354,-1.15128719807,41.5200233459,42.0000314713,0,0,0,2190.76012299,584211.208198
17.2583333333,0.0619471371174,1.83814787865,2.08509612083,-8.81493688212e-05,5.34062928637e-05,20,20,1.89662480354,-1.15128719807,41.5200233459,42.0000314713,0,0,0,2219.04684755,584181.132191
17.2694444444,0.0625165477395,1.84951472282,2.08215618134,-8.16334213596e-05,5.34062928637e-05,20,20,1.89662480354,-1.15128719807,41.5200233459,42.0000314713,0,0,0,2247.66659327,584150.867435
17.2805555556,0.0630896016955,1.8609534502,2.07919573784,-8.70117801242e-05,5.34062928637e-05,20,20,1.89662480354,-1.15128719807,41.5200233459,42.0000314713,0,0,0,2276.61500483,584120.187995
17.2916666667,0.0636663511395,1.87246501446,2.07621645927,-9.71197150648e-05,5.34062928637e-05,20,20,1.89662480354,-1.15128719807,41.5200233459,42.0000314713,0,0,0,2305.90733694,584089.1769
17.3027777778,0.0642467737198,1.88404989243,2.07321834564,-9.47015869315e-05,5.34062928637e-05,20,20,1.89662480354,-1.15128719807,41.5200233459,42.0000314713,0,0,0,2335.53865258,584057.770299
17.3138888889,0.0648309141397,1.89570832253,2.07019805908,-8.55587277329e-05,5.34062928637e-05,20,20,1.89662480354,-1.15128719807,41.5200233459,42.0000314713,0,0,0,2365.51813331,584025.969596
17.325,0.0654188171029,1.90743994713,2.06715798378,-8.60727086547e-05,5.34062928637e-05,20,20,1.89662480354,-1.15128719807,41.5200233459,42.0000314713,0,0,0,2395.84397353,583993.716084
17.3361111111,0.0660104602575,1.91924715042,2.06409406662,-8.69309224072e-05,5.34062928637e-05,20,20,1.89662480354,-1.15128719807,41.5200233459,42.0000314713,0,0,0,2426.52578674,583961.180503
17.3472222222,0.0666058585048,1.93113064766,2.06101298332,-8.5485240561e-05,5.34062928637e-05,20,20,1.89662480354,-1.15128719807,41.5200233459,42.0000314713,0,0,0,2457.56846236,583928.446115
17.3583333333,0.0672050714493,1.94308817387,2.05791139603,-8.11327263364e-05,5.34062928637e-05,20,20,1.89662480354,-1.15128719807,41.5200233459,42.0000314713,0,0,0,2488.97334302,583895.239741
17.3694444444,0.0678080692887,1.95512080193,2.05478954315,-8.97886493476e-05,5.34062928637e-05,20,20,1.89662480354,-1.15128719807,41.5200233459,42.0000314713,0,0,0,2520.74142678,583861.635989
17.3805555556,0.0684149041772,1.96722793579,2.05164766312,-0.000102213816717,5.34062928637e-05,20,20,1.89662480354,-1.15128719807,41.5200233459,42.0000314713,0,0,0,2552.88438262,583827.430207
17.3916666667,0.0690254941583,1.97940969467,2.04848527908,-9.89429536276e-05,5.34062928637e-05,20,20,1.89662480354,-1.15128719807,41.5200233459,42.0000314713,0,0,0,2585.39881468,583792.382894
17.4027777778,0.0696400925517,1.99167323112,2.0453016758,-8.74886609381e-05,5.34062928637e-05,20,20,1.89662480354,-1.15128719807,41.5200233459,42.0000314713,0,0,0,2618.29566846,583757.811544
17.4138888889,0.0702585801482,2.00401258469,2.04209280014,-8.08123295428e-05,5.34062928637e-05,20,20,1.89662480354,-1.15128719807,41.5200233459,42.0000314713,0,0,0,2651.57446984,583722.551392
17.425,0.0708809792995,2.01643061638,2.03886508942,-8.45815666253e-05,5.34062928637e-05,20,20,1.89662480354,-1.15128719807,41.5200233459,42.0000314713,0,0,0,2685.24009406,583687.058053
17.4361111111,0.0715072974563,2.02892518044,2.03561687469,-8.62813685671e-05,5.34062928637e-05,20,20,1.89662480354,-1.15128719807,41.5200233459,42.0000314713,0,0,0,2719.30542166,583651.075652
17.4472222222,0.0721375793219,2.04149675369,2.03234672546,-8.40031570988e-05,5.34062928637e-05,20,20,1.89662480354,-1.15128719807,41.5200233459,42.0000314713,0,0,0,2753.76098762,583614.551331
17.4583333333,0.0727718248963,2.05414843559,2.0290555954,-8.48653871799e-05,5.34062928637e-05,20,20,1.89662480354,-1.15128719807,41.5200233459,42.0000314713,0,0,0,2788.6276366,583577.752425
17.4694444444,0.0734101086855,2.06688046455,2.0257422924,-9.44507555687e-05,5.34062928637e-05,20,20,1.89662480354,-1.15128719807,41.5200233459,42.0000314713,0,0,0,2823.90080973,583540.610404
17.4805555556,0.0740523934364,2.07969141006,2.02240824699,-9.60566758295e-05,5.34062928637e-05,20,20,1.89662480354,-1.15128719807,41.5200233459,42.0000314713,0,0,0,2859.57521961,583502.99312
17.4916666667,0.0746987164021,2.09258127213,2.01905155182,-8.63480890985e-05,5.34062928637e-05,20,20,1.89662480354,-1.15128719807,41.5200233459,42.0000314713,0,0,0,2895.675179,583464.848886
17.5027777778,0.0753491073847,2.1055521965,2.01567220688,-8.20648128865e-05,5.34062928637e-05,20,20,1.89662480354,-1.15128719807,41.5200233459,42.0000314713,0,0,0,2932.18915093,583426.322711
17.5138888889,0.0760035812855,2.11860513687,2.01226806641,-8.32384903333e-05,5.34062928637e-05,20,20,1.89662480354,-1.15128719807,41.5200233459,42.0000314713,0,0,0,2969.13499415,583387.394949
17.525,0.0766621679068,2.13173866272,2.00884437561,-8.25687675388e-05,5.34062928637e-05,20,20,1.89662480354,-1.15128719807,41.5200233459,42.0000314713,0,0,0,3006.50854627,583348.044316
17.5361111111,0.0773248896003,2.14495396614,2.00539827347,-7.99292247393e-05,5.34062928637e-05,20,20,1.89662480354,-1.15128719807,41.5200233459,42.0000314713,0,0,0,3044.31992228,583308.201347
17.5472222222,0.0779917538166,2.15825009346,2.00192952156,-8.87081623659e-05,5.34062928637e-05,20,20,1.89662480354,-1.15128719807,41.5200233459,42.0000314713,0,0,0,3082.568715,583267.819967
17.5583333333,0.0786628127098,2.17162966728,1.99843811989,-9.89912296063e-05,5.34062928637e-05,20,20,1.89662480354,-1.15128719807,41.5200233459,42.0000314713,0,0,0,3121.26113631,583227.099213
17.5694444444,0.0793380439281,2.18509340286,1.99492383003,-9.47979206103e-05,5.34062928637e-05,20,20,1.89662480354,-1.15128719807,41.5200233459,42.0000314713,0,0,0,3160.40519313,583186.007513
17.5805555556,0.0800174996257,2.19863939285,1.99138557911,-8.40315551613e-05,5.34062928637e-05,20,20,1.89662480354,-1.15128719807,41.5200233459,42.0000314713,0,0,0,3200.00038413,583144.260221
17.5916666667,0.0807011947036,2.21226930618,1.98782253265,-8.47422415973e-05,5.34062928637e-05,20,20,1.89662480354,-1.15128719807,41.5200233459,42.0000314713,0,0,0,3240.05805696,583102.057315
17.6027777778,0.0813891589642,2.22598195076,1.98423647881,-8.89963412192e-05,5.36521256436e-05,20,20,1.89662480354,-1.15128719807,41.5200233459,42.0000314713,0,0,0,3280.58697082,583059.303835
17.6138888889,0.082081399858,2.23978066444,1.98062968254,-8.76273334143e-05,5.34062928637e-05,20,20,1.89662480354,-1.15128719807,41.5200233459,42.0000314713,0,0,0,3321.58813822,583016.202795
17.625,0.0827779769897,2.25366449356,1.97699773312,-8.31068609841e-05,5.34062928637e-05,20,20,1.89662480354,-1.15128719807,41.5200233459,42.0000314713,0,0,0,3363.06293079,582972.573402
17.6361111111,0.0834788605571,2.26763391495,1.97334241867,-9.1013214842e-05,5.34062928637e-05,20,20,1.89662480354,-1.15128719807,41.5200233459,42.0000314713,0,0,0,3405.01989596,582928.475996
17.6472222222,0.0841841027141,2.28168916702,1.96966397762,-0.000102935322502,5.34062928637e-05,20,20,1.89662480354,-1.15128719807,41.5200233459,42.0000314713,0,0,0,3447.47142557,582883.866141
17.6583333333,0.0848936513066,2.29582929611,1.96596288681,-9.73251080723e-05,5.34062928637e-05,20,20,1.89662480354,-1.15128719807,41.5200233459,42.0000314713,0,0,0,3490.42065374,582838.488662
17.6694444444,0.0856077000499,2.31006002426,1.96223604679,-8.54893951328e-05,5.34062928637e-05,20,20,1.89662480354,-1.15128719807,41.5200233459,42.0000314713,0,0,0,3533.86644891,582793.065575
17.6805555556,0.0863261669874,2.32437610626,1.95848155022,-8.61587905092e-05,5.34062928637e-05,20,20,1.89662480354,-1.15128719807,41.5200233459,42.0000314713,0,0,0,3577.81601389,582746.84563
17.6916666667,0.087049074471,2.33877849579,1.95470380783,-9.00646264199e-05,5.34062928637e-05,20,20,1.89662480354,-1.15128719807,41.5200233459,42.0000314713,0,0,0,3622.28344481,582699.999096
17.7027777778,0.0877764374018,2.3532705307,1.95090341568,-8.71976735652e-05,5.34062928637e-05,20,20,1.89662480354,-1.15128719807,41.5200233459,42.0000314713,0,0,0,3667.27028617,582652.78255
17.7138888889,0.0885083302855,2.36785125732,1.94707787037,-8.30109129311e-05,5.34062928637e-05,20,20,1.89662480354,-1.15128719807,41.5200233459,42.0000314713,0,0,0,3712.78597958,582605.038585
17.725,0.0892447531223,2.38252139091,1.94322705269,-9.5581941423e-05,5.34062928637e-05,20,20,1.89662480354,-1.15128719807,41.5200233459,42.0000314713,0,0,0,3758.82488763,582556.73586
17.7361111111,0.0899857282639,2.39728116989,1.9393529892,-0.000100452351035,5.34062928637e-05,20,20,1.89662480354,-1.15128719807,41.5200233459,42.0000314713,0,0,0,3805.40528752,582507.926999
17.7472222222,0.0907312631607,2.41213130951,1.93545341492,-9.23033512663e-05,5.34062928637e-05,20,20,1.89662480354,-1.15128719807,41.5200233459,42.0000314713,0,0,0,3852.50900053,582458.550959
17.7583333333,0.0914813950658,2.42707157135,1.93152689934,-8.0155354226e-05,5.34062928637e-05,20,20,1.89662480354,-1.15128719807,41.5200233459,42.0000314713,0,0,0,3900.16505169,582408.57476
17.7694444444,0.0922361463308,2.44210267067,1.92757201195,-8.59860156197e-05,5.34062928637e-05,20,20,1.89662480354,-1.15128719807,41.5200233459,42.0000314713,0,0,0,3948.37624129,582357.960512
17.7805555556,0.0929955691099,2.45722603798,1.9235932827,-8.5872845375e-05,5.34062928637e-05,20,20,1.89662480354,-1.15128719807,41.5200233459,42.0000314713,0,0,0,3997.1483845,582306.824458
17.7916666667,0.0937596485019,2.47244095802,1.91958999634,-8.38078995002e-05,5.34062928637e-05,20,20,1.89662480354,-1.15128719807,41.5200233459,42.0000314713,0,0,0,4046.48861142,582255.157244
17.8027777778,0.0945284292102,2.48774838448,1.91556084156,-7.99137415015e-05,5.34062928637e-05,20,20,1.89662480354,-1.15128719807,41.5200233459,42.0000314713,0,0,0,4096.39776141,582202.890104
17.8138888889,0.0953019112349,2.50314855576,1.91150689125,-8.99439983186e-05,5.34062928637e-05,20,20,1.89662480354,-1.15128719807,41.5200233459,42.0000314713,0,0,0,4146.89130011,582150.028653
17.825,0.0960801839828,2.51864504814,1.9074280262,-9.54346469371e-05,5.34062928637e-05,20,20,1.89662480354,-1.15128719807,41.5200233459,42.0000314713,0,0,0,4197.97425203,582096.852856
17.8361111111,0.0968632176518,2.53423309326,1.90331959724,-8.649888332e-05,5.34062928637e-05,20,20,1.89662480354,-1.15128719807,41.5200233459,42.0000314713,0,0,0,4249.64807142,582042.760215
17.8472222222,0.0976510569453,2.54991292953,1.89918196201,-7.94806110207e-05,5.34062928637e-05,20,20,1.89662480354,-1.15128719807,41.5200233459,42.0000314713,0,0,0,4301.92193199,581987.782305
17.8583333333,0.0984437167645,2.56569004059,1.89501929283,-8.23653972475e-05,5.34062928637e-05,20,20,1.89662480354,-1.15128719807,41.5200233459,42.0000314713,0,0,0,4354.80619509,581932.438359
17.8694444444,0.0992412418127,2.58156251907,1.89083075523,-8.40860448079e-05,5.34062928637e-05,20,20,1.89662480354,-1.15128719807,41.5200233459,42.0000314713,0,0,0,4408.30501704,581876.530741
17.8805555556,0.10004362464,2.59753036499,1.8866147995,-8.33705926198e-05,5.34062928637e-05,20,20,1.89662480354,-1.15128719807,41.5200233459,42.0000314713,0,0,0,4462.42599709,581819.866259
17.8916666667,0.1008509323,2.61359596252,1.88237178326,-8.0014258856e-05,5.34062928637e-05,20,20,1.89662480354,-1.15128719807,41.5200233459,42.0000314713,0,0,0,4517.17359758,581762.746162
17.9027777778,0.101663224399,2.62976074219,1.87810325623,-9.2487258371e-05,5.34062928637e-05,20,20,1.89662480354,-1.15128719807,41.5200233459,42.0000314713,0,0,0,4572.56563591,581705.205532
17.9138888889,0.102480433881,2.64601755142,1.87380719185,-9.87798921415e-05,5.34062928637e-05,20,20,1.89662480354,-1.15128719807,41.5200233459,42.0000314713,0,0,0,4628.59867002,581646.523526
17.925,0.103302627802,2.66237640381,1.8694832325,-8.84773326106e-05,5.34062928637e-05,20,20,1.89662480354,-1.15128719807,41.5200233459,42.0000314713,0,0,0,4685.28275779,581587.470339
17.9361111111,0.104129835963,2.67883181572,1.86512756348,-8.39961212478e-05,5.34062928637e-05,20,20,1.89662480354,-1.15128719807,41.5200233459,42.0000314713,0,0,0,4742.63097555,581527.565328
17.9472222222,0.104962103069,2.69538354874,1.86074304581,-8.39471831569e-05,5.34062928637e-05,20,20,1.89662480354,-1.15128719807,41.5200233459,42.0000314713,0,0,0,4800.64863167,581466.738095
17.9583333333,0.105799466372,2.71203780174,1.85633254051,-8.31200304674e-05,5.34062928637e-05,20,20,1.89662480354,-1.15128719807,41.5200233459,42.0000314713,0,0,0,4859.33367002,581405.472086
17.9694444444,0.10664190352,2.72879099846,1.85189306736,-8.05419185781e-05,5.34062928637e-05,20,20,1.89662480354,-1.15128719807,41.5200233459,42.0000314713,0,0,0,4918.70222161,581343.436817
17.9805555556,0.107489474118,2.74564528465,1.84742593765,-8.43596208142e-05,5.34062928637e-05,20,20,1.89662480354,-1.15128719807,41.5200233459,42.0000314713,0,0,0,4978.76227494,581280.808172
17.9916666667,0.108342185616,2.76260042191,1.8429312706,-9.44075800362e-05,5.34062928637e-05,20,20,1.89662480354,-1.15128719807,41.5200233459,42.0000314713,0,0,0,5039.52197889,581217.477159
18.0027777778,0.109200008214,2.77965521812,1.83840847015,-9.70418550423e-05,5.34062928637e-05,20,20,1.89662480354,-1.15128719807,41.5200233459,42.0000314713,0,0,0,5100.98688626,581153.030965
18.0138888889,0.110063105822,2.79681372643,1.83385467529,-8.60747968545e-05,5.34062928637e-05,20,20,1.89662480354,-1.15128719807,41.5200233459,42.0000314713,0,0,0,5163.15828047,581088.2599
18.025,0.11093147099,2.81407523155,1.8292683363,-8.03072325652e-05,5.34062928637e-05,20,20,1.89662480354,-1.15128719807,41.5200233459,42.0000314713,0,0,0,5226.04976433,581022.650577
18.0361111111,0.11180511117,2.83143949509,1.82465469837,-7.96347812866e-05,5.34062928637e-05,20,20,1.89662480354,-1.15128719807,41.5200233459,42.0000314713,0,0,0,5289.67862525,580956.244629
18.0472222222,0.112684048712,2.84890794754,1.82001173496,-7.79106121627e-05,5.34062928637e-05,20,20,1.89662480354,-1.15128719807,41.5200233459,42.0000314713,0,0,0,5354.03653132,580889.115731
18.0583333333,0.113568343222,2.86648058891,1.81533920765,-7.63507123338e-05,5.34062928637e-05,20,20,1.89662480354,-1.15128719807,41.5200233459,42.0000314713,0,0,0,5419.15843144,580821.255931
18.0694444444,0.114458039403,2.88415884972,1.81063616276,-7.81924754847e-05,5.34062928637e-05,20,20,1.89662480354,-1.15128719807,41.5200233459,42.0000314713,0,0,0,5485.01796373,580752.652832
18.0805555556,0.115353062749,2.90194129944,1.80590415001,-8.94006952876e-05,5.34062928637e-05,20,20,1.89662480354,-1.15128719807,41.5200233459,42.0000314713,0,0,0,5551.64545034,580683.288426
18.0916666667,0.116253480315,2.91982936859,1.80114364624,-9.025241161e-05,5.34062928637e-05,20,20,1.89662480354,-1.15128719807,41.5200233459,42.0000314713,0,0,0,5619.04712024,580613.189374
18.1027777778,0.117159344256,2.93782424927,1.79634869099,-7.84081421443e-05,5.34062928637e-05,20,20,1.89662480354,-1.15128719807,41.5200233459,42.0000314713,0,0,0,5687.22669237,580542.290424
18.1138888889,0.118070684373,2.95592451096,1.79152202606,-7.40417890484e-05,5.34062928637e-05,20,20,1.89662480354,-1.15128719807,41.5200233459,42.0000314713,0,0,0,5756.21311165,580470.382945
18.125,0.118987560272,2.9741332531,1.78666579723,-7.61697301641e-05,5.34062928637e-05,20,20,1.89662480354,-1.15128719807,41.5200233459,42.0000314713,0,0,0,5825.97786313,580397.762574
18.1361111111,0.119909957051,2.99244976044,1.78177893162,-7.63751013437e-05,5.34062928637e-05,20,20,1.89662480354,-1.15128719807,41.5200233459,42.0000314713,0,0,0,5896.56065397,580324.350255
18.1472222222,0.120837919414,3.01087427139,1.77685976028,-7.25709905964e-05,5.34062928637e-05,20,20,1.89662480354,-1.15128719807,41.5200233459,42.0000314713,0,0,0,5967.97358534,580250.03536
18.1583333333,0.121771484613,3.02940797806,1.77190983295,-8.05331292213e-05,5.34062928637e-05,20,20,1.89662480354,-1.15128719807,41.5200233459,42.0000314713,0,0,0,6040.20249186,580174.936937
18.1694444444,0.122710682452,3.04805183411,1.76692962646,-9.15793207241e-05,5.34062928637e-05,20,20,1.89662480354,-1.15128719807,41.5200233459,42.0000314713,0,0,0,6113.27248672,580098.990668
18.1805555556,0.123655512929,3.0668053627,1.76191735268,-8.8509033958e-05,5.34062928637e-05,20,20,1.89662480354,-1.15128719807,41.5200233459,42.0000314713,0,0,0,6187.18478349,580022.189769
18.1916666667,0.124606087804,3.08566975594,1.7568706274,-7.95026135165e-05,5.34062928637e-05,20,20,1.89662480354,-1.15128719807,41.5200233459,42.0000314713,0,0,0,6261.97857224,579944.407707
18.2027777778,0.125562354922,3.10464644432,1.75179123878,-7.29725361452e-05,5.34062928637e-05,20,20,1.89662480354,-1.15128719807,41.5200233459,42.0000314713,0,0,0,6337.60413521,579865.850304
18.2138888889,0.126524373889,3.12373328209,1.74667942524,-8.12366561149e-05,5.34062928637e-05,20,20,1.89662480354,-1.15128719807,41.5200233459,42.0000314713,0,0,0,6414.11115298,579786.282735
18.225,0.127492174506,3.14293432236,1.74153625965,-8.04104638519e-05,5.34062928637e-05,20,20,1.89662480354,-1.15128719807,41.5200233459,42.0000314713,0,0,0,6491.50437635,579705.946608
18.2361111111,0.12846583128,3.16224718094,1.73635995388,-7.93100698502e-05,5.34062928637e-05,20,20,1.89662480354,-1.15128719807,41.5200233459,42.0000314713,0,0,0,6569.79650986,579624.563128
18.2472222222,0.129445314407,3.1816740036,1.73115050793,-8.1626480096e-05,5.34062928637e-05,20,20,1.89662480354,-1.15128719807,41.5200233459,42.0000314713,0,0,0,6648.99142793,579542.355891
18.2583333333,0.130430668592,3.20121574402,1.72591042519,-9.27895744098e-05,5.34062928637e-05,20,20,1.89662480354,-1.15128719807,41.5200233459,42.0000314713,0,0,0,6729.10617058,579459.302211
18.2694444444,0.131421968341,3.22087550163,1.72063708305,-9.32054026634e-05,5.34062928637e-05,20,20,1.89662480354,-1.15128719807,41.5200233459,42.0000314713,0,0,0,6810.15254668,579375.487691
18.2805555556,0.13241918385,3.2406463623,1.71532666683,-8.38327468955e-05,5.34062928637e-05,20,20,1.89662480354,-1.15128719807,41.5200233459,42.0000314713,0,0,0,6892.14509085,579290.38959
18.2916666667,0.13342243433,3.2605342865,1.70998084545,-7.85658703535e-05,5.34062928637e-05,20,20,1.89662480354,-1.15128719807,41.5200233459,42.0000314713,0,0,0,6975.08324258,579204.336053
18.3027777778,0.134431689978,3.28053712845,1.70460152626,-8.40858119773e-05,5.34062928637e-05,20,20,1.89662480354,-1.15128719807,41.5200233459,42.0000314713,0,0,0,7058.99364897,579117.169206
18.3138888889,0.135446965694,3.30065846443,1.69918894768,-8.46967159305e-05,5.34062928637e-05,20,20,1.89662480354,-1.15128719807,41.5200233459,42.0000314713,0,0,0,7143.86417981,579029.166207
18.325,0.136468350887,3.32089614868,1.69374012947,-8.33239682834e-05,5.34062928637e-05,20,20,1.89662480354,-1.15128719807,41.5200233459,42.0000314713,0,0,0,7229.73656962,578940.026041
18.3361111111,0.137495845556,3.34125375748,1.68825793266,-8.19275446702e-05,5.34062928637e-05,20,20,1.89662480354,-1.15128719807,41.5200233459,42.0000314713,0,0,0,7316.57420869,578850.014405
18.3472222222,0.138529494405,3.36172795296,1.68273901939,-9.00413142517e-05,5.34658647666e-05,20,20,1.89662480354,-1.15128719807,41.5200233459,42.0000314713,0,0,0,7404.42413537,578758.789822
18.3583333333,0.139569252729,3.3823223114,1.67718815804,-9.74683280219e-05,5.34062928637e-05,20,20,1.89662480354,-1.15128719807,41.5200233459,42.0000314713,0,0,0,7493.30132692,578666.419653
18.3694444444,0.140615284443,3.40303850174,1.67160058022,-9.14345291676e-05,5.34062928637e-05,20,20,1.89662480354,-1.15128719807,41.5200233459,42.0000314713,0,0,0,7583.19726658,578573.251221
18.3805555556,0.141667619348,3.42387533188,1.66597664356,-8.08297772892e-05,5.34062928637e-05,20,20,1.89662480354,-1.15128719807,41.5200233459,42.0000314713,0,0,0,7674.13668773,578479.046429
18.3916666667,0.142726227641,3.444835186,1.66031658649,-7.8295757703e-05,5.34062928637e-05,20,20,1.89662480354,-1.15128719807,41.5200233459,42.0000314713,0,0,0,7766.12864714,578383.885031
18.4027777778,0.143791139126,3.46591496468,1.65461921692,-8.50529249874e-05,5.34062928637e-05,20,20,1.89662480354,-1.15128719807,41.5200233459,42.0000314713,0,0,0,7859.18629133,578287.486596
18.4138888889,0.144862428308,3.4871172905,1.64888739586,-8.50417782203e-05,5.34062928637e-05,20,20,1.89662480354,-1.15128719807,41.5200233459,42.0000314713,0,0,0,7953.31091137,578190.002684
18.425,0.145940095186,3.5084426403,1.64311873913,-8.17247055238e-05,5.34062928637e-05,20,20,1.89662480354,-1.15128719807,41.5200233459,42.0000314713,0,0,0,8048.51400455,578091.430955
18.4361111111,0.147024214268,3.52989268303,1.6373128891,-8.52087978274e-05,5.34062928637e-05,20,20,1.89662480354,-1.15128719807,41.5200233459,42.0000314713,0,0,0,8144.83532195,577991.758312
18.4472222222,0.148114785552,3.55146884918,1.631472826,-9.644007514e-05,5.34062928637e-05,20,20,1.89662480354,-1.15128719807,41.5200233459,42.0000314713,0,0,0,8242.26943548,577891.138887
18.4583333333,0.149211734533,3.57316350937,1.62559342384,-0.000102886493551,5.34062928637e-05,20,20,1.89662480354,-1.15128719807,41.5200233459,42.0000314713,0,0,0,8340.83188431,577788.480421
18.4694444444,0.150315329432,3.59498882294,1.6196770668,-9.51711772359e-05,5.34062928637e-05,20,20,1.89662480354,-1.15128719807,41.5200233459,42.0000314713,0,0,0,8440.53427657,577685.467145
18.4805555556,0.151425495744,3.61693954468,1.61372101307,-8.34952952573e-05,5.34062928637e-05,20,20,1.89662480354,-1.15128719807,41.5200233459,42.0000314713,0,0,0,8541.38509333,577581.118833
18.4916666667,0.152542322874,3.63902044296,1.60772681236,-8.50465803524e-05,5.34062928637e-05,20,20,1.89662480354,-1.15128719807,41.5200233459,42.0000314713,0,0,0,8643.40178996,577475.765735
18.5027777778,0.153665781021,3.66122579575,1.60169577599,-8.52031662362e-05,5.34062928637e-05,20,20,1.89662480354,-1.15128719807,41.5200233459,42.0000314713,0,0,0,8746.5971681,577369.016321
18.5138888889,0.154795914888,3.68356132507,1.59562635422,-8.25758179417e-05,5.34062928637e-05,20,20,1.89662480354,-1.15128719807,41.5200233459,42.0000314713,0,0,0,8850.98272053,577261.236861
18.525,0.155932769179,3.70602416992,1.58951699734,-7.96094245743e-05,5.34062928637e-05,20,20,1.89662480354,-1.15128719807,41.5200233459,42.0000314713,0,0,0,8956.57130878,577152.104121
18.5361111111,0.157076403499,3.72861552238,1.58336865902,-7.91330967331e-05,5.34062928637e-05,20,20,1.89662480354,-1.15128719807,41.5200233459,42.0000314713,0,0,0,9063.38901815,577041.611552
18.5472222222,0.158226773143,3.75133895874,1.57718396187,-9.09530936042e-05,5.34062928637e-05,20,20,1.89662480354,-1.15128719807,41.5200233459,42.0000314713,0,0,0,9171.44028262,576930.098293
18.5583333333,0.159384012222,3.77419137955,1.57095861435,-0.000101229765278,5.34062928637e-05,20,20,1.89662480354,-1.15128719807,41.5200233459,42.0000314713,0,0,0,9280.73704472,576817.141706
18.5694444444,0.160548120737,3.79717683792,1.56469488144,-9.38417579164e-05,5.34062928637e-05,20,20,1.89662480354,-1.15128719807,41.5200233459,42.0000314713,0,0,0,9391.29684166,576702.98948
18.5805555556,0.161719158292,3.82029533386,1.55838930607,-8.25284369057e-05,5.34062928637e-05,20,20,1.89662480354,-1.15128719807,41.5200233459,42.0000314713,0,0,0,9503.12015544,576587.62384
18.5916666667,0.162897139788,3.84354329109,1.55204021931,-7.78599860496e-05,5.34062928637e-05,20,20,1.89662480354,-1.15128719807,41.5200233459,42.0000314713,0,0,0,9616.23613847,576470.607881
18.6027777778,0.164082184434,3.86692810059,1.54565346241,-8.04200171842e-05,5.34062928637e-05,20,20,1.89662480354,-1.15128719807,41.5200233459,42.0000314713,0,0,0,9730.65741642,576352.612864
18.6138888889,0.165274173021,3.89044594765,1.53922700882,-8.31273355288e-05,5.34062928637e-05,20,20,1.89662480354,-1.15128719807,41.5200233459,42.0000314713,0,0,0,9846.40905674,576233.185746
18.625,0.166473254561,3.91409850121,1.53276014328,-8.25000388431e-05,5.34062928637e-05,20,20,1.89662480354,-1.15128719807,41.5200233459,42.0000314713,0,0,0,9963.4961171,576112.426398
18.6361111111,0.167679414153,3.9378862381,1.52625191212,-7.89833356976e-05,5.34062928637e-05,20,20,1.89662480354,-1.15128719807,41.5200233459,42.0000314713,0,0,0,10081.9293009,575990.274243
18.6472222222,0.168892741203,3.96180987358,1.51970255375,-8.17687250674e-05,5.34062928637e-05,20,20,1.89662480354,-1.15128719807,41.5200233459,42.0000314713,0,0,0,10201.7211587,575866.771147
18.6583333333,0.170113250613,3.98587036133,1.51311135292,-9.50199901126e-05,5.34062928637e-05,20,20,1.89662480354,-1.15128719807,41.5200233459,42.0000314713,0,0,0,10322.921197,575741.802036
18.6694444444,0.171340867877,4.01006603241,1.50648057461,-0.000105748564238,5.34062928637e-05,20,20,1.89662480354,-1.15128719807,41.5200233459,42.0000314713,0,0,0,10445.5137523,575615.100746
18.6805555556,0.172575682402,4.03439807892,1.49980688095,-0.000103548853076,5.34062928637e-05,20,20,1.89662480354,-1.15128719807,41.5200233459,42.0000314713,0,0,0,10569.5006839,575486.72949
18.6916666667,0.173818007112,4.05887269974,1.49308824539,-9.30201276788e-05,5.34062928637e-05,20,20,1.89662480354,-1.15128719807,41.5200233459,42.0000314713,0,0,0,10694.9209952,575357.558335
18.7027777778,0.175067678094,4.08348703384,1.48632621765,-8.157909906e-05,5.34062928637e-05,20,20,1.89662480354,-1.15128719807,41.5200233459,42.0000314713,0,0,0,10821.7781865,575226.742006
18.7138888889,0.176324754953,4.10824155807,1.47951865196,-7.73272113292e-05,5.34062928637e-05,20,20,1.89662480354,-1.15128719807,41.5200233459,42.0000314713,0,0,0,10950.105658,575094.460365
18.725,0.177589178085,4.13313484192,1.47266983986,-8.44581809361e-05,5.34062928637e-05,20,20,1.89662480354,-1.15128719807,41.5200233459,42.0000314713,0,0,0,11079.9402804,574960.659383
18.7361111111,0.178861096501,4.1581697464,1.46577882767,-8.65245383466e-05,5.34062928637e-05,20,20,1.89662480354,-1.15128719807,41.5200233459,42.0000314713,0,0,0,11211.2547053,574825.327599
18.7472222222,0.180140540004,4.18334770203,1.45884466171,-8.61732842168e-05,5.34062928637e-05,20,20,1.89662480354,-1.15128719807,41.5200233459,42.0000314713,0,0,0,11344.0652096,574688.509686
18.7583333333,0.181427553296,4.20866823196,1.45186781883,-8.31122306408e-05,5.34062928637e-05,20,20,1.89662480354,-1.15128719807,41.5200233459,42.0000314713,0,0,0,11478.4021951,574550.173134
18.7694444444,0.182722136378,4.23413181305,1.44484615326,-8.22635556688e-05,5.34062928637e-05,20,20,1.89662480354,-1.15128719807,41.5200233459,42.0000314713,0,0,0,11614.2758617,574410.273738
18.7805555556,0.184024378657,4.25973987579,1.43778085709,-9.51379261096e-05,5.34062928637e-05,20,20,1.89662480354,-1.15128719807,41.5200233459,42.0000314713,0,0,0,11751.7283221,574268.80144
18.7916666667,0.185334324837,4.28549289703,1.43067026138,-0.000102243451693,5.34062928637e-05,20,20,1.89662480354,-1.15128719807,41.5200233459,42.0000314713,0,0,0,11890.7767228,574125.669468
18.8027777778,0.186651885509,4.3113899231,1.42351663113,-0.000107477033453,5.34062928637e-05,20,20,1.89662480354,-1.15128719807,41.5200233459,42.0000314713,0,0,0,12031.4318178,573980.629198
18.8138888889,0.187977269292,4.337433815,1.41631603241,-0.000103474449134,5.34062928637e-05,20,20,1.89662480354,-1.15128719807,41.5200233459,42.0000314713,0,0,0,12173.6894553,573834.239156
18.825,0.189310505986,4.36362552643,1.40906655788,-9.49292734731e-05,5.34062928637e-05,20,20,1.89662480354,-1.15128719807,41.5200233459,42.0000314713,0,0,0,12317.5755592,573686.156462
18.8361111111,0.190651580691,4.38996458054,1.40177059174,-8.31248908071e-05,5.34062928637e-05,20,20,1.89662480354,-1.15128719807,41.5200233459,42.0000314713,0,0,0,12463.1379798,573536.329192
18.8472222222,0.192000627518,4.41645288467,1.39442777634,-7.6928314229e-05,5.34062928637e-05,20,20,1.89662480354,-1.15128719807,41.5200233459,42.0000314713,0,0,0,12610.3620537,573384.825875
18.8583333333,0.193357571959,4.44308948517,1.38703846931,-8.42767767608e-05,5.34062928637e-05,20,20,1.89662480354,-1.15128719807,41.5200233459,42.0000314713,0,0,0,12759.2876472,573231.621954
18.8694444444,0.194722518325,4.46987581253,1.3796043396,-8.35444516269e-05,5.34062928637e-05,20,20,1.89662480354,-1.15128719807,41.5200233459,42.0000314713,0,0,0,12909.9219497,573076.720936
18.8805555556,0.196095570922,4.49681425095,1.37212347984,-8.04362352937e-05,5.34062928637e-05,20,20,1.89662480354,-1.15128719807,41.5200233459,42.0000314713,0,0,0,13062.3280685,572919.981319
18.8916666667,0.197476670146,4.52390289307,1.36459422112,-7.90624762885e-05,5.34062928637e-05,20,20,1.89662480354,-1.15128719807,41.5200233459,42.0000314713,0,0,0,13216.3990152,572761.463914
18.9027777778,0.198865786195,4.55114173889,1.35701918602,-7.80199334258e-05,5.34062928637e-05,20,20,1.89662480354,-1.15128719807,41.5200233459,42.0000314713,0,0,0,13372.318408,572601.257833
18.9138888889,0.200263038278,4.57853221893,1.34939718246,-7.38541057217e-05,5.34062928637e-05,20,20,1.89662480354,-1.15128719807,41.5200233459,42.0000314713,0,0,0,13530.0184448,572439.246833
18.925,0.20166862011,4.60607814789,1.34172582626,-6.83651596773e-05,5.34062928637e-05,20,20,1.89662480354,-1.15128719807,41.5200233459,42.0000314713,0,0,0,13689.5034834,572275.345544
18.9361111111,0.203082472086,4.6337761879,1.33400440216,-7.14071065886e-05,5.34062928637e-05,20,20,1.89662480354,-1.15128719807,41.5200233459,42.0000314713,0,0,0,13850.8157271,572109.360307
18.9472222222,0.204504549503,4.66162443161,1.32623410225,-8.45226386446e-05,5.34062928637e-05,20,20,1.89662480354,-1.15128719807,41.5200233459,42.0000314713,0,0,0,14013.9791617,571941.316382
18.9583333333,0.20593495667,4.68963241577,1.3184170723,-9.69153625192e-05,5.34062928637e-05,20,20,1.89662480354,-1.15128719807,41.5200233459,42.0000314713,0,0,0,14179.0328557,571771.778375
18.9694444444,0.207373738289,4.71779537201,1.31055116653,-0.000100182267488,5.34062928637e-05,20,20,1.89662480354,-1.15128719807,41.5200233459,42.0000314713,0,0,0,14345.977798,571600.267284
18.9805555556,0.208820864558,4.74611091614,1.30263292789,-9.66442748904e-05,5.34062928637e-05,20,20,1.89662480354,-1.15128719807,41.5200233459,42.0000314713,0,0,0,14514.8551292,571426.455429
18.9916666667,0.210276573896,4.7745885849,1.29466450214,-8.93832184374e-05,5.34062928637e-05,20,20,1.89662480354,-1.15128719807,41.5200233459,42.0000314713,0,0,0,14685.6296516,571251.058277
19.0027777778,0.211740911007,4.80322360992,1.28664326668,-8.26187679195e-05,5.34062928637e-05,20,20,1.89662480354,-1.15128719807,41.5200233459,42.0000314713,0,0,0,14858.4000629,571073.524318
19.0138888889,0.213213786483,4.83201694489,1.27857160568,-7.69662219682e-05,5.34062928637e-05,20,20,1.89662480354,-1.15128719807,41.5200233459,42.0000314713,0,0,0,15033.1381081,570893.977278
19.025,0.214695215225,4.86096906662,1.27045023441,-6.94162736181e-05,5.34062928637e-05,20,20,1.89662480354,-1.15128719807,41.5200233459,42.0000314713,0,0,0,15209.8629275,570712.332959
19.0361111111,0.216185286641,4.8900809288,1.26227807999,-6.06181274634e-05,5.34062928637e-05,20,20,1.89662480354,-1.15128719807,41.5200233459,42.0000314713,0,0,0,15388.6262453,570528.66597
19.0472222222,0.217683508992,4.91934204102,1.25405538082,-5.48596181034e-05,5.34062928637e-05,20,20,1.89662480354,-1.15128719807,41.5200233459,42.0000314713,0,0,0,15569.4436042,570342.291252
19.0583333333,0.219190344214,4.94876337051,1.24578380585,-6.03478511039e-05,5.34062928637e-05,20,20,1.89662480354,-1.15128719807,41.5200233459,42.0000314713,0,0,0,15752.3302291,570154.00122
19.0694444444,0.220706433058,4.97835540771,1.23746025562,-6.24045787845e-05,5.34062928637e-05,20,20,1.89662480354,-1.15128719807,41.5200233459,42.0000314713,0,0,0,15937.3279344,569963.959361
19.0805555556,0.22223123908,5.00810623169,1.22908568382,-6.42381346552e-05,5.34323626198e-05,20,20,1.89662480354,-1.15128719807,41.5200233459,42.0000314713,0,0,0,16124.4416933,569771.451847
19.0916666667,0.223765134811,5.03802490234,1.22065734863,-6.5076215833e-05,5.34062928637e-05,20,20,1.89662480354,-1.15128719807,41.5200233459,42.0000314713,0,0,0,16313.667649,569577.085386
19.1027777778,0.225307703018,5.06810235977,1.21217572689,-6.56695410726e-05,5.34062928637e-05,20,20,1.89662480354,-1.15128719807,41.5200233459,42.0000314713,0,0,0,16505.0933651,569380.144981
19.1138888889,0.226859420538,5.09834671021,1.20364105701,-6.65734114591e-05,5.34062928637e-05,20,20,1.89662480354,-1.15128719807,41.5200233459,42.0000314713,0,0,0,16698.7258391,569181.02941
19.125,0.228420287371,5.12875747681,1.19505250454,-6.46546832286e-05,5.34062928637e-05,20,20,1.89662480354,-1.15128719807,41.5200233459,42.0000314713,0,0,0,16894.5370344,568979.642546
19.1361111111,0.229990065098,5.15933227539,1.18641018867,-6.1847626057e-05,5.34062928637e-05,20,20,1.89662480354,-1.15128719807,41.5200233459,42.0000314713,0,0,0,17092.6137611,568776.069057
19.1472222222,0.231569170952,5.190076828,1.17771172523,-6.30155045656e-05,5.34062928637e-05,20,20,1.89662480354,-1.15128719807,41.5200233459,42.0000314713,0,0,0,17292.9501688,568570.165568
19.1583333333,0.233157321811,5.22098779678,1.16895973682,-6.36796685285e-05,5.34062928637e-05,20,20,1.89662480354,-1.15128719807,41.5200233459,42.0000314713,0,0,0,17495.5579005,568361.928338
19.1694444444,0.234755158424,5.25207424164,1.16015267372,-6.40385551378e-05,5.34062928637e-05,20,20,1.89662480354,-1.15128719807,41.5200233459,42.0000314713,0,0,0,17700.5025573,568151.686683
19.1805555556,0.236362278461,5.28332805634,1.15128934383,-6.61034064251e-05,5.34062928637e-05,20,20,1.89662480354,-1.15128719807,41.5200233459,42.0000314713,0,0,0,17907.7766453,567939.0051
19.1916666667,0.237978607416,5.31474971771,1.14237070084,-6.1427395849e-05,5.34062928637e-05,20,20,1.89662480354,-1.15128719807,41.5200233459,42.0000314713,0,0,0,18117.4914619,567723.678704
19.2027777778,0.23960416019,5.34633922577,1.13339543343,-6.23776650173e-05,5.34956270712e-05,20,20,1.89662480354,-1.15128719807,41.5200233459,42.0000314713,0,0,0,18329.4760837,567505.856482
19.2138888889,0.241239279509,5.3781003952,1.12436485291,-6.40984653728e-05,5.34062928637e-05,20,20,1.89662480354,-1.15128719807,41.5200233459,42.0000314713,0,0,0,18543.9170277,567285.660757
19.225,0.242884084582,5.41003751755,1.11527740955,-6.36070180917e-05,5.34062928637e-05,20,20,1.89662480354,-1.15128719807,41.5200233459,42.0000314713,0,0,0,18760.8489367,567062.956576
19.2361111111,0.244538396597,5.44214630127,1.10613119602,-6.46227563266e-05,5.34977516509e-05,20,20,1.89662480354,-1.15128719807,41.5200233459,42.0000314713,0,0,0,18980.2383404,566837.821122
19.2472222222,0.246202498674,5.47443294525,1.09692978859,-6.60838704789e-05,5.34062928637e-05,20,20,1.89662480354,-1.15128719807,41.5200233459,42.0000314713,0,0,0,19202.1226715,566610.413907
19.2583333333,0.247876673937,5.50689888,1.08766853809,-6.87322026351e-05,5.34062928637e-05,20,20,1.89662480354,-1.15128719807,41.5200233459,42.0000314713,0,0,0,19426.5890092,566380.518819
19.2694444444,0.249560430646,5.53953742981,1.07834911346,-6.90139495418e-05,5.34062928637e-05,20,20,1.89662480354,-1.15128719807,41.5200233459,42.0000314713,0,0,0,19653.5717053,566147.919743
19.2805555556,0.251253783703,5.57234764099,1.06897044182,-6.43781895633e-05,5.34062928637e-05,20,20,1.89662480354,-1.15128719807,41.5200233459,42.0000314713,0,0,0,19883.1395385,565912.389106
19.2916666667,0.252957046032,5.60533571243,1.05953335762,-6.45434411126e-05,5.34062928637e-05,20,20,1.89662480354,-1.15128719807,41.5200233459,42.0000314713,0,0,0,20115.3610125,565674.111681
19.3027777778,0.254670113325,5.63849973679,1.0500369072,-6.29599089734e-05,5.34062928637e-05,20,20,1.89662480354,-1.15128719807,41.5200233459,42.0000314713,0,0,0,20350.2045305,565433.381933
19.3138888889,0.256393164396,5.67184066772,1.04048252106,-6.38724523014e-05,5.34062928637e-05,20,20,1.89662480354,-1.15128719807,41.5200233459,42.0000314713,0,0,0,20587.7368097,565189.836866
19.325,0.258126348257,5.70536422729,1.03086686134,-6.2148035795e-05,5.34062928637e-05,20,20,1.89662480354,-1.15128719807,41.5200233459,42.0000314713,0,0,0,20827.9461343,564943.664762
19.3361111111,0.259869754314,5.73906898499,1.02119040489,-5.73100260226e-05,5.34062928637e-05,20,20,1.89662480354,-1.15128719807,41.5200233459,42.0000314713,0,0,0,21070.9105463,564694.829601
19.3472222222,0.261623054743,5.7729511261,1.0114531517,-5.59607651667e-05,5.34062928637e-05,20,20,1.89662480354,-1.15128719807,41.5200233459,42.0000314713,0,0,0,21316.6396438,564443.199939
19.3583333333,0.263386756182,5.80701637268,1.00165462494,-4.94595406053e-05,5.34062928637e-05,20,20,1.89662480354,-1.15128719807,41.5200233459,42.0000314713,0,0,0,21565.1749412,564188.686194
19.3694444444,0.265160888433,5.84126901627,0.991795957088,-4.48323626188e-05,5.34062928637e-05,20,20,1.89662480354,-1.15128719807,41.5200233459,42.0000314713,0,0,0,21816.5080486,563931.554066
19.3805555556,0.266945213079,5.8756980896,0.981872797012,-4.05536629842e-05,5.34062928637e-05,20,20,1.89662480354,-1.15128719807,41.5200233459,42.0000314713,0,0,0,22070.7022067,563671.253916
19.3916666667,0.268739432096,5.91030406952,0.971890509129,-4.38650895376e-05,5.34062928637e-05,20,20,1.89662480354,-1.15128719807,41.5200233459,42.0000314713,0,0,0,22327.8028186,563407.961628
19.4027777778,0.270544618368,5.94510221481,0.961847066879,-5.39176944585e-05,5.34062928637e-05,20,20,1.89662480354,-1.15128719807,41.5200233459,42.0000314713,0,0,0,22587.8629551,563142.037858
19.4138888889,0.272359788418,5.98007774353,0.951740264893,-6.55010881019e-05,5.34062928637e-05,20,20,1.89662480354,-1.15128719807,41.5200233459,42.0000314713,0,0,0,22850.8196307,562872.7779
19.425,0.274185597897,6.01523780823,0.941570401192,-7.57893067203e-05,5.34062928637e-05,20,20,1.89662480354,-1.15128719807,41.5200233459,42.0000314713,0,0,0,23116.7937874,562600.482769
19.4361111111,0.276022255421,6.05059051514,0.931336939335,-8.28443880891e-05,5.34062928637e-05,20,20,1.89662480354,-1.15128719807,41.5200233459,42.0000314713,0,0,0,23385.7586991,562325.455349
19.4472222222,0.277869552374,6.08612775803,0.921037435532,-7.90634876466e-05,5.34062928637e-05,20,20,1.89662480354,-1.15128719807,41.5200233459,42.0000314713,0,0,0,23657.7500764,562047.206114
19.4583333333,0.279728025198,6.12186336517,0.910672962666,-7.20317621017e-05,5.34062928637e-05,20,20,1.89662480354,-1.15128719807,41.5200233459,42.0000314713,0,0,0,23932.8949648,561766.295225
19.4694444444,0.281596541405,6.15777158737,0.900244176388,-7.43925193092e-05,5.34062928637e-05,20,20,1.89662480354,-1.15128719807,41.5200233459,42.0000314713,0,0,0,24211.1415911,561481.5509
19.4805555556,0.283475995064,6.19386959076,0.889752149582,-7.7368109487e-05,5.34062928637e-05,20,20,1.89662480354,-1.15128719807,41.5200233459,42.0000314713,0,0,0,24492.544347,561193.690945
19.4916666667,0.285366266966,6.23015594482,0.87919574976,-7.30283791199e-05,5.34062928637e-05,20,20,1.89662480354,-1.15128719807,41.5200233459,42.0000314713,0,0,0,24777.1225848,560902.562629
19.5027777778,0.287267774343,6.26663732529,0.868572235107,-6.59777288092e-05,5.34062928637e-05,20,20,1.89662480354,-1.15128719807,41.5200233459,42.0000314713,0,0,0,25064.9219677,560608.315407
19.5138888889,0.28918042779,6.30331230164,0.857880890369,-5.86802852922e-05,5.34062928637e-05,20,20,1.89662480354,-1.15128719807,41.5200233459,42.0000314713,0,0,0,25356.0155387,560310.875605
19.525,0.291103631258,6.34016942978,0.847125172615,-6.31755028735e-05,5.34062928637e-05,20,20,1.89662480354,-1.15128719807,41.5200233459,42.0000314713,0,0,0,25650.3773448,560009.814738
19.5361111111,0.293038070202,6.37721967697,0.836304545403,-7.51884872443e-05,5.34589526069e-05,20,20,1.89662480354,-1.15128719807,41.5200233459,42.0000314713,0,0,0,25948.081357,559705.469373
19.5472222222,0.29498359561,6.41446113586,0.825415968895,-8.00895722932e-05,5.34062928637e-05,20,20,1.89662480354,-1.15128719807,41.5200233459,42.0000314713,0,0,0,26249.1681721,559397.663858
19.5583333333,0.29694083333,6.4519033432,0.814458250999,-7.67096935306e-05,5.34062928637e-05,20,20,1.89662480354,-1.15128719807,41.5200233459,42.0000314713,0,0,0,26553.6439212,559086.592088
19.5694444444,0.298909246922,6.48953723907,0.803431272507,-7.66886150814e-05,5.34062928637e-05,20,20,1.89662480354,-1.15128719807,41.5200233459,42.0000314713,0,0,0,26861.5603399,558772.051515
19.5805555556,0.30087518692,6.52710056305,0.792436957359,-9.36123615247e-05,5.46775736439e-05,20,20,1.89662480354,-1.15128719807,41.5200233459,42.0000314713,377.590353726,0.0101954483747,0.00419544837473,26401.2968104,558461.619898
19.5916666667,0.302814751863,6.56414031982,0.781558632851,-0.000104205544631,5.37697342224e-05,20,20,1.89662480354,-1.15128719807,41.5200233459,42.0000314713,1359.51488757,0.021105720973,0.015105720973,25727.9035524,558147.771169
19.6027777778,0.304730027914,6.60069036484,0.770813941956,-9.00870072655e-05,5.3759158618e-05,20,20,1.89662480354,-1.15128719807,41.5200233459,42.0000314713,2329.50895572,0.0318834328413,0.0258834328413,25064.7009949,557836.92908
19.6138888889,0.30661958456,6.63673019409,0.76020604372,-8.32075020298e-05,5.34062928637e-05,20,20,1.89662480354,-1.15128719807,41.5200233459,42.0000314713,3287.37943911,0.0425264382124,0.0365264382124,24411.3968325,557527.836714
19.625,0.308483958244,6.67226743698,0.749738812447,-8.27615367598e-05,5.34062928637e-05,20,20,1.89662480354,-1.15128719807,41.5200233459,42.0000314713,4232.58989596,0.0530287766218,0.0470287766218,23767.8235059,557221.299582
19.6361111111,0.310323238373,6.70730781555,0.7394105196,-8.29644777696e-05,5.34062928637e-05,20,20,1.89662480354,-1.15128719807,41.5200233459,42.0000314713,5165.19397044,0.063391044116,0.057391044116,23133.9586315,556917.570753
19.6472222222,0.312138348818,6.74186563492,0.729214012623,-7.87192693679e-05,5.34062928637e-05,20,20,1.89662480354,-1.15128719807,41.5200233459,42.0000314713,6085.86757922,0.0736207508802,0.0676207508802,22509.7683513,556616.7377
19.6583333333,0.313928335905,6.77592468262,0.719153344631,-7.48953098082e-05,5.34062928637e-05,20,20,1.89662480354,-1.15128719807,41.5200233459,42.0000314713,6994.40687442,0.083715631938,0.077715631938,21895.1576873,556318.452632
19.6694444444,0.315693378448,6.80949020386,0.709229767323,-7.5151801866e-05,5.34062928637e-05,20,20,1.89662480354,-1.15128719807,41.5200233459,42.0000314713,7890.61873698,0.093673541522,0.087673541522,21290.0819106,556023.003465
19.6805555556,0.317434072495,6.84257555008,0.699442446232,-7.67315141275e-05,5.34062928637e-05,20,20,1.89662480354,-1.15128719807,41.5200233459,42.0000314713,8774.51389575,0.103494598842,0.0974945988417,20694.536047,555730.797634
19.6916666667,0.319150328636,6.87517786026,0.689787983894,-7.07162253093e-05,5.34062928637e-05,20,20,1.89662480354,-1.15128719807,41.5200233459,42.0000314713,9646.39275813,0.113182141757,0.107182141757,20108.4624982,555441.489918
19.7027777778,0.320841103792,6.90727519989,0.680269896984,-7.39372408134e-05,5.35509825568e-05,20,20,1.89662480354,-1.15128719807,41.5200233459,42.0000314713,10506.1802223,0.122735335803,0.116735335803,19531.7326867,555154.217736
19.7138888889,0.322506785393,6.93887996674,0.670894145966,-6.81737510604e-05,5.34062928637e-05,20,20,1.89662480354,-1.15128719807,41.5200233459,42.0000314713,11353.103812,0.132145597911,0.126145597911,18964.3177082,554869.863784
19.725,0.32414919138,6.97002458572,0.661647558212,-6.72902388033e-05,5.34062928637e-05,20,20,1.89662480354,-1.15128719807,41.5200233459,42.0000314713,12188.1827667,0.141424252963,0.135424252963,18406.1680539,554589.281288
19.7361111111,0.325766175985,7.00067329407,0.652539372444,-6.81295496179e-05,5.34062928637e-05,20,20,1.89662480354,-1.15128719807,41.5200233459,42.0000314713,13011.0523059,0.150567247844,0.144567247844,17857.2731218,554311.399272
19.7472222222,0.327358752489,7.03084230423,0.643566250801,-6.56541160424e-05,5.34062928637e-05,20,20,1.89662480354,-1.15128719807,41.5200233459,42.0000314713,13821.7258408,0.159574731565,0.153574731565,17317.5217779,554036.59453
19.7583333333,0.32892614603,7.06051683426,0.634730577469,-6.77873176755e-05,5.34062928637e-05,20,20,1.89662480354,-1.15128719807,41.5200233459,42.0000314713,14620.0370743,0.168444856381,0.162444856381,16786.9113615,553764.397881
19.7694444444,0.330469459295,7.08972072601,0.626031279564,-6.75756164128e-05,5.34062928637e-05,20,20,1.89662480354,-1.15128719807,41.5200233459,42.0000314713,15405.9940531,0.177177711701,0.171177711701,16265.3850599,553495.736461
19.7805555556,0.331988871098,7.11845731735,0.617464959621,-6.21344370302e-05,5.34062928637e-05,20,20,1.89662480354,-1.15128719807,41.5200233459,42.0000314713,16179.9132779,0.185776814198,0.179776814198,15752.841954,553230.528408
19.7916666667,0.333483934402,7.14671850204,0.609033048153,-5.67814640817e-05,5.34062928637e-05,20,20,1.89662480354,-1.15128719807,41.5200233459,42.0000314713,16941.8376639,0.19424264071,0.18824264071,15249.2609457,552968.622396
19.8027777778,0.334955006838,7.17451190948,0.600733458996,-6.0675349232e-05,5.34062928637e-05,20,20,1.89662480354,-1.15128719807,41.5200233459,42.0000314713,17691.7940333,0.202575489259,0.196575489259,14754.5934045,552710.353822
19.8138888889,0.336401313543,7.2018237114,0.592571258545,-6.24411331955e-05,5.35439503437e-05,20,20,1.89662480354,-1.15128719807,41.5200233459,42.0000314713,18429.5088007,0.210772320008,0.204772320008,14268.7917374,552455.080427
19.825,0.33782312274,7.22865915298,0.584544360638,-6.77482021274e-05,5.34062928637e-05,20,20,1.89662480354,-1.15128719807,41.5200233459,42.0000314713,19154.9873307,0.218833192563,0.212833192563,13791.8325756,552202.905123
19.8361111111,0.339221030474,7.25503063202,0.576652944088,-6.77400166751e-05,5.34062928637e-05,20,20,1.89662480354,-1.15128719807,41.5200233459,42.0000314713,19868.1867077,0.226757630086,0.220757630086,13323.6233454,551954.527937
19.8472222222,0.340595573187,7.28094959259,0.568893194199,-6.61246886011e-05,5.34062928637e-05,20,20,1.89662480354,-1.15128719807,41.5200233459,42.0000314713,20569.595094,0.2345510566,0.2285510566,12864.1244946,551710.261112
19.8583333333,0.341945469379,7.30638933182,0.561266899109,-6.88842628733e-05,5.34062928637e-05,20,20,1.89662480354,-1.15128719807,41.5200233459,42.0000314713,21258.9603617,0.242210670686,0.236210670686,12413.3322994,551468.950874
19.8694444444,0.343270480633,7.33135032654,0.553778886795,-6.43891034997e-05,5.34062928637e-05,20,20,1.89662480354,-1.15128719807,41.5200233459,42.0000314713,21935.987468,0.249733194089,0.243733194089,11971.1905401,551230.747147
19.8805555556,0.344572722912,7.35587024689,0.546421766281,-6.68934662826e-05,5.34062928637e-05,20,20,1.89662480354,-1.15128719807,41.5200233459,42.0000314713,22601.0358288,0.25712262032,0.25112262032,11537.669119,550997.085305
19.8916666667,0.345850914717,7.37992620468,0.53919750452,-6.32166484138e-05,5.34062928637e-05,20,20,1.89662480354,-1.15128719807,41.5200233459,42.0000314713,23254.218097,0.264380201077,0.258380201077,11112.6691312,550767.015994
19.9027777778,0.347105056047,7.40351772308,0.532107114792,-6.75900737406e-05,5.34062928637e-05,20,20,1.89662480354,-1.15128719807,41.5200233459,42.0000314713,23895.3626111,0.271504029012,0.265504029012,10696.2215395,550540.528922
19.9138888889,0.348335236311,7.42664909363,0.5251506567,-6.52709277347e-05,5.34062928637e-05,20,20,1.89662480354,-1.15128719807,41.5200233459,42.0000314713,24524.4693711,0.278494104123,0.272494104123,10288.2330832,550317.75156
19.925,0.349540948868,7.44930934906,0.518329799175,-7.00605451129e-05,5.34062928637e-05,20,20,1.89662480354,-1.15128719807,41.5200233459,42.0000314713,25141.4257243,0.285349174714,0.279349174714,9888.69002544,550098.218234
19.9361111111,0.350722372532,7.47150421143,0.511645257473,-7.1440859756e-05,5.34062928637e-05,20,20,1.89662480354,-1.15128719807,41.5200233459,42.0000314713,25746.0814669,0.292067571855,0.286067571855,9497.53803936,549882.251712
19.9472222222,0.351879894733,7.49324131012,0.505095541477,-7.08647348802e-05,5.34062928637e-05,20,20,1.89662480354,-1.15128719807,41.5200233459,42.0000314713,26338.538523,0.298650428033,0.292650428033,9114.74545908,549670.101786
19.9583333333,0.353014141321,7.51453208923,0.498678207397,-6.70412409818e-05,5.34062928637e-05,20,20,1.89662480354,-1.15128719807,41.5200233459,42.0000314713,26919.1294863,0.305101438737,0.299101438737,8740.28120157,549462.197641
19.9694444444,0.354124844074,7.5353717804,0.492392599583,-7.40537725505e-05,5.34062928637e-05,20,20,1.89662480354,-1.15128719807,41.5200233459,42.0000314713,27487.7792552,0.311419769502,0.305419769502,8374.10229691,549258.313108
19.9805555556,0.355211645365,7.55575609207,0.486242055893,-7.3074719694e-05,5.34062928637e-05,20,20,1.89662480354,-1.15128719807,41.5200233459,42.0000314713,28044.3429902,0.317603811002,0.311603811002,8016.1595443,549058.291365
19.9916666667,0.356274664402,7.57568502426,0.48022300005,-7.53373969928e-05,5.34062928637e-05,20,20,1.89662480354,-1.15128719807,41.5200233459,42.0000314713,28589.0352681,0.323655947423,0.317655947423,7666.42806527,548862.044351
20.0027777778,0.357313156128,7.59514665604,0.474338769913,-7.31972540962e-05,5.34062928637e-05,20,20,1.89662480354,-1.15128719807,41.5200233459,42.0000314713,29121.6790631,0.329574211812,0.323574211812,7324.88202956,548669.146624
20.0138888889,0.358328640461,7.61417007446,0.468587756157,-6.67107233312e-05,5.34062928637e-05,20,20,1.89662480354,-1.15128719807,41.5200233459,42.0000314713,29642.1885445,0.335357650495,0.329357650495,6991.49380746,548480.627528
20.025,0.359320431948,7.6327419281,0.462969362736,-6.99948504916e-05,5.34062928637e-05,20,20,1.89662480354,-1.15128719807,41.5200233459,42.0000314713,30150.8963063,0.341009958959,0.335009958959,6666.19701059,548296.17447
20.0361111111,0.360287338495,7.65084171295,0.45748847723,-6.75106348353e-05,5.34062928637e-05,20,20,1.89662480354,-1.15128719807,41.5200233459,42.0000314713,30647.2819998,0.346525355554,0.340525355554,6348.98130796,548114.897037
20.0472222222,0.361231505871,7.66850948334,0.452140569687,-7.21786054783e-05,5.34062928637e-05,20,20,1.89662480354,-1.15128719807,41.5200233459,42.0000314713,31131.5172865,0.351905747628,0.345905747628,6039.80866924,547938.339127
20.0583333333,0.3621519804,7.68572711945,0.446923136711,-7.30038445909e-05,5.34062928637e-05,20,20,1.89662480354,-1.15128719807,41.5200233459,42.0000314713,31604.0688708,0.357156320786,0.351156320786,5738.64826174,547765.735105
20.0694444444,0.363048762083,7.7024974823,0.441840529442,-7.76675078669e-05,5.34062928637e-05,20,20,1.89662480354,-1.15128719807,41.5200233459,42.0000314713,32064.5129635,0.362272366261,0.356272366261,5445.4820908,547597.231738
20.0805555556,0.363922476768,7.71883010864,0.436888217926,-7.75909720687e-05,5.34062928637e-05,20,20,1.89662480354,-1.15128719807,41.5200233459,42.0000314713,32513.1660655,0.367257400727,0.361257400727,5160.25705858,547433.140564
20.0916666667,0.364772588015,7.73471736908,0.432069420815,-7.04147314536e-05,5.34062928637e-05,20,20,1.89662480354,-1.15128719807,41.5200233459,42.0000314713,32949.8565152,0.372109516835,0.366109516835,4883.00713192,547273.126889
20.1027777778,0.365598618984,7.75014781952,0.427382469177,-6.98197909514e-05,5.34062928637e-05,20,20,1.89662480354,-1.15128719807,41.5200233459,42.0000314713,33374.691601,0.376829906678,0.370829906678,4613.5725108,547116.716621
20.1138888889,0.366401702166,7.76514530182,0.422830045223,-6.82928584865e-05,5.34062928637e-05,20,20,1.89662480354,-1.15128719807,41.5200233459,42.0000314713,33787.3655512,0.381415172791,0.375415172791,4352.04853734,546965.04564
20.125,0.36718082428,7.77969074249,0.418410181999,-6.8083347287e-05,5.34062928637e-05,20,20,1.89662480354,-1.15128719807,41.5200233459,42.0000314713,34188.1680443,0.385868533826,0.379868533826,4098.36152118,546817.155119
20.1361111111,0.367936939001,7.79380226135,0.41412204504,-7.09510713932e-05,5.34062928637e-05,20,20,1.89662480354,-1.15128719807,41.5200233459,42.0000314713,34577.056165,0.390189512944,0.384189512944,3852.49943934,546673.848933
20.1472222222,0.36866953969,7.807472229,0.409966111183,-6.77346761222e-05,5.34062928637e-05,20,20,1.89662480354,-1.15128719807,41.5200233459,42.0000314713,34954.0674641,0.394378527379,0.388378527379,3614.43234988,546534.714855
20.1583333333,0.369378685951,7.82070064545,0.405942797661,-7.34466884751e-05,5.34062928637e-05,20,20,1.89662480354,-1.15128719807,41.5200233459,42.0000314713,35319.1590264,0.398435100293,0.392435100293,3384.13357555,546399.84141
20.1694444444,0.370063453913,7.83347129822,0.402054965496,-7.38663802622e-05,5.34062928637e-05,20,20,1.89662480354,-1.15128719807,41.5200233459,42.0000314713,35672.1484616,0.402357205129,0.396357205129,3161.58570241,546268.574179
20.1805555556,0.370725750923,7.84581851959,0.398300170898,-6.7426401074e-05,5.34062928637e-05,20,20,1.89662480354,-1.15128719807,41.5200233459,42.0000314713,36012.9982188,0.406144424653,0.400144424653,2946.75851129,546142.226679
20.1916666667,0.371364653111,7.85772752762,0.394674956799,-7.31315521989e-05,5.34062928637e-05,20,20,1.89662480354,-1.15128719807,41.5200233459,42.0000314713,36342.2179177,0.409802421308,0.403802421308,2739.63330172,546020.153847
20.2027777778,0.371980249882,7.86919879913,0.391181647778,-7.25903155399e-05,5.34062928637e-05,20,20,1.89662480354,-1.15128719807,41.5200233459,42.0000314713,36659.5768883,0.413328632092,0.407328632092,2540.19045523,545902.388309
20.2138888889,0.372572392225,7.88022994995,0.387820482254,-6.63710598019e-05,5.34062928637e-05,20,20,1.89662480354,-1.15128719807,41.5200233459,42.0000314713,36965.053673,0.416722818589,0.410722818589,2348.41021873,545788.928195
20.225,0.373141229153,7.89082622528,0.384592115879,-7.30157262296e-05,5.34062928637e-05,20,20,1.89662480354,-1.15128719807,41.5200233459,42.0000314713,37258.6053565,0.419984503961,0.413984503961,2164.27001166,545679.922023
20.2361111111,0.373686760664,7.90098667145,0.381495296955,-7.18954615877e-05,5.34062928637e-05,20,20,1.89662480354,-1.15128719807,41.5200233459,42.0000314713,37540.3070405,0.423114522672,0.417114522672,1987.7522363,545575.283021
20.2472222222,0.374208927155,7.91070699692,0.378530740738,-6.59558572806e-05,5.34062928637e-05,20,20,1.89662480354,-1.15128719807,41.5200233459,42.0000314713,37810.0192502,0.426111325002,0.420111325002,1818.83955528,545474.711111
20.2583333333,0.374707847834,7.91999530792,0.3756980896,-7.19343879609e-05,5.34062928637e-05,20,20,1.89662480354,-1.15128719807,41.5200233459,42.0000314713,38067.9941132,0.428977712369,0.422977712369,1657.51269537,545378.817792
20.2694444444,0.375183433294,7.9288444519,0.372996509075,-7.08433290129e-05,5.34062928637e-05,20,20,1.89662480354,-1.15128719807,41.5200233459,42.0000314713,38314.0814259,0.431712015843,0.425712015843,1503.76136492,545287.008405
20.2805555556,0.375635802746,7.93726396561,0.370429158211,-6.80739976815e-05,5.34062928637e-05,20,20,1.89662480354,-1.15128719807,41.5200233459,42.0000314713,38548.1309845,0.434312566495,0.428312566495,1357.56134543,545199.982393
20.2916666667,0.376064896584,7.94524288177,0.367990911007,-7.34283894417e-05,5.34062928637e-05,20,20,1.89662480354,-1.15128719807,41.5200233459,42.0000314713,38770.5075696,0.436783417439,0.430783417439,1218.90637207,545116.794494
20.3027777778,0.376470714808,7.95279121399,0.365686416626,-7.18988158042e-05,5.34062928637e-05,20,20,1.89662480354,-1.15128719807,41.5200233459,42.0000314713,38980.9000447,0.439121111608,0.433121111608,1087.77559091,545038.386228
20.3138888889,0.376853197813,7.95990896225,0.36351531744,-7.21099713701e-05,5.34062928637e-05,20,20,1.89662480354,-1.15128719807,41.5200233459,42.0000314713,39179.2654946,0.441325172162,0.435325172162,964.159597051,544964.711168
20.325,0.377212554216,7.96658706665,0.361473321915,-7.18063529348e-05,5.34062928637e-05,20,20,1.89662480354,-1.15128719807,41.5200233459,42.0000314713,39365.9686997,0.443399652219,0.437399652219,848.043534931,544894.804523
20.3361111111,0.377548605204,7.97283887863,0.35956543684,-7.25722784409e-05,5.34062928637e-05,20,20,1.89662480354,-1.15128719807,41.5200233459,42.0000314713,39540.7092526,0.445341213918,0.439341213918,739.414945057,544830.007177
20.3472222222,0.377861469984,7.97865200043,0.357787549496,-7.52860869397e-05,5.34062928637e-05,20,20,1.89662480354,-1.15128719807,41.5200233459,42.0000314713,39703.6427214,0.447151585793,0.441151585793,638.264176986,544769.007598
20.3583333333,0.378151118755,7.98403930664,0.356142699718,-6.85336781316e-05,5.34062928637e-05,20,20,1.89662480354,-1.15128719807,41.5200233459,42.0000314713,39854.677911,0.448829754567,0.442829754567,544.580514385,544713.140357
20.3694444444,0.378417551517,7.98898935318,0.354629337788,-7.77803725214e-05,5.34062928637e-05,20,20,1.89662480354,-1.15128719807,41.5200233459,42.0000314713,39993.8255503,0.450375839448,0.444375839448,458.353635586,544661.239985
20.3805555556,0.378660798073,7.99351215363,0.35324805975,-7.61615374358e-05,5.34062928637e-05,20,20,1.89662480354,-1.15128719807,41.5200233459,42.0000314713,40121.1124613,0.451790138459,0.445790138459,379.574386301,544614.199118
20.3916666667,0.378880858421,7.99760150909,0.35199791193,-7.44176650187e-05,5.34062928637e-05,20,20,1.89662480354,-1.15128719807,41.5200233459,42.0000314713,40236.5815594,0.453073128438,0.447073128438,308.236582301,544571.415611
20.4027777778,0.379077762365,8.00125789642,0.350878000259,-7.89374607848e-05,5.34062928637e-05,20,20,1.89662480354,-1.15128719807,41.5200233459,42.0000314713,40340.3294041,0.454225882268,0.448225882268,244.331644178,544532.95846
20.4138888889,0.379251509905,8.00448799133,0.349892139435,-7.66288940213e-05,5.34062928637e-05,20,20,1.89662480354,-1.15128719807,41.5200233459,42.0000314713,40432.055588,0.455245062089,0.449245062089,187.853298855,544499.394261
20.425,0.379402011633,8.00728225708,0.349036216736,-7.63657008065e-05,5.34062928637e-05,20,20,1.89662480354,-1.15128719807,41.5200233459,42.0000314713,40512.0497897,0.456133886552,0.450133886552,138.795832117,544469.937148
20.4361111111,0.379529386759,8.00965023041,0.348313331604,-6.88476065989e-05,5.34062928637e-05,20,20,1.89662480354,-1.15128719807,41.5200233459,42.0000314713,40580.054517,0.456889494634,0.450889494634,97.1539018792,544445.308667
20.4472222222,0.379633575678,8.01158332825,0.347721397877,-7.30217361706e-05,5.34062928637e-05,20,20,1.89662480354,-1.15128719807,41.5200233459,42.0000314713,40636.2575247,0.457513972497,0.451513972497,62.9235431416,544424.852761
20.4583333333,0.379714608192,8.01309013367,0.347260951996,-7.25264981156e-05,5.34062928637e-05,20,20,1.89662480354,-1.15128719807,41.5200233459,42.0000314713,40680.739279,0.458008214211,0.452008214211,36.1008087875,544409.210869
20.4694444444,0.3797724545,8.01416397095,0.34693223238,-6.5278080001e-05,5.34062928637e-05,20,20,1.89662480354,-1.15128719807,41.5200233459,42.0000314713,40713.2047369,0.458368941522,0.452368941522,16.6831828341,544397.77488
20.4805555556,0.379807084799,8.01480484009,0.346734046936,-7.05179263605e-05,5.34062928637e-05,20,20,1.89662480354,-1.15128719807,41.5200233459,42.0000314713,40733.9864924,0.458599849915,0.452599849915,4.66872120961,544390.791899
20.4916666667,0.379817932844,8.01500988007,0.346670985222,-6.75013070577e-05,5.34062928637e-05,20,20,1.89662480354,-1.15128719807,41.5200233459,42.0000314713,40742.9236128,0.458699151254,0.452699151254,0.056167105387,544388.344955
20.5027777778,0.379807174206,8.01480484009,0.346732974052,-7.09115556674e-05,5.34062928637e-05,20,20,1.89662480354,-1.15128719807,41.5200233459,42.0000314713,40743.0309012,0.458666309094,0.452700343347,2.7029350258,544390.543977
20.5138888889,0.379773467779,8.01417922974,0.346923172474,-6.44944084343e-05,5.34062928637e-05,20,20,1.89662480354,-1.15128719807,41.5200233459,42.0000314713,40743.0309012,0.458507224298,0.452700343347,12.0305103399,544396.930776
20.525,0.379718720913,8.01316165924,0.347234010696,-7.25779173081e-05,5.34062928637e-05,20,20,1.89662480354,-1.15128719807,41.5200233459,42.0000314713,40743.0309012,0.458225592351,0.452700343347,26.7431173556,544407.372737
20.5361111111,0.379644691944,8.01178741455,0.347653687,-6.89558801241e-05,5.34062928637e-05,20,20,1.89662480354,-1.15128719807,41.5200233459,42.0000314713,40743.0309012,0.457832082486,0.452700343347,44.806282396,544421.570601
20.5472222222,0.379554152489,8.01010513306,0.348167598248,-7.16846916475e-05,5.34062928637e-05,20,20,1.89662480354,-1.15128719807,41.5200233459,42.0000314713,40743.0309012,0.457340046144,0.452700343347,63.7136684647,544438.83112
20.5583333333,0.379450112581,8.00817203522,0.348757505417,-5.95842539042e-05,5.34062928637e-05,20,20,1.89662480354,-1.15128719807,41.5200233459,42.0000314713,40743.0309012,0.456767245507,0.452700343347,80.8524690776,544458.637634
20.5694444444,0.3793361485,8.00605392456,0.349403262138,-5.19265777257e-05,5.34062928637e-05,20,20,1.89662480354,-1.15128719807,41.5200233459,42.0000314713,40743.0309012,0.456133230901,0.452700343347,93.8563564295,544480.1644
20.5805555556,0.379216372967,8.00382900238,0.35008251667,-5.00945861859e-05,5.34062928637e-05,20,20,1.89662480354,-1.15128719807,41.5200233459,42.0000314713,40743.0309012,0.455460115647,0.452700343347,100.893021755,544502.859791
20.5916666667,0.379094928503,8.00157737732,0.350773453712,-4.8099536798e-05,5.34062928637e-05,20,20,1.89662480354,-1.15128719807,41.5200233459,42.0000314713,40743.0309012,0.454771085954,0.452700343347,101.01521309,544526.464073
20.6027777778,0.378976136446,7.99937438965,0.351451992989,-4.65691118734e-05,5.34062928637e-05,20,20,1.89662480354,-1.15128719807,41.5200233459,42.0000314713,40743.0309012,0.454086467004,0.452700343347,94.1644148976,544549.505152
20.6138888889,0.378864079714,7.99729204178,0.352090060711,-3.97161311412e-05,5.34062928637e-05,20,20,1.89662480354,-1.15128719807,41.5200233459,42.0000314713,40743.0309012,0.453435822701,0.452700343347,81.2900592023,544570.875329
20.625,0.378762722015,7.99540805817,0.352665781975,-3.43516694556e-05,5.34062928637e-05,20,20,1.89662480354,-1.15128719807,41.5200233459,42.0000314713,40743.0309012,0.452842518067,0.452700343347,64.2056917494,544590.093964
20.6361111111,0.378675162792,7.99378013611,0.353163838387,-3.70345114789e-05,5.34062928637e-05,20,20,1.89662480354,-1.15128719807,41.5200233459,42.0000314713,40743.0309012,0.452324970937,0.452700343347,46.5823159759,544606.9405
20.6472222222,0.378601968288,7.99241638184,0.353579342365,-3.33366770064e-05,5.34062928637e-05,20,20,1.89662480354,-1.15128719807,41.5200233459,42.0000314713,40743.0309012,0.451888128495,0.452700343347,31.7819480924,544620.91769
20.6583333333,0.378543019295,7.99132108688,0.353914320469,-4.26681544923e-05,5.34062928637e-05,20,20,1.89662480354,-1.15128719807,41.5200233459,42.0000314713,40743.0309012,0.451533063626,0.452700343347,19.8033093829,544632.395544
20.6694444444,0.378498375416,7.99049186707,0.354167819023,-4.77952744404e-05,5.34062928637e-05,20,20,1.89662480354,-1.15128719807,41.5200233459,42.0000314713,40743.0309012,0.451259239888,0.452700343347,10.6459653246,544641.057846
20.6805555556,0.378468036652,7.98992538452,0.354339718819,-3.75766539946e-05,5.34062928637e-05,20,20,1.89662480354,-1.15128719807,41.5200233459,42.0000314713,40743.0309012,0.451066597676,0.452700343347,4.30816142511,544646.764263
20.6916666667,0.378452003002,7.98962545395,0.354430019855,-3.97223775508e-05,5.34062928637e-05,20,20,1.89662480354,-1.15128719807,41.5200233459,42.0000314713,40743.0309012,0.450955733037,0.452700343347,0.789430706009,544649.684948
20.7027777778,0.3784494102,7.98958110809,0.354441761971,-4.21868280682e-05,5.34062928637e-05,20,20,1.89662480354,-1.15128719807,41.5200233459,42.0000314713,40743.0309012,0.450927718854,0.452700343347,0.0831074302705,544649.822475
20.7138888889,0.378461539745,7.98980808258,0.354376614094,-3.80858400604e-05,5.34062928637e-05,20,20,1.89662480354,-1.15128719807,41.5200233459,42.0000314713,40743.0309012,0.450970216966,0.452700343347,2.07144054793,544647.574337
20.725,0.378487497568,7.99029064178,0.354230701923,-4.78949223179e-05,5.34062928637e-05,20,20,1.89662480354,-1.15128719807,41.5200233459,42.0000314713,40743.0309012,0.45109693644,0.452700343347,6.70956697234,544642.557658
20.7361111111,0.378527373075,7.99103450775,0.354005396366,-5.07999466208e-05,5.34062928637e-05,20,20,1.89662480354,-1.15128719807,41.5200233459,42.0000314713,40743.0309012,0.451302453256,0.452700343347,13.9980615562,544635.106665
20.7472222222,0.378581047058,7.99203395844,0.353703081608,-3.79369630537e-05,5.34062928637e-05,20,20,1.89662480354,-1.15128719807,41.5200233459,42.0000314713,40743.0309012,0.451585098481,0.452700343347,23.9377960014,544624.872631
20.7583333333,0.378648608923,7.99328947067,0.353318274021,-4.18906784034e-05,5.34062928637e-05,20,20,1.89662480354,-1.15128719807,41.5200233459,42.0000314713,40743.0309012,0.451949819303,0.452700343347,36.529996182,544611.716976
20.7694444444,0.378730028868,7.99480104446,0.352855026722,-4.33087006968e-05,5.34062928637e-05,20,20,1.89662480354,-1.15128719807,41.5200233459,42.0000314713,40743.0309012,0.452393218255,0.452700343347,51.7761669591,544595.717117
20.7805555556,0.37882527709,7.99657011032,0.352313995361,-3.75468043785e-05,5.34062928637e-05,20,20,1.89662480354,-1.15128719807,41.5200233459,42.0000314713,40743.0309012,0.452915414548,0.452700343347,69.0536192329,544577.339546
20.7916666667,0.378932148218,7.99856042862,0.351709902287,-4.86629614898e-05,5.34062928637e-05,20,20,1.89662480354,-1.15128719807,41.5200233459,42.0000314713,40743.0309012,0.45350561974,0.452700343347,83.9944891033,544557.432927
20.8027777778,0.379046946764,8.00068950653,0.351059257984,-6.10716815572e-05,5.34062928637e-05,20,20,1.89662480354,-1.15128719807,41.5200233459,42.0000314713,40743.0309012,0.454146250463,0.452700343347,94.1006032789,544535.275714
20.8138888889,0.379165619612,8.00289440155,0.35038626194,-6.31617513136e-05,5.34062928637e-05,20,20,1.89662480354,-1.15128719807,41.5200233459,42.0000314713,40743.0309012,0.454815849042,0.452700343347,97.9568978252,544512.66464
20.825,0.379284083843,8.00509548187,0.349714517593,-6.70449444442e-05,5.34062928637e-05,20,20,1.89662480354,-1.15128719807,41.5200233459,42.0000314713,40743.0309012,0.455490215993,0.452700343347,95.03309156,544490.116365
20.8361111111,0.379398167133,8.0072183609,0.349069595337,-7.0004221925e-05,5.34062928637e-05,20,20,1.89662480354,-1.15128719807,41.5200233459,42.0000314713,40743.0309012,0.456143780923,0.452700343347,85.7407080955,544468.618367
20.8472222222,0.379503965378,8.00918102264,0.34846919775,-8.0244106357e-05,5.34062928637e-05,20,20,1.89662480354,-1.15128719807,41.5200233459,42.0000314713,40743.0309012,0.456757172322,0.452700343347,71.3675543407,544448.283147
20.8583333333,0.379597634077,8.01092147827,0.347936332226,-7.92896389612e-05,5.34062928637e-05,20,20,1.89662480354,-1.15128719807,41.5200233459,42.0000314713,40743.0309012,0.457308932519,0.452700343347,53.8827614399,544430.347158
20.8694444444,0.379675924778,8.01237297058,0.347490727901,-8.0103520304e-05,5.34062928637e-05,20,20,1.89662480354,-1.15128719807,41.5200233459,42.0000314713,40743.0309012,0.457778438306,0.452700343347,35.7120417159,544415.131762
20.8805555556,0.379736304283,8.01348972321,0.347144305706,-7.83178329584e-05,5.34062928637e-05,20,20,1.89662480354,-1.15128719807,41.5200233459,42.0000314713,40743.0309012,0.458150788522,0.452700343347,19.3735274416,544403.150462
20.8916666667,0.379776418209,8.01423454285,0.346914887428,-7.70074402681e-05,5.34062928637e-05,20,20,1.89662480354,-1.15128719807,41.5200233459,42.0000314713,40743.0309012,0.458410545564,0.452700343347,7.13680412806,544395.502652
20.9027777778,0.379794985056,8.01457977295,0.34680980444,-8.19446868263e-05,5.34062928637e-05,20,20,1.89662480354,-1.15128719807,41.5200233459,42.0000314713,40743.0309012,0.458547099805,0.452700343347,0.718323214197,544392.042736
20.9138888889,0.379791617393,8.01451969147,0.346829533577,-8.24950111564e-05,5.34062928637e-05,20,20,1.89662480354,-1.15128719807,41.5200233459,42.0000314713,40743.0309012,0.458558484292,0.452700343347,0.958577985595,544393.137452
20.925,0.379766315222,8.01405143738,0.34697419405,-7.52984706196e-05,5.34062928637e-05,20,20,1.89662480354,-1.15128719807,41.5200233459,42.0000314713,40743.0309012,0.458444520211,0.452700343347,7.63066981288,544398.109692
20.9361111111,0.379720300436,8.01319503784,0.347234368324,-7.91735583334e-05,5.34062928637e-05,20,20,1.89662480354,-1.15128719807,41.5200233459,42.0000314713,40743.0309012,0.458212658143,0.452700343347,19.7944048956,544406.912094
20.9472222222,0.379654854536,8.01198863983,0.347608447075,-7.91806960478e-05,5.34062928637e-05,20,20,1.89662480354,-1.15128719807,41.5200233459,42.0000314713,40743.0309012,0.457866295552,0.452700343347,35.7627467941,544420.064591
20.9583333333,0.379572719336,8.01046180725,0.348076224327,-7.85510565038e-05,5.34062928637e-05,20,20,1.89662480354,-1.15128719807,41.5200233459,42.0000314713,40743.0309012,0.457419916368,0.452700343347,53.2996998055,544435.822609
20.9694444444,0.379476517439,8.00867462158,0.34862279892,-7.91657439549e-05,5.34062928637e-05,20,20,1.89662480354,-1.15128719807,41.5200233459,42.0000314713,40743.0309012,0.456891521192,0.452700343347,69.9834454554,544454.242046
20.9805555556,0.379369616508,8.00668907166,0.349229335785,-6.63889222778e-05,5.34062928637e-05,20,20,1.89662480354,-1.15128719807,41.5200233459,42.0000314713,40743.0309012,0.456297918534,0.452700343347,83.5032811872,544474.626149
20.9916666667,0.379255801439,8.00457763672,0.349875569344,-5.50506047148e-05,5.34062928637e-05,20,20,1.89662480354,-1.15128719807,41.5200233459,42.0000314713,40743.0309012,0.455659791207,0.452700343347,91.9886376741,544496.590053
21.0027777778,0.379139006138,8.00240039825,0.350535154343,-5.34443897777e-05,5.34062928637e-05,20,20,1.89662480354,-1.15128719807,41.5200233459,42.0000314713,40743.0309012,0.455001040673,0.452700343347,94.2676451092,544518.171549
21.0138888889,0.379023402929,8.00024414062,0.351186752319,-4.9516929721e-05,5.34062928637e-05,20,20,1.89662480354,-1.15128719807,41.5200233459,42.0000314713,40743.0309012,0.454345568395,0.452700343347,90.0575654214,544539.481267
21.025,0.37891292572,7.99818992615,0.351811349392,-4.50218904007e-05,5.34062928637e-05,20,20,1.89662480354,-1.15128719807,41.5200233459,42.0000314713,40743.0309012,0.45371209023,0.452700343347,79.9417102606,544560.412786
21.0361111111,0.378810822964,7.99629402161,0.352388083935,-3.9166341594e-05,5.34062928637e-05,20,20,1.89662480354,-1.15128719807,41.5200233459,42.0000314713,40743.0309012,0.453122481084,0.452700343347,65.2974289807,544579.446064
21.0472222222,0.378721445799,7.99463415146,0.352895438671,-4.26065271313e-05,5.34062928637e-05,20,20,1.89662480354,-1.15128719807,41.5200233459,42.0000314713,40743.0309012,0.452595576024,0.452700343347,48.3125062048,544596.252021
21.0583333333,0.378646463156,7.99324035645,0.353322088718,-4.04172678827e-05,5.34062928637e-05,20,20,1.89662480354,-1.15128719807,41.5200233459,42.0000314713,40743.0309012,0.452148004746,0.452700343347,33.2117846231,544610.649391
21.0694444444,0.378585755825,7.99211263657,0.353667616844,-4.24972786277e-05,5.34062928637e-05,20,20,1.89662480354,-1.15128719807,41.5200233459,42.0000314713,40743.0309012,0.451781793809,0.452700343347,20.9349983306,544622.178701
21.0805555556,0.378539651632,7.99125480652,0.353930950165,-4.98387780681e-05,5.34062928637e-05,20,20,1.89662480354,-1.15128719807,41.5200233459,42.0000314713,40743.0309012,0.451498314118,0.452700343347,11.4787610403,544631.158975
21.0916666667,0.378507763147,7.99066305161,0.35411208868,-3.86854517274e-05,5.34062928637e-05,20,20,1.89662480354,-1.15128719807,41.5200233459,42.0000314713,40743.0309012,0.45129673121,0.452700343347,4.84324426675,544637.353167
21.1027777778,0.378490060568,7.9903345108,0.354211986065,-4.17692608607e-05,5.34062928637e-05,20,20,1.89662480354,-1.15128719807,41.5200233459,42.0000314713,40743.0309012,0.451176687455,0.452700343347,1.02720631951,544640.679532
21.1138888889,0.378486067057,7.99026107788,0.354233562946,-4.50514889963e-05,5.34062928637e-05,20,20,1.89662480354,-1.15128719807,41.5200233459,42.0000314713,40743.0309012,0.451136811948,0.452700343347,0.0271293680915,544640.882664
21.125,0.378496795893,7.99045848846,0.354174137115,-4.19043535658e-05,5.34062928637e-05,20,20,1.89662480354,-1.15128719807,41.5200233459,42.0000314713,40743.0309012,0.451174780107,0.452700343347,1.73117511213,544638.767609
21.1361111111,0.378520578146,7.99090194702,0.354038059711,-4.90843594889e-05,5.34062928637e-05,20,20,1.89662480354,-1.15128719807,41.5200233459,42.0000314713,40743.0309012,0.451291962838,0.452700343347,6.08541606036,544633.548967
21.1472222222,0.378558933735,7.99161434174,0.353821277618,-5.45257607882e-05,5.34062928637e-05,20,20,1.89662480354,-1.15128719807,41.5200233459,42.0000314713,40743.0309012,0.451488240933,0.452700343347,13.0903358897,544626.124053
21.1583333333,0.378611147404,7.99258470535,0.35352486372,-4.19890602643e-05,5.34062928637e-05,20,20,1.89662480354,-1.15128719807,41.5200233459,42.0000314713,40743.0309012,0.451764568067,0.452700343347,22.7468266,544615.955625
21.1694444444,0.378677248955,7.99381256104,0.353149294853,-4.6908891818e-05,5.34062928637e-05,20,20,1.89662480354,-1.15128719807,41.5200233459,42.0000314713,40743.0309012,0.452120646214,0.452700343347,35.0560831383,544603.117941
21.1805555556,0.378757148981,7.99529838562,0.352695286274,-4.73029613204e-05,5.34062928637e-05,20,20,1.89662480354,-1.15128719807,41.5200233459,42.0000314713,40743.0309012,0.452555044866,0.452700343347,50.0195007842,544587.580831
21.1916666667,0.378850668669,7.99703550339,0.352165341377,-4.33533095929e-05,5.34062928637e-05,20,20,1.89662480354,-1.15128719807,41.5200233459,42.0000314713,40743.0309012,0.45306698916,0.452700343347,66.1711183656,544569.683784
21.2027777778,0.378954857588,7.99897241592,0.35157507658,-5.60101361771e-05,5.34062928637e-05,20,20,1.89662480354,-1.15128719807,41.5200233459,42.0000314713,40743.0309012,0.453643962121,0.452700343347,79.4934926883,544549.930012
21.2138888889,0.379066079855,8.00103855133,0.350944578648,-6.80614175508e-05,5.34062928637e-05,20,20,1.89662480354,-1.15128719807,41.5200233459,42.0000314713,40743.0309012,0.454266473031,0.452700343347,88.0970303325,544528.677012
21.225,0.379180461168,8.00316333771,0.350295424461,-7.36408765079e-05,5.34062928637e-05,20,20,1.89662480354,-1.15128719807,41.5200233459,42.0000314713,40743.0309012,0.454913183427,0.452700343347,90.7917249655,544506.801752
21.2361111111,0.379294067621,8.00527954102,0.349654018879,-7.60632974561e-05,5.34062928637e-05,20,20,1.89662480354,-1.15128719807,41.5200233459,42.0000314713,40743.0309012,0.455558344102,0.452700343347,87.2137141619,544485.584187
21.2472222222,0.379403054714,8.00730514526,0.349036991596,-8.46477560117e-05,5.34062928637e-05,20,20,1.89662480354,-1.15128719807,41.5200233459,42.0000314713,40743.0309012,0.456183596826,0.452700343347,77.8664801195,544464.87112
21.2583333333,0.379503399134,8.0091714859,0.348468482494,-9.19645826798e-05,5.34062928637e-05,20,20,1.89662480354,-1.15128719807,41.5200233459,42.0000314713,40743.0309012,0.456766172624,0.452700343347,64.027798474,544445.859359
21.2694444444,0.379591792822,8.01081466675,0.347968459129,-8.88706999831e-05,5.34062928637e-05,20,20,1.89662480354,-1.15128719807,41.5200233459,42.0000314713,40743.0309012,0.457285627103,0.452700343347,47.6120261825,544429.264136
21.2805555556,0.379665017128,8.01217651367,0.347554564476,-9.19890153455e-05,5.34062928637e-05,20,20,1.89662480354,-1.15128719807,41.5200233459,42.0000314713,40743.0309012,0.457722111917,0.452700343347,30.8944878359,544415.363429
21.2916666667,0.379720598459,8.01320648193,0.347238600254,-8.58259372762e-05,5.34062928637e-05,20,20,1.89662480354,-1.15128719807,41.5200233459,42.0000314713,40743.0309012,0.458063348508,0.452700343347,16.1822172179,544404.575312
21.3027777778,0.37975654006,8.01387405396,0.347033858299,-8.93865362741e-05,5.34062928637e-05,20,20,1.89662480354,-1.15128719807,41.5200233459,42.0000314713,40743.0309012,0.458297177529,0.452700343347,5.50353308144,544397.732196
21.3138888889,0.379771530628,8.0141544342,0.346948981285,-9.05116685317e-05,5.34062928637e-05,20,20,1.89662480354,-1.15128719807,41.5200233459,42.0000314713,40743.0309012,0.458412333703,0.452700343347,0.344733857898,544395.010199
21.325,0.379765868187,8.01404762268,0.34698176384,-9.25986169023e-05,5.34062928637e-05,20,20,1.89662480354,-1.15128719807,41.5200233459,42.0000314713,40743.0309012,0.458408876634,0.452700343347,1.3573856346,544396.389441
21.3361111111,0.37973895669,8.01354598999,0.347132384777,-8.65328402142e-05,5.34062928637e-05,20,20,1.89662480354,-1.15128719807,41.5200233459,42.0000314713,40743.0309012,0.458287283158,0.452700343347,8.2304365862,544401.346712
21.3472222222,0.379692137241,8.01268005371,0.347398042679,-9.03729887796e-05,5.34062928637e-05,20,20,1.89662480354,-1.15128719807,41.5200233459,42.0000314713,40743.0309012,0.458049699044,0.452700343347,20.0089064324,544410.592333
21.3583333333,0.379627168179,8.01147270203,0.347767233849,-9.03879481484e-05,5.34062928637e-05,20,20,1.89662480354,-1.15128719807,41.5200233459,42.0000314713,40743.0309012,0.457705303407,0.452700343347,35.0569119395,544423.007379
21.3694444444,0.379546254873,8.00997257233,0.348226368427,-8.97557547432e-05,5.34062928637e-05,20,20,1.89662480354,-1.15128719807,41.5200233459,42.0000314713,40743.0309012,0.457267805314,0.452700343347,51.289525921,544438.72739
21.3805555556,0.379452258348,8.00823116302,0.348762452602,-9.27156434045e-05,5.34062928637e-05,20,20,1.89662480354,-1.15128719807,41.5200233459,42.0000314713,40743.0309012,0.456749066091,0.452700343347,66.4487886354,544457.074439
21.3916666667,0.379348486662,8.00629997253,0.349351942539,-8.05597373983e-05,5.34062928637e-05,20,20,1.89662480354,-1.15128719807,41.5200233459,42.0000314713,40743.0309012,0.45617030499,0.452700343347,78.4174439936,544476.697702
21.4027777778,0.379238545895,8.0042552948,0.34997344017,-6.82511308696e-05,5.34062928637e-05,20,20,1.89662480354,-1.15128719807,41.5200233459,42.0000314713,40743.0309012,0.455555423474,0.452700343347,85.565312064,544497.436497
21.4138888889,0.379126250744,8.00217628479,0.350612580776,-5.4579537391e-05,5.34062928637e-05,20,20,1.89662480354,-1.15128719807,41.5200233459,42.0000314713,40743.0309012,0.454918667054,0.452700343347,86.9032418715,544519.537927
21.425,0.379015594721,8.00012493134,0.351245462894,-4.73721665912e-05,5.34062928637e-05,20,20,1.89662480354,-1.15128719807,41.5200233459,42.0000314713,40743.0309012,0.454281910634,0.452700343347,82.2085615809,544541.11685
21.4361111111,0.37891036272,7.99817180634,0.351845800877,-4.16508519265e-05,5.34062928637e-05,20,20,1.89662480354,-1.15128719807,41.5200233459,42.0000314713,40743.0309012,0.453671261048,0.452700343347,72.1203584661,544561.376875
21.4472222222,0.378814309835,7.99638748169,0.352392971516,-3.91213688999e-05,5.34062928637e-05,20,20,1.89662480354,-1.15128719807,41.5200233459,42.0000314713,40743.0309012,0.453108772016,0.452700343347,58.0575250901,544579.63107
21.4583333333,0.378730803728,7.99483585358,0.352867484093,-3.91213688999e-05,5.34062928637e-05,20,20,1.89662480354,-1.15128719807,41.5200233459,42.0000314713,40743.0309012,0.452614947534,0.452700343347,42.1282149198,544595.552693
21.4694444444,0.378661632538,7.9935503006,0.353260993958,-3.91213688999e-05,5.34062928637e-05,20,20,1.89662480354,-1.15128719807,41.5200233459,42.0000314713,40743.0309012,0.45220117209,0.452700343347,28.120188607,544609.06421
21.4805555556,0.37860673666,7.99252986908,0.353574037552,-3.91213688999e-05,5.34062928637e-05,20,20,1.89662480354,-1.15128719807,41.5200233459,42.0000314713,40743.0309012,0.451867564893,0.452700343347,16.9355433663,544619.759473
21.4916666667,0.378566116095,7.99177503586,0.353805065155,-3.91213688999e-05,5.34062928637e-05,20,20,1.89662480354,-1.15128719807,41.5200233459,42.0000314713,40743.0309012,0.451616450524,0.452700343347,8.5721014717,544627.655789
21.5027777778,0.378539860249,7.99128627777,0.353954315186,-3.91213688999e-05,5.34062928637e-05,20,20,1.89662480354,-1.15128719807,41.5200233459,42.0000314713,40743.0309012,0.451446398473,0.452700343347,3.02920818539,544632.767193
21.5138888889,0.37852782011,7.99106121063,0.354021966457,-3.91213688999e-05,5.34062928637e-05,20,20,1.89662480354,-1.15128719807,41.5200233459,42.0000314713,40743.0309012,0.451358302808,0.452700343347,0.305967554616,544634.912771
21.525,0.378529667854,7.99109745026,0.354008316994,-4.06400249631e-05,5.34062928637e-05,20,20,1.89662480354,-1.15128719807,41.5200233459,42.0000314713,40743.0309012,0.451354070878,0.452700343347,0.368553054896,544634.417395
21.5361111111,0.378545612097,7.99139404297,0.353919506073,-4.06400249631e-05,5.34062928637e-05,20,20,1.89662480354,-1.15128719807,41.5200233459,42.0000314713,40743.0309012,0.451422198987,0.452700343347,3.09147425095,544631.349243
21.5472222222,0.378575474024,7.99194908142,0.353749871254,-4.16444709117e-05,5.34062928637e-05,20,20,1.89662480354,-1.15128719807,41.5200233459,42.0000314713,40743.0309012,0.451571568227,0.452700343347,8.46522592155,544625.560497
21.5583333333,0.378619164228,7.99275875092,0.35350227356,-4.16444709117e-05,5.34062928637e-05,20,20,1.89662480354,-1.15128719807,41.5200233459,42.0000314713,40743.0309012,0.451799734807,0.452700343347,16.4904300692,544616.937956
21.5694444444,0.378676682711,7.99382686615,0.353175222874,-4.16444709117e-05,5.34062928637e-05,20,20,1.89662480354,-1.15128719807,41.5200233459,42.0000314713,40743.0309012,0.452106162286,0.452700343347,27.1680849404,544605.591664
21.5805555556,0.378748118877,7.99515342712,0.352767527103,-4.4365755457e-05,5.34062928637e-05,20,20,1.89662480354,-1.15128719807,41.5200233459,42.0000314713,40743.0309012,0.452494844174,0.452700343347,40.4994609735,544591.639735
21.5916666667,0.378833204508,7.99673128128,0.35228407383,-4.62254902232e-05,5.34062928637e-05,20,20,1.89662480354,-1.15128719807,41.5200233459,42.0000314713,40743.0309012,0.452959521985,0.452700343347,55.6952373185,544574.949788
21.6027777778,0.378929853439,7.99852228165,0.351733207703,-4.95272433909e-05,5.34062928637e-05,20,20,1.89662480354,-1.15128719807,41.5200233459,42.0000314713,40743.0309012,0.453495486951,0.452700343347,69.1028229341,544556.180219
21.6138888889,0.379034489393,8.00046825409,0.35113966465,-6.3163570303e-05,5.34062928637e-05,20,20,1.89662480354,-1.15128719807,41.5200233459,42.0000314713,40743.0309012,0.454080506539,0.452700343347,78.6980199354,544536.391012
21.625,0.379143476486,8.00249671936,0.350523769855,-7.65631339164e-05,5.34062928637e-05,20,20,1.89662480354,-1.15128719807,41.5200233459,42.0000314713,40743.0309012,0.454692288613,0.452700343347,83.181448652,544515.883299
21.6361111111,0.379253208637,8.00453567505,0.349903762341,-8.65303518367e-05,5.34062928637e-05,20,20,1.89662480354,-1.15128719807,41.5200233459,42.0000314713,40743.0309012,0.455313130593,0.452700343347,81.9437531415,544495.056328
21.6472222222,0.379359662533,8.00651741028,0.3493013978,-9.45894134929e-05,5.34062928637e-05,20,20,1.89662480354,-1.15128719807,41.5200233459,42.0000314713,40743.0309012,0.455922409272,0.452700343347,75.1468122235,544475.051827
21.6583333333,0.37945920229,8.00836753845,0.348738014698,-0.00010204174032,5.34062928637e-05,20,20,1.89662480354,-1.15128719807,41.5200233459,42.0000314713,40743.0309012,0.456497355676,0.452700343347,63.732038449,544456.264132
21.6694444444,0.37954840064,8.01002693176,0.348233640194,-9.93830471998e-05,5.34062928637e-05,20,20,1.89662480354,-1.15128719807,41.5200233459,42.0000314713,40743.0309012,0.457018181062,0.452700343347,49.2716076893,544439.438762
21.6805555556,0.379624098539,8.01143360138,0.347804486752,-0.000100417688373,5.34062928637e-05,20,20,1.89662480354,-1.15128719807,41.5200233459,42.0000314713,40743.0309012,0.457467600083,0.452700343347,33.7659083204,544425.073552
21.6916666667,0.379683643579,8.01253986359,0.347467124462,-9.80264740065e-05,5.34062928637e-05,20,20,1.89662480354,-1.15128719807,41.5200233459,42.0000314713,40743.0309012,0.457829161859,0.452700343347,19.354702879,544413.76667
21.7027777778,0.379725039005,8.01331043243,0.347232341766,-9.72763882601e-05,5.34062928637e-05,20,20,1.89662480354,-1.15128719807,41.5200233459,42.0000314713,40743.0309012,0.458090468621,0.452700343347,8.03331934753,544406.081087
21.7138888889,0.379746735096,8.01371479034,0.347109556198,-0.000100930199551,5.34062928637e-05,20,20,1.89662480354,-1.15128719807,41.5200233459,42.0000314713,40743.0309012,0.458241924024,0.452700343347,1.36923771354,544402.035631
21.725,0.37974768877,8.01373767853,0.347106635571,-0.000102070036519,5.34062928637e-05,20,20,1.89662480354,-1.15128719807,41.5200233459,42.0000314713,40743.0309012,0.45827446816,0.452700343347,0.266118454744,544402.025807
21.7361111111,0.379729032516,8.01339149475,0.347213208675,-9.81239063549e-05,5.34062928637e-05,20,20,1.89662480354,-1.15128719807,41.5200233459,42.0000314713,40743.0309012,0.458195193982,0.452700343347,4.68338995456,544405.632488
21.7472222222,0.379691183567,8.01269054413,0.347428381443,-9.18662262848e-05,5.34062928637e-05,20,20,1.89662480354,-1.15128719807,41.5200233459,42.0000314713,40743.0309012,0.458006962514,0.452700343347,13.9627120955,544413.203583
21.7583333333,0.379635453224,8.01166152954,0.347746551037,-0.000100696408481,5.34062928637e-05,20,20,1.89662480354,-1.15128719807,41.5200233459,42.0000314713,40743.0309012,0.457713469243,0.452700343347,26.8201865929,544424.697341
21.7694444444,0.379563570023,8.01032733917,0.348156630993,-9.82869751169e-05,5.34062928637e-05,20,20,1.89662480354,-1.15128719807,41.5200233459,42.0000314713,40743.0309012,0.45732472775,0.452700343347,41.4666955531,544438.695463
21.7805555556,0.379477858543,8.00873374939,0.348642706871,-0.000100341763755,5.34062928637e-05,20,20,1.89662480354,-1.15128719807,41.5200233459,42.0000314713,40743.0309012,0.456856354451,0.452700343347,55.8716581587,544454.846882
21.7916666667,0.379381746054,8.00694942474,0.349188923836,-0.000100303928775,5.34062928637e-05,20,20,1.89662480354,-1.15128719807,41.5200233459,42.0000314713,40743.0309012,0.456323667741,0.452700343347,68.0401058148,544473.361278
21.8027777778,0.379278421402,8.00503158569,0.349775791168,-8.47194460221e-05,5.34062928637e-05,20,20,1.89662480354,-1.15128719807,41.5200233459,42.0000314713,40743.0309012,0.455744727826,0.452700343347,76.2800973909,544493.181592
21.8138888889,0.379171609879,8.00303936005,0.350380241871,-7.40448449505e-05,5.34062928637e-05,20,20,1.89662480354,-1.15128719807,41.5200233459,42.0000314713,40743.0309012,0.455142422891,0.452700343347,79.4583580547,544512.946007
21.825,0.37906485796,8.00104808807,0.350981235504,-6.59379220451e-05,5.34062928637e-05,20,20,1.89662480354,-1.15128719807,41.5200233459,42.0000314713,40743.0309012,0.454538925862,0.452700343347,77.1610565892,544532.54553
21.8361111111,0.378962099552,7.99913787842,0.35156160593,-5.47666859347e-05,5.34062928637e-05,20,20,1.89662480354,-1.15128719807,41.5200233459,42.0000314713,40743.0309012,0.45395205853,0.452700343347,69.7154081952,544552.092896
21.8472222222,0.378866702318,7.99736499786,0.352102100849,-5.14757193741e-05,5.34062928637e-05,20,20,1.89662480354,-1.15128719807,41.5200233459,42.0000314713,40743.0309012,0.453399523473,0.452700343347,58.1309124007,544570.215763
21.8583333333,0.378782123327,7.99579429626,0.352581858635,-5.14757193741e-05,5.34062928637e-05,20,20,1.89662480354,-1.15128719807,41.5200233459,42.0000314713,40743.0309012,0.452902778363,0.452700343347,43.9966228636,544586.385542
21.8694444444,0.378711014986,7.99447250366,0.35298615694,-5.14757193741e-05,5.34062928637e-05,20,20,1.89662480354,-1.15128719807,41.5200233459,42.0000314713,40743.0309012,0.452478810525,0.452700343347,29.7731146962,544600.051542
21.8805555556,0.378654181957,7.99341773987,0.353309750557,-5.14757193741e-05,5.34062928637e-05,20,20,1.89662480354,-1.15128719807,41.5200233459,42.0000314713,40743.0309012,0.452134951329,0.452700343347,18.2223106016,544611.137048
21.8916666667,0.378611713648,7.9926276207,0.353551328182,-5.14757193741e-05,5.34062928637e-05,20,20,1.89662480354,-1.15128719807,41.5200233459,42.0000314713,40743.0309012,0.451872631288,0.452700343347,9.49356227694,544619.38525
21.9027777778,0.378583580256,7.99210786819,0.353712379932,-5.14757193741e-05,5.34062928637e-05,20,20,1.89662480354,-1.15128719807,41.5200233459,42.0000314713,40743.0309012,0.451692029214,0.452700343347,3.58598802093,544625.154817
21.9138888889,0.378569722176,7.99185419083,0.353793799877,-5.14757193741e-05,5.34062928637e-05,20,20,1.89662480354,-1.15128719807,41.5200233459,42.0000314713,40743.0309012,0.451590462899,0.452700343347,0.498765304405,544628.205895
21.925,0.378569871187,7.99185657501,0.353792786598,-5.14757193741e-05,5.34062928637e-05,20,20,1.89662480354,-1.15128719807,41.5200233459,42.0000314713,40743.0309012,0.451571449018,0.452700343347,0.214511067192,544627.963469
21.9361111111,0.3785841465,7.9921207428,0.353712260723,-5.14757193741e-05,5.34062928637e-05,20,20,1.89662480354,-1.15128719807,41.5200233459,42.0000314713,40743.0309012,0.451631232476,0.452700343347,2.60642187968,544625.068512
21.9472222222,0.378612279892,7.99264526367,0.353553652763,-5.14757193741e-05,5.34062928637e-05,20,20,1.89662480354,-1.15128719807,41.5200233459,42.0000314713,40743.0309012,0.451770588136,0.452700343347,7.64965498626,544619.865541
21.9583333333,0.378654181957,7.99342536926,0.35331684351,-5.14757193741e-05,5.34062928637e-05,20,20,1.89662480354,-1.15128719807,41.5200233459,42.0000314713,40743.0309012,0.451987906671,0.452700343347,15.3447940497,544611.736622
21.9694444444,0.378710031509,7.99446773529,0.353001773357,-5.14757193741e-05,5.34062928637e-05,20,20,1.89662480354,-1.15128719807,41.5200233459,42.0000314713,40743.0309012,0.452283605313,0.452700343347,25.692804464,544601.359915
21.9805555556,0.378779679537,7.99576091766,0.352606058121,-5.14757193741e-05,5.34062928637e-05,20,20,1.89662480354,-1.15128719807,41.5200233459,42.0000314713,40743.0309012,0.452658876157,0.452700343347,38.694884593,544587.685495
21.9916666667,0.378862679005,7.99730491638,0.352136552334,-5.14757193741e-05,5.34062928637e-05,20,20,1.89662480354,-1.15128719807,41.5200233459,42.0000314713,40743.0309012,0.453111096597,0.452700343347,52.5858491102,544572.058572
22.0027777778,0.378956228495,7.99904489517,0.351607441902,-5.14757193741e-05,5.34062928637e-05,20,20,1.89662480354,-1.15128719807,41.5200233459,42.0000314713,40743.0309012,0.453626915193,0.452700343347,64.4823468231,544554.466983
22.0138888889,0.379056960344,8.00091743469,0.351037144661,-5.14757193741e-05,5.34062928637e-05,20,20,1.89662480354,-1.15128719807,41.5200233459,42.0000314713,40743.0309012,0.454189046597,0.452700343347,72.7330120383,544535.351025
22.025,0.379161477089,8.00285243988,0.350442171097,-6.15451863268e-05,5.34062928637e-05,20,20,1.89662480354,-1.15128719807,41.5200233459,42.0000314713,40743.0309012,0.454779370999,0.452700343347,76.195360415,544514.770339
22.0361111111,0.379266142845,8.00480079651,0.34985023737,-7.51374100219e-05,5.34062928637e-05,20,20,1.89662480354,-1.15128719807,41.5200233459,42.0000314713,40743.0309012,0.45537416575,0.452700343347,74.3759919997,544495.097024
22.0472222222,0.379367291927,8.00667953491,0.349277019501,-9.2487076472e-05,5.34062928637e-05,20,20,1.89662480354,-1.15128719807,41.5200233459,42.0000314713,40743.0309012,0.455953880525,0.452700343347,67.5493374121,544475.812081
22.0583333333,0.379461377859,8.00842094421,0.348742485046,-0.000101541801996,5.34062928637e-05,20,20,1.89662480354,-1.15128719807,41.5200233459,42.0000314713,40743.0309012,0.456499382234,0.452700343347,56.6506988013,544457.351012
22.0694444444,0.379545122385,8.00997543335,0.348264396191,-9.94493166218e-05,5.34062928637e-05,20,20,1.89662480354,-1.15128719807,41.5200233459,42.0000314713,40743.0309012,0.456994458413,0.452700343347,43.1675402649,544441.250347
22.0805555556,0.379615575075,8.01128482819,0.347864925861,-0.000103210993984,5.34062928637e-05,20,20,1.89662480354,-1.15128719807,41.5200233459,42.0000314713,40743.0309012,0.457414253926,0.452700343347,28.9803894907,544427.913662
22.0916666667,0.379670202732,8.01230049133,0.347554445267,-9.66461084317e-05,5.34062928637e-05,20,20,1.89662480354,-1.15128719807,41.5200233459,42.0000314713,40743.0309012,0.457747980332,0.452700343347,16.0665193529,544417.522221
22.1027777778,0.379707187414,8.01298809052,0.347344279289,-0.000100807730632,5.34062928637e-05,20,20,1.89662480354,-1.15128719807,41.5200233459,42.0000314713,40743.0309012,0.457984670377,0.452700343347,6.21420124286,544410.52696
22.1138888889,0.379725217819,8.01332378387,0.347242176533,-0.000106641600723,5.34062928637e-05,20,20,1.89662480354,-1.15128719807,41.5200233459,42.0000314713,40743.0309012,0.458113774037,0.452700343347,0.792702428939,544407.113354
22.125,0.379724502563,8.01330757141,0.347247302532,-0.000106314284494,5.34062928637e-05,20,20,1.89662480354,-1.15128719807,41.5200233459,42.0000314713,40743.0309012,0.458135350919,0.452700343347,0.526210771661,544407.769763
22.1361111111,0.379703879356,8.01292991638,0.34736520052,-0.000103048711026,5.34062928637e-05,20,20,1.89662480354,-1.15128719807,41.5200233459,42.0000314713,40743.0309012,0.458045109487,0.452700343347,5.28578952136,544412.18067
22.1472222222,0.379664868116,8.01219940186,0.347584307194,-9.86404484138e-05,5.34062928637e-05,20,20,1.89662480354,-1.15128719807,41.5200233459,42.0000314713,40743.0309012,0.457850619531,0.452700343347,14.3827491939,544419.139912
22.1583333333,0.379608750343,8.0111579895,0.347901761532,-0.000106021412648,5.34062928637e-05,20,20,1.89662480354,-1.15128719807,41.5200233459,42.0000314713,40743.0309012,0.457557543492,0.452700343347,26.5688905289,544429.963813
22.1694444444,0.37953749299,8.00983428955,0.348305046558,-0.000102375597635,5.34062928637e-05,20,20,1.89662480354,-1.15128719807,41.5200233459,42.0000314713,40743.0309012,0.457174166417,0.452700343347,40.1538293553,544443.51895
22.1805555556,0.37945368886,8.00827789307,0.3487803936,-0.000103259000753,5.34062928637e-05,20,20,1.89662480354,-1.15128719807,41.5200233459,42.0000314713,40743.0309012,0.45671556828,0.452700343347,53.2578756266,544459.516119
22.1916666667,0.379360169172,8.00654029846,0.349311470985,-0.000106768682599,5.34062928637e-05,20,20,1.89662480354,-1.15128719807,41.5200233459,42.0000314713,40743.0309012,0.456196709847,0.452700343347,64.0601066061,544477.349549
22.2027777778,0.379260271788,8.00468349457,0.349878191948,-9.83709396678e-05,5.34062928637e-05,20,20,1.89662480354,-1.15128719807,41.5200233459,42.0000314713,40743.0309012,0.455637320256,0.452700343347,71.0631024987,544496.359438
22.2138888889,0.379157483578,8.00277709961,0.35046172142,-7.99366171123e-05,5.34062928637e-05,20,20,1.89662480354,-1.15128719807,41.5200233459,42.0000314713,40743.0309012,0.455056234574,0.452700343347,73.300246812,544516.318916
22.225,0.379055202007,8.00088214874,0.351044654846,-6.64917315589e-05,5.34062928637e-05,20,20,1.89662480354,-1.15128719807,41.5200233459,42.0000314713,40743.0309012,0.45447049973,0.452700343347,70.4458992397,544536.158058
22.2361111111,0.378957360983,7.99906349182,0.351599991322,-6.31172879366e-05,5.34062928637e-05,20,20,1.89662480354,-1.15128719807,41.5200233459,42.0000314713,40743.0309012,0.453906699395,0.452700343347,62.8956322927,544554.821909
22.2472222222,0.378867506981,7.99739551544,0.352111637592,-6.31172879366e-05,5.34062928637e-05,20,20,1.89662480354,-1.15128719807,41.5200233459,42.0000314713,40743.0309012,0.453381940103,0.452700343347,51.7113901025,544572.428817
22.2583333333,0.378788530827,7.99592685699,0.352559685707,-6.31172879366e-05,5.34062928637e-05,20,20,1.89662480354,-1.15128719807,41.5200233459,42.0000314713,40743.0309012,0.452917560315,0.452700343347,38.4543786584,544587.806649
22.2694444444,0.378722578287,7.9947013855,0.352933764458,-6.31172879366e-05,5.34062928637e-05,20,20,1.89662480354,-1.15128719807,41.5200233459,42.0000314713,40743.0309012,0.452523335195,0.452700343347,25.2888532014,544600.409742
22.2805555556,0.378671020269,7.99374389648,0.353227436543,-6.31172879366e-05,5.34062928637e-05,20,20,1.89662480354,-1.15128719807,41.5200233459,42.0000314713,40743.0309012,0.452209695554,0.452700343347,14.7536876445,544610.546128
22.2916666667,0.378634154797,7.99305725098,0.353439033031,-6.31172879366e-05,5.34062928637e-05,20,20,1.89662480354,-1.15128719807,41.5200233459,42.0000314713,40743.0309012,0.451976462579,0.452700343347,7.04061071558,544618.038986
22.3027777778,0.378611534834,7.99263763428,0.35356682539,-6.31172879366e-05,5.34062928637e-05,20,20,1.89662480354,-1.15128719807,41.5200233459,42.0000314713,40743.0309012,0.451829000688,0.452700343347,2.14875057195,544622.787161
22.3138888889,0.378603577614,7.99248552322,0.35361289978,-6.31172879366e-05,5.34062928637e-05,20,20,1.89662480354,-1.15128719807,41.5200233459,42.0000314713,40743.0309012,0.451759501672,0.452700343347,0.0774873885065,544624.670082
22.325,0.378608435392,7.99258136749,0.353584885597,-6.31172879366e-05,5.34062928637e-05,20,20,1.89662480354,-1.15128719807,41.5200233459,42.0000314713,40743.0309012,0.451772078252,0.452700343347,0.762215152609,544623.777796
22.3361111111,0.378627598286,7.99293708801,0.353476047516,-6.31172879366e-05,5.34062928637e-05,20,20,1.89662480354,-1.15128719807,41.5200233459,42.0000314713,40743.0309012,0.451860412335,0.452700343347,4.09839271189,544620.055457
22.3472222222,0.378660619259,7.99355125427,0.353289365768,-6.31172879366e-05,5.34062928637e-05,20,20,1.89662480354,-1.15128719807,41.5200233459,42.0000314713,40743.0309012,0.452027603364,0.452700343347,10.0864720646,544613.664448
22.3583333333,0.378707647324,7.99442481995,0.353022217751,-6.31172879366e-05,5.34062928637e-05,20,20,1.89662480354,-1.15128719807,41.5200233459,42.0000314713,40743.0309012,0.452274843431,0.452700343347,18.7271600626,544604.572025
22.3694444444,0.378768414259,7.99555397034,0.352676570415,-6.31172879366e-05,5.34062928637e-05,20,20,1.89662480354,-1.15128719807,41.5200233459,42.0000314713,40743.0309012,0.452600940442,0.452700343347,30.021510309,544592.743454
22.3805555556,0.378842711449,7.99693489075,0.352255284786,-6.31172879366e-05,5.34062928637e-05,20,20,1.89662480354,-1.15128719807,41.5200233459,42.0000314713,40743.0309012,0.453003867841,0.452700343347,42.969694711,544578.509455
22.3916666667,0.378929018974,7.9985370636,0.351767480373,-6.31172879366e-05,5.34062928637e-05,20,20,1.89662480354,-1.15128719807,41.5200233459,42.0000314713,40743.0309012,0.453475221372,0.452700343347,54.8048888171,544562.576489
22.4027777778,0.379023104906,8.00028610229,0.351232230663,-6.31172879366e-05,5.34062928637e-05,20,20,1.89662480354,-1.15128719807,41.5200233459,42.0000314713,40743.0309012,0.454002066827,0.452700343347,63.8431039597,544544.911576
22.4138888889,0.379123389721,8.00214767456,0.350665152073,-6.31172879366e-05,5.34062928637e-05,20,20,1.89662480354,-1.15128719807,41.5200233459,42.0000314713,40743.0309012,0.454563244557,0.452700343347,68.8286905685,544527.02213
22.425,0.379223942757,8.00401687622,0.350094377995,-6.31172879366e-05,5.34062928637e-05,20,20,1.89662480354,-1.15128719807,41.5200233459,42.0000314713,40743.0309012,0.455134316659,0.452700343347,69.0610322849,544508.060538
22.4361111111,0.37932369113,8.00586891174,0.349532842636,-6.47955894237e-05,5.34062928637e-05,20,20,1.89662480354,-1.15128719807,41.5200233459,42.0000314713,40743.0309012,0.455699666715,0.452700343347,64.5320283344,544490.277395
22.4472222222,0.379416465759,8.00759410858,0.349005401134,-6.47955894237e-05,5.34062928637e-05,20,20,1.89662480354,-1.15128719807,41.5200233459,42.0000314713,40743.0309012,0.456238135076,0.452700343347,55.8478753293,544472.688613
22.4583333333,0.379500597715,8.00915718079,0.348527729511,-6.47955894237e-05,5.34062928637e-05,20,20,1.89662480354,-1.15128719807,41.5200233459,42.0000314713,40743.0309012,0.45672981379,0.452700343347,44.2480053292,544456.72641
22.4694444444,0.379573047161,8.01050376892,0.348116993904,-6.77152129356e-05,5.34062928637e-05,20,20,1.89662480354,-1.15128719807,41.5200233459,42.0000314713,40743.0309012,0.457158848023,0.452700343347,31.3387768207,544442.989074
22.4805555556,0.379631400108,8.01158714294,0.347787082195,-7.68192257965e-05,5.34062928637e-05,20,20,1.89662480354,-1.15128719807,41.5200233459,42.0000314713,40743.0309012,0.457509442544,0.452700343347,18.9138686277,544431.94251
22.4916666667,0.379673480988,8.01236820221,0.347548007965,-7.81259659561e-05,5.34062928637e-05,20,20,1.89662480354,-1.15128719807,41.5200233459,42.0000314713,40743.0309012,0.457772656655,0.452700343347,8.68883118702,544423.98012
22.5027777778,0.379697680473,8.01281356812,0.347408413887,-9.03737163753e-05,5.34062928637e-05,20,20,1.89662480354,-1.15128719807,41.5200233459,42.0000314713,40743.0309012,0.457937880731,0.452700343347,2.0809918216,544418.938883
22.5138888889,0.37970289588,8.0129108429,0.347378790379,-9.51863330556e-05,5.34062928637e-05,20,20,1.89662480354,-1.15128719807,41.5200233459,42.0000314713,40743.0309012,0.457994326329,0.452700343347,0.0109038709527,544417.481522
22.525,0.379690229893,8.01266765594,0.347448170185,-0.000100688230305,5.34062928637e-05,20,20,1.89662480354,-1.15128719807,41.5200233459,42.0000314713,40743.0309012,0.457949920869,0.452700343347,2.62361285998,544419.295212
22.5361111111,0.379659682512,8.01210021973,0.347620308399,-9.05480701476e-05,5.34062928637e-05,20,20,1.89662480354,-1.15128719807,41.5200233459,42.0000314713,40743.0309012,0.457803353047,0.452700343347,9.48558627552,544425.112492
22.5472222222,0.379612267017,8.01121330261,0.347885906696,-9.97792521957e-05,5.34062928637e-05,20,20,1.89662480354,-1.15128719807,41.5200233459,42.0000314713,40743.0309012,0.457560225701,0.452700343347,19.6548582462,544433.637853
22.5583333333,0.379549562931,8.01004886627,0.348239898682,-9.54365314101e-05,5.34062928637e-05,20,20,1.89662480354,-1.15128719807,41.5200233459,42.0000314713,40743.0309012,0.457227512574,0.452700343347,31.7348183906,544445.543256
22.5694444444,0.379473984241,8.00864601135,0.348669230938,-9.20606544241e-05,5.34062928637e-05,20,20,1.89662480354,-1.15128719807,41.5200233459,42.0000314713,40743.0309012,0.456815525269,0.452700343347,44.0460163537,544460.174047
22.5805555556,0.379387944937,8.0070476532,0.349157750607,-9.39848250709e-05,5.34062928637e-05,20,20,1.89662480354,-1.15128719807,41.5200233459,42.0000314713,40743.0309012,0.456340118623,0.452700343347,54.8785792713,544476.533978
22.5916666667,0.379294604063,8.00531768799,0.349688231945,-9.75377042778e-05,5.34062928637e-05,20,20,1.89662480354,-1.15128719807,41.5200233459,42.0000314713,40743.0309012,0.455818995213,0.452700343347,62.730334838,544494.697658
22.6027777778,0.379197120667,8.00350284576,0.350241601467,-0.000103979909909,5.34062928637e-05,20,20,1.89662480354,-1.15128719807,41.5200233459,42.0000314713,40743.0309012,0.455268725133,0.452700343347,66.5058384759,544512.942614
22.6138888889,0.379099011421,8.0016708374,0.350794315338,-0.000107464999019,5.34062928637e-05,20,20,1.89662480354,-1.15128719807,41.5200233459,42.0000314713,40743.0309012,0.45471458075,0.452700343347,65.7046737055,544530.83592
22.625,0.379003465176,7.99989032745,0.351331830025,-0.000105414248537,5.40496803296e-05,20,20,1.89662480354,-1.15128719807,41.5200233459,42.0000314713,40743.0309012,0.454171224809,0.452700343347,60.4570397388,544548.42552
22.6361111111,0.378914058208,7.99822807312,0.351837158203,-0.000102453261206,5.34062928637e-05,20,20,1.89662480354,-1.15128719807,41.5200233459,42.0000314713,40743.0309012,0.453656181073,0.452700343347,51.4800203008,544565.334504
22.6472222222,0.378833681345,7.99673557281,0.352293550968,-0.000101526231447,5.34062928637e-05,20,20,1.89662480354,-1.15128719807,41.5200233459,42.0000314713,40743.0309012,0.453186019635,0.452700343347,39.994653526,544580.723212
22.6583333333,0.378765374422,7.99546432495,0.352680742741,-9.7204654594e-05,5.34062928637e-05,20,20,1.89662480354,-1.15128719807,41.5200233459,42.0000314713,40743.0309012,0.452779992795,0.452700343347,27.5850267384,544593.49833
22.6694444444,0.378711074591,7.99445438385,0.352988481522,-0.000103849080915,5.38815438631e-05,20,20,1.89662480354,-1.15128719807,41.5200233459,42.0000314713,40743.0309012,0.452452584481,0.452700343347,16.5208882244,544603.89749
22.6805555556,0.378671169281,7.99371147156,0.353215694427,-0.000105372426333,5.34062928637e-05,20,20,1.89662480354,-1.15128719807,41.5200233459,42.0000314713,40743.0309012,0.452204450345,0.452700343347,8.27447969868,544611.666571
22.6916666667,0.378645479679,7.9932346344,0.353361904621,-9.70146793406e-05,5.34062928637e-05,20,20,1.89662480354,-1.15128719807,41.5200233459,42.0000314713,40743.0309012,0.452037855363,0.452700343347,2.85476787197,544616.664773
22.7027777778,0.37863394618,7.99301862717,0.353425681591,-9.73571586655e-05,5.34062928637e-05,20,20,1.89662480354,-1.15128719807,41.5200233459,42.0000314713,40743.0309012,0.451953991628,0.452700343347,0.251355671315,544618.608856
22.7138888889,0.378636837006,7.99306678772,0.353407084942,-9.22874824028e-05,5.34062928637e-05,20,20,1.89662480354,-1.15128719807,41.5200233459,42.0000314713,40743.0309012,0.451952441907,0.452700343347,0.434622839025,544617.630266
22.725,0.378653526306,7.9933757782,0.353311002254,-9.1438058007e-05,5.41122208233e-05,20,20,1.89662480354,-1.15128719807,41.5200233459,42.0000314713,40743.0309012,0.452028914666,0.452700343347,3.29112941428,544614.389972
22.7361111111,0.37868398428,7.99394226074,0.353136777878,-0.000102596357465,5.34062928637e-05,20,20,1.89662480354,-1.15128719807,41.5200233459,42.0000314713,40743.0309012,0.452183588719,0.452700343347,8.77422095033,544608.439375
22.7472222222,0.378728270531,7.99476623535,0.352887034416,-9.95006994344e-05,5.34062928637e-05,20,20,1.89662480354,-1.15128719807,41.5200233459,42.0000314713,40743.0309012,0.452413901067,0.452700343347,16.9228322807,544599.874371
22.7583333333,0.378786474466,7.99585056305,0.352557361126,-8.89070361154e-05,5.34062928637e-05,20,20,1.89662480354,-1.15128719807,41.5200233459,42.0000314713,40743.0309012,0.452724679685,0.452700343347,27.6922930851,544588.917386
22.7694444444,0.378857821226,7.997174263,0.352153718472,-9.2184607638e-05,5.34062928637e-05,20,20,1.89662480354,-1.15128719807,41.5200233459,42.0000314713,40743.0309012,0.453109904504,0.452700343347,39.4530620382,544575.209169
22.7805555556,0.378939688206,7.99869918823,0.351690232754,-9.2507172667e-05,5.34062928637e-05,20,20,1.89662480354,-1.15128719807,41.5200233459,42.0000314713,40743.0309012,0.453560396409,0.452700343347,50.1394974426,544559.819643
22.7916666667,0.379029393196,8.00037002563,0.351182997227,-8.88581416802e-05,5.34062928637e-05,20,20,1.89662480354,-1.15128719807,41.5200233459,42.0000314713,40743.0309012,0.45405857203,0.452700343347,58.275651156,544543.094612
22.8027777778,0.379123777151,8.00211906433,0.350646615028,-8.5585830675e-05,5.34062928637e-05,20,20,1.89662480354,-1.15128719807,41.5200233459,42.0000314713,40743.0309012,0.454588338113,0.452700343347,62.740654933,544524.64664
22.8138888889,0.379219353199,8.00388908386,0.350101530552,-8.06909883977e-05,5.34062928637e-05,20,20,1.89662480354,-1.15128719807,41.5200233459,42.0000314713,40743.0309012,0.455134435868,0.452700343347,62.8866714674,544505.825382
22.825,0.379311650991,8.00560188293,0.349570333958,-7.61028713896e-05,5.34062928637e-05,20,20,1.89662480354,-1.15128719807,41.5200233459,42.0000314713,40743.0309012,0.455670758462,0.452700343347,58.7026655089,544486.582774
22.8361111111,0.379399716854,8.00723743439,0.349070072174,-7.28796294425e-05,5.34062928637e-05,20,20,1.89662480354,-1.15128719807,41.5200233459,42.0000314713,40743.0309012,0.456179484105,0.452700343347,50.7920171756,544469.322956
22.8472222222,0.379479795694,8.00872612,0.348615467548,-7.25712961867e-05,5.34062928637e-05,20,20,1.89662480354,-1.15128719807,41.5200233459,42.0000314713,40743.0309012,0.456647738194,0.452700343347,40.236897081,544453.967812
22.8583333333,0.379548847675,8.01000595093,0.348222851753,-7.67424571677e-05,5.34062928637e-05,20,20,1.89662480354,-1.15128719807,41.5200233459,42.0000314713,40743.0309012,0.457056328034,0.452700343347,28.4966271227,544440.546342
22.8694444444,0.379603713751,8.01102638245,0.347908854485,-7.18977316865e-05,5.34062928637e-05,20,20,1.89662480354,-1.15128719807,41.5200233459,42.0000314713,40743.0309012,0.457393034673,0.452700343347,17.189023961,544429.660811
22.8805555556,0.379643410444,8.01176452637,0.347683131695,-6.97305003996e-05,5.34062928637e-05,20,20,1.89662480354,-1.15128719807,41.5200233459,42.0000314713,40743.0309012,0.457639976716,0.452700343347,7.89603102019,544421.828697
22.8916666667,0.379666566849,8.01219463348,0.347551584244,-7.8912707977e-05,5.34062928637e-05,20,20,1.89662480354,-1.15128719807,41.5200233459,42.0000314713,40743.0309012,0.457796438909,0.452700343347,1.89286811526,544417.446909
22.9027777778,0.379671514034,8.01228618622,0.347524225712,-7.71244449425e-05,5.34062928637e-05,20,20,1.89662480354,-1.15128719807,41.5200233459,42.0000314713,40743.0309012,0.457848354554,0.452700343347,0.00937529956446,544416.088016
22.9138888889,0.379658281803,8.01204109192,0.347596228123,-8.22858055471e-05,5.34062928637e-05,20,20,1.89662480354,-1.15128719807,41.5200233459,42.0000314713,40743.0309012,0.457802458978,0.452700343347,2.36297295071,544417.574145
22.925,0.379629313946,8.01150131226,0.347761750221,-7.13533227099e-05,5.34062928637e-05,20,20,1.89662480354,-1.15128719807,41.5200233459,42.0000314713,40743.0309012,0.457659467435,0.452700343347,8.54014943263,544423.09883
22.9361111111,0.379584282637,8.01066589355,0.348015844822,-7.44644275983e-05,5.34062928637e-05,20,20,1.89662480354,-1.15128719807,41.5200233459,42.0000314713,40743.0309012,0.457426890111,0.452700343347,17.6843905362,544431.658338
22.9472222222,0.379524946213,8.00956249237,0.348352372646,-7.91650381871e-05,5.34062928637e-05,20,20,1.89662480354,-1.15128719807,41.5200233459,42.0000314713,40743.0309012,0.457110270238,0.452700343347,28.5359899135,544442.963817
22.9583333333,0.379453271627,8.00823020935,0.348758637905,-7.47257581679e-05,5.34062928637e-05,20,20,1.89662480354,-1.15128719807,41.5200233459,42.0000314713,40743.0309012,0.456719740605,0.452700343347,39.5878208923,544456.592629
22.9694444444,0.379371672869,8.00671386719,0.349221169949,-7.51629486331e-05,5.34062928637e-05,20,20,1.89662480354,-1.15128719807,41.5200233459,42.0000314713,40743.0309012,0.456270083165,0.452700343347,49.3131492929,544472.110794
22.9805555556,0.379283070564,8.00506877899,0.349723577499,-7.71069535404e-05,5.34062928637e-05,20,20,1.89662480354,-1.15128719807,41.5200233459,42.0000314713,40743.0309012,0.45577596066,0.452700343347,56.3599784049,544488.941308
22.9916666667,0.37919062376,8.00335121155,0.35024869442,-8.06130628916e-05,5.34062928637e-05,20,20,1.89662480354,-1.15128719807,41.5200233459,42.0000314713,40743.0309012,0.455254598832,0.452700343347,59.7467922118,544506.515823
23.0027777778,0.379097521305,8.00162601471,0.350778520107,-8.34992388263e-05,5.34062928637e-05,20,20,1.89662480354,-1.15128719807,41.5200233459,42.0000314713,40743.0309012,0.454725249982,0.452700343347,59.0037920848,544524.66582
23.0138888889,0.379007190466,7.99994754791,0.351292550564,-8.79328363226e-05,5.35504514119e-05,20,20,1.89662480354,-1.15128719807,41.5200233459,42.0000314713,40743.0309012,0.454204722619,0.452700343347,54.223297209,544541.922363
23.025,0.378922581673,7.99837493896,0.351771831512,-8.34585371194e-05,5.34062928637e-05,20,20,1.89662480354,-1.15128719807,41.5200233459,42.0000314713,40743.0309012,0.453715666509,0.452700343347,46.0885258143,544557.951692
23.0361111111,0.378846734762,7.99696540833,0.352202892303,-8.11447462183e-05,5.34062928637e-05,20,20,1.89662480354,-1.15128719807,41.5200233459,42.0000314713,40743.0309012,0.45327077744,0.452700343347,35.7182957493,544572.402038
23.0472222222,0.378782242537,7.99576377869,0.352567911148,-7.67671153881e-05,5.34062928637e-05,20,20,1.89662480354,-1.15128719807,41.5200233459,42.0000314713,40743.0309012,0.452887400365,0.452700343347,24.5545045542,544584.343811
23.0583333333,0.378731280565,7.99481582642,0.352855980396,-8.69169671205e-05,5.34062928637e-05,20,20,1.89662480354,-1.15128719807,41.5200233459,42.0000314713,40743.0309012,0.452579900002,0.452700343347,14.3156787493,544594.058496
23.0694444444,0.378694683313,7.99413585663,0.353065490723,-8.35759346955e-05,5.34062928637e-05,20,20,1.89662480354,-1.15128719807,41.5200233459,42.0000314713,40743.0309012,0.452350600934,0.452700343347,6.73840029823,544601.224144
23.0805555556,0.378672361374,7.99372148514,0.353192269802,-7.36519359634e-05,5.34062928637e-05,20,20,1.89662480354,-1.15128719807,41.5200233459,42.0000314713,40743.0309012,0.452203139043,0.452700343347,1.98683853996,544605.553424
23.0916666667,0.378664553165,7.9935760498,0.353236734867,-7.64423748478e-05,5.34062928637e-05,20,20,1.89662480354,-1.15128719807,41.5200233459,42.0000314713,40743.0309012,0.452136918282,0.452700343347,0.0486642036359,544607.238124
23.1027777778,0.378670394421,7.99368476868,0.353202879429,-7.53876884119e-05,5.34062928637e-05,20,20,1.89662480354,-1.15128719807,41.5200233459,42.0000314713,40743.0309012,0.452152296281,0.452700343347,0.866782577508,544605.927412
23.1138888889,0.378690242767,7.99405384064,0.353089094162,-7.74913787609e-05,5.34062928637e-05,20,20,1.89662480354,-1.15128719807,41.5200233459,42.0000314713,40743.0309012,0.452246292806,0.452700343347,4.33705915613,544602.037843
23.125,0.378723978996,7.99468135834,0.352897763252,-8.57606064528e-05,5.34062928637e-05,20,20,1.89662480354,-1.15128719807,41.5200233459,42.0000314713,40743.0309012,0.452418609834,0.452700343347,10.4598665634,544595.490947
23.1361111111,0.378771573305,7.99556493759,0.352627813816,-7.68002428231e-05,5.34062928637e-05,20,20,1.89662480354,-1.15128719807,41.5200233459,42.0000314713,40743.0309012,0.452668472505,0.452700343347,19.2359743654,544586.224159
23.1472222222,0.378832578659,7.99669933319,0.352281391621,-7.05736456439e-05,5.34062928637e-05,20,20,1.89662480354,-1.15128719807,41.5200233459,42.0000314713,40743.0309012,0.452996715283,0.452700343347,29.7231950953,544574.56469
23.1583333333,0.3789049685,7.998046875,0.351871550083,-7.32407643227e-05,5.34062928637e-05,20,20,1.89662480354,-1.15128719807,41.5200233459,42.0000314713,40743.0309012,0.453392013288,0.452700343347,40.0377546036,544560.931434
23.1694444444,0.378986358643,7.99956035614,0.351410746574,-7.31479231035e-05,5.34062928637e-05,20,20,1.89662480354,-1.15128719807,41.5200233459,42.0000314713,40743.0309012,0.453841491914,0.452700343347,48.758591812,544545.570209
23.1805555556,0.379073858261,8.00118637085,0.350914537907,-7.00226446497e-05,5.34062928637e-05,20,20,1.89662480354,-1.15128719807,41.5200233459,42.0000314713,40743.0309012,0.454330548024,0.452700343347,54.6737056142,544528.90213
23.1916666667,0.379164367914,8.00287532806,0.350404322147,-6.66267442284e-05,5.34062928637e-05,20,20,1.89662480354,-1.15128719807,41.5200233459,42.0000314713,40743.0309012,0.454838856435,0.452700343347,56.972266445,544512.358012
23.2027777778,0.379254758358,8.00455570221,0.3498929739,-6.23176601948e-05,5.34062928637e-05,20,20,1.89662480354,-1.15128719807,41.5200233459,42.0000314713,40743.0309012,0.455351158357,0.452700343347,55.3625703481,544495.222389
23.2138888889,0.379341840744,8.00617790222,0.34939968586,-6.00228959229e-05,5.34062928637e-05,20,20,1.89662480354,-1.15128719807,41.5200233459,42.0000314713,40743.0309012,0.455851002908,0.452700343347,50.0034667099,544478.880585
23.225,0.379422694445,8.00768089294,0.348942279816,-6.00578205194e-05,5.34062928637e-05,20,20,1.89662480354,-1.15128719807,41.5200233459,42.0000314713,40743.0309012,0.45631878016,0.452700343347,41.6902958461,544463.68273
23.2361111111,0.379494339228,8.00901126862,0.348536431789,-6.33996896795e-05,5.34062928637e-05,20,20,1.89662480354,-1.15128719807,41.5200233459,42.0000314713,40743.0309012,0.456738992906,0.452700343347,31.5511828511,544449.93674
23.2472222222,0.379554390907,8.01012611389,0.34819573164,-6.16097531747e-05,5.34062928637e-05,20,20,1.89662480354,-1.15128719807,41.5200233459,42.0000314713,40743.0309012,0.457097455239,0.452700343347,20.9866184137,544438.465201
23.2583333333,0.379600673914,8.01098632812,0.347931861877,-5.91335156059e-05,5.34062928637e-05,20,20,1.89662480354,-1.15128719807,41.5200233459,42.0000314713,40743.0309012,0.457381054139,0.452700343347,11.4608802276,544429.602339
23.2694444444,0.379631668329,8.01156139374,0.347754895687,-6.91457389621e-05,5.34062928637e-05,20,20,1.89662480354,-1.15128719807,41.5200233459,42.0000314713,40743.0309012,0.457580789304,0.452700343347,4.28548195648,544423.650456
23.2805555556,0.379646211863,8.01183128357,0.347672760487,-7.17115108273e-05,5.34062928637e-05,20,20,1.89662480354,-1.15128719807,41.5200233459,42.0000314713,40743.0309012,0.457686885571,0.452700343347,0.465768420142,544420.9315
23.2916666667,0.379643052816,8.01177310944,0.347690939903,-7.1683243732e-05,5.34062928637e-05,20,20,1.89662480354,-1.15128719807,41.5200233459,42.0000314713,40743.0309012,0.45769213078,0.452700343347,0.489971562156,544420.765088
23.3027777778,0.37962448597,8.01142787933,0.34779638052,-6.75756382407e-05,5.34062928637e-05,20,20,1.89662480354,-1.15128719807,41.5200233459,42.0000314713,40743.0309012,0.457610174394,0.452700343347,4.1952736359,544424.322302
23.3138888889,0.379590064287,8.01078891754,0.347991585732,-5.68557225051e-05,5.34062928637e-05,20,20,1.89662480354,-1.15128719807,41.5200233459,42.0000314713,40743.0309012,0.457436486459,0.452700343347,11.0543333396,544430.877617
23.325,0.379541128874,8.00988006592,0.348267674446,-6.68513821438e-05,5.34062928637e-05,20,20,1.89662480354,-1.15128719807,41.5200233459,42.0000314713,40743.0309012,0.457179828858,0.452700343347,20.1195516833,544440.164169
23.3361111111,0.379479378462,8.00873184204,0.348618268967,-6.69334549457e-05,5.34062928637e-05,20,20,1.89662480354,-1.15128719807,41.5200233459,42.0000314713,40743.0309012,0.456846817708,0.452700343347,30.1388460936,544451.935086
23.3472222222,0.379406899214,8.00737953186,0.349026560783,-6.33172385278e-05,5.34062928637e-05,20,20,1.89662480354,-1.15128719807,41.5200233459,42.0000314713,40743.0309012,0.456452175355,0.452700343347,39.7269177616,544465.269198
23.3583333333,0.379326283932,8.00587940216,0.349482476711,-6.39590289211e-05,5.34062928637e-05,20,20,1.89662480354,-1.15128719807,41.5200233459,42.0000314713,40743.0309012,0.456006571031,0.452700343347,47.5681664621,544480.435595
23.3694444444,0.379240244627,8.00428581238,0.349971592426,-6.43893290544e-05,5.34062928637e-05,20,20,1.89662480354,-1.15128719807,41.5200233459,42.0000314713,40743.0309012,0.45552419064,0.452700343347,52.5670090748,544497.202257
23.3805555556,0.379151940346,8.00263786316,0.350470900536,-6.87939682393e-05,5.34062928637e-05,20,20,1.89662480354,-1.15128719807,41.5200233459,42.0000314713,40743.0309012,0.455025299764,0.452700343347,54.0244959163,544513.39332
23.3916666667,0.379063725471,8.00099468231,0.350967109203,-7.20319148968e-05,5.34062928637e-05,20,20,1.89662480354,-1.15128719807,41.5200233459,42.0000314713,40743.0309012,0.45452748177,0.452700343347,51.7581150771,544529.33003
23.4027777778,0.378979891539,7.99943637848,0.351442396641,-7.22194308764e-05,5.34062928637e-05,20,20,1.89662480354,-1.15128719807,41.5200233459,42.0000314713,40743.0309012,0.454044505334,0.452700343347,46.0648305974,544545.255746
23.4138888889,0.378902763128,7.99800300598,0.351879835129,-7.18058508937e-05,5.34062928637e-05,20,20,1.89662480354,-1.15128719807,41.5200233459,42.0000314713,40743.0309012,0.453596278405,0.452700343347,37.7358819402,544559.891916
23.425,0.378834962845,7.99674320221,0.352264225483,-6.73670656397e-05,5.34062928637e-05,20,20,1.89662480354,-1.15128719807,41.5200233459,42.0000314713,40743.0309012,0.453197344518,0.452700343347,27.9230071494,544572.757667
23.4361111111,0.378779053688,7.99570274353,0.352581441402,-7.35988796805e-05,5.34062928637e-05,20,20,1.89662480354,-1.15128719807,41.5200233459,42.0000314713,40743.0309012,0.452862008786,0.452700343347,17.9846852143,544583.355749
23.4472222222,0.378736764193,7.99491691589,0.352821946144,-7.17419825378e-05,5.34062928637e-05,20,20,1.89662480354,-1.15128719807,41.5200233459,42.0000314713,40743.0309012,0.452602013326,0.452700343347,9.40763096128,544591.443737
23.4583333333,0.378708779812,7.99439668655,0.352981388569,-6.00073508394e-05,5.34062928637e-05,20,20,1.89662480354,-1.15128719807,41.5200233459,42.0000314713,40743.0309012,0.452421888089,0.452700343347,3.53212821874,544596.897671
23.4694444444,0.378694921732,7.994140625,0.353058755398,-6.28414418316e-05,5.34062928637e-05,20,20,1.89662480354,-1.15128719807,41.5200233459,42.0000314713,40743.0309012,0.452324196076,0.452700343347,0.478400315346,544599.538508
23.4805555556,0.378694921732,7.99414157867,0.353058159351,-6.3409395807e-05,5.34062928637e-05,20,20,1.89662480354,-1.15128719807,41.5200233459,42.0000314713,40743.0309012,0.452305480218,0.452700343347,0.228496508069,544599.119731
23.4916666667,0.378709346056,7.99440956116,0.352976977825,-5.93971853959e-05,5.34062928637e-05,20,20,1.89662480354,-1.15128719807,41.5200233459,42.0000314713,40743.0309012,0.45236645577,0.452700343347,2.65563085791,544596.323942
23.5027777778,0.378737688065,7.99493503571,0.352816045284,-6.95733178873e-05,5.34062928637e-05,20,20,1.89662480354,-1.15128719807,41.5200233459,42.0000314713,40743.0309012,0.452507659173,0.452700343347,7.73544573615,544590.810016
23.5138888889,0.378779798746,7.99571800232,0.352577745914,-7.12411347195e-05,5.34062928637e-05,20,20,1.89662480354,-1.15128719807,41.5200233459,42.0000314713,40743.0309012,0.452726885056,0.452700343347,15.4418352718,544582.66297
23.525,0.378835171461,7.99674987793,0.352264821529,-6.21467115707e-05,5.34062928637e-05,20,20,1.89662480354,-1.15128719807,41.5200233459,42.0000314713,40743.0309012,0.453021510816,0.452700343347,24.764888273,544572.325674
23.5361111111,0.378901958466,7.99799156189,0.351886868477,-6.72390742693e-05,5.34062928637e-05,20,20,1.89662480354,-1.15128719807,41.5200233459,42.0000314713,40743.0309012,0.453384324288,0.452700343347,34.2215374893,544559.756612
23.5472222222,0.378977656364,7.99939537048,0.351456463337,-6.90801680321e-05,5.34062928637e-05,20,20,1.89662480354,-1.15128719807,41.5200233459,42.0000314713,40743.0309012,0.453802808499,0.452700343347,42.4984358765,544545.018934
23.5583333333,0.37905973196,8.00092506409,0.350992083549,-6.86762359692e-05,5.34062928637e-05,20,20,1.89662480354,-1.15128719807,41.5200233459,42.0000314713,40743.0309012,0.454260572171,0.452700343347,48.4452159046,544529.740972
23.5694444444,0.379144757986,8.00250148773,0.350506305695,-6.96917413734e-05,5.34062928637e-05,20,20,1.89662480354,-1.15128719807,41.5200233459,42.0000314713,40743.0309012,0.454743429399,0.452700343347,51.2448599599,544512.742877
23.5805555556,0.379229456186,8.00407409668,0.350021660328,-6.79998775013e-05,5.34062928637e-05,20,20,1.89662480354,-1.15128719807,41.5200233459,42.0000314713,40743.0309012,0.455229326463,0.452700343347,50.5177289924,544495.192687
23.5916666667,0.379311263561,8.00559520721,0.349554955959,-6.76103300066e-05,5.34062928637e-05,20,20,1.89662480354,-1.15128719807,41.5200233459,42.0000314713,40743.0309012,0.455701991296,0.452700343347,46.3868768583,544478.06338
23.6027777778,0.379389256239,8.00704193115,0.349113464355,-6.83122198097e-05,5.34062928637e-05,20,20,1.89662480354,-1.15128719807,41.5200233459,42.0000314713,40743.0309012,0.456150993085,0.452700343347,39.4284600397,544462.753025
23.6138888889,0.379459112883,8.0083398819,0.348716914654,-7.15207715984e-05,5.34062928637e-05,20,20,1.89662480354,-1.15128719807,41.5200233459,42.0000314713,40743.0309012,0.456560000157,0.452700343347,30.5738094936,544449.145731
23.625,0.379518687725,8.00944709778,0.34837937355,-7.07332437742e-05,5.34062928637e-05,20,20,1.89662480354,-1.15128719807,41.5200233459,42.0000314713,40743.0309012,0.456913813329,0.452700343347,21.0404138137,544437.700738
23.6361111111,0.379565805197,8.0103225708,0.348111748695,-6.67088970658e-05,5.34062928637e-05,20,20,1.89662480354,-1.15128719807,41.5200233459,42.0000314713,40743.0309012,0.457199856019,0.452700343347,12.1489882558,544428.728182
23.6472222222,0.379598706961,8.01093387604,0.347924768925,-7.67210294725e-05,5.34062928637e-05,20,20,1.89662480354,-1.15128719807,41.5200233459,42.0000314713,40743.0309012,0.457407935834,0.452700343347,5.10759765161,544422.485342
23.6583333333,0.379616141319,8.01125717163,0.347826182842,-7.66851226217e-05,5.34062928637e-05,20,20,1.89662480354,-1.15128719807,41.5200233459,42.0000314713,40743.0309012,0.457528933263,0.452700343347,0.914943711513,544419.144709
23.6694444444,0.379616945982,8.01127624512,0.347822487354,-7.50577091821e-05,5.34062928637e-05,20,20,1.89662480354,-1.15128719807,41.5200233459,42.0000314713,40743.0309012,0.457555576539,0.452700343347,0.130416194877,544418.700321
23.6805555556,0.379602909088,8.01101493835,0.347903251648,-7.51545958337e-05,5.34062928637e-05,20,20,1.89662480354,-1.15128719807,41.5200233459,42.0000314713,40743.0309012,0.457496031499,0.452700343347,2.71015581891,544421.406413
23.6916666667,0.379573792219,8.01047134399,0.348066866398,-6.3503801357e-05,5.34062928637e-05,20,20,1.89662480354,-1.15128719807,41.5200233459,42.0000314713,40743.0309012,0.457353099561,0.452700343347,8.26006985865,544426.66084
23.7027777778,0.379530549049,8.00966739655,0.348310410976,-6.68736829539e-05,5.34062928637e-05,20,20,1.89662480354,-1.15128719807,41.5200233459,42.0000314713,40743.0309012,0.457128807282,0.452700343347,16.0174289978,544434.878871
23.7138888889,0.379474818707,8.00863075256,0.348626375198,-7.62126219342e-05,5.34062928637e-05,20,20,1.89662480354,-1.15128719807,41.5200233459,42.0000314713,40743.0309012,0.456830128407,0.452700343347,24.9128243816,544445.505487
23.725,0.379408270121,8.00739479065,0.349003911018,-7.04474368831e-05,5.34062928637e-05,20,20,1.89662480354,-1.15128719807,41.5200233459,42.0000314713,40743.0309012,0.456466718888,0.452700343347,33.7108337776,544458.176057
23.7361111111,0.379333585501,8.00600814819,0.349427640438,-6.72278765705e-05,5.34062928637e-05,20,20,1.89662480354,-1.15128719807,41.5200233459,42.0000314713,40743.0309012,0.456053360677,0.452700343347,41.1898924287,544472.578105
23.7472222222,0.37925311923,8.00451278687,0.349884033203,-6.76130948705e-05,5.34062928637e-05,20,20,1.89662480354,-1.15128719807,41.5200233459,42.0000314713,40743.0309012,0.455603643632,0.452700343347,46.3174336585,544487.831508
23.7583333333,0.379169821739,8.00296401978,0.350356459618,-6.77515999996e-05,5.34062928637e-05,20,20,1.89662480354,-1.15128719807,41.5200233459,42.0000314713,40743.0309012,0.455133661008,0.452700343347,48.383045054,544503.679573
23.7694444444,0.379086494446,8.00142097473,0.350831449032,-6.79056538502e-05,5.34062928637e-05,20,20,1.89662480354,-1.15128719807,41.5200233459,42.0000314713,40743.0309012,0.454657658315,0.452700343347,47.0950363324,544520.032253
23.7805555556,0.37900608778,7.99992465973,0.351287901402,-6.87020365149e-05,5.34062928637e-05,20,20,1.89662480354,-1.15128719807,41.5200233459,42.0000314713,40743.0309012,0.454194709039,0.452700343347,42.6231088406,544535.161578
23.7916666667,0.378931432962,7.99853897095,0.351711690426,-6.54220420984e-05,5.34062928637e-05,20,20,1.89662480354,-1.15128719807,41.5200233459,42.0000314713,40743.0309012,0.453761383271,0.452700343347,35.5978350652,544549.513925
23.8027777778,0.378865092993,7.99730634689,0.35208761692,-5.65407972317e-05,5.34062928637e-05,20,20,1.89662480354,-1.15128719807,41.5200233459,42.0000314713,40743.0309012,0.453372999406,0.452700343347,27.0003612639,544562.102868
23.8138888889,0.378809541464,7.99627017975,0.352401971817,-5.98997576162e-05,5.34062928637e-05,20,20,1.89662480354,-1.15128719807,41.5200233459,42.0000314713,40743.0309012,0.453040882325,0.452700343347,18.009153159,544572.288604
23.825,0.378766596317,7.99547195435,0.352644443512,-5.84391273151e-05,5.34062928637e-05,20,20,1.89662480354,-1.15128719807,41.5200233459,42.0000314713,40743.0309012,0.452780350423,0.452700343347,9.88504936613,544580.449683
23.8361111111,0.378737598658,7.99493312836,0.352808952332,-4.66778110422e-05,5.34062928637e-05,20,20,1.89662480354,-1.15128719807,41.5200233459,42.0000314713,40743.0309012,0.452595754838,0.452700343347,3.83977962061,544585.950979
23.8472222222,0.378723025322,7.99466133118,0.352891266346,-5.08440461999e-05,5.34062928637e-05,20,20,1.89662480354,-1.15128719807,41.5200233459,42.0000314713,40743.0309012,0.452493056035,0.452700343347,0.595602576948,544588.76887
23.8583333333,0.378722250462,7.99464893341,0.35289567709,-5.06312571815e-05,5.34062928637e-05,20,20,1.89662480354,-1.15128719807,41.5200233459,42.0000314713,40743.0309012,0.452469333386,0.452700343347,0.158413956972,544588.771209
23.8694444444,0.378735780716,7.99489974976,0.352818727493,-4.6264831326e-05,5.34062928637e-05,20,20,1.89662480354,-1.15128719807,41.5200233459,42.0000314713,40743.0309012,0.452525600171,0.452700343347,2.40153263345,544586.1423
23.8805555556,0.378763049841,7.99540615082,0.352664172649,-5.80669911869e-05,5.34062928637e-05,20,20,1.89662480354,-1.15128719807,41.5200233459,42.0000314713,40743.0309012,0.452660902715,0.452700343347,7.29762876025,544580.81607
23.8916666667,0.378803998232,7.99617147446,0.352433979511,-5.90646995988e-05,5.34062928637e-05,20,20,1.89662480354,-1.15128719807,41.5200233459,42.0000314713,40743.0309012,0.452873274064,0.452700343347,14.5035545254,544573.343559
23.9027777778,0.378857433796,7.99716043472,0.352130830288,-4.68338585051e-05,5.34062928637e-05,20,20,1.89662480354,-1.15128719807,41.5200233459,42.0000314713,40743.0309012,0.453158243871,0.452700343347,22.8797645531,544562.841138
23.9138888889,0.378921329975,7.9983496666,0.351769208908,-5.18635970366e-05,5.34062928637e-05,20,20,1.89662480354,-1.15128719807,41.5200233459,42.0000314713,40743.0309012,0.453506871438,0.452700343347,31.2570281551,544550.862644
23.925,0.378993481398,7.99969291687,0.351360440254,-5.5070653616e-05,5.34062928637e-05,20,20,1.89662480354,-1.15128719807,41.5200233459,42.0000314713,40743.0309012,0.453904851651,0.452700343347,38.4828379889,544537.342707
23.9361111111,0.379071414471,8.00113677979,0.350916862488,-5.66419585084e-05,5.34062928637e-05,20,20,1.89662480354,-1.15128719807,41.5200233459,42.0000314713,40743.0309012,0.454341336465,0.452700343347,43.5516243313,544522.07913
23.9472222222,0.379152357578,8.00264453888,0.350459337234,-5.57921957807e-05,5.34062928637e-05,20,20,1.89662480354,-1.15128719807,41.5200233459,42.0000314713,40743.0309012,0.454796775556,0.452700343347,45.7591669386,544507.014125
23.9583333333,0.379233539104,8.00415611267,0.350000023842,-5.48989046365e-05,5.34062928637e-05,20,20,1.89662480354,-1.15128719807,41.5200233459,42.0000314713,40743.0309012,0.455257459855,0.452700343347,44.8119378033,544491.840828
23.9694444444,0.379312127829,8.00562095642,0.349557161331,-5.52527344553e-05,5.34062928637e-05,20,20,1.89662480354,-1.15128719807,41.5200233459,42.0000314713,40743.0309012,0.455705209947,0.452700343347,40.8458516623,544477.245471
23.9805555556,0.379385322332,8.00698184967,0.349142730236,-6.1808997998e-05,5.34062928637e-05,20,20,1.89662480354,-1.15128719807,41.5200233459,42.0000314713,40743.0309012,0.456128581738,0.452700343347,34.4070215872,544463.344062
23.9916666667,0.379450619221,8.00819587708,0.348772883415,-7.00054006302e-05,5.34062928637e-05,20,20,1.89662480354,-1.15128719807,41.5200233459,42.0000314713,40743.0309012,0.456510587907,0.452700343347,26.3783500323,544450.937786
24.0027777778,0.379505872726,8.00922870636,0.348462760448,-6.77879506839e-05,5.34062928637e-05,20,20,1.89662480354,-1.15128719807,41.5200233459,42.0000314713,40743.0309012,0.456836744523,0.452700343347,17.87304814,544441.019267
24.0138888889,0.379548966885,8.01003265381,0.348220348358,-6.63448299747e-05,5.34062928637e-05,20,20,1.89662480354,-1.15128719807,41.5200233459,42.0000314713,40743.0309012,0.457097455239,0.452700343347,10.0674710513,544433.151368
24.025,0.379578500986,8.01058101654,0.348054766655,-7.72199346102e-05,5.34062928637e-05,20,20,1.89662480354,-1.15128719807,41.5200233459,42.0000314713,40743.0309012,0.457282408452,0.452700343347,4.03462343611,544427.525409
24.0361111111,0.37959343195,8.01085853577,0.347970604897,-7.98159671831e-05,5.34062928637e-05,20,20,1.89662480354,-1.15128719807,41.5200233459,42.0000314713,40743.0309012,0.457387670255,0.452700343347,0.600229734083,544424.697694
24.0472222222,0.37959343195,8.01085662842,0.34797078371,-7.94164516265e-05,5.34062928637e-05,20,20,1.89662480354,-1.15128719807,41.5200233459,42.0000314713,40743.0309012,0.457407816625,0.452700343347,0.218723287371,544424.585545
24.0583333333,0.3795786798,8.01058197021,0.348053812981,-7.94700099505e-05,5.34062928637e-05,20,20,1.89662480354,-1.15128719807,41.5200233459,42.0000314713,40743.0309012,0.457345827794,0.452700343347,2.80987913271,544427.405658
24.0694444444,0.379549711943,8.0100440979,0.348217368126,-6.70596637065e-05,5.34062928637e-05,20,20,1.89662480354,-1.15128719807,41.5200233459,42.0000314713,40743.0309012,0.457202061391,0.452700343347,7.98980550794,544432.921923
24.0805555556,0.379507660866,8.00926399231,0.348456382751,-6.95475901011e-05,5.34062928637e-05,20,20,1.89662480354,-1.15128719807,41.5200233459,42.0000314713,40743.0309012,0.456980987763,0.452700343347,15.041731603,544441.136211
24.0916666667,0.379453897476,8.00827026367,0.3487637043,-8.0654710473e-05,5.34062928637e-05,20,20,1.89662480354,-1.15128719807,41.5200233459,42.0000314713,40743.0309012,0.456690057492,0.452700343347,22.9841264678,544451.826563
24.1027777778,0.379390239716,8.00708770752,0.349126040936,-7.61916890042e-05,5.34062928637e-05,20,20,1.89662480354,-1.15128719807,41.5200233459,42.0000314713,40743.0309012,0.456340714669,0.452700343347,30.707197462,544463.916504
24.1138888889,0.379319161177,8.00576305389,0.349527657032,-7.43548152968e-05,5.34062928637e-05,20,20,1.89662480354,-1.15128719807,41.5200233459,42.0000314713,40743.0309012,0.455947383618,0.452700343347,37.1453541284,544477.136712
24.125,0.379242986441,8.00435161591,0.349962055683,-7.27851002011e-05,5.34062928637e-05,20,20,1.89662480354,-1.15128719807,41.5200233459,42.0000314713,40743.0309012,0.455520137525,0.452700343347,41.4152606899,544492.063957
24.1361111111,0.379164367914,8.00288677216,0.350407838821,-7.27851002011e-05,5.34062928637e-05,20,20,1.89662480354,-1.15128719807,41.5200233459,42.0000314713,40743.0309012,0.45507465241,0.452700343347,42.9060526567,544506.695684
24.1472222222,0.379086107016,8.00142478943,0.350846469402,-6.69952496537e-05,5.34062928637e-05,20,20,1.89662480354,-1.15128719807,41.5200233459,42.0000314713,40743.0309012,0.454633697247,0.452700343347,41.4428199914,544520.871679
24.1583333333,0.379010856152,8.00003051758,0.351274013519,-6.54232862871e-05,5.34062928637e-05,20,20,1.89662480354,-1.15128719807,41.5200233459,42.0000314713,40743.0309012,0.454202457643,0.452700343347,37.2342665252,544535.521415
24.1694444444,0.378941237926,7.99873304367,0.351668000221,-6.30515423836e-05,5.34062928637e-05,20,20,1.89662480354,-1.15128719807,41.5200233459,42.0000314713,40743.0309012,0.453797265267,0.452700343347,30.8303371371,544548.406929
24.1805555556,0.378879785538,7.99759101868,0.352015376091,-5.52415840502e-05,5.34062928637e-05,20,20,1.89662480354,-1.15128719807,41.5200233459,42.0000314713,40743.0309012,0.45343773005,0.452700343347,23.1336704427,544560.120661
24.1916666667,0.378828495741,7.99664163589,0.35230743885,-5.52415840502e-05,5.34062928637e-05,20,20,1.89662480354,-1.15128719807,41.5200233459,42.0000314713,40743.0309012,0.453131839013,0.452700343347,15.2061201031,544570.164076
24.2027777778,0.378789335489,7.99591350555,0.352531313896,-5.52415840502e-05,5.34062928637e-05,20,20,1.89662480354,-1.15128719807,41.5200233459,42.0000314713,40743.0309012,0.452888950086,0.452700343347,8.13325514537,544577.669564
24.2138888889,0.37876355648,7.99543476105,0.352676987648,-4.33284767496e-05,5.34062928637e-05,20,20,1.89662480354,-1.15128719807,41.5200233459,42.0000314713,40743.0309012,0.452723189569,0.452700343347,2.90476484286,544582.573509
24.225,0.378751963377,7.99522399902,0.352745115757,-4.33284767496e-05,5.34062928637e-05,20,20,1.89662480354,-1.15128719807,41.5200233459,42.0000314713,40743.0309012,0.452635570741,0.452700343347,0.266708739988,544585.214229
24.2361111111,0.378754973412,7.99527692795,0.352728128433,-4.33284767496e-05,5.34062928637e-05,20,20,1.89662480354,-1.15128719807,41.5200233459,42.0000314713,40743.0309012,0.452632113671,0.452700343347,0.415203332655,544584.773934
24.2472222222,0.378771394491,7.99558162689,0.352634489536,-4.33284767496e-05,5.34062928637e-05,20,20,1.89662480354,-1.15128719807,41.5200233459,42.0000314713,40743.0309012,0.452706083035,0.452700343347,3.22335374694,544581.584978
24.2583333333,0.378801375628,7.99613761902,0.352463781834,-4.33284767496e-05,5.34062928637e-05,20,20,1.89662480354,-1.15128719807,41.5200233459,42.0000314713,40743.0309012,0.452857657647,0.452700343347,8.40281931487,544575.696362
24.2694444444,0.378843963146,7.9969291687,0.352222502232,-4.33284767496e-05,5.34062928637e-05,20,20,1.89662480354,-1.15128719807,41.5200233459,42.0000314713,40743.0309012,0.453082367158,0.452700343347,15.2148297447,544567.590013
24.2805555556,0.378897637129,7.99792718887,0.351917982101,-4.16396542278e-05,5.34062928637e-05,20,20,1.89662480354,-1.15128719807,41.5200233459,42.0000314713,40743.0309012,0.45337228415,0.452700343347,22.7170670708,544557.406382
24.2916666667,0.378960490227,7.99909543991,0.351561188698,-4.16396542278e-05,5.34062928637e-05,20,20,1.89662480354,-1.15128719807,41.5200233459,42.0000314713,40743.0309012,0.453716560578,0.452700343347,29.8711675032,544545.438531
24.3027777778,0.37903034687,8.00039863586,0.351166546345,-4.16396542278e-05,5.34062928637e-05,20,20,1.89662480354,-1.15128719807,41.5200233459,42.0000314713,40743.0309012,0.454103692746,0.452700343347,35.6845623204,544532.584358
24.3138888889,0.379104793072,8.00177955627,0.350745379925,-5.06033102283e-05,5.34062928637e-05,20,20,1.89662480354,-1.15128719807,41.5200233459,42.0000314713,40743.0309012,0.454518183446,0.452700343347,39.3697607073,544518.272942
24.325,0.379181265831,8.00319099426,0.350308477879,-5.8162073401e-05,5.34062928637e-05,20,20,1.89662480354,-1.15128719807,41.5200233459,42.0000314713,40743.0309012,0.454952701306,0.452700343347,40.3963217186,544502.84611
24.3361111111,0.37925696373,8.00458717346,0.349872589111,-6.19748461759e-05,5.34062928637e-05,20,20,1.89662480354,-1.15128719807,41.5200233459,42.0000314713,40743.0309012,0.455390616631,0.452700343347,38.5958195362,544487.413315
24.3472222222,0.379329293966,8.0059299469,0.349457979202,-6.73312461004e-05,5.34062928637e-05,20,20,1.89662480354,-1.15128719807,41.5200233459,42.0000314713,40743.0309012,0.455812855935,0.452700343347,34.2113348182,544473.50103
24.3583333333,0.379395693541,8.00716209412,0.349081397057,-7.34417480999e-05,5.34062928637e-05,20,20,1.89662480354,-1.15128719807,41.5200233459,42.0000314713,40743.0309012,0.456199153638,0.452700343347,27.8806465685,544460.704394
24.3694444444,0.379453748465,8.00824356079,0.348753213882,-7.55311266403e-05,5.34062928637e-05,20,20,1.89662480354,-1.15128719807,41.5200233459,42.0000314713,40743.0309012,0.456540926671,0.452700343347,20.4933842147,544449.941069
24.3805555556,0.379501521587,8.00913238525,0.348482191563,-7.21572578186e-05,5.34062928637e-05,20,20,1.89662480354,-1.15128719807,41.5200233459,42.0000314713,40743.0309012,0.456827744222,0.452700343347,13.0751322273,544440.871684
24.3916666667,0.379537463188,8.00979804993,0.348278462887,-8.15160892671e-05,5.36125153303e-05,20,20,1.89662480354,-1.15128719807,41.5200233459,42.0000314713,40743.0309012,0.457048519826,0.452700343347,6.65003046091,544433.909168
24.4027777778,0.379560112953,8.01021575928,0.348148584366,-8.59961146489e-05,5.34062928637e-05,20,20,1.89662480354,-1.15128719807,41.5200233459,42.0000314713,40743.0309012,0.457197531438,0.452700343347,2.10533088934,544429.37851
24.4138888889,0.379568010569,8.01037216187,0.348103940487,-8.18552798592e-05,5.34062928637e-05,20,20,1.89662480354,-1.15128719807,41.5200233459,42.0000314713,40743.0309012,0.457266315198,0.452700343347,0.0740670478116,544428.016693
24.425,0.379563570023,8.01028442383,0.348131597042,-8.33333397168e-05,5.34062928637e-05,20,20,1.89662480354,-1.15128719807,41.5200233459,42.0000314713,40743.0309012,0.45725415585,0.452700343347,0.77171214245,544429.315477
24.4361111111,0.379544526339,8.00992679596,0.348237335682,-8.15023959149e-05,5.34062928637e-05,20,20,1.89662480354,-1.15128719807,41.5200233459,42.0000314713,40743.0309012,0.457167907929,0.452700343347,4.00086549747,544432.633305
24.4472222222,0.379512369633,8.00932884216,0.34841799736,-6.99952361174e-05,5.34062928637e-05,20,20,1.89662480354,-1.15128719807,41.5200233459,42.0000314713,40743.0309012,0.457004770017,0.452700343347,9.31973700237,544438.687865
24.4583333333,0.379468291998,8.00851249695,0.348666727543,-7.29870880605e-05,5.34062928637e-05,20,20,1.89662480354,-1.15128719807,41.5200233459,42.0000314713,40743.0309012,0.456772967553,0.452700343347,15.996730594,544447.2234
24.4694444444,0.37941390276,8.00749969482,0.348974883556,-8.54333775351e-05,5.34062928637e-05,20,20,1.89662480354,-1.15128719807,41.5200233459,42.0000314713,40743.0309012,0.456478401399,0.452700343347,23.10739395,544457.411826
24.4805555556,0.379350960255,8.00632953644,0.349332392216,-8.1171405327e-05,5.34062928637e-05,20,20,1.89662480354,-1.15128719807,41.5200233459,42.0000314713,40743.0309012,0.456131800389,0.452700343347,29.6635188285,544469.353131
24.4916666667,0.37928161025,8.00504112244,0.349725425243,-7.72172716097e-05,5.34062928637e-05,20,20,1.89662480354,-1.15128719807,41.5200233459,42.0000314713,40743.0309012,0.455747171617,0.452700343347,34.7556428218,544482.478263
24.5027777778,0.37920832634,8.00368022919,0.35014128685,-7.44584394852e-05,5.34062928637e-05,20,20,1.89662480354,-1.15128719807,41.5200233459,42.0000314713,40743.0309012,0.455334767079,0.452700343347,37.6707974673,544496.264717
24.5138888889,0.379134058952,8.0022983551,0.350562274456,-6.73828617437e-05,5.34062928637e-05,20,20,1.89662480354,-1.15128719807,41.5200233459,42.0000314713,40743.0309012,0.454914017892,0.452700343347,38.0105701258,544510.376977
24.525,0.379060834646,8.0009393692,0.350976645947,-6.43862076686e-05,5.34062928637e-05,20,20,1.89662480354,-1.15128719807,41.5200233459,42.0000314713,40743.0309012,0.454496785378,0.452700343347,35.7356228706,544524.242835
24.5361111111,0.378990828991,7.99964046478,0.351371884346,-5.68747054785e-05,5.34062928637e-05,20,20,1.89662480354,-1.15128719807,41.5200233459,42.0000314713,40743.0309012,0.454095824933,0.452700343347,31.155002132,544537.03608
24.5472222222,0.378927409649,7.998462677,0.351732254028,-4.6788904001e-05,5.34062928637e-05,20,20,1.89662480354,-1.15128719807,41.5200233459,42.0000314713,40743.0309012,0.45372556088,0.452700343347,24.9125391661,544548.690052
24.5583333333,0.378872692585,7.99744510651,0.352042198181,-4.85360978928e-05,5.34062928637e-05,20,20,1.89662480354,-1.15128719807,41.5200233459,42.0000314713,40743.0309012,0.453401728845,0.452700343347,17.8109587907,544558.743408
24.5694444444,0.378828525543,7.99662399292,0.35229241848,-5.05416028318e-05,5.34062928637e-05,20,20,1.89662480354,-1.15128719807,41.5200233459,42.0000314713,40743.0309012,0.453135296082,0.452700343347,10.9151919709,544567.062946
24.5805555556,0.37879639864,7.99602651596,0.352475881577,-4.12682129536e-05,5.34062928637e-05,20,20,1.89662480354,-1.15128719807,41.5200233459,42.0000314713,40743.0309012,0.452934547639,0.452700343347,5.16112626676,544573.151654
24.5916666667,0.378776788712,7.99566364288,0.352585375309,-4.10205429944e-05,5.34062928637e-05,20,20,1.89662480354,-1.15128719807,41.5200233459,42.0000314713,40743.0309012,0.452806576467,0.452700343347,1.34538652359,544576.436621
24.6027777778,0.3787715137,7.99556255341,0.352614223957,-4.31954576925e-05,5.34062928637e-05,20,20,1.89662480354,-1.15128719807,41.5200233459,42.0000314713,40743.0309012,0.452756508565,0.452700343347,0.000391099472434,544577.145538
24.6138888889,0.37877908349,7.99570560455,0.352570533752,-4.07643783547e-05,5.34062928637e-05,20,20,1.89662480354,-1.15128719807,41.5200233459,42.0000314713,40743.0309012,0.452781959748,0.452700343347,1.23464019315,544575.152689
24.625,0.378800570965,7.99610519409,0.352448761463,-4.79062218801e-05,5.34062928637e-05,20,20,1.89662480354,-1.15128719807,41.5200233459,42.0000314713,40743.0309012,0.452885194993,0.452700343347,4.80050122897,544571.015783
24.6361111111,0.378834575415,7.99673748016,0.352257192135,-5.86639653193e-05,5.34062928637e-05,20,20,1.89662480354,-1.15128719807,41.5200233459,42.0000314713,40743.0309012,0.45306019423,0.452700343347,10.205983195,544564.521512
24.6472222222,0.37887981534,7.99757957458,0.352003097534,-4.84821139253e-05,5.34062928637e-05,20,20,1.89662480354,-1.15128719807,41.5200233459,42.0000314713,40743.0309012,0.453298791623,0.452700343347,16.7123680654,544556.030767
24.6583333333,0.378934860229,7.99860239029,0.351690709591,-3.57558528776e-05,5.34062928637e-05,20,20,1.89662480354,-1.15128719807,41.5200233459,42.0000314713,40743.0309012,0.453597708917,0.452700343347,23.4214819,544545.496536
24.6694444444,0.378997653723,7.99977111816,0.351333618164,-4.18332347181e-05,5.34062928637e-05,20,20,1.89662480354,-1.15128719807,41.5200233459,42.0000314713,40743.0309012,0.453944905972,0.452700343347,29.3966546487,544533.631596
24.6805555556,0.379066109657,8.00104141235,0.35094332695,-4.63256983494e-05,5.34062928637e-05,20,20,1.89662480354,-1.15128719807,41.5200233459,42.0000314713,40743.0309012,0.454328581071,0.452700343347,33.8042433563,544520.394548
24.6916666667,0.379137814045,8.00237560272,0.350537955761,-5.23833223269e-05,5.34062928637e-05,20,20,1.89662480354,-1.15128719807,41.5200233459,42.0000314713,40743.0309012,0.454730972028,0.452700343347,36.0363499511,544506.891217
24.7027777778,0.379210203886,8.0037279129,0.350131034851,-5.58994761377e-05,5.34062928637e-05,20,20,1.89662480354,-1.15128719807,41.5200233459,42.0000314713,40743.0309012,0.455139085031,0.452700343347,35.7983415466,544493.806781
24.7138888889,0.379280775785,8.00504302979,0.349733173847,-6.15859025856e-05,5.34062928637e-05,20,20,1.89662480354,-1.15128719807,41.5200233459,42.0000314713,40743.0309012,0.455540701127,0.452700343347,33.1308157694,544480.719304
24.725,0.379347085953,8.006275177,0.34935939312,-7.19970048522e-05,5.34062928637e-05,20,20,1.89662480354,-1.15128719807,41.5200233459,42.0000314713,40743.0309012,0.455921157575,0.452700343347,28.3981239039,544468.128607
24.7361111111,0.379406780005,8.00738334656,0.34902203083,-7.45573779568e-05,5.34062928637e-05,20,20,1.89662480354,-1.15128719807,41.5200233459,42.0000314713,40743.0309012,0.456268950677,0.452700343347,22.2485632716,544456.711096
24.7472222222,0.379457980394,8.00833034515,0.348730444908,-6.78445430822e-05,5.34062928637e-05,20,20,1.89662480354,-1.15128719807,41.5200233459,42.0000314713,40743.0309012,0.456572457528,0.452700343347,15.5267878341,544446.522319
24.7583333333,0.379498720169,8.00908470154,0.348496854305,-7.04723061062e-05,5.34062928637e-05,20,20,1.89662480354,-1.15128719807,41.5200233459,42.0000314713,40743.0309012,0.456822379804,0.452700343347,9.14962881026,544438.591036
24.7694444444,0.379527568817,8.00962162018,0.348333060741,-8.18647677079e-05,5.34062928637e-05,20,20,1.89662480354,-1.15128719807,41.5200233459,42.0000314713,40743.0309012,0.457003995156,0.452700343347,4.01147122007,544433.218378
24.7805555556,0.37954351306,8.00992012024,0.34824436903,-8.30300705275e-05,5.34062928637e-05,20,20,1.89662480354,-1.15128719807,41.5200233459,42.0000314713,40743.0309012,0.457111641145,0.452700343347,0.830006976226,544430.415222
24.7916666667,0.37954646349,8.00996780396,0.348227679729,-8.20263885544e-05,5.34062928637e-05,20,20,1.89662480354,-1.15128719807,41.5200233459,42.0000314713,40743.0309012,0.457144244885,0.452700343347,0.0411260432614,544429.606201
24.8027777778,0.379535883665,8.00977039337,0.348284840584,-8.57433406054e-05,5.34062928637e-05,20,20,1.89662480354,-1.15128719807,41.5200233459,42.0000314713,40743.0309012,0.457108124471,0.452700343347,1.64997139099,544431.612849
24.8138888889,0.379512548447,8.00934028625,0.348418474197,-7.84678632044e-05,5.34062928637e-05,20,20,1.89662480354,-1.15128719807,41.5200233459,42.0000314713,40743.0309012,0.456992610669,0.452700343347,5.39148260467,544436.337986
24.825,0.379477292299,8.00868701935,0.348618149757,-6.72468086123e-05,5.34062928637e-05,20,20,1.89662480354,-1.15128719807,41.5200233459,42.0000314713,40743.0309012,0.456809087968,0.452700343347,10.7447989395,544443.24624
24.8361111111,0.379431217909,8.00783252716,0.348878204823,-7.58773967391e-05,5.34062928637e-05,20,20,1.89662480354,-1.15128719807,41.5200233459,42.0000314713,40743.0309012,0.456563874459,0.452700343347,16.9719685121,544451.994847
24.8472222222,0.379376262426,8.00681304932,0.349192738533,-8.81075757206e-05,5.34062928637e-05,20,20,1.89662480354,-1.15128719807,41.5200233459,42.0000314713,40743.0309012,0.456261261678,0.452700343347,23.2043097545,544462.739226
24.8583333333,0.379314035177,8.00565338135,0.349545240402,-8.43438465381e-05,5.34062928637e-05,20,20,1.89662480354,-1.15128719807,41.5200233459,42.0000314713,40743.0309012,0.45591698525,0.452700343347,28.5734746052,544474.22515
24.8694444444,0.37924695015,8.00440979004,0.349926531315,-7.81326452852e-05,5.34062928637e-05,20,20,1.89662480354,-1.15128719807,41.5200233459,42.0000314713,40743.0309012,0.455542370057,0.452700343347,32.3461169402,544487.434249
24.8805555556,0.379177153111,8.00310325623,0.350319623947,-7.17765142326e-05,5.34062928637e-05,20,20,1.89662480354,-1.15128719807,41.5200233459,42.0000314713,40743.0309012,0.455150052285,0.452700343347,33.9952084528,544499.869293
24.8916666667,0.379106044769,8.00178146362,0.350716888905,-6.62165766698e-05,5.34062928637e-05,20,20,1.89662480354,-1.15128719807,41.5200233459,42.0000314713,40743.0309012,0.454754217839,0.452700343347,33.3124519768,544512.293111
24.9027777778,0.379037857056,8.00051403046,0.351103365421,-5.85954985581e-05,5.34062928637e-05,20,20,1.89662480354,-1.15128719807,41.5200233459,42.0000314713,40743.0309012,0.4543623173,0.452700343347,30.3607421975,544524.800427
24.9138888889,0.378974676132,7.99934005737,0.351462364197,-5.02213661093e-05,5.34062928637e-05,20,20,1.89662480354,-1.15128719807,41.5200233459,42.0000314713,40743.0309012,0.453995629525,0.452700343347,25.5561580636,544536.797397
24.925,0.378918409348,7.99829387665,0.351781964302,-4.78234214825e-05,5.34062928637e-05,20,20,1.89662480354,-1.15128719807,41.5200233459,42.0000314713,40743.0309012,0.45366512177,0.452700343347,19.5689118419,544547.55885
24.9361111111,0.378870904446,7.99741029739,0.352050602436,-5.11952275701e-05,5.34062928637e-05,20,20,1.89662480354,-1.15128719807,41.5200233459,42.0000314713,40743.0309012,0.453382536149,0.452700343347,13.2316396543,544556.533862
24.9472222222,0.378833860159,7.99672222137,0.352260112762,-4.74822882097e-05,5.34062928637e-05,20,20,1.89662480354,-1.15128719807,41.5200233459,42.0000314713,40743.0309012,0.453157349801,0.452700343347,7.42410989396,544563.534619
24.9583333333,0.378808170557,7.99624586105,0.352404713631,-3.30367438437e-05,5.34062928637e-05,20,20,1.89662480354,-1.15128719807,41.5200233459,42.0000314713,40743.0309012,0.452996298051,0.452700343347,2.94798174879,544568.161405
24.9694444444,0.378794878721,7.99599933624,0.352478921413,-3.80142009817e-05,5.34062928637e-05,20,20,1.89662480354,-1.15128719807,41.5200233459,42.0000314713,40743.0309012,0.452903910851,0.452700343347,0.420503502657,544570.167937
24.9805555556,0.378794908524,7.99600028992,0.352479219437,-3.65294908988e-05,5.34062928637e-05,20,20,1.89662480354,-1.15128719807,41.5200233459,42.0000314713,40743.0309012,0.452885493016,0.452700343347,0.181269179744,544569.88996
24.9916666667,0.378807902336,7.99624490738,0.352408051491,-3.28347887262e-05,5.34062928637e-05,20,20,1.89662480354,-1.15128719807,41.5200233459,42.0000314713,40743.0309012,0.452938958383,0.452700343347,2.15631514533,544567.718888
25.0027777778,0.378833115101,7.99671363831,0.35226637125,-3.85074235965e-05,5.34062928637e-05,20,20,1.89662480354,-1.15128719807,41.5200233459,42.0000314713,40743.0309012,0.453063234067,0.452700343347,6.05601897733,544562.94405
25.0138888889,0.378869742155,7.99739456177,0.352058887482,-4.34234898421e-05,5.34062928637e-05,20,20,1.89662480354,-1.15128719807,41.5200233459,42.0000314713,40743.0309012,0.453255041814,0.452700343347,11.3428347182,544556.023049
25.025,0.37891638279,7.99825954437,0.351794958115,-4.43763055955e-05,5.34062928637e-05,20,20,1.89662480354,-1.15128719807,41.5200233459,42.0000314713,40743.0309012,0.453505321717,0.452700343347,17.2841519221,544546.987227
25.0361111111,0.378971487284,7.99928092957,0.351480662823,-3.3327647543e-05,5.34062928637e-05,20,20,1.89662480354,-1.15128719807,41.5200233459,42.0000314713,40743.0309012,0.453807815289,0.452700343347,23.055168781,544536.261091
25.0472222222,0.379033118486,8.00043010712,0.351132690907,-3.60863705282e-05,5.34062928637e-05,20,20,1.89662480354,-1.15128719807,41.5200233459,42.0000314713,40743.0309012,0.454148515439,0.452700343347,27.8535042389,544524.898192
25.0583333333,0.379099071026,8.00165462494,0.350758731365,-4.59064103779e-05,5.34062928637e-05,20,20,1.89662480354,-1.15128719807,41.5200233459,42.0000314713,40743.0309012,0.454517348981,0.452700343347,31.0238881443,544512.205052
25.0694444444,0.379166126251,8.00289726257,0.350372612476,-5.4768879636e-05,5.34062928637e-05,20,20,1.89662480354,-1.15128719807,41.5200233459,42.0000314713,40743.0309012,0.454902871823,0.452700343347,32.1178469763,544498.271483
25.0805555556,0.379232317209,8.00412845612,0.349995195866,-6.12113581155e-05,5.34062928637e-05,20,20,1.89662480354,-1.15128719807,41.5200233459,42.0000314713,40743.0309012,0.455283089852,0.452700343347,31.0018817767,544484.315695
25.0916666667,0.379295766354,8.0053062439,0.349634289742,-6.29972564639e-05,5.34062928637e-05,20,20,1.89662480354,-1.15128719807,41.5200233459,42.0000314713,40743.0309012,0.455648466325,0.452700343347,27.8642204765,544470.640223
25.1027777778,0.37935590744,8.00642299652,0.349296569824,-6.768561434e-05,5.34062928637e-05,20,20,1.89662480354,-1.15128719807,41.5200233459,42.0000314713,40743.0309012,0.45599321959,0.452700343347,23.1151087089,544459.165877
25.1138888889,0.37940916419,8.00741481781,0.34899520874,-6.03461230639e-05,5.34062928637e-05,20,20,1.89662480354,-1.15128719807,41.5200233459,42.0000314713,40743.0309012,0.456305011487,0.452700343347,17.3885906628,544449.166082
25.125,0.379453629255,8.00823879242,0.348742604256,-6.17158511886e-05,5.34062928637e-05,20,20,1.89662480354,-1.15128719807,41.5200233459,42.0000314713,40743.0309012,0.456570728993,0.452700343347,11.4716776906,544440.501909
25.1361111111,0.379487782717,8.00887298584,0.348548293114,-7.2197704867e-05,5.34062928637e-05,20,20,1.89662480354,-1.15128719807,41.5200233459,42.0000314713,40743.0309012,0.456780358529,0.452700343347,6.1771207061,544434.007989
25.1472222222,0.379510372877,8.00929260254,0.348421394825,-8.11304344097e-05,5.34062928637e-05,20,20,1.89662480354,-1.15128719807,41.5200233459,42.0000314713,40743.0309012,0.456924244142,0.452700343347,2.24093388771,544429.754255
25.1583333333,0.379520565271,8.00948429108,0.348364233971,-7.73568463046e-05,5.34062928637e-05,20,20,1.89662480354,-1.15128719807,41.5200233459,42.0000314713,40743.0309012,0.456999584413,0.452700343347,0.208628900767,544427.992488
25.1694444444,0.379518866539,8.00945281982,0.348376512527,-7.76922679506e-05,5.34062928637e-05,20,20,1.89662480354,-1.15128719807,41.5200233459,42.0000314713,40743.0309012,0.457003577924,0.452700343347,0.326319167559,544428.859396
25.1805555556,0.379504352808,8.00918483734,0.348458230495,-8.21296343929e-05,5.34062928637e-05,20,20,1.89662480354,-1.15128719807,41.5200233459,42.0000314713,40743.0309012,0.456939800954,0.452700343347,2.46970834315,544431.748156
25.1916666667,0.379478245974,8.00870037079,0.348606109619,-6.95287744747e-05,5.34062928637e-05,20,20,1.89662480354,-1.15128719807,41.5200233459,42.0000314713,40743.0309012,0.45680783627,0.452700343347,6.33492133716,544436.7432
25.2027777778,0.379441350698,8.00801753998,0.348815083504,-6.03736589255e-05,5.34062928637e-05,20,20,1.89662480354,-1.15128719807,41.5200233459,42.0000314713,40743.0309012,0.456614001966,0.452700343347,11.3885440074,544444.046959
25.2138888889,0.379395037889,8.00715827942,0.349078178406,-6.81000310578e-05,5.34062928637e-05,20,20,1.89662480354,-1.15128719807,41.5200233459,42.0000314713,40743.0309012,0.456363483644,0.452700343347,16.9294152434,544453.028987
25.225,0.379340797663,8.00615119934,0.349387228489,-8.06753741927e-05,5.34062928637e-05,20,20,1.89662480354,-1.15128719807,41.5200233459,42.0000314713,40743.0309012,0.456064864373,0.452700343347,22.1860021193,544463.436216
25.2361111111,0.379280656576,8.00503253937,0.349729299545,-8.06698808447e-05,5.34062928637e-05,20,20,1.89662480354,-1.15128719807,41.5200233459,42.0000314713,40743.0309012,0.455729647851,0.452700343347,26.4245785741,544474.775492
25.2472222222,0.379216641188,8.00384235382,0.350091993809,-7.11892207619e-05,5.34062928637e-05,20,20,1.89662480354,-1.15128719807,41.5200233459,42.0000314713,40743.0309012,0.455371304727,0.452700343347,29.0652197277,544486.94975
25.2583333333,0.379151046276,8.00262737274,0.350464701653,-5.9499136114e-05,5.34062928637e-05,20,20,1.89662480354,-1.15128719807,41.5200233459,42.0000314713,40743.0309012,0.455000325418,0.452700343347,29.7596022623,544499.738901
25.2694444444,0.37908616662,8.00142288208,0.350835084915,-5.25371033291e-05,5.34062928637e-05,20,20,1.89662480354,-1.15128719807,41.5200233459,42.0000314713,40743.0309012,0.454627379155,0.452700343347,28.377849068,544512.137459
25.2805555556,0.379024267197,8.00027084351,0.351186573505,-4.45435543952e-05,5.34062928637e-05,20,20,1.89662480354,-1.15128719807,41.5200233459,42.0000314713,40743.0309012,0.4542699301,0.452700343347,25.1364073227,544523.613559
25.2916666667,0.378967523575,7.99921798706,0.351508438587,-3.79435332434e-05,5.34062928637e-05,20,20,1.89662480354,-1.15128719807,41.5200233459,42.0000314713,40743.0309012,0.453939779973,0.452700343347,20.4294725808,544534.456289
25.3027777778,0.378917843103,7.99829387665,0.351790308952,-3.69153203792e-05,5.34062928637e-05,20,20,1.89662480354,-1.15128719807,41.5200233459,42.0000314713,40743.0309012,0.45364741919,0.452700343347,14.9841260497,544543.923285
25.3138888889,0.378876984119,7.99753522873,0.352022647858,-3.69153203792e-05,5.34062928637e-05,20,20,1.89662480354,-1.15128719807,41.5200233459,42.0000314713,40743.0309012,0.453401967263,0.452700343347,9.53344442409,544551.746161
25.325,0.37884631753,7.99696540833,0.352196872234,-2.93484154099e-05,5.34062928637e-05,20,20,1.89662480354,-1.15128719807,41.5200233459,42.0000314713,40743.0309012,0.453212186074,0.452700343347,4.82235480673,544557.52789
25.3361111111,0.378827184439,7.99660968781,0.352305233479,-1.83709289558e-05,5.34062928637e-05,20,20,1.89662480354,-1.15128719807,41.5200233459,42.0000314713,40743.0309012,0.453086777902,0.452700343347,1.50904402078,544561.161585
25.3472222222,0.378820598125,7.99647951126,0.352342367172,-1.83709289558e-05,5.34062928637e-05,20,20,1.89662480354,-1.15128719807,41.5200233459,42.0000314713,40743.0309012,0.453028961396,0.452700343347,0.0468211790348,544562.278287
25.3583333333,0.37882450223,7.99656009674,0.352318882942,-1.83709289558e-05,5.34062928637e-05,20,20,1.89662480354,-1.15128719807,41.5200233459,42.0000314713,40743.0309012,0.453040286279,0.452700343347,0.58506060736,544561.392316
25.3694444444,0.378840982914,7.99686336517,0.35222619772,-1.83709289558e-05,5.34062928637e-05,20,20,1.89662480354,-1.15128719807,41.5200233459,42.0000314713,40743.0309012,0.453115388131,0.452700343347,2.96213426385,544558.089925
25.3805555556,0.378868460655,7.99737644196,0.352070808411,-1.83709289558e-05,5.34062928637e-05,20,20,1.89662480354,-1.15128719807,41.5200233459,42.0000314713,40743.0309012,0.453255816674,0.452700343347,6.85081486311,544552.878767
25.3916666667,0.378906190395,7.99807834625,0.351857066154,-1.83709289558e-05,5.34062928637e-05,20,20,1.89662480354,-1.15128719807,41.5200233459,42.0000314713,40743.0309012,0.453455849862,0.452700343347,11.7152830728,544545.815328
25.4027777778,0.378952682018,7.99894237518,0.351594865322,-1.83709289558e-05,5.34062928637e-05,20,20,1.89662480354,-1.15128719807,41.5200233459,42.0000314713,40743.0309012,0.453706487393,0.452700343347,16.8839028876,544536.97071
25.4138888889,0.379006505013,7.99994182587,0.35128891468,-1.59067731147e-05,5.34062928637e-05,20,20,1.89662480354,-1.15128719807,41.5200233459,42.0000314713,40743.0309012,0.454002484059,0.452700343347,21.6405882872,544526.743107
25.425,0.379065543413,8.001039505,0.350952923298,-9.11169900064e-06,5.34062928637e-05,20,20,1.89662480354,-1.15128719807,41.5200233459,42.0000314713,40743.0309012,0.454332693791,0.452700343347,25.3177012998,544515.460082
25.4361111111,0.379127889872,8.00220489502,0.350601971149,-9.11169900064e-06,5.34062928637e-05,20,20,1.89662480354,-1.15128719807,41.5200233459,42.0000314713,40743.0309012,0.454681142545,0.452700343347,27.411650244,544504.259619
25.4472222222,0.379191309214,8.00338459015,0.350244402885,-9.11169900064e-06,5.34062928637e-05,20,20,1.89662480354,-1.15128719807,41.5200233459,42.0000314713,40743.0309012,0.455037280297,0.452700343347,27.6506361805,544492.262649
25.4583333333,0.379253685474,8.00454807281,0.349891841412,-1.16374103527e-05,5.34062928637e-05,20,20,1.89662480354,-1.15128719807,41.5200233459,42.0000314713,40743.0309012,0.455393298841,0.452700343347,25.9893532938,544480.887705
25.4694444444,0.379312813282,8.005651474,0.349558830261,-1.42957060234e-05,5.34062928637e-05,20,20,1.89662480354,-1.15128719807,41.5200233459,42.0000314713,40743.0309012,0.45573143599,0.452700343347,22.6614350416,544470.135139
25.4805555556,0.379366576672,8.00665092468,0.349254369736,-1.42957060234e-05,5.34062928637e-05,20,20,1.89662480354,-1.15128719807,41.5200233459,42.0000314713,40743.0309012,0.456044002748,0.452700343347,18.123470984,544459.942971
25.4916666667,0.379413127899,8.00751590729,0.348990082741,-1.42957060234e-05,5.34062928637e-05,20,20,1.89662480354,-1.15128719807,41.5200233459,42.0000314713,40743.0309012,0.456319853044,0.452700343347,12.9962737179,544451.12677
25.5027777778,0.379450887442,8.00821971893,0.348775863647,-1.42869457704e-05,5.34062928637e-05,20,20,1.89662480354,-1.15128719807,41.5200233459,42.0000314713,40743.0309012,0.456547304368,0.452700343347,7.99031735063,544444.214306
25.5138888889,0.379478514194,8.00873565674,0.348620414734,-1.42869457704e-05,5.34062928637e-05,20,20,1.89662480354,-1.15128719807,41.5200233459,42.0000314713,40743.0309012,0.456718012071,0.452700343347,3.80130745973,544439.267092
25.525,0.379494935274,8.00904083252,0.348528206348,-1.58276652655e-05,5.34062928637e-05,20,20,1.89662480354,-1.15128719807,41.5200233459,42.0000314713,40743.0309012,0.456825896478,0.452700343347,1.01008279262,544436.177539
25.5361111111,0.379499077797,8.00912189484,0.348504960537,-1.58166476467e-05,5.34062928637e-05,20,20,1.89662480354,-1.15128719807,41.5200233459,42.0000314713,40743.0309012,0.456867023683,0.452700343347,0.000669754282185,544435.224326
25.5472222222,0.379492878914,8.00900268555,0.348538756371,-1.58166476467e-05,5.34062928637e-05,20,20,1.89662480354,-1.15128719807,41.5200233459,42.0000314713,40743.0309012,0.456847652173,0.452700343347,0.842702952821,544436.585675
25.5583333333,0.379474937916,8.00866699219,0.348642170429,-2.36320302065e-05,5.34062928637e-05,20,20,1.89662480354,-1.15128719807,41.5200233459,42.0000314713,40743.0309012,0.45676098702,0.452700343347,3.3516606442,544439.897773
25.5694444444,0.379446357489,8.00813579559,0.348806381226,-2.36320302065e-05,5.34062928637e-05,20,20,1.89662480354,-1.15128719807,41.5200233459,42.0000314713,40743.0309012,0.456610544896,0.452700343347,7.1730710814,544445.295573
25.5805555556,0.379408299923,8.00742721558,0.349020719528,-2.36320302065e-05,5.34062928637e-05,20,20,1.89662480354,-1.15128719807,41.5200233459,42.0000314713,40743.0309012,0.456409140801,0.452700343347,11.7794071411,544452.386845
25.5916666667,0.379362016916,8.00656700134,0.349281847477,-2.36320302065e-05,5.34062928637e-05,20,20,1.89662480354,-1.15128719807,41.5200233459,42.0000314713,40743.0309012,0.456158682084,0.452700343347,16.5383120283,544461.124577
25.6027777778,0.379309177399,8.0055847168,0.349582374096,-3.1332099752e-05,5.34062928637e-05,20,20,1.89662480354,-1.15128719807,41.5200233459,42.0000314713,40743.0309012,0.455867215371,0.452700343347,20.7892409637,544471.185416
25.6138888889,0.379251599312,8.00451660156,0.349911391735,-4.26807237091e-05,5.34062928637e-05,20,20,1.89662480354,-1.15128719807,41.5200233459,42.0000314713,40743.0309012,0.455544217801,0.452700343347,23.9339246127,544482.35407
25.625,0.379191219807,8.00338935852,0.350253820419,-4.26807237091e-05,5.34062928637e-05,20,20,1.89662480354,-1.15128719807,41.5200233459,42.0000314713,40743.0309012,0.455203279233,0.452700343347,25.5335042428,544493.406364
25.6361111111,0.379130244255,8.00224781036,0.350594222546,-4.26807237091e-05,5.34062928637e-05,20,20,1.89662480354,-1.15128719807,41.5200233459,42.0000314713,40743.0309012,0.454861565804,0.452700343347,25.3851193268,544504.106188
25.6472222222,0.379070609808,8.00113296509,0.350927889347,-4.18781201006e-05,5.34062928637e-05,20,20,1.89662480354,-1.15128719807,41.5200233459,42.0000314713,40743.0309012,0.454525455213,0.452700343347,23.5256401556,544514.667901
25.6583333333,0.379014730453,8.00009822845,0.351246237755,-4.18781201006e-05,5.34062928637e-05,20,20,1.89662480354,-1.15128719807,41.5200233459,42.0000314713,40743.0309012,0.454202100015,0.452700343347,20.1929017888,544525.689555
25.6694444444,0.378964334726,7.99916124344,0.351531565189,-4.18781201006e-05,5.34062928637e-05,20,20,1.89662480354,-1.15128719807,41.5200233459,42.0000314713,40743.0309012,0.453908189511,0.452700343347,15.8385937235,544535.258059
25.6805555556,0.378921210766,7.99836015701,0.351776778698,-4.47014172096e-05,5.34062928637e-05,20,20,1.89662480354,-1.15128719807,41.5200233459,42.0000314713,40743.0309012,0.453651174283,0.452700343347,11.0666654511,544543.506729
25.6916666667,0.378886848688,7.99772167206,0.351971566677,-4.47014172096e-05,5.34062928637e-05,20,20,1.89662480354,-1.15128719807,41.5200233459,42.0000314713,40743.0309012,0.453443332887,0.452700343347,6.54052234248,544550.050702
25.7027777778,0.378862410784,7.99726295471,0.352107822895,-3.2232812373e-05,5.34062928637e-05,20,20,1.89662480354,-1.15128719807,41.5200233459,42.0000314713,40743.0309012,0.453291221833,0.452700343347,2.88707045045,544554.295431
25.7138888889,0.378848791122,7.99701023102,0.35218334198,-3.2232812373e-05,5.34062928637e-05,20,20,1.89662480354,-1.15128719807,41.5200233459,42.0000314713,40743.0309012,0.453201278424,0.452700343347,0.613083923844,544556.835579
25.725,0.378846824169,7.99697208405,0.352193057537,-3.36373632308e-05,5.34062928637e-05,20,20,1.89662480354,-1.15128719807,41.5200233459,42.0000314713,40743.0309012,0.45317684052,0.452700343347,0.0225346726765,544557.386738
25.7361111111,0.378855407238,7.99712467194,0.352142035961,-3.21560146403e-05,5.34062928637e-05,20,20,1.89662480354,-1.15128719807,41.5200233459,42.0000314713,40743.0309012,0.453210517144,0.452700343347,1.10208868333,544555.130063
25.7472222222,0.378874629736,7.99748182297,0.352032184601,-3.05852736346e-05,5.34062928637e-05,20,20,1.89662480354,-1.15128719807,41.5200233459,42.0000314713,40743.0309012,0.453306540227,0.452700343347,3.65421628064,544551.479879
25.7583333333,0.378903746605,7.998026371,0.351868748665,-3.92533947888e-05,5.34062928637e-05,20,20,1.89662480354,-1.15128719807,41.5200233459,42.0000314713,40743.0309012,0.453456624722,0.452700343347,7.32664095825,544546.312926
25.7694444444,0.378941714764,7.99873065948,0.351654350758,-4.67855606985e-05,5.34062928637e-05,20,20,1.89662480354,-1.15128719807,41.5200233459,42.0000314713,40743.0309012,0.453658565259,0.452700343347,11.6164848747,544538.933036
25.7805555556,0.378987312317,7.99957609177,0.351395606995,-4.32010092482e-05,5.34062928637e-05,20,20,1.89662480354,-1.15128719807,41.5200233459,42.0000314713,40743.0309012,0.453906759,0.452700343347,15.9289175445,544530.068771
25.7916666667,0.379038870335,8.00053787231,0.351103246212,-3.28864225594e-05,5.34062928637e-05,20,20,1.89662480354,-1.15128719807,41.5200233459,42.0000314713,40743.0309012,0.454192622876,0.452700343347,19.6606227835,544520.551488
25.8027777778,0.37909463048,8.0015707016,0.350786149502,-2.36560517806e-05,5.34062928637e-05,20,20,1.89662480354,-1.15128719807,41.5200233459,42.0000314713,40743.0309012,0.454503461099,0.452700343347,22.3009415563,544509.64058
25.8138888889,0.37915199995,8.00263595581,0.350457310677,-1.61477710208e-05,5.34062928637e-05,20,20,1.89662480354,-1.15128719807,41.5200233459,42.0000314713,40743.0309012,0.454832240319,0.452700343347,23.4727835952,544498.048822
25.825,0.379208683968,8.00368881226,0.350132465363,-8.4163784777e-06,5.34062928637e-05,20,20,1.89662480354,-1.15128719807,41.5200233459,42.0000314713,40743.0309012,0.455158098912,0.452700343347,23.0349960029,544485.870588
25.8361111111,0.379263669252,8.0047082901,0.349817812443,-2.50923585554e-06,5.34062928637e-05,20,20,1.89662480354,-1.15128719807,41.5200233459,42.0000314713,40743.0309012,0.455475970483,0.452700343347,21.0599930515,544473.926828
25.8472222222,0.379316329956,8.00568675995,0.349519073963,3.34368678523e-06,5.34062928637e-05,20,20,1.89662480354,-1.15128719807,41.5200233459,42.0000314713,40743.0309012,0.455780132985,0.452700343347,17.8093217796,544463.899434
25.8583333333,0.379363387823,8.0065612793,0.349251568317,5.85264660913e-06,5.34062928637e-05,20,20,1.89662480354,-1.15128719807,41.5200233459,42.0000314713,40743.0309012,0.456056162095,0.452700343347,13.7253678584,544454.85028
25.8694444444,0.379402935505,8.00729560852,0.349026203156,7.43802911529e-06,5.34062928637e-05,20,20,1.89662480354,-1.15128719807,41.5200233459,42.0000314713,40743.0309012,0.456292971349,0.452700343347,9.34813319098,544447.027054
25.8805555556,0.379434168339,8.00787639618,0.348849534988,7.43802911529e-06,5.34062928637e-05,20,20,1.89662480354,-1.15128719807,41.5200233459,42.0000314713,40743.0309012,0.456482454514,0.452700343347,5.31350527553,544441.082772
25.8916666667,0.379455715418,8.00827789307,0.348727762699,7.43802911529e-06,5.34062928637e-05,20,20,1.89662480354,-1.15128719807,41.5200233459,42.0000314713,40743.0309012,0.456618472314,0.452700343347,2.1683223103,544437.013225
25.9027777778,0.379466831684,8.00848388672,0.34866476059,7.43802911529e-06,5.34062928637e-05,20,20,1.89662480354,-1.15128719807,41.5200233459,42.0000314713,40743.0309012,0.456696494794,0.452700343347,0.346528106894,544434.881213
25.9138888889,0.379467219114,8.00848960876,0.34866219759,7.43802911529e-06,5.34062928637e-05,20,20,1.89662480354,-1.15128719807,41.5200233459,42.0000314713,40743.0309012,0.456712826467,0.452700343347,0.0885147479655,544434.717608
25.925,0.379457175732,8.0083026886,0.348718643188,7.43802911529e-06,5.34062928637e-05,20,20,1.89662480354,-1.15128719807,41.5200233459,42.0000314713,40743.0309012,0.456672295308,0.452700343347,1.33588519281,544436.638887
25.9361111111,0.379436910152,8.00792598724,0.348833620548,7.43802911529e-06,5.34062928637e-05,20,20,1.89662480354,-1.15128719807,41.5200233459,42.0000314713,40743.0309012,0.456571265435,0.452700343347,3.89543327692,544440.415371
25.9472222222,0.37940710783,8.00737380981,0.349002182484,7.43802911529e-06,5.34062928637e-05,20,20,1.89662480354,-1.15128719807,41.5200233459,42.0000314713,40743.0309012,0.456415458894,0.452700343347,7.40937921772,544445.907078
25.9583333333,0.379369050264,8.00666618347,0.349217951298,7.43802911529e-06,5.34062928637e-05,20,20,1.89662480354,-1.15128719807,41.5200233459,42.0000314713,40743.0309012,0.456211134171,0.452700343347,11.3890312251,544452.970283
25.9694444444,0.379324257374,8.00583457947,0.349471509457,7.43802911529e-06,5.34062928637e-05,20,20,1.89662480354,-1.15128719807,41.5200233459,42.0000314713,40743.0309012,0.455966516709,0.452700343347,15.2834995679,544461.487808
25.9805555556,0.379274010658,8.00489997864,0.349756479263,7.43802911529e-06,5.34062928637e-05,20,20,1.89662480354,-1.15128719807,41.5200233459,42.0000314713,40743.0309012,0.455688818669,0.452700343347,18.5570551993,544471.047424
25.9916666667,0.379219859838,8.00389480591,0.350063920021,7.43802911529e-06,5.34062928637e-05,20,20,1.89662480354,-1.15128719807,41.5200233459,42.0000314713,40743.0309012,0.455385907865,0.452700343347,20.7508045478,544481.237721
26.0027777778,0.3791641891,8.00286006927,0.350380599499,6.65933703203e-06,5.34062928637e-05,20,20,1.89662480354,-1.15128719807,41.5200233459,42.0000314713,40743.0309012,0.455070182061,0.452700343347,21.5556599659,544491.847264
26.0138888889,0.379108697176,8.00182819366,0.350694894791,-1.32783770823e-06,5.34062928637e-05,20,20,1.89662480354,-1.15128719807,41.5200233459,42.0000314713,40743.0309012,0.45475409863,0.452700343347,20.8667269825,544502.381728
26.025,0.379055291414,8.0008354187,0.350997507572,-1.44082378029e-05,5.34062928637e-05,20,20,1.89662480354,-1.15128719807,41.5200233459,42.0000314713,40743.0309012,0.454447730756,0.452700343347,18.7839941769,544512.524663
26.0361111111,0.379005163908,7.99990558624,0.351282536983,-2.74228223134e-05,5.34062928637e-05,20,20,1.89662480354,-1.15128719807,41.5200233459,42.0000314713,40743.0309012,0.454156979299,0.452700343347,15.584262806,544521.624571
26.0472222222,0.378961414099,7.99909353256,0.351532459259,-3.95520037273e-05,5.34062928637e-05,20,20,1.89662480354,-1.15128719807,41.5200233459,42.0000314713,40743.0309012,0.453897579885,0.452700343347,11.708146206,544529.969837
26.0583333333,0.378924936056,7.99841499329,0.351739764214,-3.77937722078e-05,5.34062928637e-05,20,20,1.89662480354,-1.15128719807,41.5200233459,42.0000314713,40743.0309012,0.453679009652,0.452700343347,7.70392666659,544536.87774
26.0694444444,0.378896981478,7.99789619446,0.351898729801,-2.59931803157e-05,5.34062928637e-05,20,20,1.89662480354,-1.15128719807,41.5200233459,42.0000314713,40743.0309012,0.453507467484,0.452700343347,4.13037367391,544542.175904
26.0805555556,0.378878474236,7.99755191803,0.352003395557,-1.99705646082e-05,5.34062928637e-05,20,20,1.89662480354,-1.15128719807,41.5200233459,42.0000314713,40743.0309012,0.453388794637,0.452700343347,1.48337290707,544545.582844
26.0916666667,0.37887018919,7.99739837646,0.352049648762,-2.28589233302e-05,5.34062928637e-05,20,20,1.89662480354,-1.15128719807,41.5200233459,42.0000314713,40743.0309012,0.453328236318,0.452700343347,0.130434878781,544547.131772
26.1027777778,0.378871560097,7.99743175507,0.352043926716,-2.53633425018e-05,5.34062928637e-05,20,20,1.89662480354,-1.15128719807,41.5200233459,42.0000314713,40743.0309012,0.453320904946,0.452700343347,0.231972625538,544546.972611
26.1138888889,0.37888354063,7.99765110016,0.351977288723,-2.45748869929e-05,5.34062928637e-05,20,20,1.89662480354,-1.15128719807,41.5200233459,42.0000314713,40743.0309012,0.453371270871,0.452700343347,1.69472183044,544544.381826
26.125,0.378905057907,7.998046875,0.351853907108,-2.29677607422e-05,5.34062928637e-05,20,20,1.89662480354,-1.15128719807,41.5200233459,42.0000314713,40743.0309012,0.453481181836,0.452700343347,4.31232307193,544539.910225
26.1361111111,0.378935426474,7.99861049652,0.351681292057,-3.20678191201e-05,5.34062928637e-05,20,20,1.89662480354,-1.15128719807,41.5200233459,42.0000314713,40743.0309012,0.453642650819,0.452700343347,7.71806128656,544533.998805
26.1472222222,0.378973215818,7.99931335449,0.35146689415,-4.37921517005e-05,5.34062928637e-05,20,20,1.89662480354,-1.15128719807,41.5200233459,42.0000314713,40743.0309012,0.453847511983,0.452700343347,11.4443613799,544526.552373
26.1583333333,0.37901777029,8.0001411438,0.351215362549,-4.06807666877e-05,5.34062928637e-05,20,20,1.89662480354,-1.15128719807,41.5200233459,42.0000314713,40743.0309012,0.454089566445,0.452700343347,14.9831277418,544518.076129
26.1694444444,0.379066616297,8.00104808807,0.350936830044,-2.86966424028e-05,5.34062928637e-05,20,20,1.89662480354,-1.15128719807,41.5200233459,42.0000314713,40743.0309012,0.454362436509,0.452700343347,17.84125578,544508.187198
26.1805555556,0.379119187593,8.00202560425,0.350638210773,-2.11299575312e-05,5.34062928637e-05,20,20,1.89662480354,-1.15128719807,41.5200233459,42.0000314713,40743.0309012,0.454657360291,0.452700343347,19.6247533402,544498.172668
26.1916666667,0.379173010588,8.00302886963,0.350334465504,-1.5267796698e-05,5.34062928637e-05,20,20,1.89662480354,-1.15128719807,41.5200233459,42.0000314713,40743.0309012,0.454960509515,0.452700343347,20.0853024535,544488.165155
26.2027777778,0.379226386547,8.00402450562,0.350032091141,-7.75026546762e-06,5.34062928637e-05,20,20,1.89662480354,-1.15128719807,41.5200233459,42.0000314713,40743.0309012,0.455264910436,0.452700343347,19.1610398602,544478.334812
26.2138888889,0.379277348518,8.00497817993,0.349746584892,-3.77642231797e-06,5.34062928637e-05,20,20,1.89662480354,-1.15128719807,41.5200233459,42.0000314713,40743.0309012,0.455554767823,0.452700343347,16.9830632029,544469.327173
26.225,0.37932407856,8.00584793091,0.349482476711,-2.18876743929e-06,5.34062928637e-05,20,20,1.89662480354,-1.15128719807,41.5200233459,42.0000314713,40743.0309012,0.455825432515,0.452700343347,13.8541942341,544460.460335
26.2361111111,0.379365116358,8.00660991669,0.349249184132,1.45297610743e-06,5.34062928637e-05,20,20,1.89662480354,-1.15128719807,41.5200233459,42.0000314713,40743.0309012,0.456067427373,0.452700343347,10.1973439401,544452.666462
26.2472222222,0.379398822784,8.00723648071,0.349057734013,1.45297610743e-06,5.34062928637e-05,20,20,1.89662480354,-1.15128719807,41.5200233459,42.0000314713,40743.0309012,0.456270083165,0.452700343347,6.51604991953,544446.246684
26.2583333333,0.379424124956,8.00770568848,0.348914682865,1.45297610743e-06,5.34062928637e-05,20,20,1.89662480354,-1.15128719807,41.5200233459,42.0000314713,40743.0309012,0.456425532079,0.452700343347,3.32323046279,544441.379694
26.2694444444,0.37944021821,8.00800514221,0.34882414341,1.45297610743e-06,5.34062928637e-05,20,20,1.89662480354,-1.15128719807,41.5200233459,42.0000314713,40743.0309012,0.45652936337,0.452700343347,1.06073252592,544438.352589
26.2805555556,0.379445791245,8.00811195374,0.348791182041,1.45297610743e-06,5.34062928637e-05,20,20,1.89662480354,-1.15128719807,41.5200233459,42.0000314713,40743.0309012,0.456579192853,0.452700343347,0.0403777284412,544437.046438
26.2916666667,0.379442721605,8.00804805756,0.348807930946,1.45297610743e-06,5.34062928637e-05,20,20,1.89662480354,-1.15128719807,41.5200233459,42.0000314713,40743.0309012,0.456573113179,0.452700343347,0.36083041879,544437.569998
26.3027777778,0.379429519176,8.00780296326,0.348881840706,1.45297610743e-06,5.34062928637e-05,20,20,1.89662480354,-1.15128719807,41.5200233459,42.0000314713,40743.0309012,0.456513568139,0.452700343347,1.9070847016,544440.052025
26.3138888889,0.379407346249,8.0073890686,0.34900701046,1.45297610743e-06,5.34062928637e-05,20,20,1.89662480354,-1.15128719807,41.5200233459,42.0000314713,40743.0309012,0.456399782872,0.452700343347,4.46482912365,544444.0845
26.325,0.379376888275,8.00682449341,0.349178612232,1.45297610743e-06,5.34062928637e-05,20,20,1.89662480354,-1.15128719807,41.5200233459,42.0000314713,40743.0309012,0.456240340447,0.452700343347,7.68488325944,544450.042464
26.3361111111,0.379339188337,8.00612354279,0.349392354488,1.45297610743e-06,5.34062928637e-05,20,20,1.89662480354,-1.15128719807,41.5200233459,42.0000314713,40743.0309012,0.456035717702,0.452700343347,11.1196001334,544457.228929
26.3472222222,0.379295557737,8.00530910492,0.349639415741,1.45297610743e-06,5.34062928637e-05,20,20,1.89662480354,-1.15128719807,41.5200233459,42.0000314713,40743.0309012,0.455795570588,0.452700343347,14.2927706138,544465.26055
26.3583333333,0.379247486591,8.00442123413,0.34991312027,1.45297610743e-06,5.34062928637e-05,20,20,1.89662480354,-1.15128719807,41.5200233459,42.0000314713,40743.0309012,0.455528303361,0.452700343347,16.7668679789,544474.801104
26.3694444444,0.379196763039,8.00348091125,0.350204229355,1.45297610743e-06,5.34062928637e-05,20,20,1.89662480354,-1.15128719807,41.5200233459,42.0000314713,40743.0309012,0.455240293717,0.452700343347,18.1874566692,544484.815049
26.3805555556,0.379145115614,8.0025100708,0.350493252277,1.45297610743e-06,5.34062928637e-05,20,20,1.89662480354,-1.15128719807,41.5200233459,42.0000314713,40743.0309012,0.454950019097,0.452700343347,18.3636793085,544493.612657
26.3916666667,0.379093647003,8.00155067444,0.350781142712,-1.08571293822e-05,5.34062928637e-05,20,20,1.89662480354,-1.15128719807,41.5200233459,42.0000314713,40743.0309012,0.454661651826,0.452700343347,17.2912090487,544502.586382
26.4027777778,0.379045456648,8.00065803528,0.351056456566,-1.42714116009e-05,5.34062928637e-05,20,20,1.89662480354,-1.15128719807,41.5200233459,42.0000314713,40743.0309012,0.454382106042,0.452700343347,15.0954923559,544512.047882
26.4138888889,0.379001617432,7.99984025955,0.351305961609,-2.29073993978e-05,5.34062928637e-05,20,20,1.89662480354,-1.15128719807,41.5200233459,42.0000314713,40743.0309012,0.454124375558,0.452700343347,12.0792594349,544520.083479
26.425,0.378963679075,7.99913930893,0.35152220726,-2.49031872954e-05,5.34062928637e-05,20,20,1.89662480354,-1.15128719807,41.5200233459,42.0000314713,40743.0309012,0.453899785256,0.452700343347,8.66897205124,544527.685681
26.4361111111,0.378932833672,7.9985666275,0.351697266102,-2.24941632041e-05,5.34062928637e-05,20,20,1.89662480354,-1.15128719807,41.5200233459,42.0000314713,40743.0309012,0.453713461137,0.452700343347,5.33526640859,544533.503662
26.4472222222,0.37891036272,7.99814844131,0.351824700832,-1.73901134985e-05,5.34062928637e-05,20,20,1.89662480354,-1.15128719807,41.5200233459,42.0000314713,40743.0309012,0.453573688245,0.452700343347,2.54205097071,544537.782656
26.4583333333,0.378896772861,7.99789619446,0.351901888847,-1.73901134985e-05,5.34062928637e-05,20,20,1.89662480354,-1.15128719807,41.5200233459,42.0000314713,40743.0309012,0.453483864045,0.452700343347,0.677829568625,544540.259421
26.4694444444,0.37889328599,7.99782562256,0.351920008659,-2.03759427677e-05,5.34062928637e-05,20,20,1.89662480354,-1.15128719807,41.5200233459,42.0000314713,40743.0309012,0.453450485444,0.452700343347,0.000553458507703,544540.773508
26.4805555556,0.37889829278,7.99792003632,0.351890623569,-2.06928943953e-05,5.34062928637e-05,20,20,1.89662480354,-1.15128719807,41.5200233459,42.0000314713,40743.0309012,0.453468068814,0.452700343347,0.547773533381,544539.474841
26.4916666667,0.378912836313,7.99819087982,0.351808071136,-2.06928943953e-05,5.34062928637e-05,20,20,1.89662480354,-1.15128719807,41.5200233459,42.0000314713,40743.0309012,0.453537865853,0.452700343347,2.18491578329,544536.715305
26.5027777778,0.378935664892,7.99861478806,0.351678550243,-2.06928943953e-05,5.34062928637e-05,20,20,1.89662480354,-1.15128719807,41.5200233459,42.0000314713,40743.0309012,0.453655823445,0.452700343347,4.68601060879,544532.226163
26.5138888889,0.378965854645,7.99917602539,0.35150718689,-3.3412623452e-05,5.34062928637e-05,20,20,1.89662480354,-1.15128719807,41.5200233459,42.0000314713,40743.0309012,0.45381782887,0.452700343347,7.70822410244,544526.026358
26.525,0.379002809525,7.99986362457,0.351297736168,-4.53479296993e-05,5.34062928637e-05,20,20,1.89662480354,-1.15128719807,41.5200233459,42.0000314713,40743.0309012,0.45401827929,0.452700343347,10.8423861188,544518.59431
26.5361111111,0.379045158625,8.00064945221,0.351057350636,-4.28579514846e-05,5.34062928637e-05,20,20,1.89662480354,-1.15128719807,41.5200233459,42.0000314713,40743.0309012,0.454251095033,0.452700343347,13.6593211368,544510.006268
26.5472222222,0.379091888666,8.00151824951,0.350792467594,-3.33401003445e-05,5.34062928637e-05,20,20,1.89662480354,-1.15128719807,41.5200233459,42.0000314713,40743.0309012,0.454511448121,0.452700343347,15.7632453089,544501.127151
26.5583333333,0.379139095545,8.00239658356,0.350520014763,-2.53319794865e-05,5.34062928637e-05,20,20,1.89662480354,-1.15128719807,41.5200233459,42.0000314713,40743.0309012,0.454782708859,0.452700343347,16.8687436352,544490.522637
26.5694444444,0.379187077284,8.00328826904,0.350246369839,-2.17892011278e-05,5.34062928637e-05,20,20,1.89662480354,-1.15128719807,41.5200233459,42.0000314713,40743.0309012,0.455057069039,0.452700343347,16.8408818743,544479.961744
26.5805555556,0.379234105349,8.00416088104,0.349979519844,-1.75238819793e-05,5.34062928637e-05,20,20,1.89662480354,-1.15128719807,41.5200233459,42.0000314713,40743.0309012,0.45532618401,0.452700343347,15.6900278112,544469.585739
26.5916666667,0.379279017448,8.00499534607,0.349726259708,-1.59510491358e-05,5.34062928637e-05,20,20,1.89662480354,-1.15128719807,41.5200233459,42.0000314713,40743.0309012,0.455582722402,0.452700343347,13.5734623394,544460.264339
26.6027777778,0.379320383072,8.00576305389,0.34949195385,-1.59510491358e-05,5.34062928637e-05,20,20,1.89662480354,-1.15128719807,41.5200233459,42.0000314713,40743.0309012,0.455823465562,0.452700343347,10.7620242351,544452.305691
26.6138888889,0.379355788231,8.00642108917,0.349291086197,-1.59510491358e-05,5.34062928637e-05,20,20,1.89662480354,-1.15128719807,41.5200233459,42.0000314713,40743.0309012,0.456033095098,0.452700343347,7.6345545891,544445.286223
26.625,0.379383772612,8.00694084167,0.349131345749,-2.43674166995e-05,5.34062928637e-05,20,20,1.89662480354,-1.15128719807,41.5200233459,42.0000314713,40743.0309012,0.456204100823,0.452700343347,4.62230424473,544439.275517
26.6361111111,0.37940454483,8.00732803345,0.349015772343,-3.62174105248e-05,5.34062928637e-05,20,20,1.89662480354,-1.15128719807,41.5200233459,42.0000314713,40743.0309012,0.456331177926,0.452700343347,2.14137967431,544435.361507
26.6472222222,0.379416078329,8.00754165649,0.348949491978,-3.62174105248e-05,5.34062928637e-05,20,20,1.89662480354,-1.15128719807,41.5200233459,42.0000314713,40743.0309012,0.456410094476,0.452700343347,0.528146750441,544432.606765
26.6583333333,0.379418760538,8.00759124756,0.348934948444,-3.62174105248e-05,5.34062928637e-05,20,20,1.89662480354,-1.15128719807,41.5200233459,42.0000314713,40743.0309012,0.456437035775,0.452700343347,0.000624151312465,544431.777864
26.6694444444,0.379411816597,8.00746250153,0.348970353603,-3.84603772545e-05,5.34062928637e-05,20,20,1.89662480354,-1.15128719807,41.5200233459,42.0000314713,40743.0309012,0.456415339684,0.452700343347,0.559024045595,544432.031984
26.6805555556,0.379397571087,8.00719738007,0.349052727222,-4.43844801339e-05,5.34062928637e-05,20,20,1.89662480354,-1.15128719807,41.5200233459,42.0000314713,40743.0309012,0.456343873715,0.452700343347,2.08133696382,544434.736673
26.6916666667,0.379375249147,8.00678253174,0.349180400372,-3.73458497052e-05,5.34062928637e-05,20,20,1.89662480354,-1.15128719807,41.5200233459,42.0000314713,40743.0309012,0.456226750588,0.452700343347,4.35321469235,544438.975555
26.7027777778,0.379345595837,8.00623130798,0.349348366261,-2.47705247602e-05,5.34062928637e-05,20,20,1.89662480354,-1.15128719807,41.5200233459,42.0000314713,40743.0309012,0.456068142629,0.452700343347,7.05787842549,544444.464456
26.7138888889,0.379308730364,8.00554656982,0.349555969238,-1.99923288164e-05,5.34062928637e-05,20,20,1.89662480354,-1.15128719807,41.5200233459,42.0000314713,40743.0309012,0.455869420743,0.452700343347,9.81554933889,544450.470133
26.725,0.37926787138,8.00478744507,0.349787652493,-1.99923288164e-05,5.34062928637e-05,20,20,1.89662480354,-1.15128719807,41.5200233459,42.0000314713,40743.0309012,0.455644055581,0.452700343347,12.2372300368,544458.055729
26.7361111111,0.379222154617,8.00393867493,0.350045204163,-3.08826674882e-05,5.34062928637e-05,20,20,1.89662480354,-1.15128719807,41.5200233459,42.0000314713,40743.0309012,0.455391927934,0.452700343347,13.9821228436,544465.371066
26.7472222222,0.379176110029,8.00308322906,0.35030913353,-3.53893774445e-05,5.34062928637e-05,20,20,1.89662480354,-1.15128719807,41.5200233459,42.0000314713,40743.0309012,0.455128415799,0.452700343347,14.7957618957,544474.092893
26.7583333333,0.379129886627,8.00222396851,0.350572347641,-3.80420970032e-05,5.34062928637e-05,20,20,1.89662480354,-1.15128719807,41.5200233459,42.0000314713,40743.0309012,0.454864307618,0.452700343347,14.579855888,544482.884536
26.7694444444,0.379084974527,8.0013885498,0.350827991962,-4.6423603635e-05,5.34062928637e-05,20,20,1.89662480354,-1.15128719807,41.5200233459,42.0000314713,40743.0309012,0.454605921483,0.452700343347,13.3693506499,544491.436794
26.7805555556,0.379041522741,8.00058269501,0.351072430611,-4.84207375848e-05,5.34062928637e-05,20,20,1.89662480354,-1.15128719807,41.5200233459,42.0000314713,40743.0309012,0.454357906556,0.452700343347,11.3258120605,544498.485615
26.7916666667,0.379004001617,7.99988508224,0.35128813982,-3.78075601475e-05,5.34062928637e-05,20,20,1.89662480354,-1.15128719807,41.5200233459,42.0000314713,40743.0309012,0.454133912301,0.452700343347,8.72590545462,544505.628459
26.8027777778,0.378971934319,7.99928951263,0.351470589638,-2.70115451713e-05,5.34062928637e-05,20,20,1.89662480354,-1.15128719807,41.5200233459,42.0000314713,40743.0309012,0.453942760205,0.452700343347,5.94511525742,544511.521168
26.8138888889,0.378947079182,7.99882698059,0.351612567902,-1.94404765352e-05,5.34062928637e-05,20,20,1.89662480354,-1.15128719807,41.5200233459,42.0000314713,40743.0309012,0.453789755082,0.452700343347,3.37254791735,544516.244902
26.825,0.378929913044,7.99850749969,0.351709723473,-1.97179851966e-05,5.34062928637e-05,20,20,1.89662480354,-1.15128719807,41.5200233459,42.0000314713,40743.0309012,0.453681513047,0.452700343347,1.37002107528,544519.491979
26.8361111111,0.378920853138,7.99834060669,0.35176050663,-2.65559501713e-05,5.34062928637e-05,20,20,1.89662480354,-1.15128719807,41.5200233459,42.0000314713,40743.0309012,0.453619643426,0.452700343347,0.215020549872,544521.06336
26.8472222222,0.378920018673,7.99832773209,0.351765275002,-2.66245824605e-05,5.34062928637e-05,20,20,1.89662480354,-1.15128719807,41.5200233459,42.0000314713,40743.0309012,0.453605099893,0.452700343347,0.0583506520011,544520.932967
26.8583333333,0.378928124905,7.99847412109,0.351720154285,-2.35147144849e-05,5.34062928637e-05,20,20,1.89662480354,-1.15128719807,41.5200233459,42.0000314713,40743.0309012,0.45363496182,0.452700343347,0.851348904872,544519.092731
26.8694444444,0.378944128752,7.99877262115,0.351629495621,-1.94963504327e-05,5.34062928637e-05,20,20,1.89662480354,-1.15128719807,41.5200233459,42.0000314713,40743.0309012,0.453714951253,0.452700343347,2.46962171374,544516.076502
26.8805555556,0.378967553377,7.99920749664,0.351497113705,-1.94963504327e-05,5.34062928637e-05,20,20,1.89662480354,-1.15128719807,41.5200233459,42.0000314713,40743.0309012,0.453837259984,0.452700343347,4.69038095201,544511.527484
26.8916666667,0.378997415304,7.9997625351,0.35132843256,-3.18346392305e-05,5.34062928637e-05,20,20,1.89662480354,-1.15128719807,41.5200233459,42.0000314713,40743.0309012,0.453997596478,0.452700343347,7.20779487568,544505.702018
26.9027777778,0.379033088684,8.00042533875,0.351127624512,-3.79832272301e-05,5.34062928637e-05,20,20,1.89662480354,-1.15128719807,41.5200233459,42.0000314713,40743.0309012,0.454190775132,0.452700343347,9.67867483597,544498.943336
26.9138888889,0.379072695971,8.00116157532,0.350902676582,-4.52581625723e-05,5.34062928637e-05,20,20,1.89662480354,-1.15128719807,41.5200233459,42.0000314713,40743.0309012,0.45441017983,0.452700343347,11.7608195261,544491.062806
26.925,0.379115581512,8.00196266174,0.350660860538,-3.61678685294e-05,5.34062928637e-05,20,20,1.89662480354,-1.15128719807,41.5200233459,42.0000314713,40743.0309012,0.454649075246,0.452700343347,13.168338578,544483.18637
26.9361111111,0.379159986973,8.00279521942,0.350410938263,-2.94519286399e-05,5.34062928637e-05,20,20,1.89662480354,-1.15128719807,41.5200233459,42.0000314713,40743.0309012,0.454898043847,0.452700343347,13.707078665,544475.371446
26.9472222222,0.379204303026,8.00361824036,0.350161671638,-2.53368580161e-05,5.34062928637e-05,20,20,1.89662480354,-1.15128719807,41.5200233459,42.0000314713,40743.0309012,0.455147370076,0.452700343347,13.3069143725,544466.954844
26.9583333333,0.379247039557,8.00442314148,0.349923729897,-2.53368580161e-05,5.34062928637e-05,20,20,1.89662480354,-1.15128719807,41.5200233459,42.0000314713,40743.0309012,0.45538996098,0.452700343347,12.0202660829,544459.836441
26.9694444444,0.379286676645,8.00515460968,0.349701106548,-2.53368580161e-05,5.34062928637e-05,20,20,1.89662480354,-1.15128719807,41.5200233459,42.0000314713,40743.0309012,0.455615445352,0.452700343347,10.0335362344,544451.886915
26.9805555556,0.379321843386,8.00580787659,0.349499702454,-2.53368580161e-05,5.34062928637e-05,20,20,1.89662480354,-1.15128719807,41.5200233459,42.0000314713,40743.0309012,0.45582459805,0.452700343347,7.60177687846,544445.132092
26.9916666667,0.379351317883,8.0063533783,0.34933257103,-2.53368580161e-05,5.34062928637e-05,20,20,1.89662480354,-1.15128719807,41.5200233459,42.0000314713,40743.0309012,0.456000431752,0.452700343347,5.06208326056,544439.380769
27.0027777778,0.379374057055,8.00677585602,0.349204480648,-3.48431385646e-05,5.34062928637e-05,20,20,1.89662480354,-1.15128719807,41.5200233459,42.0000314713,40743.0309012,0.456138535714,0.452700343347,2.76996472381,544435.032076
27.0138888889,0.379389315844,8.00705909729,0.349119126797,-3.78231125069e-05,5.34062928637e-05,20,20,1.89662480354,-1.15128719807,41.5200233459,42.0000314713,40743.0309012,0.456234916425,0.452700343347,1.0429082696,544432.165419
27.025,0.379396557808,8.00719451904,0.349077403545,-3.78231125069e-05,5.34062928637e-05,20,20,1.89662480354,-1.15128719807,41.5200233459,42.0000314713,40743.0309012,0.456288083768,0.452700343347,0.117346721625,544430.810502
27.0361111111,0.379396557808,8.0071849823,0.349077999592,-3.78231125069e-05,5.34062928637e-05,20,20,1.89662480354,-1.15128719807,41.5200233459,42.0000314713,40743.0309012,0.456293328977,0.452700343347,0.107165032976,544430.930487
27.0472222222,0.379387676716,8.00702476501,0.349125027657,-3.78231125069e-05,5.34062928637e-05,20,20,1.89662480354,-1.15128719807,41.5200233459,42.0000314713,40743.0309012,0.456262871003,0.452700343347,0.94915632315,544432.94228
27.0583333333,0.379371285439,8.00672054291,0.349217534065,-4.57127316622e-05,5.34062928637e-05,20,20,1.89662480354,-1.15128719807,41.5200233459,42.0000314713,40743.0309012,0.456180855012,0.452700343347,2.52099062462,544436.064344
27.0694444444,0.379347860813,8.00628948212,0.3493527174,-4.40754229203e-05,5.34062928637e-05,20,20,1.89662480354,-1.15128719807,41.5200233459,42.0000314713,40743.0309012,0.456055744863,0.452700343347,4.60351682682,544440.887596
27.0805555556,0.379318296909,8.00574302673,0.3495221138,-3.3163199987e-05,5.34062928637e-05,20,20,1.89662480354,-1.15128719807,41.5200233459,42.0000314713,40743.0309012,0.455894335484,0.452700343347,6.90249428763,544446.867897
27.0916666667,0.379283636808,8.00510025024,0.349719822407,-2.90516090899e-05,5.34062928637e-05,20,20,1.89662480354,-1.15128719807,41.5200233459,42.0000314713,40743.0309012,0.455703064179,0.452700343347,9.09805782373,544453.501448
27.1027777778,0.379245102406,8.00438690186,0.3499391675,-2.90516090899e-05,5.34062928637e-05,20,20,1.89662480354,-1.15128719807,41.5200233459,42.0000314713,40743.0309012,0.455488845086,0.452700343347,10.8872204412,544461.192177
27.1138888889,0.379203975201,8.00362491608,0.350176990032,-2.82180808426e-05,5.34062928637e-05,20,20,1.89662480354,-1.15128719807,41.5200233459,42.0000314713,40743.0309012,0.455254002786,0.452700343347,12.0159693841,544469.293146
27.125,0.379161715508,8.00283241272,0.350415050983,-2.82180808426e-05,5.34062928637e-05,20,20,1.89662480354,-1.15128719807,41.5200233459,42.0000314713,40743.0309012,0.455015226579,0.452700343347,12.3262692613,544476.660874
27.1361111111,0.379119843245,8.00204277039,0.35064715147,-3.05913708871e-05,5.34062928637e-05,20,20,1.89662480354,-1.15128719807,41.5200233459,42.0000314713,40743.0309012,0.454781576371,0.452700343347,11.7943511525,544483.545857
27.1472222222,0.379079818726,8.00130367279,0.350872635841,-3.05913708871e-05,5.34062928637e-05,20,20,1.89662480354,-1.15128719807,41.5200233459,42.0000314713,40743.0309012,0.454554601884,0.452700343347,10.4984778508,544491.525555
27.1583333333,0.379042983055,8.00062179565,0.351083576679,-3.05913708871e-05,5.34062928637e-05,20,20,1.89662480354,-1.15128719807,41.5200233459,42.0000314713,40743.0309012,0.454338058209,0.452700343347,8.59900267234,544498.686876
27.1694444444,0.37901070714,8.00002098083,0.351266264915,-2.40235713136e-05,5.34062928637e-05,20,20,1.89662480354,-1.15128719807,41.5200233459,42.0000314713,40743.0309012,0.45414827702,0.452700343347,6.35966599321,544504.85382
27.1805555556,0.378983944654,7.99952411652,0.351417541504,-1.74527831405e-05,5.34062928637e-05,20,20,1.89662480354,-1.15128719807,41.5200233459,42.0000314713,40743.0309012,0.453988238549,0.452700343347,4.09426474609,544509.914353
27.1916666667,0.378963798285,7.99915409088,0.351532697678,-1.49439583765e-05,5.34062928637e-05,20,20,1.89662480354,-1.15128719807,41.5200233459,42.0000314713,40743.0309012,0.45386402247,0.452700343347,2.11529553899,544514.159666
27.2027777778,0.378950864077,7.99891328812,0.351606488228,-1.49439583765e-05,5.34062928637e-05,20,20,1.89662480354,-1.15128719807,41.5200233459,42.0000314713,40743.0309012,0.453778966641,0.452700343347,0.695308941901,544516.518434
27.2138888889,0.378946274519,7.99882316589,0.351633310318,-1.49439583765e-05,5.34062928637e-05,20,20,1.89662480354,-1.15128719807,41.5200233459,42.0000314713,40743.0309012,0.453738554692,0.452700343347,0.0338736257722,544517.503106
27.225,0.378947615623,7.99885654449,0.351625263691,-1.49439583765e-05,5.34062928637e-05,20,20,1.89662480354,-1.15128719807,41.5200233459,42.0000314713,40743.0309012,0.453740700459,0.452700343347,0.1973166305,544516.868215
27.2361111111,0.378957569599,7.99903964996,0.351571857929,-1.49439583765e-05,5.34062928637e-05,20,20,1.89662480354,-1.15128719807,41.5200233459,42.0000314713,40743.0309012,0.453781589246,0.452700343347,1.10610478038,544514.873612
27.2472222222,0.378974586725,7.99935722351,0.351475536823,-1.49439583765e-05,5.34062928637e-05,20,20,1.89662480354,-1.15128719807,41.5200233459,42.0000314713,40743.0309012,0.453868075585,0.452700343347,2.63481373765,544511.77178
27.2583333333,0.378998011351,7.99979114532,0.351341128349,-1.49439583765e-05,5.34062928637e-05,20,20,1.89662480354,-1.15128719807,41.5200233459,42.0000314713,40743.0309012,0.453993245339,0.452700343347,4.57110856566,544507.114003
27.2694444444,0.379027187824,8.00033092499,0.35117572546,-1.49439583765e-05,5.34062928637e-05,20,20,1.89662480354,-1.15128719807,41.5200233459,42.0000314713,40743.0309012,0.454151138043,0.452700343347,6.64529680792,544501.367475
27.2805555556,0.379060924053,8.00096225739,0.350985825062,-1.49439583765e-05,5.34062928637e-05,20,20,1.89662480354,-1.15128719807,41.5200233459,42.0000314713,40743.0309012,0.454336150861,0.452700343347,8.57032931391,544495.2859
27.2916666667,0.379098236561,8.00165557861,0.35077548027,-1.49439583765e-05,5.34062928637e-05,20,20,1.89662480354,-1.15128719807,41.5200233459,42.0000314713,40743.0309012,0.454541727281,0.452700343347,10.086548205,544488.241289
27.3027777778,0.379137635231,8.00238323212,0.350550115108,-1.49439583765e-05,5.34062928637e-05,20,20,1.89662480354,-1.15128719807,41.5200233459,42.0000314713,40743.0309012,0.454764291024,0.452700343347,10.9773267984,544480.362865
27.3138888889,0.379177838564,8.00311756134,0.350317418575,-2.72956458502e-05,5.34062928637e-05,20,20,1.89662480354,-1.15128719807,41.5200233459,42.0000314713,40743.0309012,0.454995259023,0.452700343347,11.1121109848,544471.576719
27.325,0.379216074944,8.00382614136,0.350093126297,-4.08380947192e-05,5.34062928637e-05,20,20,1.89662480354,-1.15128719807,41.5200233459,42.0000314713,40743.0309012,0.455223842835,0.452700343347,10.466022891,544462.845888
27.3361111111,0.379252165556,8.00449562073,0.349886000156,-5.17442349519e-05,5.34062928637e-05,20,20,1.89662480354,-1.15128719807,41.5200233459,42.0000314713,40743.0309012,0.455434902883,0.452700343347,9.15187672766,544454.588798
27.3472222222,0.37928634882,8.00513076782,0.349693238735,-5.26754884049e-05,5.34062928637e-05,20,20,1.89662480354,-1.15128719807,41.5200233459,42.0000314713,40743.0309012,0.455631836629,0.452700343347,7.35347730409,544448.080377
27.3583333333,0.379315674305,8.00567626953,0.349526286125,-6.17998521193e-05,5.34062928637e-05,20,20,1.89662480354,-1.15128719807,41.5200233459,42.0000314713,40743.0309012,0.455806537843,0.452700343347,5.30806806072,544442.220764
27.3694444444,0.379339814186,8.00612449646,0.349390029907,-7.03834521119e-05,5.34062928637e-05,20,20,1.89662480354,-1.15128719807,41.5200233459,42.0000314713,40743.0309012,0.455950363851,0.452700343347,3.29930030215,544437.584388
27.3805555556,0.379357606173,8.00645542145,0.349289536476,-6.68245484121e-05,5.34062928637e-05,20,20,1.89662480354,-1.15128719807,41.5200233459,42.0000314713,40743.0309012,0.456060155606,0.452700343347,1.60206120027,544434.200135
27.3916666667,0.37936809659,8.00664901733,0.349229037762,-6.06795656495e-05,5.34062928637e-05,20,20,1.89662480354,-1.15128719807,41.5200233459,42.0000314713,40743.0309012,0.45613090632,0.452700343347,0.450297449214,544431.890952
27.4027777778,0.379370480776,8.00669670105,0.349214196205,-5.89016672166e-05,5.34062928637e-05,20,20,1.89662480354,-1.15128719807,41.5200233459,42.0000314713,40743.0309012,0.456157668805,0.452700343347,0.00288682887343,544430.70689
27.4138888889,0.379366189241,8.00661468506,0.349234998226,-5.99499035161e-05,5.34062928637e-05,20,20,1.89662480354,-1.15128719807,41.5200233459,42.0000314713,40743.0309012,0.456146522737,0.452700343347,0.27906387035,544430.864649
27.425,0.379355192184,8.00641059875,0.349297761917,-6.28332199994e-05,5.34062928637e-05,20,20,1.89662480354,-1.15128719807,41.5200233459,42.0000314713,40743.0309012,0.456092103696,0.452700343347,1.18943000546,544432.559172
27.4361111111,0.379338055849,8.00609111786,0.349396348,-6.97864234098e-05,5.34062928637e-05,20,20,1.89662480354,-1.15128719807,41.5200233459,42.0000314713,40743.0309012,0.456002875543,0.452700343347,2.60532717913,544435.822271
27.4472222222,0.379315018654,8.00566291809,0.349526762962,-5.63777684874e-05,5.34062928637e-05,20,20,1.89662480354,-1.15128719807,41.5200233459,42.0000314713,40743.0309012,0.455880089974,0.452700343347,4.32956446254,544440.190376
27.4583333333,0.379286885262,8.00514030457,0.349685490131,-4.32036431448e-05,5.34062928637e-05,20,20,1.89662480354,-1.15128719807,41.5200233459,42.0000314713,40743.0309012,0.455727740502,0.452700343347,6.12513987268,544445.526898
27.4694444444,0.379254668951,8.00454425812,0.349869072437,-3.91461908293e-05,5.34062928637e-05,20,20,1.89662480354,-1.15128719807,41.5200233459,42.0000314713,40743.0309012,0.455549761033,0.452700343347,7.74344952345,544451.866101
27.4805555556,0.379219472408,8.00388813019,0.350068569183,-3.80864548788e-05,5.34062928637e-05,20,20,1.89662480354,-1.15128719807,41.5200233459,42.0000314713,40743.0309012,0.45535390017,0.452700343347,8.95901915264,544458.423521
27.4916666667,0.379182517529,8.00320148468,0.350277721882,-3.36730845447e-05,5.34062928637e-05,20,20,1.89662480354,-1.15128719807,41.5200233459,42.0000314713,40743.0309012,0.455146416402,0.452700343347,9.60471831467,544465.437142
27.5027777778,0.379145056009,8.00250434875,0.350489675999,-3.07644040731e-05,5.34062928637e-05,20,20,1.89662480354,-1.15128719807,41.5200233459,42.0000314713,40743.0309012,0.454934343076,0.452700343347,9.59177316179,544472.497775
27.5138888889,0.379108458757,8.00182437897,0.350697219372,-2.96592152154e-05,5.34062928637e-05,20,20,1.89662480354,-1.15128719807,41.5200233459,42.0000314713,40743.0309012,0.454725011563,0.452700343347,8.92143183589,544479.450584
27.525,0.379073739052,8.0011806488,0.350892961025,-2.81795928458e-05,5.34062928637e-05,20,20,1.89662480354,-1.15128719807,41.5200233459,42.0000314713,40743.0309012,0.454526230073,0.452700343347,7.68655733817,544485.911994
27.5361111111,0.379042059183,8.00059127808,0.351072847843,-2.19877547352e-05,5.34062928637e-05,20,20,1.89662480354,-1.15128719807,41.5200233459,42.0000314713,40743.0309012,0.454340740418,0.452700343347,6.05241687687,544491.472464
27.5472222222,0.379015356302,8.00009536743,0.351225316525,-1.70202310983e-05,5.34062928637e-05,20,20,1.89662480354,-1.15128719807,41.5200233459,42.0000314713,40743.0309012,0.454181178784,0.452700343347,4.24704161768,544496.573226
27.5583333333,0.378994017839,7.99969911575,0.351346075535,-7.78213143349e-06,5.34062928637e-05,20,20,1.89662480354,-1.15128719807,41.5200233459,42.0000314713,40743.0309012,0.454052313542,0.452700343347,2.52572284666,544500.62336
27.5694444444,0.378978848457,7.99941635132,0.351432025433,-7.78213143349e-06,5.34062928637e-05,20,20,1.89662480354,-1.15128719807,41.5200233459,42.0000314713,40743.0309012,0.453957363343,0.452700343347,1.12877275159,544503.496683
27.5805555556,0.378970205784,7.99925613403,0.351481199265,-1.36268172355e-05,5.34062928637e-05,20,20,1.89662480354,-1.15128719807,41.5200233459,42.0000314713,40743.0309012,0.453898831582,0.452700343347,0.248536402595,544505.10724
27.5916666667,0.378968477249,7.99922847748,0.351491332054,-1.5187727513e-05,5.34062928637e-05,20,20,1.89662480354,-1.15128719807,41.5200233459,42.0000314713,40743.0309012,0.453880115724,0.452700343347,0.00544571768634,544505.746107
27.6027777778,0.378972858191,7.99930953979,0.351467192173,-1.92446823348e-05,5.34062928637e-05,20,20,1.89662480354,-1.15128719807,41.5200233459,42.0000314713,40743.0309012,0.453893526769,0.452700343347,0.382632424364,544504.350727
27.6138888889,0.378984302282,7.99952030182,0.351400732994,-1.92446823348e-05,5.34062928637e-05,20,20,1.89662480354,-1.15128719807,41.5200233459,42.0000314713,40743.0309012,0.453950747228,0.452700343347,1.30445918077,544501.985995
27.625,0.379001736641,7.99984645844,0.351303100586,-1.68378628587e-05,5.34062928637e-05,20,20,1.89662480354,-1.15128719807,41.5200233459,42.0000314713,40743.0309012,0.454040929055,0.452700343347,2.64178795997,544498.893636
27.6361111111,0.379024595022,8.00027084351,0.351173937321,-1.68378628587e-05,5.34062928637e-05,20,20,1.89662480354,-1.15128719807,41.5200233459,42.0000314713,40743.0309012,0.454162462926,0.452700343347,4.21241800205,544494.534769
27.6472222222,0.379052102566,8.00078201294,0.351019263268,-1.68378628587e-05,5.34062928637e-05,20,20,1.89662480354,-1.15128719807,41.5200233459,42.0000314713,40743.0309012,0.454311414933,0.452700343347,5.79891459367,544489.340685
27.6583333333,0.37908321619,8.00135612488,0.350842237473,-2.46253021032e-05,5.34062928637e-05,20,20,1.89662480354,-1.15128719807,41.5200233459,42.0000314713,40743.0309012,0.454482659078,0.452700343347,7.18317430339,544483.027678
27.6694444444,0.379116952419,8.0019903183,0.350653290749,-2.46253021032e-05,5.34062928637e-05,20,20,1.89662480354,-1.15128719807,41.5200233459,42.0000314713,40743.0309012,0.454670056081,0.452700343347,8.17191308141,544477.259515
27.6805555556,0.379152089357,8.00264835358,0.350458085537,-2.46253021032e-05,5.34062928637e-05,20,20,1.89662480354,-1.15128719807,41.5200233459,42.0000314713,40743.0309012,0.454863651967,0.452700343347,8.63817362496,544471.003343
27.6916666667,0.379187464714,8.0033082962,0.350260078907,-2.46253021032e-05,5.34062928637e-05,20,20,1.89662480354,-1.15128719807,41.5200233459,42.0000314713,40743.0309012,0.455062254643,0.452700343347,8.51788547925,544464.606252
27.7027777778,0.379221886396,8.00395584106,0.350070178509,-2.46253021032e-05,5.34062928637e-05,20,20,1.89662480354,-1.15128719807,41.5200233459,42.0000314713,40743.0309012,0.455254658437,0.452700343347,7.82733302326,544458.84838
27.7138888889,0.379254043102,8.00455760956,0.34989386797,-2.46253021032e-05,5.34062928637e-05,20,20,1.89662480354,-1.15128719807,41.5200233459,42.0000314713,40743.0309012,0.455434426045,0.452700343347,6.66716058145,544453.191313
27.725,0.379282921553,8.0050907135,0.349730193615,-3.73613547708e-05,5.34062928637e-05,20,20,1.89662480354,-1.15128719807,41.5200233459,42.0000314713,40743.0309012,0.45560221312,0.452700343347,5.19033638335,544447.330296
27.7361111111,0.379307538271,8.0055513382,0.349591851234,-5.03482988279e-05,5.34062928637e-05,20,20,1.89662480354,-1.15128719807,41.5200233459,42.0000314713,40743.0309012,0.455748006082,0.452700343347,3.59060105836,544442.96184
27.7472222222,0.379327058792,8.00591468811,0.349483132362,-6.36454060441e-05,5.34062928637e-05,20,20,1.89662480354,-1.15128719807,41.5200233459,42.0000314713,40743.0309012,0.455863519883,0.452700343347,2.09224020173,544439.288618
27.7583333333,0.37934076786,8.00616931915,0.349406123161,-6.36454060441e-05,5.34062928637e-05,20,20,1.89662480354,-1.15128719807,41.5200233459,42.0000314713,40743.0309012,0.455948992944,0.452700343347,0.899182859102,544436.712334
27.7694444444,0.379348188639,8.00630760193,0.34936362505,-6.28236230114e-05,5.34062928637e-05,20,20,1.89662480354,-1.15128719807,41.5200233459,42.0000314713,40743.0309012,0.456000550961,0.452700343347,0.173861501202,544435.280116
27.7805555556,0.379348516464,8.00632095337,0.349362552166,-6.28236230114e-05,5.34062928637e-05,20,20,1.89662480354,-1.15128719807,41.5200233459,42.0000314713,40743.0309012,0.456009908891,0.452700343347,0.0140282491032,544435.310522
27.7916666667,0.379344016314,8.0062379837,0.349386930466,-6.28236230114e-05,5.34062928637e-05,20,20,1.89662480354,-1.15128719807,41.5200233459,42.0000314713,40743.0309012,0.455995126939,0.452700343347,0.389007266392,544436.864829
27.8027777778,0.37933292985,8.0060338974,0.349450647831,-6.28163470537e-05,5.34062928637e-05,20,20,1.89662480354,-1.15128719807,41.5200233459,42.0000314713,40743.0309012,0.455939515805,0.452700343347,1.22777348748,544439.227923
27.8138888889,0.379316210747,8.00572395325,0.349549233913,-6.90155284246e-05,5.34062928637e-05,20,20,1.89662480354,-1.15128719807,41.5200233459,42.0000314713,40743.0309012,0.455850287652,0.452700343347,2.41233616366,544442.561656
27.825,0.379294574261,8.00532436371,0.349674284458,-5.99478807999e-05,5.34062928637e-05,20,20,1.89662480354,-1.15128719807,41.5200233459,42.0000314713,40743.0309012,0.455730482316,0.452700343347,3.77186813661,544446.969289
27.8361111111,0.379268676043,8.00483989716,0.34982162714,-4.99664674862e-05,5.34062928637e-05,20,20,1.89662480354,-1.15128719807,41.5200233459,42.0000314713,40743.0309012,0.455587788796,0.452700343347,5.1184990977,544451.61619
27.8472222222,0.379239529371,8.00430107117,0.349986970425,-4.59073671664e-05,5.34062928637e-05,20,20,1.89662480354,-1.15128719807,41.5200233459,42.0000314713,40743.0309012,0.455427392697,0.452700343347,6.26975322131,544457.497555
27.8583333333,0.379208534956,8.0037317276,0.350164473057,-4.02375299018e-05,5.34062928637e-05,20,20,1.89662480354,-1.15128719807,41.5200233459,42.0000314713,40743.0309012,0.455252095437,0.452700343347,7.06462848514,544464.270972
27.8694444444,0.379175961018,8.00312232971,0.350348293781,-3.78033073503e-05,5.34062928637e-05,20,20,1.89662480354,-1.15128719807,41.5200233459,42.0000314713,40743.0309012,0.455069228387,0.452700343347,7.39529494328,544470.133158
27.8805555556,0.379143387079,8.00250530243,0.350527822971,-3.38253776135e-05,5.34062928637e-05,20,20,1.89662480354,-1.15128719807,41.5200233459,42.0000314713,40743.0309012,0.45488743422,0.452700343347,7.22032703982,544475.263858
27.8916666667,0.37911182642,8.00191688538,0.350701391697,-2.9787857784e-05,5.34062928637e-05,20,20,1.89662480354,-1.15128719807,41.5200233459,42.0000314713,40743.0309012,0.454713507867,0.452700343347,6.57522657083,544480.982321
27.9027777778,0.379082381725,8.00137329102,0.35087043047,-2.50374050665e-05,5.34062928637e-05,20,20,1.89662480354,-1.15128719807,41.5200233459,42.0000314713,40743.0309012,0.454541548467,0.452700343347,5.53496777193,544486.910347
27.9138888889,0.379056215286,8.00088977814,0.351020634174,-1.94422154891e-05,5.34062928637e-05,20,20,1.89662480354,-1.15128719807,41.5200233459,42.0000314713,40743.0309012,0.454385920739,0.452700343347,4.23413169301,544492.179274
27.925,0.379034101963,8.00048065186,0.351144790649,-4.84268002765e-06,5.34062928637e-05,20,20,1.89662480354,-1.15128719807,41.5200233459,42.0000314713,40743.0309012,0.45425490973,0.452700343347,2.85798985723,544496.517208
27.9361111111,0.379016876221,8.00016021729,0.351243019104,-4.84268002765e-06,5.34062928637e-05,20,20,1.89662480354,-1.15128719807,41.5200233459,42.0000314713,40743.0309012,0.454149409509,0.452700343347,1.59914344128,544499.689909
27.9472222222,0.379005104303,7.99994087219,0.351308763027,-4.84268002765e-06,5.34062928637e-05,20,20,1.89662480354,-1.15128719807,41.5200233459,42.0000314713,40743.0309012,0.454075857377,0.452700343347,0.631378159751,544501.882966
27.9583333333,0.37900018692,7.99984312057,0.351337552071,-4.84268002765e-06,5.34062928637e-05,20,20,1.89662480354,-1.15128719807,41.5200233459,42.0000314713,40743.0309012,0.454034670567,0.452700343347,0.0883038353174,544503.098135
27.9694444444,0.37900018692,7.99984931946,0.351333022118,-4.84268002765e-06,5.34062928637e-05,20,20,1.89662480354,-1.15128719807,41.5200233459,42.0000314713,40743.0309012,0.454037770009,0.452700343347,0.0354550728125,544503.423006
27.9805555556,0.379005014896,7.99993944168,0.35130906105,-4.84268002765e-06,5.34062928637e-05,20,20,1.89662480354,-1.15128719807,41.5200233459,42.0000314713,40743.0309012,0.454051240659,0.452700343347,0.425263181172,544501.726144
27.9916666667,0.37901622057,8.00014781952,0.351245701313,-4.84268002765e-06,5.34062928637e-05,20,20,1.89662480354,-1.15128719807,41.5200233459,42.0000314713,40743.0309012,0.454106911397,0.452700343347,1.19891627264,544499.578461
28.0027777778,0.379032492638,8.00045013428,0.351153254509,-4.84268002765e-06,5.34062928637e-05,20,20,1.89662480354,-1.15128719807,41.5200233459,42.0000314713,40743.0309012,0.454192503667,0.452700343347,2.2486872686,544496.485166
28.0138888889,0.379053354263,8.00083351135,0.351034343243,-4.84268002765e-06,5.34062928637e-05,20,20,1.89662480354,-1.15128719807,41.5200233459,42.0000314713,40743.0309012,0.454304679608,0.452700343347,3.42889487597,544492.232017
28.025,0.379077881575,8.00128936768,0.350893974304,-4.84268002765e-06,5.34062928637e-05,20,20,1.89662480354,-1.15128719807,41.5200233459,42.0000314713,40743.0309012,0.454440876222,0.452700343347,4.57239809039,544487.581256
28.0361111111,0.379105329514,8.00180339813,0.350740551949,-4.84268002765e-06,5.34062928637e-05,20,20,1.89662480354,-1.15128719807,41.5200233459,42.0000314713,40743.0309012,0.454590722299,0.452700343347,5.52506310257,544482.674973
28.0472222222,0.379134684801,8.00234794617,0.35057413578,-7.97202301328e-06,5.34062928637e-05,20,20,1.89662480354,-1.15128719807,41.5200233459,42.0000314713,40743.0309012,0.454754277444,0.452700343347,6.15782302471,544477.021064
28.0583333333,0.379164993763,8.0029001236,0.350399315357,-2.09023019124e-05,5.34062928637e-05,20,20,1.89662480354,-1.15128719807,41.5200233459,42.0000314713,40743.0309012,0.454928084588,0.452700343347,6.3758699306,544470.287058
28.0694444444,0.379194945097,8.00345039368,0.350229024887,-3.39564685419e-05,5.34062928637e-05,20,20,1.89662480354,-1.15128719807,41.5200233459,42.0000314713,40743.0309012,0.455100282407,0.452700343347,6.1483376697,544463.801207
28.0805555556,0.379223644733,8.0039730072,0.350062072277,-4.90309284942e-05,5.34062928637e-05,20,20,1.89662480354,-1.15128719807,41.5200233459,42.0000314713,40743.0309012,0.455267771459,0.452700343347,5.51094252447,544457.133859
28.0916666667,0.37925028801,8.0044670105,0.349908232689,-6.49527501082e-05,5.34062928637e-05,20,20,1.89662480354,-1.15128719807,41.5200233459,42.0000314713,40743.0309012,0.455426379418,0.452700343347,4.54475464238,544451.873936
28.1027777778,0.379273951054,8.00490760803,0.34977376461,-7.87380704423e-05,5.34062928637e-05,20,20,1.89662480354,-1.15128719807,41.5200233459,42.0000314713,40743.0309012,0.455566092706,0.452700343347,3.38866870093,544447.46794
28.1138888889,0.379293471575,8.00527000427,0.349663496017,-8.25803726912e-05,5.34062928637e-05,20,20,1.89662480354,-1.15128719807,41.5200233459,42.0000314713,40743.0309012,0.455682858205,0.452700343347,2.20646801569,544443.737416
28.125,0.379308372736,8.00554656982,0.349579274654,-7.54184075049e-05,5.34062928637e-05,20,20,1.89662480354,-1.15128719807,41.5200233459,42.0000314713,40743.0309012,0.455773278451,0.452700343347,1.16311387873,544440.90783
28.1361111111,0.379318058491,8.0057258606,0.349523901939,-6.78730139043e-05,5.34062928637e-05,20,20,1.89662480354,-1.15128719807,41.5200233459,42.0000314713,40743.0309012,0.455836578584,0.452700343347,0.401545962131,544439.075078
28.1472222222,0.379320859909,8.0057888031,0.349508285522,-6.53111637803e-05,5.34062928637e-05,20,20,1.89662480354,-1.15128719807,41.5200233459,42.0000314713,40743.0309012,0.455864056325,0.452700343347,0.0279291455153,544438.269682
28.1583333333,0.379320859909,8.00577831268,0.349511504173,-6.54436516925e-05,5.34062928637e-05,20,20,1.89662480354,-1.15128719807,41.5200233459,42.0000314713,40743.0309012,0.455860182023,0.452700343347,0.0751946300479,544438.606131
28.1694444444,0.379314273596,8.00565624237,0.349545240402,-6.95191411069e-05,5.34062928637e-05,20,20,1.89662480354,-1.15128719807,41.5200233459,42.0000314713,40743.0309012,0.455837830281,0.452700343347,0.490926871942,544439.788205
28.1805555556,0.379302769899,8.005443573,0.349610447884,-7.21469041309e-05,5.34062928637e-05,20,20,1.89662480354,-1.15128719807,41.5200233459,42.0000314713,40743.0309012,0.455779894567,0.452700343347,1.21756071723,544442.147791
28.1916666667,0.379286676645,8.00514316559,0.349701464176,-7.87334793131e-05,5.34062928637e-05,20,20,1.89662480354,-1.15128719807,41.5200233459,42.0000314713,40743.0309012,0.455694719529,0.452700343347,2.15390919799,544445.023219
28.2027777778,0.379266560078,8.0047712326,0.349815666676,-7.56143708713e-05,5.34062928637e-05,20,20,1.89662480354,-1.15128719807,41.5200233459,42.0000314713,40743.0309012,0.45558641789,0.452700343347,3.17070632658,544449.000847
28.2138888889,0.379243135452,8.00433444977,0.349948346615,-6.17073092144e-05,5.34062928637e-05,20,20,1.89662480354,-1.15128719807,41.5200233459,42.0000314713,40743.0309012,0.455456777787,0.452700343347,4.12505555018,544453.298318
28.225,0.379217207432,8.00385093689,0.350093722343,-5.3052099247e-05,5.34062928637e-05,20,20,1.89662480354,-1.15128719807,41.5200233459,42.0000314713,40743.0309012,0.455314739919,0.452700343347,4.88886475644,544457.977028
28.2361111111,0.379189640284,8.00333690643,0.350248634815,-4.45456244051e-05,5.34062928637e-05,20,20,1.89662480354,-1.15128719807,41.5200233459,42.0000314713,40743.0309012,0.455162032819,0.452700343347,5.35781847192,544463.096618
28.2472222222,0.379161506891,8.00281429291,0.350407123566,-3.81343270419e-05,5.34062928637e-05,20,20,1.89662480354,-1.15128719807,41.5200233459,42.0000314713,40743.0309012,0.455003961301,0.452700343347,5.46618558825,544468.411037
28.2583333333,0.379133760929,8.0022983551,0.350563704967,-2.93613975373e-05,5.34062928637e-05,20,20,1.89662480354,-1.15128719807,41.5200233459,42.0000314713,40743.0309012,0.45484636662,0.452700343347,5.19918607209,544473.68207
28.2694444444,0.379107177258,8.00180435181,0.350714683533,-2.27287691814e-05,5.34062928637e-05,20,20,1.89662480354,-1.15128719807,41.5200233459,42.0000314713,40743.0309012,0.454693540311,0.452700343347,4.59231383082,544478.738744
28.2805555556,0.379081726074,8.00133037567,0.350856006145,-1.67353828147e-05,5.34062928637e-05,20,20,1.89662480354,-1.15128719807,41.5200233459,42.0000314713,40743.0309012,0.454549773908,0.452700343347,3.72582202861,544482.404365
28.2916666667,0.379060566425,8.0009355545,0.350977241993,-7.55881728765e-06,5.34062928637e-05,20,20,1.89662480354,-1.15128719807,41.5200233459,42.0000314713,40743.0309012,0.454422100759,0.452700343347,2.71672798086,544486.392168
28.3027777778,0.379043251276,8.00061321259,0.351075291634,-7.55881728765e-06,5.34062928637e-05,20,20,1.89662480354,-1.15128719807,41.5200233459,42.0000314713,40743.0309012,0.454318269467,0.452700343347,1.71249718488,544489.641701
28.3138888889,0.379030287266,8.00037384033,0.351149201393,-7.55881728765e-06,5.34062928637e-05,20,20,1.89662480354,-1.15128719807,41.5200233459,42.0000314713,40743.0309012,0.454238280034,0.452700343347,0.852589392768,544492.111331
28.325,0.379022270441,8.00022411346,0.351194381714,-1.03672400655e-05,5.34062928637e-05,20,20,1.89662480354,-1.15128719807,41.5200233459,42.0000314713,40743.0309012,0.454185053086,0.452700343347,0.255425923517,544493.63535
28.3361111111,0.379019707441,8.00017547607,0.351206660271,-1.74903561856e-05,5.34062928637e-05,20,20,1.89662480354,-1.15128719807,41.5200233459,42.0000314713,40743.0309012,0.454165681577,0.452700343347,0.0050210678871,544494.179492
28.3472222222,0.379019707441,8.00018405914,0.351204276085,-2.09982845263e-05,5.34062928637e-05,20,20,1.89662480354,-1.15128719807,41.5200233459,42.0000314713,40743.0309012,0.454166218019,0.452700343347,0.108978657081,544492.974732
28.3583333333,0.379026710987,8.00031089783,0.351166188717,-2.09982845263e-05,5.34062928637e-05,20,20,1.89662480354,-1.15128719807,41.5200233459,42.0000314713,40743.0309012,0.454192742085,0.452700343347,0.524428160861,544491.388148
28.3694444444,0.37903830409,8.00052261353,0.351099610329,-2.09982845263e-05,5.34062928637e-05,20,20,1.89662480354,-1.15128719807,41.5200233459,42.0000314713,40743.0309012,0.454251989102,0.452700343347,1.19497503337,544488.872792
28.3805555556,0.37905395031,8.00081634521,0.351011276245,-1.86797660717e-05,5.34062928637e-05,20,20,1.89662480354,-1.15128719807,41.5200233459,42.0000314713,40743.0309012,0.454336329675,0.452700343347,2.02538619334,544486.151848
28.3916666667,0.379073172808,8.00117492676,0.350903809071,-1.71266474354e-05,5.34062928637e-05,20,20,1.89662480354,-1.15128719807,41.5200233459,42.0000314713,40743.0309012,0.454439326501,0.452700343347,2.90473234084,544482.529145
28.4027777778,0.379095464945,8.00158405304,0.350776314735,-1.71266474354e-05,5.34062928637e-05,20,20,1.89662480354,-1.15128719807,41.5200233459,42.0000314713,40743.0309012,0.454561694837,0.452700343347,3.71163168971,544477.879087
28.4138888889,0.379119932652,8.00204277039,0.350638926029,-1.71266474354e-05,5.34062928637e-05,20,20,1.89662480354,-1.15128719807,41.5200233459,42.0000314713,40743.0309012,0.454697414613,0.452700343347,4.33082278328,544473.601379
28.425,0.37914571166,8.00252914429,0.350497424603,-1.71266474354e-05,5.34062928637e-05,20,20,1.89662480354,-1.15128719807,41.5200233459,42.0000314713,40743.0309012,0.45483802197,0.452700343347,4.68445891134,544469.422957
28.4361111111,0.379171878099,8.00301551819,0.350351274014,-2.3783521101e-05,5.34062928637e-05,20,20,1.89662480354,-1.15128719807,41.5200233459,42.0000314713,40743.0309012,0.454983338094,0.452700343347,4.72650629722,544464.469311
28.4472222222,0.379197657108,8.00350189209,0.350209474564,-3.53723153239e-05,5.34062928637e-05,20,20,1.89662480354,-1.15128719807,41.5200233459,42.0000314713,40743.0309012,0.455126866078,0.452700343347,4.44975625137,544460.229377
28.4583333333,0.379222095013,8.00396347046,0.35007506609,-4.48697792308e-05,5.34062928637e-05,20,20,1.89662480354,-1.15128719807,41.5200233459,42.0000314713,40743.0309012,0.455263539529,0.452700343347,3.89397539565,544456.240989
28.4694444444,0.379244595766,8.00438499451,0.349952578545,-5.55772821826e-05,5.34062928637e-05,20,20,1.89662480354,-1.15128719807,41.5200233459,42.0000314713,40743.0309012,0.455389364934,0.452700343347,3.13393306916,544452.454448
28.4805555556,0.379263997078,8.00474262238,0.34984344244,-7.13998160791e-05,5.34062928637e-05,20,20,1.89662480354,-1.15128719807,41.5200233459,42.0000314713,40743.0309012,0.455502136922,0.452700343347,2.27176303814,544448.57669
28.4916666667,0.379279851913,8.00504112244,0.349754631519,-7.44021308492e-05,5.34062928637e-05,20,20,1.89662480354,-1.15128719807,41.5200233459,42.0000314713,40743.0309012,0.455597087121,0.452700343347,1.42011932726,544445.913516
28.5027777778,0.379291534424,8.00525474548,0.349687933922,-6.75847550156e-05,5.34062928637e-05,20,20,1.89662480354,-1.15128719807,41.5200233459,42.0000314713,40743.0309012,0.455668791509,0.452700343347,0.697232596092,544443.359335
28.5138888889,0.379298746586,8.00539016724,0.34964710474,-6.60042715026e-05,5.34062928637e-05,20,20,1.89662480354,-1.15128719807,41.5200233459,42.0000314713,40743.0309012,0.45571641562,0.452700343347,0.201599436508,544442.157731
28.525,0.379299789667,8.00541210175,0.349641084671,-6.60042715026e-05,5.34062928637e-05,20,20,1.89662480354,-1.15128719807,41.5200233459,42.0000314713,40743.0309012,0.455730899549,0.452700343347,0.00234369674361,544440.936482
28.5361111111,0.379299789667,8.00539779663,0.349640190601,-6.60042715026e-05,5.34062928637e-05,20,20,1.89662480354,-1.15128719807,41.5200233459,42.0000314713,40743.0309012,0.455730601525,0.452700343347,0.100229321386,544441.628441
28.5472222222,0.379293292761,8.00527858734,0.349672734737,-6.60042715026e-05,5.34062928637e-05,20,20,1.89662480354,-1.15128719807,41.5200233459,42.0000314713,40743.0309012,0.45570962069,0.452700343347,0.458547796398,544443.059138
28.5583333333,0.379282563925,8.00508117676,0.34973347187,-6.60042715026e-05,5.34062928637e-05,20,20,1.89662480354,-1.15128719807,41.5200233459,42.0000314713,40743.0309012,0.455655499673,0.452700343347,1.03096905187,544445.248454
28.5694444444,0.379268020391,8.00480937958,0.349817335606,-7.52043924876e-05,5.34062928637e-05,20,20,1.89662480354,-1.15128719807,41.5200233459,42.0000314713,40743.0309012,0.455575867867,0.452700343347,1.73563179056,544447.911043
28.5805555556,0.379250138998,8.00447750092,0.349918246269,-8.13664082671e-05,5.34062928637e-05,20,20,1.89662480354,-1.15128719807,41.5200233459,42.0000314713,40743.0309012,0.455479844785,0.452700343347,2.47565378552,544451.27483
28.5916666667,0.379229664803,8.00409984589,0.350034832954,-7.22971381037e-05,5.34062928637e-05,20,20,1.89662480354,-1.15128719807,41.5200233459,42.0000314713,40743.0309012,0.455366893983,0.452700343347,3.14910760885,544455.49196
28.6027777778,0.379207193851,8.0036907196,0.350165486336,-5.8550034737e-05,5.34062928637e-05,20,20,1.89662480354,-1.15128719807,41.5200233459,42.0000314713,40743.0309012,0.45523981688,0.452700343347,3.66051368659,544460.524544
28.6138888889,0.379183501005,8.00324249268,0.350299239159,-5.15109168191e-05,5.34062928637e-05,20,20,1.89662480354,-1.15128719807,41.5200233459,42.0000314713,40743.0309012,0.455104871964,0.452700343347,3.93437093029,544464.286293
28.625,0.37915956974,8.00278759003,0.350428938866,-4.42887103418e-05,5.34062928637e-05,20,20,1.89662480354,-1.15128719807,41.5200233459,42.0000314713,40743.0309012,0.454974635816,0.452700343347,3.94525096987,544467.970976
28.6361111111,0.379135817289,8.00233459473,0.350556433201,-3.61289494322e-05,5.34062928637e-05,20,20,1.89662480354,-1.15128719807,41.5200233459,42.0000314713,40743.0309012,0.454846307015,0.452700343347,3.69727114384,544471.21548
28.6472222222,0.379113167524,8.00191307068,0.350680828094,-2.38396023633e-05,5.34062928637e-05,20,20,1.89662480354,-1.15128719807,41.5200233459,42.0000314713,40743.0309012,0.454720898843,0.452700343347,3.22002743803,544475.040146
28.6583333333,0.379092812538,8.00154018402,0.350797474384,-1.96611854335e-05,5.34062928637e-05,20,20,1.89662480354,-1.15128719807,41.5200233459,42.0000314713,40743.0309012,0.454601749158,0.452700343347,2.57161806944,544479.258095
28.6694444444,0.379075348377,8.00121498108,0.350897192955,-1.96611854335e-05,5.34062928637e-05,20,20,1.89662480354,-1.15128719807,41.5200233459,42.0000314713,40743.0309012,0.45449744103,0.452700343347,1.83916086057,544482.596973
28.6805555556,0.379061162472,8.00094795227,0.350975096226,-2.98120685329e-05,5.34062928637e-05,20,20,1.89662480354,-1.15128719807,41.5200233459,42.0000314713,40743.0309012,0.454413815713,0.452700343347,1.12674836124,544484.886743
28.6916666667,0.379050850868,8.00075721741,0.351033687592,-3.93746413465e-05,5.34062928637e-05,20,20,1.89662480354,-1.15128719807,41.5200233459,42.0000314713,40743.0309012,0.454350694394,0.452700343347,0.534062331725,544487.005541
28.7027777778,0.37904471159,8.00064086914,0.351068377495,-4.29915417044e-05,5.34062928637e-05,20,20,1.89662480354,-1.15128719807,41.5200233459,42.0000314713,40743.0309012,0.454309328771,0.452700343347,0.140175509664,544487.995241
28.7138888889,0.379043906927,8.0006275177,0.351072669029,-4.20855176344e-05,5.34062928637e-05,20,20,1.89662480354,-1.15128719807,41.5200233459,42.0000314713,40743.0309012,0.454298123097,0.452700343347,3.93811072685e-05,544489.014294
28.725,0.379043906927,8.00064086914,0.35107254982,-4.2355786718e-05,5.34062928637e-05,20,20,1.89662480354,-1.15128719807,41.5200233459,42.0000314713,40743.0309012,0.454298838353,0.452700343347,0.106444148921,544488.045177
28.7361111111,0.379050344229,8.00075721741,0.351040899754,-3.9316026232e-05,5.34062928637e-05,20,20,1.89662480354,-1.15128719807,41.5200233459,42.0000314713,40743.0309012,0.454319938397,0.452700343347,0.427592710905,544486.60489
28.7472222222,0.379060566425,8.00094223022,0.350982666016,-3.69400077034e-05,5.34062928637e-05,20,20,1.89662480354,-1.15128719807,41.5200233459,42.0000314713,40743.0309012,0.454371913648,0.452700343347,0.921505580417,544484.316523
28.7583333333,0.379074186087,8.0011920929,0.350902378559,-3.29722643073e-05,5.34062928637e-05,20,20,1.89662480354,-1.15128719807,41.5200233459,42.0000314713,40743.0309012,0.454447432733,0.452700343347,1.51717448427,544481.324385
28.7694444444,0.379090756178,8.00150775909,0.350811004639,-2.89785657515e-05,5.34062928637e-05,20,20,1.89662480354,-1.15128719807,41.5200233459,42.0000314713,40743.0309012,0.454536243653,0.452700343347,2.13157076419,544478.803181
28.7805555556,0.37910977006,8.00186061859,0.350704610348,-2.49486583925e-05,5.34062928637e-05,20,20,1.89662480354,-1.15128719807,41.5200233459,42.0000314713,40743.0309012,0.454638704038,0.452700343347,2.68517287039,544475.231701
28.7916666667,0.379130482674,8.00224208832,0.350586116314,-2.49486583925e-05,5.34062928637e-05,20,20,1.89662480354,-1.15128719807,41.5200233459,42.0000314713,40743.0309012,0.454754396653,0.452700343347,3.09904325865,544470.93423
28.8027777778,0.37915161252,8.00262832642,0.35046005249,-3.11445401167e-05,5.34062928637e-05,20,20,1.89662480354,-1.15128719807,41.5200233459,42.0000314713,40743.0309012,0.454880520082,0.452700343347,3.30985900454,544465.798034
28.8138888889,0.379172086716,8.00300884247,0.350340604782,-4.60945957457e-05,5.34062928637e-05,20,20,1.89662480354,-1.15128719807,41.5200233459,42.0000314713,40743.0309012,0.455001100278,0.452700343347,3.29368892291,544460.557407
28.825,0.379191815853,8.00337600708,0.350226163864,-6.41526348772e-05,5.34062928637e-05,20,20,1.89662480354,-1.15128719807,41.5200233459,42.0000314713,40743.0309012,0.455117329335,0.452700343347,3.06234565443,544455.217611
28.8361111111,0.379210710526,8.00372695923,0.350118219852,-7.4748400948e-05,5.34062928637e-05,20,20,1.89662480354,-1.15128719807,41.5200233459,42.0000314713,40743.0309012,0.455226942277,0.452700343347,2.64896431027,544450.505105
28.8472222222,0.379228800535,8.00406169891,0.35001707077,-6.51572481729e-05,5.34062928637e-05,20,20,1.89662480354,-1.15128719807,41.5200233459,42.0000314713,40743.0309012,0.455329521871,0.452700343347,2.10617837568,544446.727218
28.8583333333,0.379244625568,8.00435829163,0.349927604198,-5.33894526598e-05,5.34062928637e-05,20,20,1.89662480354,-1.15128719807,41.5200233459,42.0000314713,40743.0309012,0.455422981954,0.452700343347,1.50054371595,544443.918331
28.8694444444,0.379257440567,8.00459384918,0.349856197834,-5.01938411617e-05,5.34062928637e-05,20,20,1.89662480354,-1.15128719807,41.5200233459,42.0000314713,40743.0309012,0.455497845387,0.452700343347,0.915067933614,544441.330703
28.8805555556,0.379266768694,8.00476646423,0.349802494049,-4.41192350991e-05,5.34062928637e-05,20,20,1.89662480354,-1.15128719807,41.5200233459,42.0000314713,40743.0309012,0.455557450032,0.452700343347,0.428246454506,544439.557125
28.8916666667,0.379271239042,8.00485992432,0.349777281284,-4.25435937359e-05,5.34062928637e-05,20,20,1.89662480354,-1.15128719807,41.5200233459,42.0000314713,40743.0309012,0.455593570447,0.452700343347,0.108396175438,544438.735825
28.9027777778,0.379271239042,8.00485992432,0.34978312254,-4.25435937359e-05,5.34062928637e-05,20,20,1.89662480354,-1.15128719807,41.5200233459,42.0000314713,40743.0309012,0.455589159703,0.452700343347,6.13547927204e-07,544437.511652
28.9138888889,0.379270970821,8.00484466553,0.349784016609,-4.25435937359e-05,5.34062928637e-05,20,20,1.89662480354,-1.15128719807,41.5200233459,42.0000314713,40743.0309012,0.455587788796,0.452700343347,0.0852825711609,544438.334589
28.925,0.37926530838,8.00474357605,0.349814713001,-4.25435937359e-05,5.34062928637e-05,20,20,1.89662480354,-1.15128719807,41.5200233459,42.0000314713,40743.0309012,0.455566450334,0.452700343347,0.335158409583,544439.809608
28.9361111111,0.379256308079,8.00457191467,0.349862337112,-4.25435937359e-05,5.34062928637e-05,20,20,1.89662480354,-1.15128719807,41.5200233459,42.0000314713,40743.0309012,0.45552252171,0.452700343347,0.716537544578,544441.06945
28.9472222222,0.379244267941,8.00435638428,0.349932968616,-4.25435937359e-05,5.34062928637e-05,20,20,1.89662480354,-1.15128719807,41.5200233459,42.0000314713,40743.0309012,0.455457791066,0.452700343347,1.17804593142,544444.086497
28.9583333333,0.379229664803,8.00407886505,0.350015342236,-5.4408894357e-05,5.34062928637e-05,20,20,1.89662480354,-1.15128719807,41.5200233459,42.0000314713,40743.0309012,0.455377086377,0.452700343347,1.65178558974,544446.407843
28.9694444444,0.3792129457,8.00376605988,0.350107610226,-6.20338178123e-05,5.34062928637e-05,20,20,1.89662480354,-1.15128719807,41.5200233459,42.0000314713,40743.0309012,0.455287917829,0.452700343347,2.07700222143,544449.334375
28.9805555556,0.379194587469,8.00342559814,0.350211441517,-6.78219512338e-05,5.34062928637e-05,20,20,1.89662480354,-1.15128719807,41.5200233459,42.0000314713,40743.0309012,0.455186351514,0.452700343347,2.39443028665,544452.687287
28.9916666667,0.379175454378,8.00306987762,0.350321352482,-7.29970415705e-05,5.34929677087e-05,20,20,1.89662480354,-1.15128719807,41.5200233459,42.0000314713,40743.0309012,0.455077632642,0.452700343347,2.5571756084,544456.307767
29.0027777778,0.37915623188,8.00271224976,0.350430309772,-7.28069935576e-05,5.34062928637e-05,20,20,1.89662480354,-1.15128719807,41.5200233459,42.0000314713,40743.0309012,0.454967781281,0.452700343347,2.5421126529,544459.969061
29.0138888889,0.379137456417,8.00236415863,0.350537538528,-7.67321762396e-05,5.34062928637e-05,20,20,1.89662480354,-1.15128719807,41.5200233459,42.0000314713,40743.0309012,0.454860075688,0.452700343347,2.35924558253,544463.69982
29.025,0.379119753838,8.00203514099,0.350637733936,-7.59936883696e-05,5.34062928637e-05,20,20,1.89662480354,-1.15128719807,41.5200233459,42.0000314713,40743.0309012,0.454757794118,0.452700343347,2.02637602713,544466.928069
29.0361111111,0.379103332758,8.00173091888,0.350730597973,-7.13949775673e-05,5.34062928637e-05,20,20,1.89662480354,-1.15128719807,41.5200233459,42.0000314713,40743.0309012,0.454664214826,0.452700343347,1.58887117304,544469.664216
29.0472222222,0.379088848829,8.00146102905,0.350813210011,-6.98361109244e-05,5.34062928637e-05,20,20,1.89662480354,-1.15128719807,41.5200233459,42.0000314713,40743.0309012,0.454576655602,0.452700343347,1.0969895927,544471.434052
29.0583333333,0.379078090191,8.00126266479,0.350875556469,-7.61110059102e-05,5.34062928637e-05,20,20,1.89662480354,-1.15128719807,41.5200233459,42.0000314713,40743.0309012,0.454509779191,0.452700343347,0.63636074419,544473.648861
29.0694444444,0.379070520401,8.001121521,0.350919604301,-7.51175539335e-05,5.34062928637e-05,20,20,1.89662480354,-1.15128719807,41.5200233459,42.0000314713,40743.0309012,0.454461201406,0.452700343347,0.276797872883,544474.963549
29.0805555556,0.379066884518,8.0010509491,0.350940346718,-6.96021015756e-05,5.34062928637e-05,20,20,1.89662480354,-1.15128719807,41.5200233459,42.0000314713,40743.0309012,0.454433425641,0.452700343347,0.0652339838816,544475.67539
29.0916666667,0.379066586494,8.0010509491,0.35094243288,-6.93904876243e-05,5.34062928637e-05,20,20,1.89662480354,-1.15128719807,41.5200233459,42.0000314713,40743.0309012,0.454428657269,0.452700343347,0.00450073650325,544476.348755
29.1027777778,0.379066586494,8.00106334686,0.350943922997,-6.87619976816e-05,5.34062928637e-05,20,20,1.89662480354,-1.15128719807,41.5200233459,42.0000314713,40743.0309012,0.454427882409,0.452700343347,0.108601811104,544474.993838
29.1138888889,0.379072517157,8.00117015839,0.350916206837,-6.55751355225e-05,5.34062928637e-05,20,20,1.89662480354,-1.15128719807,41.5200233459,42.0000314713,40743.0309012,0.454445763803,0.452700343347,0.349689257337,544473.646055
29.125,0.379081517458,8.00133705139,0.350865960121,-6.2728591729e-05,5.34062928637e-05,20,20,1.89662480354,-1.15128719807,41.5200233459,42.0000314713,40743.0309012,0.454491242146,0.452700343347,0.697977713194,544471.955156
29.1361111111,0.379093199968,8.00155067444,0.3507989645,-5.96909994783e-05,5.34062928637e-05,20,20,1.89662480354,-1.15128719807,41.5200233459,42.0000314713,40743.0309012,0.454553886628,0.452700343347,1.11258658137,544469.324259
29.1472222222,0.379107236862,8.00181007385,0.350716769695,-5.39945249329e-05,5.34062928637e-05,20,20,1.89662480354,-1.15128719807,41.5200233459,42.0000314713,40743.0309012,0.454633578038,0.452700343347,1.5214326094,544466.477366
29.1583333333,0.3791231215,8.00211334229,0.350630819798,-4.99793313793e-05,5.34062928637e-05,20,20,1.89662480354,-1.15128719807,41.5200233459,42.0000314713,40743.0309012,0.454718276238,0.452700343347,1.87290661409,544464.151459
29.1694444444,0.379140198231,8.00243377686,0.350537538528,-4.59847105958e-05,5.34062928637e-05,20,20,1.89662480354,-1.15128719807,41.5200233459,42.0000314713,40743.0309012,0.454809471345,0.452700343347,2.12125628653,544461.044949
29.1805555556,0.379158109426,8.00277328491,0.350439488888,-4.16076254623e-05,5.34062928637e-05,20,20,1.89662480354,-1.15128719807,41.5200233459,42.0000314713,40743.0309012,0.454907461381,0.452700343347,2.23454100345,544458.215013
29.1916666667,0.379176020622,8.00310707092,0.350339531898,-3.15401666739e-05,5.34062928637e-05,20,20,1.89662480354,-1.15128719807,41.5200233459,42.0000314713,40743.0309012,0.455006762719,0.452700343347,2.22210823856,544454.827603
29.2027777778,0.379193454981,8.00343132019,0.350240528584,-2.25145467994e-05,5.34062928637e-05,20,20,1.89662480354,-1.15128719807,41.5200233459,42.0000314713,40743.0309012,0.455106660104,0.452700343347,2.00018262798,544451.496209
29.2138888889,0.379209935665,8.00374221802,0.350148081779,-1.50669966388e-05,5.34062928637e-05,20,20,1.89662480354,-1.15128719807,41.5200233459,42.0000314713,40743.0309012,0.455200656629,0.452700343347,1.71120209684,544448.939571
29.225,0.379225194454,8.0040397644,0.350068151951,-4.16970897277e-06,5.34062928637e-05,20,20,1.89662480354,-1.15128719807,41.5200233459,42.0000314713,40743.0309012,0.455284877992,0.452700343347,1.31647038564,544447.894322
29.2361111111,0.379237502813,8.00426769257,0.350000321865,7.8546217992e-06,5.34062928637e-05,20,20,1.89662480354,-1.15128719807,41.5200233459,42.0000314713,40743.0309012,0.455354853845,0.452700343347,0.906025891317,544445.431591
29.2472222222,0.379247277975,8.00444793701,0.349944114685,1.93719697563e-05,5.34062928637e-05,20,20,1.89662480354,-1.15128719807,41.5200233459,42.0000314713,40743.0309012,0.455414398885,0.452700343347,0.530228668136,544443.380738
29.2583333333,0.379254132509,8.00457859039,0.349906504154,3.20097024087e-05,5.34062928637e-05,20,20,1.89662480354,-1.15128719807,41.5200233459,42.0000314713,40743.0309012,0.455456956601,0.452700343347,0.229622668576,544442.353849
29.2694444444,0.379257678986,8.00464630127,0.349886894226,4.02775367547e-05,5.34062928637e-05,20,20,1.89662480354,-1.15128719807,41.5200233459,42.0000314713,40743.0309012,0.455481930947,0.452700343347,0.0561291578695,544441.663877
29.2805555556,0.379258185625,8.00465011597,0.349883794785,3.99883538194e-05,5.34062928637e-05,20,20,1.89662480354,-1.15128719807,41.5200233459,42.0000314713,40743.0309012,0.455487295365,0.452700343347,0.0119980614622,544441.114239
29.2916666667,0.379258185625,8.0046377182,0.349883377552,4.01899123972e-05,5.34062928637e-05,20,20,1.89662480354,-1.15128719807,41.5200233459,42.0000314713,40743.0309012,0.455488010621,0.452700343347,0.0999295047715,544442.315959
29.3027777778,0.379252761602,8.00454711914,0.349914014339,3.99716227548e-05,5.34062928637e-05,20,20,1.89662480354,-1.15128719807,41.5200233459,42.0000314713,40743.0309012,0.455466493344,0.452700343347,0.294454124088,544444.201336
29.3138888889,0.379244625568,8.00438976288,0.349958240986,3.76431635232e-05,5.34062928637e-05,20,20,1.89662480354,-1.15128719807,41.5200233459,42.0000314713,40743.0309012,0.455424650884,0.452700343347,0.572578528681,544445.235709
29.325,0.379233926535,8.00419616699,0.350019752979,3.60673948308e-05,5.34062928637e-05,20,20,1.89662480354,-1.15128719807,41.5200233459,42.0000314713,40743.0309012,0.455368443704,0.452700343347,0.89871809684,544447.606521
29.3361111111,0.379221498966,8.00397109985,0.350093364716,3.21719126077e-05,5.34062928637e-05,20,20,1.89662480354,-1.15128719807,41.5200233459,42.0000314713,40743.0309012,0.45529769299,0.452700343347,1.22194545096,544450.752441
29.3472222222,0.379207253456,8.00370407104,0.350174546242,2.8270720577e-05,5.34062928637e-05,20,20,1.89662480354,-1.15128719807,41.5200233459,42.0000314713,40743.0309012,0.455216630673,0.452700343347,1.49548414673,544453.170266
29.3583333333,0.37919190526,8.00341033936,0.350255668163,2.08543497138e-05,5.34062928637e-05,20,20,1.89662480354,-1.15128719807,41.5200233459,42.0000314713,40743.0309012,0.455136402822,0.452700343347,1.68740160294,544455.335257
29.3694444444,0.37917599082,8.00310325623,0.350339174271,9.89929412754e-06,5.34062928637e-05,20,20,1.89662480354,-1.15128719807,41.5200233459,42.0000314713,40743.0309012,0.4550527179,0.452700343347,1.77673144795,544457.337462
29.3805555556,0.379160016775,8.00280284882,0.350427031517,-5.78895333092e-06,5.34062928637e-05,20,20,1.89662480354,-1.15128719807,41.5200233459,42.0000314713,40743.0309012,0.454966827607,0.452700343347,1.75190901694,544460.011511
29.3916666667,0.379143953323,8.00249099731,0.35051459074,-2.17307751882e-05,5.34062928637e-05,20,20,1.89662480354,-1.15128719807,41.5200233459,42.0000314713,40743.0309012,0.454877599454,0.452700343347,1.60911557532,544461.537753
29.4027777778,0.379128277302,8.00219345093,0.350596189499,-4.07352199545e-05,5.34062928637e-05,20,20,1.89662480354,-1.15128719807,41.5200233459,42.0000314713,40743.0309012,0.454795523858,0.452700343347,1.36917509778,544462.922491
29.4138888889,0.379114627838,8.00194263458,0.350673794746,-5.47218805877e-05,5.34062928637e-05,20,20,1.89662480354,-1.15128719807,41.5200233459,42.0000314713,40743.0309012,0.454715951657,0.452700343347,1.06131938135,544465.2284
29.425,0.379103511572,8.00174045563,0.350739896297,-6.19051716058e-05,5.34062928637e-05,20,20,1.89662480354,-1.15128719807,41.5200233459,42.0000314713,40743.0309012,0.454646631455,0.452700343347,0.7270192938,544467.788897
29.4361111111,0.379094749689,8.00158023834,0.350792825222,-6.5727319452e-05,5.34062928637e-05,20,20,1.89662480354,-1.15128719807,41.5200233459,42.0000314713,40743.0309012,0.45458970902,0.452700343347,0.414170319875,544469.668309
29.4472222222,0.37908872962,8.00146102905,0.350824952126,-6.91681270837e-05,5.34062928637e-05,20,20,1.89662480354,-1.15128719807,41.5200233459,42.0000314713,40743.0309012,0.454552456117,0.452700343347,0.169182312238,544470.149535
29.4583333333,0.379086941481,8.00142478943,0.350833892822,-6.97690775269e-05,5.34062928637e-05,20,20,1.89662480354,-1.15128719807,41.5200233459,42.0000314713,40743.0309012,0.454537733769,0.452700343347,0.0278363325019,544471.339678
29.4694444444,0.379086941481,8.0014295578,0.350833117962,-6.94986665621e-05,5.34062928637e-05,20,20,1.89662480354,-1.15128719807,41.5200233459,42.0000314713,40743.0309012,0.454538031793,0.452700343347,0.00376663241288,544471.984977
29.4805555556,0.379086941481,8.00144004822,0.350833892822,-6.87073916197e-05,5.34062928637e-05,20,20,1.89662480354,-1.15128719807,41.5200233459,42.0000314713,40743.0309012,0.454537435746,0.452700343347,0.0736033805177,544470.826994
29.4916666667,0.379090875387,8.00150680542,0.350813865662,-6.81530291331e-05,5.34062928637e-05,20,20,1.89662480354,-1.15128719807,41.5200233459,42.0000314713,40743.0309012,0.454549177861,0.452700343347,0.229830920989,544468.701999
29.5027777778,0.379098087549,8.00164413452,0.350774228573,-6.43351741019e-05,5.34062928637e-05,20,20,1.89662480354,-1.15128719807,41.5200233459,42.0000314713,40743.0309012,0.454586073136,0.452700343347,0.451802313729,544467.653826
29.5138888889,0.379107505083,8.00181865692,0.350721478462,-6.11935538473e-05,5.34062928637e-05,20,20,1.89662480354,-1.15128719807,41.5200233459,42.0000314713,40743.0309012,0.454635485387,0.452700343347,0.709263536468,544465.87674
29.525,0.379118740559,8.0020236969,0.350655972958,-5.85851048527e-05,5.34062928637e-05,20,20,1.89662480354,-1.15128719807,41.5200233459,42.0000314713,40743.0309012,0.454697653031,0.452700343347,0.965837992008,544463.352145
29.5361111111,0.379130840302,8.00224208832,0.350581228733,-5.58256688237e-05,5.34062928637e-05,20,20,1.89662480354,-1.15128719807,41.5200233459,42.0000314713,40743.0309012,0.454771920419,0.452700343347,1.1825309421,544459.897843
29.5472222222,0.379143357277,8.00247383118,0.350507616997,-5.02767761645e-05,5.34062928637e-05,20,20,1.89662480354,-1.15128719807,41.5200233459,42.0000314713,40743.0309012,0.454844459271,0.452700343347,1.33244539036,544456.451259
29.5583333333,0.379157602787,8.00274658203,0.350429654121,-4.62858988612e-05,5.34062928637e-05,20,20,1.89662480354,-1.15128719807,41.5200233459,42.0000314713,40743.0309012,0.454922600961,0.452700343347,1.39743646656,544454.469169
29.5694444444,0.379171788692,8.00302314758,0.350356519222,-4.31003245467e-05,5.34062928637e-05,20,20,1.89662480354,-1.15128719807,41.5200233459,42.0000314713,40743.0309012,0.454997106767,0.452700343347,1.37104999757,544453.031221
29.5805555556,0.379185676575,8.00329208374,0.350284814835,-3.6085031752e-05,5.34062928637e-05,20,20,1.89662480354,-1.15128719807,41.5200233459,42.0000314713,40743.0309012,0.455068513131,0.452700343347,1.26063406426,544451.465921
29.5916666667,0.379198640585,8.00352573395,0.350210428238,-3.15472352668e-05,5.34062928637e-05,20,20,1.89662480354,-1.15128719807,41.5200233459,42.0000314713,40743.0309012,0.455142005658,0.452700343347,1.07629444879,544448.40958
29.6027777778,0.379210263491,8.00373649597,0.350140571594,-2.661351391e-05,5.34062928637e-05,20,20,1.89662480354,-1.15128719807,41.5200233459,42.0000314713,40743.0309012,0.455214723325,0.452700343347,0.835629308354,544445.784764
29.6138888889,0.379220068455,8.00391197205,0.350080430508,-2.20587171498e-05,5.34062928637e-05,20,20,1.89662480354,-1.15128719807,41.5200233459,42.0000314713,40743.0309012,0.455276890969,0.452700343347,0.573104257205,544443.168368
29.625,0.379227876663,8.00405788422,0.350035786629,-1.59458049893e-05,5.34062928637e-05,20,20,1.89662480354,-1.15128719807,41.5200233459,42.0000314713,40743.0309012,0.45532618401,0.452700343347,0.32687291729,544441.854615
29.6361111111,0.379233211279,8.00416278839,0.350009799004,-5.99194254391e-06,5.34062928637e-05,20,20,1.89662480354,-1.15128719807,41.5200233459,42.0000314713,40743.0309012,0.455356165147,0.452700343347,0.134883439324,544441.373974
29.6472222222,0.379233211279,8.00417137146,0.35001206398,-4.99537281939e-06,5.34062928637e-05,20,20,1.89662480354,-1.15128719807,41.5200233459,42.0000314713,40743.0309012,0.455360158658,0.452700343347,0.0240924454143,544439.558179
29.6583333333,0.379233211279,8.00416374207,0.35001295805,-4.99537281939e-06,5.34062928637e-05,20,20,1.89662480354,-1.15128719807,41.5200233459,42.0000314713,40743.0309012,0.455358072495,0.452700343347,0.00194609202852,544438.688231
29.6694444444,0.379233211279,8.00415420532,0.350009977818,-4.99537281939e-06,5.34062928637e-05,20,20,1.89662480354,-1.15128719807,41.5200233459,42.0000314713,40743.0309012,0.455360337472,0.452700343347,0.0479058963256,544439.487428
29.6805555556,0.379230976105,8.00411605835,0.350020289421,-4.73731188322e-06,5.34062928637e-05,20,20,1.89662480354,-1.15128719807,41.5200233459,42.0000314713,40743.0309012,0.455358072495,0.452700343347,0.155786736529,544441.757785
29.6916666667,0.379224985838,8.00400257111,0.350053966045,-4.73731188322e-06,5.34062928637e-05,20,20,1.89662480354,-1.15128719807,41.5200233459,42.0000314713,40743.0309012,0.455325885987,0.452700343347,0.312473302164,544442.655567
29.7027777778,0.379217147827,8.00385093689,0.350095927715,-4.73731188322e-06,5.34062928637e-05,20,20,1.89662480354,-1.15128719807,41.5200233459,42.0000314713,40743.0309012,0.455286487317,0.452700343347,0.496522510327,544443.646086
29.7138888889,0.379207700491,8.00367355347,0.350146353245,-4.73731188322e-06,5.34062928637e-05,20,20,1.89662480354,-1.15128719807,41.5200233459,42.0000314713,40743.0309012,0.455238386369,0.452700343347,0.684354056917,544445.15116
29.725,0.379197001457,8.00347900391,0.350208580494,-4.73731188322e-06,5.34062928637e-05,20,20,1.89662480354,-1.15128719807,41.5200233459,42.0000314713,40743.0309012,0.455178841329,0.452700343347,0.849564673739,544447.587111
29.7361111111,0.379185318947,8.00327014923,0.350278913975,-4.73731188322e-06,5.34062928637e-05,20,20,1.89662480354,-1.15128719807,41.5200233459,42.0000314713,40743.0309012,0.45511059401,0.452700343347,0.965651776523,544450.507679
29.7472222222,0.379173338413,8.00305843353,0.350353360176,-4.73731188322e-06,5.34062928637e-05,20,20,1.89662480354,-1.15128719807,41.5200233459,42.0000314713,40743.0309012,0.455036624646,0.452700343347,1.01315569278,544453.866437
29.7583333333,0.379161387682,8.00284290314,0.350426912308,-4.73731188322e-06,5.34062928637e-05,20,20,1.89662480354,-1.15128719807,41.5200233459,42.0000314713,40743.0309012,0.454961761212,0.452700343347,0.984040259259,544456.950494
29.7694444444,0.379150629044,8.00265312195,0.350493192673,-5.41279223398e-06,5.34062928637e-05,20,20,1.89662480354,-1.15128719807,41.5200233459,42.0000314713,40743.0309012,0.454893811917,0.452700343347,0.885734627532,544460.65529
29.7805555556,0.379141658545,8.00248718262,0.35054731369,-6.12477697359e-06,5.34062928637e-05,20,20,1.89662480354,-1.15128719807,41.5200233459,42.0000314713,40743.0309012,0.454836591458,0.452700343347,0.737212777868,544463.968557
29.7916666667,0.379132628441,8.00231933594,0.35059762001,-7.18725641491e-06,5.34062928637e-05,20,20,1.89662480354,-1.15128719807,41.5200233459,42.0000314713,40743.0309012,0.454785867906,0.452700343347,0.561446246843,544466.226636
29.8027777778,0.379124611616,8.00217056274,0.350641667843,-1.51356462084e-05,5.34062928637e-05,20,20,1.89662480354,-1.15128719807,41.5200233459,42.0000314713,40743.0309012,0.454740568376,0.452700343347,0.378724742889,544467.760244
29.8138888889,0.379118353128,8.00205039978,0.350679039955,-2.75286583928e-05,5.34062928637e-05,20,20,1.89662480354,-1.15128719807,41.5200233459,42.0000314713,40743.0309012,0.454700096822,0.452700343347,0.211382126231,544468.655687
29.825,0.379115998745,8.00199508667,0.350693821907,-3.95502502215e-05,5.34062928637e-05,20,20,1.89662480354,-1.15128719807,41.5200233459,42.0000314713,40743.0309012,0.454677506661,0.452700343347,0.0831288057168,544469.818114
29.8361111111,0.379115998745,8.00199604034,0.350691795349,-3.98923912144e-05,5.34062928637e-05,20,20,1.89662480354,-1.15128719807,41.5200233459,42.0000314713,40743.0309012,0.454679294801,0.452700343347,0.0130472624238,544471.807337
29.8472222222,0.379115998745,8.00200271606,0.350692749023,-4.24775134888e-05,5.34062928637e-05,20,20,1.89662480354,-1.15128719807,41.5200233459,42.0000314713,40743.0309012,0.454678579545,0.452700343347,0.0017278721758,544472.497542
29.8583333333,0.379115998745,8.00201034546,0.350692629814,-4.82388313685e-05,5.34062928637e-05,20,20,1.89662480354,-1.15128719807,41.5200233459,42.0000314713,40743.0309012,0.454678758359,0.452700343347,0.0321237452659,544471.837976
29.8694444444,0.37911683321,8.0020275116,0.350687384605,-5.30954930582e-05,5.34062928637e-05,20,20,1.89662480354,-1.15128719807,41.5200233459,42.0000314713,40743.0309012,0.4546818578,0.452700343347,0.100064975833,544469.59627
29.8805555556,0.379121601582,8.00210952759,0.35065895319,-5.34146965947e-05,5.34062928637e-05,20,20,1.89662480354,-1.15128719807,41.5200233459,42.0000314713,40743.0309012,0.454704209542,0.452700343347,0.199420167255,544468.033777
29.8916666667,0.37912812829,8.00223731995,0.350625514984,-5.34146965947e-05,5.34062928637e-05,20,20,1.89662480354,-1.15128719807,41.5200233459,42.0000314713,40743.0309012,0.454736217237,0.452700343347,0.314791985006,544467.679552
29.9027777778,0.379137009382,8.00240135193,0.350577950478,-5.18599881616e-05,5.34062928637e-05,20,20,1.89662480354,-1.15128719807,41.5200233459,42.0000314713,40743.0309012,0.454780741906,0.452700343347,0.42990969223,544467.171779
29.9138888889,0.379146188498,8.00257205963,0.350526094437,-5.10619938723e-05,5.34062928637e-05,20,20,1.89662480354,-1.15128719807,41.5200233459,42.0000314713,40743.0309012,0.454832061505,0.452700343347,0.525496061817,544466.092266
29.925,0.379155367613,8.00274276733,0.350473999977,-4.94804226037e-05,5.34062928637e-05,20,20,1.89662480354,-1.15128719807,41.5200233459,42.0000314713,40743.0309012,0.454884215569,0.452700343347,0.588999164517,544464.468376
29.9361111111,0.379164814949,8.00291824341,0.350420236588,-4.47681341029e-05,5.34062928637e-05,20,20,1.89662480354,-1.15128719807,41.5200233459,42.0000314713,40743.0309012,0.454937621331,0.452700343347,0.612921988397,544462.715498
29.9472222222,0.379174232483,8.00309276581,0.350366950035,-3.89418819395e-05,5.34062928637e-05,20,20,1.89662480354,-1.15128719807,41.5200233459,42.0000314713,40743.0309012,0.454991146302,0.452700343347,0.594159648721,544460.948585
29.9583333333,0.379183322191,8.00326156616,0.350315511227,-3.50878071913e-05,5.34062928637e-05,20,20,1.89662480354,-1.15128719807,41.5200233459,42.0000314713,40743.0309012,0.455043240762,0.452700343347,0.535427059119,544459.278503
29.9694444444,0.379191875458,8.00342082977,0.350267529488,-3.00662577501e-05,5.34062928637e-05,20,20,1.89662480354,-1.15128719807,41.5200233459,42.0000314713,40743.0309012,0.455091818547,0.452700343347,0.444856974737,544457.845233
29.9805555556,0.379200905561,8.00358581543,0.350221633911,-2.51378569374e-05,5.34062928637e-05,20,20,1.89662480354,-1.15128719807,41.5200233459,42.0000314713,40743.0309012,0.455138369775,0.452700343347,0.334149972474,544457.498025
29.9916666667,0.379208773375,8.00373363495,0.350180327892,-1.32692221086e-05,5.34062928637e-05,20,20,1.89662480354,-1.15128719807,41.5200233459,42.0000314713,40743.0309012,0.455181106305,0.452700343347,0.217408392369,544457.640462
30.0027777778,0.379213988781,8.00383090973,0.350149810314,-7.85318843555e-06,5.34062928637e-05,20,20,1.89662480354,-1.15128719807,41.5200233459,42.0000314713,40743.0309012,0.455215319371,0.452700343347,0.112274030263,544457.241799
30.0138888889,0.379215419292,8.00386047363,0.350141167641,-7.85318843555e-06,5.34062928637e-05,20,20,1.89662480354,-1.15128719807,41.5200233459,42.0000314713,40743.0309012,0.455229445672,0.452700343347,0.0370227590848,544455.791338
30.025,0.379215568304,8.00386047363,0.350140869617,-7.85318843555e-06,5.34062928637e-05,20,20,1.89662480354,-1.15128719807,41.5200233459,42.0000314713,40743.0309012,0.455230458951,0.452700343347,0.00224892784318,544454.632537
30.0361111111,0.379215568304,8.00385475159,0.35013961792,-7.85318843555e-06,5.34062928637e-05,20,20,1.89662480354,-1.15128719807,41.5200233459,42.0000314713,40743.0309012,0.455231174207,0.452700343347,0.0049912640629,544454.444842
30.0472222222,0.379215568304,8.00384902954,0.350136995316,-7.85318843555e-06,5.34062928637e-05,20,20,1.89662480354,-1.15128719807,41.5200233459,42.0000314713,40743.0309012,0.455233558393,0.452700343347,0.0326076485821,544455.407059
30.0583333333,0.379215568304,8.0038433075,0.350136458874,-6.94789423505e-06,5.34062928637e-05,20,20,1.89662480354,-1.15128719807,41.5200233459,42.0000314713,40743.0309012,0.455234869695,0.452700343347,0.08502288817,544457.596374
30.0694444444,0.379212170839,8.00379371643,0.350158691406,-6.20169839749e-06,5.34062928637e-05,20,20,1.89662480354,-1.15128719807,41.5200233459,42.0000314713,40743.0309012,0.455221160626,0.452700343347,0.160107602815,544460.311237
30.0805555556,0.379206568003,8.00368499756,0.350192248821,-6.20169839749e-06,5.34062928637e-05,20,20,1.89662480354,-1.15128719807,41.5200233459,42.0000314713,40743.0309012,0.45518706677,0.452700343347,0.243314522872,544460.938409
30.0916666667,0.379199951887,8.00355529785,0.350226044655,-6.20169839749e-06,5.34062928637e-05,20,20,1.89662480354,-1.15128719807,41.5200233459,42.0000314713,40743.0309012,0.455153866982,0.452700343347,0.324332555796,544461.458227
30.1027777778,0.37919268012,8.0034122467,0.350261926651,-6.20169839749e-06,5.34062928637e-05,20,20,1.89662480354,-1.15128719807,41.5200233459,42.0000314713,40743.0309012,0.455118461823,0.452700343347,0.394283345802,544462.084815
30.1138888889,0.379184782505,8.00326347351,0.350303828716,-7.24591109247e-06,5.34062928637e-05,20,20,1.89662480354,-1.15128719807,41.5200233459,42.0000314713,40743.0309012,0.455078824735,0.452700343347,0.44492628398,544463.353896
30.125,0.379176527262,8.00310516357,0.35034942627,-8.63763125381e-06,5.34062928637e-05,20,20,1.89662480354,-1.15128719807,41.5200233459,42.0000314713,40743.0309012,0.455033167577,0.452700343347,0.467330726161,544464.461593
30.1361111111,0.379168123007,8.00294399261,0.35039126873,-1.76292396645e-05,5.34062928637e-05,20,20,1.89662480354,-1.15128719807,41.5200233459,42.0000314713,40743.0309012,0.454990669465,0.452700343347,0.459033389241,544465.402293
30.1472222222,0.379159897566,8.002784729,0.350433051586,-2.92448548862e-05,5.34062928637e-05,20,20,1.89662480354,-1.15128719807,41.5200233459,42.0000314713,40743.0309012,0.454948707795,0.452700343347,0.42242984384,544466.139628
30.1583333333,0.379151403904,8.00262451172,0.350473880768,-4.19489624619e-05,5.34062928637e-05,20,20,1.89662480354,-1.15128719807,41.5200233459,42.0000314713,40743.0309012,0.454908236241,0.452700343347,0.361802434098,544466.54753
30.1694444444,0.379142791033,8.00246620178,0.350518584251,-4.72074607387e-05,5.34062928637e-05,20,20,1.89662480354,-1.15128719807,41.5200233459,42.0000314713,40743.0309012,0.454863651967,0.452700343347,0.281969176402,544466.537824
30.1805555556,0.379135638475,8.0023317337,0.350556790829,-5.01807917317e-05,5.34062928637e-05,20,20,1.89662480354,-1.15128719807,41.5200233459,42.0000314713,40743.0309012,0.454823180413,0.452700343347,0.192321284823,544466.530457
30.1916666667,0.379130274057,8.00222873688,0.350586175919,-5.14407038281e-05,5.34062928637e-05,20,20,1.89662480354,-1.15128719807,41.5200233459,42.0000314713,40743.0309012,0.454789801812,0.452700343347,0.107494432592,544466.43468
30.2027777778,0.379128217697,8.0021905899,0.350597560406,-5.11100079166e-05,5.34062928637e-05,20,20,1.89662480354,-1.15128719807,41.5200233459,42.0000314713,40743.0309012,0.454775198674,0.452700343347,0.0423275076427,544467.72481
30.2138888889,0.379128038883,8.00218868256,0.350598633289,-5.11450125487e-05,5.34062928637e-05,20,20,1.89662480354,-1.15128719807,41.5200233459,42.0000314713,40743.0309012,0.45477257607,0.452700343347,0.0064135739095,544469.061483
30.225,0.379128038883,8.00219249725,0.350598633289,-5.0583450502e-05,5.34062928637e-05,20,20,1.89662480354,-1.15128719807,41.5200233459,42.0000314713,40743.0309012,0.454772695279,0.452700343347,0.000769803500271,544469.504469
30.2361111111,0.379128038883,8.00219726562,0.35059928894,-5.10040699737e-05,5.34062928637e-05,20,20,1.89662480354,-1.15128719807,41.5200233459,42.0000314713,40743.0309012,0.454772158837,0.452700343347,0.0137792297982,544469.041135
30.2472222222,0.379128038883,8.00220298767,0.350600361824,-5.07526419824e-05,5.34062928637e-05,20,20,1.89662480354,-1.15128719807,41.5200233459,42.0000314713,40743.0309012,0.454771205163,0.452700343347,0.0430773297164,544467.626343
30.2583333333,0.379128038883,8.00220680237,0.350600719452,-5.0728842325e-05,5.34062928637e-05,20,20,1.89662480354,-1.15128719807,41.5200233459,42.0000314713,40743.0309012,0.454770668721,0.452700343347,0.088913538159,544465.180218
30.2694444444,0.379131346941,8.00225448608,0.350581586361,-5.09854980919e-05,5.34062928637e-05,20,20,1.89662480354,-1.15128719807,41.5200233459,42.0000314713,40743.0309012,0.454781755185,0.452700343347,0.149718704755,544462.437757
30.2805555556,0.37913659215,8.00235748291,0.350551486015,-4.62038115074e-05,5.34062928637e-05,20,20,1.89662480354,-1.15128719807,41.5200233459,42.0000314713,40743.0309012,0.454812391973,0.452700343347,0.21341764156,544461.878178
30.2916666667,0.37914249301,8.00247859955,0.350522875786,-4.54253386124e-05,5.34062928637e-05,20,20,1.89662480354,-1.15128719807,41.5200233459,42.0000314713,40743.0309012,0.454841836667,0.452700343347,0.272228987035,544461.776787
30.3027777778,0.379149198532,8.00260829926,0.350492060184,-4.38486786152e-05,5.34062928637e-05,20,20,1.89662480354,-1.15128719807,41.5200233459,42.0000314713,40743.0309012,0.454870566106,0.452700343347,0.321532695311,544461.074536
30.3138888889,0.37915661931,8.00275421143,0.350451588631,-4.30618747487e-05,5.34062928637e-05,20,20,1.89662480354,-1.15128719807,41.5200233459,42.0000314713,40743.0309012,0.454909189916,0.452700343347,0.353411190767,544460.603133
30.325,0.379164338112,8.00290679932,0.350410342216,-4.11345790781e-05,5.34062928637e-05,20,20,1.89662480354,-1.15128719807,41.5200233459,42.0000314713,40743.0309012,0.454950793958,0.452700343347,0.36090343718,544460.459291
30.3361111111,0.379173219204,8.00307273865,0.350366711617,-3.72488611902e-05,5.34062928637e-05,20,20,1.89662480354,-1.15128719807,41.5200233459,42.0000314713,40743.0309012,0.454993053651,0.452700343347,0.343285635453,544460.461863
30.3472222222,0.37918177247,8.00323200226,0.3503215909,-3.26345289068e-05,5.34062928637e-05,20,20,1.89662480354,-1.15128719807,41.5200233459,42.0000314713,40743.0309012,0.455038830018,0.452700343347,0.300170854622,544460.4635
30.3583333333,0.379189550877,8.00337696075,0.350279688835,-2.91835840471e-05,5.34062928637e-05,20,20,1.89662480354,-1.15128719807,41.5200233459,42.0000314713,40743.0309012,0.455081387734,0.452700343347,0.237503692703,544460.450636
30.3694444444,0.379196226597,8.00350093842,0.350244581699,-2.51211968134e-05,5.34062928637e-05,20,20,1.89662480354,-1.15128719807,41.5200233459,42.0000314713,40743.0309012,0.455119355893,0.452700343347,0.16505978347,544460.512031
30.3805555556,0.379200488329,8.00358390808,0.350221693516,-2.44561670115e-05,5.34062928637e-05,20,20,1.89662480354,-1.15128719807,41.5200233459,42.0000314713,40743.0309012,0.455146416402,0.452700343347,0.0956064657881,544460.065186
30.3916666667,0.379201859236,8.00360870361,0.350214242935,-2.44668844971e-05,5.34062928637e-05,20,20,1.89662480354,-1.15128719807,41.5200233459,42.0000314713,40743.0309012,0.45515589354,0.452700343347,0.0415265953266,544458.373821
30.4027777778,0.379202097654,8.00361251831,0.350213587284,-2.44668844971e-05,5.34062928637e-05,20,20,1.89662480354,-1.15128719807,41.5200233459,42.0000314713,40743.0309012,0.455157860494,0.452700343347,0.00924394873473,544457.005689
30.4138888889,0.379202097654,8.00360870361,0.350213170052,-2.44668844971e-05,5.34062928637e-05,20,20,1.89662480354,-1.15128719807,41.5200233459,42.0000314713,40743.0309012,0.45515768168,0.452700343347,1.41523894552e-05,544456.343901
30.425,0.379202097654,8.00360393524,0.350211441517,-2.44668844971e-05,5.34062928637e-05,20,20,1.89662480354,-1.15128719807,41.5200233459,42.0000314713,40743.0309012,0.455159291005,0.452700343347,0.00555707974344,544456.454414
30.4361111111,0.379202097654,8.00360012054,0.350209593773,-2.44668844971e-05,5.34062928637e-05,20,20,1.89662480354,-1.15128719807,41.5200233459,42.0000314713,40743.0309012,0.455161198354,0.452700343347,0.0217683450344,544457.386343
30.4472222222,0.379202097654,8.00359630585,0.350208044052,-2.44668844971e-05,5.34062928637e-05,20,20,1.89662480354,-1.15128719807,41.5200233459,42.0000314713,40743.0309012,0.455162986493,0.452700343347,0.0490677786418,544459.136298
30.4583333333,0.379202097654,8.00359344482,0.35020917654,-2.38659449678e-05,5.34062928637e-05,20,20,1.89662480354,-1.15128719807,41.5200233459,42.0000314713,40743.0309012,0.455162748075,0.452700343347,0.087508957233,544461.752342
30.4694444444,0.379198879004,8.00354766846,0.350230932236,-2.36950618273e-05,5.34062928637e-05,20,20,1.89662480354,-1.15128719807,41.5200233459,42.0000314713,40743.0309012,0.45514844296,0.452700343347,0.134737971636,544464.464281
30.4805555556,0.379194021225,8.00345802307,0.350262999535,-2.36950618273e-05,5.34062928637e-05,20,20,1.89662480354,-1.15128719807,41.5200233459,42.0000314713,40743.0309012,0.455115481591,0.452700343347,0.179185943249,544465.496432
30.4916666667,0.379188656807,8.0033454895,0.350289106369,-2.36950618273e-05,5.34062928637e-05,20,20,1.89662480354,-1.15128719807,41.5200233459,42.0000314713,40743.0309012,0.455088123059,0.452700343347,0.215620230161,544465.422056
30.5027777778,0.379182875156,8.00322818756,0.350314855576,-2.47378557106e-05,5.34062928637e-05,20,20,1.89662480354,-1.15128719807,41.5200233459,42.0000314713,40743.0309012,0.455063089108,0.452700343347,0.24237298678,544465.587883
30.5138888889,0.379176229239,8.00309181213,0.350346326828,-2.60820052063e-05,5.34062928637e-05,20,20,1.89662480354,-1.15128719807,41.5200233459,42.0000314713,40743.0309012,0.455032333112,0.452700343347,0.255782010462,544465.15133
30.525,0.379168719053,8.00294685364,0.350376307964,-3.67671018466e-05,5.34062928637e-05,20,20,1.89662480354,-1.15128719807,41.5200233459,42.0000314713,40743.0309012,0.455003901696,0.452700343347,0.254208925122,544464.708697
30.5361111111,0.379161328077,8.00280952454,0.350414693356,-4.01711804443e-05,5.34062928637e-05,20,20,1.89662480354,-1.15128719807,41.5200233459,42.0000314713,40743.0309012,0.45496635077,0.452700343347,0.235308666703,544464.766234
30.5472222222,0.379154354334,8.00267982483,0.350452542305,-4.35189795098e-05,5.34062928637e-05,20,20,1.89662480354,-1.15128719807,41.5200233459,42.0000314713,40743.0309012,0.454927786565,0.452700343347,0.199037468728,544464.798043
30.5583333333,0.379147708416,8.00255584717,0.350487887859,-4.58521972178e-05,5.34062928637e-05,20,20,1.89662480354,-1.15128719807,41.5200233459,42.0000314713,40743.0309012,0.45489166615,0.452700343347,0.150738332287,544464.54521
30.5694444444,0.379144251347,8.00249004364,0.350510597229,-4.47971542599e-05,5.34062928637e-05,20,20,1.89662480354,-1.15128719807,41.5200233459,42.0000314713,40743.0309012,0.454863473153,0.452700343347,0.0985392161188,544465.654544
30.5805555556,0.379143089056,8.00246715546,0.350516557693,-4.53554748674e-05,5.34062928637e-05,20,20,1.89662480354,-1.15128719807,41.5200233459,42.0000314713,40743.0309012,0.454856201386,0.452700343347,0.0538569486961,544467.566116
30.5916666667,0.379142433405,8.00245666504,0.350519359112,-4.48765240435e-05,5.34062928637e-05,20,20,1.89662480354,-1.15128719807,41.5200233459,42.0000314713,40743.0309012,0.454852446294,0.452700343347,0.0218106131133,544469.095864
30.6027777778,0.379142433405,8.00245761871,0.350519418716,-4.48765240435e-05,5.34062928637e-05,20,20,1.89662480354,-1.15128719807,41.5200233459,42.0000314713,40743.0309012,0.454851731038,0.452700343347,0.00390271784922,544470.212098
30.6138888889,0.379142433405,8.00246047974,0.350520372391,-4.48765240435e-05,5.34062928637e-05,20,20,1.89662480354,-1.15128719807,41.5200233459,42.0000314713,40743.0309012,0.454851015782,0.452700343347,0.000165386723064,544470.617895
30.625,0.379142433405,8.00246429443,0.350521743298,-4.48765240435e-05,5.34062928637e-05,20,20,1.89662480354,-1.15128719807,41.5200233459,42.0000314713,40743.0309012,0.454850121713,0.452700343347,0.00388693728232,544470.530069
30.6361111111,0.379142433405,8.00246715546,0.350523173809,-4.48765240435e-05,5.34062928637e-05,20,20,1.89662480354,-1.15128719807,41.5200233459,42.0000314713,40743.0309012,0.454848452783,0.452700343347,0.0127436046618,544469.732275
30.6472222222,0.379142433405,8.00247001648,0.350524783134,-4.48765240435e-05,5.34062928637e-05,20,20,1.89662480354,-1.15128719807,41.5200233459,42.0000314713,40743.0309012,0.454846724248,0.452700343347,0.0269739880308,544468.422382
30.6583333333,0.379142433405,8.00247192383,0.350525319576,-4.51465602964e-05,5.34062928637e-05,20,20,1.89662480354,-1.15128719807,41.5200233459,42.0000314713,40743.0309012,0.454845889783,0.452700343347,0.0467405801808,544466.566709
30.6694444444,0.379142433405,8.00247478485,0.350522577763,-4.47453967354e-05,5.34062928637e-05,20,20,1.89662480354,-1.15128719807,41.5200233459,42.0000314713,40743.0309012,0.454847856736,0.452700343347,0.0717193637126,544464.057435
30.6805555556,0.379142433405,8.00247764587,0.3505204916,-4.44230972789e-05,5.34062928637e-05,20,20,1.89662480354,-1.15128719807,41.5200233459,42.0000314713,40743.0309012,0.454850479341,0.452700343347,0.101132880105,544461.082138
30.6916666667,0.379145652056,8.00252246857,0.350502789021,-4.60131013824e-05,5.34062928637e-05,20,20,1.89662480354,-1.15128719807,41.5200233459,42.0000314713,40743.0309012,0.454861386991,0.452700343347,0.133677507608,544458.298746
30.7027777778,0.379150360823,8.00260543823,0.350471913815,-4.35825895693e-05,5.34062928637e-05,20,20,1.89662480354,-1.15128719807,41.5200233459,42.0000314713,40743.0309012,0.454892381406,0.452700343347,0.159977655492,544457.034577
30.7138888889,0.379155337811,8.00270938873,0.350448071957,-4.35825895693e-05,5.34062928637e-05,20,20,1.89662480354,-1.15128719807,41.5200233459,42.0000314713,40743.0309012,0.454917653775,0.452700343347,0.176293490414,544457.106381
30.725,0.379160434008,8.00281620026,0.350426852703,-4.12335284636e-05,5.34062928637e-05,20,20,1.89662480354,-1.15128719807,41.5200233459,42.0000314713,40743.0309012,0.454939230657,0.452700343347,0.183336743269,544457.255251
30.7361111111,0.379166275263,8.00293827057,0.350400447845,-3.8936646888e-05,5.34062928637e-05,20,20,1.89662480354,-1.15128719807,41.5200233459,42.0000314713,40743.0309012,0.454964026189,0.452700343347,0.180543649922,544457.994923
30.7472222222,0.379172712564,8.0030632019,0.350368320942,-3.66299609595e-05,5.34062928637e-05,20,20,1.89662480354,-1.15128719807,41.5200233459,42.0000314713,40743.0309012,0.454994126534,0.452700343347,0.16580342114,544458.55684
30.7583333333,0.379178494215,8.00317192078,0.350335299969,-3.43686733686e-05,5.34062928637e-05,20,20,1.89662480354,-1.15128719807,41.5200233459,42.0000314713,40743.0309012,0.455028339601,0.452700343347,0.13853746054,544458.494041
30.7694444444,0.379181683064,8.00323200226,0.350313603878,-3.43686733686e-05,5.34062928637e-05,20,20,1.89662480354,-1.15128719807,41.5200233459,42.0000314713,40743.0309012,0.455055817342,0.452700343347,0.103565267038,544457.137954
30.7805555556,0.379182755947,8.00325393677,0.35030913353,-3.43686733686e-05,5.34062928637e-05,20,20,1.89662480354,-1.15128719807,41.5200233459,42.0000314713,40743.0309012,0.455061479783,0.452700343347,0.0699135842655,544454.935308
30.7916666667,0.379182755947,8.00325202942,0.350308179855,-3.43686733686e-05,5.34062928637e-05,20,20,1.89662480354,-1.15128719807,41.5200233459,42.0000314713,40743.0309012,0.455062969899,0.452700343347,0.0422058290722,544452.332595
30.8027777778,0.379182755947,8.0032491684,0.350307166576,-3.43686733686e-05,5.34062928637e-05,20,20,1.89662480354,-1.15128719807,41.5200233459,42.0000314713,40743.0309012,0.455063804364,0.452700343347,0.021334277527,544450.304663
30.8138888889,0.379182755947,8.00324630737,0.350305497646,-3.43686733686e-05,5.34062928637e-05,20,20,1.89662480354,-1.15128719807,41.5200233459,42.0000314713,40743.0309012,0.455065175271,0.452700343347,0.00741014584865,544448.817833
30.825,0.379182755947,8.00324249268,0.350303888321,-3.43686733686e-05,5.34062928637e-05,20,20,1.89662480354,-1.15128719807,41.5200233459,42.0000314713,40743.0309012,0.455066844201,0.452700343347,0.000636069944233,544448.010333
30.8361111111,0.379182755947,8.003241539,0.350303530693,-3.43686733686e-05,5.34062928637e-05,20,20,1.89662480354,-1.15128719807,41.5200233459,42.0000314713,40743.0309012,0.455067976689,0.452700343347,0.000191940838378,544447.956538
30.8472222222,0.379182755947,8.00323867798,0.350302040577,-3.43686733686e-05,5.34062928637e-05,20,20,1.89662480354,-1.15128719807,41.5200233459,42.0000314713,40743.0309012,0.45506863234,0.452700343347,0.00154603529072,544447.984956
30.8583333333,0.379182755947,8.0032377243,0.350301504135,-3.43686733686e-05,5.34062928637e-05,20,20,1.89662480354,-1.15128719807,41.5200233459,42.0000314713,40743.0309012,0.455069824433,0.452700343347,0.00432498192099,544448.501031
30.8694444444,0.379182755947,8.00323677063,0.35030144453,-3.43686733686e-05,5.34062928637e-05,20,20,1.89662480354,-1.15128719807,41.5200233459,42.0000314713,40743.0309012,0.455069705224,0.452700343347,0.00850887463783,544449.298241
30.8805555556,0.379182755947,8.00323390961,0.350300014019,-3.43686733686e-05,5.34062928637e-05,20,20,1.89662480354,-1.15128719807,41.5200233459,42.0000314713,40743.0309012,0.455070897317,0.452700343347,0.0141726352308,544450.206898
30.8916666667,0.379182755947,8.00323295593,0.350299119949,-3.43686733686e-05,5.34062928637e-05,20,20,1.89662480354,-1.15128719807,41.5200233459,42.0000314713,40743.0309012,0.455072029805,0.452700343347,0.0214723773761,544451.568715
30.9027777778,0.379182755947,8.00323104858,0.350298166275,-3.43686733686e-05,5.34062928637e-05,20,20,1.89662480354,-1.15128719807,41.5200233459,42.0000314713,40743.0309012,0.455072804666,0.452700343347,0.0304247476766,544453.169683
30.9138888889,0.379182755947,8.00323009491,0.350297212601,-3.43686733686e-05,5.34062928637e-05,20,20,1.89662480354,-1.15128719807,41.5200233459,42.0000314713,40743.0309012,0.45507375834,0.452700343347,0.0411376375862,544455.070028
30.925,0.379182755947,8.00322914124,0.350296795368,-3.43686733686e-05,5.34062928637e-05,20,20,1.89662480354,-1.15128719807,41.5200233459,42.0000314713,40743.0309012,0.455074473596,0.452700343347,0.0536506872568,544457.320154
30.9361111111,0.379182755947,8.00322723389,0.350296854973,-3.36031225743e-05,5.34062928637e-05,20,20,1.89662480354,-1.15128719807,41.5200233459,42.0000314713,40743.0309012,0.455074473596,0.452700343347,0.0678903644432,544459.911991
30.9472222222,0.37918266654,8.00322628021,0.350299954414,-3.3447126043e-05,5.34062928637e-05,20,20,1.89662480354,-1.15128719807,41.5200233459,42.0000314713,40743.0309012,0.455072566247,0.452700343347,0.0836140037101,544462.994058
30.9583333333,0.37918266654,8.00322723389,0.350302815437,-3.3447126043e-05,5.34062928637e-05,20,20,1.89662480354,-1.15128719807,41.5200233459,42.0000314713,40743.0309012,0.455068870759,0.452700343347,0.0997167483458,544466.366966
30.9694444444,0.379180639982,8.00320053101,0.350315451622,-3.33031748596e-05,5.34062928637e-05,20,20,1.89662480354,-1.15128719807,41.5200233459,42.0000314713,40743.0309012,0.455062731481,0.452700343347,0.116072196875,544469.495812
30.9805555556,0.379176974297,8.00314331055,0.350346803665,-3.29639478878e-05,5.34062928637e-05,20,20,1.89662480354,-1.15128719807,41.5200233459,42.0000314713,40743.0309012,0.455031260228,0.452700343347,0.125128828216,544471.719625
30.9916666667,0.379174202681,8.00309181213,0.350367426872,-3.29639478878e-05,5.34062928637e-05,20,20,1.89662480354,-1.15128719807,41.5200233459,42.0000314713,40743.0309012,0.455008133626,0.452700343347,0.124352037674,544473.658094
31.0027777778,0.37917137146,8.00303936005,0.350384294987,-3.29639478878e-05,5.34062928637e-05,20,20,1.89662480354,-1.15128719807,41.5200233459,42.0000314713,40743.0309012,0.454991265511,0.452700343347,0.116991444909,544475.407932
31.0138888889,0.379170298576,8.00301551819,0.350393474102,-3.27563975588e-05,5.34062928637e-05,20,20,1.89662480354,-1.15128719807,41.5200233459,42.0000314713,40743.0309012,0.454978390908,0.452700343347,0.104626714071,544477.925042
31.025,0.379170298576,8.00301361084,0.350394487381,-3.2563079003e-05,5.34062928637e-05,20,20,1.89662480354,-1.15128719807,41.5200233459,42.0000314713,40743.0309012,0.454976841187,0.452700343347,0.091524356,544481.148027
31.0361111111,0.379170298576,8.00301456451,0.350394308567,-3.2563079003e-05,5.34062928637e-05,20,20,1.89662480354,-1.15128719807,41.5200233459,42.0000314713,40743.0309012,0.454977079606,0.452700343347,0.0792115069186,544484.293245
31.0472222222,0.379170298576,8.00301456451,0.350394427776,-3.2563079003e-05,5.34062928637e-05,20,20,1.89662480354,-1.15128719807,41.5200233459,42.0000314713,40743.0309012,0.454976781583,0.452700343347,0.0677680346489,544487.198142
31.0583333333,0.379170298576,8.00301647186,0.350394785404,-3.2563079003e-05,5.34062928637e-05,20,20,1.89662480354,-1.15128719807,41.5200233459,42.0000314713,40743.0309012,0.454976781583,0.452700343347,0.0572241817082,544489.984925
31.0694444444,0.379170298576,8.00301742554,0.35039550066,-3.2563079003e-05,5.34062928637e-05,20,20,1.89662480354,-1.15128719807,41.5200233459,42.0000314713,40743.0309012,0.454975947118,0.452700343347,0.0474247101909,544492.543667
31.0805555556,0.379170298576,8.00301837921,0.350396096706,-3.2563079003e-05,5.34062928637e-05,20,20,1.89662480354,-1.15128719807,41.5200233459,42.0000314713,40743.0309012,0.454975231862,0.452700343347,0.0383920524354,544494.822912
31.0916666667,0.379170417786,8.00302124023,0.35039627552,-3.2563079003e-05,5.34062928637e-05,20,20,1.89662480354,-1.15128719807,41.5200233459,42.0000314713,40743.0309012,0.454974933839,0.452700343347,0.0302356629515,544496.864175
31.1027777778,0.379170656204,8.00302600861,0.350395441055,-3.2563079003e-05,5.34062928637e-05,20,20,1.89662480354,-1.15128719807,41.5200233459,42.0000314713,40743.0309012,0.454975708699,0.452700343347,0.0231113925932,544498.787909
31.1138888889,0.379171133041,8.00303459167,0.350393414497,-3.2563079003e-05,5.34062928637e-05,20,20,1.89662480354,-1.15128719807,41.5200233459,42.0000314713,40743.0309012,0.454977198815,0.452700343347,0.0170869993136,544500.634927
31.125,0.379171252251,8.00303268433,0.350389242172,-3.2563079003e-05,5.34062928637e-05,20,20,1.89662480354,-1.15128719807,41.5200233459,42.0000314713,40743.0309012,0.454980953908,0.452700343347,0.0122849624015,544501.661699
31.1361111111,0.379171252251,8.00303268433,0.35038793087,-3.2563079003e-05,5.34062928637e-05,20,20,1.89662480354,-1.15128719807,41.5200233459,42.0000314713,40743.0309012,0.454983218884,0.452700343347,0.00859895380515,544502.69993
31.1472222222,0.379171252251,8.003033638,0.350387513638,-3.2563079003e-05,5.34062928637e-05,20,20,1.89662480354,-1.15128719807,41.5200233459,42.0000314713,40743.0309012,0.454983755326,0.452700343347,0.0056327867861,544503.617359
31.1583333333,0.379171252251,8.00303459167,0.350387573242,-3.2563079003e-05,5.34062928637e-05,20,20,1.89662480354,-1.15128719807,41.5200233459,42.0000314713,40743.0309012,0.454983814931,0.452700343347,0.00330738265276,544504.38884
31.1694444444,0.379171252251,8.00303649902,0.350389122963,-3.2563079003e-05,5.34062928637e-05,20,20,1.89662480354,-1.15128719807,41.5200233459,42.0000314713,40743.0309012,0.454982622838,0.452700343347,0.00157258211856,544505.068287
31.1805555556,0.379171252251,8.00303649902,0.350389182568,-3.2563079003e-05,5.34062928637e-05,20,20,1.89662480354,-1.15128719807,41.5200233459,42.0000314713,40743.0309012,0.454982086396,0.452700343347,0.000450637721272,544505.368249
31.1916666667,0.379171252251,8.00303649902,0.350389182568,-3.2563079003e-05,5.34062928637e-05,20,20,1.89662480354,-1.15128719807,41.5200233459,42.0000314713,40743.0309012,0.454982086396,0.452700343347,7.79570373477e-06,544505.47116
31.2027777778,0.379171252251,8.00303649902,0.350389063358,-3.2563079003e-05,5.34062928637e-05,20,20,1.89662480354,-1.15128719807,41.5200233459,42.0000314713,40743.0309012,0.454982205605,0.452700343347,1.337387598e-06,544505.451279
31.2138888889,0.379171252251,8.00303649902,0.350389063358,-3.2563079003e-05,5.34062928637e-05,20,20,1.89662480354,-1.15128719807,41.5200233459,42.0000314713,40743.0309012,0.454982205605,0.452700343347,1.42843400008e-07,544505.45315
31.225,0.379171252251,8.00303649902,0.350389063358,-3.2563079003e-05,5.34062928637e-05,20,20,1.89662480354,-1.15128719807,41.5200233459,42.0000314713,40743.0309012,0.454982205605,0.452700343347,3.16727624134e-07,544505.45315
31.2361111111,0.379171252251,8.00303649902,0.350389063358,-3.2563079003e-05,5.34062928637e-05,20,20,1.89662480354,-1.15128719807,41.5200233459,42.0000314713,40743.0309012,0.454982205605,0.452700343347,1.57814628484e-08,544505.45315
31.2472222222,0.379171252251,8.00303649902,0.350389063358,-3.2563079003e-05,5.34062928637e-05,20,20,1.89662480354,-1.15128719807,41.5200233459,42.0000314713,40743.0309012,0.454982205605,0.452700343347,8.17955917804e-08,544505.45315
31.2583333333,0.379171252251,8.00303649902,0.350389063358,-3.2563079003e-05,5.34062928637e-05,20,20,1.89662480354,-1.15128719807,41.5200233459,42.0000314713,40743.0309012,0.454982205605,0.452700343347,5.79803322604e-09,544505.45315
31.2694444444,0.379171252251,8.00303649902,0.350389063358,-3.2563079003e-05,5.34062928637e-05,20,20,1.89662480354,-1.15128719807,41.5200233459,42.0000314713,40743.0309012,0.454982205605,0.452700343347,2.3296599487e-08,544505.45315
31.2805555556,0.379171252251,8.00303649902,0.350389063358,-3.2563079003e-05,5.34062928637e-05,20,20,1.89662480354,-1.15128719807,41.5200233459,42.0000314713,40743.0309012,0.454982205605,0.452700343347,2.04354254441e-09,544505.45315
31.2916666667,0.379171252251,8.00303649902,0.350389063358,-3.2563079003e-05,5.34062928637e-05,20,20,1.89662480354,-1.15128719807,41.5200233459,42.0000314713,40743.0309012,0.454982205605,0.452700343347,6.63950332354e-09,544505.45315
31.3027777778,0.379171252251,8.00303649902,0.350389063358,-3.2563079003e-05,5.34062928637e-05,20,20,1.89662480354,-1.15128719807,41.5200233459,42.0000314713,40743.0309012,0.454982205605,0.452700343347,7.18631305703e-10,544505.45315
31.3138888889,0.379171252251,8.00303649902,0.350389063358,-3.2563079003e-05,5.34062928637e-05,20,20,1.89662480354,-1.15128719807,41.5200233459,42.0000314713,40743.0309012,0.454982205605,0.452700343347,1.76170625538e-09,544505.45315
31.325,0.379171252251,8.00303649902,0.350389063358,-3.2563079003e-05,5.34062928637e-05,20,20,1.89662480354,-1.15128719807,41.5200233459,42.0000314713,40743.0309012,0.454982205605,0.452700343347,2.47420145395e-10,544505.45315
31.3361111111,0.379171252251,8.00303649902,0.350389063358,-3.2563079003e-05,5.34062928637e-05,20,20,1.89662480354,-1.15128719807,41.5200233459,42.0000314713,40743.0309012,0.454982205605,0.452700343347,4.6482762046e-10,544505.45315
31.3472222222,0.379171252251,8.00303649902,0.350389063358,-3.2563079003e-05,5.34062928637e-05,20,20,1.89662480354,-1.15128719807,41.5200233459,42.0000314713,40743.0309012,0.454982205605,0.452700343347,1.01404071291e-10,544505.45315
31.3583333333,0.379171252251,8.00303649902,0.350389063358,-3.2563079003e-05,5.34062928637e-05,20,20,1.89662480354,-1.15128719807,41.5200233459,42.0000314713,40743.0309012,0.454982205605,0.452700343347,9.59545055517e-11,544505.45315
31.3694444444,0.379171252251,8.00303649902,0.350389063358,-3.2563079003e-05,5.34062928637e-05,20,20,1.89662480354,-1.15128719807,41.5200233459,42.0000314713,40743.0309012,0.454982205605,0.452700343347,2.83561230753e-11,544505.45315
31.3805555556,0.379171252251,8.00303649902,0.350389063358,-3.2563079003e-05,5.34062928637e-05,20,20,1.89662480354,-1.15128719807,41.5200233459,42.0000314713,40743.0309012,0.454982205605,0.452700343347,1.89113972022e-11,544505.45315
31.3916666667,0.379171252251,8.00303649902,0.350389063358,-3.2563079003e-05,5.34062928637e-05,20,20,1.89662480354,-1.15128719807,41.5200233459,42.0000314713,40743.0309012,0.454982205605,0.452700343347,6.08585438486e-12,544505.45315
31.4027777778,0.379171252251,8.00303649902,0.350389063358,-3.2563079003e-05,5.34062928637e-05,20,20,1.89662480354,-1.15128719807,41.5200233459,42.0000314713,40743.0309012,0.454982205605,0.452700343347,5.47250987996e-13,544505.45315
31.4138888889,0.379171252251,8.00303649902,0.350389063358,-3.2563079003e-05,5.34062928637e-05,20,20,1.89662480354,-1.15128719807,41.5200233459,42.0000314713,40743.0309012,0.454982205605,0.452700343347,4.52371886693e-12,544505.45315
31.425,0.379171252251,8.00303649902,0.350389063358,-3.2563079003e-05,5.34062928637e-05,20,20,1.89662480354,-1.15128719807,41.5200233459,42.0000314713,40743.0309012,0.454982205605,0.452700343347,4.48908530373e-12,544505.45315
31.4361111111,0.379171252251,8.00303649902,0.350389063358,-3.2563079003e-05,5.34062928637e-05,20,20,1.89662480354,-1.15128719807,41.5200233459,42.0000314713,40743.0309012,0.454982205605,0.452700343347,3.03454485836e-12,544505.45315
31.4472222222,0.379171252251,8.00303649902,0.350389063358,-3.2563079003e-05,5.34062928637e-05,20,20,1.89662480354,-1.15128719807,41.5200233459,42.0000314713,40743.0309012,0.454982205605,0.452700343347,1.17973979441e-12,544505.45315
31.4583333333,0.379171252251,8.00303649902,0.350389063358,-3.2563079003e-05,5.34062928637e-05,20,20,1.89662480354,-1.15128719807,41.5200233459,42.0000314713,40743.0309012,0.454982205605,0.452700343347,2.95817251915e-13,544505.45315
31.4694444444,0.379171252251,8.00303649902,0.350389063358,-3.2563079003e-05,5.34062928637e-05,20,20,1.89662480354,-1.15128719807,41.5200233459,42.0000314713,40743.0309012,0.454982205605,0.452700343347,6.93832062889e-14,544505.45315
31.4805555556,0.379171252251,8.00303649902,0.350389063358,-3.2563079003e-05,5.34062928637e-05,20,20,1.89662480354,-1.15128719807,41.5200233459,42.0000314713,40743.0309012,0.454982205605,0.452700343347,5.00524086831e-14,544505.45315
31.4916666667,0.379171252251,8.00303649902,0.350389063358,-3.2563079003e-05,5.34062928637e-05,20,20,1.89662480354,-1.15128719807,41.5200233459,42.0000314713,40743.0309012,0.454982205605,0.452700343347,1.62095685231e-14,544505.45315
31.5027777778,0.379171252251,8.00303649902,0.350389063358,-3.2563079003e-05,5.34062928637e-05,20,20,1.89662480354,-1.15128719807,41.5200233459,42.0000314713,40743.0309012,0.454982205605,0.452700343347,4.23017033276e-14,544505.45315
31.5138888889,0.379171252251,8.00303649902,0.350389063358,-3.2563079003e-05,5.34062928637e-05,20,20,1.89662480354,-1.15128719807,41.5200233459,42.0000314713,40743.0309012,0.454982205605,0.452700343347,5.86153851548e-14,544505.45315
31.525,0.379171252251,8.00303649902,0.350389063358,-3.2563079003e-05,5.34062928637e-05,20,20,1.89662480354,-1.15128719807,41.5200233459,42.0000314713,40743.0309012,0.454982205605,0.452700343347,2.29148317899e-14,544505.45315
31.5361111111,0.379171252251,8.00303649902,0.350389063358,-3.2563079003e-05,5.34062928637e-05,20,20,1.89662480354,-1.15128719807,41.5200233459,42.0000314713,40743.0309012,0.454982205605,0.452700343347,6.42082346288e-14,544505.45315
31.5472222222,0.379171252251,8.00303649902,0.350389063358,-3.2563079003e-05,5.34062928637e-05,20,20,1.89662480354,-1.15128719807,41.5200233459,42.0000314713,40743.0309012,0.454982205605,0.452700343347,3.30526583465e-14,544505.45315
31.5583333333,0.379171252251,8.00303649902,0.350389063358,-3.2563079003e-05,5.34062928637e-05,20,20,1.89662480354,-1.15128719807,41.5200233459,42.0000314713,40743.0309012,0.454982205605,0.452700343347,3.51573866451e-14,544505.45315
31.5694444444,0.379171252251,8.00303649902,0.350389063358,-3.2563079003e-05,5.34062928637e-05,20,20,1.89662480354,-1.15128719807,41.5200233459,42.0000314713,40743.0309012,0.454982205605,0.452700343347,3.22744188496e-14,544505.45315
31.5805555556,0.379171252251,8.00303649902,0.350389063358,-3.2563079003e-05,5.34062928637e-05,20,20,1.89662480354,-1.15128719807,41.5200233459,42.0000314713,40743.0309012,0.454982205605,0.452700343347,1.07354565933e-13,544505.45315
31.5916666667,0.379171252251,8.00303649902,0.350389063358,-3.2563079003e-05,5.34062928637e-05,20,20,1.89662480354,-1.15128719807,41.5200233459,42.0000314713,40743.0309012,0.454982205605,0.452700343347,1.42415277816e-13,544505.45315
31.6027777778,0.379171252251,8.00303649902,0.350389063358,-3.2563079003e-05,5.34062928637e-05,20,20,1.89662480354,-1.15128719807,41.5200233459,42.0000314713,40743.0309012,0.454982205605,0.452700343347,7.81191944721e-14,544505.45315
31.6138888889,0.379171252251,8.00303649902,0.350389063358,-3.2563079003e-05,5.34062928637e-05,20,20,1.89662480354,-1.15128719807,41.5200233459,42.0000314713,40743.0309012,0.454982205605,0.452700343347,1.22635077737e-13,544505.45315
31.625,0.379171252251,8.00303649902,0.350389063358,-3.2563079003e-05,5.34062928637e-05,20,20,1.89662480354,-1.15128719807,41.5200233459,42.0000314713,40743.0309012,0.454982205605,0.452700343347,1.39686546062e-13,544505.45315
31.6361111111,0.379171252251,8.00303649902,0.350389063358,-3.2563079003e-05,5.34062928637e-05,20,20,1.89662480354,-1.15128719807,41.5200233459,42.0000314713,40743.0309012,0.454982205605,0.452700343347,1.1756534946e-13,544505.45315
31.6472222222,0.379171252251,8.00303649902,0.350389063358,-3.2563079003e-05,5.34062928637e-05,20,20,1.89662480354,-1.15128719807,41.5200233459,42.0000314713,40743.0309012,0.454982205605,0.452700343347,2.38063394559e-14,544505.45315
31.6583333333,0.379171252251,8.00303649902,0.350389063358,-3.2563079003e-05,5.34062928637e-05,20,20,1.89662480354,-1.15128719807,41.5200233459,42.0000314713,40743.0309012,0.454982205605,0.452700343347,1.66948307975e-14,544505.45315
31.6694444444,0.379171252251,8.00303649902,0.350389063358,-3.2563079003e-05,5.34062928637e-05,20,20,1.89662480354,-1.15128719807,41.5200233459,42.0000314713,40743.0309012,0.454982205605,0.452700343347,1.36710810647e-14,544505.45315
31.6805555556,0.379171252251,8.00303649902,0.350389063358,-3.2563079003e-05,5.34062928637e-05,20,20,1.89662480354,-1.15128719807,41.5200233459,42.0000314713,40743.0309012,0.454982205605,0.452700343347,6.76018291434e-14,544505.45315
31.6916666667,0.379171252251,8.00303649902,0.350389063358,-3.2563079003e-05,5.34062928637e-05,20,20,1.89662480354,-1.15128719807,41.5200233459,42.0000314713,40743.0309012,0.454982205605,0.452700343347,6.1077941558e-14,544505.45315
31.7027777778,0.379171252251,8.00303649902,0.350389063358,-3.2563079003e-05,5.34062928637e-05,20,20,1.89662480354,-1.15128719807,41.5200233459,42.0000314713,40743.0309012,0.454982205605,0.452700343347,1.66728411115e-14,544505.45315
31.7138888889,0.379171252251,8.00303649902,0.350389063358,-3.2563079003e-05,5.34062928637e-05,20,20,1.89662480354,-1.15128719807,41.5200233459,42.0000314713,40743.0309012,0.454982205605,0.452700343347,9.0037559035e-14,544505.45315
31.725,0.379171252251,8.00303649902,0.350389063358,-3.2563079003e-05,5.34062928637e-05,20,20,1.89662480354,-1.15128719807,41.5200233459,42.0000314713,40743.0309012,0.454982205605,0.452700343347,9.58371565251e-15,544505.45315
31.7361111111,0.379171252251,8.00303649902,0.350389063358,-3.2563079003e-05,5.34062928637e-05,20,20,1.89662480354,-1.15128719807,41.5200233459,42.0000314713,40743.0309012,0.454982205605,0.452700343347,3.72068037181e-14,544505.45315
31.7472222222,0.379171252251,8.00303649902,0.350389063358,-3.2563079003e-05,5.34062928637e-05,20,20,1.89662480354,-1.15128719807,41.5200233459,42.0000314713,40743.0309012,0.454982205605,0.452700343347,7.80939596131e-14,544505.45315
31.7583333333,0.379171252251,8.00303649902,0.350389063358,-3.2563079003e-05,5.34062928637e-05,20,20,1.89662480354,-1.15128719807,41.5200233459,42.0000314713,40743.0309012,0.454982205605,0.452700343347,7.79829766165e-14,544505.45315
31.7694444444,0.379171252251,8.00303649902,0.350389063358,-3.2563079003e-05,5.34062928637e-05,20,20,1.89662480354,-1.15128719807,41.5200233459,42.0000314713,40743.0309012,0.454982205605,0.452700343347,1.31667445863e-14,544505.45315
31.7805555556,0.379171252251,8.00303649902,0.350389063358,-3.2563079003e-05,5.34062928637e-05,20,20,1.89662480354,-1.15128719807,41.5200233459,42.0000314713,40743.0309012,0.454982205605,0.452700343347,7.02272601414e-15,544505.45315
31.7916666667,0.379171252251,8.00303649902,0.350389063358,-3.2563079003e-05,5.34062928637e-05,20,20,1.89662480354,-1.15128719807,41.5200233459,42.0000314713,40743.0309012,0.454982205605,0.452700343347,1.74056137424e-14,544505.45315
31.8027777778,0.379171252251,8.00303649902,0.350389063358,-3.2563079003e-05,5.34062928637e-05,20,20,1.89662480354,-1.15128719807,41.5200233459,42.0000314713,40743.0309012,0.454982205605,0.452700343347,5.69723376042e-14,544505.45315
31.8138888889,0.379171252251,8.00303649902,0.350389063358,-3.2563079003e-05,5.34062928637e-05,20,20,1.89662480354,-1.15128719807,41.5200233459,42.0000314713,40743.0309012,0.454982205605,0.452700343347,1.28497013332e-13,544505.45315
31.825,0.379171252251,8.00303649902,0.350389063358,-3.2563079003e-05,5.34062928637e-05,20,20,1.89662480354,-1.15128719807,41.5200233459,42.0000314713,40743.0309012,0.454982205605,0.452700343347,1.29160461859e-14,544505.45315
31.8361111111,0.379171252251,8.00303649902,0.350389063358,-3.2563079003e-05,5.34062928637e-05,20,20,1.89662480354,-1.15128719807,41.5200233459,42.0000314713,40743.0309012,0.454982205605,0.452700343347,7.04524567531e-14,544505.45315
31.8472222222,0.379171252251,8.00303649902,0.350389063358,-3.2563079003e-05,5.34062928637e-05,20,20,1.89662480354,-1.15128719807,41.5200233459,42.0000314713,40743.0309012,0.454982205605,0.452700343347,8.83643314602e-14,544505.45315
31.8583333333,0.379171252251,8.00303649902,0.350389063358,-3.2563079003e-05,5.34062928637e-05,20,20,1.89662480354,-1.15128719807,41.5200233459,42.0000314713,40743.0309012,0.454982205605,0.452700343347,5.6798058413e-15,544505.45315
31.8694444444,0.379171252251,8.00303649902,0.350389063358,-3.2563079003e-05,5.34062928637e-05,20,20,1.89662480354,-1.15128719807,41.5200233459,42.0000314713,40743.0309012,0.454982205605,0.452700343347,2.1535267048e-14,544505.45315
31.8805555556,0.379171252251,8.00303649902,0.350389063358,-3.2563079003e-05,5.34062928637e-05,20,20,1.89662480354,-1.15128719807,41.5200233459,42.0000314713,40743.0309012,0.454982205605,0.452700343347,8.22390613615e-14,544505.45315
31.8916666667,0.379171252251,8.00303649902,0.350389063358,-3.2563079003e-05,5.34062928637e-05,20,20,1.89662480354,-1.15128719807,41.5200233459,42.0000314713,40743.0309012,0.454982205605,0.452700343347,7.76507805252e-14,544505.45315
31.9027777778,0.379171252251,8.00303649902,0.350389063358,-3.2563079003e-05,5.34062928637e-05,20,20,1.89662480354,-1.15128719807,41.5200233459,42.0000314713,40743.0309012,0.454982205605,0.452700343347,1.12460292503e-13,544505.45315
31.9138888889,0.379171252251,8.00303649902,0.350389063358,-3.2563079003e-05,5.34062928637e-05,20,20,1.89662480354,-1.15128719807,41.5200233459,42.0000314713,40743.0309012,0.454982205605,0.452700343347,5.51193100053e-14,544505.45315
31.925,0.379171252251,8.00303649902,0.350389063358,-3.2563079003e-05,5.34062928637e-05,20,20,1.89662480354,-1.15128719807,41.5200233459,42.0000314713,40743.0309012,0.454982205605,0.452700343347,2.07873519234e-14,544505.45315
31.9361111111,0.379171252251,8.00303649902,0.350389063358,-3.2563079003e-05,5.34062928637e-05,20,20,1.89662480354,-1.15128719807,41.5200233459,42.0000314713,40743.0309012,0.454982205605,0.452700343347,3.68866800408e-15,544505.45315
31.9472222222,0.379171252251,8.00303649902,0.350389063358,-3.2563079003e-05,5.34062928637e-05,20,20,1.89662480354,-1.15128719807,41.5200233459,42.0000314713,40743.0309012,0.454982205605,0.452700343347,1.34902713278e-14,544505.45315
31.9583333333,0.379171252251,8.00303649902,0.350389063358,-3.2563079003e-05,5.34062928637e-05,20,20,1.89662480354,-1.15128719807,41.5200233459,42.0000314713,40743.0309012,0.454982205605,0.452700343347,8.86060904825e-15,544505.45315
31.9694444444,0.379171252251,8.00303649902,0.350389063358,-3.2563079003e-05,5.34062928637e-05,20,20,1.89662480354,-1.15128719807,41.5200233459,42.0000314713,40743.0309012,0.454982205605,0.452700343347,4.84560780208e-14,544505.45315
31.9805555556,0.379171252251,8.00303649902,0.350389063358,-3.2563079003e-05,5.34062928637e-05,20,20,1.89662480354,-1.15128719807,41.5200233459,42.0000314713,40743.0309012,0.454982205605,0.452700343347,4.1339438692e-14,544505.45315
31.9916666667,0.379171252251,8.00303649902,0.350389063358,-3.2563079003e-05,5.34062928637e-05,20,20,1.89662480354,-1.15128719807,41.5200233459,42.0000314713,40743.0309012,0.454982205605,0.452700343347,2.45783934023e-14,544505.45315
32.0027777778,0.379171252251,8.00303649902,0.350389063358,-3.2563079003e-05,5.34062928637e-05,20,20,1.89662480354,-1.15128719807,41.5200233459,42.0000314713,40743.0309012,0.454982205605,0.452700343347,8.25324658631e-14,544505.45315
32.0138888889,0.379171252251,8.00303649902,0.350389063358,-3.2563079003e-05,5.34062928637e-05,20,20,1.89662480354,-1.15128719807,41.5200233459,42.0000314713,40743.0309012,0.454982205605,0.452700343347,5.28455947537e-14,544505.45315
32.025,0.379171252251,8.00303649902,0.350389063358,-3.2563079003e-05,5.34062928637e-05,20,20,1.89662480354,-1.15128719807,41.5200233459,42.0000314713,40743.0309012,0.454982205605,0.452700343347,2.81042696259e-13,544505.45315
32.0361111111,0.379171252251,8.00303649902,0.350389063358,-3.2563079003e-05,5.34062928637e-05,20,20,1.89662480354,-1.15128719807,41.5200233459,42.0000314713,40743.0309012,0.454982205605,0.452700343347,1.91398184632e-13,544505.45315
32.0472222222,0.379171252251,8.00303649902,0.350389063358,-3.2563079003e-05,5.34062928637e-05,20,20,1.89662480354,-1.15128719807,41.5200233459,42.0000314713,40743.0309012,0.454982205605,0.452700343347,1.90925109567e-13,544505.45315
32.0583333333,0.379171252251,8.00303649902,0.350389063358,-3.2563079003e-05,5.34062928637e-05,20,20,1.89662480354,-1.15128719807,41.5200233459,42.0000314713,40743.0309012,0.454982205605,0.452700343347,8.1890760029e-14,544505.45315
32.0694444444,0.379171252251,8.00303649902,0.350389063358,-3.2563079003e-05,5.34062928637e-05,20,20,1.89662480354,-1.15128719807,41.5200233459,42.0000314713,40743.0309012,0.454982205605,0.452700343347,6.43459669283e-14,544505.45315
32.0805555556,0.379171252251,8.00303649902,0.350389063358,-3.2563079003e-05,5.34062928637e-05,20,20,1.89662480354,-1.15128719807,41.5200233459,42.0000314713,40743.0309012,0.454982205605,0.452700343347,5.51066337825e-14,544505.45315
32.0916666667,0.379171252251,8.00303649902,0.350389063358,-3.2563079003e-05,5.34062928637e-05,20,20,1.89662480354,-1.15128719807,41.5200233459,42.0000314713,40743.0309012,0.454982205605,0.452700343347,9.1994427273e-14,544505.45315
32.1027777778,0.379171252251,8.00303649902,0.350389063358,-3.2563079003e-05,5.34062928637e-05,20,20,1.89662480354,-1.15128719807,41.5200233459,42.0000314713,40743.0309012,0.454982205605,0.452700343347,1.95712622928e-14,544505.45315
32.1138888889,0.379171252251,8.00303649902,0.350389063358,-3.2563079003e-05,5.34062928637e-05,20,20,1.89662480354,-1.15128719807,41.5200233459,42.0000314713,40743.0309012,0.454982205605,0.452700343347,9.90549964611e-15,544505.45315
32.125,0.379171252251,8.00303649902,0.350389063358,-3.2563079003e-05,5.34062928637e-05,20,20,1.89662480354,-1.15128719807,41.5200233459,42.0000314713,40743.0309012,0.454982205605,0.452700343347,3.36606128337e-14,544505.45315
32.1361111111,0.379171252251,8.00303649902,0.350389063358,-3.2563079003e-05,5.34062928637e-05,20,20,1.89662480354,-1.15128719807,41.5200233459,42.0000314713,40743.0309012,0.454982205605,0.452700343347,6.80055072528e-15,544505.45315
32.1472222222,0.379171252251,8.00303649902,0.350389063358,-3.2563079003e-05,5.34062928637e-05,20,20,1.89662480354,-1.15128719807,41.5200233459,42.0000314713,40743.0309012,0.454982205605,0.452700343347,5.25675416008e-15,544505.45315
32.1583333333,0.379171252251,8.00303649902,0.350389063358,-3.2563079003e-05,5.34062928637e-05,20,20,1.89662480354,-1.15128719807,41.5200233459,42.0000314713,40743.0309012,0.454982205605,0.452700343347,2.54023714715e-14,544505.45315
32.1694444444,0.379171252251,8.00303649902,0.350389063358,-3.2563079003e-05,5.34062928637e-05,20,20,1.89662480354,-1.15128719807,41.5200233459,42.0000314713,40743.0309012,0.454982205605,0.452700343347,2.22189198134e-14,544505.45315
32.1805555556,0.379171252251,8.00303649902,0.350389063358,-3.2563079003e-05,5.34062928637e-05,20,20,1.89662480354,-1.15128719807,41.5200233459,42.0000314713,40743.0309012,0.454982205605,0.452700343347,2.81612171517e-14,544505.45315
32.1916666667,0.379171252251,8.00303649902,0.350389063358,-3.2563079003e-05,5.34062928637e-05,20,20,1.89662480354,-1.15128719807,41.5200233459,42.0000314713,40743.0309012,0.454982205605,0.452700343347,7.28906190254e-14,544505.45315
32.2027777778,0.379171252251,8.00303649902,0.350389063358,-3.2563079003e-05,5.34062928637e-05,20,20,1.89662480354,-1.15128719807,41.5200233459,42.0000314713,40743.0309012,0.454982205605,0.452700343347,1.25116545546e-14,544505.45315
32.2138888889,0.379171252251,8.00303649902,0.350389063358,-3.2563079003e-05,5.34062928637e-05,20,20,1.89662480354,-1.15128719807,41.5200233459,42.0000314713,40743.0309012,0.454982205605,0.452700343347,2.48686501839e-14,544505.45315
32.225,0.379171252251,8.00303649902,0.350389063358,-3.2563079003e-05,5.34062928637e-05,20,20,1.89662480354,-1.15128719807,41.5200233459,42.0000314713,40743.0309012,0.454982205605,0.452700343347,2.46893403637e-14,544505.45315
32.2361111111,0.379171252251,8.00303649902,0.350389063358,-3.2563079003e-05,5.34062928637e-05,20,20,1.89662480354,-1.15128719807,41.5200233459,42.0000314713,40743.0309012,0.454982205605,0.452700343347,4.63724864086e-14,544505.45315
32.2472222222,0.379171252251,8.00303649902,0.350389063358,-3.2563079003e-05,5.34062928637e-05,20,20,1.89662480354,-1.15128719807,41.5200233459,42.0000314713,40743.0309012,0.454982205605,0.452700343347,2.25152161223e-14,544505.45315
32.2583333333,0.379171252251,8.00303649902,0.350389063358,-3.2563079003e-05,5.34062928637e-05,20,20,1.89662480354,-1.15128719807,41.5200233459,42.0000314713,40743.0309012,0.454982205605,0.452700343347,3.60521103179e-14,544505.45315
32.2694444444,0.379171252251,8.00303649902,0.350389063358,-3.2563079003e-05,5.34062928637e-05,20,20,1.89662480354,-1.15128719807,41.5200233459,42.0000314713,40743.0309012,0.454982205605,0.452700343347,3.34696521418e-14,544505.45315
32.2805555556,0.379171252251,8.00303649902,0.350389063358,-3.2563079003e-05,5.34062928637e-05,20,20,1.89662480354,-1.15128719807,41.5200233459,42.0000314713,40743.0309012,0.454982205605,0.452700343347,1.17863287519e-13,544505.45315
32.2916666667,0.379171252251,8.00303649902,0.350389063358,-3.2563079003e-05,5.34062928637e-05,20,20,1.89662480354,-1.15128719807,41.5200233459,42.0000314713,40743.0309012,0.454982205605,0.452700343347,1.13993159406e-13,544505.45315
32.3027777778,0.379171252251,8.00303649902,0.350389063358,-3.2563079003e-05,5.34062928637e-05,20,20,1.89662480354,-1.15128719807,41.5200233459,42.0000314713,40743.0309012,0.454982205605,0.452700343347,5.46660875161e-14,544505.45315
32.3138888889,0.379171252251,8.00303649902,0.350389063358,-3.2563079003e-05,5.34062928637e-05,20,20,1.89662480354,-1.15128719807,41.5200233459,42.0000314713,40743.0309012,0.454982205605,0.452700343347,3.186314069e-14,544505.45315
32.325,0.379171252251,8.00303649902,0.350389063358,-3.2563079003e-05,5.34062928637e-05,20,20,1.89662480354,-1.15128719807,41.5200233459,42.0000314713,40743.0309012,0.454982205605,0.452700343347,7.96251820818e-15,544505.45315
32.3361111111,0.379171252251,8.00303649902,0.350389063358,-3.2563079003e-05,5.34062928637e-05,20,20,1.89662480354,-1.15128719807,41.5200233459,42.0000314713,40743.0309012,0.454982205605,0.452700343347,1.17507347539e-14,544505.45315
32.3472222222,0.379171252251,8.00303649902,0.350389063358,-3.2563079003e-05,5.34062928637e-05,20,20,1.89662480354,-1.15128719807,41.5200233459,42.0000314713,40743.0309012,0.454982205605,0.452700343347,2.87934587025e-14,544505.45315
32.3583333333,0.379171252251,8.00303649902,0.350389063358,-3.2563079003e-05,5.34062928637e-05,20,20,1.89662480354,-1.15128719807,41.5200233459,42.0000314713,40743.0309012,0.454982205605,0.452700343347,1.56858056985e-13,544505.45315
32.3694444444,0.379171252251,8.00303649902,0.350389063358,-3.2563079003e-05,5.34062928637e-05,20,20,1.89662480354,-1.15128719807,41.5200233459,42.0000314713,40743.0309012,0.454982205605,0.452700343347,9.5876790376e-14,544505.45315
32.3805555556,0.379171252251,8.00303649902,0.350389063358,-3.2563079003e-05,5.34062928637e-05,20,20,1.89662480354,-1.15128719807,41.5200233459,42.0000314713,40743.0309012,0.454982205605,0.452700343347,5.26616478529e-14,544505.45315
32.3916666667,0.379171252251,8.00303649902,0.350389063358,-3.2563079003e-05,5.34062928637e-05,20,20,1.89662480354,-1.15128719807,41.5200233459,42.0000314713,40743.0309012,0.454982205605,0.452700343347,1.4229614004e-13,544505.45315
32.4027777778,0.379171252251,8.00303649902,0.350389063358,-3.2563079003e-05,5.34062928637e-05,20,20,1.89662480354,-1.15128719807,41.5200233459,42.0000314713,40743.0309012,0.454982205605,0.452700343347,3.94396038498e-14,544505.45315
32.4138888889,0.379171252251,8.00303649902,0.350389063358,-3.2563079003e-05,5.34062928637e-05,20,20,1.89662480354,-1.15128719807,41.5200233459,42.0000314713,40743.0309012,0.454982205605,0.452700343347,3.06096121371e-14,544505.45315
32.425,0.379171252251,8.00303649902,0.350389063358,-3.2563079003e-05,5.34062928637e-05,20,20,1.89662480354,-1.15128719807,41.5200233459,42.0000314713,40743.0309012,0.454982205605,0.452700343347,2.2487706619e-14,544505.45315
32.4361111111,0.379171252251,8.00303649902,0.350389063358,-3.2563079003e-05,5.34062928637e-05,20,20,1.89662480354,-1.15128719807,41.5200233459,42.0000314713,40743.0309012,0.454982205605,0.452700343347,7.49257023341e-14,544505.45315
32.4472222222,0.379171252251,8.00303649902,0.350389063358,-3.2563079003e-05,5.34062928637e-05,20,20,1.89662480354,-1.15128719807,41.5200233459,42.0000314713,40743.0309012,0.454982205605,0.452700343347,1.1168022884e-13,544505.45315
32.4583333333,0.379171252251,8.00303649902,0.350389063358,-3.2563079003e-05,5.34062928637e-05,20,20,1.89662480354,-1.15128719807,41.5200233459,42.0000314713,40743.0309012,0.454982205605,0.452700343347,1.63077597212e-13,544505.45315
32.4694444444,0.379171252251,8.00303649902,0.350389063358,-3.2563079003e-05,5.34062928637e-05,20,20,1.89662480354,-1.15128719807,41.5200233459,42.0000314713,40743.0309012,0.454982205605,0.452700343347,6.53410807961e-14,544505.45315
32.4805555556,0.379171252251,8.00303649902,0.350389063358,-3.2563079003e-05,5.34062928637e-05,20,20,1.89662480354,-1.15128719807,41.5200233459,42.0000314713,40743.0309012,0.454982205605,0.452700343347,5.32206993413e-14,544505.45315
32.4916666667,0.379171252251,8.00303649902,0.350389063358,-3.2563079003e-05,5.34062928637e-05,20,20,1.89662480354,-1.15128719807,41.5200233459,42.0000314713,40743.0309012,0.454982205605,0.452700343347,1.35112361729e-13,544505.45315
32.5027777778,0.379171252251,8.00303649902,0.350389063358,-3.2563079003e-05,5.34062928637e-05,20,20,1.89662480354,-1.15128719807,41.5200233459,42.0000314713,40743.0309012,0.454982205605,0.452700343347,6.13027395331e-14,544505.45315
32.5138888889,0.379171252251,8.00303649902,0.350389063358,-3.2563079003e-05,5.34062928637e-05,20,20,1.89662480354,-1.15128719807,41.5200233459,42.0000314713,40743.0309012,0.454982205605,0.452700343347,1.46810807059e-14,544505.45315
32.525,0.379171252251,8.00303649902,0.350389063358,-3.2563079003e-05,5.34062928637e-05,20,20,1.89662480354,-1.15128719807,41.5200233459,42.0000314713,40743.0309012,0.454982205605,0.452700343347,6.1448248543e-14,544505.45315
32.5361111111,0.379171252251,8.00303649902,0.350389063358,-3.2563079003e-05,5.34062928637e-05,20,20,1.89662480354,-1.15128719807,41.5200233459,42.0000314713,40743.0309012,0.454982205605,0.452700343347,2.18390421589e-14,544505.45315
32.5472222222,0.379171252251,8.00303649902,0.350389063358,-3.2563079003e-05,5.34062928637e-05,20,20,1.89662480354,-1.15128719807,41.5200233459,42.0000314713,40743.0309012,0.454982205605,0.452700343347,2.99878181143e-14,544505.45315
32.5583333333,0.379171252251,8.00303649902,0.350389063358,-3.2563079003e-05,5.34062928637e-05,20,20,1.89662480354,-1.15128719807,41.5200233459,42.0000314713,40743.0309012,0.454982205605,0.452700343347,4.23181272625e-14,544505.45315
32.5694444444,0.379171252251,8.00303649902,0.350389063358,-3.2563079003e-05,5.34062928637e-05,20,20,1.89662480354,-1.15128719807,41.5200233459,42.0000314713,40743.0309012,0.454982205605,0.452700343347,1.00217502834e-13,544505.45315
32.5805555556,0.379171252251,8.00303649902,0.350389063358,-3.2563079003e-05,5.34062928637e-05,20,20,1.89662480354,-1.15128719807,41.5200233459,42.0000314713,40743.0309012,0.454982205605,0.452700343347,9.13159745258e-14,544505.45315
32.5916666667,0.379171252251,8.00303649902,0.350389063358,-3.2563079003e-05,5.34062928637e-05,20,20,1.89662480354,-1.15128719807,41.5200233459,42.0000314713,40743.0309012,0.454982205605,0.452700343347,1.00228397564e-13,544505.45315
32.6027777778,0.379171252251,8.00303649902,0.350389063358,-3.2563079003e-05,5.34062928637e-05,20,20,1.89662480354,-1.15128719807,41.5200233459,42.0000314713,40743.0309012,0.454982205605,0.452700343347,3.50080272474e-14,544505.45315
32.6138888889,0.379171252251,8.00303649902,0.350389063358,-3.2563079003e-05,5.34062928637e-05,20,20,1.89662480354,-1.15128719807,41.5200233459,42.0000314713,40743.0309012,0.454982205605,0.452700343347,2.42386574847e-14,544505.45315
32.625,0.379171252251,8.00303649902,0.350389063358,-3.2563079003e-05,5.34062928637e-05,20,20,1.89662480354,-1.15128719807,41.5200233459,42.0000314713,40743.0309012,0.454982205605,0.452700343347,7.69175634573e-14,544505.45315
32.6361111111,0.379171252251,8.00303649902,0.350389063358,-3.2563079003e-05,5.34062928637e-05,20,20,1.89662480354,-1.15128719807,41.5200233459,42.0000314713,40743.0309012,0.454982205605,0.452700343347,2.7266572407e-14,544505.45315
32.6472222222,0.379171252251,8.00303649902,0.350389063358,-3.2563079003e-05,5.34062928637e-05,20,20,1.89662480354,-1.15128719807,41.5200233459,42.0000314713,40743.0309012,0.454982205605,0.452700343347,1.31104750416e-14,544505.45315
32.6583333333,0.379171252251,8.00303649902,0.350389063358,-3.2563079003e-05,5.34062928637e-05,20,20,1.89662480354,-1.15128719807,41.5200233459,42.0000314713,40743.0309012,0.454982205605,0.452700343347,1.86181932221e-14,544505.45315
32.6694444444,0.379171252251,8.00303649902,0.350389063358,-3.2563079003e-05,5.34062928637e-05,20,20,1.89662480354,-1.15128719807,41.5200233459,42.0000314713,40743.0309012,0.454982205605,0.452700343347,3.67620201868e-14,544505.45315
32.6805555556,0.379171252251,8.00303649902,0.350389063358,-3.2563079003e-05,5.34062928637e-05,20,20,1.89662480354,-1.15128719807,41.5200233459,42.0000314713,40743.0309012,0.454982205605,0.452700343347,4.04284295189e-14,544505.45315
32.6916666667,0.379171252251,8.00303649902,0.350389063358,-3.2563079003e-05,5.34062928637e-05,20,20,1.89662480354,-1.15128719807,41.5200233459,42.0000314713,40743.0309012,0.454982205605,0.452700343347,4.51548151097e-14,544505.45315
32.7027777778,0.379171252251,8.00303649902,0.350389063358,-3.2563079003e-05,5.34062928637e-05,20,20,1.89662480354,-1.15128719807,41.5200233459,42.0000314713,40743.0309012,0.454982205605,0.452700343347,3.62347148909e-14,544505.45315
32.7138888889,0.379171252251,8.00303649902,0.350389063358,-3.2563079003e-05,5.34062928637e-05,20,20,1.89662480354,-1.15128719807,41.5200233459,42.0000314713,40743.0309012,0.454982205605,0.452700343347,4.44903114222e-14,544505.45315
32.725,0.379171252251,8.00303649902,0.350389063358,-3.2563079003e-05,5.34062928637e-05,20,20,1.89662480354,-1.15128719807,41.5200233459,42.0000314713,40743.0309012,0.454982205605,0.452700343347,9.19649968172e-14,544505.45315
32.7361111111,0.379171252251,8.00303649902,0.350389063358,-3.2563079003e-05,5.34062928637e-05,20,20,1.89662480354,-1.15128719807,41.5200233459,42.0000314713,40743.0309012,0.454982205605,0.452700343347,1.34476866165e-13,544505.45315
32.7472222222,0.379171252251,8.00303649902,0.350389063358,-3.2563079003e-05,5.34062928637e-05,20,20,1.89662480354,-1.15128719807,41.5200233459,42.0000314713,40743.0309012,0.454982205605,0.452700343347,5.31752029208e-14,544505.45315
32.7583333333,0.379171252251,8.00303649902,0.350389063358,-3.2563079003e-05,5.34062928637e-05,20,20,1.89662480354,-1.15128719807,41.5200233459,42.0000314713,40743.0309012,0.454982205605,0.452700343347,1.51188030628e-13,544505.45315
32.7694444444,0.379171252251,8.00303649902,0.350389063358,-3.2563079003e-05,5.34062928637e-05,20,20,1.89662480354,-1.15128719807,41.5200233459,42.0000314713,40743.0309012,0.454982205605,0.452700343347,1.40443853687e-14,544505.45315
32.7805555556,0.379171252251,8.00303649902,0.350389063358,-3.2563079003e-05,5.34062928637e-05,20,20,1.89662480354,-1.15128719807,41.5200233459,42.0000314713,40743.0309012,0.454982205605,0.452700343347,2.61371377344e-14,544505.45315
32.7916666667,0.379171252251,8.00303649902,0.350389063358,-3.2563079003e-05,5.34062928637e-05,20,20,1.89662480354,-1.15128719807,41.5200233459,42.0000314713,40743.0309012,0.454982205605,0.452700343347,9.52806506247e-15,544505.45315
32.8027777778,0.379171252251,8.00303649902,0.350389063358,-3.2563079003e-05,5.34062928637e-05,20,20,1.89662480354,-1.15128719807,41.5200233459,42.0000314713,40743.0309012,0.454982205605,0.452700343347,9.10963125844e-14,544505.45315
32.8138888889,0.379171252251,8.00303649902,0.350389063358,-3.2563079003e-05,5.34062928637e-05,20,20,1.89662480354,-1.15128719807,41.5200233459,42.0000314713,40743.0309012,0.454982205605,0.452700343347,6.71803944552e-14,544505.45315
32.825,0.379171252251,8.00303649902,0.350389063358,-3.2563079003e-05,5.34062928637e-05,20,20,1.89662480354,-1.15128719807,41.5200233459,42.0000314713,40743.0309012,0.454982205605,0.452700343347,4.94529637996e-14,544505.45315
32.8361111111,0.379171252251,8.00303649902,0.350389063358,-3.2563079003e-05,5.34062928637e-05,20,20,1.89662480354,-1.15128719807,41.5200233459,42.0000314713,40743.0309012,0.454982205605,0.452700343347,7.70807877173e-14,544505.45315
32.8472222222,0.379171252251,8.00303649902,0.350389063358,-3.2563079003e-05,5.34062928637e-05,20,20,1.89662480354,-1.15128719807,41.5200233459,42.0000314713,40743.0309012,0.454982205605,0.452700343347,1.69867291726e-13,544505.45315
32.8583333333,0.379171252251,8.00303649902,0.350389063358,-3.2563079003e-05,5.34062928637e-05,20,20,1.89662480354,-1.15128719807,41.5200233459,42.0000314713,40743.0309012,0.454982205605,0.452700343347,1.80757595382e-13,544505.45315
32.8694444444,0.379171252251,8.00303649902,0.350389063358,-3.2563079003e-05,5.34062928637e-05,20,20,1.89662480354,-1.15128719807,41.5200233459,42.0000314713,40743.0309012,0.454982205605,0.452700343347,1.89379278547e-13,544505.45315
32.8805555556,0.379171252251,8.00303649902,0.350389063358,-3.2563079003e-05,5.34062928637e-05,20,20,1.89662480354,-1.15128719807,41.5200233459,42.0000314713,40743.0309012,0.454982205605,0.452700343347,1.20601982135e-13,544505.45315
32.8916666667,0.379171252251,8.00303649902,0.350389063358,-3.2563079003e-05,5.34062928637e-05,20,20,1.89662480354,-1.15128719807,41.5200233459,42.0000314713,40743.0309012,0.454982205605,0.452700343347,5.69046523287e-14,544505.45315
32.9027777778,0.379171252251,8.00303649902,0.350389063358,-3.2563079003e-05,5.34062928637e-05,20,20,1.89662480354,-1.15128719807,41.5200233459,42.0000314713,40743.0309012,0.454982205605,0.452700343347,1.99233706225e-13,544505.45315
32.9138888889,0.379171252251,8.00303649902,0.350389063358,-3.2563079003e-05,5.34062928637e-05,20,20,1.89662480354,-1.15128719807,41.5200233459,42.0000314713,40743.0309012,0.454982205605,0.452700343347,2.15784964498e-13,544505.45315
32.925,0.379171252251,8.00303649902,0.350389063358,-3.2563079003e-05,5.34062928637e-05,20,20,1.89662480354,-1.15128719807,41.5200233459,42.0000314713,40743.0309012,0.454982205605,0.452700343347,1.35595961242e-13,544505.45315
32.9361111111,0.379171252251,8.00303649902,0.350389063358,-3.2563079003e-05,5.34062928637e-05,20,20,1.89662480354,-1.15128719807,41.5200233459,42.0000314713,40743.0309012,0.454982205605,0.452700343347,1.49535024812e-13,544505.45315
32.9472222222,0.379171252251,8.00303649902,0.350389063358,-3.2563079003e-05,5.34062928637e-05,20,20,1.89662480354,-1.15128719807,41.5200233459,42.0000314713,40743.0309012,0.454982205605,0.452700343347,1.19776313008e-13,544505.45315
32.9583333333,0.379171252251,8.00303649902,0.350389063358,-3.2563079003e-05,5.34062928637e-05,20,20,1.89662480354,-1.15128719807,41.5200233459,42.0000314713,40743.0309012,0.454982205605,0.452700343347,1.2002797696e-13,544505.45315
32.9694444444,0.379171252251,8.00303649902,0.350389063358,-3.2563079003e-05,5.34062928637e-05,20,20,1.89662480354,-1.15128719807,41.5200233459,42.0000314713,40743.0309012,0.454982205605,0.452700343347,3.29766982589e-14,544505.45315
32.9805555556,0.379171252251,8.00303649902,0.350389063358,-3.2563079003e-05,5.34062928637e-05,20,20,1.89662480354,-1.15128719807,41.5200233459,42.0000314713,40743.0309012,0.454982205605,0.452700343347,6.10406791225e-14,544505.45315
32.9916666667,0.379171252251,8.00303649902,0.350389063358,-3.2563079003e-05,5.34062928637e-05,20,20,1.89662480354,-1.15128719807,41.5200233459,42.0000314713,40743.0309012,0.454982205605,0.452700343347,1.05483745246e-13,544505.45315
33.0027777778,0.379171252251,8.00303649902,0.350389063358,-3.2563079003e-05,5.34062928637e-05,20,20,1.89662480354,-1.15128719807,41.5200233459,42.0000314713,40743.0309012,0.454982205605,0.452700343347,1.5122739076e-13,544505.45315
33.0138888889,0.379171252251,8.00303649902,0.350389063358,-3.2563079003e-05,5.34062928637e-05,20,20,1.89662480354,-1.15128719807,41.5200233459,42.0000314713,40743.0309012,0.454982205605,0.452700343347,1.33795251382e-13,544505.45315
33.025,0.379171252251,8.00303649902,0.350389063358,-3.2563079003e-05,5.34062928637e-05,20,20,1.89662480354,-1.15128719807,41.5200233459,42.0000314713,40743.0309012,0.454982205605,0.452700343347,1.69731155356e-13,544505.45315
33.0361111111,0.379171252251,8.00303649902,0.350389063358,-3.2563079003e-05,5.34062928637e-05,20,20,1.89662480354,-1.15128719807,41.5200233459,42.0000314713,40743.0309012,0.454982205605,0.452700343347,4.00983276028e-14,544505.45315
33.0472222222,0.379171252251,8.00303649902,0.350389063358,-3.2563079003e-05,5.34062928637e-05,20,20,1.89662480354,-1.15128719807,41.5200233459,42.0000314713,40743.0309012,0.454982205605,0.452700343347,7.10676389233e-14,544505.45315
33.0583333333,0.379171252251,8.00303649902,0.350389063358,-3.2563079003e-05,5.34062928637e-05,20,20,1.89662480354,-1.15128719807,41.5200233459,42.0000314713,40743.0309012,0.454982205605,0.452700343347,6.12862756436e-15,544505.45315
33.0694444444,0.379171252251,8.00303649902,0.350389063358,-3.2563079003e-05,5.34062928637e-05,20,20,1.89662480354,-1.15128719807,41.5200233459,42.0000314713,40743.0309012,0.454982205605,0.452700343347,3.65258581405e-14,544505.45315
33.0805555556,0.379171252251,8.00303649902,0.350389063358,-3.2563079003e-05,5.34062928637e-05,20,20,1.89662480354,-1.15128719807,41.5200233459,42.0000314713,40743.0309012,0.454982205605,0.452700343347,2.88362671924e-14,544505.45315
33.0916666667,0.379171252251,8.00303649902,0.350389063358,-3.2563079003e-05,5.34062928637e-05,20,20,1.89662480354,-1.15128719807,41.5200233459,42.0000314713,40743.0309012,0.454982205605,0.452700343347,4.66483304634e-14,544505.45315
33.1027777778,0.379171252251,8.00303649902,0.350389063358,-3.2563079003e-05,5.34062928637e-05,20,20,1.89662480354,-1.15128719807,41.5200233459,42.0000314713,40743.0309012,0.454982205605,0.452700343347,1.62540996294e-13,544505.45315
33.1138888889,0.379171252251,8.00303649902,0.350389063358,-3.2563079003e-05,5.34062928637e-05,20,20,1.89662480354,-1.15128719807,41.5200233459,42.0000314713,40743.0309012,0.454982205605,0.452700343347,1.23024537117e-13,544505.45315
33.125,0.379171252251,8.00303649902,0.350389063358,-3.2563079003e-05,5.34062928637e-05,20,20,1.89662480354,-1.15128719807,41.5200233459,42.0000314713,40743.0309012,0.454982205605,0.452700343347,7.57218384727e-14,544505.45315
33.1361111111,0.379171252251,8.00303649902,0.350389063358,-3.2563079003e-05,5.34062928637e-05,20,20,1.89662480354,-1.15128719807,41.5200233459,42.0000314713,40743.0309012,0.454982205605,0.452700343347,1.32476095667e-14,544505.45315
33.1472222222,0.379171252251,8.00303649902,0.350389063358,-3.2563079003e-05,5.34062928637e-05,20,20,1.89662480354,-1.15128719807,41.5200233459,42.0000314713,40743.0309012,0.454982205605,0.452700343347,3.86380675011e-14,544505.45315
33.1583333333,0.379171252251,8.00303649902,0.350389063358,-3.2563079003e-05,5.34062928637e-05,20,20,1.89662480354,-1.15128719807,41.5200233459,42.0000314713,40743.0309012,0.454982205605,0.452700343347,3.41732242378e-14,544505.45315
33.1694444444,0.379171252251,8.00303649902,0.350389063358,-3.2563079003e-05,5.34062928637e-05,20,20,1.89662480354,-1.15128719807,41.5200233459,42.0000314713,40743.0309012,0.454982205605,0.452700343347,1.1687860227e-13,544505.45315
33.1805555556,0.379171252251,8.00303649902,0.350389063358,-3.2563079003e-05,5.34062928637e-05,20,20,1.89662480354,-1.15128719807,41.5200233459,42.0000314713,40743.0309012,0.454982205605,0.452700343347,1.14100178402e-13,544505.45315
33.1916666667,0.379171252251,8.00303649902,0.350389063358,-3.2563079003e-05,5.34062928637e-05,20,20,1.89662480354,-1.15128719807,41.5200233459,42.0000314713,40743.0309012,0.454982205605,0.452700343347,1.0743643268e-14,544505.45315
33.2027777778,0.379171252251,8.00303649902,0.350389063358,-3.2563079003e-05,5.34062928637e-05,20,20,1.89662480354,-1.15128719807,41.5200233459,42.0000314713,40743.0309012,0.454982205605,0.452700343347,3.20289056496e-14,544505.45315
33.2138888889,0.379171252251,8.00303649902,0.350389063358,-3.2563079003e-05,5.34062928637e-05,20,20,1.89662480354,-1.15128719807,41.5200233459,42.0000314713,40743.0309012,0.454982205605,0.452700343347,6.03410845853e-14,544505.45315
33.225,0.379171252251,8.00303649902,0.350389063358,-3.2563079003e-05,5.34062928637e-05,20,20,1.89662480354,-1.15128719807,41.5200233459,42.0000314713,40743.0309012,0.454982205605,0.452700343347,5.2099196492e-14,544505.45315
33.2361111111,0.379171252251,8.00303649902,0.350389063358,-3.2563079003e-05,5.34062928637e-05,20,20,1.89662480354,-1.15128719807,41.5200233459,42.0000314713,40743.0309012,0.454982205605,0.452700343347,4.08143592837e-14,544505.45315
33.2472222222,0.379171252251,8.00303649902,0.350389063358,-3.2563079003e-05,5.34062928637e-05,20,20,1.89662480354,-1.15128719807,41.5200233459,42.0000314713,40743.0309012,0.454982205605,0.452700343347,4.94410974361e-14,544505.45315
33.2583333333,0.379171252251,8.00303649902,0.350389063358,-3.2563079003e-05,5.34062928637e-05,20,20,1.89662480354,-1.15128719807,41.5200233459,42.0000314713,40743.0309012,0.454982205605,0.452700343347,1.46262464665e-14,544505.45315
33.2694444444,0.379171252251,8.00303649902,0.350389063358,-3.2563079003e-05,5.34062928637e-05,20,20,1.89662480354,-1.15128719807,41.5200233459,42.0000314713,40743.0309012,0.454982205605,0.452700343347,7.61075921326e-14,544505.45315
33.2805555556,0.379171252251,8.00303649902,0.350389063358,-3.2563079003e-05,5.34062928637e-05,20,20,1.89662480354,-1.15128719807,41.5200233459,42.0000314713,40743.0309012,0.454982205605,0.452700343347,5.79434629173e-14,544505.45315
33.2916666667,0.379171252251,8.00303649902,0.350389063358,-3.2563079003e-05,5.34062928637e-05,20,20,1.89662480354,-1.15128719807,41.5200233459,42.0000314713,40743.0309012,0.454982205605,0.452700343347,8.68865650682e-15,544505.45315
33.3027777778,0.379171252251,8.00303649902,0.350389063358,-3.2563079003e-05,5.34062928637e-05,20,20,1.89662480354,-1.15128719807,41.5200233459,42.0000314713,40743.0309012,0.454982205605,0.452700343347,3.1561904008e-14,544505.45315
33.3138888889,0.379171252251,8.00303649902,0.350389063358,-3.2563079003e-05,5.34062928637e-05,20,20,1.89662480354,-1.15128719807,41.5200233459,42.0000314713,40743.0309012,0.454982205605,0.452700343347,6.83333962249e-14,544505.45315
33.325,0.379171252251,8.00303649902,0.350389063358,-3.2563079003e-05,5.34062928637e-05,20,20,1.89662480354,-1.15128719807,41.5200233459,42.0000314713,40743.0309012,0.454982205605,0.452700343347,3.52892497544e-14,544505.45315
33.3361111111,0.379171252251,8.00303649902,0.350389063358,-3.2563079003e-05,5.34062928637e-05,20,20,1.89662480354,-1.15128719807,41.5200233459,42.0000314713,40743.0309012,0.454982205605,0.452700343347,1.81800576163e-14,544505.45315
33.3472222222,0.379171252251,8.00303649902,0.350389063358,-3.2563079003e-05,5.34062928637e-05,20,20,1.89662480354,-1.15128719807,41.5200233459,42.0000314713,40743.0309012,0.454982205605,0.452700343347,6.73247658339e-15,544505.45315
33.3583333333,0.379171252251,8.00303649902,0.350389063358,-3.2563079003e-05,5.34062928637e-05,20,20,1.89662480354,-1.15128719807,41.5200233459,42.0000314713,40743.0309012,0.454982205605,0.452700343347,2.96264090301e-14,544505.45315
33.3694444444,0.379171252251,8.00303649902,0.350389063358,-3.2563079003e-05,5.34062928637e-05,20,20,1.89662480354,-1.15128719807,41.5200233459,42.0000314713,40743.0309012,0.454982205605,0.452700343347,3.24954962031e-14,544505.45315
33.3805555556,0.379171252251,8.00303649902,0.350389063358,-3.2563079003e-05,5.34062928637e-05,20,20,1.89662480354,-1.15128719807,41.5200233459,42.0000314713,40743.0309012,0.454982205605,0.452700343347,4.24372829825e-14,544505.45315
33.3916666667,0.379171252251,8.00303649902,0.350389063358,-3.2563079003e-05,5.34062928637e-05,20,20,1.89662480354,-1.15128719807,41.5200233459,42.0000314713,40743.0309012,0.454982205605,0.452700343347,5.94381856121e-14,544505.45315
33.4027777778,0.379171252251,8.00303649902,0.350389063358,-3.2563079003e-05,5.34062928637e-05,20,20,1.89662480354,-1.15128719807,41.5200233459,42.0000314713,40743.0309012,0.454982205605,0.452700343347,2.96813551206e-14,544505.45315
33.4138888889,0.379171252251,8.00303649902,0.350389063358,-3.2563079003e-05,5.34062928637e-05,20,20,1.89662480354,-1.15128719807,41.5200233459,42.0000314713,40743.0309012,0.454982205605,0.452700343347,4.92528758775e-15,544505.45315
33.425,0.379171252251,8.00303649902,0.350389063358,-3.2563079003e-05,5.34062928637e-05,20,20,1.89662480354,-1.15128719807,41.5200233459,42.0000314713,40743.0309012,0.454982205605,0.452700343347,1.36976558451e-14,544505.45315
33.4361111111,0.379171252251,8.00303649902,0.350389063358,-3.2563079003e-05,5.34062928637e-05,20,20,1.89662480354,-1.15128719807,41.5200233459,42.0000314713,40743.0309012,0.454982205605,0.452700343347,2.7180652576e-14,544505.45315
33.4472222222,0.379171252251,8.00303649902,0.350389063358,-3.2563079003e-05,5.34062928637e-05,20,20,1.89662480354,-1.15128719807,41.5200233459,42.0000314713,40743.0309012,0.454982205605,0.452700343347,3.4874553419e-14,544505.45315
33.4583333333,0.379171252251,8.00303649902,0.350389063358,-3.2563079003e-05,5.34062928637e-05,20,20,1.89662480354,-1.15128719807,41.5200233459,42.0000314713,40743.0309012,0.454982205605,0.452700343347,7.88821969155e-14,544505.45315
33.4694444444,0.379171252251,8.00303649902,0.350389063358,-3.2563079003e-05,5.34062928637e-05,20,20,1.89662480354,-1.15128719807,41.5200233459,42.0000314713,40743.0309012,0.454982205605,0.452700343347,5.00650455833e-14,544505.45315
33.4805555556,0.379171252251,8.00303649902,0.350389063358,-3.2563079003e-05,5.34062928637e-05,20,20,1.89662480354,-1.15128719807,41.5200233459,42.0000314713,40743.0309012,0.454982205605,0.452700343347,9.9028345797e-14,544505.45315
33.4916666667,0.379171252251,8.00303649902,0.350389063358,-3.2563079003e-05,5.34062928637e-05,20,20,1.89662480354,-1.15128719807,41.5200233459,42.0000314713,40743.0309012,0.454982205605,0.452700343347,1.69398988707e-13,544505.45315
33.5027777778,0.379171252251,8.00303649902,0.350389063358,-3.2563079003e-05,5.34062928637e-05,20,20,1.89662480354,-1.15128719807,41.5200233459,42.0000314713,40743.0309012,0.454982205605,0.452700343347,9.510622145e-14,544505.45315
33.5138888889,0.379171252251,8.00303649902,0.350389063358,-3.2563079003e-05,5.34062928637e-05,20,20,1.89662480354,-1.15128719807,41.5200233459,42.0000314713,40743.0309012,0.454982205605,0.452700343347,9.52558936861e-14,544505.45315
33.525,0.379171252251,8.00303649902,0.350389063358,-3.2563079003e-05,5.34062928637e-05,20,20,1.89662480354,-1.15128719807,41.5200233459,42.0000314713,40743.0309012,0.454982205605,0.452700343347,3.57293621359e-14,544505.45315
33.5361111111,0.379171252251,8.00303649902,0.350389063358,-3.2563079003e-05,5.34062928637e-05,20,20,1.89662480354,-1.15128719807,41.5200233459,42.0000314713,40743.0309012,0.454982205605,0.452700343347,5.65621191792e-14,544505.45315
33.5472222222,0.379171252251,8.00303649902,0.350389063358,-3.2563079003e-05,5.34062928637e-05,20,20,1.89662480354,-1.15128719807,41.5200233459,42.0000314713,40743.0309012,0.454982205605,0.452700343347,1.17695035389e-14,544505.45315
33.5583333333,0.379171252251,8.00303649902,0.350389063358,-3.2563079003e-05,5.34062928637e-05,20,20,1.89662480354,-1.15128719807,41.5200233459,42.0000314713,40743.0309012,0.454982205605,0.452700343347,3.33552516613e-14,544505.45315
33.5694444444,0.379171252251,8.00303649902,0.350389063358,-3.2563079003e-05,5.34062928637e-05,20,20,1.89662480354,-1.15128719807,41.5200233459,42.0000314713,40743.0309012,0.454982205605,0.452700343347,7.41659764722e-14,544505.45315
33.5805555556,0.379171252251,8.00303649902,0.350389063358,-3.2563079003e-05,5.34062928637e-05,20,20,1.89662480354,-1.15128719807,41.5200233459,42.0000314713,40743.0309012,0.454982205605,0.452700343347,2.28988039496e-14,544505.45315
33.5916666667,0.379171252251,8.00303649902,0.350389063358,-3.2563079003e-05,5.34062928637e-05,20,20,1.89662480354,-1.15128719807,41.5200233459,42.0000314713,40743.0309012,0.454982205605,0.452700343347,3.5077328485e-14,544505.45315
33.6027777778,0.379171252251,8.00303649902,0.350389063358,-3.2563079003e-05,5.34062928637e-05,20,20,1.89662480354,-1.15128719807,41.5200233459,42.0000314713,40743.0309012,0.454982205605,0.452700343347,7.75933219516e-14,544505.45315
33.6138888889,0.379171252251,8.00303649902,0.350389063358,-3.2563079003e-05,5.34062928637e-05,20,20,1.89662480354,-1.15128719807,41.5200233459,42.0000314713,40743.0309012,0.454982205605,0.452700343347,2.2511403804e-14,544505.45315
33.625,0.379171252251,8.00303649902,0.350389063358,-3.2563079003e-05,5.34062928637e-05,20,20,1.89662480354,-1.15128719807,41.5200233459,42.0000314713,40743.0309012,0.454982205605,0.452700343347,1.46377197025e-14,544505.45315
33.6361111111,0.379171252251,8.00303649902,0.350389063358,-3.2563079003e-05,5.34062928637e-05,20,20,1.89662480354,-1.15128719807,41.5200233459,42.0000314713,40743.0309012,0.454982205605,0.452700343347,3.42486567048e-14,544505.45315
33.6472222222,0.379171252251,8.00303649902,0.350389063358,-3.2563079003e-05,5.34062928637e-05,20,20,1.89662480354,-1.15128719807,41.5200233459,42.0000314713,40743.0309012,0.454982205605,0.452700343347,3.41697781458e-15,544505.45315
33.6583333333,0.379171252251,8.00303649902,0.350389063358,-3.2563079003e-05,5.34062928637e-05,20,20,1.89662480354,-1.15128719807,41.5200233459,42.0000314713,40743.0309012,0.454982205605,0.452700343347,3.80819471376e-14,544505.45315
33.6694444444,0.379171252251,8.00303649902,0.350389063358,-3.2563079003e-05,5.34062928637e-05,20,20,1.89662480354,-1.15128719807,41.5200233459,42.0000314713,40743.0309012,0.454982205605,0.452700343347,5.31365297062e-14,544505.45315
33.6805555556,0.379171252251,8.00303649902,0.350389063358,-3.2563079003e-05,5.34062928637e-05,20,20,1.89662480354,-1.15128719807,41.5200233459,42.0000314713,40743.0309012,0.454982205605,0.452700343347,7.70402497389e-14,544505.45315
33.6916666667,0.379171252251,8.00303649902,0.350389063358,-3.2563079003e-05,5.34062928637e-05,20,20,1.89662480354,-1.15128719807,41.5200233459,42.0000314713,40743.0309012,0.454982205605,0.452700343347,2.07620583702e-14,544505.45315
33.7027777778,0.379171252251,8.00303649902,0.350389063358,-3.2563079003e-05,5.34062928637e-05,20,20,1.89662480354,-1.15128719807,41.5200233459,42.0000314713,40743.0309012,0.454982205605,0.452700343347,3.02099039425e-14,544505.45315
33.7138888889,0.379171252251,8.00303649902,0.350389063358,-3.2563079003e-05,5.34062928637e-05,20,20,1.89662480354,-1.15128719807,41.5200233459,42.0000314713,40743.0309012,0.454982205605,0.452700343347,2.33172419392e-13,544505.45315
33.725,0.379171252251,8.00303649902,0.350389063358,-3.2563079003e-05,5.34062928637e-05,20,20,1.89662480354,-1.15128719807,41.5200233459,42.0000314713,40743.0309012,0.454982205605,0.452700343347,3.1428138791e-14,544505.45315
33.7361111111,0.379171252251,8.00303649902,0.350389063358,-3.2563079003e-05,5.34062928637e-05,20,20,1.89662480354,-1.15128719807,41.5200233459,42.0000314713,40743.0309012,0.454982205605,0.452700343347,5.9452427259e-14,544505.45315
33.7472222222,0.379171252251,8.00303649902,0.350389063358,-3.2563079003e-05,5.34062928637e-05,20,20,1.89662480354,-1.15128719807,41.5200233459,42.0000314713,40743.0309012,0.454982205605,0.452700343347,3.23278208909e-14,544505.45315
33.7583333333,0.379171252251,8.00303649902,0.350389063358,-3.2563079003e-05,5.34062928637e-05,20,20,1.89662480354,-1.15128719807,41.5200233459,42.0000314713,40743.0309012,0.454982205605,0.452700343347,2.93276611366e-14,544505.45315
33.7694444444,0.379171252251,8.00303649902,0.350389063358,-3.2563079003e-05,5.34062928637e-05,20,20,1.89662480354,-1.15128719807,41.5200233459,42.0000314713,40743.0309012,0.454982205605,0.452700343347,6.30696088443e-14,544505.45315
33.7805555556,0.379171252251,8.00303649902,0.350389063358,-3.2563079003e-05,5.34062928637e-05,20,20,1.89662480354,-1.15128719807,41.5200233459,42.0000314713,40743.0309012,0.454982205605,0.452700343347,1.51967516124e-14,544505.45315
33.7916666667,0.379171252251,8.00303649902,0.350389063358,-3.2563079003e-05,5.34062928637e-05,20,20,1.89662480354,-1.15128719807,41.5200233459,42.0000314713,40743.0309012,0.454982205605,0.452700343347,3.43696540597e-14,544505.45315
33.8027777778,0.379171252251,8.00303649902,0.350389063358,-3.2563079003e-05,5.34062928637e-05,20,20,1.89662480354,-1.15128719807,41.5200233459,42.0000314713,40743.0309012,0.454982205605,0.452700343347,6.42372315193e-14,544505.45315
33.8138888889,0.379171252251,8.00303649902,0.350389063358,-3.2563079003e-05,5.34062928637e-05,20,20,1.89662480354,-1.15128719807,41.5200233459,42.0000314713,40743.0309012,0.454982205605,0.452700343347,1.33738638535e-14,544505.45315
33.825,0.379171252251,8.00303649902,0.350389063358,-3.2563079003e-05,5.34062928637e-05,20,20,1.89662480354,-1.15128719807,41.5200233459,42.0000314713,40743.0309012,0.454982205605,0.452700343347,2.69105937703e-14,544505.45315
33.8361111111,0.379171252251,8.00303649902,0.350389063358,-3.2563079003e-05,5.34062928637e-05,20,20,1.89662480354,-1.15128719807,41.5200233459,42.0000314713,40743.0309012,0.454982205605,0.452700343347,1.38808388975e-14,544505.45315
33.8472222222,0.379171252251,8.00303649902,0.350389063358,-3.2563079003e-05,5.34062928637e-05,20,20,1.89662480354,-1.15128719807,41.5200233459,42.0000314713,40743.0309012,0.454982205605,0.452700343347,2.24432996785e-14,544505.45315
33.8583333333,0.379171252251,8.00303649902,0.350389063358,-3.2563079003e-05,5.34062928637e-05,20,20,1.89662480354,-1.15128719807,41.5200233459,42.0000314713,40743.0309012,0.454982205605,0.452700343347,2.06567291613e-14,544505.45315
33.8694444444,0.379171252251,8.00303649902,0.350389063358,-3.2563079003e-05,5.34062928637e-05,20,20,1.89662480354,-1.15128719807,41.5200233459,42.0000314713,40743.0309012,0.454982205605,0.452700343347,3.96644217535e-14,544505.45315
33.8805555556,0.379171252251,8.00303649902,0.350389063358,-3.2563079003e-05,5.34062928637e-05,20,20,1.89662480354,-1.15128719807,41.5200233459,42.0000314713,40743.0309012,0.454982205605,0.452700343347,8.27976918724e-14,544505.45315
33.8916666667,0.379171252251,8.00303649902,0.350389063358,-3.2563079003e-05,5.34062928637e-05,20,20,1.89662480354,-1.15128719807,41.5200233459,42.0000314713,40743.0309012,0.454982205605,0.452700343347,6.07102194907e-14,544505.45315
33.9027777778,0.379171252251,8.00303649902,0.350389063358,-3.2563079003e-05,5.34062928637e-05,20,20,1.89662480354,-1.15128719807,41.5200233459,42.0000314713,40743.0309012,0.454982205605,0.452700343347,1.05713896215e-13,544505.45315
33.9138888889,0.379171252251,8.00303649902,0.350389063358,-3.2563079003e-05,5.34062928637e-05,20,20,1.89662480354,-1.15128719807,41.5200233459,42.0000314713,40743.0309012,0.454982205605,0.452700343347,1.00922421451e-13,544505.45315
33.925,0.379171252251,8.00303649902,0.350389063358,-3.2563079003e-05,5.34062928637e-05,20,20,1.89662480354,-1.15128719807,41.5200233459,42.0000314713,40743.0309012,0.454982205605,0.452700343347,1.1048501303e-13,544505.45315
33.9361111111,0.379171252251,8.00303649902,0.350389063358,-3.2563079003e-05,5.34062928637e-05,20,20,1.89662480354,-1.15128719807,41.5200233459,42.0000314713,40743.0309012,0.454982205605,0.452700343347,8.81333420473e-14,544505.45315
33.9472222222,0.379171252251,8.00303649902,0.350389063358,-3.2563079003e-05,5.34062928637e-05,20,20,1.89662480354,-1.15128719807,41.5200233459,42.0000314713,40743.0309012,0.454982205605,0.452700343347,1.71894100035e-14,544505.45315
33.9583333333,0.379171252251,8.00303649902,0.350389063358,-3.2563079003e-05,5.34062928637e-05,20,20,1.89662480354,-1.15128719807,41.5200233459,42.0000314713,40743.0309012,0.454982205605,0.452700343347,3.38903030765e-14,544505.45315
33.9694444444,0.379171252251,8.00303649902,0.350389063358,-3.2563079003e-05,5.34062928637e-05,20,20,1.89662480354,-1.15128719807,41.5200233459,42.0000314713,40743.0309012,0.454982205605,0.452700343347,8.01651826556e-14,544505.45315
33.9805555556,0.379171252251,8.00303649902,0.350389063358,-3.2563079003e-05,5.34062928637e-05,20,20,1.89662480354,-1.15128719807,41.5200233459,42.0000314713,40743.0309012,0.454982205605,0.452700343347,1.2098606204e-13,544505.45315
33.9916666667,0.379171252251,8.00303649902,0.350389063358,-3.2563079003e-05,5.34062928637e-05,20,20,1.89662480354,-1.15128719807,41.5200233459,42.0000314713,40743.0309012,0.454982205605,0.452700343347,2.08318810308e-14,544505.45315
34.0027777778,0.379171252251,8.00303649902,0.350389063358,-3.2563079003e-05,5.34062928637e-05,20,20,1.89662480354,-1.15128719807,41.5200233459,42.0000314713,40743.0309012,0.454982205605,0.452700343347,1.13519974725e-14,544505.45315
34.0138888889,0.379171252251,8.00303649902,0.350389063358,-3.2563079003e-05,5.34062928637e-05,20,20,1.89662480354,-1.15128719807,41.5200233459,42.0000314713,40743.0309012,0.454982205605,0.452700343347,1.70444460776e-14,544505.45315
34.025,0.379171252251,8.00303649902,0.350389063358,-3.2563079003e-05,5.34062928637e-05,20,20,1.89662480354,-1.15128719807,41.5200233459,42.0000314713,40743.0309012,0.454982205605,0.452700343347,5.45714479213e-14,544505.45315
34.0361111111,0.379171252251,8.00303649902,0.350389063358,-3.2563079003e-05,5.34062928637e-05,20,20,1.89662480354,-1.15128719807,41.5200233459,42.0000314713,40743.0309012,0.454982205605,0.452700343347,7.23721339154e-14,544505.45315
34.0472222222,0.379171252251,8.00303649902,0.350389063358,-3.2563079003e-05,5.34062928637e-05,20,20,1.89662480354,-1.15128719807,41.5200233459,42.0000314713,40743.0309012,0.454982205605,0.452700343347,1.97549325527e-13,544505.45315
34.0583333333,0.379171252251,8.00303649902,0.350389063358,-3.2563079003e-05,5.34062928637e-05,20,20,1.89662480354,-1.15128719807,41.5200233459,42.0000314713,40743.0309012,0.454982205605,0.452700343347,1.09014890621e-13,544505.45315
34.0694444444,0.379171252251,8.00303649902,0.350389063358,-3.2563079003e-05,5.34062928637e-05,20,20,1.89662480354,-1.15128719807,41.5200233459,42.0000314713,40743.0309012,0.454982205605,0.452700343347,2.39979069681e-14,544505.45315
34.0805555556,0.379171252251,8.00303649902,0.350389063358,-3.2563079003e-05,5.34062928637e-05,20,20,1.89662480354,-1.15128719807,41.5200233459,42.0000314713,40743.0309012,0.454982205605,0.452700343347,5.13940647568e-14,544505.45315
34.0916666667,0.379171252251,8.00303649902,0.350389063358,-3.2563079003e-05,5.34062928637e-05,20,20,1.89662480354,-1.15128719807,41.5200233459,42.0000314713,40743.0309012,0.454982205605,0.452700343347,3.83705571151e-14,544505.45315
34.1027777778,0.379171252251,8.00303649902,0.350389063358,-3.2563079003e-05,5.34062928637e-05,20,20,1.89662480354,-1.15128719807,41.5200233459,42.0000314713,40743.0309012,0.454982205605,0.452700343347,5.7925807949e-15,544505.45315
34.1138888889,0.379171252251,8.00303649902,0.350389063358,-3.2563079003e-05,5.34062928637e-05,20,20,1.89662480354,-1.15128719807,41.5200233459,42.0000314713,40743.0309012,0.454982205605,0.452700343347,1.41549847378e-14,544505.45315
34.125,0.379171252251,8.00303649902,0.350389063358,-3.2563079003e-05,5.34062928637e-05,20,20,1.89662480354,-1.15128719807,41.5200233459,42.0000314713,40743.0309012,0.454982205605,0.452700343347,5.7818729291e-14,544505.45315
34.1361111111,0.379171252251,8.00303649902,0.350389063358,-3.2563079003e-05,5.34062928637e-05,20,20,1.89662480354,-1.15128719807,41.5200233459,42.0000314713,40743.0309012,0.454982205605,0.452700343347,1.88020460843e-14,544505.45315
34.1472222222,0.379171252251,8.00303649902,0.350389063358,-3.2563079003e-05,5.34062928637e-05,20,20,1.89662480354,-1.15128719807,41.5200233459,42.0000314713,40743.0309012,0.454982205605,0.452700343347,9.66120763557e-14,544505.45315
34.1583333333,0.379171252251,8.00303649902,0.350389063358,-3.2563079003e-05,5.34062928637e-05,20,20,1.89662480354,-1.15128719807,41.5200233459,42.0000314713,40743.0309012,0.454982205605,0.452700343347,8.52025373023e-15,544505.45315
34.1694444444,0.379171252251,8.00303649902,0.350389063358,-3.2563079003e-05,5.34062928637e-05,20,20,1.89662480354,-1.15128719807,41.5200233459,42.0000314713,40743.0309012,0.454982205605,0.452700343347,9.95577559891e-15,544505.45315
34.1805555556,0.379171252251,8.00303649902,0.350389063358,-3.2563079003e-05,5.34062928637e-05,20,20,1.89662480354,-1.15128719807,41.5200233459,42.0000314713,40743.0309012,0.454982205605,0.452700343347,2.36095913347e-14,544505.45315
34.1916666667,0.379171252251,8.00303649902,0.350389063358,-3.2563079003e-05,5.34062928637e-05,20,20,1.89662480354,-1.15128719807,41.5200233459,42.0000314713,40743.0309012,0.454982205605,0.452700343347,1.45587665459e-14,544505.45315
34.2027777778,0.379171252251,8.00303649902,0.350389063358,-3.2563079003e-05,5.34062928637e-05,20,20,1.89662480354,-1.15128719807,41.5200233459,42.0000314713,40743.0309012,0.454982205605,0.452700343347,5.32784330294e-14,544505.45315
34.2138888889,0.379171252251,8.00303649902,0.350389063358,-3.2563079003e-05,5.34062928637e-05,20,20,1.89662480354,-1.15128719807,41.5200233459,42.0000314713,40743.0309012,0.454982205605,0.452700343347,6.69903093661e-14,544505.45315
34.225,0.379171252251,8.00303649902,0.350389063358,-3.2563079003e-05,5.34062928637e-05,20,20,1.89662480354,-1.15128719807,41.5200233459,42.0000314713,40743.0309012,0.454982205605,0.452700343347,4.99242077439e-14,544505.45315
34.2361111111,0.379171252251,8.00303649902,0.350389063358,-3.2563079003e-05,5.34062928637e-05,20,20,1.89662480354,-1.15128719807,41.5200233459,42.0000314713,40743.0309012,0.454982205605,0.452700343347,3.73677608874e-14,544505.45315
34.2472222222,0.379171252251,8.00303649902,0.350389063358,-3.2563079003e-05,5.34062928637e-05,20,20,1.89662480354,-1.15128719807,41.5200233459,42.0000314713,40743.0309012,0.454982205605,0.452700343347,1.41562871794e-13,544505.45315
34.2583333333,0.379171252251,8.00303649902,0.350389063358,-3.2563079003e-05,5.34062928637e-05,20,20,1.89662480354,-1.15128719807,41.5200233459,42.0000314713,40743.0309012,0.454982205605,0.452700343347,7.7870539608e-15,544505.45315
34.2694444444,0.379171252251,8.00303649902,0.350389063358,-3.2563079003e-05,5.34062928637e-05,20,20,1.89662480354,-1.15128719807,41.5200233459,42.0000314713,40743.0309012,0.454982205605,0.452700343347,2.44826341578e-14,544505.45315
34.2805555556,0.379171252251,8.00303649902,0.350389063358,-3.2563079003e-05,5.34062928637e-05,20,20,1.89662480354,-1.15128719807,41.5200233459,42.0000314713,40743.0309012,0.454982205605,0.452700343347,3.03402162255e-14,544505.45315
34.2916666667,0.379171252251,8.00303649902,0.350389063358,-3.2563079003e-05,5.34062928637e-05,20,20,1.89662480354,-1.15128719807,41.5200233459,42.0000314713,40743.0309012,0.454982205605,0.452700343347,3.57362063988e-14,544505.45315
34.3027777778,0.379171252251,8.00303649902,0.350389063358,-3.2563079003e-05,5.34062928637e-05,20,20,1.89662480354,-1.15128719807,41.5200233459,42.0000314713,40743.0309012,0.454982205605,0.452700343347,1.97918345657e-13,544505.45315
34.3138888889,0.379171252251,8.00303649902,0.350389063358,-3.2563079003e-05,5.34062928637e-05,20,20,1.89662480354,-1.15128719807,41.5200233459,42.0000314713,40743.0309012,0.454982205605,0.452700343347,6.60603162813e-14,544505.45315
34.325,0.379171252251,8.00303649902,0.350389063358,-3.2563079003e-05,5.34062928637e-05,20,20,1.89662480354,-1.15128719807,41.5200233459,42.0000314713,40743.0309012,0.454982205605,0.452700343347,1.48279031202e-14,544505.45315
34.3361111111,0.379171252251,8.00303649902,0.350389063358,-3.2563079003e-05,5.34062928637e-05,20,20,1.89662480354,-1.15128719807,41.5200233459,42.0000314713,40743.0309012,0.454982205605,0.452700343347,8.90635615387e-15,544505.45315
34.3472222222,0.379171252251,8.00303649902,0.350389063358,-3.2563079003e-05,5.34062928637e-05,20,20,1.89662480354,-1.15128719807,41.5200233459,42.0000314713,40743.0309012,0.454982205605,0.452700343347,1.50847403676e-14,544505.45315
34.3583333333,0.379171252251,8.00303649902,0.350389063358,-3.2563079003e-05,5.34062928637e-05,20,20,1.89662480354,-1.15128719807,41.5200233459,42.0000314713,40743.0309012,0.454982205605,0.452700343347,2.65816550048e-14,544505.45315
34.3694444444,0.379171252251,8.00303649902,0.350389063358,-3.2563079003e-05,5.34062928637e-05,20,20,1.89662480354,-1.15128719807,41.5200233459,42.0000314713,40743.0309012,0.454982205605,0.452700343347,3.54635584252e-14,544505.45315
34.3805555556,0.379171252251,8.00303649902,0.350389063358,-3.2563079003e-05,5.34062928637e-05,20,20,1.89662480354,-1.15128719807,41.5200233459,42.0000314713,40743.0309012,0.454982205605,0.452700343347,2.5819767493e-14,544505.45315
34.3916666667,0.379171252251,8.00303649902,0.350389063358,-3.2563079003e-05,5.34062928637e-05,20,20,1.89662480354,-1.15128719807,41.5200233459,42.0000314713,40743.0309012,0.454982205605,0.452700343347,5.5329513168e-14,544505.45315
34.4027777778,0.379171252251,8.00303649902,0.350389063358,-3.2563079003e-05,5.34062928637e-05,20,20,1.89662480354,-1.15128719807,41.5200233459,42.0000314713,40743.0309012,0.454982205605,0.452700343347,1.32196097382e-13,544505.45315
34.4138888889,0.379171252251,8.00303649902,0.350389063358,-3.2563079003e-05,5.34062928637e-05,20,20,1.89662480354,-1.15128719807,41.5200233459,42.0000314713,40743.0309012,0.454982205605,0.452700343347,5.69136596484e-14,544505.45315
34.425,0.379171252251,8.00303649902,0.350389063358,-3.2563079003e-05,5.34062928637e-05,20,20,1.89662480354,-1.15128719807,41.5200233459,42.0000314713,40743.0309012,0.454982205605,0.452700343347,7.75592996571e-15,544505.45315
34.4361111111,0.379171252251,8.00303649902,0.350389063358,-3.2563079003e-05,5.34062928637e-05,20,20,1.89662480354,-1.15128719807,41.5200233459,42.0000314713,40743.0309012,0.454982205605,0.452700343347,7.34562761519e-14,544505.45315
34.4472222222,0.379171252251,8.00303649902,0.350389063358,-3.2563079003e-05,5.34062928637e-05,20,20,1.89662480354,-1.15128719807,41.5200233459,42.0000314713,40743.0309012,0.454982205605,0.452700343347,1.02198355762e-13,544505.45315
34.4583333333,0.379171252251,8.00303649902,0.350389063358,-3.2563079003e-05,5.34062928637e-05,20,20,1.89662480354,-1.15128719807,41.5200233459,42.0000314713,40743.0309012,0.454982205605,0.452700343347,1.45938738782e-13,544505.45315
34.4694444444,0.379171252251,8.00303649902,0.350389063358,-3.2563079003e-05,5.34062928637e-05,20,20,1.89662480354,-1.15128719807,41.5200233459,42.0000314713,40743.0309012,0.454982205605,0.452700343347,5.43532332039e-14,544505.45315
34.4805555556,0.379171252251,8.00303649902,0.350389063358,-3.2563079003e-05,5.34062928637e-05,20,20,1.89662480354,-1.15128719807,41.5200233459,42.0000314713,40743.0309012,0.454982205605,0.452700343347,9.4353992521e-14,544505.45315
34.4916666667,0.379171252251,8.00303649902,0.350389063358,-3.2563079003e-05,5.34062928637e-05,20,20,1.89662480354,-1.15128719807,41.5200233459,42.0000314713,40743.0309012,0.454982205605,0.452700343347,7.17451035676e-14,544505.45315
34.5027777778,0.379171252251,8.00303649902,0.350389063358,-3.2563079003e-05,5.34062928637e-05,20,20,1.89662480354,-1.15128719807,41.5200233459,42.0000314713,40743.0309012,0.454982205605,0.452700343347,5.3027136919e-14,544505.45315
34.5138888889,0.379171252251,8.00303649902,0.350389063358,-3.2563079003e-05,5.34062928637e-05,20,20,1.89662480354,-1.15128719807,41.5200233459,42.0000314713,40743.0309012,0.454982205605,0.452700343347,4.50800934803e-14,544505.45315
34.525,0.379171252251,8.00303649902,0.350389063358,-3.2563079003e-05,5.34062928637e-05,20,20,1.89662480354,-1.15128719807,41.5200233459,42.0000314713,40743.0309012,0.454982205605,0.452700343347,4.53759082468e-14,544505.45315
34.5361111111,0.379171252251,8.00303649902,0.350389063358,-3.2563079003e-05,5.34062928637e-05,20,20,1.89662480354,-1.15128719807,41.5200233459,42.0000314713,40743.0309012,0.454982205605,0.452700343347,4.2895539791e-14,544505.45315
34.5472222222,0.379171252251,8.00303649902,0.350389063358,-3.2563079003e-05,5.34062928637e-05,20,20,1.89662480354,-1.15128719807,41.5200233459,42.0000314713,40743.0309012,0.454982205605,0.452700343347,1.10607847744e-14,544505.45315
34.5583333333,0.379171252251,8.00303649902,0.350389063358,-3.2563079003e-05,5.34062928637e-05,20,20,1.89662480354,-1.15128719807,41.5200233459,42.0000314713,40743.0309012,0.454982205605,0.452700343347,6.25687477889e-14,544505.45315
34.5694444444,0.379171252251,8.00303649902,0.350389063358,-3.2563079003e-05,5.34062928637e-05,20,20,1.89662480354,-1.15128719807,41.5200233459,42.0000314713,40743.0309012,0.454982205605,0.452700343347,1.80938254841e-13,544505.45315
34.5805555556,0.379171252251,8.00303649902,0.350389063358,-3.2563079003e-05,5.34062928637e-05,20,20,1.89662480354,-1.15128719807,41.5200233459,42.0000314713,40743.0309012,0.454982205605,0.452700343347,1.92002710312e-13,544505.45315
34.5916666667,0.379171252251,8.00303649902,0.350389063358,-3.2563079003e-05,5.34062928637e-05,20,20,1.89662480354,-1.15128719807,41.5200233459,42.0000314713,40743.0309012,0.454982205605,0.452700343347,1.27452276656e-13,544505.45315
34.6027777778,0.379171252251,8.00303649902,0.350389063358,-3.2563079003e-05,5.34062928637e-05,20,20,1.89662480354,-1.15128719807,41.5200233459,42.0000314713,40743.0309012,0.454982205605,0.452700343347,1.30842295238e-13,544505.45315
34.6138888889,0.379171252251,8.00303649902,0.350389063358,-3.2563079003e-05,5.34062928637e-05,20,20,1.89662480354,-1.15128719807,41.5200233459,42.0000314713,40743.0309012,0.454982205605,0.452700343347,6.07231551671e-14,544505.45315
34.625,0.379171252251,8.00303649902,0.350389063358,-3.2563079003e-05,5.34062928637e-05,20,20,1.89662480354,-1.15128719807,41.5200233459,42.0000314713,40743.0309012,0.454982205605,0.452700343347,8.18244427976e-14,544505.45315
34.6361111111,0.379171252251,8.00303649902,0.350389063358,-3.2563079003e-05,5.34062928637e-05,20,20,1.89662480354,-1.15128719807,41.5200233459,42.0000314713,40743.0309012,0.454982205605,0.452700343347,3.59931886305e-14,544505.45315
34.6472222222,0.379171252251,8.00303649902,0.350389063358,-3.2563079003e-05,5.34062928637e-05,20,20,1.89662480354,-1.15128719807,41.5200233459,42.0000314713,40743.0309012,0.454982205605,0.452700343347,3.38510131054e-14,544505.45315
34.6583333333,0.379171252251,8.00303649902,0.350389063358,-3.2563079003e-05,5.34062928637e-05,20,20,1.89662480354,-1.15128719807,41.5200233459,42.0000314713,40743.0309012,0.454982205605,0.452700343347,1.05346552166e-13,544505.45315
34.6694444444,0.379171252251,8.00303649902,0.350389063358,-3.2563079003e-05,5.34062928637e-05,20,20,1.89662480354,-1.15128719807,41.5200233459,42.0000314713,40743.0309012,0.454982205605,0.452700343347,6.44998782313e-14,544505.45315
34.6805555556,0.379171252251,8.00303649902,0.350389063358,-3.2563079003e-05,5.34062928637e-05,20,20,1.89662480354,-1.15128719807,41.5200233459,42.0000314713,40743.0309012,0.454982205605,0.452700343347,3.61311200433e-14,544505.45315
34.6916666667,0.379171252251,8.00303649902,0.350389063358,-3.2563079003e-05,5.34062928637e-05,20,20,1.89662480354,-1.15128719807,41.5200233459,42.0000314713,40743.0309012,0.454982205605,0.452700343347,3.86197808919e-14,544505.45315
34.7027777778,0.379171252251,8.00303649902,0.350389063358,-3.2563079003e-05,5.34062928637e-05,20,20,1.89662480354,-1.15128719807,41.5200233459,42.0000314713,40743.0309012,0.454982205605,0.452700343347,1.33615308168e-13,544505.45315
34.7138888889,0.379171252251,8.00303649902,0.350389063358,-3.2563079003e-05,5.34062928637e-05,20,20,1.89662480354,-1.15128719807,41.5200233459,42.0000314713,40743.0309012,0.454982205605,0.452700343347,2.75099070695e-13,544505.45315
34.725,0.379171252251,8.00303649902,0.350389063358,-3.2563079003e-05,5.34062928637e-05,20,20,1.89662480354,-1.15128719807,41.5200233459,42.0000314713,40743.0309012,0.454982205605,0.452700343347,5.30053062201e-13,544505.45315
34.7361111111,0.379171252251,8.00303649902,0.350389063358,-3.2563079003e-05,5.34062928637e-05,20,20,1.89662480354,-1.15128719807,41.5200233459,42.0000314713,40743.0309012,0.454982205605,0.452700343347,3.40417025479e-13,544505.45315
34.7472222222,0.379171252251,8.00303649902,0.350389063358,-3.2563079003e-05,5.34062928637e-05,20,20,1.89662480354,-1.15128719807,41.5200233459,42.0000314713,40743.0309012,0.454982205605,0.452700343347,4.46058840054e-13,544505.45315
34.7583333333,0.379171252251,8.00303649902,0.350389063358,-3.2563079003e-05,5.34062928637e-05,20,20,1.89662480354,-1.15128719807,41.5200233459,42.0000314713,40743.0309012,0.454982205605,0.452700343347,1.39038335254e-13,544505.45315
34.7694444444,0.379171252251,8.00303649902,0.350389063358,-3.2563079003e-05,5.34062928637e-05,20,20,1.89662480354,-1.15128719807,41.5200233459,42.0000314713,40743.0309012,0.454982205605,0.452700343347,3.42179542238e-14,544505.45315
34.7805555556,0.379171252251,8.00303649902,0.350389063358,-3.2563079003e-05,5.34062928637e-05,20,20,1.89662480354,-1.15128719807,41.5200233459,42.0000314713,40743.0309012,0.454982205605,0.452700343347,4.18535968934e-14,544505.45315
34.7916666667,0.379171252251,8.00303649902,0.350389063358,-3.2563079003e-05,5.34062928637e-05,20,20,1.89662480354,-1.15128719807,41.5200233459,42.0000314713,40743.0309012,0.454982205605,0.452700343347,2.32637773802e-14,544505.45315
34.8027777778,0.379171252251,8.00303649902,0.350389063358,-3.2563079003e-05,5.34062928637e-05,20,20,1.89662480354,-1.15128719807,41.5200233459,42.0000314713,40743.0309012,0.454982205605,0.452700343347,1.1297966824e-14,544505.45315
34.8138888889,0.379171252251,8.00303649902,0.350389063358,-3.2563079003e-05,5.34062928637e-05,20,20,1.89662480354,-1.15128719807,41.5200233459,42.0000314713,40743.0309012,0.454982205605,0.452700343347,3.52733350317e-14,544505.45315
34.825,0.379171252251,8.00303649902,0.350389063358,-3.2563079003e-05,5.34062928637e-05,20,20,1.89662480354,-1.15128719807,41.5200233459,42.0000314713,40743.0309012,0.454982205605,0.452700343347,6.16677025514e-14,544505.45315
34.8361111111,0.379171252251,8.00303649902,0.350389063358,-3.2563079003e-05,5.34062928637e-05,20,20,1.89662480354,-1.15128719807,41.5200233459,42.0000314713,40743.0309012,0.454982205605,0.452700343347,1.06218929387e-13,544505.45315
34.8472222222,0.379171252251,8.00303649902,0.350389063358,-3.2563079003e-05,5.34062928637e-05,20,20,1.89662480354,-1.15128719807,41.5200233459,42.0000314713,40743.0309012,0.454982205605,0.452700343347,1.79077041397e-13,544505.45315
34.8583333333,0.379171252251,8.00303649902,0.350389063358,-3.2563079003e-05,5.34062928637e-05,20,20,1.89662480354,-1.15128719807,41.5200233459,42.0000314713,40743.0309012,0.454982205605,0.452700343347,1.21294070842e-13,544505.45315
34.8694444444,0.379171252251,8.00303649902,0.350389063358,-3.2563079003e-05,5.34062928637e-05,20,20,1.89662480354,-1.15128719807,41.5200233459,42.0000314713,40743.0309012,0.454982205605,0.452700343347,3.34631855502e-14,544505.45315
34.8805555556,0.379171252251,8.00303649902,0.350389063358,-3.2563079003e-05,5.34062928637e-05,20,20,1.89662480354,-1.15128719807,41.5200233459,42.0000314713,40743.0309012,0.454982205605,0.452700343347,8.72434182678e-14,544505.45315
34.8916666667,0.379171252251,8.00303649902,0.350389063358,-3.2563079003e-05,5.34062928637e-05,20,20,1.89662480354,-1.15128719807,41.5200233459,42.0000314713,40743.0309012,0.454982205605,0.452700343347,1.12645663563e-13,544505.45315
34.9027777778,0.379171252251,8.00303649902,0.350389063358,-3.2563079003e-05,5.34062928637e-05,20,20,1.89662480354,-1.15128719807,41.5200233459,42.0000314713,40743.0309012,0.454982205605,0.452700343347,1.6278863518e-13,544505.45315
34.9138888889,0.379171252251,8.00303649902,0.350389063358,-3.2563079003e-05,5.34062928637e-05,20,20,1.89662480354,-1.15128719807,41.5200233459,42.0000314713,40743.0309012,0.454982205605,0.452700343347,1.19170196204e-13,544505.45315
34.925,0.379171252251,8.00303649902,0.350389063358,-3.2563079003e-05,5.34062928637e-05,20,20,1.89662480354,-1.15128719807,41.5200233459,42.0000314713,40743.0309012,0.454982205605,0.452700343347,1.01739990349e-13,544505.45315
34.9361111111,0.379171252251,8.00303649902,0.350389063358,-3.2563079003e-05,5.34062928637e-05,20,20,1.89662480354,-1.15128719807,41.5200233459,42.0000314713,40743.0309012,0.454982205605,0.452700343347,2.60960151366e-14,544505.45315
34.9472222222,0.379171252251,8.00303649902,0.350389063358,-3.2563079003e-05,5.34062928637e-05,20,20,1.89662480354,-1.15128719807,41.5200233459,42.0000314713,40743.0309012,0.454982205605,0.452700343347,6.9848705854e-14,544505.45315
34.9583333333,0.379171252251,8.00303649902,0.350389063358,-3.2563079003e-05,5.34062928637e-05,20,20,1.89662480354,-1.15128719807,41.5200233459,42.0000314713,40743.0309012,0.454982205605,0.452700343347,3.06010616418e-14,544505.45315
34.9694444444,0.379171252251,8.00303649902,0.350389063358,-3.2563079003e-05,5.34062928637e-05,20,20,1.89662480354,-1.15128719807,41.5200233459,42.0000314713,40743.0309012,0.454982205605,0.452700343347,1.46404797475e-14,544505.45315
34.9805555556,0.379171252251,8.00303649902,0.350389063358,-3.2563079003e-05,5.34062928637e-05,20,20,1.89662480354,-1.15128719807,41.5200233459,42.0000314713,40743.0309012,0.454982205605,0.452700343347,2.4133631978e-14,544505.45315
34.9916666667,0.379171252251,8.00303649902,0.350389063358,-3.2563079003e-05,5.34062928637e-05,20,20,1.89662480354,-1.15128719807,41.5200233459,42.0000314713,40743.0309012,0.454982205605,0.452700343347,3.53639480744e-14,544505.45315
35.0027777778,0.379171252251,8.00303649902,0.350389063358,-3.2563079003e-05,5.34062928637e-05,20,20,1.89662480354,-1.15128719807,41.5200233459,42.0000314713,40743.0309012,0.454982205605,0.452700343347,1.01851300249e-13,544505.45315
35.0138888889,0.379171252251,8.00303649902,0.350389063358,-3.2563079003e-05,5.34062928637e-05,20,20,1.89662480354,-1.15128719807,41.5200233459,42.0000314713,40743.0309012,0.454982205605,0.452700343347,9.29389314854e-14,544505.45315
35.025,0.379171252251,8.00303649902,0.350389063358,-3.2563079003e-05,5.34062928637e-05,20,20,1.89662480354,-1.15128719807,41.5200233459,42.0000314713,40743.0309012,0.454982205605,0.452700343347,4.12597946909e-14,544505.45315
35.0361111111,0.379171252251,8.00303649902,0.350389063358,-3.2563079003e-05,5.34062928637e-05,20,20,1.89662480354,-1.15128719807,41.5200233459,42.0000314713,40743.0309012,0.454982205605,0.452700343347,4.95796205546e-14,544505.45315
35.0472222222,0.379171252251,8.00303649902,0.350389063358,-3.2563079003e-05,5.34062928637e-05,20,20,1.89662480354,-1.15128719807,41.5200233459,42.0000314713,40743.0309012,0.454982205605,0.452700343347,3.7757247477e-14,544505.45315
35.0583333333,0.379171252251,8.00303649902,0.350389063358,-3.2563079003e-05,5.34062928637e-05,20,20,1.89662480354,-1.15128719807,41.5200233459,42.0000314713,40743.0309012,0.454982205605,0.452700343347,5.21573128668e-14,544505.45315
35.0694444444,0.379171252251,8.00303649902,0.350389063358,-3.2563079003e-05,5.34062928637e-05,20,20,1.89662480354,-1.15128719807,41.5200233459,42.0000314713,40743.0309012,0.454982205605,0.452700343347,3.33943943389e-14,544505.45315
35.0805555556,0.379171252251,8.00303649902,0.350389063358,-3.2563079003e-05,5.34062928637e-05,20,20,1.89662480354,-1.15128719807,41.5200233459,42.0000314713,40743.0309012,0.454982205605,0.452700343347,6.21894590646e-14,544505.45315
35.0916666667,0.379171252251,8.00303649902,0.350389063358,-3.2563079003e-05,5.34062928637e-05,20,20,1.89662480354,-1.15128719807,41.5200233459,42.0000314713,40743.0309012,0.454982205605,0.452700343347,4.56504518728e-14,544505.45315
35.1027777778,0.379171252251,8.00303649902,0.350389063358,-3.2563079003e-05,5.34062928637e-05,20,20,1.89662480354,-1.15128719807,41.5200233459,42.0000314713,40743.0309012,0.454982205605,0.452700343347,3.52476329958e-14,544505.45315
35.1138888889,0.379171252251,8.00303649902,0.350389063358,-3.2563079003e-05,5.34062928637e-05,20,20,1.89662480354,-1.15128719807,41.5200233459,42.0000314713,40743.0309012,0.454982205605,0.452700343347,6.0723741329e-15,544505.45315
35.125,0.379171252251,8.00303649902,0.350389063358,-3.2563079003e-05,5.34062928637e-05,20,20,1.89662480354,-1.15128719807,41.5200233459,42.0000314713,40743.0309012,0.454982205605,0.452700343347,5.50783000292e-15,544505.45315
35.1361111111,0.379171252251,8.00303649902,0.350389063358,-3.2563079003e-05,5.34062928637e-05,20,20,1.89662480354,-1.15128719807,41.5200233459,42.0000314713,40743.0309012,0.454982205605,0.452700343347,2.17437738204e-14,544505.45315
35.1472222222,0.379171252251,8.00303649902,0.350389063358,-3.2563079003e-05,5.34062928637e-05,20,20,1.89662480354,-1.15128719807,41.5200233459,42.0000314713,40743.0309012,0.454982205605,0.452700343347,3.55427672788e-14,544505.45315
35.1583333333,0.379171252251,8.00303649902,0.350389063358,-3.2563079003e-05,5.34062928637e-05,20,20,1.89662480354,-1.15128719807,41.5200233459,42.0000314713,40743.0309012,0.454982205605,0.452700343347,6.57446748412e-15,544505.45315
35.1694444444,0.379171252251,8.00303649902,0.350389063358,-3.2563079003e-05,5.34062928637e-05,20,20,1.89662480354,-1.15128719807,41.5200233459,42.0000314713,40743.0309012,0.454982205605,0.452700343347,1.16804517516e-14,544505.45315
35.1805555556,0.379171252251,8.00303649902,0.350389063358,-3.2563079003e-05,5.34062928637e-05,20,20,1.89662480354,-1.15128719807,41.5200233459,42.0000314713,40743.0309012,0.454982205605,0.452700343347,3.07094625741e-14,544505.45315
35.1916666667,0.379171252251,8.00303649902,0.350389063358,-3.2563079003e-05,5.34062928637e-05,20,20,1.89662480354,-1.15128719807,41.5200233459,42.0000314713,40743.0309012,0.454982205605,0.452700343347,4.27206863793e-14,544505.45315
35.2027777778,0.379171252251,8.00303649902,0.350389063358,-3.2563079003e-05,5.34062928637e-05,20,20,1.89662480354,-1.15128719807,41.5200233459,42.0000314713,40743.0309012,0.454982205605,0.452700343347,2.03953855255e-14,544505.45315
35.2138888889,0.379171252251,8.00303649902,0.350389063358,-3.2563079003e-05,5.34062928637e-05,20,20,1.89662480354,-1.15128719807,41.5200233459,42.0000314713,40743.0309012,0.454982205605,0.452700343347,1.33186990499e-14,544505.45315
35.225,0.379171252251,8.00303649902,0.350389063358,-3.2563079003e-05,5.34062928637e-05,20,20,1.89662480354,-1.15128719807,41.5200233459,42.0000314713,40743.0309012,0.454982205605,0.452700343347,7.71113705611e-14,544505.45315
35.2361111111,0.379171252251,8.00303649902,0.350389063358,-3.2563079003e-05,5.34062928637e-05,20,20,1.89662480354,-1.15128719807,41.5200233459,42.0000314713,40743.0309012,0.454982205605,0.452700343347,4.43812610527e-14,544505.45315
35.2472222222,0.379171252251,8.00303649902,0.350389063358,-3.2563079003e-05,5.34062928637e-05,20,20,1.89662480354,-1.15128719807,41.5200233459,42.0000314713,40743.0309012,0.454982205605,0.452700343347,4.02844409316e-14,544505.45315
35.2583333333,0.379171252251,8.00303649902,0.350389063358,-3.2563079003e-05,5.34062928637e-05,20,20,1.89662480354,-1.15128719807,41.5200233459,42.0000314713,40743.0309012,0.454982205605,0.452700343347,2.67752461373e-14,544505.45315
35.2694444444,0.379171252251,8.00303649902,0.350389063358,-3.2563079003e-05,5.34062928637e-05,20,20,1.89662480354,-1.15128719807,41.5200233459,42.0000314713,40743.0309012,0.454982205605,0.452700343347,4.6531874108e-14,544505.45315
35.2805555556,0.379171252251,8.00303649902,0.350389063358,-3.2563079003e-05,5.34062928637e-05,20,20,1.89662480354,-1.15128719807,41.5200233459,42.0000314713,40743.0309012,0.454982205605,0.452700343347,7.19477303894e-14,544505.45315
35.2916666667,0.379171252251,8.00303649902,0.350389063358,-3.2563079003e-05,5.34062928637e-05,20,20,1.89662480354,-1.15128719807,41.5200233459,42.0000314713,40743.0309012,0.454982205605,0.452700343347,2.50137081263e-13,544505.45315
35.3027777778,0.379171252251,8.00303649902,0.350389063358,-3.2563079003e-05,5.34062928637e-05,20,20,1.89662480354,-1.15128719807,41.5200233459,42.0000314713,40743.0309012,0.454982205605,0.452700343347,1.43849959543e-13,544505.45315
35.3138888889,0.379171252251,8.00303649902,0.350389063358,-3.2563079003e-05,5.34062928637e-05,20,20,1.89662480354,-1.15128719807,41.5200233459,42.0000314713,40743.0309012,0.454982205605,0.452700343347,7.28572888107e-14,544505.45315
35.325,0.379171252251,8.00303649902,0.350389063358,-3.2563079003e-05,5.34062928637e-05,20,20,1.89662480354,-1.15128719807,41.5200233459,42.0000314713,40743.0309012,0.454982205605,0.452700343347,3.3149704453e-14,544505.45315
35.3361111111,0.379171252251,8.00303649902,0.350389063358,-3.2563079003e-05,5.34062928637e-05,20,20,1.89662480354,-1.15128719807,41.5200233459,42.0000314713,40743.0309012,0.454982205605,0.452700343347,2.11122063916e-14,544505.45315
35.3472222222,0.379171252251,8.00303649902,0.350389063358,-3.2563079003e-05,5.34062928637e-05,20,20,1.89662480354,-1.15128719807,41.5200233459,42.0000314713,40743.0309012,0.454982205605,0.452700343347,4.76069125636e-14,544505.45315
35.3583333333,0.379171252251,8.00303649902,0.350389063358,-3.2563079003e-05,5.34062928637e-05,20,20,1.89662480354,-1.15128719807,41.5200233459,42.0000314713,40743.0309012,0.454982205605,0.452700343347,7.69190495115e-14,544505.45315
35.3694444444,0.379171252251,8.00303649902,0.350389063358,-3.2563079003e-05,5.34062928637e-05,20,20,1.89662480354,-1.15128719807,41.5200233459,42.0000314713,40743.0309012,0.454982205605,0.452700343347,4.15874457802e-14,544505.45315
35.3805555556,0.379171252251,8.00303649902,0.350389063358,-3.2563079003e-05,5.34062928637e-05,20,20,1.89662480354,-1.15128719807,41.5200233459,42.0000314713,40743.0309012,0.454982205605,0.452700343347,1.78177294243e-14,544505.45315
35.3916666667,0.379171252251,8.00303649902,0.350389063358,-3.2563079003e-05,5.34062928637e-05,20,20,1.89662480354,-1.15128719807,41.5200233459,42.0000314713,40743.0309012,0.454982205605,0.452700343347,1.97200345328e-13,544505.45315
35.4027777778,0.379171252251,8.00303649902,0.350389063358,-3.2563079003e-05,5.34062928637e-05,20,20,1.89662480354,-1.15128719807,41.5200233459,42.0000314713,40743.0309012,0.454982205605,0.452700343347,6.69407644648e-14,544505.45315
35.4138888889,0.379171252251,8.00303649902,0.350389063358,-3.2563079003e-05,5.34062928637e-05,20,20,1.89662480354,-1.15128719807,41.5200233459,42.0000314713,40743.0309012,0.454982205605,0.452700343347,1.72056642074e-14,544505.45315
35.425,0.379171252251,8.00303649902,0.350389063358,-3.2563079003e-05,5.34062928637e-05,20,20,1.89662480354,-1.15128719807,41.5200233459,42.0000314713,40743.0309012,0.454982205605,0.452700343347,1.06636151214e-14,544505.45315
35.4361111111,0.379171252251,8.00303649902,0.350389063358,-3.2563079003e-05,5.34062928637e-05,20,20,1.89662480354,-1.15128719807,41.5200233459,42.0000314713,40743.0309012,0.454982205605,0.452700343347,1.62716500408e-14,544505.45315
35.4472222222,0.379171252251,8.00303649902,0.350389063358,-3.2563079003e-05,5.34062928637e-05,20,20,1.89662480354,-1.15128719807,41.5200233459,42.0000314713,40743.0309012,0.454982205605,0.452700343347,1.27263622656e-13,544505.45315
35.4583333333,0.379171252251,8.00303649902,0.350389063358,-3.2563079003e-05,5.34062928637e-05,20,20,1.89662480354,-1.15128719807,41.5200233459,42.0000314713,40743.0309012,0.454982205605,0.452700343347,2.14424669608e-13,544505.45315
35.4694444444,0.379171252251,8.00303649902,0.350389063358,-3.2563079003e-05,5.34062928637e-05,20,20,1.89662480354,-1.15128719807,41.5200233459,42.0000314713,40743.0309012,0.454982205605,0.452700343347,9.81633085038e-14,544505.45315
35.4805555556,0.379171252251,8.00303649902,0.350389063358,-3.2563079003e-05,5.34062928637e-05,20,20,1.89662480354,-1.15128719807,41.5200233459,42.0000314713,40743.0309012,0.454982205605,0.452700343347,1.66560019732e-13,544505.45315
35.4916666667,0.379171252251,8.00303649902,0.350389063358,-3.2563079003e-05,5.34062928637e-05,20,20,1.89662480354,-1.15128719807,41.5200233459,42.0000314713,40743.0309012,0.454982205605,0.452700343347,7.6135920219e-14,544505.45315
35.5027777778,0.379171252251,8.00303649902,0.350389063358,-3.2563079003e-05,5.34062928637e-05,20,20,1.89662480354,-1.15128719807,41.5200233459,42.0000314713,40743.0309012,0.454982205605,0.452700343347,6.19747027754e-14,544505.45315
35.5138888889,0.379171252251,8.00303649902,0.350389063358,-3.2563079003e-05,5.34062928637e-05,20,20,1.89662480354,-1.15128719807,41.5200233459,42.0000314713,40743.0309012,0.454982205605,0.452700343347,2.75497934938e-14,544505.45315
35.525,0.379171252251,8.00303649902,0.350389063358,-3.2563079003e-05,5.34062928637e-05,20,20,1.89662480354,-1.15128719807,41.5200233459,42.0000314713,40743.0309012,0.454982205605,0.452700343347,1.85963186489e-14,544505.45315
35.5361111111,0.379171252251,8.00303649902,0.350389063358,-3.2563079003e-05,5.34062928637e-05,20,20,1.89662480354,-1.15128719807,41.5200233459,42.0000314713,40743.0309012,0.454982205605,0.452700343347,3.13149608966e-14,544505.45315
35.5472222222,0.379171252251,8.00303649902,0.350389063358,-3.2563079003e-05,5.34062928637e-05,20,20,1.89662480354,-1.15128719807,41.5200233459,42.0000314713,40743.0309012,0.454982205605,0.452700343347,1.70177792171e-13,544505.45315
35.5583333333,0.379171252251,8.00303649902,0.350389063358,-3.2563079003e-05,5.34062928637e-05,20,20,1.89662480354,-1.15128719807,41.5200233459,42.0000314713,40743.0309012,0.454982205605,0.452700343347,5.41947672181e-14,544505.45315
35.5694444444,0.379171252251,8.00303649902,0.350389063358,-3.2563079003e-05,5.34062928637e-05,20,20,1.89662480354,-1.15128719807,41.5200233459,42.0000314713,40743.0309012,0.454982205605,0.452700343347,9.53858491622e-14,544505.45315
35.5805555556,0.379171252251,8.00303649902,0.350389063358,-3.2563079003e-05,5.34062928637e-05,20,20,1.89662480354,-1.15128719807,41.5200233459,42.0000314713,40743.0309012,0.454982205605,0.452700343347,4.83695072237e-14,544505.45315
35.5916666667,0.379171252251,8.00303649902,0.350389063358,-3.2563079003e-05,5.34062928637e-05,20,20,1.89662480354,-1.15128719807,41.5200233459,42.0000314713,40743.0309012,0.454982205605,0.452700343347,4.4511667613e-14,544505.45315
35.6027777778,0.379171252251,8.00303649902,0.350389063358,-3.2563079003e-05,5.34062928637e-05,20,20,1.89662480354,-1.15128719807,41.5200233459,42.0000314713,40743.0309012,0.454982205605,0.452700343347,1.25157365271e-13,544505.45315
35.6138888889,0.379171252251,8.00303649902,0.350389063358,-3.2563079003e-05,5.34062928637e-05,20,20,1.89662480354,-1.15128719807,41.5200233459,42.0000314713,40743.0309012,0.454982205605,0.452700343347,1.3396659646e-13,544505.45315
35.625,0.379171252251,8.00303649902,0.350389063358,-3.2563079003e-05,5.34062928637e-05,20,20,1.89662480354,-1.15128719807,41.5200233459,42.0000314713,40743.0309012,0.454982205605,0.452700343347,9.69502319549e-14,544505.45315
35.6361111111,0.379171252251,8.00303649902,0.350389063358,-3.2563079003e-05,5.34062928637e-05,20,20,1.89662480354,-1.15128719807,41.5200233459,42.0000314713,40743.0309012,0.454982205605,0.452700343347,2.26664059453e-14,544505.45315
35.6472222222,0.379171252251,8.00303649902,0.350389063358,-3.2563079003e-05,5.34062928637e-05,20,20,1.89662480354,-1.15128719807,41.5200233459,42.0000314713,40743.0309012,0.454982205605,0.452700343347,2.98051390441e-14,544505.45315
35.6583333333,0.379171252251,8.00303649902,0.350389063358,-3.2563079003e-05,5.34062928637e-05,20,20,1.89662480354,-1.15128719807,41.5200233459,42.0000314713,40743.0309012,0.454982205605,0.452700343347,3.10289475516e-14,544505.45315
35.6694444444,0.379171252251,8.00303649902,0.350389063358,-3.2563079003e-05,5.34062928637e-05,20,20,1.89662480354,-1.15128719807,41.5200233459,42.0000314713,40743.0309012,0.454982205605,0.452700343347,9.23233051017e-14,544505.45315
35.6805555556,0.379171252251,8.00303649902,0.350389063358,-3.2563079003e-05,5.34062928637e-05,20,20,1.89662480354,-1.15128719807,41.5200233459,42.0000314713,40743.0309012,0.454982205605,0.452700343347,8.19497977839e-14,544505.45315
35.6916666667,0.379171252251,8.00303649902,0.350389063358,-3.2563079003e-05,5.34062928637e-05,20,20,1.89662480354,-1.15128719807,41.5200233459,42.0000314713,40743.0309012,0.454982205605,0.452700343347,3.52186890612e-14,544505.45315
35.7027777778,0.379171252251,8.00303649902,0.350389063358,-3.2563079003e-05,5.34062928637e-05,20,20,1.89662480354,-1.15128719807,41.5200233459,42.0000314713,40743.0309012,0.454982205605,0.452700343347,3.1739274547e-13,544505.45315
35.7138888889,0.379171252251,8.00303649902,0.350389063358,-3.2563079003e-05,5.34062928637e-05,20,20,1.89662480354,-1.15128719807,41.5200233459,42.0000314713,40743.0309012,0.454982205605,0.452700343347,8.91836170601e-15,544505.45315
35.725,0.379171252251,8.00303649902,0.350389063358,-3.2563079003e-05,5.34062928637e-05,20,20,1.89662480354,-1.15128719807,41.5200233459,42.0000314713,40743.0309012,0.454982205605,0.452700343347,3.97778140778e-14,544505.45315
35.7361111111,0.379171252251,8.00303649902,0.350389063358,-3.2563079003e-05,5.34062928637e-05,20,20,1.89662480354,-1.15128719807,41.5200233459,42.0000314713,40743.0309012,0.454982205605,0.452700343347,5.95503721018e-14,544505.45315
35.7472222222,0.379171252251,8.00303649902,0.350389063358,-3.2563079003e-05,5.34062928637e-05,20,20,1.89662480354,-1.15128719807,41.5200233459,42.0000314713,40743.0309012,0.454982205605,0.452700343347,5.09457572636e-14,544505.45315
35.7583333333,0.379171252251,8.00303649902,0.350389063358,-3.2563079003e-05,5.34062928637e-05,20,20,1.89662480354,-1.15128719807,41.5200233459,42.0000314713,40743.0309012,0.454982205605,0.452700343347,1.21809992505e-13,544505.45315
35.7694444444,0.379171252251,8.00303649902,0.350389063358,-3.2563079003e-05,5.34062928637e-05,20,20,1.89662480354,-1.15128719807,41.5200233459,42.0000314713,40743.0309012,0.454982205605,0.452700343347,1.53154511805e-13,544505.45315
35.7805555556,0.379171252251,8.00303649902,0.350389063358,-3.2563079003e-05,5.34062928637e-05,20,20,1.89662480354,-1.15128719807,41.5200233459,42.0000314713,40743.0309012,0.454982205605,0.452700343347,1.34056363405e-13,544505.45315
35.7916666667,0.379171252251,8.00303649902,0.350389063358,-3.2563079003e-05,5.34062928637e-05,20,20,1.89662480354,-1.15128719807,41.5200233459,42.0000314713,40743.0309012,0.454982205605,0.452700343347,5.48719438199e-14,544505.45315
35.8027777778,0.379171252251,8.00303649902,0.350389063358,-3.2563079003e-05,5.34062928637e-05,20,20,1.89662480354,-1.15128719807,41.5200233459,42.0000314713,40743.0309012,0.454982205605,0.452700343347,3.79489949158e-14,544505.45315
35.8138888889,0.379171252251,8.00303649902,0.350389063358,-3.2563079003e-05,5.34062928637e-05,20,20,1.89662480354,-1.15128719807,41.5200233459,42.0000314713,40743.0309012,0.454982205605,0.452700343347,1.01024286258e-13,544505.45315
35.825,0.379171252251,8.00303649902,0.350389063358,-3.2563079003e-05,5.34062928637e-05,20,20,1.89662480354,-1.15128719807,41.5200233459,42.0000314713,40743.0309012,0.454982205605,0.452700343347,1.75495422542e-13,544505.45315
35.8361111111,0.379171252251,8.00303649902,0.350389063358,-3.2563079003e-05,5.34062928637e-05,20,20,1.89662480354,-1.15128719807,41.5200233459,42.0000314713,40743.0309012,0.454982205605,0.452700343347,1.46794137395e-13,544505.45315
35.8472222222,0.379171252251,8.00303649902,0.350389063358,-3.2563079003e-05,5.34062928637e-05,20,20,1.89662480354,-1.15128719807,41.5200233459,42.0000314713,40743.0309012,0.454982205605,0.452700343347,1.28846152473e-14,544505.45315
35.8583333333,0.379171252251,8.00303649902,0.350389063358,-3.2563079003e-05,5.34062928637e-05,20,20,1.89662480354,-1.15128719807,41.5200233459,42.0000314713,40743.0309012,0.454982205605,0.452700343347,7.26398123337e-14,544505.45315
35.8694444444,0.379171252251,8.00303649902,0.350389063358,-3.2563079003e-05,5.34062928637e-05,20,20,1.89662480354,-1.15128719807,41.5200233459,42.0000314713,40743.0309012,0.454982205605,0.452700343347,1.04559246315e-13,544505.45315
35.8805555556,0.379171252251,8.00303649902,0.350389063358,-3.2563079003e-05,5.34062928637e-05,20,20,1.89662480354,-1.15128719807,41.5200233459,42.0000314713,40743.0309012,0.454982205605,0.452700343347,7.11069348775e-14,544505.45315
35.8916666667,0.379171252251,8.00303649902,0.350389063358,-3.2563079003e-05,5.34062928637e-05,20,20,1.89662480354,-1.15128719807,41.5200233459,42.0000314713,40743.0309012,0.454982205605,0.452700343347,1.5819761111e-14,544505.45315
35.9027777778,0.379171252251,8.00303649902,0.350389063358,-3.2563079003e-05,5.34062928637e-05,20,20,1.89662480354,-1.15128719807,41.5200233459,42.0000314713,40743.0309012,0.454982205605,0.452700343347,1.64660275666e-14,544505.45315
35.9138888889,0.379171252251,8.00303649902,0.350389063358,-3.2563079003e-05,5.34062928637e-05,20,20,1.89662480354,-1.15128719807,41.5200233459,42.0000314713,40743.0309012,0.454982205605,0.452700343347,9.80379515942e-14,544505.45315
35.925,0.379171252251,8.00303649902,0.350389063358,-3.2563079003e-05,5.34062928637e-05,20,20,1.89662480354,-1.15128719807,41.5200233459,42.0000314713,40743.0309012,0.454982205605,0.452700343347,1.58105142579e-13,544505.45315
35.9361111111,0.379171252251,8.00303649902,0.350389063358,-3.2563079003e-05,5.34062928637e-05,20,20,1.89662480354,-1.15128719807,41.5200233459,42.0000314713,40743.0309012,0.454982205605,0.452700343347,8.60784359036e-14,544505.45315
35.9472222222,0.379171252251,8.00303649902,0.350389063358,-3.2563079003e-05,5.34062928637e-05,20,20,1.89662480354,-1.15128719807,41.5200233459,42.0000314713,40743.0309012,0.454982205605,0.452700343347,5.10852787554e-14,544505.45315
35.9583333333,0.379171252251,8.00303649902,0.350389063358,-3.2563079003e-05,5.34062928637e-05,20,20,1.89662480354,-1.15128719807,41.5200233459,42.0000314713,40743.0309012,0.454982205605,0.452700343347,1.10716603016e-13,544505.45315
35.9694444444,0.379171252251,8.00303649902,0.350389063358,-3.2563079003e-05,5.34062928637e-05,20,20,1.89662480354,-1.15128719807,41.5200233459,42.0000314713,40743.0309012,0.454982205605,0.452700343347,8.15125045239e-14,544505.45315
35.9805555556,0.379171252251,8.00303649902,0.350389063358,-3.2563079003e-05,5.34062928637e-05,20,20,1.89662480354,-1.15128719807,41.5200233459,42.0000314713,40743.0309012,0.454982205605,0.452700343347,1.28472686773e-13,544505.45315
35.9916666667,0.379171252251,8.00303649902,0.350389063358,-3.2563079003e-05,5.34062928637e-05,20,20,1.89662480354,-1.15128719807,41.5200233459,42.0000314713,40743.0309012,0.454982205605,0.452700343347,1.0228787912e-13,544505.45315
36.0027777778,0.379171252251,8.00303649902,0.350389063358,-3.2563079003e-05,5.34062928637e-05,20,20,1.89662480354,-1.15128719807,41.5200233459,42.0000314713,40743.0309012,0.454982205605,0.452700343347,6.79327560421e-14,544505.45315
36.0138888889,0.379171252251,8.00303649902,0.350389063358,-3.2563079003e-05,5.34062928637e-05,20,20,1.89662480354,-1.15128719807,41.5200233459,42.0000314713,40743.0309012,0.454982205605,0.452700343347,8.25048198102e-14,544505.45315
36.025,0.379171252251,8.00303649902,0.350389063358,-3.2563079003e-05,5.34062928637e-05,20,20,1.89662480354,-1.15128719807,41.5200233459,42.0000314713,40743.0309012,0.454982205605,0.452700343347,5.48950204945e-14,544505.45315
36.0361111111,0.379171252251,8.00303649902,0.350389063358,-3.2563079003e-05,5.34062928637e-05,20,20,1.89662480354,-1.15128719807,41.5200233459,42.0000314713,40743.0309012,0.454982205605,0.452700343347,1.44151288975e-13,544505.45315
36.0472222222,0.379171252251,8.00303649902,0.350389063358,-3.2563079003e-05,5.34062928637e-05,20,20,1.89662480354,-1.15128719807,41.5200233459,42.0000314713,40743.0309012,0.454982205605,0.452700343347,2.26453750862e-14,544505.45315
36.0583333333,0.379171252251,8.00303649902,0.350389063358,-3.2563079003e-05,5.34062928637e-05,20,20,1.89662480354,-1.15128719807,41.5200233459,42.0000314713,40743.0309012,0.454982205605,0.452700343347,2.27629004846e-14,544505.45315
36.0694444444,0.379171252251,8.00303649902,0.350389063358,-3.2563079003e-05,5.34062928637e-05,20,20,1.89662480354,-1.15128719807,41.5200233459,42.0000314713,40743.0309012,0.454982205605,0.452700343347,5.55831430977e-14,544505.45315
36.0805555556,0.379171252251,8.00303649902,0.350389063358,-3.2563079003e-05,5.34062928637e-05,20,20,1.89662480354,-1.15128719807,41.5200233459,42.0000314713,40743.0309012,0.454982205605,0.452700343347,5.94529326137e-14,544505.45315
36.0916666667,0.379171252251,8.00303649902,0.350389063358,-3.2563079003e-05,5.34062928637e-05,20,20,1.89662480354,-1.15128719807,41.5200233459,42.0000314713,40743.0309012,0.454982205605,0.452700343347,6.36899130687e-14,544505.45315
36.1027777778,0.379171252251,8.00303649902,0.350389063358,-3.2563079003e-05,5.34062928637e-05,20,20,1.89662480354,-1.15128719807,41.5200233459,42.0000314713,40743.0309012,0.454982205605,0.452700343347,8.42430868091e-14,544505.45315
36.1138888889,0.379171252251,8.00303649902,0.350389063358,-3.2563079003e-05,5.34062928637e-05,20,20,1.89662480354,-1.15128719807,41.5200233459,42.0000314713,40743.0309012,0.454982205605,0.452700343347,6.81183094025e-14,544505.45315
36.125,0.379171252251,8.00303649902,0.350389063358,-3.2563079003e-05,5.34062928637e-05,20,20,1.89662480354,-1.15128719807,41.5200233459,42.0000314713,40743.0309012,0.454982205605,0.452700343347,9.17185860795e-14,544505.45315
36.1361111111,0.379171252251,8.00303649902,0.350389063358,-3.2563079003e-05,5.34062928637e-05,20,20,1.89662480354,-1.15128719807,41.5200233459,42.0000314713,40743.0309012,0.454982205605,0.452700343347,1.59936641101e-13,544505.45315
36.1472222222,0.379171252251,8.00303649902,0.350389063358,-3.2563079003e-05,5.34062928637e-05,20,20,1.89662480354,-1.15128719807,41.5200233459,42.0000314713,40743.0309012,0.454982205605,0.452700343347,3.99833879562e-14,544505.45315
36.1583333333,0.379171252251,8.00303649902,0.350389063358,-3.2563079003e-05,5.34062928637e-05,20,20,1.89662480354,-1.15128719807,41.5200233459,42.0000314713,40743.0309012,0.454982205605,0.452700343347,2.89890374685e-13,544505.45315
36.1694444444,0.379171252251,8.00303649902,0.350389063358,-3.2563079003e-05,5.34062928637e-05,20,20,1.89662480354,-1.15128719807,41.5200233459,42.0000314713,40743.0309012,0.454982205605,0.452700343347,2.8234726827e-13,544505.45315
36.1805555556,0.379171252251,8.00303649902,0.350389063358,-3.2563079003e-05,5.34062928637e-05,20,20,1.89662480354,-1.15128719807,41.5200233459,42.0000314713,40743.0309012,0.454982205605,0.452700343347,5.65170949844e-14,544505.45315
36.1916666667,0.379171252251,8.00303649902,0.350389063358,-3.2563079003e-05,5.34062928637e-05,20,20,1.89662480354,-1.15128719807,41.5200233459,42.0000314713,40743.0309012,0.454982205605,0.452700343347,1.30759776229e-13,544505.45315
36.2027777778,0.379171252251,8.00303649902,0.350389063358,-3.2563079003e-05,5.34062928637e-05,20,20,1.89662480354,-1.15128719807,41.5200233459,42.0000314713,40743.0309012,0.454982205605,0.452700343347,2.59201322267e-13,544505.45315
36.2138888889,0.379171252251,8.00303649902,0.350389063358,-3.2563079003e-05,5.34062928637e-05,20,20,1.89662480354,-1.15128719807,41.5200233459,42.0000314713,40743.0309012,0.454982205605,0.452700343347,1.27043186496e-13,544505.45315
36.225,0.379171252251,8.00303649902,0.350389063358,-3.2563079003e-05,5.34062928637e-05,20,20,1.89662480354,-1.15128719807,41.5200233459,42.0000314713,40743.0309012,0.454982205605,0.452700343347,1.76129956712e-13,544505.45315
36.2361111111,0.379171252251,8.00303649902,0.350389063358,-3.2563079003e-05,5.34062928637e-05,20,20,1.89662480354,-1.15128719807,41.5200233459,42.0000314713,40743.0309012,0.454982205605,0.452700343347,1.8594422791e-13,544505.45315
36.2472222222,0.379171252251,8.00303649902,0.350389063358,-3.2563079003e-05,5.34062928637e-05,20,20,1.89662480354,-1.15128719807,41.5200233459,42.0000314713,40743.0309012,0.454982205605,0.452700343347,5.31091452597e-14,544505.45315
36.2583333333,0.379171252251,8.00303649902,0.350389063358,-3.2563079003e-05,5.34062928637e-05,20,20,1.89662480354,-1.15128719807,41.5200233459,42.0000314713,40743.0309012,0.454982205605,0.452700343347,1.48862065536e-13,544505.45315
36.2694444444,0.379171252251,8.00303649902,0.350389063358,-3.2563079003e-05,5.34062928637e-05,20,20,1.89662480354,-1.15128719807,41.5200233459,42.0000314713,40743.0309012,0.454982205605,0.452700343347,4.6619700818e-14,544505.45315
36.2805555556,0.379171252251,8.00303649902,0.350389063358,-3.2563079003e-05,5.34062928637e-05,20,20,1.89662480354,-1.15128719807,41.5200233459,42.0000314713,40743.0309012,0.454982205605,0.452700343347,8.6387478653e-15,544505.45315
36.2916666667,0.379171252251,8.00303649902,0.350389063358,-3.2563079003e-05,5.34062928637e-05,20,20,1.89662480354,-1.15128719807,41.5200233459,42.0000314713,40743.0309012,0.454982205605,0.452700343347,8.05403141825e-14,544505.45315
36.3027777778,0.379171252251,8.00303649902,0.350389063358,-3.2563079003e-05,5.34062928637e-05,20,20,1.89662480354,-1.15128719807,41.5200233459,42.0000314713,40743.0309012,0.454982205605,0.452700343347,3.80488584549e-14,544505.45315
36.3138888889,0.379171252251,8.00303649902,0.350389063358,-3.2563079003e-05,5.34062928637e-05,20,20,1.89662480354,-1.15128719807,41.5200233459,42.0000314713,40743.0309012,0.454982205605,0.452700343347,2.67894867263e-14,544505.45315
36.325,0.379171252251,8.00303649902,0.350389063358,-3.2563079003e-05,5.34062928637e-05,20,20,1.89662480354,-1.15128719807,41.5200233459,42.0000314713,40743.0309012,0.454982205605,0.452700343347,3.95804880886e-14,544505.45315
36.3361111111,0.379171252251,8.00303649902,0.350389063358,-3.2563079003e-05,5.34062928637e-05,20,20,1.89662480354,-1.15128719807,41.5200233459,42.0000314713,40743.0309012,0.454982205605,0.452700343347,1.05325608383e-13,544505.45315
36.3472222222,0.379171252251,8.00303649902,0.350389063358,-3.2563079003e-05,5.34062928637e-05,20,20,1.89662480354,-1.15128719807,41.5200233459,42.0000314713,40743.0309012,0.454982205605,0.452700343347,7.78700651252e-14,544505.45315
36.3583333333,0.379171252251,8.00303649902,0.350389063358,-3.2563079003e-05,5.34062928637e-05,20,20,1.89662480354,-1.15128719807,41.5200233459,42.0000314713,40743.0309012,0.454982205605,0.452700343347,2.61056183101e-14,544505.45315
36.3694444444,0.379171252251,8.00303649902,0.350389063358,-3.2563079003e-05,5.34062928637e-05,20,20,1.89662480354,-1.15128719807,41.5200233459,42.0000314713,40743.0309012,0.454982205605,0.452700343347,5.85754236929e-15,544505.45315
36.3805555556,0.379171252251,8.00303649902,0.350389063358,-3.2563079003e-05,5.34062928637e-05,20,20,1.89662480354,-1.15128719807,41.5200233459,42.0000314713,40743.0309012,0.454982205605,0.452700343347,1.05147160318e-14,544505.45315
36.3916666667,0.379171252251,8.00303649902,0.350389063358,-3.2563079003e-05,5.34062928637e-05,20,20,1.89662480354,-1.15128719807,41.5200233459,42.0000314713,40743.0309012,0.454982205605,0.452700343347,2.6263204029e-14,544505.45315
36.4027777778,0.379171252251,8.00303649902,0.350389063358,-3.2563079003e-05,5.34062928637e-05,20,20,1.89662480354,-1.15128719807,41.5200233459,42.0000314713,40743.0309012,0.454982205605,0.452700343347,6.01854213374e-14,544505.45315
36.4138888889,0.379171252251,8.00303649902,0.350389063358,-3.2563079003e-05,5.34062928637e-05,20,20,1.89662480354,-1.15128719807,41.5200233459,42.0000314713,40743.0309012,0.454982205605,0.452700343347,1.19191699345e-13,544505.45315
36.425,0.379171252251,8.00303649902,0.350389063358,-3.2563079003e-05,5.34062928637e-05,20,20,1.89662480354,-1.15128719807,41.5200233459,42.0000314713,40743.0309012,0.454982205605,0.452700343347,1.74325992349e-13,544505.45315
36.4361111111,0.379171252251,8.00303649902,0.350389063358,-3.2563079003e-05,5.34062928637e-05,20,20,1.89662480354,-1.15128719807,41.5200233459,42.0000314713,40743.0309012,0.454982205605,0.452700343347,2.01669015232e-13,544505.45315
36.4472222222,0.379171252251,8.00303649902,0.350389063358,-3.2563079003e-05,5.34062928637e-05,20,20,1.89662480354,-1.15128719807,41.5200233459,42.0000314713,40743.0309012,0.454982205605,0.452700343347,2.02652342796e-13,544505.45315
36.4583333333,0.379171252251,8.00303649902,0.350389063358,-3.2563079003e-05,5.34062928637e-05,20,20,1.89662480354,-1.15128719807,41.5200233459,42.0000314713,40743.0309012,0.454982205605,0.452700343347,1.06090540467e-13,544505.45315
36.4694444444,0.379171252251,8.00303649902,0.350389063358,-3.2563079003e-05,5.34062928637e-05,20,20,1.89662480354,-1.15128719807,41.5200233459,42.0000314713,40743.0309012,0.454982205605,0.452700343347,6.14238817409e-14,544505.45315
36.4805555556,0.379171252251,8.00303649902,0.350389063358,-3.2563079003e-05,5.34062928637e-05,20,20,1.89662480354,-1.15128719807,41.5200233459,42.0000314713,40743.0309012,0.454982205605,0.452700343347,7.93242682627e-14,544505.45315
36.4916666667,0.379171252251,8.00303649902,0.350389063358,-3.2563079003e-05,5.34062928637e-05,20,20,1.89662480354,-1.15128719807,41.5200233459,42.0000314713,40743.0309012,0.454982205605,0.452700343347,5.8691018606e-14,544505.45315
36.5027777778,0.379171252251,8.00303649902,0.350389063358,-3.2563079003e-05,5.34062928637e-05,20,20,1.89662480354,-1.15128719807,41.5200233459,42.0000314713,40743.0309012,0.454982205605,0.452700343347,2.12397933403e-14,544505.45315
36.5138888889,0.379171252251,8.00303649902,0.350389063358,-3.2563079003e-05,5.34062928637e-05,20,20,1.89662480354,-1.15128719807,41.5200233459,42.0000314713,40743.0309012,0.454982205605,0.452700343347,5.09051293789e-15,544505.45315
36.525,0.379171252251,8.00303649902,0.350389063358,-3.2563079003e-05,5.34062928637e-05,20,20,1.89662480354,-1.15128719807,41.5200233459,42.0000314713,40743.0309012,0.454982205605,0.452700343347,1.54868367271e-14,544505.45315
36.5361111111,0.379171252251,8.00303649902,0.350389063358,-3.2563079003e-05,5.34062928637e-05,20,20,1.89662480354,-1.15128719807,41.5200233459,42.0000314713,40743.0309012,0.454982205605,0.452700343347,3.17454115065e-15,544505.45315
36.5472222222,0.379171252251,8.00303649902,0.350389063358,-3.2563079003e-05,5.34062928637e-05,20,20,1.89662480354,-1.15128719807,41.5200233459,42.0000314713,40743.0309012,0.454982205605,0.452700343347,5.92460897852e-15,544505.45315
36.5583333333,0.379171252251,8.00303649902,0.350389063358,-3.2563079003e-05,5.34062928637e-05,20,20,1.89662480354,-1.15128719807,41.5200233459,42.0000314713,40743.0309012,0.454982205605,0.452700343347,6.6054442436e-14,544505.45315
36.5694444444,0.379171252251,8.00303649902,0.350389063358,-3.2563079003e-05,5.34062928637e-05,20,20,1.89662480354,-1.15128719807,41.5200233459,42.0000314713,40743.0309012,0.454982205605,0.452700343347,1.00126622131e-13,544505.45315
36.5805555556,0.379171252251,8.00303649902,0.350389063358,-3.2563079003e-05,5.34062928637e-05,20,20,1.89662480354,-1.15128719807,41.5200233459,42.0000314713,40743.0309012,0.454982205605,0.452700343347,7.97447132581e-14,544505.45315
36.5916666667,0.379171252251,8.00303649902,0.350389063358,-3.2563079003e-05,5.34062928637e-05,20,20,1.89662480354,-1.15128719807,41.5200233459,42.0000314713,40743.0309012,0.454982205605,0.452700343347,1.0607741109e-13,544505.45315
36.6027777778,0.379171252251,8.00303649902,0.350389063358,-3.2563079003e-05,5.34062928637e-05,20,20,1.89662480354,-1.15128719807,41.5200233459,42.0000314713,40743.0309012,0.454982205605,0.452700343347,1.12025132448e-13,544505.45315
36.6138888889,0.379171252251,8.00303649902,0.350389063358,-3.2563079003e-05,5.34062928637e-05,20,20,1.89662480354,-1.15128719807,41.5200233459,42.0000314713,40743.0309012,0.454982205605,0.452700343347,1.39250849241e-14,544505.45315
36.625,0.379171252251,8.00303649902,0.350389063358,-3.2563079003e-05,5.34062928637e-05,20,20,1.89662480354,-1.15128719807,41.5200233459,42.0000314713,40743.0309012,0.454982205605,0.452700343347,2.49105590616e-14,544505.45315
36.6361111111,0.379171252251,8.00303649902,0.350389063358,-3.2563079003e-05,5.34062928637e-05,20,20,1.89662480354,-1.15128719807,41.5200233459,42.0000314713,40743.0309012,0.454982205605,0.452700343347,9.15323290758e-15,544505.45315
36.6472222222,0.379171252251,8.00303649902,0.350389063358,-3.2563079003e-05,5.34062928637e-05,20,20,1.89662480354,-1.15128719807,41.5200233459,42.0000314713,40743.0309012,0.454982205605,0.452700343347,5.16719557454e-14,544505.45315
36.6583333333,0.379171252251,8.00303649902,0.350389063358,-3.2563079003e-05,5.34062928637e-05,20,20,1.89662480354,-1.15128719807,41.5200233459,42.0000314713,40743.0309012,0.454982205605,0.452700343347,1.56939259798e-14,544505.45315
36.6694444444,0.379171252251,8.00303649902,0.350389063358,-3.2563079003e-05,5.34062928637e-05,20,20,1.89662480354,-1.15128719807,41.5200233459,42.0000314713,40743.0309012,0.454982205605,0.452700343347,3.98161336269e-14,544505.45315
36.6805555556,0.379171252251,8.00303649902,0.350389063358,-3.2563079003e-05,5.34062928637e-05,20,20,1.89662480354,-1.15128719807,41.5200233459,42.0000314713,40743.0309012,0.454982205605,0.452700343347,2.39923939159e-14,544505.45315
36.6916666667,0.379171252251,8.00303649902,0.350389063358,-3.2563079003e-05,5.34062928637e-05,20,20,1.89662480354,-1.15128719807,41.5200233459,42.0000314713,40743.0309012,0.454982205605,0.452700343347,6.02431115434e-14,544505.45315
36.7027777778,0.379171252251,8.00303649902,0.350389063358,-3.2563079003e-05,5.34062928637e-05,20,20,1.89662480354,-1.15128719807,41.5200233459,42.0000314713,40743.0309012,0.454982205605,0.452700343347,1.94023033641e-14,544505.45315
36.7138888889,0.379171252251,8.00303649902,0.350389063358,-3.2563079003e-05,5.34062928637e-05,20,20,1.89662480354,-1.15128719807,41.5200233459,42.0000314713,40743.0309012,0.454982205605,0.452700343347,6.72119870198e-14,544505.45315
36.725,0.379171252251,8.00303649902,0.350389063358,-3.2563079003e-05,5.34062928637e-05,20,20,1.89662480354,-1.15128719807,41.5200233459,42.0000314713,40743.0309012,0.454982205605,0.452700343347,5.99091702307e-14,544505.45315
36.7361111111,0.379171252251,8.00303649902,0.350389063358,-3.2563079003e-05,5.34062928637e-05,20,20,1.89662480354,-1.15128719807,41.5200233459,42.0000314713,40743.0309012,0.454982205605,0.452700343347,1.64639518759e-13,544505.45315
36.7472222222,0.379171252251,8.00303649902,0.350389063358,-3.2563079003e-05,5.34062928637e-05,20,20,1.89662480354,-1.15128719807,41.5200233459,42.0000314713,40743.0309012,0.454982205605,0.452700343347,1.09191766348e-13,544505.45315
36.7583333333,0.379171252251,8.00303649902,0.350389063358,-3.2563079003e-05,5.34062928637e-05,20,20,1.89662480354,-1.15128719807,41.5200233459,42.0000314713,40743.0309012,0.454982205605,0.452700343347,8.87570293916e-14,544505.45315
36.7694444444,0.379171252251,8.00303649902,0.350389063358,-3.2563079003e-05,5.34062928637e-05,20,20,1.89662480354,-1.15128719807,41.5200233459,42.0000314713,40743.0309012,0.454982205605,0.452700343347,8.15026198532e-15,544505.45315
36.7805555556,0.379171252251,8.00303649902,0.350389063358,-3.2563079003e-05,5.34062928637e-05,20,20,1.89662480354,-1.15128719807,41.5200233459,42.0000314713,40743.0309012,0.454982205605,0.452700343347,3.33956015045e-14,544505.45315
36.7916666667,0.379171252251,8.00303649902,0.350389063358,-3.2563079003e-05,5.34062928637e-05,20,20,1.89662480354,-1.15128719807,41.5200233459,42.0000314713,40743.0309012,0.454982205605,0.452700343347,3.12035262354e-14,544505.45315
36.8027777778,0.379171252251,8.00303649902,0.350389063358,-3.2563079003e-05,5.34062928637e-05,20,20,1.89662480354,-1.15128719807,41.5200233459,42.0000314713,40743.0309012,0.454982205605,0.452700343347,5.15470113263e-14,544505.45315
36.8138888889,0.379171252251,8.00303649902,0.350389063358,-3.2563079003e-05,5.34062928637e-05,20,20,1.89662480354,-1.15128719807,41.5200233459,42.0000314713,40743.0309012,0.454982205605,0.452700343347,2.75323560521e-14,544505.45315
36.825,0.379171252251,8.00303649902,0.350389063358,-3.2563079003e-05,5.34062928637e-05,20,20,1.89662480354,-1.15128719807,41.5200233459,42.0000314713,40743.0309012,0.454982205605,0.452700343347,3.83824733218e-14,544505.45315
36.8361111111,0.379171252251,8.00303649902,0.350389063358,-3.2563079003e-05,5.34062928637e-05,20,20,1.89662480354,-1.15128719807,41.5200233459,42.0000314713,40743.0309012,0.454982205605,0.452700343347,3.62650888775e-14,544505.45315
36.8472222222,0.379171252251,8.00303649902,0.350389063358,-3.2563079003e-05,5.34062928637e-05,20,20,1.89662480354,-1.15128719807,41.5200233459,42.0000314713,40743.0309012,0.454982205605,0.452700343347,5.03768359978e-14,544505.45315
36.8583333333,0.379171252251,8.00303649902,0.350389063358,-3.2563079003e-05,5.34062928637e-05,20,20,1.89662480354,-1.15128719807,41.5200233459,42.0000314713,40743.0309012,0.454982205605,0.452700343347,6.77779590098e-14,544505.45315
36.8694444444,0.379171252251,8.00303649902,0.350389063358,-3.2563079003e-05,5.34062928637e-05,20,20,1.89662480354,-1.15128719807,41.5200233459,42.0000314713,40743.0309012,0.454982205605,0.452700343347,2.40207566111e-14,544505.45315
36.8805555556,0.379171252251,8.00303649902,0.350389063358,-3.2563079003e-05,5.34062928637e-05,20,20,1.89662480354,-1.15128719807,41.5200233459,42.0000314713,40743.0309012,0.454982205605,0.452700343347,3.93888238927e-14,544505.45315
36.8916666667,0.379171252251,8.00303649902,0.350389063358,-3.2563079003e-05,5.34062928637e-05,20,20,1.89662480354,-1.15128719807,41.5200233459,42.0000314713,40743.0309012,0.454982205605,0.452700343347,4.08109895587e-14,544505.45315
36.9027777778,0.379171252251,8.00303649902,0.350389063358,-3.2563079003e-05,5.34062928637e-05,20,20,1.89662480354,-1.15128719807,41.5200233459,42.0000314713,40743.0309012,0.454982205605,0.452700343347,2.2265799303e-14,544505.45315
36.9138888889,0.379171252251,8.00303649902,0.350389063358,-3.2563079003e-05,5.34062928637e-05,20,20,1.89662480354,-1.15128719807,41.5200233459,42.0000314713,40743.0309012,0.454982205605,0.452700343347,7.59521769698e-14,544505.45315
36.925,0.379171252251,8.00303649902,0.350389063358,-3.2563079003e-05,5.34062928637e-05,20,20,1.89662480354,-1.15128719807,41.5200233459,42.0000314713,40743.0309012,0.454982205605,0.452700343347,4.17620510091e-14,544505.45315
36.9361111111,0.379171252251,8.00303649902,0.350389063358,-3.2563079003e-05,5.34062928637e-05,20,20,1.89662480354,-1.15128719807,41.5200233459,42.0000314713,40743.0309012,0.454982205605,0.452700343347,5.47167424285e-15,544505.45315
36.9472222222,0.379171252251,8.00303649902,0.350389063358,-3.2563079003e-05,5.34062928637e-05,20,20,1.89662480354,-1.15128719807,41.5200233459,42.0000314713,40743.0309012,0.454982205605,0.452700343347,8.70581061768e-15,544505.45315
36.9583333333,0.379171252251,8.00303649902,0.350389063358,-3.2563079003e-05,5.34062928637e-05,20,20,1.89662480354,-1.15128719807,41.5200233459,42.0000314713,40743.0309012,0.454982205605,0.452700343347,2.91329496971e-14,544505.45315
36.9694444444,0.379171252251,8.00303649902,0.350389063358,-3.2563079003e-05,5.34062928637e-05,20,20,1.89662480354,-1.15128719807,41.5200233459,42.0000314713,40743.0309012,0.454982205605,0.452700343347,4.60762593123e-14,544505.45315
36.9805555556,0.379171252251,8.00303649902,0.350389063358,-3.2563079003e-05,5.34062928637e-05,20,20,1.89662480354,-1.15128719807,41.5200233459,42.0000314713,40743.0309012,0.454982205605,0.452700343347,2.19816639091e-14,544505.45315
36.9916666667,0.379171252251,8.00303649902,0.350389063358,-3.2563079003e-05,5.34062928637e-05,20,20,1.89662480354,-1.15128719807,41.5200233459,42.0000314713,40743.0309012,0.454982205605,0.452700343347,8.1884174247e-14,544505.45315
37.0027777778,0.379171252251,8.00303649902,0.350389063358,-3.2563079003e-05,5.34062928637e-05,20,20,1.89662480354,-1.15128719807,41.5200233459,42.0000314713,40743.0309012,0.454982205605,0.452700343347,9.28218267065e-14,544505.45315
37.0138888889,0.379171252251,8.00303649902,0.350389063358,-3.2563079003e-05,5.34062928637e-05,20,20,1.89662480354,-1.15128719807,41.5200233459,42.0000314713,40743.0309012,0.454982205605,0.452700343347,9.87026983381e-14,544505.45315
37.025,0.379171252251,8.00303649902,0.350389063358,-3.2563079003e-05,5.34062928637e-05,20,20,1.89662480354,-1.15128719807,41.5200233459,42.0000314713,40743.0309012,0.454982205605,0.452700343347,3.86022613144e-14,544505.45315
37.0361111111,0.379171252251,8.00303649902,0.350389063358,-3.2563079003e-05,5.34062928637e-05,20,20,1.89662480354,-1.15128719807,41.5200233459,42.0000314713,40743.0309012,0.454982205605,0.452700343347,3.15433615361e-14,544505.45315
37.0472222222,0.379171252251,8.00303649902,0.350389063358,-3.2563079003e-05,5.34062928637e-05,20,20,1.89662480354,-1.15128719807,41.5200233459,42.0000314713,40743.0309012,0.454982205605,0.452700343347,6.50432086767e-14,544505.45315
37.0583333333,0.379171252251,8.00303649902,0.350389063358,-3.2563079003e-05,5.34062928637e-05,20,20,1.89662480354,-1.15128719807,41.5200233459,42.0000314713,40743.0309012,0.454982205605,0.452700343347,8.10800382774e-14,544505.45315
37.0694444444,0.379171252251,8.00303649902,0.350389063358,-3.2563079003e-05,5.34062928637e-05,20,20,1.89662480354,-1.15128719807,41.5200233459,42.0000314713,40743.0309012,0.454982205605,0.452700343347,7.4332144575e-14,544505.45315
37.0805555556,0.379171252251,8.00303649902,0.350389063358,-3.2563079003e-05,5.34062928637e-05,20,20,1.89662480354,-1.15128719807,41.5200233459,42.0000314713,40743.0309012,0.454982205605,0.452700343347,1.49747447219e-14,544505.45315
37.0916666667,0.379171252251,8.00303649902,0.350389063358,-3.2563079003e-05,5.34062928637e-05,20,20,1.89662480354,-1.15128719807,41.5200233459,42.0000314713,40743.0309012,0.454982205605,0.452700343347,5.39285223614e-14,544505.45315
37.1027777778,0.379171252251,8.00303649902,0.350389063358,-3.2563079003e-05,5.34062928637e-05,20,20,1.89662480354,-1.15128719807,41.5200233459,42.0000314713,40743.0309012,0.454982205605,0.452700343347,2.79180289093e-14,544505.45315
37.1138888889,0.379171252251,8.00303649902,0.350389063358,-3.2563079003e-05,5.34062928637e-05,20,20,1.89662480354,-1.15128719807,41.5200233459,42.0000314713,40743.0309012,0.454982205605,0.452700343347,4.13430155319e-14,544505.45315
37.125,0.379171252251,8.00303649902,0.350389063358,-3.2563079003e-05,5.34062928637e-05,20,20,1.89662480354,-1.15128719807,41.5200233459,42.0000314713,40743.0309012,0.454982205605,0.452700343347,1.47226750021e-13,544505.45315
37.1361111111,0.379171252251,8.00303649902,0.350389063358,-3.2563079003e-05,5.34062928637e-05,20,20,1.89662480354,-1.15128719807,41.5200233459,42.0000314713,40743.0309012,0.454982205605,0.452700343347,6.40541256281e-14,544505.45315
37.1472222222,0.379171252251,8.00303649902,0.350389063358,-3.2563079003e-05,5.34062928637e-05,20,20,1.89662480354,-1.15128719807,41.5200233459,42.0000314713,40743.0309012,0.454982205605,0.452700343347,5.63571615591e-14,544505.45315
37.1583333333,0.379171252251,8.00303649902,0.350389063358,-3.2563079003e-05,5.34062928637e-05,20,20,1.89662480354,-1.15128719807,41.5200233459,42.0000314713,40743.0309012,0.454982205605,0.452700343347,1.03140774435e-13,544505.45315
37.1694444444,0.379171252251,8.00303649902,0.350389063358,-3.2563079003e-05,5.34062928637e-05,20,20,1.89662480354,-1.15128719807,41.5200233459,42.0000314713,40743.0309012,0.454982205605,0.452700343347,5.23429328028e-14,544505.45315
37.1805555556,0.379171252251,8.00303649902,0.350389063358,-3.2563079003e-05,5.34062928637e-05,20,20,1.89662480354,-1.15128719807,41.5200233459,42.0000314713,40743.0309012,0.454982205605,0.452700343347,5.38724458749e-14,544505.45315
37.1916666667,0.379171252251,8.00303649902,0.350389063358,-3.2563079003e-05,5.34062928637e-05,20,20,1.89662480354,-1.15128719807,41.5200233459,42.0000314713,40743.0309012,0.454982205605,0.452700343347,5.57379222218e-14,544505.45315
37.2027777778,0.379171252251,8.00303649902,0.350389063358,-3.2563079003e-05,5.34062928637e-05,20,20,1.89662480354,-1.15128719807,41.5200233459,42.0000314713,40743.0309012,0.454982205605,0.452700343347,2.62098039821e-14,544505.45315
37.2138888889,0.379171252251,8.00303649902,0.350389063358,-3.2563079003e-05,5.34062928637e-05,20,20,1.89662480354,-1.15128719807,41.5200233459,42.0000314713,40743.0309012,0.454982205605,0.452700343347,2.35870959911e-14,544505.45315
37.225,0.379171252251,8.00303649902,0.350389063358,-3.2563079003e-05,5.34062928637e-05,20,20,1.89662480354,-1.15128719807,41.5200233459,42.0000314713,40743.0309012,0.454982205605,0.452700343347,1.99269783209e-14,544505.45315
37.2361111111,0.379171252251,8.00303649902,0.350389063358,-3.2563079003e-05,5.34062928637e-05,20,20,1.89662480354,-1.15128719807,41.5200233459,42.0000314713,40743.0309012,0.454982205605,0.452700343347,1.58783723637e-14,544505.45315
37.2472222222,0.379171252251,8.00303649902,0.350389063358,-3.2563079003e-05,5.34062928637e-05,20,20,1.89662480354,-1.15128719807,41.5200233459,42.0000314713,40743.0309012,0.454982205605,0.452700343347,1.47142710061e-14,544505.45315
37.2583333333,0.379171252251,8.00303649902,0.350389063358,-3.2563079003e-05,5.34062928637e-05,20,20,1.89662480354,-1.15128719807,41.5200233459,42.0000314713,40743.0309012,0.454982205605,0.452700343347,2.28915477957e-14,544505.45315
37.2694444444,0.379171252251,8.00303649902,0.350389063358,-3.2563079003e-05,5.34062928637e-05,20,20,1.89662480354,-1.15128719807,41.5200233459,42.0000314713,40743.0309012,0.454982205605,0.452700343347,1.13535825119e-14,544505.45315
37.2805555556,0.379171252251,8.00303649902,0.350389063358,-3.2563079003e-05,5.34062928637e-05,20,20,1.89662480354,-1.15128719807,41.5200233459,42.0000314713,40743.0309012,0.454982205605,0.452700343347,3.81997649601e-14,544505.45315
37.2916666667,0.379171252251,8.00303649902,0.350389063358,-3.2563079003e-05,5.34062928637e-05,20,20,1.89662480354,-1.15128719807,41.5200233459,42.0000314713,40743.0309012,0.454982205605,0.452700343347,9.15898498892e-15,544505.45315
37.3027777778,0.379171252251,8.00303649902,0.350389063358,-3.2563079003e-05,5.34062928637e-05,20,20,1.89662480354,-1.15128719807,41.5200233459,42.0000314713,40743.0309012,0.454982205605,0.452700343347,7.85280946091e-14,544505.45315
37.3138888889,0.379171252251,8.00303649902,0.350389063358,-3.2563079003e-05,5.34062928637e-05,20,20,1.89662480354,-1.15128719807,41.5200233459,42.0000314713,40743.0309012,0.454982205605,0.452700343347,7.73093649564e-14,544505.45315
37.325,0.379171252251,8.00303649902,0.350389063358,-3.2563079003e-05,5.34062928637e-05,20,20,1.89662480354,-1.15128719807,41.5200233459,42.0000314713,40743.0309012,0.454982205605,0.452700343347,5.46096537148e-14,544505.45315
37.3361111111,0.379171252251,8.00303649902,0.350389063358,-3.2563079003e-05,5.34062928637e-05,20,20,1.89662480354,-1.15128719807,41.5200233459,42.0000314713,40743.0309012,0.454982205605,0.452700343347,6.08111523823e-15,544505.45315
37.3472222222,0.379171252251,8.00303649902,0.350389063358,-3.2563079003e-05,5.34062928637e-05,20,20,1.89662480354,-1.15128719807,41.5200233459,42.0000314713,40743.0309012,0.454982205605,0.452700343347,5.69574278283e-14,544505.45315
37.3583333333,0.379171252251,8.00303649902,0.350389063358,-3.2563079003e-05,5.34062928637e-05,20,20,1.89662480354,-1.15128719807,41.5200233459,42.0000314713,40743.0309012,0.454982205605,0.452700343347,2.4871836769e-14,544505.45315
37.3694444444,0.379171252251,8.00303649902,0.350389063358,-3.2563079003e-05,5.34062928637e-05,20,20,1.89662480354,-1.15128719807,41.5200233459,42.0000314713,40743.0309012,0.454982205605,0.452700343347,5.75014436544e-14,544505.45315
37.3805555556,0.379171252251,8.00303649902,0.350389063358,-3.2563079003e-05,5.34062928637e-05,20,20,1.89662480354,-1.15128719807,41.5200233459,42.0000314713,40743.0309012,0.454982205605,0.452700343347,1.32392274614e-14,544505.45315
37.3916666667,0.379171252251,8.00303649902,0.350389063358,-3.2563079003e-05,5.34062928637e-05,20,20,1.89662480354,-1.15128719807,41.5200233459,42.0000314713,40743.0309012,0.454982205605,0.452700343347,2.51182725128e-14,544505.45315
37.4027777778,0.379171252251,8.00303649902,0.350389063358,-3.2563079003e-05,5.34062928637e-05,20,20,1.89662480354,-1.15128719807,41.5200233459,42.0000314713,40743.0309012,0.454982205605,0.452700343347,9.54690854481e-15,544505.45315
37.4138888889,0.379171252251,8.00303649902,0.350389063358,-3.2563079003e-05,5.34062928637e-05,20,20,1.89662480354,-1.15128719807,41.5200233459,42.0000314713,40743.0309012,0.454982205605,0.452700343347,5.64818988417e-15,544505.45315
37.425,0.379171252251,8.00303649902,0.350389063358,-3.2563079003e-05,5.34062928637e-05,20,20,1.89662480354,-1.15128719807,41.5200233459,42.0000314713,40743.0309012,0.454982205605,0.452700343347,1.25910047537e-14,544505.45315
37.4361111111,0.379171252251,8.00303649902,0.350389063358,-3.2563079003e-05,5.34062928637e-05,20,20,1.89662480354,-1.15128719807,41.5200233459,42.0000314713,40743.0309012,0.454982205605,0.452700343347,7.18183105888e-14,544505.45315
37.4472222222,0.379171252251,8.00303649902,0.350389063358,-3.2563079003e-05,5.34062928637e-05,20,20,1.89662480354,-1.15128719807,41.5200233459,42.0000314713,40743.0309012,0.454982205605,0.452700343347,3.28956086873e-14,544505.45315
37.4583333333,0.379171252251,8.00303649902,0.350389063358,-3.2563079003e-05,5.34062928637e-05,20,20,1.89662480354,-1.15128719807,41.5200233459,42.0000314713,40743.0309012,0.454982205605,0.452700343347,7.24323656129e-14,544505.45315
37.4694444444,0.379171252251,8.00303649902,0.350389063358,-3.2563079003e-05,5.34062928637e-05,20,20,1.89662480354,-1.15128719807,41.5200233459,42.0000314713,40743.0309012,0.454982205605,0.452700343347,4.15251947027e-14,544505.45315
37.4805555556,0.379171252251,8.00303649902,0.350389063358,-3.2563079003e-05,5.34062928637e-05,20,20,1.89662480354,-1.15128719807,41.5200233459,42.0000314713,40743.0309012,0.454982205605,0.452700343347,7.46490147472e-14,544505.45315
37.4916666667,0.379171252251,8.00303649902,0.350389063358,-3.2563079003e-05,5.34062928637e-05,20,20,1.89662480354,-1.15128719807,41.5200233459,42.0000314713,40743.0309012,0.454982205605,0.452700343347,5.43514956619e-14,544505.45315
37.5027777778,0.379171252251,8.00303649902,0.350389063358,-3.2563079003e-05,5.34062928637e-05,20,20,1.89662480354,-1.15128719807,41.5200233459,42.0000314713,40743.0309012,0.454982205605,0.452700343347,1.82056039128e-13,544505.45315
37.5138888889,0.379171252251,8.00303649902,0.350389063358,-3.2563079003e-05,5.34062928637e-05,20,20,1.89662480354,-1.15128719807,41.5200233459,42.0000314713,40743.0309012,0.454982205605,0.452700343347,1.4895435425e-13,544505.45315
37.525,0.379171252251,8.00303649902,0.350389063358,-3.2563079003e-05,5.34062928637e-05,20,20,1.89662480354,-1.15128719807,41.5200233459,42.0000314713,40743.0309012,0.454982205605,0.452700343347,4.49186732274e-14,544505.45315
37.5361111111,0.379171252251,8.00303649902,0.350389063358,-3.2563079003e-05,5.34062928637e-05,20,20,1.89662480354,-1.15128719807,41.5200233459,42.0000314713,40743.0309012,0.454982205605,0.452700343347,2.92397911051e-14,544505.45315
37.5472222222,0.379171252251,8.00303649902,0.350389063358,-3.2563079003e-05,5.34062928637e-05,20,20,1.89662480354,-1.15128719807,41.5200233459,42.0000314713,40743.0309012,0.454982205605,0.452700343347,1.48658367705e-14,544505.45315
37.5583333333,0.379171252251,8.00303649902,0.350389063358,-3.2563079003e-05,5.34062928637e-05,20,20,1.89662480354,-1.15128719807,41.5200233459,42.0000314713,40743.0309012,0.454982205605,0.452700343347,2.12347485238e-14,544505.45315
37.5694444444,0.379171252251,8.00303649902,0.350389063358,-3.2563079003e-05,5.34062928637e-05,20,20,1.89662480354,-1.15128719807,41.5200233459,42.0000314713,40743.0309012,0.454982205605,0.452700343347,2.05987411973e-14,544505.45315
37.5805555556,0.379171252251,8.00303649902,0.350389063358,-3.2563079003e-05,5.34062928637e-05,20,20,1.89662480354,-1.15128719807,41.5200233459,42.0000314713,40743.0309012,0.454982205605,0.452700343347,2.9143086599e-14,544505.45315
37.5916666667,0.379171252251,8.00303649902,0.350389063358,-3.2563079003e-05,5.34062928637e-05,20,20,1.89662480354,-1.15128719807,41.5200233459,42.0000314713,40743.0309012,0.454982205605,0.452700343347,3.07099022236e-14,544505.45315
37.6027777778,0.379171252251,8.00303649902,0.350389063358,-3.2563079003e-05,5.34062928637e-05,20,20,1.89662480354,-1.15128719807,41.5200233459,42.0000314713,40743.0309012,0.454982205605,0.452700343347,2.72047647199e-14,544505.45315
37.6138888889,0.379171252251,8.00303649902,0.350389063358,-3.2563079003e-05,5.34062928637e-05,20,20,1.89662480354,-1.15128719807,41.5200233459,42.0000314713,40743.0309012,0.454982205605,0.452700343347,1.32372769528e-14,544505.45315
37.625,0.379171252251,8.00303649902,0.350389063358,-3.2563079003e-05,5.34062928637e-05,20,20,1.89662480354,-1.15128719807,41.5200233459,42.0000314713,40743.0309012,0.454982205605,0.452700343347,3.45249546347e-14,544505.45315
37.6361111111,0.379171252251,8.00303649902,0.350389063358,-3.2563079003e-05,5.34062928637e-05,20,20,1.89662480354,-1.15128719807,41.5200233459,42.0000314713,40743.0309012,0.454982205605,0.452700343347,1.4464092805e-14,544505.45315
37.6472222222,0.379171252251,8.00303649902,0.350389063358,-3.2563079003e-05,5.34062928637e-05,20,20,1.89662480354,-1.15128719807,41.5200233459,42.0000314713,40743.0309012,0.454982205605,0.452700343347,9.69406580312e-14,544505.45315
37.6583333333,0.379171252251,8.00303649902,0.350389063358,-3.2563079003e-05,5.34062928637e-05,20,20,1.89662480354,-1.15128719807,41.5200233459,42.0000314713,40743.0309012,0.454982205605,0.452700343347,1.42475401204e-13,544505.45315
37.6694444444,0.379171252251,8.00303649902,0.350389063358,-3.2563079003e-05,5.34062928637e-05,20,20,1.89662480354,-1.15128719807,41.5200233459,42.0000314713,40743.0309012,0.454982205605,0.452700343347,1.03599467718e-13,544505.45315
37.6805555556,0.379171252251,8.00303649902,0.350389063358,-3.2563079003e-05,5.34062928637e-05,20,20,1.89662480354,-1.15128719807,41.5200233459,42.0000314713,40743.0309012,0.454982205605,0.452700343347,5.10816879333e-14,544505.45315
37.6916666667,0.379171252251,8.00303649902,0.350389063358,-3.2563079003e-05,5.34062928637e-05,20,20,1.89662480354,-1.15128719807,41.5200233459,42.0000314713,40743.0309012,0.454982205605,0.452700343347,7.49870837998e-14,544505.45315
37.7027777778,0.379171252251,8.00303649902,0.350389063358,-3.2563079003e-05,5.34062928637e-05,20,20,1.89662480354,-1.15128719807,41.5200233459,42.0000314713,40743.0309012,0.454982205605,0.452700343347,5.30980292496e-15,544505.45315
37.7138888889,0.379171252251,8.00303649902,0.350389063358,-3.2563079003e-05,5.34062928637e-05,20,20,1.89662480354,-1.15128719807,41.5200233459,42.0000314713,40743.0309012,0.454982205605,0.452700343347,8.06299443641e-14,544505.45315
37.725,0.379171252251,8.00303649902,0.350389063358,-3.2563079003e-05,5.34062928637e-05,20,20,1.89662480354,-1.15128719807,41.5200233459,42.0000314713,40743.0309012,0.454982205605,0.452700343347,6.65478171836e-15,544505.45315
37.7361111111,0.379171252251,8.00303649902,0.350389063358,-3.2563079003e-05,5.34062928637e-05,20,20,1.89662480354,-1.15128719807,41.5200233459,42.0000314713,40743.0309012,0.454982205605,0.452700343347,5.04106166748e-14,544505.45315
37.7472222222,0.379171252251,8.00303649902,0.350389063358,-3.2563079003e-05,5.34062928637e-05,20,20,1.89662480354,-1.15128719807,41.5200233459,42.0000314713,40743.0309012,0.454982205605,0.452700343347,7.18909353952e-14,544505.45315
37.7583333333,0.379171252251,8.00303649902,0.350389063358,-3.2563079003e-05,5.34062928637e-05,20,20,1.89662480354,-1.15128719807,41.5200233459,42.0000314713,40743.0309012,0.454982205605,0.452700343347,4.63263627488e-14,544505.45315
37.7694444444,0.379171252251,8.00303649902,0.350389063358,-3.2563079003e-05,5.34062928637e-05,20,20,1.89662480354,-1.15128719807,41.5200233459,42.0000314713,40743.0309012,0.454982205605,0.452700343347,4.19204519449e-14,544505.45315
37.7805555556,0.379171252251,8.00303649902,0.350389063358,-3.2563079003e-05,5.34062928637e-05,20,20,1.89662480354,-1.15128719807,41.5200233459,42.0000314713,40743.0309012,0.454982205605,0.452700343347,1.41771990888e-14,544505.45315
37.7916666667,0.379171252251,8.00303649902,0.350389063358,-3.2563079003e-05,5.34062928637e-05,20,20,1.89662480354,-1.15128719807,41.5200233459,42.0000314713,40743.0309012,0.454982205605,0.452700343347,1.32412186401e-14,544505.45315
37.8027777778,0.379171252251,8.00303649902,0.350389063358,-3.2563079003e-05,5.34062928637e-05,20,20,1.89662480354,-1.15128719807,41.5200233459,42.0000314713,40743.0309012,0.454982205605,0.452700343347,4.46999984166e-15,544505.45315
37.8138888889,0.379171252251,8.00303649902,0.350389063358,-3.2563079003e-05,5.34062928637e-05,20,20,1.89662480354,-1.15128719807,41.5200233459,42.0000314713,40743.0309012,0.454982205605,0.452700343347,9.28199852889e-15,544505.45315
37.825,0.379171252251,8.00303649902,0.350389063358,-3.2563079003e-05,5.34062928637e-05,20,20,1.89662480354,-1.15128719807,41.5200233459,42.0000314713,40743.0309012,0.454982205605,0.452700343347,5.67467452783e-14,544505.45315
37.8361111111,0.379171252251,8.00303649902,0.350389063358,-3.2563079003e-05,5.34062928637e-05,20,20,1.89662480354,-1.15128719807,41.5200233459,42.0000314713,40743.0309012,0.454982205605,0.452700343347,1.07987971829e-13,544505.45315
37.8472222222,0.379171252251,8.00303649902,0.350389063358,-3.2563079003e-05,5.34062928637e-05,20,20,1.89662480354,-1.15128719807,41.5200233459,42.0000314713,40743.0309012,0.454982205605,0.452700343347,2.10016791051e-13,544505.45315
37.8583333333,0.379171252251,8.00303649902,0.350389063358,-3.2563079003e-05,5.34062928637e-05,20,20,1.89662480354,-1.15128719807,41.5200233459,42.0000314713,40743.0309012,0.454982205605,0.452700343347,1.83247957821e-13,544505.45315
37.8694444444,0.379171252251,8.00303649902,0.350389063358,-3.2563079003e-05,5.34062928637e-05,20,20,1.89662480354,-1.15128719807,41.5200233459,42.0000314713,40743.0309012,0.454982205605,0.452700343347,1.74255475838e-13,544505.45315
37.8805555556,0.379171252251,8.00303649902,0.350389063358,-3.2563079003e-05,5.34062928637e-05,20,20,1.89662480354,-1.15128719807,41.5200233459,42.0000314713,40743.0309012,0.454982205605,0.452700343347,1.0351389544e-13,544505.45315
37.8916666667,0.379171252251,8.00303649902,0.350389063358,-3.2563079003e-05,5.34062928637e-05,20,20,1.89662480354,-1.15128719807,41.5200233459,42.0000314713,40743.0309012,0.454982205605,0.452700343347,4.2101903018e-14,544505.45315
37.9027777778,0.379171252251,8.00303649902,0.350389063358,-3.2563079003e-05,5.34062928637e-05,20,20,1.89662480354,-1.15128719807,41.5200233459,42.0000314713,40743.0309012,0.454982205605,0.452700343347,3.08396240581e-14,544505.45315
37.9138888889,0.379171252251,8.00303649902,0.350389063358,-3.2563079003e-05,5.34062928637e-05,20,20,1.89662480354,-1.15128719807,41.5200233459,42.0000314713,40743.0309012,0.454982205605,0.452700343347,4.82682863622e-14,544505.45315
37.925,0.379171252251,8.00303649902,0.350389063358,-3.2563079003e-05,5.34062928637e-05,20,20,1.89662480354,-1.15128719807,41.5200233459,42.0000314713,40743.0309012,0.454982205605,0.452700343347,5.40864311454e-14,544505.45315
37.9361111111,0.379171252251,8.00303649902,0.350389063358,-3.2563079003e-05,5.34062928637e-05,20,20,1.89662480354,-1.15128719807,41.5200233459,42.0000314713,40743.0309012,0.454982205605,0.452700343347,3.72961010753e-14,544505.45315
37.9472222222,0.379171252251,8.00303649902,0.350389063358,-3.2563079003e-05,5.34062928637e-05,20,20,1.89662480354,-1.15128719807,41.5200233459,42.0000314713,40743.0309012,0.454982205605,0.452700343347,4.01702577737e-14,544505.45315
37.9583333333,0.379171252251,8.00303649902,0.350389063358,-3.2563079003e-05,5.34062928637e-05,20,20,1.89662480354,-1.15128719807,41.5200233459,42.0000314713,40743.0309012,0.454982205605,0.452700343347,1.69218921409e-13,544505.45315
37.9694444444,0.379171252251,8.00303649902,0.350389063358,-3.2563079003e-05,5.34062928637e-05,20,20,1.89662480354,-1.15128719807,41.5200233459,42.0000314713,40743.0309012,0.454982205605,0.452700343347,2.06510407261e-13,544505.45315
37.9805555556,0.379171252251,8.00303649902,0.350389063358,-3.2563079003e-05,5.34062928637e-05,20,20,1.89662480354,-1.15128719807,41.5200233459,42.0000314713,40743.0309012,0.454982205605,0.452700343347,2.29003732878e-13,544505.45315
37.9916666667,0.379171252251,8.00303649902,0.350389063358,-3.2563079003e-05,5.34062928637e-05,20,20,1.89662480354,-1.15128719807,41.5200233459,42.0000314713,40743.0309012,0.454982205605,0.452700343347,7.90587863277e-14,544505.45315
38.0027777778,0.379171252251,8.00303649902,0.350389063358,-3.2563079003e-05,5.34062928637e-05,20,20,1.89662480354,-1.15128719807,41.5200233459,42.0000314713,40743.0309012,0.454982205605,0.452700343347,1.33226577497e-13,544505.45315
38.0138888889,0.379171252251,8.00303649902,0.350389063358,-3.2563079003e-05,5.34062928637e-05,20,20,1.89662480354,-1.15128719807,41.5200233459,42.0000314713,40743.0309012,0.454982205605,0.452700343347,5.27628593272e-14,544505.45315
38.025,0.379171252251,8.00303649902,0.350389063358,-3.2563079003e-05,5.34062928637e-05,20,20,1.89662480354,-1.15128719807,41.5200233459,42.0000314713,40743.0309012,0.454982205605,0.452700343347,8.0967530943e-14,544505.45315
38.0361111111,0.379171252251,8.00303649902,0.350389063358,-3.2563079003e-05,5.34062928637e-05,20,20,1.89662480354,-1.15128719807,41.5200233459,42.0000314713,40743.0309012,0.454982205605,0.452700343347,2.83399134115e-13,544505.45315
38.0472222222,0.379171252251,8.00303649902,0.350389063358,-3.2563079003e-05,5.34062928637e-05,20,20,1.89662480354,-1.15128719807,41.5200233459,42.0000314713,40743.0309012,0.454982205605,0.452700343347,3.02687881841e-13,544505.45315
38.0583333333,0.379171252251,8.00303649902,0.350389063358,-3.2563079003e-05,5.34062928637e-05,20,20,1.89662480354,-1.15128719807,41.5200233459,42.0000314713,40743.0309012,0.454982205605,0.452700343347,1.64395613553e-13,544505.45315
38.0694444444,0.379171252251,8.00303649902,0.350389063358,-3.2563079003e-05,5.34062928637e-05,20,20,1.89662480354,-1.15128719807,41.5200233459,42.0000314713,40743.0309012,0.454982205605,0.452700343347,1.88741868297e-13,544505.45315
38.0805555556,0.379171252251,8.00303649902,0.350389063358,-3.2563079003e-05,5.34062928637e-05,20,20,1.89662480354,-1.15128719807,41.5200233459,42.0000314713,40743.0309012,0.454982205605,0.452700343347,2.6766473676e-14,544505.45315
38.0916666667,0.379171252251,8.00303649902,0.350389063358,-3.2563079003e-05,5.34062928637e-05,20,20,1.89662480354,-1.15128719807,41.5200233459,42.0000314713,40743.0309012,0.454982205605,0.452700343347,3.29195842829e-14,544505.45315
38.1027777778,0.379171252251,8.00303649902,0.350389063358,-3.2563079003e-05,5.34062928637e-05,20,20,1.89662480354,-1.15128719807,41.5200233459,42.0000314713,40743.0309012,0.454982205605,0.452700343347,5.46982886822e-14,544505.45315
38.1138888889,0.379171252251,8.00303649902,0.350389063358,-3.2563079003e-05,5.34062928637e-05,20,20,1.89662480354,-1.15128719807,41.5200233459,42.0000314713,40743.0309012,0.454982205605,0.452700343347,1.57451140017e-13,544505.45315
38.125,0.379171252251,8.00303649902,0.350389063358,-3.2563079003e-05,5.34062928637e-05,20,20,1.89662480354,-1.15128719807,41.5200233459,42.0000314713,40743.0309012,0.454982205605,0.452700343347,4.22003485547e-13,544505.45315
38.1361111111,0.379171252251,8.00303649902,0.350389063358,-3.2563079003e-05,5.34062928637e-05,20,20,1.89662480354,-1.15128719807,41.5200233459,42.0000314713,40743.0309012,0.454982205605,0.452700343347,5.18925213976e-13,544505.45315
38.1472222222,0.379171252251,8.00303649902,0.350389063358,-3.2563079003e-05,5.34062928637e-05,20,20,1.89662480354,-1.15128719807,41.5200233459,42.0000314713,40743.0309012,0.454982205605,0.452700343347,4.03693588279e-13,544505.45315
38.1583333333,0.379171252251,8.00303649902,0.350389063358,-3.2563079003e-05,5.34062928637e-05,20,20,1.89662480354,-1.15128719807,41.5200233459,42.0000314713,40743.0309012,0.454982205605,0.452700343347,1.7830004021e-13,544505.45315
38.1694444444,0.379171252251,8.00303649902,0.350389063358,-3.2563079003e-05,5.34062928637e-05,20,20,1.89662480354,-1.15128719807,41.5200233459,42.0000314713,40743.0309012,0.454982205605,0.452700343347,5.2575598142e-14,544505.45315
38.1805555556,0.379171252251,8.00303649902,0.350389063358,-3.2563079003e-05,5.34062928637e-05,20,20,1.89662480354,-1.15128719807,41.5200233459,42.0000314713,40743.0309012,0.454982205605,0.452700343347,4.21228105202e-14,544505.45315
38.1916666667,0.379171252251,8.00303649902,0.350389063358,-3.2563079003e-05,5.34062928637e-05,20,20,1.89662480354,-1.15128719807,41.5200233459,42.0000314713,40743.0309012,0.454982205605,0.452700343347,2.15303462558e-14,544505.45315
38.2027777778,0.379171252251,8.00303649902,0.350389063358,-3.2563079003e-05,5.34062928637e-05,20,20,1.89662480354,-1.15128719807,41.5200233459,42.0000314713,40743.0309012,0.454982205605,0.452700343347,3.81160313709e-14,544505.45315
38.2138888889,0.379171252251,8.00303649902,0.350389063358,-3.2563079003e-05,5.34062928637e-05,20,20,1.89662480354,-1.15128719807,41.5200233459,42.0000314713,40743.0309012,0.454982205605,0.452700343347,1.22066120675e-13,544505.45315
38.225,0.379171252251,8.00303649902,0.350389063358,-3.2563079003e-05,5.34062928637e-05,20,20,1.89662480354,-1.15128719807,41.5200233459,42.0000314713,40743.0309012,0.454982205605,0.452700343347,1.18691206723e-13,544505.45315
38.2361111111,0.379171252251,8.00303649902,0.350389063358,-3.2563079003e-05,5.34062928637e-05,20,20,1.89662480354,-1.15128719807,41.5200233459,42.0000314713,40743.0309012,0.454982205605,0.452700343347,1.28934264119e-13,544505.45315
38.2472222222,0.379171252251,8.00303649902,0.350389063358,-3.2563079003e-05,5.34062928637e-05,20,20,1.89662480354,-1.15128719807,41.5200233459,42.0000314713,40743.0309012,0.454982205605,0.452700343347,1.30988815866e-13,544505.45315
38.2583333333,0.379171252251,8.00303649902,0.350389063358,-3.2563079003e-05,5.34062928637e-05,20,20,1.89662480354,-1.15128719807,41.5200233459,42.0000314713,40743.0309012,0.454982205605,0.452700343347,5.82518970666e-14,544505.45315
38.2694444444,0.379171252251,8.00303649902,0.350389063358,-3.2563079003e-05,5.34062928637e-05,20,20,1.89662480354,-1.15128719807,41.5200233459,42.0000314713,40743.0309012,0.454982205605,0.452700343347,4.61439631151e-14,544505.45315
38.2805555556,0.379171252251,8.00303649902,0.350389063358,-3.2563079003e-05,5.34062928637e-05,20,20,1.89662480354,-1.15128719807,41.5200233459,42.0000314713,40743.0309012,0.454982205605,0.452700343347,9.28355163717e-14,544505.45315
38.2916666667,0.379171252251,8.00303649902,0.350389063358,-3.2563079003e-05,5.34062928637e-05,20,20,1.89662480354,-1.15128719807,41.5200233459,42.0000314713,40743.0309012,0.454982205605,0.452700343347,4.82618413769e-14,544505.45315
38.3027777778,0.379171252251,8.00303649902,0.350389063358,-3.2563079003e-05,5.34062928637e-05,20,20,1.89662480354,-1.15128719807,41.5200233459,42.0000314713,40743.0309012,0.454982205605,0.452700343347,5.16202991329e-14,544505.45315
38.3138888889,0.379171252251,8.00303649902,0.350389063358,-3.2563079003e-05,5.34062928637e-05,20,20,1.89662480354,-1.15128719807,41.5200233459,42.0000314713,40743.0309012,0.454982205605,0.452700343347,2.41294507652e-14,544505.45315
38.325,0.379171252251,8.00303649902,0.350389063358,-3.2563079003e-05,5.34062928637e-05,20,20,1.89662480354,-1.15128719807,41.5200233459,42.0000314713,40743.0309012,0.454982205605,0.452700343347,3.61023426404e-14,544505.45315
38.3361111111,0.379171252251,8.00303649902,0.350389063358,-3.2563079003e-05,5.34062928637e-05,20,20,1.89662480354,-1.15128719807,41.5200233459,42.0000314713,40743.0309012,0.454982205605,0.452700343347,2.21617745947e-14,544505.45315
38.3472222222,0.379171252251,8.00303649902,0.350389063358,-3.2563079003e-05,5.34062928637e-05,20,20,1.89662480354,-1.15128719807,41.5200233459,42.0000314713,40743.0309012,0.454982205605,0.452700343347,3.38463292935e-14,544505.45315
38.3583333333,0.379171252251,8.00303649902,0.350389063358,-3.2563079003e-05,5.34062928637e-05,20,20,1.89662480354,-1.15128719807,41.5200233459,42.0000314713,40743.0309012,0.454982205605,0.452700343347,5.13477577564e-14,544505.45315
38.3694444444,0.379171252251,8.00303649902,0.350389063358,-3.2563079003e-05,5.34062928637e-05,20,20,1.89662480354,-1.15128719807,41.5200233459,42.0000314713,40743.0309012,0.454982205605,0.452700343347,8.40068874388e-14,544505.45315
38.3805555556,0.379171252251,8.00303649902,0.350389063358,-3.2563079003e-05,5.34062928637e-05,20,20,1.89662480354,-1.15128719807,41.5200233459,42.0000314713,40743.0309012,0.454982205605,0.452700343347,2.78229319416e-13,544505.45315
38.3916666667,0.379171252251,8.00303649902,0.350389063358,-3.2563079003e-05,5.34062928637e-05,20,20,1.89662480354,-1.15128719807,41.5200233459,42.0000314713,40743.0309012,0.454982205605,0.452700343347,2.12720794425e-13,544505.45315
38.4027777778,0.379171252251,8.00303649902,0.350389063358,-3.2563079003e-05,5.34062928637e-05,20,20,1.89662480354,-1.15128719807,41.5200233459,42.0000314713,40743.0309012,0.454982205605,0.452700343347,9.69993447333e-15,544505.45315
38.4138888889,0.379171252251,8.00303649902,0.350389063358,-3.2563079003e-05,5.34062928637e-05,20,20,1.89662480354,-1.15128719807,41.5200233459,42.0000314713,40743.0309012,0.454982205605,0.452700343347,7.02807603782e-14,544505.45315
38.425,0.379171252251,8.00303649902,0.350389063358,-3.2563079003e-05,5.34062928637e-05,20,20,1.89662480354,-1.15128719807,41.5200233459,42.0000314713,40743.0309012,0.454982205605,0.452700343347,4.36730240846e-14,544505.45315
38.4361111111,0.379171252251,8.00303649902,0.350389063358,-3.2563079003e-05,5.34062928637e-05,20,20,1.89662480354,-1.15128719807,41.5200233459,42.0000314713,40743.0309012,0.454982205605,0.452700343347,8.51223263826e-15,544505.45315
38.4472222222,0.379171252251,8.00303649902,0.350389063358,-3.2563079003e-05,5.34062928637e-05,20,20,1.89662480354,-1.15128719807,41.5200233459,42.0000314713,40743.0309012,0.454982205605,0.452700343347,1.31297421811e-14,544505.45315
38.4583333333,0.379171252251,8.00303649902,0.350389063358,-3.2563079003e-05,5.34062928637e-05,20,20,1.89662480354,-1.15128719807,41.5200233459,42.0000314713,40743.0309012,0.454982205605,0.452700343347,2.93480139051e-14,544505.45315
38.4694444444,0.379171252251,8.00303649902,0.350389063358,-3.2563079003e-05,5.34062928637e-05,20,20,1.89662480354,-1.15128719807,41.5200233459,42.0000314713,40743.0309012,0.454982205605,0.452700343347,8.42345801255e-14,544505.45315
38.4805555556,0.379171252251,8.00303649902,0.350389063358,-3.2563079003e-05,5.34062928637e-05,20,20,1.89662480354,-1.15128719807,41.5200233459,42.0000314713,40743.0309012,0.454982205605,0.452700343347,1.18438337588e-13,544505.45315
38.4916666667,0.379171252251,8.00303649902,0.350389063358,-3.2563079003e-05,5.34062928637e-05,20,20,1.89662480354,-1.15128719807,41.5200233459,42.0000314713,40743.0309012,0.454982205605,0.452700343347,2.35992017707e-14,544505.45315
38.5027777778,0.379171252251,8.00303649902,0.350389063358,-3.2563079003e-05,5.34062928637e-05,20,20,1.89662480354,-1.15128719807,41.5200233459,42.0000314713,40743.0309012,0.454982205605,0.452700343347,9.64328358324e-14,544505.45315
38.5138888889,0.379171252251,8.00303649902,0.350389063358,-3.2563079003e-05,5.34062928637e-05,20,20,1.89662480354,-1.15128719807,41.5200233459,42.0000314713,40743.0309012,0.454982205605,0.452700343347,1.52223637663e-14,544505.45315
38.525,0.379171252251,8.00303649902,0.350389063358,-3.2563079003e-05,5.34062928637e-05,20,20,1.89662480354,-1.15128719807,41.5200233459,42.0000314713,40743.0309012,0.454982205605,0.452700343347,5.38460444183e-14,544505.45315
38.5361111111,0.379171252251,8.00303649902,0.350389063358,-3.2563079003e-05,5.34062928637e-05,20,20,1.89662480354,-1.15128719807,41.5200233459,42.0000314713,40743.0309012,0.454982205605,0.452700343347,2.15734089057e-13,544505.45315
38.5472222222,0.379171252251,8.00303649902,0.350389063358,-3.2563079003e-05,5.34062928637e-05,20,20,1.89662480354,-1.15128719807,41.5200233459,42.0000314713,40743.0309012,0.454982205605,0.452700343347,4.30181275095e-14,544505.45315
38.5583333333,0.379171252251,8.00303649902,0.350389063358,-3.2563079003e-05,5.34062928637e-05,20,20,1.89662480354,-1.15128719807,41.5200233459,42.0000314713,40743.0309012,0.454982205605,0.452700343347,1.24474483411e-13,544505.45315
38.5694444444,0.379171252251,8.00303649902,0.350389063358,-3.2563079003e-05,5.34062928637e-05,20,20,1.89662480354,-1.15128719807,41.5200233459,42.0000314713,40743.0309012,0.454982205605,0.452700343347,1.36516323498e-13,544505.45315
38.5805555556,0.379171252251,8.00303649902,0.350389063358,-3.2563079003e-05,5.34062928637e-05,20,20,1.89662480354,-1.15128719807,41.5200233459,42.0000314713,40743.0309012,0.454982205605,0.452700343347,1.41812824994e-13,544505.45315
38.5916666667,0.379171252251,8.00303649902,0.350389063358,-3.2563079003e-05,5.34062928637e-05,20,20,1.89662480354,-1.15128719807,41.5200233459,42.0000314713,40743.0309012,0.454982205605,0.452700343347,1.41861391692e-13,544505.45315
38.6027777778,0.379171252251,8.00303649902,0.350389063358,-3.2563079003e-05,5.34062928637e-05,20,20,1.89662480354,-1.15128719807,41.5200233459,42.0000314713,40743.0309012,0.454982205605,0.452700343347,1.6010645328e-13,544505.45315
38.6138888889,0.379171252251,8.00303649902,0.350389063358,-3.2563079003e-05,5.34062928637e-05,20,20,1.89662480354,-1.15128719807,41.5200233459,42.0000314713,40743.0309012,0.454982205605,0.452700343347,1.24268555972e-13,544505.45315
38.625,0.379171252251,8.00303649902,0.350389063358,-3.2563079003e-05,5.34062928637e-05,20,20,1.89662480354,-1.15128719807,41.5200233459,42.0000314713,40743.0309012,0.454982205605,0.452700343347,4.82418653091e-14,544505.45315
38.6361111111,0.379171252251,8.00303649902,0.350389063358,-3.2563079003e-05,5.34062928637e-05,20,20,1.89662480354,-1.15128719807,41.5200233459,42.0000314713,40743.0309012,0.454982205605,0.452700343347,5.37234095773e-14,544505.45315
38.6472222222,0.379171252251,8.00303649902,0.350389063358,-3.2563079003e-05,5.34062928637e-05,20,20,1.89662480354,-1.15128719807,41.5200233459,42.0000314713,40743.0309012,0.454982205605,0.452700343347,2.44811022545e-14,544505.45315
38.6583333333,0.379171252251,8.00303649902,0.350389063358,-3.2563079003e-05,5.34062928637e-05,20,20,1.89662480354,-1.15128719807,41.5200233459,42.0000314713,40743.0309012,0.454982205605,0.452700343347,8.47726488762e-14,544505.45315
38.6694444444,0.379171252251,8.00303649902,0.350389063358,-3.2563079003e-05,5.34062928637e-05,20,20,1.89662480354,-1.15128719807,41.5200233459,42.0000314713,40743.0309012,0.454982205605,0.452700343347,1.20589040115e-14,544505.45315
38.6805555556,0.379171252251,8.00303649902,0.350389063358,-3.2563079003e-05,5.34062928637e-05,20,20,1.89662480354,-1.15128719807,41.5200233459,42.0000314713,40743.0309012,0.454982205605,0.452700343347,6.82380395951e-14,544505.45315
38.6916666667,0.379171252251,8.00303649902,0.350389063358,-3.2563079003e-05,5.34062928637e-05,20,20,1.89662480354,-1.15128719807,41.5200233459,42.0000314713,40743.0309012,0.454982205605,0.452700343347,4.7806935726e-14,544505.45315
38.7027777778,0.379171252251,8.00303649902,0.350389063358,-3.2563079003e-05,5.34062928637e-05,20,20,1.89662480354,-1.15128719807,41.5200233459,42.0000314713,40743.0309012,0.454982205605,0.452700343347,2.81227806465e-14,544505.45315
38.7138888889,0.379171252251,8.00303649902,0.350389063358,-3.2563079003e-05,5.34062928637e-05,20,20,1.89662480354,-1.15128719807,41.5200233459,42.0000314713,40743.0309012,0.454982205605,0.452700343347,1.19713284595e-13,544505.45315
38.725,0.379171252251,8.00303649902,0.350389063358,-3.2563079003e-05,5.34062928637e-05,20,20,1.89662480354,-1.15128719807,41.5200233459,42.0000314713,40743.0309012,0.454982205605,0.452700343347,1.35086653951e-13,544505.45315
38.7361111111,0.379171252251,8.00303649902,0.350389063358,-3.2563079003e-05,5.34062928637e-05,20,20,1.89662480354,-1.15128719807,41.5200233459,42.0000314713,40743.0309012,0.454982205605,0.452700343347,4.45791293376e-14,544505.45315
38.7472222222,0.379171252251,8.00303649902,0.350389063358,-3.2563079003e-05,5.34062928637e-05,20,20,1.89662480354,-1.15128719807,41.5200233459,42.0000314713,40743.0309012,0.454982205605,0.452700343347,1.58551702486e-14,544505.45315
38.7583333333,0.379171252251,8.00303649902,0.350389063358,-3.2563079003e-05,5.34062928637e-05,20,20,1.89662480354,-1.15128719807,41.5200233459,42.0000314713,40743.0309012,0.454982205605,0.452700343347,5.24045894644e-14,544505.45315
38.7694444444,0.379171252251,8.00303649902,0.350389063358,-3.2563079003e-05,5.34062928637e-05,20,20,1.89662480354,-1.15128719807,41.5200233459,42.0000314713,40743.0309012,0.454982205605,0.452700343347,1.0209014429e-13,544505.45315
38.7805555556,0.379171252251,8.00303649902,0.350389063358,-3.2563079003e-05,5.34062928637e-05,20,20,1.89662480354,-1.15128719807,41.5200233459,42.0000314713,40743.0309012,0.454982205605,0.452700343347,1.71562864328e-13,544505.45315
38.7916666667,0.379171252251,8.00303649902,0.350389063358,-3.2563079003e-05,5.34062928637e-05,20,20,1.89662480354,-1.15128719807,41.5200233459,42.0000314713,40743.0309012,0.454982205605,0.452700343347,1.23634571464e-14,544505.45315
38.8027777778,0.379171252251,8.00303649902,0.350389063358,-3.2563079003e-05,5.34062928637e-05,20,20,1.89662480354,-1.15128719807,41.5200233459,42.0000314713,40743.0309012,0.454982205605,0.452700343347,3.70605660942e-14,544505.45315
38.8138888889,0.379171252251,8.00303649902,0.350389063358,-3.2563079003e-05,5.34062928637e-05,20,20,1.89662480354,-1.15128719807,41.5200233459,42.0000314713,40743.0309012,0.454982205605,0.452700343347,2.97384727216e-14,544505.45315
38.825,0.379171252251,8.00303649902,0.350389063358,-3.2563079003e-05,5.34062928637e-05,20,20,1.89662480354,-1.15128719807,41.5200233459,42.0000314713,40743.0309012,0.454982205605,0.452700343347,4.26170466962e-14,544505.45315
38.8361111111,0.379171252251,8.00303649902,0.350389063358,-3.2563079003e-05,5.34062928637e-05,20,20,1.89662480354,-1.15128719807,41.5200233459,42.0000314713,40743.0309012,0.454982205605,0.452700343347,1.26730067136e-13,544505.45315
38.8472222222,0.379171252251,8.00303649902,0.350389063358,-3.2563079003e-05,5.34062928637e-05,20,20,1.89662480354,-1.15128719807,41.5200233459,42.0000314713,40743.0309012,0.454982205605,0.452700343347,5.90565246145e-14,544505.45315
38.8583333333,0.379171252251,8.00303649902,0.350389063358,-3.2563079003e-05,5.34062928637e-05,20,20,1.89662480354,-1.15128719807,41.5200233459,42.0000314713,40743.0309012,0.454982205605,0.452700343347,5.42766460555e-14,544505.45315
38.8694444444,0.379171252251,8.00303649902,0.350389063358,-3.2563079003e-05,5.34062928637e-05,20,20,1.89662480354,-1.15128719807,41.5200233459,42.0000314713,40743.0309012,0.454982205605,0.452700343347,6.25003009357e-14,544505.45315
38.8805555556,0.379171252251,8.00303649902,0.350389063358,-3.2563079003e-05,5.34062928637e-05,20,20,1.89662480354,-1.15128719807,41.5200233459,42.0000314713,40743.0309012,0.454982205605,0.452700343347,1.8106096741e-14,544505.45315
38.8916666667,0.379171252251,8.00303649902,0.350389063358,-3.2563079003e-05,5.34062928637e-05,20,20,1.89662480354,-1.15128719807,41.5200233459,42.0000314713,40743.0309012,0.454982205605,0.452700343347,3.59682082501e-14,544505.45315
38.9027777778,0.379171252251,8.00303649902,0.350389063358,-3.2563079003e-05,5.34062928637e-05,20,20,1.89662480354,-1.15128719807,41.5200233459,42.0000314713,40743.0309012,0.454982205605,0.452700343347,2.70720588914e-14,544505.45315
38.9138888889,0.379171252251,8.00303649902,0.350389063358,-3.2563079003e-05,5.34062928637e-05,20,20,1.89662480354,-1.15128719807,41.5200233459,42.0000314713,40743.0309012,0.454982205605,0.452700343347,2.96108227823e-14,544505.45315
38.925,0.379171252251,8.00303649902,0.350389063358,-3.2563079003e-05,5.34062928637e-05,20,20,1.89662480354,-1.15128719807,41.5200233459,42.0000314713,40743.0309012,0.454982205605,0.452700343347,3.20167117507e-14,544505.45315
38.9361111111,0.379171252251,8.00303649902,0.350389063358,-3.2563079003e-05,5.34062928637e-05,20,20,1.89662480354,-1.15128719807,41.5200233459,42.0000314713,40743.0309012,0.454982205605,0.452700343347,4.01772764795e-14,544505.45315
38.9472222222,0.379171252251,8.00303649902,0.350389063358,-3.2563079003e-05,5.34062928637e-05,20,20,1.89662480354,-1.15128719807,41.5200233459,42.0000314713,40743.0309012,0.454982205605,0.452700343347,7.14094876389e-15,544505.45315
38.9583333333,0.379171252251,8.00303649902,0.350389063358,-3.2563079003e-05,5.34062928637e-05,20,20,1.89662480354,-1.15128719807,41.5200233459,42.0000314713,40743.0309012,0.454982205605,0.452700343347,2.33486137682e-14,544505.45315
38.9694444444,0.379171252251,8.00303649902,0.350389063358,-3.2563079003e-05,5.34062928637e-05,20,20,1.89662480354,-1.15128719807,41.5200233459,42.0000314713,40743.0309012,0.454982205605,0.452700343347,3.85942490419e-14,544505.45315
38.9805555556,0.379171252251,8.00303649902,0.350389063358,-3.2563079003e-05,5.34062928637e-05,20,20,1.89662480354,-1.15128719807,41.5200233459,42.0000314713,40743.0309012,0.454982205605,0.452700343347,6.70372018466e-14,544505.45315
38.9916666667,0.379171252251,8.00303649902,0.350389063358,-3.2563079003e-05,5.34062928637e-05,20,20,1.89662480354,-1.15128719807,41.5200233459,42.0000314713,40743.0309012,0.454982205605,0.452700343347,3.53121634692e-14,544505.45315
39.0027777778,0.379171252251,8.00303649902,0.350389063358,-3.2563079003e-05,5.34062928637e-05,20,20,1.89662480354,-1.15128719807,41.5200233459,42.0000314713,40743.0309012,0.454982205605,0.452700343347,3.1223468033e-14,544505.45315
39.0138888889,0.379171252251,8.00303649902,0.350389063358,-3.2563079003e-05,5.34062928637e-05,20,20,1.89662480354,-1.15128719807,41.5200233459,42.0000314713,40743.0309012,0.454982205605,0.452700343347,3.53907291436e-14,544505.45315
39.025,0.379171252251,8.00303649902,0.350389063358,-3.2563079003e-05,5.34062928637e-05,20,20,1.89662480354,-1.15128719807,41.5200233459,42.0000314713,40743.0309012,0.454982205605,0.452700343347,4.48186470502e-14,544505.45315
39.0361111111,0.379171252251,8.00303649902,0.350389063358,-3.2563079003e-05,5.34062928637e-05,20,20,1.89662480354,-1.15128719807,41.5200233459,42.0000314713,40743.0309012,0.454982205605,0.452700343347,3.84229610439e-14,544505.45315
39.0472222222,0.379171252251,8.00303649902,0.350389063358,-3.2563079003e-05,5.34062928637e-05,20,20,1.89662480354,-1.15128719807,41.5200233459,42.0000314713,40743.0309012,0.454982205605,0.452700343347,7.08899636856e-14,544505.45315
39.0583333333,0.379171252251,8.00303649902,0.350389063358,-3.2563079003e-05,5.34062928637e-05,20,20,1.89662480354,-1.15128719807,41.5200233459,42.0000314713,40743.0309012,0.454982205605,0.452700343347,6.46054960452e-14,544505.45315
39.0694444444,0.379171252251,8.00303649902,0.350389063358,-3.2563079003e-05,5.34062928637e-05,20,20,1.89662480354,-1.15128719807,41.5200233459,42.0000314713,40743.0309012,0.454982205605,0.452700343347,8.0421516648e-14,544505.45315
39.0805555556,0.379171252251,8.00303649902,0.350389063358,-3.2563079003e-05,5.34062928637e-05,20,20,1.89662480354,-1.15128719807,41.5200233459,42.0000314713,40743.0309012,0.454982205605,0.452700343347,5.79564859737e-14,544505.45315
39.0916666667,0.379171252251,8.00303649902,0.350389063358,-3.2563079003e-05,5.34062928637e-05,20,20,1.89662480354,-1.15128719807,41.5200233459,42.0000314713,40743.0309012,0.454982205605,0.452700343347,4.34979745639e-14,544505.45315
39.1027777778,0.379171252251,8.00303649902,0.350389063358,-3.2563079003e-05,5.34062928637e-05,20,20,1.89662480354,-1.15128719807,41.5200233459,42.0000314713,40743.0309012,0.454982205605,0.452700343347,3.64929854602e-14,544505.45315
39.1138888889,0.379171252251,8.00303649902,0.350389063358,-3.2563079003e-05,5.34062928637e-05,20,20,1.89662480354,-1.15128719807,41.5200233459,42.0000314713,40743.0309012,0.454982205605,0.452700343347,5.24999996817e-14,544505.45315
39.125,0.379171252251,8.00303649902,0.350389063358,-3.2563079003e-05,5.34062928637e-05,20,20,1.89662480354,-1.15128719807,41.5200233459,42.0000314713,40743.0309012,0.454982205605,0.452700343347,2.69271620581e-14,544505.45315
39.1361111111,0.379171252251,8.00303649902,0.350389063358,-3.2563079003e-05,5.34062928637e-05,20,20,1.89662480354,-1.15128719807,41.5200233459,42.0000314713,40743.0309012,0.454982205605,0.452700343347,7.77696604919e-14,544505.45315
39.1472222222,0.379171252251,8.00303649902,0.350389063358,-3.2563079003e-05,5.34062928637e-05,20,20,1.89662480354,-1.15128719807,41.5200233459,42.0000314713,40743.0309012,0.454982205605,0.452700343347,2.46619389093e-13,544505.45315
39.1583333333,0.379171252251,8.00303649902,0.350389063358,-3.2563079003e-05,5.34062928637e-05,20,20,1.89662480354,-1.15128719807,41.5200233459,42.0000314713,40743.0309012,0.454982205605,0.452700343347,2.15766361971e-13,544505.45315
39.1694444444,0.379171252251,8.00303649902,0.350389063358,-3.2563079003e-05,5.34062928637e-05,20,20,1.89662480354,-1.15128719807,41.5200233459,42.0000314713,40743.0309012,0.454982205605,0.452700343347,3.00756051185e-14,544505.45315
39.1805555556,0.379171252251,8.00303649902,0.350389063358,-3.2563079003e-05,5.34062928637e-05,20,20,1.89662480354,-1.15128719807,41.5200233459,42.0000314713,40743.0309012,0.454982205605,0.452700343347,9.05477030664e-14,544505.45315
39.1916666667,0.379171252251,8.00303649902,0.350389063358,-3.2563079003e-05,5.34062928637e-05,20,20,1.89662480354,-1.15128719807,41.5200233459,42.0000314713,40743.0309012,0.454982205605,0.452700343347,9.53711072369e-15,544505.45315
39.2027777778,0.379171252251,8.00303649902,0.350389063358,-3.2563079003e-05,5.34062928637e-05,20,20,1.89662480354,-1.15128719807,41.5200233459,42.0000314713,40743.0309012,0.454982205605,0.452700343347,5.42647465443e-14,544505.45315
39.2138888889,0.379171252251,8.00303649902,0.350389063358,-3.2563079003e-05,5.34062928637e-05,20,20,1.89662480354,-1.15128719807,41.5200233459,42.0000314713,40743.0309012,0.454982205605,0.452700343347,5.83643142672e-14,544505.45315
39.225,0.379171252251,8.00303649902,0.350389063358,-3.2563079003e-05,5.34062928637e-05,20,20,1.89662480354,-1.15128719807,41.5200233459,42.0000314713,40743.0309012,0.454982205605,0.452700343347,1.39513160646e-13,544505.45315
39.2361111111,0.379171252251,8.00303649902,0.350389063358,-3.2563079003e-05,5.34062928637e-05,20,20,1.89662480354,-1.15128719807,41.5200233459,42.0000314713,40743.0309012,0.454982205605,0.452700343347,5.76330495509e-14,544505.45315
39.2472222222,0.379171252251,8.00303649902,0.350389063358,-3.2563079003e-05,5.34062928637e-05,20,20,1.89662480354,-1.15128719807,41.5200233459,42.0000314713,40743.0309012,0.454982205605,0.452700343347,5.63912626439e-14,544505.45315
39.2583333333,0.379171252251,8.00303649902,0.350389063358,-3.2563079003e-05,5.34062928637e-05,20,20,1.89662480354,-1.15128719807,41.5200233459,42.0000314713,40743.0309012,0.454982205605,0.452700343347,4.83254860231e-14,544505.45315
39.2694444444,0.379171252251,8.00303649902,0.350389063358,-3.2563079003e-05,5.34062928637e-05,20,20,1.89662480354,-1.15128719807,41.5200233459,42.0000314713,40743.0309012,0.454982205605,0.452700343347,1.33566336912e-13,544505.45315
39.2805555556,0.379171252251,8.00303649902,0.350389063358,-3.2563079003e-05,5.34062928637e-05,20,20,1.89662480354,-1.15128719807,41.5200233459,42.0000314713,40743.0309012,0.454982205605,0.452700343347,8.61252076849e-14,544505.45315
39.2916666667,0.379171252251,8.00303649902,0.350389063358,-3.2563079003e-05,5.34062928637e-05,20,20,1.89662480354,-1.15128719807,41.5200233459,42.0000314713,40743.0309012,0.454982205605,0.452700343347,1.54253462435e-13,544505.45315
39.3027777778,0.379171252251,8.00303649902,0.350389063358,-3.2563079003e-05,5.34062928637e-05,20,20,1.89662480354,-1.15128719807,41.5200233459,42.0000314713,40743.0309012,0.454982205605,0.452700343347,6.06233988919e-15,544505.45315
39.3138888889,0.379171252251,8.00303649902,0.350389063358,-3.2563079003e-05,5.34062928637e-05,20,20,1.89662480354,-1.15128719807,41.5200233459,42.0000314713,40743.0309012,0.454982205605,0.452700343347,3.8668328755e-14,544505.45315
39.325,0.379171252251,8.00303649902,0.350389063358,-3.2563079003e-05,5.34062928637e-05,20,20,1.89662480354,-1.15128719807,41.5200233459,42.0000314713,40743.0309012,0.454982205605,0.452700343347,4.72676980346e-14,544505.45315
39.3361111111,0.379171252251,8.00303649902,0.350389063358,-3.2563079003e-05,5.34062928637e-05,20,20,1.89662480354,-1.15128719807,41.5200233459,42.0000314713,40743.0309012,0.454982205605,0.452700343347,1.91901010693e-13,544505.45315
39.3472222222,0.379171252251,8.00303649902,0.350389063358,-3.2563079003e-05,5.34062928637e-05,20,20,1.89662480354,-1.15128719807,41.5200233459,42.0000314713,40743.0309012,0.454982205605,0.452700343347,1.69875879586e-14,544505.45315
39.3583333333,0.379171252251,8.00303649902,0.350389063358,-3.2563079003e-05,5.34062928637e-05,20,20,1.89662480354,-1.15128719807,41.5200233459,42.0000314713,40743.0309012,0.454982205605,0.452700343347,3.84885849432e-14,544505.45315
39.3694444444,0.379171252251,8.00303649902,0.350389063358,-3.2563079003e-05,5.34062928637e-05,20,20,1.89662480354,-1.15128719807,41.5200233459,42.0000314713,40743.0309012,0.454982205605,0.452700343347,9.43543568419e-14,544505.45315
39.3805555556,0.379171252251,8.00303649902,0.350389063358,-3.2563079003e-05,5.34062928637e-05,20,20,1.89662480354,-1.15128719807,41.5200233459,42.0000314713,40743.0309012,0.454982205605,0.452700343347,2.04646951929e-14,544505.45315
39.3916666667,0.379171252251,8.00303649902,0.350389063358,-3.2563079003e-05,5.34062928637e-05,20,20,1.89662480354,-1.15128719807,41.5200233459,42.0000314713,40743.0309012,0.454982205605,0.452700343347,3.64371001796e-14,544505.45315
39.4027777778,0.379171252251,8.00303649902,0.350389063358,-3.2563079003e-05,5.34062928637e-05,20,20,1.89662480354,-1.15128719807,41.5200233459,42.0000314713,40743.0309012,0.454982205605,0.452700343347,1.05486768157e-14,544505.45315
39.4138888889,0.379171252251,8.00303649902,0.350389063358,-3.2563079003e-05,5.34062928637e-05,20,20,1.89662480354,-1.15128719807,41.5200233459,42.0000314713,40743.0309012,0.454982205605,0.452700343347,1.07191692402e-14,544505.45315
39.425,0.379171252251,8.00303649902,0.350389063358,-3.2563079003e-05,5.34062928637e-05,20,20,1.89662480354,-1.15128719807,41.5200233459,42.0000314713,40743.0309012,0.454982205605,0.452700343347,1.20558057763e-13,544505.45315
39.4361111111,0.379171252251,8.00303649902,0.350389063358,-3.2563079003e-05,5.34062928637e-05,20,20,1.89662480354,-1.15128719807,41.5200233459,42.0000314713,40743.0309012,0.454982205605,0.452700343347,1.36214806672e-13,544505.45315
39.4472222222,0.379171252251,8.00303649902,0.350389063358,-3.2563079003e-05,5.34062928637e-05,20,20,1.89662480354,-1.15128719807,41.5200233459,42.0000314713,40743.0309012,0.454982205605,0.452700343347,1.99237139612e-14,544505.45315
39.4583333333,0.379171252251,8.00303649902,0.350389063358,-3.2563079003e-05,5.34062928637e-05,20,20,1.89662480354,-1.15128719807,41.5200233459,42.0000314713,40743.0309012,0.454982205605,0.452700343347,4.28578937606e-14,544505.45315
39.4694444444,0.379171252251,8.00303649902,0.350389063358,-3.2563079003e-05,5.34062928637e-05,20,20,1.89662480354,-1.15128719807,41.5200233459,42.0000314713,40743.0309012,0.454982205605,0.452700343347,8.50960038463e-14,544505.45315
39.4805555556,0.379171252251,8.00303649902,0.350389063358,-3.2563079003e-05,5.34062928637e-05,20,20,1.89662480354,-1.15128719807,41.5200233459,42.0000314713,40743.0309012,0.454982205605,0.452700343347,5.85324988674e-14,544505.45315
39.4916666667,0.379171252251,8.00303649902,0.350389063358,-3.2563079003e-05,5.34062928637e-05,20,20,1.89662480354,-1.15128719807,41.5200233459,42.0000314713,40743.0309012,0.454982205605,0.452700343347,7.59994170612e-14,544505.45315
39.5027777778,0.379171252251,8.00303649902,0.350389063358,-3.2563079003e-05,5.34062928637e-05,20,20,1.89662480354,-1.15128719807,41.5200233459,42.0000314713,40743.0309012,0.454982205605,0.452700343347,5.70783545286e-14,544505.45315
39.5138888889,0.379171252251,8.00303649902,0.350389063358,-3.2563079003e-05,5.34062928637e-05,20,20,1.89662480354,-1.15128719807,41.5200233459,42.0000314713,40743.0309012,0.454982205605,0.452700343347,7.82126251625e-14,544505.45315
39.525,0.379171252251,8.00303649902,0.350389063358,-3.2563079003e-05,5.34062928637e-05,20,20,1.89662480354,-1.15128719807,41.5200233459,42.0000314713,40743.0309012,0.454982205605,0.452700343347,4.29709491916e-14,544505.45315
39.5361111111,0.379171252251,8.00303649902,0.350389063358,-3.2563079003e-05,5.34062928637e-05,20,20,1.89662480354,-1.15128719807,41.5200233459,42.0000314713,40743.0309012,0.454982205605,0.452700343347,4.19598334212e-14,544505.45315
39.5472222222,0.379171252251,8.00303649902,0.350389063358,-3.2563079003e-05,5.34062928637e-05,20,20,1.89662480354,-1.15128719807,41.5200233459,42.0000314713,40743.0309012,0.454982205605,0.452700343347,1.76221166448e-14,544505.45315
39.5583333333,0.379171252251,8.00303649902,0.350389063358,-3.2563079003e-05,5.34062928637e-05,20,20,1.89662480354,-1.15128719807,41.5200233459,42.0000314713,40743.0309012,0.454982205605,0.452700343347,1.13736842852e-14,544505.45315
39.5694444444,0.379171252251,8.00303649902,0.350389063358,-3.2563079003e-05,5.34062928637e-05,20,20,1.89662480354,-1.15128719807,41.5200233459,42.0000314713,40743.0309012,0.454982205605,0.452700343347,9.10659823487e-15,544505.45315
39.5805555556,0.379171252251,8.00303649902,0.350389063358,-3.2563079003e-05,5.34062928637e-05,20,20,1.89662480354,-1.15128719807,41.5200233459,42.0000314713,40743.0309012,0.454982205605,0.452700343347,6.59333036301e-14,544505.45315
39.5916666667,0.379171252251,8.00303649902,0.350389063358,-3.2563079003e-05,5.34062928637e-05,20,20,1.89662480354,-1.15128719807,41.5200233459,42.0000314713,40743.0309012,0.454982205605,0.452700343347,1.82513725261e-13,544505.45315
39.6027777778,0.379171252251,8.00303649902,0.350389063358,-3.2563079003e-05,5.34062928637e-05,20,20,1.89662480354,-1.15128719807,41.5200233459,42.0000314713,40743.0309012,0.454982205605,0.452700343347,2.0207740788e-13,544505.45315
39.6138888889,0.379171252251,8.00303649902,0.350389063358,-3.2563079003e-05,5.34062928637e-05,20,20,1.89662480354,-1.15128719807,41.5200233459,42.0000314713,40743.0309012,0.454982205605,0.452700343347,7.82896342443e-14,544505.45315
39.625,0.379171252251,8.00303649902,0.350389063358,-3.2563079003e-05,5.34062928637e-05,20,20,1.89662480354,-1.15128719807,41.5200233459,42.0000314713,40743.0309012,0.454982205605,0.452700343347,6.81571930481e-14,544505.45315
39.6361111111,0.379171252251,8.00303649902,0.350389063358,-3.2563079003e-05,5.34062928637e-05,20,20,1.89662480354,-1.15128719807,41.5200233459,42.0000314713,40743.0309012,0.454982205605,0.452700343347,3.95471267412e-14,544505.45315
39.6472222222,0.379171252251,8.00303649902,0.350389063358,-3.2563079003e-05,5.34062928637e-05,20,20,1.89662480354,-1.15128719807,41.5200233459,42.0000314713,40743.0309012,0.454982205605,0.452700343347,1.18886999759e-14,544505.45315
39.6583333333,0.379171252251,8.00303649902,0.350389063358,-3.2563079003e-05,5.34062928637e-05,20,20,1.89662480354,-1.15128719807,41.5200233459,42.0000314713,40743.0309012,0.454982205605,0.452700343347,4.97898450501e-14,544505.45315
39.6694444444,0.379171252251,8.00303649902,0.350389063358,-3.2563079003e-05,5.34062928637e-05,20,20,1.89662480354,-1.15128719807,41.5200233459,42.0000314713,40743.0309012,0.454982205605,0.452700343347,4.73518619631e-14,544505.45315
39.6805555556,0.379171252251,8.00303649902,0.350389063358,-3.2563079003e-05,5.34062928637e-05,20,20,1.89662480354,-1.15128719807,41.5200233459,42.0000314713,40743.0309012,0.454982205605,0.452700343347,4.1429164415e-14,544505.45315
39.6916666667,0.379171252251,8.00303649902,0.350389063358,-3.2563079003e-05,5.34062928637e-05,20,20,1.89662480354,-1.15128719807,41.5200233459,42.0000314713,40743.0309012,0.454982205605,0.452700343347,5.88861126735e-15,544505.45315
39.7027777778,0.379171252251,8.00303649902,0.350389063358,-3.2563079003e-05,5.34062928637e-05,20,20,1.89662480354,-1.15128719807,41.5200233459,42.0000314713,40743.0309012,0.454982205605,0.452700343347,2.20941500323e-14,544505.45315
39.7138888889,0.379171252251,8.00303649902,0.350389063358,-3.2563079003e-05,5.34062928637e-05,20,20,1.89662480354,-1.15128719807,41.5200233459,42.0000314713,40743.0309012,0.454982205605,0.452700343347,1.95440060952e-14,544505.45315
39.725,0.379171252251,8.00303649902,0.350389063358,-3.2563079003e-05,5.34062928637e-05,20,20,1.89662480354,-1.15128719807,41.5200233459,42.0000314713,40743.0309012,0.454982205605,0.452700343347,1.96960839801e-14,544505.45315
39.7361111111,0.379171252251,8.00303649902,0.350389063358,-3.2563079003e-05,5.34062928637e-05,20,20,1.89662480354,-1.15128719807,41.5200233459,42.0000314713,40743.0309012,0.454982205605,0.452700343347,1.80735319229e-14,544505.45315
39.7472222222,0.379171252251,8.00303649902,0.350389063358,-3.2563079003e-05,5.34062928637e-05,20,20,1.89662480354,-1.15128719807,41.5200233459,42.0000314713,40743.0309012,0.454982205605,0.452700343347,6.34591699772e-14,544505.45315
39.7583333333,0.379171252251,8.00303649902,0.350389063358,-3.2563079003e-05,5.34062928637e-05,20,20,1.89662480354,-1.15128719807,41.5200233459,42.0000314713,40743.0309012,0.454982205605,0.452700343347,5.32620786286e-14,544505.45315
39.7694444444,0.379171252251,8.00303649902,0.350389063358,-3.2563079003e-05,5.34062928637e-05,20,20,1.89662480354,-1.15128719807,41.5200233459,42.0000314713,40743.0309012,0.454982205605,0.452700343347,6.88457516287e-14,544505.45315
39.7805555556,0.379171252251,8.00303649902,0.350389063358,-3.2563079003e-05,5.34062928637e-05,20,20,1.89662480354,-1.15128719807,41.5200233459,42.0000314713,40743.0309012,0.454982205605,0.452700343347,8.21911970058e-14,544505.45315
39.7916666667,0.379171252251,8.00303649902,0.350389063358,-3.2563079003e-05,5.34062928637e-05,20,20,1.89662480354,-1.15128719807,41.5200233459,42.0000314713,40743.0309012,0.454982205605,0.452700343347,2.53186834299e-14,544505.45315
39.8027777778,0.379171252251,8.00303649902,0.350389063358,-3.2563079003e-05,5.34062928637e-05,20,20,1.89662480354,-1.15128719807,41.5200233459,42.0000314713,40743.0309012,0.454982205605,0.452700343347,8.50499873932e-15,544505.45315
39.8138888889,0.379171252251,8.00303649902,0.350389063358,-3.2563079003e-05,5.34062928637e-05,20,20,1.89662480354,-1.15128719807,41.5200233459,42.0000314713,40743.0309012,0.454982205605,0.452700343347,6.36471707615e-14,544505.45315
39.825,0.379171252251,8.00303649902,0.350389063358,-3.2563079003e-05,5.34062928637e-05,20,20,1.89662480354,-1.15128719807,41.5200233459,42.0000314713,40743.0309012,0.454982205605,0.452700343347,2.08225709987e-14,544505.45315
39.8361111111,0.379171252251,8.00303649902,0.350389063358,-3.2563079003e-05,5.34062928637e-05,20,20,1.89662480354,-1.15128719807,41.5200233459,42.0000314713,40743.0309012,0.454982205605,0.452700343347,7.45009204614e-14,544505.45315
39.8472222222,0.379171252251,8.00303649902,0.350389063358,-3.2563079003e-05,5.34062928637e-05,20,20,1.89662480354,-1.15128719807,41.5200233459,42.0000314713,40743.0309012,0.454982205605,0.452700343347,4.65834270819e-14,544505.45315
39.8583333333,0.379171252251,8.00303649902,0.350389063358,-3.2563079003e-05,5.34062928637e-05,20,20,1.89662480354,-1.15128719807,41.5200233459,42.0000314713,40743.0309012,0.454982205605,0.452700343347,8.87572425395e-14,544505.45315
39.8694444444,0.379171252251,8.00303649902,0.350389063358,-3.2563079003e-05,5.34062928637e-05,20,20,1.89662480354,-1.15128719807,41.5200233459,42.0000314713,40743.0309012,0.454982205605,0.452700343347,2.95573569146e-14,544505.45315
39.8805555556,0.379171252251,8.00303649902,0.350389063358,-3.2563079003e-05,5.34062928637e-05,20,20,1.89662480354,-1.15128719807,41.5200233459,42.0000314713,40743.0309012,0.454982205605,0.452700343347,1.0687306534e-13,544505.45315
39.8916666667,0.379171252251,8.00303649902,0.350389063358,-3.2563079003e-05,5.34062928637e-05,20,20,1.89662480354,-1.15128719807,41.5200233459,42.0000314713,40743.0309012,0.454982205605,0.452700343347,1.73784914712e-13,544505.45315
39.9027777778,0.379171252251,8.00303649902,0.350389063358,-3.2563079003e-05,5.34062928637e-05,20,20,1.89662480354,-1.15128719807,41.5200233459,42.0000314713,40743.0309012,0.454982205605,0.452700343347,4.45012677872e-13,544505.45315
39.9138888889,0.379171252251,8.00303649902,0.350389063358,-3.2563079003e-05,5.34062928637e-05,20,20,1.89662480354,-1.15128719807,41.5200233459,42.0000314713,40743.0309012,0.454982205605,0.452700343347,4.24272444518e-13,544505.45315
39.925,0.379171252251,8.00303649902,0.350389063358,-3.2563079003e-05,5.34062928637e-05,20,20,1.89662480354,-1.15128719807,41.5200233459,42.0000314713,40743.0309012,0.454982205605,0.452700343347,2.0435396906e-13,544505.45315
39.9361111111,0.379171252251,8.00303649902,0.350389063358,-3.2563079003e-05,5.34062928637e-05,20,20,1.89662480354,-1.15128719807,41.5200233459,42.0000314713,40743.0309012,0.454982205605,0.452700343347,4.07146035889e-14,544505.45315
39.9472222222,0.379171252251,8.00303649902,0.350389063358,-3.2563079003e-05,5.34062928637e-05,20,20,1.89662480354,-1.15128719807,41.5200233459,42.0000314713,40743.0309012,0.454982205605,0.452700343347,3.79731091143e-14,544505.45315
39.9583333333,0.379171252251,8.00303649902,0.350389063358,-3.2563079003e-05,5.34062928637e-05,20,20,1.89662480354,-1.15128719807,41.5200233459,42.0000314713,40743.0309012,0.454982205605,0.452700343347,1.23496609943e-13,544505.45315
39.9694444444,0.379171252251,8.00303649902,0.350389063358,-3.2563079003e-05,5.34062928637e-05,20,20,1.89662480354,-1.15128719807,41.5200233459,42.0000314713,40743.0309012,0.454982205605,0.452700343347,7.91922667424e-14,544505.45315
39.9805555556,0.379171252251,8.00303649902,0.350389063358,-3.2563079003e-05,5.34062928637e-05,20,20,1.89662480354,-1.15128719807,41.5200233459,42.0000314713,40743.0309012,0.454982205605,0.452700343347,2.24498545073e-14,544505.45315
39.9916666667,0.379171252251,8.00303649902,0.350389063358,-3.2563079003e-05,5.34062928637e-05,20,20,1.89662480354,-1.15128719807,41.5200233459,42.0000314713,40743.0309012,0.454982205605,0.452700343347,6.4741381023e-14,544505.45315
40.0027777778,0.379171252251,8.00303649902,0.350389063358,-3.2563079003e-05,5.34062928637e-05,20,20,1.89662480354,-1.15128719807,41.5200233459,42.0000314713,40743.0309012,0.454982205605,0.452700343347,7.2380686939e-14,544505.45315
40.0138888889,0.379171252251,8.00303649902,0.350389063358,-3.2563079003e-05,5.34062928637e-05,20,20,1.89662480354,-1.15128719807,41.5200233459,42.0000314713,40743.0309012,0.454982205605,0.452700343347,2.16747775504e-13,544505.45315
40.025,0.379171252251,8.00303649902,0.350389063358,-3.2563079003e-05,5.34062928637e-05,20,20,1.89662480354,-1.15128719807,41.5200233459,42.0000314713,40743.0309012,0.454982205605,0.452700343347,1.92453400103e-13,544505.45315
40.0361111111,0.379171252251,8.00303649902,0.350389063358,-3.2563079003e-05,5.34062928637e-05,20,20,1.89662480354,-1.15128719807,41.5200233459,42.0000314713,40743.0309012,0.454982205605,0.452700343347,5.30396286505e-14,544505.45315
40.0472222222,0.379171252251,8.00303649902,0.350389063358,-3.2563079003e-05,5.34062928637e-05,20,20,1.89662480354,-1.15128719807,41.5200233459,42.0000314713,40743.0309012,0.454982205605,0.452700343347,6.71999713848e-14,544505.45315
40.0583333333,0.379171252251,8.00303649902,0.350389063358,-3.2563079003e-05,5.34062928637e-05,20,20,1.89662480354,-1.15128719807,41.5200233459,42.0000314713,40743.0309012,0.454982205605,0.452700343347,9.39419560996e-14,544505.45315
40.0694444444,0.379171252251,8.00303649902,0.350389063358,-3.2563079003e-05,5.34062928637e-05,20,20,1.89662480354,-1.15128719807,41.5200233459,42.0000314713,40743.0309012,0.454982205605,0.452700343347,3.41962623663e-14,544505.45315
40.0805555556,0.379171252251,8.00303649902,0.350389063358,-3.2563079003e-05,5.34062928637e-05,20,20,1.89662480354,-1.15128719807,41.5200233459,42.0000314713,40743.0309012,0.454982205605,0.452700343347,3.6534272006e-15,544505.45315
40.0916666667,0.379171252251,8.00303649902,0.350389063358,-3.2563079003e-05,5.34062928637e-05,20,20,1.89662480354,-1.15128719807,41.5200233459,42.0000314713,40743.0309012,0.454982205605,0.452700343347,1.15411454938e-14,544505.45315
40.1027777778,0.379171252251,8.00303649902,0.350389063358,-3.2563079003e-05,5.34062928637e-05,20,20,1.89662480354,-1.15128719807,41.5200233459,42.0000314713,40743.0309012,0.454982205605,0.452700343347,1.57935239675e-14,544505.45315
40.1138888889,0.379171252251,8.00303649902,0.350389063358,-3.2563079003e-05,5.34062928637e-05,20,20,1.89662480354,-1.15128719807,41.5200233459,42.0000314713,40743.0309012,0.454982205605,0.452700343347,6.7276622164e-14,544505.45315
40.125,0.379171252251,8.00303649902,0.350389063358,-3.2563079003e-05,5.34062928637e-05,20,20,1.89662480354,-1.15128719807,41.5200233459,42.0000314713,40743.0309012,0.454982205605,0.452700343347,7.52465734291e-14,544505.45315
40.1361111111,0.379171252251,8.00303649902,0.350389063358,-3.2563079003e-05,5.34062928637e-05,20,20,1.89662480354,-1.15128719807,41.5200233459,42.0000314713,40743.0309012,0.454982205605,0.452700343347,5.64668026052e-14,544505.45315
40.1472222222,0.379171252251,8.00303649902,0.350389063358,-3.2563079003e-05,5.34062928637e-05,20,20,1.89662480354,-1.15128719807,41.5200233459,42.0000314713,40743.0309012,0.454982205605,0.452700343347,3.83558095266e-14,544505.45315
40.1583333333,0.379171252251,8.00303649902,0.350389063358,-3.2563079003e-05,5.34062928637e-05,20,20,1.89662480354,-1.15128719807,41.5200233459,42.0000314713,40743.0309012,0.454982205605,0.452700343347,7.53629250696e-14,544505.45315
40.1694444444,0.379171252251,8.00303649902,0.350389063358,-3.2563079003e-05,5.34062928637e-05,20,20,1.89662480354,-1.15128719807,41.5200233459,42.0000314713,40743.0309012,0.454982205605,0.452700343347,2.50518176276e-14,544505.45315
40.1805555556,0.379171252251,8.00303649902,0.350389063358,-3.2563079003e-05,5.34062928637e-05,20,20,1.89662480354,-1.15128719807,41.5200233459,42.0000314713,40743.0309012,0.454982205605,0.452700343347,3.23836357863e-14,544505.45315
40.1916666667,0.379171252251,8.00303649902,0.350389063358,-3.2563079003e-05,5.34062928637e-05,20,20,1.89662480354,-1.15128719807,41.5200233459,42.0000314713,40743.0309012,0.454982205605,0.452700343347,3.1397804968e-13,544505.45315
40.2027777778,0.379171252251,8.00303649902,0.350389063358,-3.2563079003e-05,5.34062928637e-05,20,20,1.89662480354,-1.15128719807,41.5200233459,42.0000314713,40743.0309012,0.454982205605,0.452700343347,1.58883098835e-13,544505.45315
40.2138888889,0.379171252251,8.00303649902,0.350389063358,-3.2563079003e-05,5.34062928637e-05,20,20,1.89662480354,-1.15128719807,41.5200233459,42.0000314713,40743.0309012,0.454982205605,0.452700343347,5.84766242315e-14,544505.45315
40.225,0.379171252251,8.00303649902,0.350389063358,-3.2563079003e-05,5.34062928637e-05,20,20,1.89662480354,-1.15128719807,41.5200233459,42.0000314713,40743.0309012,0.454982205605,0.452700343347,1.34574170379e-13,544505.45315
40.2361111111,0.379171252251,8.00303649902,0.350389063358,-3.2563079003e-05,5.34062928637e-05,20,20,1.89662480354,-1.15128719807,41.5200233459,42.0000314713,40743.0309012,0.454982205605,0.452700343347,1.92287606493e-13,544505.45315
40.2472222222,0.379171252251,8.00303649902,0.350389063358,-3.2563079003e-05,5.34062928637e-05,20,20,1.89662480354,-1.15128719807,41.5200233459,42.0000314713,40743.0309012,0.454982205605,0.452700343347,2.07379136571e-13,544505.45315
40.2583333333,0.379171252251,8.00303649902,0.350389063358,-3.2563079003e-05,5.34062928637e-05,20,20,1.89662480354,-1.15128719807,41.5200233459,42.0000314713,40743.0309012,0.454982205605,0.452700343347,2.08611960941e-13,544505.45315
40.2694444444,0.379171252251,8.00303649902,0.350389063358,-3.2563079003e-05,5.34062928637e-05,20,20,1.89662480354,-1.15128719807,41.5200233459,42.0000314713,40743.0309012,0.454982205605,0.452700343347,2.55222518293e-13,544505.45315
40.2805555556,0.379171252251,8.00303649902,0.350389063358,-3.2563079003e-05,5.34062928637e-05,20,20,1.89662480354,-1.15128719807,41.5200233459,42.0000314713,40743.0309012,0.454982205605,0.452700343347,1.93822432035e-13,544505.45315
40.2916666667,0.379171252251,8.00303649902,0.350389063358,-3.2563079003e-05,5.34062928637e-05,20,20,1.89662480354,-1.15128719807,41.5200233459,42.0000314713,40743.0309012,0.454982205605,0.452700343347,1.14846394002e-13,544505.45315
40.3027777778,0.379171252251,8.00303649902,0.350389063358,-3.2563079003e-05,5.34062928637e-05,20,20,1.89662480354,-1.15128719807,41.5200233459,42.0000314713,40743.0309012,0.454982205605,0.452700343347,5.99480364085e-14,544505.45315
40.3138888889,0.379171252251,8.00303649902,0.350389063358,-3.2563079003e-05,5.34062928637e-05,20,20,1.89662480354,-1.15128719807,41.5200233459,42.0000314713,40743.0309012,0.454982205605,0.452700343347,1.15653651433e-13,544505.45315
40.325,0.379171252251,8.00303649902,0.350389063358,-3.2563079003e-05,5.34062928637e-05,20,20,1.89662480354,-1.15128719807,41.5200233459,42.0000314713,40743.0309012,0.454982205605,0.452700343347,1.66895488472e-13,544505.45315
40.3361111111,0.379171252251,8.00303649902,0.350389063358,-3.2563079003e-05,5.34062928637e-05,20,20,1.89662480354,-1.15128719807,41.5200233459,42.0000314713,40743.0309012,0.454982205605,0.452700343347,1.64788880227e-13,544505.45315
40.3472222222,0.379171252251,8.00303649902,0.350389063358,-3.2563079003e-05,5.34062928637e-05,20,20,1.89662480354,-1.15128719807,41.5200233459,42.0000314713,40743.0309012,0.454982205605,0.452700343347,7.57794644458e-14,544505.45315
40.3583333333,0.379171252251,8.00303649902,0.350389063358,-3.2563079003e-05,5.34062928637e-05,20,20,1.89662480354,-1.15128719807,41.5200233459,42.0000314713,40743.0309012,0.454982205605,0.452700343347,8.06611579864e-14,544505.45315
40.3694444444,0.379171252251,8.00303649902,0.350389063358,-3.2563079003e-05,5.34062928637e-05,20,20,1.89662480354,-1.15128719807,41.5200233459,42.0000314713,40743.0309012,0.454982205605,0.452700343347,2.05429224136e-14,544505.45315
40.3805555556,0.379171252251,8.00303649902,0.350389063358,-3.2563079003e-05,5.34062928637e-05,20,20,1.89662480354,-1.15128719807,41.5200233459,42.0000314713,40743.0309012,0.454982205605,0.452700343347,8.2377502721e-14,544505.45315
40.3916666667,0.379171252251,8.00303649902,0.350389063358,-3.2563079003e-05,5.34062928637e-05,20,20,1.89662480354,-1.15128719807,41.5200233459,42.0000314713,40743.0309012,0.454982205605,0.452700343347,2.80565515224e-14,544505.45315
40.4027777778,0.379171252251,8.00303649902,0.350389063358,-3.2563079003e-05,5.34062928637e-05,20,20,1.89662480354,-1.15128719807,41.5200233459,42.0000314713,40743.0309012,0.454982205605,0.452700343347,4.12410268665e-14,544505.45315
40.4138888889,0.379171252251,8.00303649902,0.350389063358,-3.2563079003e-05,5.34062928637e-05,20,20,1.89662480354,-1.15128719807,41.5200233459,42.0000314713,40743.0309012,0.454982205605,0.452700343347,4.71846728584e-14,544505.45315
40.425,0.379171252251,8.00303649902,0.350389063358,-3.2563079003e-05,5.34062928637e-05,20,20,1.89662480354,-1.15128719807,41.5200233459,42.0000314713,40743.0309012,0.454982205605,0.452700343347,1.74149000861e-14,544505.45315
40.4361111111,0.379171252251,8.00303649902,0.350389063358,-3.2563079003e-05,5.34062928637e-05,20,20,1.89662480354,-1.15128719807,41.5200233459,42.0000314713,40743.0309012,0.454982205605,0.452700343347,5.16312521171e-14,544505.45315
40.4472222222,0.379171252251,8.00303649902,0.350389063358,-3.2563079003e-05,5.34062928637e-05,20,20,1.89662480354,-1.15128719807,41.5200233459,42.0000314713,40743.0309012,0.454982205605,0.452700343347,9.14504254843e-14,544505.45315
40.4583333333,0.379171252251,8.00303649902,0.350389063358,-3.2563079003e-05,5.34062928637e-05,20,20,1.89662480354,-1.15128719807,41.5200233459,42.0000314713,40743.0309012,0.454982205605,0.452700343347,3.99423739006e-14,544505.45315
40.4694444444,0.379171252251,8.00303649902,0.350389063358,-3.2563079003e-05,5.34062928637e-05,20,20,1.89662480354,-1.15128719807,41.5200233459,42.0000314713,40743.0309012,0.454982205605,0.452700343347,1.67315462685e-14,544505.45315
40.4805555556,0.379171252251,8.00303649902,0.350389063358,-3.2563079003e-05,5.34062928637e-05,20,20,1.89662480354,-1.15128719807,41.5200233459,42.0000314713,40743.0309012,0.454982205605,0.452700343347,3.28368911475e-14,544505.45315
40.4916666667,0.379171252251,8.00303649902,0.350389063358,-3.2563079003e-05,5.34062928637e-05,20,20,1.89662480354,-1.15128719807,41.5200233459,42.0000314713,40743.0309012,0.454982205605,0.452700343347,5.2704916701e-14,544505.45315
40.5027777778,0.379171252251,8.00303649902,0.350389063358,-3.2563079003e-05,5.34062928637e-05,20,20,1.89662480354,-1.15128719807,41.5200233459,42.0000314713,40743.0309012,0.454982205605,0.452700343347,2.75299395819e-14,544505.45315
40.5138888889,0.379171252251,8.00303649902,0.350389063358,-3.2563079003e-05,5.34062928637e-05,20,20,1.89662480354,-1.15128719807,41.5200233459,42.0000314713,40743.0309012,0.454982205605,0.452700343347,7.53110579008e-14,544505.45315
40.525,0.379171252251,8.00303649902,0.350389063358,-3.2563079003e-05,5.34062928637e-05,20,20,1.89662480354,-1.15128719807,41.5200233459,42.0000314713,40743.0309012,0.454982205605,0.452700343347,8.97135554903e-15,544505.45315
40.5361111111,0.379171252251,8.00303649902,0.350389063358,-3.2563079003e-05,5.34062928637e-05,20,20,1.89662480354,-1.15128719807,41.5200233459,42.0000314713,40743.0309012,0.454982205605,0.452700343347,1.36334608375e-13,544505.45315
40.5472222222,0.379171252251,8.00303649902,0.350389063358,-3.2563079003e-05,5.34062928637e-05,20,20,1.89662480354,-1.15128719807,41.5200233459,42.0000314713,40743.0309012,0.454982205605,0.452700343347,6.58047850085e-14,544505.45315
40.5583333333,0.379171252251,8.00303649902,0.350389063358,-3.2563079003e-05,5.34062928637e-05,20,20,1.89662480354,-1.15128719807,41.5200233459,42.0000314713,40743.0309012,0.454982205605,0.452700343347,6.65306651778e-14,544505.45315
40.5694444444,0.379171252251,8.00303649902,0.350389063358,-3.2563079003e-05,5.34062928637e-05,20,20,1.89662480354,-1.15128719807,41.5200233459,42.0000314713,40743.0309012,0.454982205605,0.452700343347,8.7329638036e-14,544505.45315
40.5805555556,0.379171252251,8.00303649902,0.350389063358,-3.2563079003e-05,5.34062928637e-05,20,20,1.89662480354,-1.15128719807,41.5200233459,42.0000314713,40743.0309012,0.454982205605,0.452700343347,1.74627444044e-13,544505.45315
40.5916666667,0.379171252251,8.00303649902,0.350389063358,-3.2563079003e-05,5.34062928637e-05,20,20,1.89662480354,-1.15128719807,41.5200233459,42.0000314713,40743.0309012,0.454982205605,0.452700343347,3.63501471123e-14,544505.45315
40.6027777778,0.379171252251,8.00303649902,0.350389063358,-3.2563079003e-05,5.34062928637e-05,20,20,1.89662480354,-1.15128719807,41.5200233459,42.0000314713,40743.0309012,0.454982205605,0.452700343347,1.46485643447e-14,544505.45315
40.6138888889,0.379171252251,8.00303649902,0.350389063358,-3.2563079003e-05,5.34062928637e-05,20,20,1.89662480354,-1.15128719807,41.5200233459,42.0000314713,40743.0309012,0.454982205605,0.452700343347,2.00418056827e-14,544505.45315
40.625,0.379171252251,8.00303649902,0.350389063358,-3.2563079003e-05,5.34062928637e-05,20,20,1.89662480354,-1.15128719807,41.5200233459,42.0000314713,40743.0309012,0.454982205605,0.452700343347,1.01995896884e-13,544505.45315
40.6361111111,0.379171252251,8.00303649902,0.350389063358,-3.2563079003e-05,5.34062928637e-05,20,20,1.89662480354,-1.15128719807,41.5200233459,42.0000314713,40743.0309012,0.454982205605,0.452700343347,1.10940759912e-13,544505.45315
40.6472222222,0.379171252251,8.00303649902,0.350389063358,-3.2563079003e-05,5.34062928637e-05,20,20,1.89662480354,-1.15128719807,41.5200233459,42.0000314713,40743.0309012,0.454982205605,0.452700343347,1.76540545479e-13,544505.45315
40.6583333333,0.379171252251,8.00303649902,0.350389063358,-3.2563079003e-05,5.34062928637e-05,20,20,1.89662480354,-1.15128719807,41.5200233459,42.0000314713,40743.0309012,0.454982205605,0.452700343347,1.29825288744e-13,544505.45315
40.6694444444,0.379171252251,8.00303649902,0.350389063358,-3.2563079003e-05,5.34062928637e-05,20,20,1.89662480354,-1.15128719807,41.5200233459,42.0000314713,40743.0309012,0.454982205605,0.452700343347,5.62349247811e-14,544505.45315
40.6805555556,0.379171252251,8.00303649902,0.350389063358,-3.2563079003e-05,5.34062928637e-05,20,20,1.89662480354,-1.15128719807,41.5200233459,42.0000314713,40743.0309012,0.454982205605,0.452700343347,1.09378538313e-13,544505.45315
40.6916666667,0.379171252251,8.00303649902,0.350389063358,-3.2563079003e-05,5.34062928637e-05,20,20,1.89662480354,-1.15128719807,41.5200233459,42.0000314713,40743.0309012,0.454982205605,0.452700343347,6.72713406773e-14,544505.45315
40.7027777778,0.379171252251,8.00303649902,0.350389063358,-3.2563079003e-05,5.34062928637e-05,20,20,1.89662480354,-1.15128719807,41.5200233459,42.0000314713,40743.0309012,0.454982205605,0.452700343347,5.51021331858e-15,544505.45315
40.7138888889,0.379171252251,8.00303649902,0.350389063358,-3.2563079003e-05,5.34062928637e-05,20,20,1.89662480354,-1.15128719807,41.5200233459,42.0000314713,40743.0309012,0.454982205605,0.452700343347,2.0529680583e-14,544505.45315
40.725,0.379171252251,8.00303649902,0.350389063358,-3.2563079003e-05,5.34062928637e-05,20,20,1.89662480354,-1.15128719807,41.5200233459,42.0000314713,40743.0309012,0.454982205605,0.452700343347,2.84064156778e-14,544505.45315
40.7361111111,0.379171252251,8.00303649902,0.350389063358,-3.2563079003e-05,5.34062928637e-05,20,20,1.89662480354,-1.15128719807,41.5200233459,42.0000314713,40743.0309012,0.454982205605,0.452700343347,7.87879782507e-14,544505.45315
40.7472222222,0.379171252251,8.00303649902,0.350389063358,-3.2563079003e-05,5.34062928637e-05,20,20,1.89662480354,-1.15128719807,41.5200233459,42.0000314713,40743.0309012,0.454982205605,0.452700343347,7.18661628786e-14,544505.45315
40.7583333333,0.379171252251,8.00303649902,0.350389063358,-3.2563079003e-05,5.34062928637e-05,20,20,1.89662480354,-1.15128719807,41.5200233459,42.0000314713,40743.0309012,0.454982205605,0.452700343347,2.516373395e-14,544505.45315
40.7694444444,0.379171252251,8.00303649902,0.350389063358,-3.2563079003e-05,5.34062928637e-05,20,20,1.89662480354,-1.15128719807,41.5200233459,42.0000314713,40743.0309012,0.454982205605,0.452700343347,2.47974101237e-14,544505.45315
40.7805555556,0.379171252251,8.00303649902,0.350389063358,-3.2563079003e-05,5.34062928637e-05,20,20,1.89662480354,-1.15128719807,41.5200233459,42.0000314713,40743.0309012,0.454982205605,0.452700343347,2.2811950501e-14,544505.45315
40.7916666667,0.379171252251,8.00303649902,0.350389063358,-3.2563079003e-05,5.34062928637e-05,20,20,1.89662480354,-1.15128719807,41.5200233459,42.0000314713,40743.0309012,0.454982205605,0.452700343347,8.42195799382e-14,544505.45315
40.8027777778,0.379171252251,8.00303649902,0.350389063358,-3.2563079003e-05,5.34062928637e-05,20,20,1.89662480354,-1.15128719807,41.5200233459,42.0000314713,40743.0309012,0.454982205605,0.452700343347,1.14736568565e-14,544505.45315
40.8138888889,0.379171252251,8.00303649902,0.350389063358,-3.2563079003e-05,5.34062928637e-05,20,20,1.89662480354,-1.15128719807,41.5200233459,42.0000314713,40743.0309012,0.454982205605,0.452700343347,3.63414555558e-14,544505.45315
40.825,0.379171252251,8.00303649902,0.350389063358,-3.2563079003e-05,5.34062928637e-05,20,20,1.89662480354,-1.15128719807,41.5200233459,42.0000314713,40743.0309012,0.454982205605,0.452700343347,6.76892265663e-14,544505.45315
40.8361111111,0.379171252251,8.00303649902,0.350389063358,-3.2563079003e-05,5.34062928637e-05,20,20,1.89662480354,-1.15128719807,41.5200233459,42.0000314713,40743.0309012,0.454982205605,0.452700343347,6.10716902429e-14,544505.45315
40.8472222222,0.379171252251,8.00303649902,0.350389063358,-3.2563079003e-05,5.34062928637e-05,20,20,1.89662480354,-1.15128719807,41.5200233459,42.0000314713,40743.0309012,0.454982205605,0.452700343347,9.80533278819e-14,544505.45315
40.8583333333,0.379171252251,8.00303649902,0.350389063358,-3.2563079003e-05,5.34062928637e-05,20,20,1.89662480354,-1.15128719807,41.5200233459,42.0000314713,40743.0309012,0.454982205605,0.452700343347,7.67559650708e-15,544505.45315
40.8694444444,0.379171252251,8.00303649902,0.350389063358,-3.2563079003e-05,5.34062928637e-05,20,20,1.89662480354,-1.15128719807,41.5200233459,42.0000314713,40743.0309012,0.454982205605,0.452700343347,4.34816597057e-15,544505.45315
40.8805555556,0.379171252251,8.00303649902,0.350389063358,-3.2563079003e-05,5.34062928637e-05,20,20,1.89662480354,-1.15128719807,41.5200233459,42.0000314713,40743.0309012,0.454982205605,0.452700343347,1.31628076836e-14,544505.45315
40.8916666667,0.379171252251,8.00303649902,0.350389063358,-3.2563079003e-05,5.34062928637e-05,20,20,1.89662480354,-1.15128719807,41.5200233459,42.0000314713,40743.0309012,0.454982205605,0.452700343347,1.26869837259e-13,544505.45315
40.9027777778,0.379171252251,8.00303649902,0.350389063358,-3.2563079003e-05,5.34062928637e-05,20,20,1.89662480354,-1.15128719807,41.5200233459,42.0000314713,40743.0309012,0.454982205605,0.452700343347,4.59745346182e-14,544505.45315
40.9138888889,0.379171252251,8.00303649902,0.350389063358,-3.2563079003e-05,5.34062928637e-05,20,20,1.89662480354,-1.15128719807,41.5200233459,42.0000314713,40743.0309012,0.454982205605,0.452700343347,1.61547700299e-13,544505.45315
40.925,0.379171252251,8.00303649902,0.350389063358,-3.2563079003e-05,5.34062928637e-05,20,20,1.89662480354,-1.15128719807,41.5200233459,42.0000314713,40743.0309012,0.454982205605,0.452700343347,7.93786951671e-14,544505.45315
40.9361111111,0.379171252251,8.00303649902,0.350389063358,-3.2563079003e-05,5.34062928637e-05,20,20,1.89662480354,-1.15128719807,41.5200233459,42.0000314713,40743.0309012,0.454982205605,0.452700343347,7.88351398396e-14,544505.45315
40.9472222222,0.379171252251,8.00303649902,0.350389063358,-3.2563079003e-05,5.34062928637e-05,20,20,1.89662480354,-1.15128719807,41.5200233459,42.0000314713,40743.0309012,0.454982205605,0.452700343347,4.27617397488e-14,544505.45315
40.9583333333,0.379171252251,8.00303649902,0.350389063358,-3.2563079003e-05,5.34062928637e-05,20,20,1.89662480354,-1.15128719807,41.5200233459,42.0000314713,40743.0309012,0.454982205605,0.452700343347,9.24917557739e-14,544505.45315
40.9694444444,0.379171252251,8.00303649902,0.350389063358,-3.2563079003e-05,5.34062928637e-05,20,20,1.89662480354,-1.15128719807,41.5200233459,42.0000314713,40743.0309012,0.454982205605,0.452700343347,2.5453717502e-14,544505.45315
40.9805555556,0.379171252251,8.00303649902,0.350389063358,-3.2563079003e-05,5.34062928637e-05,20,20,1.89662480354,-1.15128719807,41.5200233459,42.0000314713,40743.0309012,0.454982205605,0.452700343347,3.5145407619e-14,544505.45315
40.9916666667,0.379171252251,8.00303649902,0.350389063358,-3.2563079003e-05,5.34062928637e-05,20,20,1.89662480354,-1.15128719807,41.5200233459,42.0000314713,40743.0309012,0.454982205605,0.452700343347,1.94239828613e-14,544505.45315
41.0027777778,0.379171252251,8.00303649902,0.350389063358,-3.2563079003e-05,5.34062928637e-05,20,20,1.89662480354,-1.15128719807,41.5200233459,42.0000314713,40743.0309012,0.454982205605,0.452700343347,2.81883213077e-14,544505.45315
41.0138888889,0.379171252251,8.00303649902,0.350389063358,-3.2563079003e-05,5.34062928637e-05,20,20,1.89662480354,-1.15128719807,41.5200233459,42.0000314713,40743.0309012,0.454982205605,0.452700343347,2.50320318299e-14,544505.45315
41.025,0.379171252251,8.00303649902,0.350389063358,-3.2563079003e-05,5.34062928637e-05,20,20,1.89662480354,-1.15128719807,41.5200233459,42.0000314713,40743.0309012,0.454982205605,0.452700343347,4.62362477435e-14,544505.45315
41.0361111111,0.379171252251,8.00303649902,0.350389063358,-3.2563079003e-05,5.34062928637e-05,20,20,1.89662480354,-1.15128719807,41.5200233459,42.0000314713,40743.0309012,0.454982205605,0.452700343347,1.09472691323e-14,544505.45315
41.0472222222,0.379171252251,8.00303649902,0.350389063358,-3.2563079003e-05,5.34062928637e-05,20,20,1.89662480354,-1.15128719807,41.5200233459,42.0000314713,40743.0309012,0.454982205605,0.452700343347,3.90843442871e-14,544505.45315
41.0583333333,0.379171252251,8.00303649902,0.350389063358,-3.2563079003e-05,5.34062928637e-05,20,20,1.89662480354,-1.15128719807,41.5200233459,42.0000314713,40743.0309012,0.454982205605,0.452700343347,4.38854195196e-14,544505.45315
41.0694444444,0.379171252251,8.00303649902,0.350389063358,-3.2563079003e-05,5.34062928637e-05,20,20,1.89662480354,-1.15128719807,41.5200233459,42.0000314713,40743.0309012,0.454982205605,0.452700343347,2.50328817881e-14,544505.45315
41.0805555556,0.379171252251,8.00303649902,0.350389063358,-3.2563079003e-05,5.34062928637e-05,20,20,1.89662480354,-1.15128719807,41.5200233459,42.0000314713,40743.0309012,0.454982205605,0.452700343347,9.87408586625e-14,544505.45315
41.0916666667,0.379171252251,8.00303649902,0.350389063358,-3.2563079003e-05,5.34062928637e-05,20,20,1.89662480354,-1.15128719807,41.5200233459,42.0000314713,40743.0309012,0.454982205605,0.452700343347,4.86885931138e-14,544505.45315
41.1027777778,0.379171252251,8.00303649902,0.350389063358,-3.2563079003e-05,5.34062928637e-05,20,20,1.89662480354,-1.15128719807,41.5200233459,42.0000314713,40743.0309012,0.454982205605,0.452700343347,2.34544326172e-14,544505.45315
41.1138888889,0.379171252251,8.00303649902,0.350389063358,-3.2563079003e-05,5.34062928637e-05,20,20,1.89662480354,-1.15128719807,41.5200233459,42.0000314713,40743.0309012,0.454982205605,0.452700343347,4.7045365094e-14,544505.45315
41.125,0.379171252251,8.00303649902,0.350389063358,-3.2563079003e-05,5.34062928637e-05,20,20,1.89662480354,-1.15128719807,41.5200233459,42.0000314713,40743.0309012,0.454982205605,0.452700343347,1.68696775806e-13,544505.45315
41.1361111111,0.379171252251,8.00303649902,0.350389063358,-3.2563079003e-05,5.34062928637e-05,20,20,1.89662480354,-1.15128719807,41.5200233459,42.0000314713,40743.0309012,0.454982205605,0.452700343347,7.49070956331e-14,544505.45315
41.1472222222,0.379171252251,8.00303649902,0.350389063358,-3.2563079003e-05,5.34062928637e-05,20,20,1.89662480354,-1.15128719807,41.5200233459,42.0000314713,40743.0309012,0.454982205605,0.452700343347,4.19215752417e-14,544505.45315
41.1583333333,0.379171252251,8.00303649902,0.350389063358,-3.2563079003e-05,5.34062928637e-05,20,20,1.89662480354,-1.15128719807,41.5200233459,42.0000314713,40743.0309012,0.454982205605,0.452700343347,1.91746017138e-13,544505.45315
41.1694444444,0.379171252251,8.00303649902,0.350389063358,-3.2563079003e-05,5.34062928637e-05,20,20,1.89662480354,-1.15128719807,41.5200233459,42.0000314713,40743.0309012,0.454982205605,0.452700343347,2.58185569647e-13,544505.45315
41.1805555556,0.379171252251,8.00303649902,0.350389063358,-3.2563079003e-05,5.34062928637e-05,20,20,1.89662480354,-1.15128719807,41.5200233459,42.0000314713,40743.0309012,0.454982205605,0.452700343347,1.13776380139e-13,544505.45315
41.1916666667,0.379171252251,8.00303649902,0.350389063358,-3.2563079003e-05,5.34062928637e-05,20,20,1.89662480354,-1.15128719807,41.5200233459,42.0000314713,40743.0309012,0.454982205605,0.452700343347,7.14429459952e-14,544505.45315
41.2027777778,0.379171252251,8.00303649902,0.350389063358,-3.2563079003e-05,5.34062928637e-05,20,20,1.89662480354,-1.15128719807,41.5200233459,42.0000314713,40743.0309012,0.454982205605,0.452700343347,1.95039478338e-13,544505.45315
41.2138888889,0.379171252251,8.00303649902,0.350389063358,-3.2563079003e-05,5.34062928637e-05,20,20,1.89662480354,-1.15128719807,41.5200233459,42.0000314713,40743.0309012,0.454982205605,0.452700343347,1.73612545346e-13,544505.45315
41.225,0.379171252251,8.00303649902,0.350389063358,-3.2563079003e-05,5.34062928637e-05,20,20,1.89662480354,-1.15128719807,41.5200233459,42.0000314713,40743.0309012,0.454982205605,0.452700343347,1.66881624902e-13,544505.45315
41.2361111111,0.379171252251,8.00303649902,0.350389063358,-3.2563079003e-05,5.34062928637e-05,20,20,1.89662480354,-1.15128719807,41.5200233459,42.0000314713,40743.0309012,0.454982205605,0.452700343347,1.27582254813e-13,544505.45315
41.2472222222,0.379171252251,8.00303649902,0.350389063358,-3.2563079003e-05,5.34062928637e-05,20,20,1.89662480354,-1.15128719807,41.5200233459,42.0000314713,40743.0309012,0.454982205605,0.452700343347,5.38433077859e-14,544505.45315
41.2583333333,0.379171252251,8.00303649902,0.350389063358,-3.2563079003e-05,5.34062928637e-05,20,20,1.89662480354,-1.15128719807,41.5200233459,42.0000314713,40743.0309012,0.454982205605,0.452700343347,2.03642196993e-14,544505.45315
41.2694444444,0.379171252251,8.00303649902,0.350389063358,-3.2563079003e-05,5.34062928637e-05,20,20,1.89662480354,-1.15128719807,41.5200233459,42.0000314713,40743.0309012,0.454982205605,0.452700343347,1.00716638735e-13,544505.45315
41.2805555556,0.379171252251,8.00303649902,0.350389063358,-3.2563079003e-05,5.34062928637e-05,20,20,1.89662480354,-1.15128719807,41.5200233459,42.0000314713,40743.0309012,0.454982205605,0.452700343347,6.52887129741e-14,544505.45315
41.2916666667,0.379171252251,8.00303649902,0.350389063358,-3.2563079003e-05,5.34062928637e-05,20,20,1.89662480354,-1.15128719807,41.5200233459,42.0000314713,40743.0309012,0.454982205605,0.452700343347,1.9048308732e-13,544505.45315
41.3027777778,0.379171252251,8.00303649902,0.350389063358,-3.2563079003e-05,5.34062928637e-05,20,20,1.89662480354,-1.15128719807,41.5200233459,42.0000314713,40743.0309012,0.454982205605,0.452700343347,2.34268496555e-13,544505.45315
41.3138888889,0.379171252251,8.00303649902,0.350389063358,-3.2563079003e-05,5.34062928637e-05,20,20,1.89662480354,-1.15128719807,41.5200233459,42.0000314713,40743.0309012,0.454982205605,0.452700343347,2.59133729003e-13,544505.45315
41.325,0.379171252251,8.00303649902,0.350389063358,-3.2563079003e-05,5.34062928637e-05,20,20,1.89662480354,-1.15128719807,41.5200233459,42.0000314713,40743.0309012,0.454982205605,0.452700343347,2.85366018952e-13,544505.45315
41.3361111111,0.379171252251,8.00303649902,0.350389063358,-3.2563079003e-05,5.34062928637e-05,20,20,1.89662480354,-1.15128719807,41.5200233459,42.0000314713,40743.0309012,0.454982205605,0.452700343347,5.38090861106e-14,544505.45315
41.3472222222,0.379171252251,8.00303649902,0.350389063358,-3.2563079003e-05,5.34062928637e-05,20,20,1.89662480354,-1.15128719807,41.5200233459,42.0000314713,40743.0309012,0.454982205605,0.452700343347,6.2850679164e-14,544505.45315
41.3583333333,0.379171252251,8.00303649902,0.350389063358,-3.2563079003e-05,5.34062928637e-05,20,20,1.89662480354,-1.15128719807,41.5200233459,42.0000314713,40743.0309012,0.454982205605,0.452700343347,6.0905169111e-14,544505.45315
41.3694444444,0.379171252251,8.00303649902,0.350389063358,-3.2563079003e-05,5.34062928637e-05,20,20,1.89662480354,-1.15128719807,41.5200233459,42.0000314713,40743.0309012,0.454982205605,0.452700343347,2.64473533635e-14,544505.45315
41.3805555556,0.379171252251,8.00303649902,0.350389063358,-3.2563079003e-05,5.34062928637e-05,20,20,1.89662480354,-1.15128719807,41.5200233459,42.0000314713,40743.0309012,0.454982205605,0.452700343347,2.81364754726e-14,544505.45315
41.3916666667,0.379171252251,8.00303649902,0.350389063358,-3.2563079003e-05,5.34062928637e-05,20,20,1.89662480354,-1.15128719807,41.5200233459,42.0000314713,40743.0309012,0.454982205605,0.452700343347,3.92899750905e-14,544505.45315
41.4027777778,0.379171252251,8.00303649902,0.350389063358,-3.2563079003e-05,5.34062928637e-05,20,20,1.89662480354,-1.15128719807,41.5200233459,42.0000314713,40743.0309012,0.454982205605,0.452700343347,8.78605413144e-14,544505.45315
41.4138888889,0.379171252251,8.00303649902,0.350389063358,-3.2563079003e-05,5.34062928637e-05,20,20,1.89662480354,-1.15128719807,41.5200233459,42.0000314713,40743.0309012,0.454982205605,0.452700343347,2.79821221596e-14,544505.45315
41.425,0.379171252251,8.00303649902,0.350389063358,-3.2563079003e-05,5.34062928637e-05,20,20,1.89662480354,-1.15128719807,41.5200233459,42.0000314713,40743.0309012,0.454982205605,0.452700343347,6.99252541794e-14,544505.45315
41.4361111111,0.379171252251,8.00303649902,0.350389063358,-3.2563079003e-05,5.34062928637e-05,20,20,1.89662480354,-1.15128719807,41.5200233459,42.0000314713,40743.0309012,0.454982205605,0.452700343347,3.25649092514e-14,544505.45315
41.4472222222,0.379171252251,8.00303649902,0.350389063358,-3.2563079003e-05,5.34062928637e-05,20,20,1.89662480354,-1.15128719807,41.5200233459,42.0000314713,40743.0309012,0.454982205605,0.452700343347,1.85340163376e-14,544505.45315
41.4583333333,0.379171252251,8.00303649902,0.350389063358,-3.2563079003e-05,5.34062928637e-05,20,20,1.89662480354,-1.15128719807,41.5200233459,42.0000314713,40743.0309012,0.454982205605,0.452700343347,2.98893268773e-14,544505.45315
41.4694444444,0.379171252251,8.00303649902,0.350389063358,-3.2563079003e-05,5.34062928637e-05,20,20,1.89662480354,-1.15128719807,41.5200233459,42.0000314713,40743.0309012,0.454982205605,0.452700343347,2.14818010952e-14,544505.45315
41.4805555556,0.379171252251,8.00303649902,0.350389063358,-3.2563079003e-05,5.34062928637e-05,20,20,1.89662480354,-1.15128719807,41.5200233459,42.0000314713,40743.0309012,0.454982205605,0.452700343347,7.44015730562e-14,544505.45315
41.4916666667,0.379171252251,8.00303649902,0.350389063358,-3.2563079003e-05,5.34062928637e-05,20,20,1.89662480354,-1.15128719807,41.5200233459,42.0000314713,40743.0309012,0.454982205605,0.452700343347,1.97240437269e-13,544505.45315
41.5027777778,0.379171252251,8.00303649902,0.350389063358,-3.2563079003e-05,5.34062928637e-05,20,20,1.89662480354,-1.15128719807,41.5200233459,42.0000314713,40743.0309012,0.454982205605,0.452700343347,6.54774687333e-14,544505.45315
41.5138888889,0.379171252251,8.00303649902,0.350389063358,-3.2563079003e-05,5.34062928637e-05,20,20,1.89662480354,-1.15128719807,41.5200233459,42.0000314713,40743.0309012,0.454982205605,0.452700343347,4.52253392652e-14,544505.45315
41.525,0.379171252251,8.00303649902,0.350389063358,-3.2563079003e-05,5.34062928637e-05,20,20,1.89662480354,-1.15128719807,41.5200233459,42.0000314713,40743.0309012,0.454982205605,0.452700343347,1.47790143555e-14,544505.45315
41.5361111111,0.379171252251,8.00303649902,0.350389063358,-3.2563079003e-05,5.34062928637e-05,20,20,1.89662480354,-1.15128719807,41.5200233459,42.0000314713,40743.0309012,0.454982205605,0.452700343347,4.12526702134e-14,544505.45315
41.5472222222,0.379171252251,8.00303649902,0.350389063358,-3.2563079003e-05,5.34062928637e-05,20,20,1.89662480354,-1.15128719807,41.5200233459,42.0000314713,40743.0309012,0.454982205605,0.452700343347,4.77786544115e-14,544505.45315
41.5583333333,0.379171252251,8.00303649902,0.350389063358,-3.2563079003e-05,5.34062928637e-05,20,20,1.89662480354,-1.15128719807,41.5200233459,42.0000314713,40743.0309012,0.454982205605,0.452700343347,1.05471803398e-13,544505.45315
41.5694444444,0.379171252251,8.00303649902,0.350389063358,-3.2563079003e-05,5.34062928637e-05,20,20,1.89662480354,-1.15128719807,41.5200233459,42.0000314713,40743.0309012,0.454982205605,0.452700343347,8.47862928403e-14,544505.45315
41.5805555556,0.379171252251,8.00303649902,0.350389063358,-3.2563079003e-05,5.34062928637e-05,20,20,1.89662480354,-1.15128719807,41.5200233459,42.0000314713,40743.0309012,0.454982205605,0.452700343347,5.43562695442e-14,544505.45315
41.5916666667,0.379171252251,8.00303649902,0.350389063358,-3.2563079003e-05,5.34062928637e-05,20,20,1.89662480354,-1.15128719807,41.5200233459,42.0000314713,40743.0309012,0.454982205605,0.452700343347,1.18206209964e-13,544505.45315
41.6027777778,0.379171252251,8.00303649902,0.350389063358,-3.2563079003e-05,5.34062928637e-05,20,20,1.89662480354,-1.15128719807,41.5200233459,42.0000314713,40743.0309012,0.454982205605,0.452700343347,1.05055712647e-13,544505.45315
41.6138888889,0.379171252251,8.00303649902,0.350389063358,-3.2563079003e-05,5.34062928637e-05,20,20,1.89662480354,-1.15128719807,41.5200233459,42.0000314713,40743.0309012,0.454982205605,0.452700343347,7.44091178191e-14,544505.45315
41.625,0.379171252251,8.00303649902,0.350389063358,-3.2563079003e-05,5.34062928637e-05,20,20,1.89662480354,-1.15128719807,41.5200233459,42.0000314713,40743.0309012,0.454982205605,0.452700343347,8.78874661036e-14,544505.45315
41.6361111111,0.379171252251,8.00303649902,0.350389063358,-3.2563079003e-05,5.34062928637e-05,20,20,1.89662480354,-1.15128719807,41.5200233459,42.0000314713,40743.0309012,0.454982205605,0.452700343347,2.72852092371e-14,544505.45315
41.6472222222,0.379171252251,8.00303649902,0.350389063358,-3.2563079003e-05,5.34062928637e-05,20,20,1.89662480354,-1.15128719807,41.5200233459,42.0000314713,40743.0309012,0.454982205605,0.452700343347,3.00770346918e-14,544505.45315
41.6583333333,0.379171252251,8.00303649902,0.350389063358,-3.2563079003e-05,5.34062928637e-05,20,20,1.89662480354,-1.15128719807,41.5200233459,42.0000314713,40743.0309012,0.454982205605,0.452700343347,1.06080324579e-14,544505.45315
41.6694444444,0.379171252251,8.00303649902,0.350389063358,-3.2563079003e-05,5.34062928637e-05,20,20,1.89662480354,-1.15128719807,41.5200233459,42.0000314713,40743.0309012,0.454982205605,0.452700343347,6.61084044593e-14,544505.45315
41.6805555556,0.379171252251,8.00303649902,0.350389063358,-3.2563079003e-05,5.34062928637e-05,20,20,1.89662480354,-1.15128719807,41.5200233459,42.0000314713,40743.0309012,0.454982205605,0.452700343347,1.96408680391e-13,544505.45315
41.6916666667,0.379171252251,8.00303649902,0.350389063358,-3.2563079003e-05,5.34062928637e-05,20,20,1.89662480354,-1.15128719807,41.5200233459,42.0000314713,40743.0309012,0.454982205605,0.452700343347,5.62525932275e-14,544505.45315
41.7027777778,0.379171252251,8.00303649902,0.350389063358,-3.2563079003e-05,5.34062928637e-05,20,20,1.89662480354,-1.15128719807,41.5200233459,42.0000314713,40743.0309012,0.454982205605,0.452700343347,1.59427915086e-14,544505.45315
41.7138888889,0.379171252251,8.00303649902,0.350389063358,-3.2563079003e-05,5.34062928637e-05,20,20,1.89662480354,-1.15128719807,41.5200233459,42.0000314713,40743.0309012,0.454982205605,0.452700343347,2.77096198239e-14,544505.45315
41.725,0.379171252251,8.00303649902,0.350389063358,-3.2563079003e-05,5.34062928637e-05,20,20,1.89662480354,-1.15128719807,41.5200233459,42.0000314713,40743.0309012,0.454982205605,0.452700343347,5.67526243212e-14,544505.45315
41.7361111111,0.379171252251,8.00303649902,0.350389063358,-3.2563079003e-05,5.34062928637e-05,20,20,1.89662480354,-1.15128719807,41.5200233459,42.0000314713,40743.0309012,0.454982205605,0.452700343347,7.26548495618e-14,544505.45315
41.7472222222,0.379171252251,8.00303649902,0.350389063358,-3.2563079003e-05,5.34062928637e-05,20,20,1.89662480354,-1.15128719807,41.5200233459,42.0000314713,40743.0309012,0.454982205605,0.452700343347,6.57752819883e-14,544505.45315
41.7583333333,0.379171252251,8.00303649902,0.350389063358,-3.2563079003e-05,5.34062928637e-05,20,20,1.89662480354,-1.15128719807,41.5200233459,42.0000314713,40743.0309012,0.454982205605,0.452700343347,1.04083187927e-13,544505.45315
41.7694444444,0.379171252251,8.00303649902,0.350389063358,-3.2563079003e-05,5.34062928637e-05,20,20,1.89662480354,-1.15128719807,41.5200233459,42.0000314713,40743.0309012,0.454982205605,0.452700343347,1.01351800428e-13,544505.45315
41.7805555556,0.379171252251,8.00303649902,0.350389063358,-3.2563079003e-05,5.34062928637e-05,20,20,1.89662480354,-1.15128719807,41.5200233459,42.0000314713,40743.0309012,0.454982205605,0.452700343347,1.10921743817e-13,544505.45315
41.7916666667,0.379171252251,8.00303649902,0.350389063358,-3.2563079003e-05,5.34062928637e-05,20,20,1.89662480354,-1.15128719807,41.5200233459,42.0000314713,40743.0309012,0.454982205605,0.452700343347,6.56902931393e-15,544505.45315
41.8027777778,0.379171252251,8.00303649902,0.350389063358,-3.2563079003e-05,5.34062928637e-05,20,20,1.89662480354,-1.15128719807,41.5200233459,42.0000314713,40743.0309012,0.454982205605,0.452700343347,2.0758532255e-14,544505.45315
41.8138888889,0.379171252251,8.00303649902,0.350389063358,-3.2563079003e-05,5.34062928637e-05,20,20,1.89662480354,-1.15128719807,41.5200233459,42.0000314713,40743.0309012,0.454982205605,0.452700343347,1.45136575635e-14,544505.45315
41.825,0.379171252251,8.00303649902,0.350389063358,-3.2563079003e-05,5.34062928637e-05,20,20,1.89662480354,-1.15128719807,41.5200233459,42.0000314713,40743.0309012,0.454982205605,0.452700343347,2.40130002472e-14,544505.45315
41.8361111111,0.379171252251,8.00303649902,0.350389063358,-3.2563079003e-05,5.34062928637e-05,20,20,1.89662480354,-1.15128719807,41.5200233459,42.0000314713,40743.0309012,0.454982205605,0.452700343347,9.06466263395e-15,544505.45315
41.8472222222,0.379171252251,8.00303649902,0.350389063358,-3.2563079003e-05,5.34062928637e-05,20,20,1.89662480354,-1.15128719807,41.5200233459,42.0000314713,40743.0309012,0.454982205605,0.452700343347,2.64947765106e-14,544505.45315
41.8583333333,0.379171252251,8.00303649902,0.350389063358,-3.2563079003e-05,5.34062928637e-05,20,20,1.89662480354,-1.15128719807,41.5200233459,42.0000314713,40743.0309012,0.454982205605,0.452700343347,4.22816877039e-14,544505.45315
41.8694444444,0.379171252251,8.00303649902,0.350389063358,-3.2563079003e-05,5.34062928637e-05,20,20,1.89662480354,-1.15128719807,41.5200233459,42.0000314713,40743.0309012,0.454982205605,0.452700343347,2.63557870756e-14,544505.45315
41.8805555556,0.379171252251,8.00303649902,0.350389063358,-3.2563079003e-05,5.34062928637e-05,20,20,1.89662480354,-1.15128719807,41.5200233459,42.0000314713,40743.0309012,0.454982205605,0.452700343347,1.90712407029e-14,544505.45315
41.8916666667,0.379171252251,8.00303649902,0.350389063358,-3.2563079003e-05,5.34062928637e-05,20,20,1.89662480354,-1.15128719807,41.5200233459,42.0000314713,40743.0309012,0.454982205605,0.452700343347,6.7817238461e-15,544505.45315
41.9027777778,0.379171252251,8.00303649902,0.350389063358,-3.2563079003e-05,5.34062928637e-05,20,20,1.89662480354,-1.15128719807,41.5200233459,42.0000314713,40743.0309012,0.454982205605,0.452700343347,8.5735543954e-15,544505.45315
41.9138888889,0.379171252251,8.00303649902,0.350389063358,-3.2563079003e-05,5.34062928637e-05,20,20,1.89662480354,-1.15128719807,41.5200233459,42.0000314713,40743.0309012,0.454982205605,0.452700343347,2.96968576205e-14,544505.45315
41.925,0.379171252251,8.00303649902,0.350389063358,-3.2563079003e-05,5.34062928637e-05,20,20,1.89662480354,-1.15128719807,41.5200233459,42.0000314713,40743.0309012,0.454982205605,0.452700343347,5.7028662246e-14,544505.45315
41.9361111111,0.379171252251,8.00303649902,0.350389063358,-3.2563079003e-05,5.34062928637e-05,20,20,1.89662480354,-1.15128719807,41.5200233459,42.0000314713,40743.0309012,0.454982205605,0.452700343347,7.59209977112e-14,544505.45315
41.9472222222,0.379171252251,8.00303649902,0.350389063358,-3.2563079003e-05,5.34062928637e-05,20,20,1.89662480354,-1.15128719807,41.5200233459,42.0000314713,40743.0309012,0.454982205605,0.452700343347,3.07614247232e-14,544505.45315
41.9583333333,0.379171252251,8.00303649902,0.350389063358,-3.2563079003e-05,5.34062928637e-05,20,20,1.89662480354,-1.15128719807,41.5200233459,42.0000314713,40743.0309012,0.454982205605,0.452700343347,8.30992922344e-15,544505.45315
41.9694444444,0.379171252251,8.00303649902,0.350389063358,-3.2563079003e-05,5.34062928637e-05,20,20,1.89662480354,-1.15128719807,41.5200233459,42.0000314713,40743.0309012,0.454982205605,0.452700343347,1.04136742408e-13,544505.45315
41.9805555556,0.379171252251,8.00303649902,0.350389063358,-3.2563079003e-05,5.34062928637e-05,20,20,1.89662480354,-1.15128719807,41.5200233459,42.0000314713,40743.0309012,0.454982205605,0.452700343347,7.94695562359e-14,544505.45315
41.9916666667,0.379171252251,8.00303649902,0.350389063358,-3.2563079003e-05,5.34062928637e-05,20,20,1.89662480354,-1.15128719807,41.5200233459,42.0000314713,40743.0309012,0.454982205605,0.452700343347,1.19168202315e-13,544505.45315
42.0027777778,0.379171252251,8.00303649902,0.350389063358,-3.2563079003e-05,5.34062928637e-05,20,20,1.89662480354,-1.15128719807,41.5200233459,42.0000314713,40743.0309012,0.454982205605,0.452700343347,2.09215116549e-13,544505.45315
42.0138888889,0.379171252251,8.00303649902,0.350389063358,-3.2563079003e-05,5.34062928637e-05,20,20,1.89662480354,-1.15128719807,41.5200233459,42.0000314713,40743.0309012,0.454982205605,0.452700343347,2.3288618509e-13,544505.45315
42.025,0.379171252251,8.00303649902,0.350389063358,-3.2563079003e-05,5.34062928637e-05,20,20,1.89662480354,-1.15128719807,41.5200233459,42.0000314713,40743.0309012,0.454982205605,0.452700343347,2.80726891096e-13,544505.45315
42.0361111111,0.379171252251,8.00303649902,0.350389063358,-3.2563079003e-05,5.34062928637e-05,20,20,1.89662480354,-1.15128719807,41.5200233459,42.0000314713,40743.0309012,0.454982205605,0.452700343347,1.96840899113e-13,544505.45315
42.0472222222,0.379171252251,8.00303649902,0.350389063358,-3.2563079003e-05,5.34062928637e-05,20,20,1.89662480354,-1.15128719807,41.5200233459,42.0000314713,40743.0309012,0.454982205605,0.452700343347,1.5410177264e-13,544505.45315
42.0583333333,0.379171252251,8.00303649902,0.350389063358,-3.2563079003e-05,5.34062928637e-05,20,20,1.89662480354,-1.15128719807,41.5200233459,42.0000314713,40743.0309012,0.454982205605,0.452700343347,1.06017380998e-13,544505.45315
42.0694444444,0.379171252251,8.00303649902,0.350389063358,-3.2563079003e-05,5.34062928637e-05,20,20,1.89662480354,-1.15128719807,41.5200233459,42.0000314713,40743.0309012,0.454982205605,0.452700343347,2.63477169002e-13,544505.45315
42.0805555556,0.379171252251,8.00303649902,0.350389063358,-3.2563079003e-05,5.34062928637e-05,20,20,1.89662480354,-1.15128719807,41.5200233459,42.0000314713,40743.0309012,0.454982205605,0.452700343347,1.64572299862e-14,544505.45315
42.0916666667,0.379171252251,8.00303649902,0.350389063358,-3.2563079003e-05,5.34062928637e-05,20,20,1.89662480354,-1.15128719807,41.5200233459,42.0000314713,40743.0309012,0.454982205605,0.452700343347,3.00661593669e-14,544505.45315
42.1027777778,0.379171252251,8.00303649902,0.350389063358,-3.2563079003e-05,5.34062928637e-05,20,20,1.89662480354,-1.15128719807,41.5200233459,42.0000314713,40743.0309012,0.454982205605,0.452700343347,5.0132550927e-15,544505.45315
42.1138888889,0.379171252251,8.00303649902,0.350389063358,-3.2563079003e-05,5.34062928637e-05,20,20,1.89662480354,-1.15128719807,41.5200233459,42.0000314713,40743.0309012,0.454982205605,0.452700343347,1.03309876084e-13,544505.45315
42.125,0.379171252251,8.00303649902,0.350389063358,-3.2563079003e-05,5.34062928637e-05,20,20,1.89662480354,-1.15128719807,41.5200233459,42.0000314713,40743.0309012,0.454982205605,0.452700343347,7.82613901372e-14,544505.45315
42.1361111111,0.379171252251,8.00303649902,0.350389063358,-3.2563079003e-05,5.34062928637e-05,20,20,1.89662480354,-1.15128719807,41.5200233459,42.0000314713,40743.0309012,0.454982205605,0.452700343347,1.80972064859e-14,544505.45315
42.1472222222,0.379171252251,8.00303649902,0.350389063358,-3.2563079003e-05,5.34062928637e-05,20,20,1.89662480354,-1.15128719807,41.5200233459,42.0000314713,40743.0309012,0.454982205605,0.452700343347,1.69272131027e-13,544505.45315
42.1583333333,0.379171252251,8.00303649902,0.350389063358,-3.2563079003e-05,5.34062928637e-05,20,20,1.89662480354,-1.15128719807,41.5200233459,42.0000314713,40743.0309012,0.454982205605,0.452700343347,9.59736719804e-14,544505.45315
42.1694444444,0.379171252251,8.00303649902,0.350389063358,-3.2563079003e-05,5.34062928637e-05,20,20,1.89662480354,-1.15128719807,41.5200233459,42.0000314713,40743.0309012,0.454982205605,0.452700343347,5.48883544313e-14,544505.45315
42.1805555556,0.379171252251,8.00303649902,0.350389063358,-3.2563079003e-05,5.34062928637e-05,20,20,1.89662480354,-1.15128719807,41.5200233459,42.0000314713,40743.0309012,0.454982205605,0.452700343347,3.07016568594e-14,544505.45315
42.1916666667,0.379171252251,8.00303649902,0.350389063358,-3.2563079003e-05,5.34062928637e-05,20,20,1.89662480354,-1.15128719807,41.5200233459,42.0000314713,40743.0309012,0.454982205605,0.452700343347,1.42709991478e-13,544505.45315
42.2027777778,0.379171252251,8.00303649902,0.350389063358,-3.2563079003e-05,5.34062928637e-05,20,20,1.89662480354,-1.15128719807,41.5200233459,42.0000314713,40743.0309012,0.454982205605,0.452700343347,2.63597787501e-14,544505.45315
42.2138888889,0.379171252251,8.00303649902,0.350389063358,-3.2563079003e-05,5.34062928637e-05,20,20,1.89662480354,-1.15128719807,41.5200233459,42.0000314713,40743.0309012,0.454982205605,0.452700343347,5.7388829908e-14,544505.45315
42.225,0.379171252251,8.00303649902,0.350389063358,-3.2563079003e-05,5.34062928637e-05,20,20,1.89662480354,-1.15128719807,41.5200233459,42.0000314713,40743.0309012,0.454982205605,0.452700343347,2.24395063624e-13,544505.45315
42.2361111111,0.379171252251,8.00303649902,0.350389063358,-3.2563079003e-05,5.34062928637e-05,20,20,1.89662480354,-1.15128719807,41.5200233459,42.0000314713,40743.0309012,0.454982205605,0.452700343347,2.05295548533e-13,544505.45315
42.2472222222,0.379171252251,8.00303649902,0.350389063358,-3.2563079003e-05,5.34062928637e-05,20,20,1.89662480354,-1.15128719807,41.5200233459,42.0000314713,40743.0309012,0.454982205605,0.452700343347,3.76790468868e-14,544505.45315
42.2583333333,0.379171252251,8.00303649902,0.350389063358,-3.2563079003e-05,5.34062928637e-05,20,20,1.89662480354,-1.15128719807,41.5200233459,42.0000314713,40743.0309012,0.454982205605,0.452700343347,1.76585928195e-14,544505.45315
42.2694444444,0.379171252251,8.00303649902,0.350389063358,-3.2563079003e-05,5.34062928637e-05,20,20,1.89662480354,-1.15128719807,41.5200233459,42.0000314713,40743.0309012,0.454982205605,0.452700343347,4.78705765342e-14,544505.45315
42.2805555556,0.379171252251,8.00303649902,0.350389063358,-3.2563079003e-05,5.34062928637e-05,20,20,1.89662480354,-1.15128719807,41.5200233459,42.0000314713,40743.0309012,0.454982205605,0.452700343347,6.36458978941e-14,544505.45315
42.2916666667,0.379171252251,8.00303649902,0.350389063358,-3.2563079003e-05,5.34062928637e-05,20,20,1.89662480354,-1.15128719807,41.5200233459,42.0000314713,40743.0309012,0.454982205605,0.452700343347,4.59370207277e-14,544505.45315
42.3027777778,0.379171252251,8.00303649902,0.350389063358,-3.2563079003e-05,5.34062928637e-05,20,20,1.89662480354,-1.15128719807,41.5200233459,42.0000314713,40743.0309012,0.454982205605,0.452700343347,2.62083415447e-14,544505.45315
42.3138888889,0.379171252251,8.00303649902,0.350389063358,-3.2563079003e-05,5.34062928637e-05,20,20,1.89662480354,-1.15128719807,41.5200233459,42.0000314713,40743.0309012,0.454982205605,0.452700343347,3.30999990346e-14,544505.45315
42.325,0.379171252251,8.00303649902,0.350389063358,-3.2563079003e-05,5.34062928637e-05,20,20,1.89662480354,-1.15128719807,41.5200233459,42.0000314713,40743.0309012,0.454982205605,0.452700343347,8.24846865331e-14,544505.45315
42.3361111111,0.379171252251,8.00303649902,0.350389063358,-3.2563079003e-05,5.34062928637e-05,20,20,1.89662480354,-1.15128719807,41.5200233459,42.0000314713,40743.0309012,0.454982205605,0.452700343347,8.36929279268e-14,544505.45315
42.3472222222,0.379171252251,8.00303649902,0.350389063358,-3.2563079003e-05,5.34062928637e-05,20,20,1.89662480354,-1.15128719807,41.5200233459,42.0000314713,40743.0309012,0.454982205605,0.452700343347,1.73404224527e-13,544505.45315
42.3583333333,0.379171252251,8.00303649902,0.350389063358,-3.2563079003e-05,5.34062928637e-05,20,20,1.89662480354,-1.15128719807,41.5200233459,42.0000314713,40743.0309012,0.454982205605,0.452700343347,2.86809436644e-13,544505.45315
42.3694444444,0.379171252251,8.00303649902,0.350389063358,-3.2563079003e-05,5.34062928637e-05,20,20,1.89662480354,-1.15128719807,41.5200233459,42.0000314713,40743.0309012,0.454982205605,0.452700343347,8.71682215929e-14,544505.45315
42.3805555556,0.379171252251,8.00303649902,0.350389063358,-3.2563079003e-05,5.34062928637e-05,20,20,1.89662480354,-1.15128719807,41.5200233459,42.0000314713,40743.0309012,0.454982205605,0.452700343347,2.18428771648e-14,544505.45315
42.3916666667,0.379171252251,8.00303649902,0.350389063358,-3.2563079003e-05,5.34062928637e-05,20,20,1.89662480354,-1.15128719807,41.5200233459,42.0000314713,40743.0309012,0.454982205605,0.452700343347,7.70659609779e-14,544505.45315
42.4027777778,0.379171252251,8.00303649902,0.350389063358,-3.2563079003e-05,5.34062928637e-05,20,20,1.89662480354,-1.15128719807,41.5200233459,42.0000314713,40743.0309012,0.454982205605,0.452700343347,3.55777922418e-14,544505.45315
42.4138888889,0.379171252251,8.00303649902,0.350389063358,-3.2563079003e-05,5.34062928637e-05,20,20,1.89662480354,-1.15128719807,41.5200233459,42.0000314713,40743.0309012,0.454982205605,0.452700343347,1.2762868414e-13,544505.45315
42.425,0.379171252251,8.00303649902,0.350389063358,-3.2563079003e-05,5.34062928637e-05,20,20,1.89662480354,-1.15128719807,41.5200233459,42.0000314713,40743.0309012,0.454982205605,0.452700343347,6.26003665497e-14,544505.45315
42.4361111111,0.379171252251,8.00303649902,0.350389063358,-3.2563079003e-05,5.34062928637e-05,20,20,1.89662480354,-1.15128719807,41.5200233459,42.0000314713,40743.0309012,0.454982205605,0.452700343347,1.60980253848e-13,544505.45315
42.4472222222,0.379171252251,8.00303649902,0.350389063358,-3.2563079003e-05,5.34062928637e-05,20,20,1.89662480354,-1.15128719807,41.5200233459,42.0000314713,40743.0309012,0.454982205605,0.452700343347,3.43296378516e-14,544505.45315
42.4583333333,0.379171252251,8.00303649902,0.350389063358,-3.2563079003e-05,5.34062928637e-05,20,20,1.89662480354,-1.15128719807,41.5200233459,42.0000314713,40743.0309012,0.454982205605,0.452700343347,2.82065302871e-14,544505.45315
42.4694444444,0.379171252251,8.00303649902,0.350389063358,-3.2563079003e-05,5.34062928637e-05,20,20,1.89662480354,-1.15128719807,41.5200233459,42.0000314713,40743.0309012,0.454982205605,0.452700343347,5.64798286652e-14,544505.45315
42.4805555556,0.379171252251,8.00303649902,0.350389063358,-3.2563079003e-05,5.34062928637e-05,20,20,1.89662480354,-1.15128719807,41.5200233459,42.0000314713,40743.0309012,0.454982205605,0.452700343347,5.53216477674e-14,544505.45315
42.4916666667,0.379171252251,8.00303649902,0.350389063358,-3.2563079003e-05,5.34062928637e-05,20,20,1.89662480354,-1.15128719807,41.5200233459,42.0000314713,40743.0309012,0.454982205605,0.452700343347,8.5002376788e-14,544505.45315
42.5027777778,0.379171252251,8.00303649902,0.350389063358,-3.2563079003e-05,5.34062928637e-05,20,20,1.89662480354,-1.15128719807,41.5200233459,42.0000314713,40743.0309012,0.454982205605,0.452700343347,5.59043961781e-14,544505.45315
42.5138888889,0.379171252251,8.00303649902,0.350389063358,-3.2563079003e-05,5.34062928637e-05,20,20,1.89662480354,-1.15128719807,41.5200233459,42.0000314713,40743.0309012,0.454982205605,0.452700343347,3.58080286961e-14,544505.45315
42.525,0.379171252251,8.00303649902,0.350389063358,-3.2563079003e-05,5.34062928637e-05,20,20,1.89662480354,-1.15128719807,41.5200233459,42.0000314713,40743.0309012,0.454982205605,0.452700343347,6.43098583572e-14,544505.45315
42.5361111111,0.379171252251,8.00303649902,0.350389063358,-3.2563079003e-05,5.34062928637e-05,20,20,1.89662480354,-1.15128719807,41.5200233459,42.0000314713,40743.0309012,0.454982205605,0.452700343347,8.52903067041e-14,544505.45315
42.5472222222,0.379171252251,8.00303649902,0.350389063358,-3.2563079003e-05,5.34062928637e-05,20,20,1.89662480354,-1.15128719807,41.5200233459,42.0000314713,40743.0309012,0.454982205605,0.452700343347,1.5798828194e-13,544505.45315
42.5583333333,0.379171252251,8.00303649902,0.350389063358,-3.2563079003e-05,5.34062928637e-05,20,20,1.89662480354,-1.15128719807,41.5200233459,42.0000314713,40743.0309012,0.454982205605,0.452700343347,1.43320378017e-13,544505.45315
42.5694444444,0.379171252251,8.00303649902,0.350389063358,-3.2563079003e-05,5.34062928637e-05,20,20,1.89662480354,-1.15128719807,41.5200233459,42.0000314713,40743.0309012,0.454982205605,0.452700343347,1.48070322428e-13,544505.45315
42.5805555556,0.379171252251,8.00303649902,0.350389063358,-3.2563079003e-05,5.34062928637e-05,20,20,1.89662480354,-1.15128719807,41.5200233459,42.0000314713,40743.0309012,0.454982205605,0.452700343347,1.87284863448e-14,544505.45315
42.5916666667,0.379171252251,8.00303649902,0.350389063358,-3.2563079003e-05,5.34062928637e-05,20,20,1.89662480354,-1.15128719807,41.5200233459,42.0000314713,40743.0309012,0.454982205605,0.452700343347,7.86940189055e-14,544505.45315
42.6027777778,0.379171252251,8.00303649902,0.350389063358,-3.2563079003e-05,5.34062928637e-05,20,20,1.89662480354,-1.15128719807,41.5200233459,42.0000314713,40743.0309012,0.454982205605,0.452700343347,2.79314343392e-14,544505.45315
42.6138888889,0.379171252251,8.00303649902,0.350389063358,-3.2563079003e-05,5.34062928637e-05,20,20,1.89662480354,-1.15128719807,41.5200233459,42.0000314713,40743.0309012,0.454982205605,0.452700343347,2.27609745273e-14,544505.45315
42.625,0.379171252251,8.00303649902,0.350389063358,-3.2563079003e-05,5.34062928637e-05,20,20,1.89662480354,-1.15128719807,41.5200233459,42.0000314713,40743.0309012,0.454982205605,0.452700343347,7.93462607502e-14,544505.45315
42.6361111111,0.379171252251,8.00303649902,0.350389063358,-3.2563079003e-05,5.34062928637e-05,20,20,1.89662480354,-1.15128719807,41.5200233459,42.0000314713,40743.0309012,0.454982205605,0.452700343347,5.83156738489e-14,544505.45315
42.6472222222,0.379171252251,8.00303649902,0.350389063358,-3.2563079003e-05,5.34062928637e-05,20,20,1.89662480354,-1.15128719807,41.5200233459,42.0000314713,40743.0309012,0.454982205605,0.452700343347,4.4362832781e-14,544505.45315
42.6583333333,0.379171252251,8.00303649902,0.350389063358,-3.2563079003e-05,5.34062928637e-05,20,20,1.89662480354,-1.15128719807,41.5200233459,42.0000314713,40743.0309012,0.454982205605,0.452700343347,5.2039170576e-14,544505.45315
42.6694444444,0.379171252251,8.00303649902,0.350389063358,-3.2563079003e-05,5.34062928637e-05,20,20,1.89662480354,-1.15128719807,41.5200233459,42.0000314713,40743.0309012,0.454982205605,0.452700343347,7.32020908882e-14,544505.45315
42.6805555556,0.379171252251,8.00303649902,0.350389063358,-3.2563079003e-05,5.34062928637e-05,20,20,1.89662480354,-1.15128719807,41.5200233459,42.0000314713,40743.0309012,0.454982205605,0.452700343347,9.34637460943e-14,544505.45315
42.6916666667,0.379171252251,8.00303649902,0.350389063358,-3.2563079003e-05,5.34062928637e-05,20,20,1.89662480354,-1.15128719807,41.5200233459,42.0000314713,40743.0309012,0.454982205605,0.452700343347,1.2069296903e-14,544505.45315
42.7027777778,0.379171252251,8.00303649902,0.350389063358,-3.2563079003e-05,5.34062928637e-05,20,20,1.89662480354,-1.15128719807,41.5200233459,42.0000314713,40743.0309012,0.454982205605,0.452700343347,1.86490032625e-14,544505.45315
42.7138888889,0.379171252251,8.00303649902,0.350389063358,-3.2563079003e-05,5.34062928637e-05,20,20,1.89662480354,-1.15128719807,41.5200233459,42.0000314713,40743.0309012,0.454982205605,0.452700343347,4.47334225977e-14,544505.45315
42.725,0.379171252251,8.00303649902,0.350389063358,-3.2563079003e-05,5.34062928637e-05,20,20,1.89662480354,-1.15128719807,41.5200233459,42.0000314713,40743.0309012,0.454982205605,0.452700343347,1.00393629447e-14,544505.45315
42.7361111111,0.379171252251,8.00303649902,0.350389063358,-3.2563079003e-05,5.34062928637e-05,20,20,1.89662480354,-1.15128719807,41.5200233459,42.0000314713,40743.0309012,0.454982205605,0.452700343347,1.66672836119e-14,544505.45315
42.7472222222,0.379171252251,8.00303649902,0.350389063358,-3.2563079003e-05,5.34062928637e-05,20,20,1.89662480354,-1.15128719807,41.5200233459,42.0000314713,40743.0309012,0.454982205605,0.452700343347,1.06428897862e-13,544505.45315
42.7583333333,0.379171252251,8.00303649902,0.350389063358,-3.2563079003e-05,5.34062928637e-05,20,20,1.89662480354,-1.15128719807,41.5200233459,42.0000314713,40743.0309012,0.454982205605,0.452700343347,2.10798734202e-14,544505.45315
42.7694444444,0.379171252251,8.00303649902,0.350389063358,-3.2563079003e-05,5.34062928637e-05,20,20,1.89662480354,-1.15128719807,41.5200233459,42.0000314713,40743.0309012,0.454982205605,0.452700343347,3.51174325774e-14,544505.45315
42.7805555556,0.379171252251,8.00303649902,0.350389063358,-3.2563079003e-05,5.34062928637e-05,20,20,1.89662480354,-1.15128719807,41.5200233459,42.0000314713,40743.0309012,0.454982205605,0.452700343347,1.24622226795e-13,544505.45315
42.7916666667,0.379171252251,8.00303649902,0.350389063358,-3.2563079003e-05,5.34062928637e-05,20,20,1.89662480354,-1.15128719807,41.5200233459,42.0000314713,40743.0309012,0.454982205605,0.452700343347,9.71769339924e-14,544505.45315
42.8027777778,0.379171252251,8.00303649902,0.350389063358,-3.2563079003e-05,5.34062928637e-05,20,20,1.89662480354,-1.15128719807,41.5200233459,42.0000314713,40743.0309012,0.454982205605,0.452700343347,8.9051211951e-14,544505.45315
42.8138888889,0.379171252251,8.00303649902,0.350389063358,-3.2563079003e-05,5.34062928637e-05,20,20,1.89662480354,-1.15128719807,41.5200233459,42.0000314713,40743.0309012,0.454982205605,0.452700343347,1.34426876721e-14,544505.45315
42.825,0.379171252251,8.00303649902,0.350389063358,-3.2563079003e-05,5.34062928637e-05,20,20,1.89662480354,-1.15128719807,41.5200233459,42.0000314713,40743.0309012,0.454982205605,0.452700343347,6.59820878397e-15,544505.45315
42.8361111111,0.379171252251,8.00303649902,0.350389063358,-3.2563079003e-05,5.34062928637e-05,20,20,1.89662480354,-1.15128719807,41.5200233459,42.0000314713,40743.0309012,0.454982205605,0.452700343347,2.61095134058e-14,544505.45315
42.8472222222,0.379171252251,8.00303649902,0.350389063358,-3.2563079003e-05,5.34062928637e-05,20,20,1.89662480354,-1.15128719807,41.5200233459,42.0000314713,40743.0309012,0.454982205605,0.452700343347,1.09413512568e-13,544505.45315
42.8583333333,0.379171252251,8.00303649902,0.350389063358,-3.2563079003e-05,5.34062928637e-05,20,20,1.89662480354,-1.15128719807,41.5200233459,42.0000314713,40743.0309012,0.454982205605,0.452700343347,5.54990678116e-14,544505.45315
42.8694444444,0.379171252251,8.00303649902,0.350389063358,-3.2563079003e-05,5.34062928637e-05,20,20,1.89662480354,-1.15128719807,41.5200233459,42.0000314713,40743.0309012,0.454982205605,0.452700343347,6.60588705601e-14,544505.45315
42.8805555556,0.379171252251,8.00303649902,0.350389063358,-3.2563079003e-05,5.34062928637e-05,20,20,1.89662480354,-1.15128719807,41.5200233459,42.0000314713,40743.0309012,0.454982205605,0.452700343347,4.41815226007e-14,544505.45315
42.8916666667,0.379171252251,8.00303649902,0.350389063358,-3.2563079003e-05,5.34062928637e-05,20,20,1.89662480354,-1.15128719807,41.5200233459,42.0000314713,40743.0309012,0.454982205605,0.452700343347,2.86069453233e-13,544505.45315
42.9027777778,0.379171252251,8.00303649902,0.350389063358,-3.2563079003e-05,5.34062928637e-05,20,20,1.89662480354,-1.15128719807,41.5200233459,42.0000314713,40743.0309012,0.454982205605,0.452700343347,6.84269664959e-13,544505.45315
42.9138888889,0.379171252251,8.00303649902,0.350389063358,-3.2563079003e-05,5.34062928637e-05,20,20,1.89662480354,-1.15128719807,41.5200233459,42.0000314713,40743.0309012,0.454982205605,0.452700343347,4.2469934595e-13,544505.45315
42.925,0.379171252251,8.00303649902,0.350389063358,-3.2563079003e-05,5.34062928637e-05,20,20,1.89662480354,-1.15128719807,41.5200233459,42.0000314713,40743.0309012,0.454982205605,0.452700343347,9.92836485423e-14,544505.45315
42.9361111111,0.379171252251,8.00303649902,0.350389063358,-3.2563079003e-05,5.34062928637e-05,20,20,1.89662480354,-1.15128719807,41.5200233459,42.0000314713,40743.0309012,0.454982205605,0.452700343347,7.26002496352e-15,544505.45315
42.9472222222,0.379171252251,8.00303649902,0.350389063358,-3.2563079003e-05,5.34062928637e-05,20,20,1.89662480354,-1.15128719807,41.5200233459,42.0000314713,40743.0309012,0.454982205605,0.452700343347,4.1904276586e-14,544505.45315
42.9583333333,0.379171252251,8.00303649902,0.350389063358,-3.2563079003e-05,5.34062928637e-05,20,20,1.89662480354,-1.15128719807,41.5200233459,42.0000314713,40743.0309012,0.454982205605,0.452700343347,8.14745947435e-14,544505.45315
42.9694444444,0.379171252251,8.00303649902,0.350389063358,-3.2563079003e-05,5.34062928637e-05,20,20,1.89662480354,-1.15128719807,41.5200233459,42.0000314713,40743.0309012,0.454982205605,0.452700343347,1.66856562388e-13,544505.45315
42.9805555556,0.379171252251,8.00303649902,0.350389063358,-3.2563079003e-05,5.34062928637e-05,20,20,1.89662480354,-1.15128719807,41.5200233459,42.0000314713,40743.0309012,0.454982205605,0.452700343347,1.66419167423e-13,544505.45315
42.9916666667,0.379171252251,8.00303649902,0.350389063358,-3.2563079003e-05,5.34062928637e-05,20,20,1.89662480354,-1.15128719807,41.5200233459,42.0000314713,40743.0309012,0.454982205605,0.452700343347,1.56376221251e-13,544505.45315
43.0027777778,0.379171252251,8.00303649902,0.350389063358,-3.2563079003e-05,5.34062928637e-05,20,20,1.89662480354,-1.15128719807,41.5200233459,42.0000314713,40743.0309012,0.454982205605,0.452700343347,1.26251044277e-13,544505.45315
43.0138888889,0.379171252251,8.00303649902,0.350389063358,-3.2563079003e-05,5.34062928637e-05,20,20,1.89662480354,-1.15128719807,41.5200233459,42.0000314713,40743.0309012,0.454982205605,0.452700343347,6.71657723405e-14,544505.45315
43.025,0.379171252251,8.00303649902,0.350389063358,-3.2563079003e-05,5.34062928637e-05,20,20,1.89662480354,-1.15128719807,41.5200233459,42.0000314713,40743.0309012,0.454982205605,0.452700343347,3.78257135306e-14,544505.45315
43.0361111111,0.379171252251,8.00303649902,0.350389063358,-3.2563079003e-05,5.34062928637e-05,20,20,1.89662480354,-1.15128719807,41.5200233459,42.0000314713,40743.0309012,0.454982205605,0.452700343347,9.76147293309e-14,544505.45315
43.0472222222,0.379171252251,8.00303649902,0.350389063358,-3.2563079003e-05,5.34062928637e-05,20,20,1.89662480354,-1.15128719807,41.5200233459,42.0000314713,40743.0309012,0.454982205605,0.452700343347,4.759018927e-14,544505.45315
43.0583333333,0.379171252251,8.00303649902,0.350389063358,-3.2563079003e-05,5.34062928637e-05,20,20,1.89662480354,-1.15128719807,41.5200233459,42.0000314713,40743.0309012,0.454982205605,0.452700343347,1.16291002116e-13,544505.45315
43.0694444444,0.379171252251,8.00303649902,0.350389063358,-3.2563079003e-05,5.34062928637e-05,20,20,1.89662480354,-1.15128719807,41.5200233459,42.0000314713,40743.0309012,0.454982205605,0.452700343347,2.86472010221e-14,544505.45315
43.0805555556,0.379171252251,8.00303649902,0.350389063358,-3.2563079003e-05,5.34062928637e-05,20,20,1.89662480354,-1.15128719807,41.5200233459,42.0000314713,40743.0309012,0.454982205605,0.452700343347,4.2162432142e-14,544505.45315
43.0916666667,0.379171252251,8.00303649902,0.350389063358,-3.2563079003e-05,5.34062928637e-05,20,20,1.89662480354,-1.15128719807,41.5200233459,42.0000314713,40743.0309012,0.454982205605,0.452700343347,5.43761832227e-14,544505.45315
43.1027777778,0.379171252251,8.00303649902,0.350389063358,-3.2563079003e-05,5.34062928637e-05,20,20,1.89662480354,-1.15128719807,41.5200233459,42.0000314713,40743.0309012,0.454982205605,0.452700343347,3.11512792976e-14,544505.45315
43.1138888889,0.379171252251,8.00303649902,0.350389063358,-3.2563079003e-05,5.34062928637e-05,20,20,1.89662480354,-1.15128719807,41.5200233459,42.0000314713,40743.0309012,0.454982205605,0.452700343347,6.36441432456e-14,544505.45315
43.125,0.379171252251,8.00303649902,0.350389063358,-3.2563079003e-05,5.34062928637e-05,20,20,1.89662480354,-1.15128719807,41.5200233459,42.0000314713,40743.0309012,0.454982205605,0.452700343347,3.21674501527e-14,544505.45315
43.1361111111,0.379171252251,8.00303649902,0.350389063358,-3.2563079003e-05,5.34062928637e-05,20,20,1.89662480354,-1.15128719807,41.5200233459,42.0000314713,40743.0309012,0.454982205605,0.452700343347,1.8927333009e-14,544505.45315
43.1472222222,0.379171252251,8.00303649902,0.350389063358,-3.2563079003e-05,5.34062928637e-05,20,20,1.89662480354,-1.15128719807,41.5200233459,42.0000314713,40743.0309012,0.454982205605,0.452700343347,6.40850650241e-14,544505.45315
43.1583333333,0.379171252251,8.00303649902,0.350389063358,-3.2563079003e-05,5.34062928637e-05,20,20,1.89662480354,-1.15128719807,41.5200233459,42.0000314713,40743.0309012,0.454982205605,0.452700343347,3.07720419608e-14,544505.45315
43.1694444444,0.379171252251,8.00303649902,0.350389063358,-3.2563079003e-05,5.34062928637e-05,20,20,1.89662480354,-1.15128719807,41.5200233459,42.0000314713,40743.0309012,0.454982205605,0.452700343347,8.73111639374e-14,544505.45315
43.1805555556,0.379171252251,8.00303649902,0.350389063358,-3.2563079003e-05,5.34062928637e-05,20,20,1.89662480354,-1.15128719807,41.5200233459,42.0000314713,40743.0309012,0.454982205605,0.452700343347,1.61085644255e-13,544505.45315
43.1916666667,0.379171252251,8.00303649902,0.350389063358,-3.2563079003e-05,5.34062928637e-05,20,20,1.89662480354,-1.15128719807,41.5200233459,42.0000314713,40743.0309012,0.454982205605,0.452700343347,7.39415002591e-14,544505.45315
43.2027777778,0.379171252251,8.00303649902,0.350389063358,-3.2563079003e-05,5.34062928637e-05,20,20,1.89662480354,-1.15128719807,41.5200233459,42.0000314713,40743.0309012,0.454982205605,0.452700343347,5.01731116608e-14,544505.45315
43.2138888889,0.379171252251,8.00303649902,0.350389063358,-3.2563079003e-05,5.34062928637e-05,20,20,1.89662480354,-1.15128719807,41.5200233459,42.0000314713,40743.0309012,0.454982205605,0.452700343347,1.68129087558e-14,544505.45315
43.225,0.379171252251,8.00303649902,0.350389063358,-3.2563079003e-05,5.34062928637e-05,20,20,1.89662480354,-1.15128719807,41.5200233459,42.0000314713,40743.0309012,0.454982205605,0.452700343347,1.39024978853e-14,544505.45315
43.2361111111,0.379171252251,8.00303649902,0.350389063358,-3.2563079003e-05,5.34062928637e-05,20,20,1.89662480354,-1.15128719807,41.5200233459,42.0000314713,40743.0309012,0.454982205605,0.452700343347,2.85856534013e-14,544505.45315
43.2472222222,0.379171252251,8.00303649902,0.350389063358,-3.2563079003e-05,5.34062928637e-05,20,20,1.89662480354,-1.15128719807,41.5200233459,42.0000314713,40743.0309012,0.454982205605,0.452700343347,2.51200994909e-14,544505.45315
43.2583333333,0.379171252251,8.00303649902,0.350389063358,-3.2563079003e-05,5.34062928637e-05,20,20,1.89662480354,-1.15128719807,41.5200233459,42.0000314713,40743.0309012,0.454982205605,0.452700343347,1.06818500779e-13,544505.45315
43.2694444444,0.379171252251,8.00303649902,0.350389063358,-3.2563079003e-05,5.34062928637e-05,20,20,1.89662480354,-1.15128719807,41.5200233459,42.0000314713,40743.0309012,0.454982205605,0.452700343347,4.56874479876e-14,544505.45315
43.2805555556,0.379171252251,8.00303649902,0.350389063358,-3.2563079003e-05,5.34062928637e-05,20,20,1.89662480354,-1.15128719807,41.5200233459,42.0000314713,40743.0309012,0.454982205605,0.452700343347,6.78556497227e-14,544505.45315
43.2916666667,0.379171252251,8.00303649902,0.350389063358,-3.2563079003e-05,5.34062928637e-05,20,20,1.89662480354,-1.15128719807,41.5200233459,42.0000314713,40743.0309012,0.454982205605,0.452700343347,1.25351331941e-13,544505.45315
43.3027777778,0.379171252251,8.00303649902,0.350389063358,-3.2563079003e-05,5.34062928637e-05,20,20,1.89662480354,-1.15128719807,41.5200233459,42.0000314713,40743.0309012,0.454982205605,0.452700343347,8.3886636633e-14,544505.45315
43.3138888889,0.379171252251,8.00303649902,0.350389063358,-3.2563079003e-05,5.34062928637e-05,20,20,1.89662480354,-1.15128719807,41.5200233459,42.0000314713,40743.0309012,0.454982205605,0.452700343347,5.35327058527e-14,544505.45315
43.325,0.379171252251,8.00303649902,0.350389063358,-3.2563079003e-05,5.34062928637e-05,20,20,1.89662480354,-1.15128719807,41.5200233459,42.0000314713,40743.0309012,0.454982205605,0.452700343347,3.31886809604e-14,544505.45315
43.3361111111,0.379171252251,8.00303649902,0.350389063358,-3.2563079003e-05,5.34062928637e-05,20,20,1.89662480354,-1.15128719807,41.5200233459,42.0000314713,40743.0309012,0.454982205605,0.452700343347,1.26347139663e-13,544505.45315
43.3472222222,0.379171252251,8.00303649902,0.350389063358,-3.2563079003e-05,5.34062928637e-05,20,20,1.89662480354,-1.15128719807,41.5200233459,42.0000314713,40743.0309012,0.454982205605,0.452700343347,4.46834363909e-14,544505.45315
43.3583333333,0.379171252251,8.00303649902,0.350389063358,-3.2563079003e-05,5.34062928637e-05,20,20,1.89662480354,-1.15128719807,41.5200233459,42.0000314713,40743.0309012,0.454982205605,0.452700343347,9.67884351026e-14,544505.45315
43.3694444444,0.379171252251,8.00303649902,0.350389063358,-3.2563079003e-05,5.34062928637e-05,20,20,1.89662480354,-1.15128719807,41.5200233459,42.0000314713,40743.0309012,0.454982205605,0.452700343347,3.92386183531e-14,544505.45315
43.3805555556,0.379171252251,8.00303649902,0.350389063358,-3.2563079003e-05,5.34062928637e-05,20,20,1.89662480354,-1.15128719807,41.5200233459,42.0000314713,40743.0309012,0.454982205605,0.452700343347,5.94395828049e-14,544505.45315
43.3916666667,0.379171252251,8.00303649902,0.350389063358,-3.2563079003e-05,5.34062928637e-05,20,20,1.89662480354,-1.15128719807,41.5200233459,42.0000314713,40743.0309012,0.454982205605,0.452700343347,3.55704905817e-13,544505.45315
43.4027777778,0.379171252251,8.00303649902,0.350389063358,-3.2563079003e-05,5.34062928637e-05,20,20,1.89662480354,-1.15128719807,41.5200233459,42.0000314713,40743.0309012,0.454982205605,0.452700343347,2.78315012655e-13,544505.45315
43.4138888889,0.379171252251,8.00303649902,0.350389063358,-3.2563079003e-05,5.34062928637e-05,20,20,1.89662480354,-1.15128719807,41.5200233459,42.0000314713,40743.0309012,0.454982205605,0.452700343347,1.28350095647e-13,544505.45315
43.425,0.379171252251,8.00303649902,0.350389063358,-3.2563079003e-05,5.34062928637e-05,20,20,1.89662480354,-1.15128719807,41.5200233459,42.0000314713,40743.0309012,0.454982205605,0.452700343347,6.1465588727e-14,544505.45315
43.4361111111,0.379171252251,8.00303649902,0.350389063358,-3.2563079003e-05,5.34062928637e-05,20,20,1.89662480354,-1.15128719807,41.5200233459,42.0000314713,40743.0309012,0.454982205605,0.452700343347,3.31731396512e-13,544505.45315
43.4472222222,0.379171252251,8.00303649902,0.350389063358,-3.2563079003e-05,5.34062928637e-05,20,20,1.89662480354,-1.15128719807,41.5200233459,42.0000314713,40743.0309012,0.454982205605,0.452700343347,1.12866908144e-13,544505.45315
43.4583333333,0.379171252251,8.00303649902,0.350389063358,-3.2563079003e-05,5.34062928637e-05,20,20,1.89662480354,-1.15128719807,41.5200233459,42.0000314713,40743.0309012,0.454982205605,0.452700343347,1.72183709414e-13,544505.45315
43.4694444444,0.379171252251,8.00303649902,0.350389063358,-3.2563079003e-05,5.34062928637e-05,20,20,1.89662480354,-1.15128719807,41.5200233459,42.0000314713,40743.0309012,0.454982205605,0.452700343347,1.09341800328e-13,544505.45315
43.4805555556,0.379171252251,8.00303649902,0.350389063358,-3.2563079003e-05,5.34062928637e-05,20,20,1.89662480354,-1.15128719807,41.5200233459,42.0000314713,40743.0309012,0.454982205605,0.452700343347,1.3820694291e-13,544505.45315
43.4916666667,0.379171252251,8.00303649902,0.350389063358,-3.2563079003e-05,5.34062928637e-05,20,20,1.89662480354,-1.15128719807,41.5200233459,42.0000314713,40743.0309012,0.454982205605,0.452700343347,5.559590862e-14,544505.45315
43.5027777778,0.379171252251,8.00303649902,0.350389063358,-3.2563079003e-05,5.34062928637e-05,20,20,1.89662480354,-1.15128719807,41.5200233459,42.0000314713,40743.0309012,0.454982205605,0.452700343347,1.58554867323e-13,544505.45315
43.5138888889,0.379171252251,8.00303649902,0.350389063358,-3.2563079003e-05,5.34062928637e-05,20,20,1.89662480354,-1.15128719807,41.5200233459,42.0000314713,40743.0309012,0.454982205605,0.452700343347,5.94149511708e-14,544505.45315
43.525,0.379171252251,8.00303649902,0.350389063358,-3.2563079003e-05,5.34062928637e-05,20,20,1.89662480354,-1.15128719807,41.5200233459,42.0000314713,40743.0309012,0.454982205605,0.452700343347,1.04874342514e-13,544505.45315
43.5361111111,0.379171252251,8.00303649902,0.350389063358,-3.2563079003e-05,5.34062928637e-05,20,20,1.89662480354,-1.15128719807,41.5200233459,42.0000314713,40743.0309012,0.454982205605,0.452700343347,3.1980288429e-14,544505.45315
43.5472222222,0.379171252251,8.00303649902,0.350389063358,-3.2563079003e-05,5.34062928637e-05,20,20,1.89662480354,-1.15128719807,41.5200233459,42.0000314713,40743.0309012,0.454982205605,0.452700343347,3.67175420659e-14,544505.45315
43.5583333333,0.379171252251,8.00303649902,0.350389063358,-3.2563079003e-05,5.34062928637e-05,20,20,1.89662480354,-1.15128719807,41.5200233459,42.0000314713,40743.0309012,0.454982205605,0.452700343347,1.71004989521e-14,544505.45315
43.5694444444,0.379171252251,8.00303649902,0.350389063358,-3.2563079003e-05,5.34062928637e-05,20,20,1.89662480354,-1.15128719807,41.5200233459,42.0000314713,40743.0309012,0.454982205605,0.452700343347,1.77172625061e-13,544505.45315
43.5805555556,0.379171252251,8.00303649902,0.350389063358,-3.2563079003e-05,5.34062928637e-05,20,20,1.89662480354,-1.15128719807,41.5200233459,42.0000314713,40743.0309012,0.454982205605,0.452700343347,2.90808130342e-13,544505.45315
43.5916666667,0.379171252251,8.00303649902,0.350389063358,-3.2563079003e-05,5.34062928637e-05,20,20,1.89662480354,-1.15128719807,41.5200233459,42.0000314713,40743.0309012,0.454982205605,0.452700343347,1.99937280056e-13,544505.45315
43.6027777778,0.379171252251,8.00303649902,0.350389063358,-3.2563079003e-05,5.34062928637e-05,20,20,1.89662480354,-1.15128719807,41.5200233459,42.0000314713,40743.0309012,0.454982205605,0.452700343347,2.47349234427e-14,544505.45315
43.6138888889,0.379171252251,8.00303649902,0.350389063358,-3.2563079003e-05,5.34062928637e-05,20,20,1.89662480354,-1.15128719807,41.5200233459,42.0000314713,40743.0309012,0.454982205605,0.452700343347,2.40273585509e-14,544505.45315
43.625,0.379171252251,8.00303649902,0.350389063358,-3.2563079003e-05,5.34062928637e-05,20,20,1.89662480354,-1.15128719807,41.5200233459,42.0000314713,40743.0309012,0.454982205605,0.452700343347,1.67459981122e-14,544505.45315
43.6361111111,0.379171252251,8.00303649902,0.350389063358,-3.2563079003e-05,5.34062928637e-05,20,20,1.89662480354,-1.15128719807,41.5200233459,42.0000314713,40743.0309012,0.454982205605,0.452700343347,3.36963616515e-14,544505.45315
43.6472222222,0.379171252251,8.00303649902,0.350389063358,-3.2563079003e-05,5.34062928637e-05,20,20,1.89662480354,-1.15128719807,41.5200233459,42.0000314713,40743.0309012,0.454982205605,0.452700343347,3.18040775548e-14,544505.45315
43.6583333333,0.379171252251,8.00303649902,0.350389063358,-3.2563079003e-05,5.34062928637e-05,20,20,1.89662480354,-1.15128719807,41.5200233459,42.0000314713,40743.0309012,0.454982205605,0.452700343347,3.57414864523e-14,544505.45315
43.6694444444,0.379171252251,8.00303649902,0.350389063358,-3.2563079003e-05,5.34062928637e-05,20,20,1.89662480354,-1.15128719807,41.5200233459,42.0000314713,40743.0309012,0.454982205605,0.452700343347,4.13502297123e-14,544505.45315
43.6805555556,0.379171252251,8.00303649902,0.350389063358,-3.2563079003e-05,5.34062928637e-05,20,20,1.89662480354,-1.15128719807,41.5200233459,42.0000314713,40743.0309012,0.454982205605,0.452700343347,9.85701042567e-14,544505.45315
43.6916666667,0.379171252251,8.00303649902,0.350389063358,-3.2563079003e-05,5.34062928637e-05,20,20,1.89662480354,-1.15128719807,41.5200233459,42.0000314713,40743.0309012,0.454982205605,0.452700343347,5.47044216986e-14,544505.45315
43.7027777778,0.379171252251,8.00303649902,0.350389063358,-3.2563079003e-05,5.34062928637e-05,20,20,1.89662480354,-1.15128719807,41.5200233459,42.0000314713,40743.0309012,0.454982205605,0.452700343347,4.75047058116e-14,544505.45315
43.7138888889,0.379171252251,8.00303649902,0.350389063358,-3.2563079003e-05,5.34062928637e-05,20,20,1.89662480354,-1.15128719807,41.5200233459,42.0000314713,40743.0309012,0.454982205605,0.452700343347,6.9003418928e-14,544505.45315
43.725,0.379171252251,8.00303649902,0.350389063358,-3.2563079003e-05,5.34062928637e-05,20,20,1.89662480354,-1.15128719807,41.5200233459,42.0000314713,40743.0309012,0.454982205605,0.452700343347,6.03496795768e-14,544505.45315
43.7361111111,0.379171252251,8.00303649902,0.350389063358,-3.2563079003e-05,5.34062928637e-05,20,20,1.89662480354,-1.15128719807,41.5200233459,42.0000314713,40743.0309012,0.454982205605,0.452700343347,9.01841932032e-14,544505.45315
43.7472222222,0.379171252251,8.00303649902,0.350389063358,-3.2563079003e-05,5.34062928637e-05,20,20,1.89662480354,-1.15128719807,41.5200233459,42.0000314713,40743.0309012,0.454982205605,0.452700343347,7.22201417839e-14,544505.45315
43.7583333333,0.379171252251,8.00303649902,0.350389063358,-3.2563079003e-05,5.34062928637e-05,20,20,1.89662480354,-1.15128719807,41.5200233459,42.0000314713,40743.0309012,0.454982205605,0.452700343347,5.3564605572e-14,544505.45315
43.7694444444,0.379171252251,8.00303649902,0.350389063358,-3.2563079003e-05,5.34062928637e-05,20,20,1.89662480354,-1.15128719807,41.5200233459,42.0000314713,40743.0309012,0.454982205605,0.452700343347,7.49556373358e-14,544505.45315
43.7805555556,0.379171252251,8.00303649902,0.350389063358,-3.2563079003e-05,5.34062928637e-05,20,20,1.89662480354,-1.15128719807,41.5200233459,42.0000314713,40743.0309012,0.454982205605,0.452700343347,7.17514002162e-14,544505.45315
43.7916666667,0.379171252251,8.00303649902,0.350389063358,-3.2563079003e-05,5.34062928637e-05,20,20,1.89662480354,-1.15128719807,41.5200233459,42.0000314713,40743.0309012,0.454982205605,0.452700343347,9.26154768347e-14,544505.45315
43.8027777778,0.379171252251,8.00303649902,0.350389063358,-3.2563079003e-05,5.34062928637e-05,20,20,1.89662480354,-1.15128719807,41.5200233459,42.0000314713,40743.0309012,0.454982205605,0.452700343347,5.08930618166e-14,544505.45315
43.8138888889,0.379171252251,8.00303649902,0.350389063358,-3.2563079003e-05,5.34062928637e-05,20,20,1.89662480354,-1.15128719807,41.5200233459,42.0000314713,40743.0309012,0.454982205605,0.452700343347,1.26861591144e-14,544505.45315
43.825,0.379171252251,8.00303649902,0.350389063358,-3.2563079003e-05,5.34062928637e-05,20,20,1.89662480354,-1.15128719807,41.5200233459,42.0000314713,40743.0309012,0.454982205605,0.452700343347,2.23873359073e-14,544505.45315
43.8361111111,0.379171252251,8.00303649902,0.350389063358,-3.2563079003e-05,5.34062928637e-05,20,20,1.89662480354,-1.15128719807,41.5200233459,42.0000314713,40743.0309012,0.454982205605,0.452700343347,2.57599346916e-14,544505.45315
43.8472222222,0.379171252251,8.00303649902,0.350389063358,-3.2563079003e-05,5.34062928637e-05,20,20,1.89662480354,-1.15128719807,41.5200233459,42.0000314713,40743.0309012,0.454982205605,0.452700343347,3.33970373466e-14,544505.45315
43.8583333333,0.379171252251,8.00303649902,0.350389063358,-3.2563079003e-05,5.34062928637e-05,20,20,1.89662480354,-1.15128719807,41.5200233459,42.0000314713,40743.0309012,0.454982205605,0.452700343347,7.21653811358e-14,544505.45315
43.8694444444,0.379171252251,8.00303649902,0.350389063358,-3.2563079003e-05,5.34062928637e-05,20,20,1.89662480354,-1.15128719807,41.5200233459,42.0000314713,40743.0309012,0.454982205605,0.452700343347,2.25438620548e-13,544505.45315
43.8805555556,0.379171252251,8.00303649902,0.350389063358,-3.2563079003e-05,5.34062928637e-05,20,20,1.89662480354,-1.15128719807,41.5200233459,42.0000314713,40743.0309012,0.454982205605,0.452700343347,9.33733716045e-14,544505.45315
43.8916666667,0.379171252251,8.00303649902,0.350389063358,-3.2563079003e-05,5.34062928637e-05,20,20,1.89662480354,-1.15128719807,41.5200233459,42.0000314713,40743.0309012,0.454982205605,0.452700343347,1.18420662229e-13,544505.45315
43.9027777778,0.379171252251,8.00303649902,0.350389063358,-3.2563079003e-05,5.34062928637e-05,20,20,1.89662480354,-1.15128719807,41.5200233459,42.0000314713,40743.0309012,0.454982205605,0.452700343347,8.09713771737e-14,544505.45315
43.9138888889,0.379171252251,8.00303649902,0.350389063358,-3.2563079003e-05,5.34062928637e-05,20,20,1.89662480354,-1.15128719807,41.5200233459,42.0000314713,40743.0309012,0.454982205605,0.452700343347,9.7763667977e-15,544505.45315
43.925,0.379171252251,8.00303649902,0.350389063358,-3.2563079003e-05,5.34062928637e-05,20,20,1.89662480354,-1.15128719807,41.5200233459,42.0000314713,40743.0309012,0.454982205605,0.452700343347,2.03953215654e-14,544505.45315
43.9361111111,0.379171252251,8.00303649902,0.350389063358,-3.2563079003e-05,5.34062928637e-05,20,20,1.89662480354,-1.15128719807,41.5200233459,42.0000314713,40743.0309012,0.454982205605,0.452700343347,9.15761591165e-15,544505.45315
43.9472222222,0.379171252251,8.00303649902,0.350389063358,-3.2563079003e-05,5.34062928637e-05,20,20,1.89662480354,-1.15128719807,41.5200233459,42.0000314713,40743.0309012,0.454982205605,0.452700343347,3.59502602002e-14,544505.45315
43.9583333333,0.379171252251,8.00303649902,0.350389063358,-3.2563079003e-05,5.34062928637e-05,20,20,1.89662480354,-1.15128719807,41.5200233459,42.0000314713,40743.0309012,0.454982205605,0.452700343347,7.47903445561e-14,544505.45315
43.9694444444,0.379171252251,8.00303649902,0.350389063358,-3.2563079003e-05,5.34062928637e-05,20,20,1.89662480354,-1.15128719807,41.5200233459,42.0000314713,40743.0309012,0.454982205605,0.452700343347,4.44219276894e-14,544505.45315
43.9805555556,0.379171252251,8.00303649902,0.350389063358,-3.2563079003e-05,5.34062928637e-05,20,20,1.89662480354,-1.15128719807,41.5200233459,42.0000314713,40743.0309012,0.454982205605,0.452700343347,1.99910944111e-14,544505.45315
43.9916666667,0.379171252251,8.00303649902,0.350389063358,-3.2563079003e-05,5.34062928637e-05,20,20,1.89662480354,-1.15128719807,41.5200233459,42.0000314713,40743.0309012,0.454982205605,0.452700343347,2.33478926114e-14,544505.45315
44.0027777778,0.379171252251,8.00303649902,0.350389063358,-3.2563079003e-05,5.34062928637e-05,20,20,1.89662480354,-1.15128719807,41.5200233459,42.0000314713,40743.0309012,0.454982205605,0.452700343347,2.38676786342e-14,544505.45315
44.0138888889,0.379171252251,8.00303649902,0.350389063358,-3.2563079003e-05,5.34062928637e-05,20,20,1.89662480354,-1.15128719807,41.5200233459,42.0000314713,40743.0309012,0.454982205605,0.452700343347,1.25905592481e-13,544505.45315
44.025,0.379171252251,8.00303649902,0.350389063358,-3.2563079003e-05,5.34062928637e-05,20,20,1.89662480354,-1.15128719807,41.5200233459,42.0000314713,40743.0309012,0.454982205605,0.452700343347,6.67417804585e-14,544505.45315
44.0361111111,0.379171252251,8.00303649902,0.350389063358,-3.2563079003e-05,5.34062928637e-05,20,20,1.89662480354,-1.15128719807,41.5200233459,42.0000314713,40743.0309012,0.454982205605,0.452700343347,4.2752380668e-14,544505.45315
44.0472222222,0.379171252251,8.00303649902,0.350389063358,-3.2563079003e-05,5.34062928637e-05,20,20,1.89662480354,-1.15128719807,41.5200233459,42.0000314713,40743.0309012,0.454982205605,0.452700343347,5.2213078314e-15,544505.45315
44.0583333333,0.379171252251,8.00303649902,0.350389063358,-3.2563079003e-05,5.34062928637e-05,20,20,1.89662480354,-1.15128719807,41.5200233459,42.0000314713,40743.0309012,0.454982205605,0.452700343347,1.67203155098e-14,544505.45315
44.0694444444,0.379171252251,8.00303649902,0.350389063358,-3.2563079003e-05,5.34062928637e-05,20,20,1.89662480354,-1.15128719807,41.5200233459,42.0000314713,40743.0309012,0.454982205605,0.452700343347,4.50278158462e-14,544505.45315
44.0805555556,0.379171252251,8.00303649902,0.350389063358,-3.2563079003e-05,5.34062928637e-05,20,20,1.89662480354,-1.15128719807,41.5200233459,42.0000314713,40743.0309012,0.454982205605,0.452700343347,7.90572918393e-14,544505.45315
44.0916666667,0.379171252251,8.00303649902,0.350389063358,-3.2563079003e-05,5.34062928637e-05,20,20,1.89662480354,-1.15128719807,41.5200233459,42.0000314713,40743.0309012,0.454982205605,0.452700343347,1.39218408362e-14,544505.45315
44.1027777778,0.379171252251,8.00303649902,0.350389063358,-3.2563079003e-05,5.34062928637e-05,20,20,1.89662480354,-1.15128719807,41.5200233459,42.0000314713,40743.0309012,0.454982205605,0.452700343347,1.88839608916e-14,544505.45315
44.1138888889,0.379171252251,8.00303649902,0.350389063358,-3.2563079003e-05,5.34062928637e-05,20,20,1.89662480354,-1.15128719807,41.5200233459,42.0000314713,40743.0309012,0.454982205605,0.452700343347,4.81979919633e-14,544505.45315
44.125,0.379171252251,8.00303649902,0.350389063358,-3.2563079003e-05,5.34062928637e-05,20,20,1.89662480354,-1.15128719807,41.5200233459,42.0000314713,40743.0309012,0.454982205605,0.452700343347,7.68840771076e-14,544505.45315
44.1361111111,0.379171252251,8.00303649902,0.350389063358,-3.2563079003e-05,5.34062928637e-05,20,20,1.89662480354,-1.15128719807,41.5200233459,42.0000314713,40743.0309012,0.454982205605,0.452700343347,3.53215424672e-14,544505.45315
44.1472222222,0.379171252251,8.00303649902,0.350389063358,-3.2563079003e-05,5.34062928637e-05,20,20,1.89662480354,-1.15128719807,41.5200233459,42.0000314713,40743.0309012,0.454982205605,0.452700343347,1.95318783319e-13,544505.45315
44.1583333333,0.379171252251,8.00303649902,0.350389063358,-3.2563079003e-05,5.34062928637e-05,20,20,1.89662480354,-1.15128719807,41.5200233459,42.0000314713,40743.0309012,0.454982205605,0.452700343347,9.14430465099e-14,544505.45315
44.1694444444,0.379171252251,8.00303649902,0.350389063358,-3.2563079003e-05,5.34062928637e-05,20,20,1.89662480354,-1.15128719807,41.5200233459,42.0000314713,40743.0309012,0.454982205605,0.452700343347,9.91091903674e-14,544505.45315
44.1805555556,0.379171252251,8.00303649902,0.350389063358,-3.2563079003e-05,5.34062928637e-05,20,20,1.89662480354,-1.15128719807,41.5200233459,42.0000314713,40743.0309012,0.454982205605,0.452700343347,9.87205798289e-14,544505.45315
44.1916666667,0.379171252251,8.00303649902,0.350389063358,-3.2563079003e-05,5.34062928637e-05,20,20,1.89662480354,-1.15128719807,41.5200233459,42.0000314713,40743.0309012,0.454982205605,0.452700343347,2.34436637083e-14,544505.45315
44.2027777778,0.379171252251,8.00303649902,0.350389063358,-3.2563079003e-05,5.34062928637e-05,20,20,1.89662480354,-1.15128719807,41.5200233459,42.0000314713,40743.0309012,0.454982205605,0.452700343347,8.89956952626e-15,544505.45315
44.2138888889,0.379171252251,8.00303649902,0.350389063358,-3.2563079003e-05,5.34062928637e-05,20,20,1.89662480354,-1.15128719807,41.5200233459,42.0000314713,40743.0309012,0.454982205605,0.452700343347,2.10689533307e-14,544505.45315
44.225,0.379171252251,8.00303649902,0.350389063358,-3.2563079003e-05,5.34062928637e-05,20,20,1.89662480354,-1.15128719807,41.5200233459,42.0000314713,40743.0309012,0.454982205605,0.452700343347,5.9446792423e-14,544505.45315
44.2361111111,0.379171252251,8.00303649902,0.350389063358,-3.2563079003e-05,5.34062928637e-05,20,20,1.89662480354,-1.15128719807,41.5200233459,42.0000314713,40743.0309012,0.454982205605,0.452700343347,7.30011754636e-14,544505.45315
44.2472222222,0.379171252251,8.00303649902,0.350389063358,-3.2563079003e-05,5.34062928637e-05,20,20,1.89662480354,-1.15128719807,41.5200233459,42.0000314713,40743.0309012,0.454982205605,0.452700343347,1.29479883049e-13,544505.45315
44.2583333333,0.379171252251,8.00303649902,0.350389063358,-3.2563079003e-05,5.34062928637e-05,20,20,1.89662480354,-1.15128719807,41.5200233459,42.0000314713,40743.0309012,0.454982205605,0.452700343347,8.81775060954e-14,544505.45315
44.2694444444,0.379171252251,8.00303649902,0.350389063358,-3.2563079003e-05,5.34062928637e-05,20,20,1.89662480354,-1.15128719807,41.5200233459,42.0000314713,40743.0309012,0.454982205605,0.452700343347,9.32049377894e-14,544505.45315
44.2805555556,0.379171252251,8.00303649902,0.350389063358,-3.2563079003e-05,5.34062928637e-05,20,20,1.89662480354,-1.15128719807,41.5200233459,42.0000314713,40743.0309012,0.454982205605,0.452700343347,3.34595884098e-14,544505.45315
44.2916666667,0.379171252251,8.00303649902,0.350389063358,-3.2563079003e-05,5.34062928637e-05,20,20,1.89662480354,-1.15128719807,41.5200233459,42.0000314713,40743.0309012,0.454982205605,0.452700343347,6.27151592655e-14,544505.45315
44.3027777778,0.379171252251,8.00303649902,0.350389063358,-3.2563079003e-05,5.34062928637e-05,20,20,1.89662480354,-1.15128719807,41.5200233459,42.0000314713,40743.0309012,0.454982205605,0.452700343347,1.54355856737e-13,544505.45315
44.3138888889,0.379171252251,8.00303649902,0.350389063358,-3.2563079003e-05,5.34062928637e-05,20,20,1.89662480354,-1.15128719807,41.5200233459,42.0000314713,40743.0309012,0.454982205605,0.452700343347,1.78378242768e-13,544505.45315
44.325,0.379171252251,8.00303649902,0.350389063358,-3.2563079003e-05,5.34062928637e-05,20,20,1.89662480354,-1.15128719807,41.5200233459,42.0000314713,40743.0309012,0.454982205605,0.452700343347,8.27669051006e-14,544505.45315
44.3361111111,0.379171252251,8.00303649902,0.350389063358,-3.2563079003e-05,5.34062928637e-05,20,20,1.89662480354,-1.15128719807,41.5200233459,42.0000314713,40743.0309012,0.454982205605,0.452700343347,1.54174061057e-14,544505.45315
44.3472222222,0.379171252251,8.00303649902,0.350389063358,-3.2563079003e-05,5.34062928637e-05,20,20,1.89662480354,-1.15128719807,41.5200233459,42.0000314713,40743.0309012,0.454982205605,0.452700343347,4.94169363973e-14,544505.45315
44.3583333333,0.379171252251,8.00303649902,0.350389063358,-3.2563079003e-05,5.34062928637e-05,20,20,1.89662480354,-1.15128719807,41.5200233459,42.0000314713,40743.0309012,0.454982205605,0.452700343347,3.37185560689e-14,544505.45315
44.3694444444,0.379171252251,8.00303649902,0.350389063358,-3.2563079003e-05,5.34062928637e-05,20,20,1.89662480354,-1.15128719807,41.5200233459,42.0000314713,40743.0309012,0.454982205605,0.452700343347,2.07339376835e-14,544505.45315
44.3805555556,0.379171252251,8.00303649902,0.350389063358,-3.2563079003e-05,5.34062928637e-05,20,20,1.89662480354,-1.15128719807,41.5200233459,42.0000314713,40743.0309012,0.454982205605,0.452700343347,5.41242939243e-14,544505.45315
44.3916666667,0.379171252251,8.00303649902,0.350389063358,-3.2563079003e-05,5.34062928637e-05,20,20,1.89662480354,-1.15128719807,41.5200233459,42.0000314713,40743.0309012,0.454982205605,0.452700343347,1.6327973438e-13,544505.45315
44.4027777778,0.379171252251,8.00303649902,0.350389063358,-3.2563079003e-05,5.34062928637e-05,20,20,1.89662480354,-1.15128719807,41.5200233459,42.0000314713,40743.0309012,0.454982205605,0.452700343347,2.55117874503e-13,544505.45315
44.4138888889,0.379171252251,8.00303649902,0.350389063358,-3.2563079003e-05,5.34062928637e-05,20,20,1.89662480354,-1.15128719807,41.5200233459,42.0000314713,40743.0309012,0.454982205605,0.452700343347,8.30883789322e-14,544505.45315
44.425,0.379171252251,8.00303649902,0.350389063358,-3.2563079003e-05,5.34062928637e-05,20,20,1.89662480354,-1.15128719807,41.5200233459,42.0000314713,40743.0309012,0.454982205605,0.452700343347,2.69745732784e-14,544505.45315
44.4361111111,0.379171252251,8.00303649902,0.350389063358,-3.2563079003e-05,5.34062928637e-05,20,20,1.89662480354,-1.15128719807,41.5200233459,42.0000314713,40743.0309012,0.454982205605,0.452700343347,1.06643547226e-14,544505.45315
44.4472222222,0.379171252251,8.00303649902,0.350389063358,-3.2563079003e-05,5.34062928637e-05,20,20,1.89662480354,-1.15128719807,41.5200233459,42.0000314713,40743.0309012,0.454982205605,0.452700343347,1.36771811302e-14,544505.45315
44.4583333333,0.379171252251,8.00303649902,0.350389063358,-3.2563079003e-05,5.34062928637e-05,20,20,1.89662480354,-1.15128719807,41.5200233459,42.0000314713,40743.0309012,0.454982205605,0.452700343347,3.55729455397e-14,544505.45315
44.4694444444,0.379171252251,8.00303649902,0.350389063358,-3.2563079003e-05,5.34062928637e-05,20,20,1.89662480354,-1.15128719807,41.5200233459,42.0000314713,40743.0309012,0.454982205605,0.452700343347,1.03782668329e-13,544505.45315
44.4805555556,0.379171252251,8.00303649902,0.350389063358,-3.2563079003e-05,5.34062928637e-05,20,20,1.89662480354,-1.15128719807,41.5200233459,42.0000314713,40743.0309012,0.454982205605,0.452700343347,1.7146273089e-13,544505.45315
44.4916666667,0.379171252251,8.00303649902,0.350389063358,-3.2563079003e-05,5.34062928637e-05,20,20,1.89662480354,-1.15128719807,41.5200233459,42.0000314713,40743.0309012,0.454982205605,0.452700343347,5.38359609381e-13,544505.45315
44.5027777778,0.379171252251,8.00303649902,0.350389063358,-3.2563079003e-05,5.34062928637e-05,20,20,1.89662480354,-1.15128719807,41.5200233459,42.0000314713,40743.0309012,0.454982205605,0.452700343347,3.80379909057e-13,544505.45315
44.5138888889,0.379171252251,8.00303649902,0.350389063358,-3.2563079003e-05,5.34062928637e-05,20,20,1.89662480354,-1.15128719807,41.5200233459,42.0000314713,40743.0309012,0.454982205605,0.452700343347,1.47802557383e-13,544505.45315
44.525,0.379171252251,8.00303649902,0.350389063358,-3.2563079003e-05,5.34062928637e-05,20,20,1.89662480354,-1.15128719807,41.5200233459,42.0000314713,40743.0309012,0.454982205605,0.452700343347,4.71284427007e-14,544505.45315
44.5361111111,0.379171252251,8.00303649902,0.350389063358,-3.2563079003e-05,5.34062928637e-05,20,20,1.89662480354,-1.15128719807,41.5200233459,42.0000314713,40743.0309012,0.454982205605,0.452700343347,1.85247773552e-14,544505.45315
44.5472222222,0.379171252251,8.00303649902,0.350389063358,-3.2563079003e-05,5.34062928637e-05,20,20,1.89662480354,-1.15128719807,41.5200233459,42.0000314713,40743.0309012,0.454982205605,0.452700343347,5.72665555562e-14,544505.45315
44.5583333333,0.379171252251,8.00303649902,0.350389063358,-3.2563079003e-05,5.34062928637e-05,20,20,1.89662480354,-1.15128719807,41.5200233459,42.0000314713,40743.0309012,0.454982205605,0.452700343347,1.48672945627e-14,544505.45315
44.5694444444,0.379171252251,8.00303649902,0.350389063358,-3.2563079003e-05,5.34062928637e-05,20,20,1.89662480354,-1.15128719807,41.5200233459,42.0000314713,40743.0309012,0.454982205605,0.452700343347,1.61172746225e-14,544505.45315
44.5805555556,0.379171252251,8.00303649902,0.350389063358,-3.2563079003e-05,5.34062928637e-05,20,20,1.89662480354,-1.15128719807,41.5200233459,42.0000314713,40743.0309012,0.454982205605,0.452700343347,1.64173600061e-14,544505.45315
44.5916666667,0.379171252251,8.00303649902,0.350389063358,-3.2563079003e-05,5.34062928637e-05,20,20,1.89662480354,-1.15128719807,41.5200233459,42.0000314713,40743.0309012,0.454982205605,0.452700343347,8.73329216732e-14,544505.45315
44.6027777778,0.379171252251,8.00303649902,0.350389063358,-3.2563079003e-05,5.34062928637e-05,20,20,1.89662480354,-1.15128719807,41.5200233459,42.0000314713,40743.0309012,0.454982205605,0.452700343347,1.50517237507e-13,544505.45315
44.6138888889,0.379171252251,8.00303649902,0.350389063358,-3.2563079003e-05,5.34062928637e-05,20,20,1.89662480354,-1.15128719807,41.5200233459,42.0000314713,40743.0309012,0.454982205605,0.452700343347,8.45430838341e-14,544505.45315
44.625,0.379171252251,8.00303649902,0.350389063358,-3.2563079003e-05,5.34062928637e-05,20,20,1.89662480354,-1.15128719807,41.5200233459,42.0000314713,40743.0309012,0.454982205605,0.452700343347,1.10784518944e-13,544505.45315
44.6361111111,0.379171252251,8.00303649902,0.350389063358,-3.2563079003e-05,5.34062928637e-05,20,20,1.89662480354,-1.15128719807,41.5200233459,42.0000314713,40743.0309012,0.454982205605,0.452700343347,3.61178779798e-14,544505.45315
44.6472222222,0.379171252251,8.00303649902,0.350389063358,-3.2563079003e-05,5.34062928637e-05,20,20,1.89662480354,-1.15128719807,41.5200233459,42.0000314713,40743.0309012,0.454982205605,0.452700343347,4.02650383724e-14,544505.45315
44.6583333333,0.379171252251,8.00303649902,0.350389063358,-3.2563079003e-05,5.34062928637e-05,20,20,1.89662480354,-1.15128719807,41.5200233459,42.0000314713,40743.0309012,0.454982205605,0.452700343347,2.36393072143e-14,544505.45315
44.6694444444,0.379171252251,8.00303649902,0.350389063358,-3.2563079003e-05,5.34062928637e-05,20,20,1.89662480354,-1.15128719807,41.5200233459,42.0000314713,40743.0309012,0.454982205605,0.452700343347,1.18464610066e-13,544505.45315
44.6805555556,0.379171252251,8.00303649902,0.350389063358,-3.2563079003e-05,5.34062928637e-05,20,20,1.89662480354,-1.15128719807,41.5200233459,42.0000314713,40743.0309012,0.454982205605,0.452700343347,1.28689090806e-13,544505.45315
44.6916666667,0.379171252251,8.00303649902,0.350389063358,-3.2563079003e-05,5.34062928637e-05,20,20,1.89662480354,-1.15128719807,41.5200233459,42.0000314713,40743.0309012,0.454982205605,0.452700343347,5.96554237874e-14,544505.45315
44.7027777778,0.379171252251,8.00303649902,0.350389063358,-3.2563079003e-05,5.34062928637e-05,20,20,1.89662480354,-1.15128719807,41.5200233459,42.0000314713,40743.0309012,0.454982205605,0.452700343347,3.90978344377e-14,544505.45315
44.7138888889,0.379171252251,8.00303649902,0.350389063358,-3.2563079003e-05,5.34062928637e-05,20,20,1.89662480354,-1.15128719807,41.5200233459,42.0000314713,40743.0309012,0.454982205605,0.452700343347,1.40450099876e-13,544505.45315
44.725,0.379171252251,8.00303649902,0.350389063358,-3.2563079003e-05,5.34062928637e-05,20,20,1.89662480354,-1.15128719807,41.5200233459,42.0000314713,40743.0309012,0.454982205605,0.452700343347,4.05103433586e-14,544505.45315
44.7361111111,0.379171252251,8.00303649902,0.350389063358,-3.2563079003e-05,5.34062928637e-05,20,20,1.89662480354,-1.15128719807,41.5200233459,42.0000314713,40743.0309012,0.454982205605,0.452700343347,1.39101671204e-14,544505.45315
44.7472222222,0.379171252251,8.00303649902,0.350389063358,-3.2563079003e-05,5.34062928637e-05,20,20,1.89662480354,-1.15128719807,41.5200233459,42.0000314713,40743.0309012,0.454982205605,0.452700343347,8.51974538889e-15,544505.45315
44.7583333333,0.379171252251,8.00303649902,0.350389063358,-3.2563079003e-05,5.34062928637e-05,20,20,1.89662480354,-1.15128719807,41.5200233459,42.0000314713,40743.0309012,0.454982205605,0.452700343347,1.39899898395e-14,544505.45315
44.7694444444,0.379171252251,8.00303649902,0.350389063358,-3.2563079003e-05,5.34062928637e-05,20,20,1.89662480354,-1.15128719807,41.5200233459,42.0000314713,40743.0309012,0.454982205605,0.452700343347,8.42148351782e-14,544505.45315
44.7805555556,0.379171252251,8.00303649902,0.350389063358,-3.2563079003e-05,5.34062928637e-05,20,20,1.89662480354,-1.15128719807,41.5200233459,42.0000314713,40743.0309012,0.454982205605,0.452700343347,1.65643084703e-13,544505.45315
44.7916666667,0.379171252251,8.00303649902,0.350389063358,-3.2563079003e-05,5.34062928637e-05,20,20,1.89662480354,-1.15128719807,41.5200233459,42.0000314713,40743.0309012,0.454982205605,0.452700343347,1.70701940264e-13,544505.45315
44.8027777778,0.379171252251,8.00303649902,0.350389063358,-3.2563079003e-05,5.34062928637e-05,20,20,1.89662480354,-1.15128719807,41.5200233459,42.0000314713,40743.0309012,0.454982205605,0.452700343347,5.61236986914e-14,544505.45315
44.8138888889,0.379171252251,8.00303649902,0.350389063358,-3.2563079003e-05,5.34062928637e-05,20,20,1.89662480354,-1.15128719807,41.5200233459,42.0000314713,40743.0309012,0.454982205605,0.452700343347,4.15091851779e-14,544505.45315
44.825,0.379171252251,8.00303649902,0.350389063358,-3.2563079003e-05,5.34062928637e-05,20,20,1.89662480354,-1.15128719807,41.5200233459,42.0000314713,40743.0309012,0.454982205605,0.452700343347,2.01619029897e-14,544505.45315
44.8361111111,0.379171252251,8.00303649902,0.350389063358,-3.2563079003e-05,5.34062928637e-05,20,20,1.89662480354,-1.15128719807,41.5200233459,42.0000314713,40743.0309012,0.454982205605,0.452700343347,1.0221745211e-14,544505.45315
44.8472222222,0.379171252251,8.00303649902,0.350389063358,-3.2563079003e-05,5.34062928637e-05,20,20,1.89662480354,-1.15128719807,41.5200233459,42.0000314713,40743.0309012,0.454982205605,0.452700343347,2.34859155122e-14,544505.45315
44.8583333333,0.379171252251,8.00303649902,0.350389063358,-3.2563079003e-05,5.34062928637e-05,20,20,1.89662480354,-1.15128719807,41.5200233459,42.0000314713,40743.0309012,0.454982205605,0.452700343347,7.46980954816e-15,544505.45315
44.8694444444,0.379171252251,8.00303649902,0.350389063358,-3.2563079003e-05,5.34062928637e-05,20,20,1.89662480354,-1.15128719807,41.5200233459,42.0000314713,40743.0309012,0.454982205605,0.452700343347,8.09864946165e-14,544505.45315
44.8805555556,0.379171252251,8.00303649902,0.350389063358,-3.2563079003e-05,5.34062928637e-05,20,20,1.89662480354,-1.15128719807,41.5200233459,42.0000314713,40743.0309012,0.454982205605,0.452700343347,7.7856415241e-14,544505.45315
44.8916666667,0.379171252251,8.00303649902,0.350389063358,-3.2563079003e-05,5.34062928637e-05,20,20,1.89662480354,-1.15128719807,41.5200233459,42.0000314713,40743.0309012,0.454982205605,0.452700343347,9.75382267783e-14,544505.45315
44.9027777778,0.379171252251,8.00303649902,0.350389063358,-3.2563079003e-05,5.34062928637e-05,20,20,1.89662480354,-1.15128719807,41.5200233459,42.0000314713,40743.0309012,0.454982205605,0.452700343347,7.81945973785e-15,544505.45315
44.9138888889,0.379171252251,8.00303649902,0.350389063358,-3.2563079003e-05,5.34062928637e-05,20,20,1.89662480354,-1.15128719807,41.5200233459,42.0000314713,40743.0309012,0.454982205605,0.452700343347,5.16500610798e-14,544505.45315
44.925,0.379171252251,8.00303649902,0.350389063358,-3.2563079003e-05,5.34062928637e-05,20,20,1.89662480354,-1.15128719807,41.5200233459,42.0000314713,40743.0309012,0.454982205605,0.452700343347,8.11075800801e-14,544505.45315
44.9361111111,0.379171252251,8.00303649902,0.350389063358,-3.2563079003e-05,5.34062928637e-05,20,20,1.89662480354,-1.15128719807,41.5200233459,42.0000314713,40743.0309012,0.454982205605,0.452700343347,5.65165392049e-14,544505.45315
44.9472222222,0.379171252251,8.00303649902,0.350389063358,-3.2563079003e-05,5.34062928637e-05,20,20,1.89662480354,-1.15128719807,41.5200233459,42.0000314713,40743.0309012,0.454982205605,0.452700343347,1.49671377674e-13,544505.45315
44.9583333333,0.379171252251,8.00303649902,0.350389063358,-3.2563079003e-05,5.34062928637e-05,20,20,1.89662480354,-1.15128719807,41.5200233459,42.0000314713,40743.0309012,0.454982205605,0.452700343347,6.60933072871e-14,544505.45315
44.9694444444,0.379171252251,8.00303649902,0.350389063358,-3.2563079003e-05,5.34062928637e-05,20,20,1.89662480354,-1.15128719807,41.5200233459,42.0000314713,40743.0309012,0.454982205605,0.452700343347,2.43014843799e-14,544505.45315
44.9805555556,0.379171252251,8.00303649902,0.350389063358,-3.2563079003e-05,5.34062928637e-05,20,20,1.89662480354,-1.15128719807,41.5200233459,42.0000314713,40743.0309012,0.454982205605,0.452700343347,5.83301037237e-14,544505.45315
44.9916666667,0.379171252251,8.00303649902,0.350389063358,-3.2563079003e-05,5.34062928637e-05,20,20,1.89662480354,-1.15128719807,41.5200233459,42.0000314713,40743.0309012,0.454982205605,0.452700343347,4.96968818623e-14,544505.45315
